Date (aggregated based on UTC),Raw_Moderated_cph,Raw_Mod_Coeff_of_Var,Raw_Mod_sqrt,Corrected_Mod_cph_for_Des,SWC_Des_cm3_cm3,Corrected_Mod_cph_for_UTS,SWC_UTS_cm3_cm3,Rhov_g_cm3,BaroPress_mb,SWC_5,SWC_10,SWC_20,SWC_50,WeightedTDR_SWC,WeightedTDR_SD,WeightedTDR_SE,sT_5,sT_10,sT_20,sT_50,PRISM_ppt_mm,BaroPress,airRH,airT
2023-07-01,4866.45652173913,0.010137498995547506,98.6515590394716,,,2297.5969740335386,3.0517578125e-05,,808.5652173913044,0.06617391304347826,0.08,0.0731304347826087,0.10034782608695654,0.07415446912347365,0.0,0.0,14.417391304347827,13.623913043478263,12.950000000000001,11.856521739130434,,808.5652173913044,,
2023-07-02,4947.25,0.01005394668780504,99.46855472423242,,,2313.558529266118,3.0517578125e-05,,807.4770833333333,0.06566666666666666,0.08010416666666667,0.07235416666666666,0.097125,0.07363023305265243,0.000604554169552192,0.0003011017867314441,17.377083333333335,15.647916666666667,13.616666666666667,11.858333333333334,0.0,807.4770833333333,,
2023-07-03,4983.479166666667,0.010017692936569662,99.83089024247829,,,2328.49321140204,3.0517578125e-05,,806.69375,0.06389583333333333,0.07958333333333334,0.07154166666666666,0.09620833333333334,0.07251983437588047,0.0018850767952771456,0.0009388736688465292,18.020833333333332,16.247916666666665,14.143749999999999,12.1,0.0,806.69375,,
2023-07-04,5003.0,0.009998473358643145,100.02507771869024,,,2306.390307528032,3.0517578125e-05,,804.9854166666668,0.06241666666666667,0.07870833333333334,0.0704375,0.09514583333333333,0.07134139503445817,0.0032440645816481954,0.0016157255892056805,16.20625,15.302083333333334,13.960416666666667,12.245833333333332,0.0,804.9854166666668,,
2023-07-05,5031.854166666667,0.0099698197016054,100.31292118161498,,,2323.6296260338913,3.0517578125e-05,,805.1895833333333,0.06183333333333333,0.077875,0.06975,0.09441666666666666,0.07064599838383852,0.004046002807619891,0.0020151356749341124,16.099999999999998,15.060416666666667,13.829166666666666,12.272916666666667,0.77779996,805.1895833333333,,
2023-07-06,5122.6875,0.009881786870654843,101.21168611901174,,,2348.031404840053,3.0517578125e-05,,804.7937499999999,0.06125,0.07747916666666667,0.06916666666666667,0.093625,0.07011153149585571,0.004662355255690529,0.0023221136641982274,16.952083333333334,15.46875,13.970833333333333,12.3375,0.0,804.7937499999999,,
2023-07-07,5228.625,0.009781530128854094,102.25156915858194,,,2363.297094303967,3.0517578125e-05,,803.1583333333333,0.060145833333333336,0.07704166666666666,0.06835416666666667,0.09268749999999999,0.0692961291820381,0.005602685187411401,0.00279045055908382,18.622916666666665,16.720833333333335,14.606250000000001,12.541666666666666,0.0,803.1583333333333,,
2023-07-08,5262.75,0.009749328951238173,102.5863220296087,,,2370.1489358791127,3.0517578125e-05,,802.4104166666666,0.058666666666666666,0.07610416666666667,0.06754166666666667,0.09229166666666666,0.06819824836557595,0.006868772094067451,0.003421032645770615,18.129166666666666,16.4375,14.652083333333332,12.720833333333333,0.0,802.4104166666666,,
2023-07-09,5281.208333333333,0.009731855326431548,102.76750742354061,,,2420.978716439275,3.0517578125e-05,,804.6520833333334,0.057291666666666664,0.07520833333333334,0.06675,0.090875,0.06710060325965676,0.008134587177017554,0.004051479349049836,18.69148936170213,16.820833333333333,14.920833333333334,12.875,0.0,804.6520833333334,,
2023-07-10,5260.958333333333,0.009749734643815842,102.57323401739914,,,2420.0473944753026,3.0517578125e-05,,805.6583333333333,0.05577083333333333,0.07479166666666666,0.06604166666666667,0.09006249999999999,0.0661532312999162,0.00922710579650284,0.004595614721746147,19.410416666666666,17.3625,15.202083333333334,13.020833333333334,0.0,805.6583333333333,,
2023-07-11,5204.020833333333,0.009803141829382264,102.01593314353319,,,2413.895262730674,3.0517578125e-05,,806.6604166666666,0.05445833333333333,0.07366666666666666,0.06529166666666668,0.08833333333333333,0.06499670335451375,0.01056082514645409,0.005259881547605747,18.997916666666665,17.097916666666666,15.220833333333333,13.154166666666667,0.0,806.6604166666666,,
2023-07-12,5165.75,0.009839074428763596,101.64117974026493,,,2391.7919908546273,3.0517578125e-05,,806.4729166666666,0.053625,0.073375,0.06475,0.08850000000000001,0.06446023506810726,0.011179485626782174,0.005568009066013075,20.10625,17.85,15.566666666666668,13.302083333333334,0.0,806.4729166666666,,
2023-07-13,5305.708333333333,0.009708998516821185,103.00690390871218,,,2421.9060791953,3.0517578125e-05,,805.7270833333333,0.052395833333333336,0.07266666666666666,0.06441666666666666,0.08718749999999999,0.06358583653139498,0.012187850580364357,0.006070231206712004,20.048936170212766,18.0,15.86875,13.533333333333333,0.0,805.7270833333333,,
2023-07-14,5352.875,0.009665665495978628,103.46539418761427,,,2427.3388301358136,3.0517578125e-05,,806.2354166666668,0.051312500000000004,0.072125,0.06377083333333333,0.0869375,0.06282053743773829,0.013070400988045952,0.006509790667248569,20.882978723404257,18.664583333333333,16.3,13.775,0.0,806.2354166666668,,
2023-07-15,5226.270833333333,0.009783218126106186,102.23037352689812,,,2458.0021529468336,3.0517578125e-05,,808.4770833333333,0.049749999999999996,0.07104166666666667,0.062875,0.0845,0.061504253765836535,0.014588352205929718,0.007265815266689389,19.825531914893617,17.972916666666666,16.152083333333334,13.924999999999999,0.0,808.4770833333333,,
2023-07-16,5187.166666666667,0.009819580424439835,101.84875594479314,,,2474.452150820153,3.0517578125e-05,,809.9479166666666,0.04864583333333333,0.0705,0.0624375,0.0873125,0.0609541260617478,0.01522276486046535,0.007581788248808116,20.163829787234043,18.095833333333335,16.129166666666666,13.991666666666667,0.0,809.9479166666666,,
2023-07-17,5157.6875,0.009847888170096386,101.55791691367484,,,2470.3307718238443,3.0517578125e-05,,809.1833333333334,0.04777083333333334,0.06991666666666667,0.0619375,0.088625,0.06038179987624647,0.015882777021106475,0.007910511216645271,20.77659574468085,18.525000000000002,16.320833333333333,14.075000000000001,0.0,809.1833333333334,,
2023-07-18,5258.729166666667,0.009751599225464425,102.55220148586129,,,2481.8535999357036,3.0517578125e-05,,807.5354166666666,0.04677083333333334,0.06945833333333333,0.06177083333333333,0.08718749999999999,0.059709351042591285,0.016658251599877667,0.008296740926062009,21.510416666666668,19.181250000000002,16.704166666666666,14.225,0.0,807.5354166666666,,
2023-07-19,5112.833333333333,0.009890178224012556,101.11816131434823,,,2427.115409041516,3.0517578125e-05,,809.7937499999999,0.04595833333333333,0.06856250000000001,0.0613125,0.0869375,0.058977778837115455,0.01750190782989648,0.008716928910926859,20.443749999999998,18.51875,16.547916666666666,14.362499999999999,0.0,809.7937499999999,,
2023-07-20,5000.770833333333,0.010002302537250143,99.9974807527821,,,2362.1461505338334,3.0517578125e-05,,810.2479166666667,0.04574999999999999,0.06852083333333334,0.0610625,0.08610416666666666,0.058778281693767497,0.017731969888838413,0.008831512682729878,20.443749999999998,18.704166666666666,16.770833333333332,14.497916666666667,2.7012,810.2479166666667,,
2023-07-21,5039.145833333333,0.009963549460573257,100.38239243842735,,,2399.1923787620926,3.0517578125e-05,,810.7375000000001,0.04564583333333333,0.06783333333333334,0.06066666666666667,0.08602083333333332,0.05842347601854652,0.01814113526732831,0.009035299924199427,19.082978723404256,17.8125,16.40625,14.545833333333334,0.3581,810.7375000000001,,
2023-07-22,5216.958333333333,0.009791314985797352,102.14146234850152,,,2459.3172540525825,3.0517578125e-05,,810.1208333333334,0.04574999999999999,0.06775,0.060395833333333336,0.08574999999999999,0.058365067043080726,0.01820849306970502,0.009068847876835257,20.48723404255319,18.535416666666666,16.608333333333334,14.577083333333333,0.0,810.1208333333334,,
2023-07-23,5261.708333333333,0.009749504549908182,102.57890247819039,,,2480.258508650014,3.0517578125e-05,,809.6833333333334,0.0449375,0.06731250000000001,0.0599375,0.08368750000000001,0.05767660649317054,0.019002432516428705,0.009464274123158478,20.872916666666665,18.783333333333335,16.777083333333334,14.672916666666666,0.0,809.6833333333334,,
2023-07-24,5218.833333333333,0.009788970308804365,102.16186211071276,,,2484.0050253051286,3.0517578125e-05,,810.7270833333333,0.04397916666666666,0.06654166666666667,0.0595625,0.08220833333333334,0.056872562321585836,0.0199296641273215,0.009926087321735041,19.245833333333334,18.029166666666665,16.541666666666668,14.695833333333333,0.0,810.7270833333333,,
2023-07-25,5174.791666666667,0.009830722402880012,101.72924429231911,,,2458.336399406621,3.0517578125e-05,,810.2624999999999,0.04389583333333333,0.06622916666666667,0.059,0.08402083333333334,0.056724006089264194,0.020100980628916524,0.010011412520575455,20.027083333333334,18.227083333333333,16.435416666666665,14.660416666666665,0.0,810.2624999999999,,
2023-07-26,5107.291666666667,0.009895442757999352,101.06368226967027,,,2446.339591055837,3.0517578125e-05,,810.56875,0.043583333333333335,0.06583333333333334,0.059,0.08304166666666667,0.0564115955381615,0.020461255535191788,0.010190849572633734,19.612765957446808,18.254166666666666,16.59375,14.714583333333332,1.1991,810.56875,,
2023-07-27,5061.416666666667,0.009941242674253632,100.60521002741591,,,2415.501827922419,3.0517578125e-05,,809.8249999999999,0.043000000000000003,0.06522916666666667,0.058625000000000003,0.08245833333333334,0.05586566521362346,0.02109082773053393,0.0105044117353666,17.554166666666667,16.954166666666666,16.060416666666665,14.679166666666667,1.9588,809.8249999999999,,
2023-07-28,5143.270833333333,0.009860683330820314,101.41933320655558,,,2432.0488383815114,3.0517578125e-05,,809.0375,0.0436875,0.06533333333333334,0.058416666666666665,0.08297916666666667,0.05616339623936897,0.020747481396624596,0.010333406059093836,19.3,17.65625,16.054166666666667,14.558333333333332,0.0009,809.0375,,
2023-07-29,5163.1875,0.009841622588302209,101.61561027687885,,,2468.9217399486192,3.0517578125e-05,,810.4375,0.043500000000000004,0.06520833333333333,0.0584375,0.08189583333333333,0.05598796640653314,0.02094978879744615,0.010434166458945987,19.789583333333333,18.283333333333335,16.485416666666666,14.637500000000001,0.0611,810.4375,,
2023-07-30,5094.958333333333,0.009907464706323732,100.94140283663229,,,2432.6302451019415,3.0517578125e-05,,810.56875,0.043104166666666666,0.06481250000000001,0.058,0.08168750000000001,0.055594278509168316,0.021403793535199705,0.010660286209014694,19.647916666666667,18.022916666666667,16.3625,14.702083333333333,0.0634,810.56875,,
2023-07-31,5001.914893617021,0.010000156500607687,100.0122167402325,2553.249725744448,0.06472141722628477,2362.885175091327,0.004953587308843085,1.0432015579634736e-05,810.1291666666666,0.043270833333333335,0.06447916666666667,0.057875,0.080875,0.055478871577002806,0.0215368819392971,0.010726571677356836,18.558333333333334,17.4875,16.227083333333333,14.71875,7.066,810.1291666666666,39.625,27.7
2023-08-01,4997.1875,0.01000436332561565,99.96671207366121,,,2366.4117167420227,3.0517578125e-05,,809.8166666666666,0.04420833333333333,0.06454166666666666,0.05791666666666667,0.07816666666666666,0.05572780650939066,0.021249807737999737,0.010583592670199933,18.891666666666666,17.908333333333335,16.485416666666666,14.770833333333334,0.9995,809.8166666666666,,
2023-08-02,4794.270833333333,0.010215979536843932,97.90932970436347,,,2331.357315109569,3.0517578125e-05,,809.8791666666666,0.04464583333333333,0.06435416666666667,0.057625,0.07908333333333334,0.05583514812476288,0.02112602033619412,0.01052193962116692,17.939583333333335,17.087500000000002,16.166666666666668,14.80625,8.135799,809.8791666666666,,
2023-08-03,4577.291666666667,0.010458088750371306,95.6593901415175,,,2190.642091438351,3.0517578125e-05,,808.84375,0.04877083333333334,0.06466666666666666,0.05758333333333334,0.079625,0.05762472131132958,0.01906226701612421,0.00949407505031087,17.239583333333332,17.006249999999998,16.202083333333334,14.799999999999999,14.1138,808.84375,,
2023-08-04,4586.6875,0.01045251134485154,95.74560712426243,2304.5186159160958,0.14518821973954993,2200.9797277826183,0.04701360066731771,8.232811106641706e-06,808.4395833333333,0.05327083333333333,0.06502083333333333,0.05727083333333333,0.07897916666666667,0.059452214951541266,0.01695478345764,0.00844443037506733,16.3875,15.977083333333333,15.539583333333333,14.674999999999999,4.6724997,808.4395833333333,51.98571428571429,20.676190476190477
2023-08-05,4704.145833333333,0.01031108231935272,96.99192535717229,2387.3013000707356,0.1025360170231152,2285.507445774206,0.07962417602539062,8.247885532825296e-06,808.4166666666666,0.05510416666666667,0.06579166666666668,0.057958333333333334,0.07922916666666667,0.06060370162824998,0.015626877748104315,0.007783059067268316,17.529166666666665,16.868750000000002,15.785416666666668,14.587499999999999,0.0,808.4166666666666,57.86666666666667,18.1125
2023-08-06,4767.395833333333,0.010243654224981533,97.63794432973236,2416.406583425367,0.09531724096162958,2321.170022273636,0.0733782450358073,7.601726157246181e-06,807.9895833333334,0.05545833333333333,0.06597916666666667,0.058,0.07927083333333333,0.06081899581854827,0.015378598379953817,0.00765940205665826,17.83125,16.897916666666667,15.795833333333334,14.6,0.0,807.9895833333334,52.72291666666666,18.591666666666665
2023-08-07,4876.520833333333,0.01012757764136371,98.75175214568573,2456.802040142374,0.08552872334188379,2372.145636915688,0.0648956298828125,6.616544223087191e-06,808.0145833333332,0.05554166666666666,0.06602083333333333,0.058,0.07843750000000001,0.06081738724223397,0.015380453405908689,0.007660325963327962,18.359574468085107,17.33125,16.002083333333335,14.622916666666667,0.0,808.0145833333332,48.824999999999996,18.333333333333332
2023-08-08,5023.291666666667,0.009979286848734798,100.22426353024763,2481.4196874534036,0.08005533080283717,2404.4971083240803,0.060025533040364586,5.932888173456117e-06,806.1833333333334,0.05475,0.06564583333333333,0.057729166666666665,0.07883333333333332,0.06034146288873801,0.015929294030031887,0.007933679288600212,17.720833333333335,17.085416666666667,15.997916666666667,14.666666666666666,0.0,806.1833333333334,48.393750000000004,16.789583333333333
2023-08-09,5067.979166666667,0.009935192502826084,100.66905417914653,2493.2968470702676,0.07746370135694611,2419.139801685455,0.05790074666341146,5.686599662806436e-06,805.6875,0.05333333333333334,0.06477083333333333,0.05727083333333333,0.07870833333333334,0.059380149550738455,0.017037889983422438,0.008485822072722266,16.474999999999998,15.86875,15.341666666666667,14.520833333333334,0.0,805.6875,46.07916666666667,16.608333333333334
2023-08-10,5207.6875,0.009799578282536416,102.05224117010317,2523.892766274176,0.07082809437942635,2444.6124056705926,0.05413818359375,6.008019321311838e-06,805.1916666666666,0.05322916666666666,0.06495833333333334,0.057229166666666664,0.077,0.05929027021086297,0.01714153971815588,0.008537445437334236,18.072916666666668,16.962500000000002,15.560416666666667,14.387500000000001,0.0,805.1916666666666,42.862500000000004,18.052083333333332
2023-08-11,5089.229166666667,0.009912742987322512,100.88564704661064,2509.406319767469,0.0737690765099225,2403.168935100386,0.060000101725260414,8.187604447160574e-06,807.3249999999999,0.052312500000000005,0.06479166666666668,0.05710416666666667,0.0766875,0.05882118997723932,0.017682487636233053,0.008806867753588115,17.881249999999998,17.052083333333332,15.747916666666667,14.433333333333332,0.89559996,807.3249999999999,58.15,17.879166666666666
2023-08-12,5117.854166666667,0.009885094794109936,101.16857612493953,2519.826662821642,0.07162620694268172,2405.6484759495293,0.059674580891927086,8.796242184992716e-06,808.0833333333334,0.051354166666666666,0.06447916666666667,0.056729166666666664,0.0766875,0.05825307271845658,0.018337646021373617,0.009133173269773759,17.789583333333333,16.98125,15.741666666666667,14.460416666666667,0.0,808.0833333333334,59.802083333333336,17.841666666666665
2023-08-13,5026.791666666667,0.009975349423790069,100.26073330966284,2475.591558683415,0.08136026996850201,2357.9159570421507,0.06722132364908855,9.254160777858722e-06,808.4729166666666,0.050104166666666665,0.06404166666666666,0.056791666666666664,0.07629166666666666,0.05759613139074459,0.019095237192460503,0.009510496042016314,16.204166666666666,15.81875,15.410416666666668,14.456249999999999,0.091699995,808.4729166666666,73.57083333333334,16.3125
2023-08-14,5081.75,0.009920819399276892,100.80882173882968,2507.116704744851,0.07438965725735107,2417.9758950185,0.057895660400390625,6.82399419855389e-06,810.6458333333334,0.049875,0.06404166666666666,0.056562499999999995,0.07764583333333333,0.05753435234451732,0.01916648139343497,0.009545979638504542,17.447916666666668,16.477083333333333,15.46875,14.383333333333333,0.0,810.6458333333334,47.487500000000004,18.35625
2023-08-15,5011.916666666667,0.009990288055186373,100.1118104537364,2507.738660490018,0.0742439373032853,2409.2157422739992,0.059192657470703125,7.573879384644761e-06,812.2916666666666,0.04960416666666667,0.064125,0.05685416666666667,0.07797916666666667,0.05753357259598069,0.01916738060708176,0.009546427497190063,18.337500000000002,17.1375,15.74375,14.429166666666667,0.0,812.2916666666666,51.270833333333336,19.489583333333332
2023-08-16,5152.708333333333,0.009851874534004377,101.5115713660498,2539.4921585329466,0.0675943294286014,2427.440467636,0.056490580240885414,8.549240276777576e-06,810.3000000000001,0.0489375,0.06439583333333333,0.056729166666666664,0.07760416666666667,0.05730423078948728,0.019431859823765628,0.009678152938362411,19.220833333333335,17.900000000000002,16.164583333333333,14.543750000000001,0.0,810.3000000000001,50.76666666666667,20.712500000000002
2023-08-17,4833.3125,0.010173791291945322,98.30985347651323,2386.03746117495,0.10308455815823216,2261.0589231170743,0.0843658447265625,1.0232075812453247e-05,809.1666666666666,0.05810416666666667,0.08812500000000001,0.056125,0.07585416666666667,0.06850208970749198,0.006518379283725494,0.003246517430153188,17.25,16.681250000000002,15.908333333333333,14.652083333333332,5.5842,809.1666666666666,68.17708333333333,18.8
2023-08-18,4915.270833333333,0.010088056323773268,99.14183465522483,2404.6278056364044,0.09807492092123264,2283.917440321248,0.08010355631510417,9.812054845800544e-06,808.1166666666667,0.058145833333333334,0.07943750000000001,0.05660416666666667,0.07483333333333332,0.0657311694021807,0.009713831709287508,0.004838031446944672,18.358333333333334,17.70625,16.322916666666668,14.720833333333333,0.0,808.1166666666667,58.35,20.349999999999998
2023-08-19,4794.333333333333,0.010214477150408284,97.91456897462592,2369.4551531441166,0.10728155132419964,2250.377352499748,0.08642069498697917,9.806042651729915e-06,808.49375,0.06291666666666666,0.07460416666666667,0.05666666666666667,0.07716666666666666,0.0662324222336721,0.009135782036354357,0.0045501303818199,17.474999999999998,16.912499999999998,16.110416666666666,14.847916666666668,2.9601,808.49375,67.63541666666667,18.8125
2023-08-20,4906.229166666667,0.010096803935145645,99.0522956829562,2425.262039324847,0.09290551990454611,2326.09990758713,0.07245635986328125,7.911968042197364e-06,808.225,0.060395833333333336,0.07245833333333333,0.057041666666666664,0.07520833333333334,0.06448089918421254,0.011155655565771708,0.0055561403629099506,18.114583333333332,17.35625,16.2375,14.862499999999999,0.0,808.225,50.07708333333333,20.927083333333332
2023-08-21,4963.5,0.010038674858327015,99.62781255487506,2465.4886396036145,0.0835564292177967,2383.3808294575806,0.06313451131184895,6.38286344982872e-06,810.0124999999999,0.057791666666666665,0.07041666666666667,0.05727083333333333,0.07433333333333332,0.06276219576151347,0.013137681180279052,0.006543299965692457,17.7625,17.108333333333334,16.306250000000002,14.9625,0.0,810.0124999999999,44.199999999999996,19.497916666666665
2023-08-22,4968.854166666667,0.01003288163331764,99.68279587126426,2493.284683503996,0.07737823472765232,2395.2851432744064,0.06129582722981771,7.579970429757247e-06,811.1041666666666,0.056562499999999995,0.06954166666666667,0.057229166666666664,0.07658333333333334,0.062104056616226797,0.013896653686320634,0.006921310719994985,18.077083333333334,17.410416666666666,16.308333333333334,14.958333333333334,0.0,811.1041666666666,47.71666666666667,19.64375
2023-08-23,4950.1875,0.010051894291611923,99.49496305587184,2500.3822312345555,0.07587385697640654,2382.26420159795,0.06327184041341145,9.179683479539776e-06,810.9229166666668,0.05516666666666667,0.068125,0.056625,0.0769375,0.06097186363129192,0.015202309721602388,0.007571600445680334,17.370833333333334,16.691666666666666,15.9375,14.918750000000001,0.8815,810.9229166666668,62.50833333333333,18.45
2023-08-24,4582.5625,0.0104500706726222,95.72061065863151,2307.5343609454726,0.12515558049807657,2172.391553742105,0.10335159301757812,1.1528872158287136e-05,809.3104166666667,0.09458333333333334,0.11935416666666666,0.057,0.07533333333333332,0.09355213230238067,0.0223695750962098,0.011141299438694052,17.445833333333333,17.016666666666666,16.118750000000002,14.891666666666667,5.5164,809.3104166666667,83.36458333333333,17.264583333333334
2023-08-25,4225.979166666667,0.01087832296178831,91.93166760844474,2149.7370428533636,0.1804991868744391,2009.2718084232456,0.14804204305013022,1.29460649255665e-05,810.2979166666668,0.14166666666666666,0.17454166666666668,0.059395833333333335,0.07454166666666666,0.13099223490346568,0.06554586798366892,0.032645507973859456,17.23125,16.958333333333332,16.233333333333334,14.966666666666667,10.467899,810.2979166666668,95.16041666666666,16.039583333333333
2023-08-26,4171.083333333333,0.0109503700418016,91.33066782688786,2133.9854899249417,0.18727336534423258,2001.8801633450876,0.15059916178385416,1.2225742546363074e-05,810.7708333333334,0.13945833333333335,0.16308333333333333,0.0618125,0.075,0.12690830848549733,0.060836244053634,0.03029985186629,17.131249999999998,16.783333333333335,16.239583333333332,15.049999999999999,4.8491,810.7708333333334,85.66875,17.389583333333334
2023-08-27,4322.041666666667,0.010757843095596006,92.9674858357901,2184.9330839045074,0.1667208746203155,2065.197259927097,0.13079706827799478,1.0727598963324596e-05,810.5166666666668,0.13122916666666667,0.1515,0.06289583333333333,0.075,0.12004393508512763,0.05292018144074316,0.02635720997137931,17.658333333333335,17.285416666666666,16.5125,15.127083333333333,2.2272,810.5166666666668,71.82916666666667,18.3625
2023-08-28,4452.416666666667,0.010598897763623374,94.36008191300549,2230.9748851971417,0.14992043271838415,2117.78921808974,0.1167004903157552,9.908361975380558e-06,809.9270833333334,0.12114583333333333,0.13889583333333333,0.06360416666666667,0.075,0.11201916687295278,0.043665940169705826,0.021748080265736526,17.364583333333332,17.070833333333333,16.48125,15.2125,2.1106,809.9270833333334,63.24375,19.318749999999998
2023-08-29,4523.416666666667,0.01051554917420206,95.10897735213247,2277.0277507138294,0.13412968395875255,2186.400267431932,0.0997772216796875,7.679420869706441e-06,811.2791666666667,0.11047916666666667,0.12614583333333332,0.06352083333333333,0.075,0.10354354309472417,0.03389176784566668,0.01687999581803652,15.8375,15.983333333333334,16.064583333333335,15.216666666666667,0.7333,811.2791666666667,57.99166666666667,17.333333333333332
2023-08-30,4733.0625,0.01027971643773192,97.28899758027211,2326.258900085049,0.11937830625606488,2238.154094669987,0.08884302775065105,7.290409239636654e-06,808.625,0.10020833333333334,0.114875,0.06339583333333333,0.075,0.09570061859071605,0.024847230519279336,0.012375310404731537,16.068749999999998,15.825000000000001,15.637500000000001,15.043750000000001,0.0,808.625,56.62083333333334,16.945833333333333
2023-08-31,4958.208333333333,0.010043362027181887,99.57688647858937,2382.0332579306546,0.1037489334987604,2299.6650859114757,0.07697296142578125,6.637608270934148e-06,805.625,0.09091666666666666,0.10531249999999999,0.06327083333333333,0.075,0.08880931231499219,0.01690010865083617,0.008417199263535962,15.856250000000001,15.69375,15.543750000000001,14.920833333333334,0.0,805.625,47.925000000000004,18.535416666666666
2023-09-01,4980.791666666667,0.010020289340007453,99.80432297123798,2396.3187022958914,0.10008415581514689,2308.943964341576,0.0752855936686198,7.006548426584014e-06,806.2104166666667,0.08277083333333334,0.09731250000000001,0.06266666666666666,0.07508333333333334,0.0827926417678303,0.009961625267938545,0.0049614464972546155,16.120833333333334,15.760416666666666,15.433333333333335,14.827083333333334,0.0,806.2104166666667,50.92083333333333,17.991666666666667
2023-09-02,4935.625,0.010066429243895928,99.3494722333224,2425.8758318415153,0.09282137460879773,2328.66145082264,0.07195154825846355,7.731697861478684e-06,809.38125,0.07652083333333333,0.09122916666666665,0.06266666666666666,0.07502083333333333,0.07828502677024536,0.004763399519647178,0.002372439358649805,16.729166666666668,16.285416666666666,15.660416666666668,14.777083333333335,0.0,809.38125,51.231249999999996,18.912499999999998
2023-09-03,4855.208333333333,0.010150536142315744,98.53332075228313,2409.9431807693686,0.09691949753877906,2294.444550373644,0.07824452718098958,9.340539218378195e-06,808.5375,0.072125,0.08670833333333333,0.06237499999999999,0.075,0.074975268177144,0.0009465535049573713,0.0004714365824169047,16.647916666666667,16.270833333333332,15.720833333333333,14.835416666666667,0.6537,808.5375,68.77083333333333,16.85625
2023-09-04,5129.916666666667,0.009874006308003653,101.28590777578098,2417.8798703575753,0.09459247881401685,2314.2423330523416,0.0743420918782552,8.299408201476108e-06,802.0729166666666,0.06947916666666666,0.084,0.062,0.075,0.07294571789384907,0.001393943752623014,0.0006942619464998805,15.06875,15.189583333333333,15.285416666666668,14.775,1.0296,802.0729166666666,70.04791666666667,14.84375
2023-09-05,5147.354166666667,0.009857629713243658,101.45665409432344,2451.285228974078,0.08683556107452711,2369.2636597537407,0.06538772583007812,6.420089247692792e-06,805.6458333333334,0.06633333333333334,0.08102083333333333,0.06145833333333334,0.07514583333333333,0.0705993411859378,0.004099808345049456,0.002041933841702341,13.647916666666667,13.9375,14.479166666666666,14.53125,0.0,805.6458333333334,62.91041666666666,13.55625
2023-09-06,5157.854166666667,0.009847378700995911,101.5607957136113,2474.4930762490826,0.08150479816727514,2402.985735682754,0.06017176310221354,5.515498940572384e-06,808.0020833333333,0.06414583333333333,0.07839583333333333,0.06060416666666666,0.07525,0.06868638989438865,0.006305842503753284,0.003140662227395785,13.4375,13.541666666666666,13.975,14.185416666666667,0.0,808.0020833333333,55.8375,13.866666666666667
2023-09-07,5222.4375,0.00978556947621465,102.19720488183555,2491.2672234881284,0.07767908027565447,2424.268116537504,0.056957244873046875,5.1189979882550996e-06,808.1395833333332,0.06208333333333333,0.07660416666666667,0.06,0.07533333333333332,0.06714711796173134,0.008080945967169838,0.004024763026607553,13.389583333333334,13.385416666666666,13.702083333333334,13.922916666666667,0.0,808.1395833333332,47.79583333333333,14.566666666666668
2023-09-08,5201.0625,0.009806078021834464,101.98640089457143,2520.769582684555,0.071475261048754,2455.700022827739,0.052623748779296875,4.908037260946193e-06,810.4291666666667,0.06027083333333333,0.07495833333333334,0.059479166666666666,0.075,0.06574951624543937,0.00969267395001166,0.004827493699556526,13.354166666666666,13.34375,13.549999999999999,13.71875,0.0,810.4291666666667,45.46666666666667,15.043750000000001
2023-09-09,5199.541666666667,0.009807162447657182,101.97269961388456,2532.7987716225475,0.06896252571652282,2471.4030334303407,0.050504048665364586,4.602593411984871e-06,811.5520833333334,0.05875,0.07347916666666666,0.05858333333333333,0.07495833333333334,0.06446146451518862,0.011178067816370698,0.0055673029171356995,13.106250000000001,13.129166666666668,13.362499999999999,13.564583333333333,0.0,811.5520833333334,42.05625,14.424999999999999
2023-09-10,5239.979166666667,0.009769694686218362,102.36688896929405,2551.490698735575,0.06524192080789969,2469.9979655905763,0.0507659912109375,6.123431050236915e-06,809.5854166666667,0.058,0.07275,0.058,0.07408333333333333,0.0637462788123776,0.01200282697107978,0.005978079101658534,14.7125,14.177083333333334,13.602083333333333,13.44375,0.0,809.5854166666667,44.21666666666667,16.735416666666666
2023-09-11,5127.3125,0.00987726645972087,101.25758783500773,2515.121666020365,0.0727038739350691,2405.1935875500894,0.059872945149739586,8.477938611221329e-06,808.9541666666668,0.05689583333333333,0.07227083333333333,0.058020833333333334,0.07414583333333333,0.06315263641911499,0.01268742119121356,0.006319045309899208,14.1,14.043750000000001,13.854166666666666,13.477083333333333,2.0774,808.9541666666668,72.78750000000001,14.927083333333334
2023-09-12,5231.625,0.009777292347724864,102.28594459399848,2520.168722714119,0.0715092084914818,2440.9475242507897,0.05458704630533854,6.012964882671764e-06,807.4854166666668,0.05554166666666666,0.07087500000000001,0.05766666666666667,0.075125,0.0621336829020637,0.013862488363429008,0.0069042944784652215,12.754166666666668,12.995833333333332,13.40625,13.475,0.0,807.4854166666668,59.73333333333333,13.18125
2023-09-13,5276.916666666667,0.009735099087015206,102.72825452773124,2536.4727981502324,0.06829833445314963,2450.812749017579,0.053273518880208336,6.469365971015592e-06,805.3979166666667,0.054875,0.07025,0.057229166666666664,0.07531249999999999,0.06157922908644119,0.014501889932141404,0.0072227522188539756,13.533333333333333,13.420833333333334,13.293750000000001,13.293750000000001,0.0,805.3979166666667,53.24166666666667,14.835416666666667
2023-09-14,5247.104166666667,0.009762423256529804,102.43868636934836,2540.4035041467528,0.06739555241709644,2444.2439239991204,0.054112752278645836,7.2849674221556875e-06,806.2895833333333,0.05383333333333334,0.06941666666666667,0.057,0.07485416666666667,0.060811923080136804,0.015386754731137563,0.007663464375699834,12.947916666666666,12.9375,13.054166666666667,13.179166666666667,0.6961,806.2895833333333,69.14166666666667,12.106250000000001
2023-09-15,5071.1875,0.00993080779740072,100.70513986785959,2484.2886021190325,0.0792336166832272,2373.624841734106,0.06458155314127605,8.639635572531892e-06,808.5166666666668,0.05341666666666667,0.069125,0.057,0.07452083333333333,0.06052922822343939,0.015712761207684774,0.007825833833257455,12.658333333333333,12.760416666666666,12.910416666666665,13.064583333333333,4.0659,808.5166666666668,84.52291666666666,12.143749999999999
2023-09-16,4937.083333333333,0.010065845747684739,99.3611538320943,2449.746026637122,0.08722762928758021,2360.4348700351084,0.06673558553059895,7.008460070270674e-06,811.2104166666667,0.05252083333333333,0.06860416666666667,0.056541666666666664,0.07427083333333333,0.05988616158875733,0.016454351946925447,0.008195187495600498,10.822916666666666,11.543750000000001,12.504166666666668,12.945833333333333,2.6922998,811.2104166666667,82.11874999999999,10.04375
2023-09-17,5051.5625,0.009950124573787748,100.50994760871254,2485.200361233403,0.0789538654663845,2411.311885018388,0.058804829915364586,5.677305818685228e-06,810.5500000000001,0.0524375,0.06827083333333334,0.05597916666666667,0.074,0.05960878483431867,0.016774225535879483,0.008354502432148869,10.875,11.231250000000001,11.924999999999999,12.654166666666667,0.0,810.5500000000001,62.58958333333334,11.841666666666667
2023-09-18,5092.229166666667,0.009910560559431894,100.9129084782276,2520.699187171917,0.07143992051621212,2437.0103537602304,0.05516942342122396,6.364646524001009e-06,808.3541666666666,0.05241666666666667,0.068,0.0559375,0.074,0.05950332640472494,0.016895841229407477,0.008415073849004676,11.220833333333333,11.581249999999999,11.979166666666666,12.452083333333334,0.0,808.3541666666666,66.25,11.008333333333333
2023-09-19,4922.416666666667,0.010079732465733989,99.21708623589673,2456.82574516236,0.08560881075689715,2360.675967191605,0.06669235229492188,7.539324988496422e-06,806.6750000000001,0.05220833333333333,0.06764583333333334,0.05597916666666667,0.07383333333333332,0.05930296119614521,0.01712690434967373,0.008530156205332557,10.5375,10.947916666666666,11.61875,12.287500000000001,3.2568,806.6750000000001,86.05833333333334,9.322916666666666
2023-09-20,5015.791666666667,0.009987138347391481,100.14808879571007,2468.71425935204,0.08281663890472535,2391.121742130285,0.061955769856770836,6.014635695438686e-06,805.1437500000001,0.05197916666666667,0.06725,0.05560416666666667,0.07316666666666666,0.05896295080111646,0.01751900766618859,0.008725445585725718,9.927083333333334,10.395833333333334,11.24375,12.072916666666666,0.6358,805.1437500000001,71.91458333333334,10.277083333333334
2023-09-21,5142.916666666667,0.009862420412173754,101.41108150607049,2477.5703036243463,0.08075005996495714,2400.2927539317884,0.060544331868489586,5.974386883079454e-06,802.6458333333334,0.0521875,0.06727083333333334,0.05547916666666667,0.07331249999999999,0.059035851449853086,0.017434937924311143,0.008683574152586648,11.052083333333334,11.152083333333332,11.352083333333333,11.895833333333334,1.6895,802.6458333333334,59.80833333333334,12.770833333333334
2023-09-22,5293.291666666667,0.009719936413248172,102.88785716445035,2517.428304773545,0.07211308906268281,2462.734027391115,0.051647186279296875,4.115731436101993e-06,802.9875000000001,0.05152083333333333,0.06660416666666667,0.0554375,0.0734375,0.058548123746835344,0.017997390286666887,0.008963706884748733,9.741666666666667,10.366666666666667,11.216666666666667,11.8375,0.112399995,802.9875000000001,46.6,11.595833333333333
2023-09-23,5252.0625,0.009758996344385045,102.48293882876867,2529.6850810392275,0.06969539781729125,2475.351576394434,0.050076802571614586,4.0694607120665975e-06,805.96875,0.050979166666666666,0.065875,0.05466666666666667,0.0736875,0.05794315301346403,0.018695048459527335,0.009311179672061864,9.641666666666667,10.085416666666667,10.895833333333334,11.677083333333334,0.0,805.96875,45.64791666666667,11.564583333333333
2023-09-24,5270.5,0.009741170990104084,102.66526630904468,2539.6578380559663,0.0676015937906382,2489.9893510766656,0.048128763834635414,3.6972663600965343e-06,808.0166666666668,0.050375,0.0654375,0.05429166666666666,0.07314583333333333,0.05744553920322244,0.019268901577526344,0.009596990618132918,8.947916666666666,9.577083333333333,10.572916666666666,11.483333333333334,0.0,808.0166666666668,48.40208333333334,9.847916666666666
2023-09-25,5017.75,0.009986577350667701,100.16290278630318,2559.7942849836213,0.06377988831740303,2507.766976479872,0.045992533365885414,3.842288835127271e-06,811.2395833333334,0.049979166666666665,0.06491666666666666,0.054,0.07297916666666666,0.0570445107008049,0.019731371572896953,0.009827326539922885,8.664583333333333,9.195833333333333,10.172916666666667,11.25625,0.0,811.2395833333334,49.76666666666667,9.887500000000001
2023-09-26,5059.3125,0.009942978526262183,100.58541710055306,2543.004514686046,0.06712792722351076,2488.1270272628403,0.04846318562825521,4.083261654063876e-06,810.4208333333332,0.049916666666666665,0.06483333333333334,0.054,0.073625,0.057029973609813316,0.01974813588855794,0.009835676106683119,9.19375,9.508333333333333,10.15,11.064583333333333,0.0,810.4208333333332,46.645833333333336,11.370833333333332
2023-09-27,5196.166666666667,0.009811040106695614,101.93717357635626,2565.3254040068086,0.06256345289746985,2505.981395651304,0.046109517415364586,4.3856184005425515e-06,807.9979166666667,0.04985416666666667,0.06483333333333334,0.054,0.07608333333333334,0.05714874914200528,0.019611162781928804,0.00976745583922431,9.727083333333333,9.924999999999999,10.295833333333333,10.958333333333334,0.0,807.9979166666667,47.9625,12.418750000000001
2023-09-28,5395.125,0.00962827230147136,103.87100260147035,2570.7342056939715,0.06148413645700801,2517.742472652473,0.044647216796875,3.898389690644368e-06,804.475,0.0495625,0.06472916666666667,0.05385416666666667,0.07427083333333333,0.05685999887832504,0.019944152413095786,0.009933303298322458,9.637500000000001,9.90625,10.352083333333335,10.929166666666667,0.0,804.475,45.35208333333333,11.71875
2023-09-29,5528.395833333333,0.00951104511256419,105.14782314625926,2585.159146279385,0.058745422397816216,2535.0635806731602,0.04257074991861979,3.659861395320417e-06,803.2083333333334,0.049249999999999995,0.06456250000000001,0.05383333333333334,0.07208333333333333,0.05654703022813188,0.020305070924706407,0.010113060901832014,9.939583333333333,10.122916666666667,10.418750000000001,10.877083333333333,0.0,803.2083333333334,40.300000000000004,12.566666666666668
2023-09-30,5631.208333333333,0.009424295330405385,106.11925597742531,2596.088042178006,0.05672954341045889,2541.460917078573,0.041819254557291664,3.979892117321344e-06,802.4499999999999,0.0490625,0.06454166666666666,0.05372916666666666,0.072125,0.056444913891807134,0.020422832483554906,0.01017171274407111,10.272916666666667,10.345833333333333,10.50625,10.864583333333334,0.0,802.4499999999999,41.2625,12.856250000000001
2023-10-01,5645.895833333333,0.009411397667791593,106.25994519722566,2582.448451309007,0.05925893238571776,2507.4588242729096,0.045939127604166664,5.544641806760928e-06,800.9541666666668,0.04935416666666667,0.06477083333333333,0.05391666666666667,0.07204166666666666,0.05667216333680865,0.02016076619862935,0.010041189077860013,11.502083333333333,11.1875,10.814583333333333,10.872916666666667,0.0,800.9541666666668,50.677083333333336,14.352083333333333
2023-10-02,5622.458333333333,0.00943165705564916,106.03666573280081,2591.076990715909,0.057737071434245536,2510.644475523834,0.045642852783203125,5.946096004587075e-06,802.5041666666666,0.048916666666666664,0.06497916666666667,0.054,0.072,0.05657867340127358,0.020268579707627982,0.010094886234919274,11.204166666666666,11.331249999999999,11.204166666666666,11.045833333333334,0.0,802.5041666666666,63.291666666666664,10.522916666666667
2023-10-03,5316.770833333333,0.009698229979596087,103.11657667327484,2469.696298796203,0.08251662082586418,2387.2007849723145,0.06245295206705729,6.3981622616392424e-06,803.4187499999999,0.0478125,0.06429166666666668,0.05341666666666667,0.0725,0.0558146560423645,0.02114965200624945,0.010533709514479173,8.822916666666666,9.514583333333333,10.475,11.0375,8.689199,803.4187499999999,90.19791666666667,5.9437500000000005
2023-10-04,5267.041666666667,0.009744087012676424,102.63256974302335,2486.404707148238,0.07875751947287608,2418.8534043807063,0.057744344075520836,5.173007966735177e-06,806.4520833333332,0.04802083333333334,0.0641875,0.053,0.072,0.05574714857322635,0.021227502280610485,0.010572483304965151,8.40625,8.918750000000001,9.866666666666667,10.758333333333333,0.9461,806.4520833333332,68.00208333333333,8.054166666666667
2023-10-05,5096.208333333333,0.009906521774445221,100.95286551412424,2503.3284324488327,0.0750777339701537,2441.0727284490654,0.05457433064778646,4.722270990673341e-06,811.3395833333334,0.04820833333333333,0.06416666666666666,0.053,0.072,0.055816040231655484,0.02114805574560679,0.010532914487406661,7.825,8.566666666666666,9.620833333333334,10.55625,0.0,811.3395833333334,61.64791666666667,8.322916666666666
2023-10-06,5044.875,0.009957053998780037,100.44227095526848,2507.1331830268637,0.07434285131180113,2442.5702539772956,0.054407755533854164,4.893379283587964e-06,811.9416666666666,0.048375,0.0639375,0.053,0.072,0.055808667819634464,0.02115655768333111,0.010537148927872714,7.683333333333334,8.310416666666667,9.316666666666666,10.352083333333335,0.0,811.9416666666666,63.37291666666667,8.7875
2023-10-07,5111.458333333333,0.009891319530684058,101.10519910173814,2534.7860832167758,0.06850711548323174,2471.11635372831,0.050493876139322914,4.770830915224428e-06,811.28125,0.04864583333333333,0.06395833333333334,0.053,0.072,0.05592476489092305,0.021022673404039977,0.010470467069173976,7.879166666666666,8.335416666666667,9.172916666666667,10.174999999999999,0.0,811.28125,61.36666666666667,9.210416666666667
2023-10-08,5249.1875,0.009761064864687852,102.45698392525725,2543.4346995991796,0.06681980807965028,2487.3628790232383,0.048427581787109375,4.174545506589705e-06,809.3583333333332,0.04877083333333334,0.06397916666666667,0.053,0.07329166666666666,0.05605766359506622,0.020869413317239818,0.010394134974724398,8.070833333333333,8.454166666666667,9.15,10.029166666666667,0.0,809.3583333333332,53.07708333333333,9.877083333333333
2023-10-09,5447.4375,0.00958231012403126,104.3719802731869,2566.6572023899394,0.062296925999274055,2513.587129167691,0.045177459716796875,3.911318068747828e-06,805.3229166666666,0.0488125,0.06397916666666667,0.053,0.07560416666666667,0.05620993957227044,0.02069380716942699,0.010306673292164779,8.316666666666666,8.610416666666667,9.15,9.9375,0.0,805.3229166666666,48.29791666666667,10.4
2023-10-10,5653.895833333333,0.009404745198978277,106.3351705004156,2564.1717154462317,0.06273136479223973,2513.8268731029607,0.045130411783854164,3.712908974560889e-06,800.6854166666667,0.04845833333333333,0.06377083333333333,0.05279166666666666,0.072,0.055743829182689345,0.02123133023427719,0.010574389839973294,7.614583333333333,8.147916666666667,8.981250000000001,9.858333333333334,0.0,800.6854166666667,49.78541666666666,7.483333333333333
2023-10-11,5883.645833333333,0.009219798082344558,108.47218083408579,2553.168400576988,0.06494433387384564,2479.0609827268395,0.049625396728515625,5.550356097200084e-06,793.3708333333334,0.04866666666666667,0.064,0.053,0.07189583333333333,0.05594064281926518,0.021004362821618498,0.010461347375090508,8.233333333333333,8.452083333333333,8.845833333333333,9.691666666666666,0.5329,793.3708333333334,71.37708333333333,7.314583333333334
2023-10-12,5240.125,0.009771166985562562,102.36263417586326,2288.4135001972536,0.13087373578129263,2216.5531683734093,0.09334182739257812,5.998295171532727e-06,793.5812500000001,0.0588125,0.06714583333333334,0.053,0.071,0.061007763497145616,0.015160909644812141,0.007550980892098236,7.66875,8.133333333333333,8.845833333333333,9.604166666666666,18.2052,793.5812500000001,90.37708333333335,4.770833333333333
2023-10-13,4804.541666666667,0.010203427847891775,98.0193929327095,2262.7990821469407,0.1389217351440148,2200.704558718511,0.09674072265625,5.227955726946838e-06,804.6770833333334,0.06839583333333334,0.07035416666666668,0.05260416666666667,0.071,0.06583672597794232,0.009592102832637764,0.004777403658564354,6.952083333333333,7.433333333333334,8.441666666666666,9.487499999999999,4.9595,804.6770833333334,83.0625,4.460416666666666
2023-10-14,4673.5625,0.010344449071696881,96.67708713572857,2285.9799854382327,0.1312325151443786,2231.407626485616,0.0900421142578125,4.5286112990745945e-06,809.9041666666667,0.06866666666666667,0.07125,0.05239583333333333,0.071,0.06619362755692472,0.009180520437409658,0.004572412607585106,5.2250000000000005,6.104166666666667,7.8500000000000005,9.275,0.0,809.9041666666667,82.65833333333333,2.7104166666666667
2023-10-15,4594.604166666667,0.010433194253966195,95.85622168728896,2302.6017987834007,0.1260615131126934,2250.0194724477174,0.08625284830729167,4.326206823803635e-06,813.8562499999999,0.06825,0.07175,0.052,0.071,0.06610435090467982,0.009283475146866725,0.00462368981073946,5.3187500000000005,5.902083333333334,7.302083333333333,8.945833333333335,0.0,813.8562499999999,70.7,5.258333333333334
2023-10-16,4646.8125,0.010374543060238774,96.39887708376314,2308.450297314942,0.12422987362035605,2254.207063314987,0.0854021708170573,4.45630375808357e-06,813.5083333333333,0.06779166666666668,0.07233333333333332,0.052,0.071,0.06610935755207663,0.009277701432069737,0.004620814177869806,5.89375,6.2625,7.2625,8.689583333333333,0.0,813.5083333333333,63.33958333333334,7.5062500000000005
2023-10-17,4859.270833333333,0.010144935635236912,98.5788826341312,2329.652339313711,0.11801802127695016,2272.2897567145433,0.08193206787109375,4.675499324217398e-06,808.6145833333334,0.06710416666666667,0.07285416666666666,0.0524375,0.071,0.0660943091588203,0.009295055386508481,0.004629457417717498,6.547916666666667,6.825,7.5062500000000005,8.6,0.0,808.6145833333334,62.15625,8.9125
2023-10-18,4940.5,0.010061178928800117,99.39945174101894,2347.0427287653533,0.11321184335539873,2294.562545923703,0.07789103190104167,4.2363158707890355e-06,808.1666666666666,0.06616666666666667,0.0729375,0.05279166666666666,0.071,0.06581818586605451,0.00961348347118899,0.004788052412296384,6.7124999999999995,7.022916666666667,7.670833333333333,8.604166666666666,0.0,808.1666666666666,56.168749999999996,8.735416666666667
2023-10-19,4807.36170212766,0.010199501062199518,98.05114895638361,2362.8346906328493,0.10904626028554505,2306.8616130933524,0.07577254924368351,4.492142746554225e-06,811.5500000000001,0.06566666666666666,0.073,0.053,0.071,0.06568092518461567,0.009771773832913685,0.00486688986498152,6.952083333333333,7.195833333333333,7.760416666666667,8.595833333333333,0.0,811.5500000000001,55.9125,9.639583333333333
2023-10-20,4874.645833333333,0.010129670228841488,98.7322730482951,2398.7880059331806,0.0994259255741074,2353.505699210136,0.06775538126627605,3.563308237110759e-06,810.4916666666667,0.064875,0.07281249999999999,0.053,0.071,0.06530032925427748,0.010210680786111526,0.005085490073982832,6.6812499999999995,7.022916666666667,7.766666666666667,8.597916666666666,0.0,810.4916666666667,48.55416666666667,9.045833333333333
2023-10-21,5079.5,0.00992275094359715,100.78740379854423,2386.264922766881,0.10261697238973994,2342.594123150392,0.06953048706054688,3.4527092458226646e-06,805.725,0.06414583333333333,0.07258333333333333,0.053,0.071,0.06493138796144457,0.010636147497230257,0.005297396290769815,6.645833333333333,6.939583333333334,7.647916666666667,8.54375,0.0,805.725,47.00625,8.983333333333333
2023-10-22,5237.416666666667,0.009771908799963487,102.34245927212324,2384.0525643910746,0.10323349674234276,2340.0633673521384,0.069976806640625,3.4821321947171254e-06,802.2208333333333,0.0636875,0.07245833333333333,0.053,0.07104166666666666,0.06470812663608957,0.010893614643532635,0.005425629328735157,6.8500000000000005,7.08125,7.652083333333334,8.489583333333334,0.0,802.2208333333333,45.9,9.28125
2023-10-23,5427.5625,0.009599278344190122,104.18344277134355,2438.5054178849814,0.0897275200404944,2392.996970068789,0.06158447265625,3.521219787525892e-06,798.8666666666667,0.062875,0.07206249999999999,0.053,0.07102083333333332,0.06425004628557189,0.011421877388714542,0.005688733719456256,6.983333333333333,7.135416666666667,7.652083333333334,8.447916666666666,0.0,798.8666666666667,44.5875,9.4625
2023-10-24,5435.75,0.009592015268576178,104.26211854989549,2445.5809617421087,0.0880453905184777,2398.99448077353,0.060688018798828125,3.5966211835766997e-06,799.8833333333333,0.06195833333333334,0.07172916666666666,0.053,0.071,0.06377027968948454,0.011975148924612697,0.005964293886595593,6.783333333333334,7.039583333333333,7.633333333333333,8.408333333333333,0.0,799.8833333333333,48.989583333333336,7.625
2023-10-25,5381.208333333333,0.009640817440540626,103.7365696433971,2440.9909976858744,0.08912246928637739,2391.7921146254735,0.06176884969075521,3.809725313299046e-06,801.7687500000001,0.06122916666666667,0.07145833333333333,0.053,0.07104166666666666,0.06339020799774499,0.012413451320725879,0.006182592992358287,6.385416666666667,6.754166666666666,7.51875,8.364583333333334,0.0,801.7687500000001,56.97083333333333,6.8500000000000005
2023-10-26,5520.645833333333,0.009517509136713391,105.07486981461687,2452.4968920803335,0.08638746453978258,2404.549326448594,0.05983861287434896,3.6945105959624246e-06,799.4625,0.0608125,0.07129166666666666,0.053,0.07116666666666666,0.06317507413018911,0.01266154580312015,0.006306157919521822,6.554166666666667,6.7562500000000005,7.310416666666666,8.254166666666666,0.0,799.4625,44.89791666666667,8.597916666666666
2023-10-27,4793.770833333333,0.010216472976382613,97.90422254307795,2224.6712716061716,0.15304670944034823,2161.573452135673,0.10628763834635417,5.403015851043669e-06,804.9229166666668,0.09160416666666667,0.08377083333333334,0.053,0.071,0.07965773449834962,0.006346419511579317,0.003160871846602753,6.10625,6.472916666666666,7.260416666666667,8.179166666666665,5.2398,804.9229166666668,91.075,3.1833333333333336
2023-10-28,4714.3125,0.010302974409161175,97.08719847818695,2150.465601896558,0.1822974157688081,2082.2772316700907,0.12724812825520834,6.070608527224878e-06,801.3520833333333,0.1396875,0.10718749999999999,0.053,0.071,0.10669169124277408,0.03752224311283049,0.018688175539031675,6.314583333333334,6.64375,7.2250000000000005,8.083333333333334,8.4306,801.3520833333333,93.94166666666666,4.266666666666667
2023-10-29,4217.520833333333,0.010892462611939846,91.8304697623264,1997.3157061838272,0.257464842416832,1949.1304432834886,0.16954676310221353,4.574927658587663e-06,805.2125,0.2399375,0.2157083333333333,0.05366666666666667,0.07114583333333332,0.18264964310533066,0.12511769688848928,0.06231561038236291,4.479166666666667,5.325,6.614583333333333,7.945833333333333,20.0256,805.2125,95.19583333333333,-0.14375000000000002
2023-10-30,4019.6458333333335,0.011154371763898373,89.65837963429213,1987.1409626105026,0.26354297535079363,1954.4932802698995,0.16739908854166666,3.0899509986612155e-06,812.1520833333334,0.24416666666666664,0.21927083333333333,0.05625,0.07102083333333332,0.1860575294966935,0.12904770484088213,0.06427297413226607,2.4791666666666665,3.56875,5.35625,7.535416666666666,0.0654,812.1520833333334,87.52499999999999,-4.308333333333334
2023-10-31,4051.3541666666665,0.011110660359998576,90.01124452607986,2017.549647963302,0.24509102502945726,1986.928353311474,0.15557479858398438,2.852910110573922e-06,813.3416666666667,0.2316666666666667,0.20935416666666665,0.057729166666666665,0.0705,0.17806569093003705,0.11983143835946358,0.05968275799563141,1.6812500000000001,2.6145833333333335,4.335416666666666,6.947916666666667,0.0,813.3416666666667,81.79375,-4.1125
2023-11-01,4107.5,0.011035383725347342,90.63026138608116,2019.4445109642966,0.24415788525884094,1983.9418925906373,0.15672683715820312,3.3142119756198124e-06,811.1750000000001,0.22569565217391305,0.20350000000000001,0.0593695652173913,0.07,0.17406762832766068,0.11522083342224322,0.057386418884219456,1.6369565217391304,2.3043478260869565,3.7543478260869563,6.384782608695652,0.0,811.1750000000001,78.1375,-0.7729166666666667
2023-11-02,4214.625,0.010893237824930414,91.8073194392472,2053.2307697766123,0.22589645668062672,2014.5379925836878,0.14647547403971353,3.5548240918121285e-06,809.3520833333333,0.22264583333333332,0.19991666666666666,0.06152083333333333,0.07010416666666668,0.17213196771664313,0.11298861065398645,0.056274647106344555,2.3854166666666665,2.814583333333333,3.8000000000000003,6.0375000000000005,0.0,809.3520833333333,72.26458333333333,1.65625
2023-11-03,4242.5,0.010857941908989107,92.10885515885428,2040.9500979899474,0.232477772031399,2001.9599945546588,0.15069580078125,3.6070332999696703e-06,809.2020833333332,0.21935416666666666,0.19602083333333334,0.06358333333333334,0.07,0.16996587957230241,0.11049065659823563,0.05503052628601053,3.3937500000000003,3.5375,4.077083333333333,5.889583333333333,0.0,809.2020833333332,60.25,4.541666666666667
2023-11-04,4240.5625,0.010859796860536952,92.08959791117111,2057.795873050828,0.22306023726118088,2014.7816733944856,0.14617919921875,3.9538892675610235e-06,810.5979166666666,0.21516666666666664,0.1925416666666667,0.06539583333333333,0.07004166666666667,0.1675294497093348,0.10768094182570741,0.05363113119319256,3.435416666666667,3.8125,4.472916666666666,5.879166666666666,0.0,810.5979166666666,70.74166666666666,3.6333333333333333
2023-11-05,4339.104166666667,0.010736759355284469,93.15060723881491,2055.6166734085377,0.22473384150631323,2018.3433235838056,0.14532597859700522,3.420944631400648e-06,806.9979166666667,0.21129166666666666,0.18872916666666664,0.06710416666666667,0.07,0.1650836040608913,0.10486036867718042,0.0522263280218617,3.4458333333333333,3.7604166666666665,4.416666666666667,5.879166666666666,0.0,806.9979166666667,61.91458333333333,4.7124999999999995
2023-11-06,4439.666666666667,0.010613503294580108,94.22667779378885,2069.384662482564,0.21723902836163825,2033.3146434574135,0.14030838012695312,3.28461674733592e-06,802.2229166666666,0.20802083333333332,0.18600000000000003,0.06872916666666667,0.07016666666666667,0.16322898382413084,0.1027216024619656,0.05116110283405257,4.889583333333333,4.83125,4.8687499999999995,5.860416666666667,0.0,802.2229166666666,41.614583333333336,9.047916666666667
2023-11-07,4583.604166666667,0.010445909661320916,95.74076775557904,2087.5041198827867,0.20835514740917296,2056.959001712861,0.13315327962239584,2.7501478334398976e-06,799.0229166666667,0.204375,0.18304166666666666,0.07039583333333334,0.07010416666666668,0.16114378199571033,0.10031692729767425,0.049963440118380324,5.983333333333333,5.852083333333333,5.645833333333333,6.0687500000000005,0.0,799.0229166666667,21.991666666666664,14.75
2023-11-08,4438.833333333333,0.010623404954625007,94.19169329982485,2074.4373560926533,0.21592239909817634,2031.4365026932937,0.1418889363606771,3.9403275268152365e-06,801.5770833333332,0.201375,0.1794375,0.07110416666666666,0.07002083333333334,0.15890440636352893,0.09773445739340371,0.04867722567885042,5.529166666666666,5.860416666666667,6.08125,6.377083333333334,0.0,801.5770833333332,62.739583333333336,5.339583333333334
2023-11-09,4120.875,0.011016569050259958,90.7801633131445,2028.0255733352753,0.23907425719299014,1987.0139289086667,0.15560404459635416,3.8276342635123794e-06,808.86875,0.20954166666666665,0.18137499999999998,0.072,0.07014583333333334,0.16302895815562243,0.10249093090263395,0.051046215496968556,3.2062500000000003,4.016666666666667,5.204166666666667,6.385416666666667,2.1845999,808.86875,86.7,-0.7645833333333334
2023-11-10,4236.791666666667,0.01086462256873924,92.04866338897516,2062.995114059859,0.22034929978701945,2034.6894552848198,0.13981119791666666,2.5756562513478315e-06,808.05625,0.20539583333333333,0.18077083333333333,0.07289583333333333,0.07002083333333334,0.16134155878417147,0.10054500542651708,0.05007703578204072,1.64375,2.660416666666667,4.214583333333334,6.041666666666667,0.0,808.05625,71.66250000000001,-3.1750000000000003
2023-11-11,4271.125,0.010821192733107504,92.41995397864537,2081.6515499688885,0.2112134798965409,2052.725427101369,0.13442103068033853,2.6094489287528378e-06,808.225,0.2013125,0.17885416666666665,0.07316666666666666,0.07058333333333333,0.15915960141721783,0.09802875082787692,0.048823800267871705,1.1229166666666666,1.9375,3.377083333333333,5.5687500000000005,0.0,808.225,65.81875000000001,-1.4416666666666667
2023-11-12,4183.0,0.010934416469474429,91.4620081806338,2101.683439217654,0.20143163433833744,2074.6021651150913,0.12792841593424478,2.4181688057578063e-06,811.6854166666667,0.19810416666666666,0.17699999999999996,0.074,0.07010416666666668,0.1574094526200739,0.09601046209968493,0.047818579606423474,0.9,1.6500000000000001,2.9645833333333336,5.1625,0.0,811.6854166666667,61.86875,-0.9520833333333333
2023-11-13,4183.291666666667,0.010934293879361498,91.46448433445983,2122.0001446162496,0.19252756821659966,2094.1991976298773,0.1226361592610677,2.4582709803201675e-06,811.4333333333334,0.19568750000000001,0.17514583333333333,0.074,0.07,0.15582404187384058,0.09418215090471746,0.04690797838120393,0.9333333333333332,1.5333333333333332,2.7229166666666664,4.85625,0.0,811.4333333333334,53.92291666666667,1.1500000000000001
2023-11-14,4246.854166666667,0.010851725465239166,92.15795655228,2121.1199372613187,0.19278352741987967,2091.0896932284113,0.12342453002929688,2.660141002930316e-06,809.0104166666666,0.19410416666666666,0.1734375,0.07470833333333333,0.07,0.1547788159625989,0.09297678615029438,0.04630763932227604,1.0708333333333333,1.6270833333333332,2.6645833333333333,4.639583333333333,0.0,809.0104166666666,57.28958333333333,1.0041666666666667
2023-11-15,4250.541666666667,0.010847512940559812,92.19654373456574,2110.328772094828,0.19758675836875994,2076.5703070626164,0.1274261474609375,3.010031001937822e-06,809.2416666666667,0.19245833333333331,0.17202083333333332,0.07506249999999999,0.07014583333333334,0.15373678390358678,0.09177510457753271,0.04570913469380113,1.1520833333333333,1.6708333333333334,2.620833333333333,4.483333333333333,0.0,809.2416666666667,65.50833333333334,0.5708333333333334
2023-11-16,4348.8125,0.010723885535204675,93.25729287341956,2089.554429356894,0.2071920362753599,2039.0231978476122,0.1385625203450521,4.600993005993631e-06,804.9520833333332,0.19195833333333334,0.1709166666666667,0.07514583333333333,0.06925,0.15314054429477036,0.09108751522299352,0.04536667674112069,2.1645833333333333,2.254166666666667,2.722916666666667,4.375,1.6894,804.9520833333332,75.91041666666666,2.877083333333333
2023-11-17,4309.9375,0.010771914863425764,92.84017896619393,2090.233122965428,0.2072081896690544,2032.8489326257766,0.14052454630533853,5.225131153673524e-06,806.6895833333333,0.193125,0.1705,0.076,0.069625,0.1536788530968728,0.09170829820404225,0.045675861383589866,2.8125,3.0041666666666664,3.3333333333333335,4.4437500000000005,4.1868997,806.6895833333333,89.175,3.2083333333333335
2023-11-18,4448.958333333333,0.010603489073493953,94.32200478824588,2121.1381032486183,0.19284193977075026,2079.440993124759,0.12665303548177084,3.7116571673702285e-06,805.7979166666668,0.19191666666666665,0.16983333333333336,0.07670833333333334,0.07,0.15314622535511596,0.09109406667740609,0.045369939731814767,2.1145833333333335,2.6395833333333334,3.377083333333333,4.547916666666667,0.0,805.7979166666668,76.99583333333334,0.3583333333333334
2023-11-19,4500.75,0.010542048082236034,94.87023000610702,2067.743740577251,0.21879525588803383,2010.3402120659036,0.14815775553385416,5.2919352026471955e-06,799.3166666666666,0.20510416666666667,0.1739166666666667,0.07697916666666667,0.07,0.15985626838898503,0.0988321540006334,0.04922393997902757,3.047916666666667,3.060416666666667,3.3041666666666667,4.497916666666667,6.3336997,799.3166666666666,90.48125,2.8937500000000003
2023-11-20,4340.583333333333,0.01073800570775206,93.15763388826885,2039.1952642322515,0.23317216343376088,1983.7224685719996,0.1568323771158854,5.17961677311236e-06,803.7166666666667,0.22206250000000002,0.1875,0.077,0.07,0.17112944831143354,0.11183249546044965,0.05569883708306881,3.5,3.6208333333333336,3.7937499999999997,4.583333333333333,4.4681997,803.7166666666667,91.68541666666665,2.40625
2023-11-21,4003.8958333333335,0.011176802840105632,89.48117505468396,2040.9580057151127,0.23216311385857294,1998.605890679768,0.151641845703125,3.923660816100722e-06,815.725,0.21889583333333332,0.18847916666666667,0.07797916666666667,0.07004166666666667,0.17038039209419675,0.11096867649688597,0.05526860692927764,2.3125,2.922916666666667,3.7395833333333335,4.691666666666667,0.2534,815.725,84.86458333333333,-0.09166666666666663
2023-11-22,4125.791666666667,0.01101209037517021,90.82851200152164,2040.3879689239059,0.23263095282217475,2003.890381318022,0.14991887410481772,3.370288778840442e-06,813.2958333333332,0.215125,0.1870625,0.078,0.07,0.1683990001752555,0.10868371593658631,0.054130568781551806,1.3166666666666667,2.0187500000000003,3.1125000000000003,4.579166666666667,0.0,813.2958333333332,79.375,-1.2416666666666667
2023-11-23,4483.416666666667,0.010564386856634805,94.68147156547668,2055.970240946252,0.22434482001348807,2018.5154856964143,0.14514541625976562,3.436067406705623e-06,802.4541666666668,0.21179166666666668,0.1854375,0.07895833333333334,0.07,0.16672762212594133,0.10675626640601885,0.05317059112079325,1.05,1.5833333333333333,2.6,4.316666666666667,0.0,802.4541666666668,78.39583333333333,-0.9812500000000001
2023-11-24,4625.625,0.010398256626427696,96.17895113732799,2056.6184036021464,0.22383879925520433,2008.5208107222836,0.1483612060546875,4.437183239919327e-06,796.6895833333333,0.21227083333333333,0.18518749999999998,0.07908333333333334,0.07,0.1668661059788774,0.10691596734108996,0.05325013111789262,2.1437500000000003,2.25,2.672916666666667,4.114583333333333,2.0024,796.6895833333333,80.01041666666667,2.002083333333333
2023-11-25,4419.479166666667,0.010643338697898276,93.99566460973756,2009.8067369434305,0.2509444428183016,1969.3254880043405,0.1623407999674479,3.793671697343965e-06,798.7854166666666,0.2163125,0.1874583333333333,0.07954166666666666,0.07,0.1693342099203043,0.10976220897101142,0.054667718628493324,1.7750000000000001,2.3312500000000003,3.0124999999999997,4.164583333333334,5.5477,798.7854166666666,92.95208333333333,-2.689583333333333
2023-11-26,4081.125,0.011070471535740404,90.34024755951928,1986.449934584991,0.263885023571886,1959.9030927500653,0.16537984212239584,2.5076432673347587e-06,807.7729166666667,0.2138958333333333,0.18735416666666668,0.08091666666666668,0.07,0.16861653153671577,0.10893457523242445,0.05425551074043533,0.9833333333333334,1.5604166666666668,2.5520833333333335,4.070833333333333,1.7960999,807.7729166666667,85.19375000000001,-6.872916666666666
2023-11-27,4051.3541666666665,0.011110833435046945,90.01077700266507,1989.477515061026,0.2619341544991254,1968.2818403122528,0.16230265299479166,1.9953425703095734e-06,809.9979166666667,0.20354166666666665,0.18452083333333333,0.081,0.07033333333333334,0.16355183429083878,0.10309391678113176,0.05134653618704668,0.32083333333333336,0.9458333333333333,2.058333333333333,3.845833333333333,0.0,809.9979166666667,82.15208333333334,-9.2125
2023-11-28,3969.125,0.01122580162758618,89.09141375802506,2001.716752866055,0.2547688670600398,1978.5025828264081,0.15874735514322916,2.172224368162101e-06,812.6458333333334,0.17983333333333332,0.17883333333333332,0.08110416666666667,0.06952083333333334,0.15210491752993677,0.08989322029819138,0.044771851076435276,-0.19166666666666665,0.5354166666666667,1.6500000000000001,3.564583333333333,0.0,812.6458333333334,78.56458333333333,-7.320833333333333
2023-11-29,4173.520833333333,0.01094982418244357,91.34992712213182,1995.7873275184336,0.257975553246562,1971.9265656718953,0.16091283162434897,2.240343180016738e-06,806.0354166666666,0.14754166666666665,0.17166666666666666,0.08108333333333334,0.06952083333333334,0.13673297288882807,0.07216614323470379,0.03594277529436624,-0.47291666666666665,0.3,1.3875,3.30625,0.0,806.0354166666666,76.57708333333333,-6.341666666666666
2023-11-30,4474.583333333333,0.010572616438948227,94.59466425734865,2006.7896726334802,0.25111986340632136,1979.6601180461068,0.1580225626627604,2.537908441677333e-06,796.7291666666666,0.12045833333333333,0.16352083333333334,0.08116666666666666,0.07,0.12319441441478127,0.056553345049356475,0.02816672863676449,-0.5750000000000001,0.11875000000000001,1.1833333333333333,3.0875000000000004,0.0,796.7291666666666,74.89999999999999,-4.360416666666667
2023-12-01,4318.625,0.010761950666324314,92.93117011027347,1941.2364059733234,0.2945979061796709,1897.6032672838148,0.19073867797851562,4.255959985325623e-06,795.1270833333333,0.12770833333333334,0.15729166666666666,0.08145833333333334,0.06981250000000001,0.12414260140375989,0.05764680356853887,0.02871133213207479,-0.09583333333333334,0.1625,1.0958333333333334,2.93125,4.6158,795.1270833333333,94.76875,-1.0770833333333334
2023-12-02,4053.1041666666665,0.011108491567779814,90.03006097367603,1885.2130956018225,0.33776223077006634,1852.470254163376,0.21162796020507812,3.2757543650070465e-06,798.6541666666667,0.15389583333333332,0.15741666666666668,0.08189583333333333,0.06997916666666668,0.1348554567982247,0.07000097329666895,0.03486439957593822,-0.03125,0.25416666666666665,1.1,2.808333333333333,6.4114,798.6541666666667,86.46041666666667,-3.2729166666666667
2023-12-03,4101.729166666667,0.011042374185942552,90.56871333384247,1893.4029495807188,0.3309182365430403,1860.8668581195816,0.20738601684570312,3.234894960650984e-06,800.5458333333332,0.166,0.15845833333333334,0.0820625,0.07022916666666668,0.14013011348076465,0.07608375902598849,0.03789396705499359,-0.0020833333333333333,0.30416666666666664,1.1,2.752083333333333,4.8308997,800.5458333333332,62.35208333333333,0.9500000000000001
2023-12-04,3917.8125,0.011298891697339435,88.51413108894731,1906.9825132183344,0.3199322741349458,1863.5548272769438,0.20615768432617188,4.315503449175073e-06,807.81875,0.17695833333333333,0.1594375,0.0815625,0.07041666666666667,0.14477687725674485,0.08144245250790062,0.04056289609925947,0.08125,0.39166666666666666,1.1395833333333334,2.7000000000000006,5.5639,807.81875,77.27916666666667,2.35
2023-12-05,3776.0208333333335,0.011508030368250136,86.90027232362642,1913.9072614395034,0.31393014858236423,1876.707041409285,0.19960784912109375,3.6684383955117607e-06,813.9729166666666,0.19747916666666668,0.16189583333333332,0.08158333333333334,0.07020833333333333,0.15385223736298279,0.09190824663728786,0.04577544688566158,0.10416666666666667,0.4708333333333334,1.2,2.7000000000000006,0.0,813.9729166666666,79.04375,-0.24583333333333326
2023-12-06,3866.6458333333335,0.011374677881128378,87.93092161451834,1927.3636800576712,0.3045478141581249,1893.1014504698535,0.19259134928385416,3.347903288975865e-06,812.9666666666667,0.1895,0.16379166666666667,0.08135416666666667,0.07008333333333334,0.1511933072136402,0.08884194235606016,0.04424825586748727,-0.049999999999999996,0.45,1.2,2.685416666666667,0.0,812.9666666666667,81.72916666666667,-1.8479166666666667
2023-12-07,4234.1875,0.01087029155195162,92.01380164178615,1945.3506603745548,0.2910056215221245,1912.0984527734965,0.1842219034830729,3.2202478456794038e-06,801.7395833333334,0.16874999999999998,0.1616875,0.08183333333333333,0.07006250000000001,0.14223343577077296,0.07850933088399639,0.039102037492805095,-0.16458333333333333,0.3416666666666666,1.1583333333333334,2.6083333333333334,0.0,801.7395833333334,74.60416666666667,-0.5583333333333333
2023-12-08,4169.479166666667,0.010953962152677974,91.30897320530374,1867.6917112310368,0.35675531556918716,1829.0635419626217,0.22537612915039062,3.909558717987312e-06,797.9979166666667,0.17489583333333333,0.1600625,0.08139583333333333,0.07004166666666667,0.1440906773069844,0.08065112000740268,0.040168768257952736,0.07083333333333335,0.37916666666666665,1.1041666666666667,2.5958333333333337,2.2854,797.9979166666667,85.57291666666667,-0.59375
2023-12-09,3796.0833333333335,0.011481965581721187,87.11969026739091,1807.2033742519125,0.4132078190591748,1781.0816386931583,0.2507781982421875,2.715171196427222e-06,807.0541666666667,0.192125,0.16237500000000002,0.081,0.07004166666666667,0.15171380952776312,0.08944219072083148,0.04454721312263142,0.15208333333333335,0.4916666666666667,1.1958333333333333,2.558333333333333,6.4507,807.0541666666667,87.88333333333333,-6.29375
2023-12-10,3651.9166666666665,0.01170392823136456,85.45540751854692,1822.551185722703,0.3973061175576574,1803.0234740158864,0.23796208699544272,2.000882466148492e-06,813.5270833333334,0.1896875,0.164,0.081375,0.07,0.15133637736995903,0.08900693226109578,0.044330430067419886,0.15208333333333335,0.5,1.1895833333333334,2.5083333333333333,0.0,813.5270833333334,84.06458333333333,-10.002083333333333
2023-12-11,3795.2083333333335,0.011480294284508773,87.11725227612659,1833.92251041745,0.3847981517830767,1803.4512881877902,0.23741022745768228,3.1271577932972327e-06,807.8854166666666,0.1814375,0.1625625,0.08170833333333334,0.070125,0.14761640113257732,0.08471701924267028,0.04219381346658295,0.10416666666666667,0.47500000000000003,1.1,2.49375,0.3545,807.8854166666666,81.75833333333334,-3.170833333333333
2023-12-12,3882.3541666666665,0.011349671286583214,88.11448953899439,1830.8831700053306,0.38804890027284883,1799.5744971929144,0.23969650268554688,3.21963719582696e-06,804.5812500000001,0.17683333333333331,0.16166666666666665,0.08214583333333333,0.07,0.1455518005152998,0.08233610159677102,0.041007983323732865,0.05625,0.4291666666666667,1.1,2.4125,0.0,804.5812500000001,88.11458333333333,-3.9375
2023-12-13,3815.0625,0.011449396564387293,87.3473336915606,1829.2981774785728,0.3887952830554022,1791.3778712472124,0.24416097005208334,3.920473402408727e-06,806.3249999999999,0.17452083333333332,0.16,0.08260416666666667,0.07050000000000001,0.14420210757453056,0.08077962248292637,0.040232769677392546,0.10000000000000002,0.40208333333333335,1.0916666666666668,2.3958333333333335,0.11229999,806.3249999999999,77.72708333333334,0.8458333333333333
2023-12-14,3789.4583333333335,0.011488199207021016,87.053265534947,1829.2437905294362,0.3893802874780636,1791.3061090948577,0.24448649088541666,3.923330972335032e-06,806.7229166666666,0.18660416666666668,0.1608125,0.08216666666666667,0.07,0.14922163522904527,0.08656819091921446,0.0431158004901229,0.11666666666666668,0.4604166666666667,1.1,2.3354166666666667,0.0015,806.7229166666666,84.90625,-0.425
2023-12-15,3665.4166666666665,0.011681965973027878,85.61419741331098,1837.5301825444978,0.3812365304425545,1807.3546072040226,0.23520533243815103,3.089741960030426e-06,812.2291666666666,0.19233333333333333,0.1635,0.08245833333333334,0.07,0.1524711941762492,0.09031561411285371,0.04498222681893217,-0.010416666666666666,0.41875,1.075,2.308333333333333,0.0,812.2291666666666,84.9875,-3.766666666666666
2023-12-16,3637.9166666666665,0.01172458610591779,85.29595382876552,1833.7243741904686,0.38416670728244123,1808.926124127698,0.2340240478515625,2.5403393427576386e-06,813.5083333333333,0.15993749999999998,0.16239583333333332,0.08270833333333334,0.07016666666666667,0.13909900937738331,0.07489467967865347,0.037301739039573165,-0.48125,0.21666666666666667,0.9666666666666667,2.295833333333333,0.0,813.5083333333333,76.92083333333333,-4.827083333333333
2023-12-17,3689.7916666666665,0.011642321053377173,85.90085817766895,1824.0326290028408,0.39468676327526947,1799.1502016433742,0.2398554484049479,2.5617673901698765e-06,811.3479166666666,0.114875,0.15458333333333332,0.08266666666666667,0.07008333333333334,0.11835295376067148,0.050970125221350575,0.025385972915284237,-0.9354166666666667,-0.09999999999999999,0.7999999999999999,2.2125,0.0,811.3479166666666,77.17291666666667,-4.545833333333333
2023-12-18,3666.8125,0.01168078719405502,85.62789087887329,1835.8643573471554,0.3826850563060198,1813.2084968130555,0.23189798990885416,2.313350103925214e-06,810.5770833333332,0.08402083333333334,0.13583333333333333,0.08268750000000001,0.07002083333333334,0.09979361236143433,0.029567311009281977,0.014726174463958455,-1.2437500000000001,-0.37916666666666665,0.65,2.1208333333333336,0.0,810.5770833333332,70.35625,-4.595833333333333
2023-12-19,3852.5416666666665,0.011393566552053362,87.77534036240031,1832.9934244036197,0.3857617405375681,1808.1851189668414,0.23477808634440103,2.5397054640386712e-06,804.6791666666667,0.07489583333333333,0.1133125,0.08254166666666667,0.07027083333333334,0.08875918846403766,0.016842305335163704,0.008388409979623037,-1.2479166666666666,-0.5291666666666667,0.4875,2.0166666666666666,0.0,804.6791666666667,73.825,-4.247916666666667
2023-12-20,3878.0416666666665,0.01135635545243916,88.06454500357437,1837.3849721285953,0.38128627790757236,1804.9254093669285,0.2366205851236979,3.3306475435123975e-06,804.3583333333332,0.07704166666666666,0.10412499999999998,0.08218750000000001,0.07077083333333332,0.08658701271764956,0.014337330997129442,0.007140792666095572,-0.6875,-0.34375,0.4000000000000001,1.9166666666666667,0.0,804.3583333333332,73.08749999999999,-0.30000000000000004
2023-12-21,3784.375,0.011496516949886772,86.99331986802393,1858.4907870433817,0.36135175494617017,1814.5946895679524,0.23131306966145834,4.479819336096439e-06,807.4499999999999,0.08552083333333332,0.11020833333333334,0.08193750000000001,0.07052083333333334,0.09192301411243875,0.020490860049227497,0.010205594276285469,-0.18333333333333335,-0.12291666666666667,0.4166666666666667,1.8770833333333332,0.0,807.4499999999999,80.05624999999999,2.28125
2023-12-22,3818.0,0.011446398407639197,87.37734165421143,1880.267078299468,0.3418331679742464,1845.522703022215,0.21491114298502603,3.4845906069100785e-06,808.0520833333334,0.08845833333333335,0.12189583333333333,0.08185416666666667,0.07,0.09686713262340511,0.026192465922861126,0.013045312869345923,-0.5583333333333333,-0.15208333333333332,0.5,1.8104166666666668,0.0,808.0520833333334,87.22083333333335,-2.4250000000000003
2023-12-23,4098.208333333333,0.01104763183693463,90.52843759963018,1875.4539020675893,0.34592620230849414,1834.9184370827534,0.22038777669270834,4.09344582495135e-06,798.3895833333332,0.08772916666666665,0.12083333333333333,0.08143750000000001,0.07002083333333334,0.09613961259703917,0.02535348270546584,0.012627452306110476,-0.33125,-0.11458333333333333,0.5,1.8020833333333333,0.6313,798.3895833333332,87.25416666666666,-0.5791666666666667
2023-12-24,3973.6458333333335,0.011220147899885178,89.14015879389264,1828.0634976604324,0.3917951030451486,1790.8163743334628,0.24542617797851562,3.855287451466851e-06,800.6374999999999,0.097625,0.12779166666666666,0.081125,0.07,0.10233255768352975,0.032495247612982926,0.016184450640374177,-0.10416666666666667,-0.01875,0.5,1.8,4.5355997,800.6374999999999,91.375,-2.1479166666666667
2023-12-25,3898.0,0.01132753856603535,88.29010649081613,1825.8815748149816,0.3930873518733633,1807.285713256579,0.23529942830403647,1.903949495728154e-06,805.4375,0.08697916666666666,0.12447916666666668,0.08116666666666666,0.07,0.09696570939845704,0.026306145624994736,0.0131019317186591,-1.08125,-0.30416666666666664,0.5,1.8,0.0,805.4375,79.16041666666666,-9.635416666666666
2023-12-26,3907.375,0.011313424277243779,88.39757181101164,1827.6904799401775,0.3908824844784768,1810.8826199282648,0.23315811157226562,1.7183162963669848e-06,805.8395833333334,0.07025,0.08979166666666666,0.08127083333333333,0.071,0.0789963524406267,0.0055837072471656,0.0027809984834811885,-1.9854166666666666,-1.0270833333333333,0.34791666666666665,1.7520833333333332,0.0,805.8395833333334,72.98541666666667,-9.7125
2023-12-27,3825.0208333333335,0.011434721971775528,87.46065578000993,1826.088421184042,0.39328406324542026,1806.4135635520217,0.2359619140625,2.0148748968786357e-06,808.5395833333333,0.06727083333333334,0.08085416666666667,0.08097916666666667,0.07062500000000001,0.07479909482180248,0.0007433886667025872,0.00037024913076996144,-2.06875,-1.2770833333333333,0.16458333333333333,1.6520833333333333,0.0,808.5395833333333,75.06875000000001,-7.854166666666667
2023-12-28,3698.1666666666665,0.011629949099842633,85.99624253096901,1816.1973791949106,0.40519645701664136,1797.9966606129483,0.24141438802083334,1.8705109272943307e-06,810.6145833333334,0.06320833333333332,0.076,0.07758333333333334,0.07091666666666667,0.07087520043182362,0.0037816847618161566,0.0018834905058737125,-2.8041666666666667,-1.8958333333333333,-0.07291666666666667,1.53125,0.0,810.6145833333334,74.98541666666667,-8.766666666666667
2023-12-29,3640.6458333333335,0.011721848837238806,85.32391504819184,1814.0436884359726,0.4066199455607569,1795.3670298683544,0.24258804321289062,1.9237120162282867e-06,812.5145833333332,0.06066666666666667,0.072875,0.06572916666666667,0.07,0.06626349712531658,0.009099946167062441,0.00453228211475582,-3.122916666666667,-2.283333333333333,-0.46249999999999997,1.3812499999999999,0.0,812.5145833333332,73.84375,-7.947916666666667
2023-12-30,3722.125,0.011592009884360469,86.27547203839622,1816.4799248100783,0.40249118164543635,1796.597328766962,0.24123001098632812,2.0486300310878724e-06,809.4604166666667,0.059166666666666666,0.07066666666666667,0.05975,0.07004166666666667,0.06367304033655145,0.01208728629846445,0.006020144570168159,-3.3166666666666664,-2.5500000000000003,-0.8250000000000001,1.2041666666666666,0.0,809.4604166666667,76.38958333333333,-7.495833333333334
2023-12-31,3854.1666666666665,0.01139082055167538,87.79474039884049,1823.4990253895903,0.39484566539064375,1797.593615565556,0.24056879679361978,2.6691958594614785e-06,804.8916666666668,0.06066666666666667,0.07114583333333332,0.058,0.07,0.06406090104217348,0.011640001535281464,0.00579737174325687,-2.347916666666667,-2.0,-0.9541666666666666,1.03125,0.0,804.8916666666668,72.21666666666667,-3.247916666666667
2024-01-01,3819.8333333333335,0.011442571081102243,87.401110618229,1823.671355542819,0.39515453316332727,1797.8214799506297,0.24056625366210938,2.6601018219594197e-06,807.2229166666666,0.0613125,0.0719375,0.058375,0.07041666666666667,0.06468336424739131,0.010922170872622627,0.005439851927857545,-2.5104166666666665,-1.9666666666666668,-0.875,0.8979166666666667,0.0,807.2229166666666,80.69791666666667,-4.9437500000000005
2024-01-02,3846.3333333333335,0.011402817590179292,87.70444569241643,1822.055041676845,0.39656634664307466,1798.921402465917,0.2398656209309896,2.3807740060641815e-06,807.5791666666668,0.0590625,0.07027083333333334,0.0575,0.070875,0.06307364957197503,0.012778509596678374,0.006364412430030543,-3.1354166666666665,-2.46875,-1.1229166666666666,0.8145833333333333,0.0,807.5791666666668,75.71666666666667,-5.389583333333333
2024-01-03,3950.9166666666665,0.011251830318104492,88.88629103615733,1845.0736438433548,0.3734784142578024,1823.9905071906103,0.22592926025390625,2.1396244864045433e-06,805.1979166666666,0.0571875,0.06831250000000001,0.05604166666666666,0.07027083333333334,0.06133432582469027,0.01478431477138704,0.007363415583688912,-3.68125,-2.952083333333333,-1.4604166666666665,0.6687500000000001,0.0,805.1979166666666,75.04791666666667,-6.8500000000000005
2024-01-04,4062.6666666666665,0.011095491574690594,90.1359902372488,1827.9987035721172,0.3911754364448938,1801.7743245952213,0.23865890502929688,2.6972491284705197e-06,797.8874999999999,0.0581875,0.06845833333333333,0.05497916666666667,0.07083333333333333,0.06159302423990315,0.014485981226103724,0.00721482879353697,-2.597916666666667,-2.3291666666666666,-1.4854166666666666,0.5145833333333333,0.0,797.8874999999999,66.95416666666667,-2.46875
2024-01-05,4042.8541666666665,0.011121881022169136,89.91799348904625,1821.5766387296605,0.39696014638302923,1793.5167528578747,0.2429962158203125,2.897707162122825e-06,798.7958333333332,0.06158333333333333,0.07114583333333334,0.05585416666666667,0.07097916666666666,0.0640330927917151,0.011672070281974591,0.005813343772586668,-1.8270833333333334,-1.6312499999999999,-1.0729166666666667,0.48125,0.4781,798.7958333333332,72.51458333333333,-2.535416666666667
2024-01-06,4063.7916666666665,0.011094300897780365,90.14751904338061,1823.9771344587837,0.39497038901892156,1802.8257226077415,0.2378819783528646,2.1746564202486508e-06,799.4625,0.06060416666666666,0.07066666666666667,0.05658333333333334,0.07097916666666666,0.0636364819181307,0.012129445824522767,0.006041142371958713,-2.379166666666667,-1.9124999999999999,-1.03125,0.5,0.4206,799.4625,62.99375,-4.3875
2024-01-07,4305.041666666667,0.010780084756849462,92.78154864523695,1820.621179298224,0.39809866537312305,1798.78676653633,0.24007415771484375,2.2513961932244123e-06,791.5749999999999,0.058979166666666666,0.06935416666666668,0.0555,0.071375,0.06234652933035966,0.013617031778385094,0.006782043371709203,-2.7291666666666665,-2.2958333333333334,-1.3145833333333332,0.4166666666666667,0.0,791.5749999999999,65.55624999999999,-4.666666666666667
2024-01-08,4253.333333333333,0.01084732641709823,92.2172974689948,1812.8727028494343,0.405776206717437,1786.5493229605308,0.24689229329427084,2.7280649294961838e-06,792.3000000000001,0.06004166666666666,0.07006250000000001,0.05545833333333333,0.073,0.06309242507966352,0.012756857497385104,0.006353628473667263,-2.066666666666667,-1.8291666666666666,-1.2145833333333333,0.33749999999999997,2.5375,792.3000000000001,82.86458333333333,-5.314583333333333
2024-01-09,3946.125,0.01125853341972994,88.83271408486293,1807.2249008010197,0.4123065867562605,1792.9827523151916,0.2432276407877604,1.4695691491246054e-06,802.4041666666667,0.0574375,0.06839583333333334,0.0551875,0.0711875,0.0613348932652848,0.014783660393337741,0.007363089666823616,-3.225,-2.620833333333333,-1.4000000000000001,0.30416666666666664,0.0,802.4041666666667,72.23333333333333,-11.679166666666667
2024-01-10,4205.625,0.010905658518651495,91.70707598717844,1802.4795674827083,0.41768237833955496,1782.0031526968387,0.24995295206705728,2.130063349342636e-06,792.5041666666666,0.057125,0.06727083333333334,0.054,0.071,0.06057948700202965,0.015654802292141737,0.007796967051906908,-2.8666666666666667,-2.5708333333333333,-1.6979166666666667,0.16458333333333333,2.5001,792.5041666666666,71.37916666666666,-6.177083333333333
2024-01-11,4304.333333333333,0.010779809892225127,92.77726857067434,1790.969062532461,0.43086708005177005,1768.180406786539,0.25862375895182294,2.3908925924164235e-06,787.3854166666666,0.058375,0.06847916666666667,0.05447916666666667,0.071,0.06157919725538527,0.014501926640026738,0.007222770501433796,-2.347916666666667,-2.1395833333333334,-1.5083333333333335,0.10000000000000002,4.7401,787.3854166666666,68.03958333333334,-4.4937499999999995
2024-01-12,4061.875,0.011095800660014076,90.12929808418399,1779.1449356278488,0.4443637359309586,1765.5768260923107,0.25986607869466144,1.4230207011412847e-06,794.6854166666667,0.057125,0.06779166666666668,0.0545,0.07095833333333333,0.06085273757128459,0.015339687060340139,0.007640022043336318,-2.9562500000000003,-2.5166666666666666,-1.5687499999999999,0.08125,1.0074999,794.6854166666667,62.074999999999996,-9.995833333333334
2024-01-13,4062.9583333333335,0.01109462991875614,90.14047878300586,1778.6915419015697,0.4450476428515579,1758.902831728202,0.2643394470214844,2.086474752096713e-06,793.5458333333332,0.057791666666666665,0.06770833333333333,0.054,0.07,0.06093248126381008,0.015247725853366628,0.007594220219241357,-2.5166666666666666,-2.314583333333333,-1.6500000000000001,-0.016666666666666666,2.6023998,793.5458333333332,51.21666666666667,-2.033333333333333
2024-01-14,4059.1666666666665,0.011100166649517485,90.09744213077211,1770.8438298314147,0.4552238307734819,1739.0737928889157,0.27806345621744794,3.388328666327561e-06,792.7645833333332,0.05983333333333333,0.0695,0.05477083333333333,0.07,0.06250357686314358,0.013435923025960505,0.006691841084314279,-1.7729166666666665,-1.6895833333333332,-1.3354166666666665,-0.02291666666666667,7.1078,792.7645833333332,71.8125,-0.1875
2024-01-15,3826.1458333333335,0.011434740710069715,87.46923652444093,1721.6813011648144,0.5246543943941412,1689.5774563240705,0.31610107421875,3.516286142305828e-06,796.8416666666667,0.063125,0.07191666666666667,0.05570833333333333,0.07025,0.06483274869850338,0.010749899261009575,0.005354051030812674,-1.1624999999999999,-1.1104166666666668,-0.9562499999999999,0.06458333333333334,8.6388,796.8416666666667,84.37916666666666,-2.3937500000000003
2024-01-16,3586.2083333333335,0.011809111253124284,84.6868794352806,1685.513944862483,0.5844200002565276,1673.2657543706803,0.3300323486328125,1.3555135689055139e-06,804.7666666666668,0.06108333333333333,0.07091666666666667,0.05633333333333334,0.071,0.06385949989681969,0.011872259307978191,0.005913049103307255,-1.9145833333333335,-1.5520833333333333,-0.9145833333333333,0.1875,0.9043,804.7666666666668,76.23333333333333,-13.585416666666667
2024-01-17,3675.3125,0.011666094732091311,85.73001287661619,1680.6831388359724,0.5935339387386288,1663.0165375261956,0.3396492004394531,1.969738275636947e-06,800.5666666666666,0.058249999999999996,0.06858333333333334,0.0551875,0.071,0.061712914626682436,0.014347722458249198,0.00714596819488603,-2.591666666666667,-2.21875,-1.3375000000000001,0.13958333333333334,0.0,800.5666666666666,88.17083333333333,-11.341666666666667
2024-01-18,3601.3333333333335,0.011785560658244364,84.86221273416496,1674.471935706628,0.6070475917004009,1640.3147430640965,0.36293665568033856,3.85752755441355e-06,801.9104166666666,0.059395833333333335,0.06927083333333334,0.05497916666666667,0.07029166666666667,0.062313629125228906,0.013654972617060621,0.006800940031248831,-1.9583333333333333,-1.83125,-1.3666666666666665,0.0020833333333333333,10.993,801.9104166666666,89.71875,-1.6416666666666666
2024-01-19,3431.5833333333335,0.012072353742195995,82.84077454613733,1658.4940468283091,0.6386955728753884,1632.8229898617662,0.3702201843261719,2.9071462485047886e-06,808.8458333333333,0.06122916666666667,0.07095833333333333,0.05539583333333333,0.0703125,0.0636928109935806,0.012064486583208248,0.006008789036873771,-1.7208333333333332,-1.4979166666666668,-1.0666666666666667,0.0375,0.43359998,808.8458333333333,86.75208333333335,-5.189583333333333
2024-01-20,3530.375,0.011904555130464229,84.01929475627982,1653.8087770626018,0.6503941199486172,1626.6758619413806,0.3779106140136719,3.085476020051969e-06,804.9145833333333,0.06037499999999999,0.0704375,0.05541666666666667,0.07079166666666666,0.06321090744002192,0.01262022247938482,0.0062855765932535645,-1.9333333333333333,-1.6916666666666667,-1.13125,0.09791666666666667,0.0,804.9145833333333,84.56041666666667,-3.8312500000000003
2024-01-21,3705.25,0.01161844317684813,86.07952623365821,1670.7488802832775,0.6147591182980696,1634.3172396786529,0.36937204996744794,4.1270065727985345e-06,798.88125,0.06306250000000001,0.071875,0.05577083333333333,0.07014583333333334,0.06480110668301413,0.010786389143071857,0.005372225032812711,-1.2437500000000001,-1.1937499999999999,-0.9812500000000001,0.08333333333333333,0.0094,798.88125,81.47916666666667,0.6729166666666666
2024-01-22,3734.9583333333335,0.011571511888203401,86.4255042061535,1694.7923600255108,0.5707974989976906,1653.4162221968252,0.3502235412597656,4.634684564700859e-06,799.1583333333333,0.06974999999999999,0.07620833333333334,0.05741666666666667,0.070125,0.06925952390945815,0.005644898746144852,0.0028114752721684223,-0.5708333333333333,-0.6062500000000001,-0.65625,0.16458333333333333,0.48139998,799.1583333333333,88.20625,1.3604166666666666
2024-01-23,3686.6041666666665,0.01164735097233876,85.86373488839551,1702.6966672165656,0.5561453154421039,1670.9162893551281,0.33306121826171875,3.52262306185251e-06,799.6333333333333,0.07414583333333333,0.07960416666666667,0.05925,0.07070833333333333,0.07256280761842497,0.0018355196312331726,0.000914191429618841,-0.5270833333333333,-0.44375000000000003,-0.43124999999999997,0.26875,0.0,799.6333333333333,83.27916666666667,-1.4749999999999999
2024-01-24,3624.1458333333335,0.011747171192333558,85.13355104397718,1713.690652322947,0.5384745014416208,1681.606120959853,0.32370249430338544,3.5331528077584192e-06,801.5083333333333,0.07308333333333333,0.07989583333333333,0.06016666666666667,0.071,0.0724404823484959,0.0019765863301754467,0.000984450534987824,-0.64375,-0.5187499999999999,-0.38333333333333336,0.3645833333333333,0.0,801.5083333333333,78.82083333333334,-0.8416666666666667
2024-01-25,3620.6875,0.01175297747253558,85.09244457727476,1709.4446925616446,0.5440961961647374,1674.792250840764,0.3291117350260417,3.831092561117473e-06,801.7604166666666,0.07441666666666667,0.081125,0.06095833333333334,0.071,0.07354689530249524,0.0007006600789752184,0.0003489679044428783,-0.46458333333333335,-0.3875,-0.3125,0.40416666666666673,0.0,801.7604166666666,82.50625000000001,-0.42083333333333334
2024-01-26,3557.9166666666665,0.011857583802216519,84.34832349932584,1711.6126062431474,0.541478265404336,1678.6112530088913,0.32619603474934894,3.6410366016931843e-06,804.4,0.07506249999999999,0.08210416666666667,0.06235416666666666,0.071,0.07442254538986214,0.00030914817507552415,0.00015397308060741022,-0.45416666666666666,-0.3520833333333333,-0.25,0.48541666666666666,0.0,804.4,80.98333333333333,-0.7833333333333333
2024-01-27,3389.9375,0.01214670216028454,82.33562458975757,1706.4989883898595,0.5500836383646829,1681.4940256844131,0.3235880533854167,2.751890459196159e-06,813.0541666666667,0.07066666666666667,0.07975,0.06327083333333333,0.07097916666666666,0.0720747775480297,0.0023983206866090992,0.001194497830405982,-1.1187500000000001,-0.71875,-0.24166666666666667,0.5020833333333333,0.0,813.0541666666667,77.30833333333334,-3.7375000000000003
2024-01-28,3350.6041666666665,0.012216954517811587,81.85842665221759,1704.9623275947881,0.5502464078766699,1681.6288764370859,0.32253265380859375,2.570051770178164e-06,815.38125,0.064,0.07425,0.06087499999999999,0.071,0.06708569933725952,0.008151774526247107,0.004060039610185789,-1.9916666666666665,-1.4625000000000001,-0.5270833333333333,0.5041666666666667,0.0,815.38125,72.30624999999999,-3.6875
2024-01-29,3378.7291666666665,0.012166714850555928,82.19965508996661,1695.9991387646935,0.5668272637145397,1666.8978341433437,0.33632151285807294,3.232706568979514e-06,814.2708333333334,0.0635,0.07285416666666666,0.05860416666666667,0.071,0.0659476063730967,0.009464234475339946,0.004713718065464721,-1.8083333333333333,-1.4749999999999999,-0.7458333333333332,0.4666666666666666,0.0,814.2708333333334,76.45833333333333,-1.2270833333333333
2024-01-30,3493.5208333333335,0.011965728760866852,83.58297779622107,1711.3767401123475,0.5419369893743108,1680.624174783242,0.3242848714192708,3.386036940749704e-06,811.6770833333334,0.06456250000000001,0.0736875,0.058229166666666665,0.071,0.066568326445843,0.00874841401011391,0.004357199440809224,-1.5770833333333334,-1.2708333333333333,-0.71875,0.4000000000000001,0.0,811.6770833333334,76.45833333333333,-0.6270833333333333
2024-01-31,3591.625,0.011801042319986285,84.74878230701131,1713.2153008366138,0.5380207578643005,1685.1637455357677,0.31994374593098956,3.080925584725069e-06,808.9479166666666,0.06354166666666666,0.073,0.05785416666666667,0.071,0.06585284356590175,0.009573515872399161,0.004768146312871253,-1.8604166666666666,-1.4749999999999999,-0.7833333333333333,0.39375000000000004,0.0,808.9479166666666,75.01458333333333,-1.3916666666666666
2024-02-01,3764.0833333333335,0.011528347331339063,86.7575502693851,1722.152447230442,0.5249617715871687,1692.441557319791,0.31423695882161456,3.248358485415613e-06,802.9250000000001,0.06354347826086956,0.07265217391304347,0.05771739130434783,0.07095652173913043,0.06570872801192912,0.009739711340244393,0.004850920950505355,-1.8108695652173912,-1.4869565217391305,-0.85,0.29782608695652174,0.0,802.9250000000001,74.32291666666667,-0.7791666666666668
2024-02-02,4063.0416666666665,0.011096194969315796,90.13685102426571,1736.2722256164461,0.5020196877284915,1698.9001944660777,0.3082377115885417,4.074474273201582e-06,792.725,0.06758333333333334,0.07504166666666666,0.05791666666666667,0.071,0.06816234820616128,0.006910172509395085,0.003441652367963265,-0.8041666666666667,-0.7937500000000001,-0.6791666666666667,0.3,0.3346,792.725,76.94791666666667,1.5041666666666667
2024-02-03,4013.4583333333335,0.011162592208103094,89.59033873375853,1698.0017165604793,0.5628817419441577,1654.6043082371395,0.34787241617838544,4.857997541840411e-06,790.24375,0.07535416666666667,0.08022916666666667,0.059958333333333336,0.071,0.07342139764740557,0.0008453852035448205,0.00042104911037536987,-0.2625,-0.3416666666666666,-0.4041666666666666,0.3854166666666667,13.119499,790.24375,96.85208333333333,0.5166666666666667
2024-02-04,3797.9791666666665,0.011478246164557391,87.14363398171783,1712.2978067599463,0.5388446417815322,1676.573632830403,0.32723108927408856,3.945888937772926e-06,799.8291666666668,0.07920833333333334,0.08375,0.06202083333333333,0.071,0.07656120922861064,0.0027754762531120116,0.0013823423953253757,-0.2833333333333333,-0.22708333333333333,-0.24375,0.45416666666666666,5.6384,799.8291666666668,87.61458333333333,-0.8458333333333333
2024-02-05,3618.4583333333335,0.011757080508365582,85.06508523030209,1704.6955830209045,0.5531435522378713,1678.76616408541,0.3259531656901042,2.8572622570358074e-06,806.3416666666667,0.07129166666666667,0.08070833333333334,0.06358333333333334,0.07095833333333333,0.0727042326563757,0.001672426892806659,0.0008329621247584967,-1.4312500000000001,-0.8479166666666668,-0.2520833333333333,0.5,0.0,806.3416666666667,85.04166666666667,-4.875
2024-02-06,3702.625,0.011622872640196458,86.04823325984336,1702.3436552982519,0.5562898754618789,1665.7992802755516,0.33759816487630206,4.063602410230445e-06,801.5833333333334,0.07104166666666667,0.07893750000000001,0.063,0.07070833333333333,0.0718881858732767,0.0026135000328126995,0.0013016691789347668,-0.7374999999999999,-0.61875,-0.325,0.5104166666666666,0.5227,801.5833333333334,80.53750000000001,0.9437500000000001
2024-02-07,4022.75,0.011151392976166444,89.68941789514939,1714.5102131626752,0.5364745327668009,1678.0797450232637,0.32680511474609375,4.027015368726667e-06,790.9083333333333,0.07725,0.08229166666666667,0.06360416666666667,0.07070833333333333,0.07561456253963394,0.0016837940229725962,0.0008386235912992169,-0.2604166666666667,-0.28541666666666665,-0.22708333333333333,0.5791666666666667,0.895,790.9083333333333,71.11041666666667,2.6666666666666665
2024-02-08,3982.2083333333335,0.011207261866036211,89.23833161576447,1719.3148337545829,0.5271319697473412,1687.7114976866199,0.31725184122721356,3.4670950069465565e-06,793.4666666666667,0.08122916666666667,0.08541666666666665,0.06564583333333333,0.07072916666666666,0.07867270165204118,0.005210469988974428,0.002595105455236339,-0.16874999999999998,-0.1729166666666667,-0.14791666666666667,0.5979166666666667,5.1057997,793.4666666666667,69.93333333333332,0.6437499999999999
2024-02-09,3888.6875,0.011340936847219325,88.18500631907303,1715.3887854734758,0.5347103660741246,1687.611611162298,0.3180338541666667,3.048298855191073e-06,796.5500000000001,0.07877083333333333,0.08520833333333333,0.0681875,0.07064583333333334,0.07814685289105143,0.0046040560493303875,0.0022930773989896583,-0.5770833333333333,-0.32708333333333334,-0.10000000000000002,0.6,3.1575,796.5500000000001,81.53750000000001,-3.4812499999999997
2024-02-10,3819.5625,0.011442785036218527,87.39849882387519,1704.5964295785027,0.5519900028011312,1678.3108821046305,0.32588958740234375,2.8996882603258724e-06,797.7062500000001,0.074125,0.0825,0.06881250000000001,0.07054166666666667,0.07551608238954485,0.0015702257496921607,0.0007820602397866906,-0.8291666666666666,-0.5291666666666667,-0.12708333333333335,0.6041666666666666,1.7552999,797.7062500000001,79.76875,-3.625
2024-02-11,3662.0625,0.011687308848327102,85.57499236296911,1694.7487043399594,0.569040457603517,1672.4410713488305,0.33139801025390625,2.4723346259799343e-06,802.4229166666668,0.07135416666666666,0.08016666666666666,0.06733333333333334,0.07027083333333334,0.073308156616032,0.0009759758696430895,0.00048609056550546077,-1.04375,-0.7125,-0.20833333333333334,0.6687500000000001,0.0,802.4229166666668,71.17708333333333,-4.210416666666666
2024-02-12,3588.6666666666665,0.011806246522638647,84.71308584909788,1710.4820733692768,0.5487645639970344,1690.2797214474551,0.31831995646158856,2.209676363700258e-06,805.2937499999999,0.0668125,0.07645833333333334,0.06439583333333333,0.07045833333333333,0.06965518320166307,0.005188620576560208,0.002584223225903892,-1.6937499999999999,-1.2041666666666666,-0.3333333333333333,0.6687500000000001,0.0,805.2937499999999,65.21666666666667,-4.602083333333334
2024-02-13,3578.25,0.011824877477276343,84.58649698339431,1703.2624701303587,0.5553838894076041,1680.9360040310787,0.3241119384765625,2.459043437423799e-06,803.6083333333332,0.06483333333333334,0.07429166666666666,0.0613125,0.07047916666666666,0.06749790080908627,0.007676419753161696,0.003823286348499814,-1.9958333333333333,-1.48125,-0.5270833333333333,0.6,0.0,803.6083333333332,71.83541666666666,-3.65
2024-02-14,3700.9791666666665,0.011624905349851491,86.03049781831669,1730.1298003037193,0.51293812349766,1704.21318410421,0.3047943115234375,2.8164040054207245e-06,800.6374999999999,0.06510416666666667,0.0736875,0.059666666666666666,0.07033333333333334,0.06705279934876375,0.008189715115097054,0.004078936145298306,-1.5958333333333332,-1.3499999999999999,-0.6958333333333333,0.5187499999999999,0.099599995,800.6374999999999,67.00416666666666,-1.6270833333333332
2024-02-15,3585.3125,0.011810877904008003,84.67560106264449,1708.5602647734122,0.5459431685773869,1679.8752610590718,0.3248036702473958,3.1622521930815454e-06,802.9979166666667,0.06958333333333333,0.07664583333333333,0.05997916666666667,0.07041666666666667,0.06989535597264547,0.004911650985584028,0.002446276879797341,-0.75625,-0.7104166666666667,-0.525,0.49374999999999997,1.3655,802.9979166666667,56.612500000000004,2.247916666666667
2024-02-16,3570.0,0.011836613870416582,84.4935394266013,1705.2915771275168,0.5526665823813873,1668.3366568336742,0.33569971720377606,4.099410714520618e-06,803.2458333333334,0.075375,0.08041666666666668,0.06166666666666667,0.07033333333333334,0.07381417115275331,0.0003924349516179912,0.00019545455322154354,-0.2333333333333333,-0.325,-0.33125,0.5,5.4937,803.2458333333334,88.51666666666667,-0.49583333333333335
2024-02-17,3477.8333333333335,0.011993697842161267,83.39278352857582,1695.8680989558086,0.5685182674951187,1666.6824708444094,0.33736419677734375,3.2456725905943948e-06,806.0916666666667,0.07866666666666666,0.083,0.06352083333333333,0.07025,0.07637253144100789,0.002557891181145413,0.0012739728608240069,-0.20833333333333334,-0.21250000000000002,-0.20833333333333334,0.5187499999999999,4.2303,806.0916666666667,76.19166666666666,-1.33125
2024-02-18,3557.9166666666665,0.01185713621941327,84.3493532914135,1705.7157829647751,0.5507061649441339,1685.0565368630741,0.3201866149902344,2.2678900114452215e-06,805.1750000000001,0.07054166666666667,0.07941666666666668,0.06433333333333334,0.07064583333333334,0.07212159333938403,0.0023443322576560664,0.0011676085734306757,-1.3729166666666668,-0.8312499999999999,-0.23958333333333334,0.5979166666666667,0.0,805.1750000000001,73.27916666666667,-5.9750000000000005
2024-02-19,3559.6458333333335,0.011853627384524805,84.37138208901979,1702.338697960935,0.5556189192384393,1673.323044569572,0.3305460611979167,3.215717760105986e-06,804.4583333333334,0.06883333333333334,0.07706249999999999,0.06258333333333334,0.07066666666666667,0.07029535929732811,0.004450363235214602,0.002216529782136192,-1.1500000000000001,-0.8875000000000001,-0.3625,0.6,1.0358,804.4583333333334,76.87291666666667,-0.7291666666666666
2024-02-20,3578.7708333333335,0.011822255700608358,84.59693128792618,1714.9621150617425,0.5365222698231358,1684.4401586591623,0.32146581013997394,3.359657046845425e-06,805.56875,0.07366666666666667,0.07952083333333333,0.06252083333333333,0.070125,0.07300185868118537,0.001329201647004571,0.0006620167571351149,-0.36874999999999997,-0.42291666666666666,-0.3333333333333333,0.5208333333333334,0.0,805.56875,54.93541666666667,3.733333333333333
2024-02-21,3713.7083333333335,0.01161045560151242,86.16464279667976,1740.9278380059332,0.4969734898433267,1708.282067817291,0.3020032246907552,3.5544947668030113e-06,802.4625,0.08110416666666667,0.0835,0.06408333333333334,0.07006250000000001,0.07762751427932146,0.004005149677552186,0.001994788531408381,-0.10416666666666667,-0.19166666666666668,-0.19999999999999998,0.56875,0.8815,802.4625,57.93333333333334,4.941666666666666
2024-02-22,3645.7916666666665,0.011714706559163061,85.38137764757624,1733.9657694772802,0.5059752943983229,1698.6953605471451,0.3089548746744792,3.852273712835573e-06,804.4145833333333,0.09214583333333333,0.08729166666666666,0.0666875,0.0705625,0.0839006762692668,0.01123942150351952,0.005597860484601914,-0.0020833333333333333,-0.05833333333333334,-0.11041666666666668,0.6,1.4107,804.4145833333333,71.76041666666667,1.9541666666666666
2024-02-23,3551.4791666666665,0.01186677218715964,84.27566937031771,1731.1172570583049,0.5103520915645244,1704.9526121294232,0.3036308288574219,2.8406151886665366e-06,809.5875,0.10368749999999999,0.09149999999999998,0.06966666666666667,0.070875,0.09057991138662635,0.018941980835794466,0.009434165805382139,0.0,0.0,-0.08750000000000001,0.6,0.0,809.5875,65.01041666666667,-0.6916666666666665
2024-02-24,3614.75,0.011762766025224332,85.0223025489379,1745.9256081468186,0.4893449446144052,1722.818629350337,0.29011281331380206,2.4838635291320768e-06,808.30625,0.09368749999999999,0.09006249999999999,0.07231249999999999,0.071,0.08664410753842322,0.014403173303448582,0.0071735858169391055,-0.21041666666666667,-0.075,-0.0375,0.6625,0.0,808.30625,64.46875,-1.90625
2024-02-25,3698.0625,0.011629194319662972,85.99731014235716,1753.3651594189778,0.47877973534048346,1729.625646245859,0.2849782307942708,2.542333224612017e-06,804.99375,0.08329166666666667,0.0855625,0.07283333333333332,0.071,0.08109301957677052,0.008001604316577817,0.003985246447351842,-0.3958333333333333,-0.26875,-0.027083333333333334,0.6916666666666665,0.0,804.99375,59.53541666666666,0.17083333333333328
2024-02-26,3914.6875,0.011305612838931502,88.47302571537767,1777.8783327500917,0.447289050044396,1749.2544440423662,0.27139536539713544,3.034006956369164e-06,798.1437500000001,0.0894375,0.08735416666666666,0.072,0.071,0.08398035326850968,0.011331305799146554,0.005643624002544985,-0.06875,-0.13333333333333333,-0.03333333333333333,0.6999999999999998,0.6709,798.1437500000001,37.052083333333336,8.252083333333333
2024-02-27,4136.729166666667,0.011001099702463242,90.93915977942517,1789.9001649617387,0.4338744238322514,1757.0541054681073,0.26647059122721356,3.460862058230653e-06,791.1166666666667,0.100125,0.09135416666666667,0.07356249999999999,0.071,0.08992819373028753,0.01819041365367894,0.00905984331654491,0.010416666666666666,-0.014583333333333335,0.0,0.6999999999999998,1.6222,791.1166666666667,62.47708333333333,3.2729166666666667
2024-02-28,3663.2916666666665,0.011686213149051288,85.58725870608616,1749.6269789939897,0.4837525745417386,1733.355534230248,0.2821248372395833,1.737294683000175e-06,806.2020833333332,0.10497916666666667,0.09404166666666668,0.0754375,0.07097916666666666,0.09315920506620617,0.0219164475603884,0.010915616584245951,-0.0062499999999999995,-0.0062499999999999995,-0.0062499999999999995,0.6999999999999998,5.1008997,806.2020833333332,74.92916666666666,-9.785416666666666
2024-02-29,3732.2708333333335,0.011576718234402414,86.39179415749624,1763.097414964869,0.46504271609582165,1741.064647452871,0.2764778137207031,2.3442287135186317e-06,804.5916666666667,0.09252083333333333,0.09149999999999998,0.07660416666666667,0.071,0.08755171432345495,0.015449834334127471,0.0076948815457784725,-0.15,-0.05416666666666667,0.0020833333333333333,0.6999999999999998,0.0051,804.5916666666667,72.06666666666666,-3.90625
2024-03-01,3898.4375,0.011326300415322607,88.29663863524648,1782.6046643637449,0.4409050714131746,1757.6583590928765,0.26534144083658856,2.628200822584446e-06,800.6645833333333,0.092125,0.08956249999999999,0.076375,0.07095833333333333,0.08670984714238589,0.014478984858380471,0.007211344211131953,-0.1625,-0.13333333333333333,-0.006249999999999999,0.7041666666666666,0.0,800.6645833333333,47.29583333333333,3.0437499999999997
2024-03-02,4115.333333333333,0.01102760487447451,90.70912554147255,1813.5985590414166,0.40544323246017794,1789.8532670555994,0.24522908528645834,2.4592209461004764e-06,795.5291666666667,0.09604166666666668,0.09158333333333334,0.07522916666666667,0.071,0.08870826182490808,0.01678357623630785,0.008359159603909436,-0.060416666666666674,-0.06875,0.01875,0.7291666666666666,0.0,795.5291666666667,28.01875,9.114583333333334
2024-03-03,4127.125,0.01101653781234742,90.8259803860996,1771.3592371718112,0.4631517874982336,1737.0748455868197,0.2837028503417969,3.662634901729089e-06,791.0708333333333,0.10610416666666667,0.09493750000000001,0.07564583333333333,0.071,0.0939504558344387,0.022828925693278043,0.011370081725673983,0.025000000000000005,0.0,0.06875,0.775,11.0759,791.0708333333333,75.91458333333334,0.9541666666666666
2024-03-04,3774.2083333333335,0.011513845165064105,86.87172360479684,1694.630170414786,0.5715445465804282,1661.8020563848515,0.34209569295247394,3.6561832909298533e-06,796.7520833333333,0.11285416666666666,0.09749999999999999,0.076,0.071,0.09758457840649311,0.027019831424273565,0.013457387160289566,-0.0020833333333333333,0.0,0.09375,0.7895833333333333,9.8695,796.7520833333333,89.16250000000001,-2.4770833333333333
2024-03-05,3578.0625,0.01182334106699668,84.58875138170251,1669.1595137506872,0.61888846121105,1635.1921076550896,0.36887868245442706,3.845303215740772e-06,800.9104166666666,0.11787500000000001,0.1001875,0.076625,0.071,0.10061894737326164,0.030519095425596526,0.015200216332775166,0.0,0.0,0.10000000000000002,0.8000000000000002,2.0802,800.9104166666666,85.23958333333333,-0.6416666666666666
2024-03-06,3687.9791666666665,0.011647268818270363,85.87458246877976,1698.1478371500325,0.5646548423811208,1662.1486685665416,0.34171295166015625,4.013753811947639e-06,799.2166666666667,0.132875,0.10454166666666666,0.0843125,0.071,0.10972186155076791,0.04101666517974631,0.02042859315739251,0.0,0.0,0.10000000000000002,0.8000000000000002,0.6568,799.2166666666667,83.49374999999999,0.5041666666666668
2024-03-07,3867.5208333333335,0.011372612020611744,87.94290037779608,1730.8654496617903,0.5111364058307165,1691.3091514133191,0.31510162353515625,4.331915641996314e-06,796.13125,0.16897916666666668,0.1178125,0.11702083333333334,0.071,0.13555392673724434,0.07080645566891342,0.035265574844720406,0.0,0.006250000000000001,0.10416666666666667,0.8000000000000002,1.4633,796.13125,83.54791666666667,1.3166666666666667
2024-03-08,3804.5208333333335,0.011466299763460619,87.22388014523723,1750.07097915532,0.48229671665490087,1707.8648303932432,0.30096689860026044,4.57691070465192e-06,799.9625,0.190125,0.12497916666666666,0.10781249999999999,0.071,0.14446972869633967,0.08108824578081675,0.04038648133980747,0.0,0.006250000000000001,0.16041666666666668,0.8000000000000002,2.0795,799.9625,91.81666666666666,0.46249999999999997
2024-03-09,3638.1666666666665,0.011725799331359915,85.29494556938916,1761.5761844464253,0.46901880570590054,1730.445110123469,0.2849413553873698,3.332509180062811e-06,807.0729166666666,0.20722916666666666,0.1345625,0.10458333333333332,0.071,0.15380960172162578,0.0918590787982387,0.045750958552054695,0.0,0.0,0.19791666666666666,0.8000000000000002,1.9858999,807.0729166666666,82.19375000000001,-1.6958333333333335
2024-03-10,3724.2708333333335,0.01158841635726473,86.30097801193374,1790.2975282066566,0.43202006885452676,1763.7330539863367,0.2614390055338542,2.7869727012282603e-06,807.1729166666668,0.20504166666666668,0.14591666666666667,0.10329166666666667,0.071,0.156350856211242,0.0947896783565332,0.047210561028786395,-0.02916666666666667,0.0020833333333333333,0.20000000000000004,0.8145833333333333,0.0,807.1729166666668,65.98333333333333,-0.4229166666666666
2024-03-11,3899.6875,0.01132505590246529,88.30930980087145,1800.070552847076,0.42073540892947986,1772.976114427304,0.25562159220377606,2.829763712519521e-06,803.0875,0.19879166666666667,0.15858333333333333,0.103,0.071,0.15789203254607123,0.09656697799517999,0.04809575564608611,0.0020833333333333333,0.004166666666666667,0.20000000000000004,0.8624999999999999,0.0,803.0875,61.18541666666667,1.375
2024-03-12,4020.6875,0.011153696708752174,89.66792927989788,1835.178344387043,0.38364399546258304,1803.5745359384118,0.23753738403320312,3.2483865525283034e-06,800.81875,0.20795833333333333,0.1658125,0.1024375,0.071,0.16382708360026857,0.10341133697967225,0.0515046291979608,0.21875,0.0,0.20208333333333336,0.8875000000000001,0.6667,800.81875,50.07708333333333,5.808333333333334
2024-03-13,4178.5625,0.010941211062368976,91.4107118532494,1863.697557358246,0.35659556792149033,1819.8535388091284,0.22853978474934897,4.465800370317407e-06,796.8145833333333,0.24570833333333333,0.17614583333333333,0.10310416666666666,0.071,0.18257046384623904,0.12502638659167795,0.062270132747931514,0.3229166666666667,0.0,0.225,0.8979166666666667,1.4832,796.8145833333333,79.66250000000001,2.6354166666666665
2024-03-14,4132.9375,0.011001126190576757,90.91117441871897,1858.7691599217208,0.36064967184009916,1822.2764526024796,0.22700881958007812,3.7123052280019223e-06,798.8729166666667,0.261375,0.18885416666666666,0.10697916666666667,0.071,0.19385480715094894,0.13803960177321628,0.06875144168536607,0.27291666666666664,0.006250000000000001,0.2708333333333333,0.9,3.2584,798.8729166666667,72.56666666666666,1.1624999999999999
2024-03-15,4012.6666666666665,0.011164885348090245,89.57830830068947,1865.8981652109176,0.3540803603635084,1832.4119645646545,0.22155125935872397,3.3862596241919243e-06,804.0791666666668,0.2739791666666667,0.20043750000000002,0.1145,0.071,0.20430996950675012,0.15009659736614311,0.0747564997901386,0.6666666666666666,0.027083333333333334,0.3,0.9,0.6755,804.0791666666668,59.39166666666667,3.125
2024-03-16,4119.916666666667,0.011017765979544777,90.76985096636774,1897.1670559547276,0.32721560840143776,1861.5967155574901,0.20680872599283853,3.538589370945549e-06,802.1479166666667,0.284,0.20814583333333334,0.12295833333333334,0.07106249999999999,0.21266286552534702,0.1597292388361742,0.07955409395728853,0.7104166666666667,0.3104166666666667,0.42500000000000004,0.9145833333333333,0.0,802.1479166666667,60.675000000000004,3.6770833333333335
2024-03-17,4086.7916666666665,0.011062907322419366,90.40261877498493,1908.241764864664,0.3190649784765609,1869.5971632124722,0.2034123738606771,3.831139471020611e-06,803.7125,0.2809375,0.21125000000000002,0.12858333333333336,0.071125,0.2136346034104972,0.1608498564794033,0.08011222421527517,0.9541666666666666,0.6124999999999999,0.575,0.9770833333333333,0.7356,803.7125,69.75416666666666,3.3479166666666664
2024-03-18,4013.6041666666665,0.01116376788689487,89.58825561792258,1940.0938053683105,0.29461843907953417,1907.871863251554,0.18596267700195312,3.1283222081473844e-06,807.9,0.2803541666666667,0.2138958333333333,0.13222916666666668,0.071,0.21502690562147447,0.16245547302082994,0.08091191104861092,1.0166666666666666,0.7999999999999999,0.7270833333333333,1.0458333333333334,0.0,807.9,58.88125,3.0708333333333333
2024-03-19,4072.6458333333335,0.011082128880849083,90.24595559328866,1928.1942902106823,0.30316229355637186,1895.9808819729144,0.19102986653645834,3.146652320747604e-06,806.0291666666667,0.2794583333333333,0.2157083333333333,0.13470833333333335,0.07120833333333333,0.2157937268567852,0.1633397787771699,0.08135234477094898,1.2145833333333333,0.9041666666666667,0.8020833333333334,1.0916666666666668,0.0,806.0291666666667,56.06875,4.129166666666667
2024-03-20,4208.5,0.010900887482889853,91.7413625816082,1948.6556477955392,0.28825339190490545,1915.2620925436029,0.18268203735351562,3.229049453670163e-06,802.8770833333333,0.2796458333333333,0.21808333333333332,0.13664583333333333,0.071875,0.21709296145175438,0.16483806883261123,0.08209857701192336,1.5354166666666667,1.23125,1.01875,1.16875,0.0,802.8770833333333,54.52291666666667,4.795833333333333
2024-03-21,4233.666666666667,0.010868673439777059,92.01460438863181,1972.3997498511444,0.27269496414850214,1941.2723492769976,0.1723912556966146,2.968350585570001e-06,802.2916666666666,0.27745833333333336,0.21866666666666668,0.13783333333333334,0.072,0.21665925295224844,0.16433791194463557,0.08184947090993905,1.8625,1.4416666666666667,1.175,1.2833333333333334,0.0,802.2916666666666,49.48541666666667,5.345833333333334
2024-03-22,4159.0,0.010966473217245516,91.19770631342023,1968.146746435061,0.27594294776709444,1926.6213150403028,0.17847569783528647,3.993114037891214e-06,804.7520833333333,0.2760416666666667,0.21941666666666668,0.13939583333333336,0.07189583333333333,0.216657061812612,0.16433538510095383,0.08184821240046929,2.5854166666666667,2.066666666666667,1.5687499999999999,1.4333333333333333,0.5089,804.7520833333333,66.49791666666667,5.447916666666667
2024-03-23,4422.895833333333,0.010638149064118772,94.03491850152871,1984.1839506041372,0.26549945049058604,1950.5775710199505,0.16907755533854166,3.1948435019994036e-06,798.9229166666668,0.2738333333333334,0.21925000000000003,0.14,0.07147916666666666,0.21581520790860548,0.16336455093644536,0.08136468269167585,3.547916666666667,2.8020833333333335,1.96875,1.6395833333333334,0.0,798.9229166666668,42.235416666666666,7.6125
2024-03-24,4664.9375,0.010361081366842158,96.56639909137705,1962.9538378577774,0.2818756558206518,1915.8138031094102,0.1844202677408854,4.567559180889088e-06,786.0708333333333,0.27627083333333335,0.2215625,0.141375,0.07108333333333333,0.2178206654046312,0.16567726415585965,0.0825165432157359,3.514583333333333,3.1916666666666664,2.504166666666667,1.91875,5.6108,786.0708333333333,75.77916666666667,4.133333333333334
2024-03-25,4151.0625,0.010979862213972513,91.10284504303927,1812.3724788186312,0.414908600493826,1771.8616618265344,0.2606239318847656,4.244221546650315e-06,788.6958333333333,0.2889583333333333,0.23239583333333336,0.1463958333333333,0.07183333333333332,0.22757885219887153,0.17693050070725858,0.08812128436680207,2.004166666666667,2.1166666666666667,2.189583333333333,2.0729166666666665,13.5793,788.6958333333333,91.58958333333334,-0.6354166666666666
2024-03-26,4233.770833333333,0.010868493043327905,92.01586326566712,1893.159864674945,0.3317768589643533,1859.92449869906,0.20816421508789062,3.3061796651882e-06,794.7375000000001,0.2889583333333333,0.23597916666666666,0.15689583333333332,0.071875,0.230975510679837,0.18084756052345113,0.09007219922074007,1.1458333333333333,1.5104166666666667,1.825,1.9895833333333333,0.0455,794.7375000000001,85.13333333333334,-3.1458333333333335
2024-03-27,4026.7916666666665,0.011144465623455732,89.73803579326432,1909.1412946857424,0.31809119432519717,1872.2231103818747,0.20208231608072916,3.6559323818670865e-06,801.6999999999999,0.289375,0.2353125,0.16270833333333334,0.07106249999999999,0.23211181180660312,0.18215795410811467,0.09072484851096972,1.2208333333333334,1.0583333333333333,1.2520833333333334,1.79375,3.457,801.6999999999999,78.55833333333334,-0.09583333333333338
2024-03-28,4068.4791666666665,0.011090550300405642,90.19227002761203,1925.9714469116045,0.3060038913611348,1894.4480312615951,0.19230016072591147,3.0815173169672127e-06,803.3020833333334,0.2803541666666667,0.22983333333333333,0.16464583333333335,0.07114583333333332,0.22710213281568598,0.1763807432471134,0.0878474744059159,1.7520833333333332,1.6291666666666667,1.5625,1.7583333333333335,0.0,803.3020833333334,68.6125,0.59375
2024-03-29,4241.979166666667,0.010857877543038796,92.1052815938895,1945.4028408111562,0.29148995193492216,1896.568430146649,0.19130579630533853,4.776904068723722e-06,797.1916666666666,0.27864583333333337,0.22854166666666667,0.16420833333333335,0.0715,0.2259198752928764,0.17501735229658358,0.08716842946355435,3.7104166666666667,2.9625,2.0541666666666667,1.8291666666666666,5.1414,797.1916666666666,73.29583333333333,5.079166666666667
2024-03-30,4232.375,0.010871001763175377,91.99863188623378,1946.4693129568493,0.28991809431061505,1897.091499171097,0.19055938720703125,4.825283135149123e-06,797.56875,0.2783125,0.2287916666666667,0.1653125,0.072,0.22613025237587925,0.17525996120845863,0.08728926226981332,3.5520833333333335,3.1145833333333335,2.529166666666667,2.125,5.8167,797.56875,79.89166666666667,4.53125
2024-03-31,4484.8125,0.010559804192919436,94.70498244677559,1969.847566235807,0.274605340093505,1934.6631336216735,0.175079345703125,3.3663252534926054e-06,792.85,0.27337500000000003,0.2258125,0.16533333333333333,0.07204166666666666,0.22317394526423795,0.171850718902755,0.08559126893629919,4.810416666666667,4.229166666666667,3.2229166666666664,2.4145833333333333,0.0,792.85,38.487500000000004,9.510416666666666
2024-04-01,4448.418604651163,0.010602939197535018,94.31985841099622,1977.444983205805,0.26948692130988017,1937.3872208729083,0.17394806617914244,3.829002723276801e-06,795.553488372093,0.2680232558139535,0.22162790697674417,0.16288372093023257,0.07209302325581395,0.21913440280822558,0.1671922789922014,0.08327110533294872,3.1744186046511627,3.2418604651162792,3.1,2.5093023255813955,2.8516,795.553488372093,73.35813953488372,1.6744186046511629
2024-04-02,4175.270833333333,0.010945312012824095,91.37528841286974,1972.2649493152549,0.2727916266152133,1936.5805670058796,0.17435836791992188,3.4183521053466677e-06,804.9895833333334,0.26416666666666666,0.21933333333333335,0.16120833333333334,0.072,0.21646967356940663,0.16411928714421195,0.08174058353251823,3.233333333333333,2.975,2.8375000000000004,2.5,2.421,804.9895833333334,66.00833333333334,2.8083333333333336
2024-04-03,4121.583333333333,0.011016122817246106,90.78658693842455,1996.3622442893077,0.25780064735302183,1963.5542042499585,0.16408284505208334,3.0949957549737517e-06,808.4833333333332,0.2588333333333333,0.2155,0.1595,0.072,0.21270619021675335,0.15977920129448658,0.07957897805572836,3.9645833333333336,3.497916666666667,3.0375,2.7416666666666667,0.0,808.4833333333332,51.725,5.15
2024-04-04,4356.083333333333,0.010716974454870033,93.32922067186837,2016.266288335297,0.24578121142960965,1983.7869390800563,0.15674845377604166,3.0370736756149163e-06,802.34375,0.2536,0.21065,0.1575,0.072,0.20859006926021,0.15503245030735727,0.07721483059735823,3.9799999999999995,3.6700000000000004,3.4549999999999996,2.9,0.0,802.34375,50.4,6.908333333333334
2024-04-05,4640.5,0.010383296537069032,96.32807543096659,2024.2319810352153,0.24142479552861026,1994.5175731944792,0.15304946899414062,2.7591479600514508e-06,794.9125,0.249125,0.2077083333333333,0.15616666666666668,0.072,0.2055429802562245,0.15151851743457656,0.07546469550651541,5.510416666666667,4.960416666666666,3.9562500000000003,3.1187500000000004,0.0,794.9125,34.708333333333336,9.716666666666667
2024-04-06,4617.125,0.010408742110595014,96.08765918982725,1986.6022644007905,0.26421441270867346,1945.8980201455227,0.1710357666015625,3.881374897696325e-06,792.8395833333334,0.262375,0.21491666666666664,0.15595833333333334,0.072,0.21319444772001409,0.16034226462766973,0.07985941508553165,4.820833333333334,4.747916666666667,4.20625,3.4250000000000003,9.9531,792.8395833333334,70.575,2.558333333333333
2024-04-07,4386.791666666667,0.010677965889907007,93.66187960211641,1985.8935341598883,0.26415370138775557,1958.640219708299,0.16582361857096353,2.5766825354106468e-06,800.5166666666668,0.26625000000000004,0.22075,0.15608333333333332,0.072625,0.21672152074180343,0.1644097197692007,0.08188523522249665,2.922916666666667,3.0583333333333336,3.4562500000000003,3.46875,2.7015,800.5166666666668,55.824999999999996,-0.14166666666666664
2024-04-08,4432.270833333333,0.010622167791279119,94.1487101245777,2024.78366204557,0.24106071250758435,1997.5421831232072,0.1520258585611979,2.527020186339697e-06,800.6270833333333,0.259125,0.21654166666666666,0.156,0.074,0.21253797357660323,0.15958521221809302,0.07948236064665194,2.8874999999999997,2.9729166666666664,3.19375,3.2000000000000006,0.0,800.6270833333333,54.65833333333333,0.8916666666666666
2024-04-09,4358.895833333333,0.010711503642154297,93.36526909500049,2019.5632817898875,0.2438184616200967,1993.3788970009582,0.15333048502604166,2.4335478594090184e-06,803.43125,0.2537916666666667,0.21237499999999998,0.15558333333333332,0.074,0.20893989049649067,0.1554358675820596,0.07741575496167313,3.4020833333333336,3.11875,3.0375,3.2000000000000006,0.0,803.43125,52.291666666666664,2.0166666666666666
2024-04-10,4330.104166666667,0.010747366383593776,93.05549583703397,2036.4653276614506,0.2347048587114212,2006.62960562575,0.14907709757486978,2.757215684803941e-06,805.3645833333334,0.24970833333333334,0.20866666666666667,0.15462499999999998,0.074,0.205880713965066,0.15190799525428972,0.07565867724266781,4.9437500000000005,4.304166666666666,3.50625,3.1875,0.0,805.3645833333334,42.96666666666667,5.675
2024-04-11,4309.3125,0.010773033774081215,92.83248694889308,2041.9296102341802,0.23154531891689065,2013.2054700248063,0.1467564900716146,2.6427385214047064e-06,806.3729166666667,0.24491666666666667,0.20579166666666668,0.1535,0.074,0.20277171688136528,0.14832266937785296,0.0738729844432794,4.6499999999999995,4.260416666666667,3.8249999999999997,3.4125,0.0,806.3729166666667,45.6,5.55
2024-04-12,4390.25,0.010673657272829437,93.69906220198017,2056.9453613197875,0.22351518907074663,2029.484868882938,0.14147822062174478,2.5058021737520593e-06,805.4,0.24,0.202875,0.15158333333333332,0.074875,0.19948203539587422,0.14452897648022994,0.0719835132142069,5.679166666666667,5.04375,4.1875,3.625,0.0,805.4,39.36666666666667,7.458333333333333
2024-04-13,4434.354166666667,0.010619816667334444,94.17041116888595,2065.8445692186965,0.21882575256998574,2029.4890671470903,0.14142862955729166,3.319012087118275e-06,803.9666666666667,0.2325,0.20245833333333332,0.15091666666666667,0.076,0.19624373160760436,0.14079453284607024,0.07012355143191325,7.40625,6.3500000000000005,4.902083333333333,3.8375,0.0,803.9666666666667,30.483333333333334,13.75
2024-04-14,4448.854166666667,0.010604110745895344,94.31942709322233,2076.125721321527,0.2140844575482155,2045.5749217601126,0.13668187459309897,2.7675510026718296e-06,803.5645833333333,0.22575,0.19879166666666667,0.149375,0.076,0.19199810014839452,0.13589842907925678,0.06768501793655736,7.539583333333333,6.66875,5.570833333333333,4.29375,0.0,803.5645833333333,36.666666666666664,10.458333333333334
2024-04-15,4711.625,0.010302943077999916,97.0688295429249,2089.848914464741,0.20722271151335203,2059.3451398996244,0.13245137532552084,2.7441023707891997e-06,796.4083333333333,0.22087500000000002,0.194125,0.14733333333333332,0.07641666666666667,0.18810188885997467,0.13140528007449512,0.06544717844834992,7.139583333333333,6.8999999999999995,5.98125,4.6000000000000005,0.0,796.4083333333333,35.86666666666667,7.741666666666667
2024-04-16,4486.416666666667,0.010559411952682701,94.71743106423007,2086.050455403281,0.2088636874455074,2035.0383071001536,0.13969930013020834,4.6430816180770585e-06,800.5437499999999,0.21575,0.18995833333333334,0.14525,0.078,0.18432712968170395,0.12705219083226857,0.06327909655486678,5.66875,5.433333333333334,5.160416666666666,4.7,4.7974,800.5437499999999,66.19166666666666,5.75
2024-04-17,4434.041666666667,0.01062086939759767,94.1650457113869,2080.1868359870978,0.21177524694603952,2038.3751239606925,0.13872528076171875,3.8010397563853177e-06,802.1041666666666,0.2137083333333333,0.18737499999999999,0.14354166666666665,0.078,0.18229933470252851,0.12471371780858459,0.06211440620763771,6.258333333333333,5.691666666666666,5.202083333333333,4.7,0.87049997,802.1041666666666,52.725,8.516666666666667
2024-04-18,4438.083333333333,0.01061571072283754,94.20893039846864,2080.805884250636,0.21153714158276307,2038.5899621307929,0.1386896769205729,3.837254256828105e-06,802.0,0.21062499999999998,0.184625,0.1425833333333333,0.078125,0.17996322730581182,0.1220196958863723,0.06077263262451504,8.40625,7.2875000000000005,5.8999999999999995,4.875,0.0,802.0,40.25,11.641666666666666
2024-04-19,4464.25,0.010584780000193236,94.48557722000338,2100.9293559320636,0.2019652789990601,2051.2109153364704,0.13491185506184897,4.49479471819813e-06,802.0645833333333,0.20558333333333334,0.18129166666666666,0.141625,0.08,0.17674922751863345,0.1183132798642265,0.05892663016047644,9.387500000000001,8.512500000000001,6.872916666666666,5.28125,0.0,802.0645833333333,45.13333333333333,11.858333333333334
2024-04-20,4398.895833333333,0.010662669353222633,93.7927421647433,2104.4046970474733,0.20027514529546556,2047.0643701307526,0.13606643676757812,5.189484356827024e-06,803.9895833333334,0.19991666666666666,0.17699999999999996,0.139375,0.08008333333333334,0.1725919159741598,0.11351902748780784,0.05653882435367767,7.9750000000000005,7.58125,6.791666666666667,5.6375,0.6648,803.9895833333334,59.80833333333334,9.433333333333334
2024-04-21,4358.5625,0.010712173215939792,93.36095390063781,2113.566055568351,0.19601577261028172,2074.377164473943,0.12804667154947916,3.503067626773946e-06,807.4854166666668,0.19808333333333336,0.17375,0.13745833333333335,0.082,0.17049915282449624,0.11110563253382778,0.055336818695077526,7.727083333333333,7.0874999999999995,6.5,5.7,0.0,807.4854166666668,48.84166666666667,8.708333333333334
2024-04-22,4525.479166666667,0.010512671448169674,95.1320955315037,2122.0814036094275,0.19246128869714382,2087.1687174596905,0.12457784016927083,3.099518692727802e-06,803.0895833333334,0.194125,0.17120833333333332,0.13645833333333335,0.082,0.16786158080744615,0.10806395865987262,0.053821894997205015,9.393749999999999,8.393749999999999,7.104166666666667,5.8812500000000005,0.0,803.0895833333334,34.55833333333333,11.424999999999999
2024-04-23,4584.520833333333,0.010445120275616534,95.74957429546923,2123.9378657524653,0.19175871496116648,2077.9508105635873,0.1272303263346354,4.100735947045984e-06,801.7666666666668,0.1935416666666667,0.16683333333333336,0.13525,0.082,0.1659448816413562,0.10585360241555374,0.052721013971158324,10.485416666666667,9.497916666666667,7.8999999999999995,6.1812499999999995,0.0,801.7666666666668,37.699999999999996,13.866666666666667
2024-04-24,4578.270833333333,0.010452250194436541,95.6842762292474,2138.82251644775,0.1851008287548548,2097.2295727149913,0.12178929646809895,3.6755547765504057e-06,802.2604166666666,0.18862500000000001,0.16295833333333334,0.13325,0.082375,0.16229610107676729,0.10164579294405421,0.05062528952841321,10.320833333333333,9.364583333333334,8.05625,6.512499999999999,0.0,802.2604166666666,33.975,14.75
2024-04-25,4777.4375,0.010232143938799352,97.74307577642894,2156.892553185598,0.1772860417361183,2122.676716339932,0.11491012573242188,2.9866198363959687e-06,798.2979166666668,0.18225,0.15904166666666666,0.131375,0.084,0.15814488302871316,0.09685856764736665,0.04824098360031698,10.929166666666667,10.083333333333334,8.595833333333333,6.8062499999999995,0.0,798.2979166666668,26.7,13.741666666666667
2024-04-26,4867.791666666667,0.010135906587191313,98.66575568888821,2164.578744743166,0.1744829306539435,2106.667810202323,0.11929702758789062,5.093633983438985e-06,794.9875000000001,0.175875,0.15479166666666666,0.12929166666666667,0.084,0.15374572035686973,0.0917854101829535,0.045714267461651935,9.0375,8.754166666666666,8.143749999999999,6.900000000000001,1.8815,794.9875000000001,60.4,8.716666666666667
2024-04-27,4759.0,0.010254936555118778,97.54494226346615,2129.5179786688313,0.19046037209101493,2066.1625578007347,0.13140869140625,5.687983754908957e-06,794.4208333333332,0.18112499999999998,0.15291666666666667,0.1275,0.084,0.15487396114494997,0.09308650850612737,0.04636228719181297,7.4312499999999995,7.685416666666666,7.71875,6.900000000000001,6.3806996,794.4208333333332,90.83333333333333,3.7916666666666665
2024-04-28,4323.270833333333,0.010754995368610333,92.98454307305433,2010.3206200069296,0.2490153040226306,1950.506691482804,0.1687444051106771,5.681706134506033e-06,799.7041666666668,0.24887499999999999,0.18020833333333333,0.126,0.084,0.19078957064052288,0.13450474101833007,0.06699088333882205,7.270833333333333,7.10625,6.970833333333334,6.668749999999999,8.6417,799.7041666666668,85.00833333333334,5.258333333333334
2024-04-29,4250.625,0.010848156112628496,92.19532778315819,2024.4475708909483,0.2416421796291067,1963.247212824392,0.16440200805664062,5.776426723082017e-06,802.8229166666666,0.24891666666666667,0.19062500000000002,0.126,0.08529166666666667,0.19427482407231997,0.13852396939923553,0.06899268385186588,8.070833333333333,7.747916666666666,7.254166666666666,6.599999999999999,3.199,802.8229166666666,81.09166666666667,6.625
2024-04-30,4466.104166666667,0.010582995784424017,94.50397152477427,2047.1674363596474,0.2288411257756454,2002.31871406106,0.15050379435221353,4.155249343112125e-06,799.1729166666668,0.23958333333333334,0.18962500000000002,0.126,0.08600000000000001,0.19022356637900734,0.13385201936232594,0.06666579145002285,9.214583333333334,8.579166666666667,7.64375,6.6937500000000005,0.0,799.1729166666668,40.6,12.483333333333334
2024-05-01,4539.3125,0.010497175155521626,95.27578553895722,2068.5978320918853,0.21782874049958423,2021.399845992646,0.14435958862304688,4.335636924162591e-06,798.1354166666666,0.22820833333333335,0.18533333333333335,0.126,0.08600000000000001,0.18423465931893032,0.12694555310456085,0.06322598500264714,8.529166666666667,8.495833333333334,7.95625,6.8687499999999995,0.0,798.1354166666666,58.875,7.2
2024-05-02,4478.916666666667,0.010568090425560292,94.63870122586813,2045.3636122544801,0.2301456877580573,2006.3583633353492,0.14954376220703125,3.6202507116155726e-06,800.9187499999999,0.22308333333333333,0.18158333333333332,0.12566666666666668,0.08600000000000001,0.18087404843189753,0.12307006372662557,0.06129577455182946,7.1312500000000005,6.933333333333334,7.05,6.8500000000000005,2.2758,800.9187499999999,55.25833333333333,6.158333333333334
2024-05-03,4650.020833333333,0.010370926911350309,96.43227116764479,2083.597256816341,0.2104743717174784,2052.5412677415156,0.13460413614908853,2.8032724833043937e-06,798.9250000000001,0.21462499999999998,0.17741666666666667,0.125375,0.08600000000000001,0.1760411916930419,0.1174967660179298,0.058519960600670065,8.59375,8.120833333333334,7.4750000000000005,6.7625,0.0,798.9250000000001,37.983333333333334,9.108333333333333
2024-05-04,4495.708333333333,0.010547641377286511,94.81802556208517,2076.404026592111,0.2136988296838712,2035.7631539700312,0.13953018188476562,3.6968595358243024e-06,802.3104166666667,0.20265,0.17124999999999999,0.12465,0.0867,0.1690866457113103,0.10947671550135234,0.054525526914096276,7.652500000000001,7.7425,7.68,6.885000000000001,0.0,802.3104166666667,52.96666666666667,7.591666666666666
2024-05-05,4737.833333333333,0.010276035565751162,97.33327432913,2099.0121867455305,0.20304098545591565,2053.0096965708,0.13439051310221353,4.148950270962078e-06,795.56875,0.19329166666666667,0.16591666666666668,0.12341666666666666,0.087625,0.1633649988676115,0.10287845634180112,0.051239224838420215,8.708333333333334,8.283333333333333,7.60625,6.900000000000001,0.0,795.56875,46.916666666666664,11.316666666666668
2024-05-06,4584.416666666667,0.010451521270664683,95.72912886010539,2011.4014846032303,0.25166073845898973,1964.0847125958514,0.16519292195638022,4.448852569986498e-06,793.7958333333332,0.24595833333333336,0.19075,0.122,0.08800000000000001,0.1924317443545122,0.13639851182346766,0.06793408711080025,7.53125,7.6499999999999995,7.614583333333333,6.900000000000001,11.939099,793.7958333333332,66.3,5.375
2024-05-07,4479.291666666667,0.010566366326729887,94.64650149637203,2004.7570170647177,0.25251936101109645,1960.0249471982554,0.16529973347981772,4.230658388921907e-06,796.2104166666667,0.27991666666666665,0.225625,0.122,0.08800000000000001,0.21749673684264537,0.1653037065666636,0.08233049064473578,6.545833333333333,6.645833333333333,6.814583333333332,6.79375,5.5646,796.2104166666667,68.80833333333334,3.6916666666666664
2024-05-08,4470.291666666667,0.010577038624306083,94.55124239132884,2010.6056032563827,0.24914960293213026,1976.821147288433,0.15914535522460938,3.163519945014402e-06,798.4020833333334,0.274,0.222,0.122,0.088,0.2139280149557791,0.16118822154615092,0.08028074894191906,9.1,7.9,6.6,6.6,4.1731,798.4020833333334,57.875,2.433333333333333
2024-05-09,4378.229166666667,0.010687873685875636,93.571966259414,2035.0328990872515,0.23552029593487375,2000.0308301523564,0.15125401814778647,3.241848835343211e-06,803.0854166666667,,,,,,,,,,,,0.0,803.0854166666667,55.81666666666666,3.8833333333333333
2024-05-10,4211.645833333333,0.010899875687633323,91.76723197460564,2016.6861963714102,0.24630863795280736,1971.697190036664,0.16137568155924478,4.2248120057788815e-06,806.5124999999999,,,,,,,,,,,,0.0,806.5124999999999,54.18333333333334,8.116666666666667
2024-05-11,3939.0208333333335,0.011268704812396004,88.7526476281651,1999.356578168093,0.25638918080091094,1950.811034231477,0.16908899943033853,4.609761654767745e-06,803.90625,,,,,,,,,,,,0.3814,803.90625,62.208333333333336,7.241666666666667
2024-05-12,3921.7291666666665,0.011296014060363783,88.55115840816404,1974.2613076556954,0.274073389803464,1915.743743522307,0.184356689453125,5.66929931155548e-06,801.3666666666667,,,,,,,,,,,,4.7619,801.3666666666667,72.125,8.591666666666667
2024-05-13,4024.4791666666665,0.011147672065606675,89.71226258678767,1991.380628541604,0.2611857809504175,1937.3028639706108,0.1742680867513021,5.170825861015476e-06,803.4083333333333,,,,,,,,,,,,2.4282,803.4083333333333,59.81666666666666,10.6
2024-05-14,4160.375,0.01096455803199674,91.21308723752368,2022.4049460165434,0.2424932237795442,1966.6200445950471,0.16294352213541666,5.25392511227861e-06,802.3270833333332,,,,,,,,,,,,0.0,802.3270833333332,47.791666666666664,13.525
2024-05-15,4234.125,0.010868729202477258,92.01775710689093,2051.779373374797,0.22642475526361183,1997.8974817887756,0.15192794799804688,4.9965649915812055e-06,802.1999999999999,,,,,,,,,,,,0.50409997,802.1999999999999,53.28333333333333,11.766666666666666
2024-05-16,4332.354166666667,0.010744068817087856,93.08114757660861,2075.853351263791,0.2140015211445713,2028.048062135252,0.14203389485677084,4.37011336873545e-06,801.81875,,,,,,,,,,,,0.0,801.81875,46.88333333333333,12.283333333333333
2024-05-17,4398.729166666667,0.010663290940243193,93.78970942312714,2080.0368365263644,0.21214744397308605,2035.72228468573,0.13970184326171875,4.033345647746774e-06,800.6270833333333,,,,,,,,,,,,0.0,800.6270833333333,40.30833333333333,13.575000000000001
2024-05-18,4371.416666666667,0.010696835017717845,93.4972491305302,2109.170879412146,0.1980831872092628,2059.4363280476937,0.13234965006510416,4.472095813104918e-06,802.4458333333333,0.15854054054054054,0.15097297297297296,0.11908108108108108,0.0894054054054054,0.14365646982453434,0.08015038768741038,0.03991937555864253,11.013513513513514,10.55135135135135,9.840540540540541,8.2,0.0,802.4458333333333,38.6,14.5
2024-05-19,4332.375,0.010745267086328647,93.07782598192591,2100.7746638387816,0.20200466164601846,2036.6288477960427,0.13941574096679688,5.847338173432234e-06,801.9541666666668,0.14829166666666665,0.14579166666666665,0.11695833333333333,0.08849999999999998,0.1373290379216461,0.07285353126649241,0.03628513297705773,11.452083333333334,10.841666666666667,9.847916666666666,8.4125,1.3450999,801.9541666666668,58.34166666666667,13.483333333333334
2024-05-20,4556.0625,0.010478541887540223,95.44931954844304,2133.0027626640795,0.18755822441842498,2087.918891483583,0.12439219156901042,4.009473948728612e-06,798.7541666666666,0.13733333333333334,0.1391666666666667,0.11366666666666668,0.08800000000000001,0.13002085331602573,0.06442566122644768,0.032087582360083945,11.222916666666668,10.5625,9.766666666666667,8.5,0.0,798.7541666666666,43.525,13.016666666666666
2024-05-21,4432.75,0.010630109843674752,94.12843973089173,2114.067699312228,0.19687297244375357,2058.333313901692,0.13375981648763022,5.054423239848757e-06,799.8270833333332,0.12854166666666667,0.13354166666666667,0.11125,0.08800000000000001,0.12412774758503212,0.05762967399935149,0.028702800648631246,10.614583333333334,10.429166666666667,9.84375,8.575000000000001,5.5081,799.8270833333332,66.94166666666666,8.841666666666667
2024-05-22,4176.708333333333,0.010947436902788201,91.37968997021039,2046.9268126551615,0.22927640607279964,1996.977443009915,0.15248870849609375,4.639535707360199e-06,804.65625,0.13016666666666668,0.13154166666666667,0.1095,0.08800000000000001,0.12376102010911731,0.05720676028357772,0.028492165966304862,8.891666666666667,8.558333333333334,8.74375,8.450000000000001,10.2748995,804.65625,74.95833333333333,5.558333333333334
2024-05-23,4539.4375,0.01049659948793747,95.27840499018144,2109.242351510515,0.198239140323803,2068.451125233581,0.1298370361328125,3.652568956909725e-06,797.0479166666668,0.125375,0.13029166666666667,0.107375,0.08879166666666666,0.12101556407308504,0.05404067350266339,0.026915277682850867,10.191666666666666,9.975,9.225,8.375,0.28219998,797.0479166666668,44.59166666666667,10.516666666666667
2024-05-24,4421.645833333333,0.010635558743882065,94.03391402471907,2115.3495180142168,0.19537194830343788,2066.927961366885,0.13026809692382812,4.342404543119883e-06,802.3020833333334,0.12,0.12820833333333334,0.10545833333333332,0.09000000000000001,0.11783184142085226,0.05036917336897365,0.025086665283969255,8.174999999999999,8.237499999999999,8.4625,8.2,0.4644,802.3020833333334,63.24166666666667,6.958333333333333
2024-05-25,4622.083333333333,0.010402541738302545,96.14119617146245,2125.801064388142,0.19060988344260307,2074.0110524908782,0.12815093994140625,4.6269074681509964e-06,797.5437499999999,0.11612499999999999,0.12591666666666668,0.10312499999999998,0.08908333333333333,0.1149728281493382,0.04707213127228756,0.02344455392945437,9.408333333333333,9.012500000000001,8.46875,8.1625,0.0,797.5437499999999,52.175000000000004,10.291666666666666
2024-05-26,4372.520833333333,0.010695266449060048,93.50969752297271,2093.3403374332543,0.20573320138931983,2031.2950382006845,0.1411259969075521,5.661035522888456e-06,803.1479166666667,0.11245833333333333,0.12374999999999999,0.10154166666666666,0.08825,0.11240257416679345,0.044108089214820165,0.021968295217829475,9.591666666666667,9.139583333333333,8.63125,8.1625,5.4191,803.1479166666667,67.14999999999999,9.450000000000001
2024-05-27,4334.770833333333,0.010741357296303537,93.1062866426857,2129.914429140161,0.18883596628758856,2079.097707769269,0.12670389811197916,4.526974516163678e-06,807.5124999999999,0.10733333333333334,0.12120833333333332,0.09970833333333334,0.08883333333333332,0.10915153730733537,0.04035896167829949,0.020101020030948186,10.4125,9.783333333333333,9.039583333333335,8.2,0.0,807.5124999999999,50.99166666666667,11.591666666666667
2024-05-28,4309.9375,0.010772740007333116,92.83782276212169,2157.9392809930955,0.17722154030865622,2105.070139519714,0.11973953247070312,4.653174635187986e-06,808.7333333333332,0.10116666666666667,0.11754166666666667,0.098375,0.08945833333333332,0.10522214509944272,0.035827548112334635,0.017844122651277845,11.65,10.885416666666666,9.695833333333333,8.40625,0.0,808.7333333333332,45.46666666666667,13.716666666666667
2024-05-29,4395.520833333333,0.01066725332294468,93.75532218029655,2158.823463421218,0.17677429129473524,2099.878515027491,0.12100982666015625,5.197737659923702e-06,805.4791666666666,0.09649999999999999,0.114375,0.09629166666666666,0.09000000000000001,0.10189706352519028,0.03199303148575742,0.015934318922078434,11.389583333333334,10.785416666666668,9.9,8.68125,0.0,805.4791666666666,49.74166666666667,13.858333333333334
2024-05-30,4567.645833333333,0.010464485614400538,95.57291043386384,2201.730448460978,0.16033841599843676,2152.9109596860253,0.10768636067708333,4.197337386807897e-06,804.0875,0.09191666666666666,0.11120833333333334,0.09400000000000001,0.08925,0.09848576602423469,0.028059089808384778,0.013974995957137843,12.216666666666667,11.3125,10.1875,8.8,0.0,804.0875,35.166666666666664,15.799999999999999
2024-05-31,4572.3125,0.010458106998336629,95.62489130031848,2218.9797245258233,0.1538441589212692,2171.8853130237135,0.10308074951171875,4.0124575516456364e-06,805.0333333333333,0.08741666666666666,0.10754166666666666,0.091625,0.09004166666666667,0.0950178801141696,0.024059889823582297,0.011983170705461312,12.775,12.041666666666666,10.6875,9.018749999999999,0.0,805.0333333333333,37.550000000000004,13.883333333333333
2024-06-01,4587.708333333333,0.010441129364356644,95.7839499856962,2221.8852859144977,0.1526381712321377,2160.834612131179,0.10559844970703125,5.235095842213966e-06,804.3458333333333,0.08429166666666667,0.10466666666666667,0.089875,0.09066666666666667,0.09248561413829792,0.021139655907342583,0.01052873089818176,12.172916666666666,11.383333333333333,10.48125,9.266666666666667,0.0,804.3458333333333,48.175000000000004,14.433333333333332
2024-06-02,4779.5625,0.01022925002338311,97.76679931478792,2236.3481647089393,0.14761652931045646,2186.0281743964274,0.0998522440592448,4.265341327472432e-06,800.36875,0.08175,0.10216666666666667,0.08800000000000001,0.08820833333333333,0.09010380335444343,0.018392928391611097,0.009160706981873675,12.747916666666667,11.920833333333334,10.706249999999999,9.391666666666667,0.0,800.36875,37.225,15.966666666666667
2024-06-03,4806.770833333333,0.010200798367955918,98.04294921844287,2267.653870928483,0.13718125291719876,2207.419416515359,0.0951398213704427,5.053043131832615e-06,800.4833333333332,0.079375,0.10000000000000002,0.08570833333333333,0.087875,0.0879339285429369,0.015890607514210214,0.007914411240139065,12.9125,12.152083333333332,10.93125,9.5,0.0,800.4833333333332,40.1,16.275000000000002
2024-06-04,4740.833333333333,0.010272464946910037,97.36510087215373,2264.9215321773117,0.13812528159223417,2184.667882172424,0.10038375854492188,6.822915638630845e-06,801.5270833333334,0.078,0.0978,0.08370000000000001,0.08779999999999999,0.08623203740216157,0.013927969987822711,0.00693690798953839,13.122499999999999,12.309999999999999,11.1575,9.785,1.0421,801.5270833333334,52.074999999999996,17.308333333333334
2024-06-05,4615.979166666667,0.010409471590539779,96.0775212260923,2272.536359421093,0.13562097492599337,2200.1903934436696,0.09672927856445312,6.088866510944287e-06,806.53125,0.07575,0.09595833333333333,0.08154166666666667,0.08829166666666666,0.08429507515603366,0.011694246161212639,0.005824388600655363,14.362499999999999,13.135416666666666,11.647916666666667,10.0,0.0,806.53125,49.65,16.691666666666666
2024-06-06,4596.333333333333,0.010431872914859523,95.87226731056762,2291.561202036466,0.1295198612600078,2221.408028166079,0.09214401245117188,5.849297082950567e-06,807.3249999999999,0.073875,0.09391666666666666,0.07966666666666666,0.087625,0.0824365710468743,0.009551001026321225,0.004756932660359235,16.306250000000002,14.63125,12.508333333333333,10.293750000000001,0.0,807.3249999999999,42.266666666666666,19.016666666666666
2024-06-07,4729.104166666667,0.010283270552895534,97.25065606777542,2311.236299304871,0.12359876351024517,2238.408203743467,0.08870442708333333,6.028972120104589e-06,805.00625,0.07175,0.09183333333333332,0.078,0.08625,0.08046628956304752,0.007278853128575426,0.0036252759351461427,16.306250000000002,14.985416666666666,13.0,10.643749999999999,0.0,805.00625,42.31666666666667,18.508333333333333
2024-06-08,4771.270833333333,0.010238138000422538,97.68196513299849,2321.067634548318,0.12062274203971474,2231.4770263056557,0.09004592895507812,7.4365496818458835e-06,804.4708333333333,0.06941666666666667,0.08983333333333332,0.07579166666666666,0.087125,0.07845597200974246,0.0049605352435228255,0.0024706239741517076,14.879166666666668,13.933333333333332,12.69375,10.918750000000001,0.7043,804.4708333333333,57.6,16.875
2024-06-09,4820.4375,0.010185681205393567,98.18432408663801,2333.778712211242,0.1169380578053346,2247.5541003488206,0.08678944905598958,7.105931167445816e-06,805.0895833333334,0.06841666666666667,0.088625,0.07383333333333332,0.08716666666666667,0.07724586663768443,0.003565029880587444,0.001775584258381655,15.575000000000001,14.539583333333333,12.981250000000001,11.0,1.183,805.0895833333334,53.14166666666667,17.358333333333334
2024-06-10,4862.166666666667,0.010142070593610173,98.60774325779012,2341.7397036859015,0.11473539203023188,2259.315748340358,0.08452224731445312,6.75866374805534e-06,805.00625,0.067,0.08700000000000001,0.072,0.08666666666666667,0.07572666275132636,0.0018130690846450428,0.0009030098018487595,15.254166666666668,14.327083333333334,12.918750000000001,11.15625,0.0,805.00625,46.074999999999996,18.333333333333332
2024-06-11,4814.6875,0.010192543771266068,98.12321868700474,2338.512374521005,0.11564747787415551,2249.8188716230766,0.0865008036295573,7.317214926337444e-06,806.35,0.06558333333333334,0.08579166666666665,0.07108333333333333,0.08704166666666667,0.07458885419235697,0.0005009371144058251,0.00024949469838147587,14.862499999999999,13.804166666666667,12.75625,11.256250000000001,1.0512999,806.35,58.175000000000004,17.591666666666665
2024-06-12,4906.604166666667,0.010096076271270642,99.05721980084122,2374.022357626377,0.10596380199237954,2296.404041742787,0.07759730021158855,6.26068246160305e-06,806.55625,0.065375,0.08529166666666667,0.07,0.08654166666666667,0.07408284633074813,8.259610581422669e-05,4.113747996502078e-05,17.595833333333335,15.839583333333332,13.679166666666667,11.43125,0.0,806.55625,42.53333333333333,19.691666666666666
2024-06-13,4974.291666666667,0.010027357196448766,99.73745411748848,2399.0261514556114,0.09941143450370664,2332.923294618308,0.07122039794921875,5.252241263624636e-06,807.0979166666666,0.06354166666666666,0.08445833333333334,0.068375,0.08437499999999999,0.07259988232049101,0.0017927647218202818,0.0008928970936203014,17.39375,15.970833333333333,14.089583333333332,11.816666666666668,0.0,807.0979166666666,37.708333333333336,19.216666666666665
2024-06-14,4908.125,0.010094775028651248,99.07172696069775,2395.156623224129,0.10034572272557775,2312.059189601663,0.07478968302408855,6.663312449214023e-06,807.5479166666668,0.06216666666666667,0.08266666666666667,0.06758333333333334,0.08658333333333333,0.07142279945262318,0.003150188209607383,0.001568969905799689,16.820833333333333,15.654166666666667,14.002083333333333,11.950000000000001,0.43089998,807.5479166666668,39.36666666666667,20.075
2024-06-15,4976.520833333333,0.010025584749433403,99.75821656605511,2418.3425047101887,0.09467065511608314,2326.4341207447537,0.07235463460286458,7.3194751819431945e-06,805.5333333333333,0.060375000000000005,0.08129166666666666,0.06583333333333334,0.08458333333333333,0.06976347798391189,0.005063733973380252,0.002522022713112525,14.652083333333332,14.1875,13.472916666666668,12.0,0.909,805.5333333333333,69.25833333333334,13.458333333333334
2024-06-16,5161.0625,0.009844587662472653,101.59141815845157,2420.7762529735987,0.09393857874884332,2346.737829871023,0.06888326009114583,5.851809358143895e-06,800.275,0.05958333333333333,0.08070833333333334,0.06495833333333334,0.0845,0.06906348327667836,0.005870974723257639,0.0029240737522949253,14.895833333333334,13.94375,13.0625,11.883333333333333,0.0,800.275,50.28333333333333,16.849999999999998
2024-06-17,5472.208333333333,0.00955999558993026,104.61122256828817,2456.4991025576755,0.08548002257604309,2403.389920397966,0.059993743896484375,4.090434058245592e-06,795.5729166666666,0.059541666666666666,0.08,0.064,0.08433333333333333,0.06860292728268744,0.006402092404731366,0.0031886000609545086,17.352083333333333,15.622916666666667,13.762500000000001,11.866666666666667,0.0,795.5729166666666,33.891666666666666,17.650000000000002
2024-06-18,5419.104166666667,0.009609656805424293,104.09175541404352,2469.2042518195785,0.0825682174069771,2413.4077467417633,0.058530171712239586,4.2828659417307964e-06,797.7666666666668,0.05816666666666667,0.07916666666666666,0.06375,0.08470833333333333,0.06774547915178247,0.007390909984378819,0.003681086516227573,18.035416666666666,16.366666666666667,14.325000000000001,12.15625,0.0,797.7666666666668,32.0,17.175
2024-06-19,5238.854166666667,0.009770293462682439,102.35747710395866,2469.5318552594886,0.08259005923646862,2404.1301138946865,0.060017903645833336,5.046898415550869e-06,803.3708333333334,0.05620833333333333,0.078375,0.06275,0.08333333333333333,0.06640457373179841,0.00893725524321728,0.004451252936028869,16.766666666666666,15.579166666666666,14.108333333333334,12.293750000000001,0.0,803.3708333333334,41.824999999999996,15.283333333333333
2024-06-20,5135.4375,0.009867939422831125,101.34296882367427,2458.2852715723398,0.08496051854967139,2367.9879120339215,0.06537119547526042,7.064539135885864e-06,805.7333333333332,0.05495833333333333,0.076875,0.062,0.08279166666666667,0.06522069157155125,0.010302519741546615,0.005131231009974619,15.545833333333334,14.739583333333334,13.654166666666667,12.268749999999999,0.0,805.7333333333332,49.050000000000004,17.958333333333332
2024-06-21,4799.833333333333,0.01020754243018696,97.97418185626204,2392.8505966611356,0.10096575601410694,2271.762519020814,0.08211008707682292,9.872374678962767e-06,809.1,0.05508333333333334,0.07629166666666666,0.06125,0.08266666666666667,0.06491474675908121,0.01065533829472607,0.005306954381187206,14.839583333333332,14.293750000000001,13.456249999999999,12.125,8.344,809.1,83.375,14.049999999999999
2024-06-22,4418.1875,0.01064528642230819,93.9802952968571,2194.9609120669847,0.16552362381120392,2090.785650822999,0.12512715657552084,9.202203508024977e-06,809.6166666666667,0.06870833333333333,0.07658333333333334,0.06075,0.079875,0.0702393754645496,0.0045149243393002875,0.002248684822614953,14.4,13.958333333333334,13.225,12.00625,14.5917,809.6166666666667,82.44166666666666,13.483333333333334
2024-06-23,4357.520833333333,0.010715212329376765,93.34456820552045,2125.6513676362183,0.19217428356886201,2022.7246362415683,0.14455286661783853,9.429745753414978e-06,810.4729166666666,0.07054166666666667,0.07816666666666666,0.06087499999999999,0.078,0.07141171378044857,0.003162972315296551,0.0015753371053967465,14.327083333333334,14.010416666666666,13.1875,12.0,4.4621997,810.4729166666666,81.55,14.35
2024-06-24,4568.708333333333,0.010462608359720632,95.58602663796354,2229.035385523039,0.15031156336883772,2126.451092043021,0.1141064961751302,8.932465971886023e-06,807.5916666666667,0.06720833333333333,0.079375,0.06141666666666667,0.07808333333333334,0.07057967470293779,0.004122487925795325,0.0020532295412919407,15.475,14.772916666666667,13.452083333333334,12.00625,0.0,807.5916666666667,64.7,17.291666666666668
2024-06-25,4652.958333333333,0.010367428193223076,96.46342424747854,2250.5473837400546,0.14289744459119155,2158.766408440189,0.10618845621744792,7.873340029985845e-06,807.8770833333333,0.06516666666666666,0.079,0.062,0.07895833333333334,0.06980847676351441,0.005011840940169372,0.002496177080403906,16.141666666666666,15.25625,13.866666666666667,12.2125,0.0,807.8770833333333,54.041666666666664,18.783333333333335
2024-06-26,4681.041666666667,0.010336119589957336,96.75459875003166,2300.248305530666,0.1269472521505597,2198.9565475379627,0.0969556172688802,8.527502771354722e-06,808.1,0.06391666666666666,0.078875,0.062,0.07975,0.06930962204072155,0.005587125090672009,0.0027827007606936846,16.885416666666668,16.054166666666667,14.422916666666666,12.46875,0.0,808.1,53.6,19.658333333333335
2024-06-27,4754.520833333333,0.010256668089576992,97.50870119395965,2320.813165015414,0.12086862392454967,2207.606469287673,0.09522628784179688,9.502464885651675e-06,805.2145833333334,0.06258333333333334,0.078375,0.062,0.08070833333333334,0.06866475591598141,0.0063307910194660795,0.0031530879834913636,17.025000000000002,15.979166666666666,14.512500000000001,12.6,1.0059,805.2145833333334,61.550000000000004,18.883333333333333
2024-06-28,4901.0625,0.010101535790181323,99.00206494924485,2313.4868958405505,0.12287186594722972,2204.104630584023,0.095794677734375,9.190089382749686e-06,803.6750000000001,0.06091666666666667,0.07775,0.06141666666666667,0.08329166666666667,0.0678160985547193,0.007309470997492877,0.003640525346201867,16.202083333333334,15.535416666666668,14.454166666666666,12.768749999999999,5.2836,803.6750000000001,64.96666666666667,17.433333333333334
2024-06-29,4766.770833333333,0.010243351923821068,97.6346684674901,2355.9406805441827,0.11081888686807774,2246.6783070090437,0.08702596028645833,9.00802670995627e-06,807.31875,0.06091666666666667,0.07725,0.0615,0.082375,0.0676172254094355,0.0075388134557577945,0.0037547507166233456,18.189583333333335,16.864583333333332,14.981250000000001,12.8375,5.7086,807.31875,57.050000000000004,19.866666666666667
2024-06-30,4775.854166666667,0.01023329287025167,97.72865199673043,2384.5180326779105,0.10324999287366347,2269.2583768652617,0.0827039082845052,9.408884807628773e-06,809.5854166666667,0.059958333333333336,0.07691666666666667,0.06120833333333333,0.08195833333333334,0.0670355910300744,0.008209559916692503,0.004088819966333148,18.241666666666667,16.979166666666668,15.225,13.106250000000001,0.93969995,809.5854166666667,54.43333333333334,21.041666666666668
2024-07-01,4623.666666666667,0.010402231127627034,96.15313696059792,2275.4762578627956,0.1356122966407313,2137.5118789984,0.1120618184407552,1.1957907714826131e-05,807.375,0.06025,0.07658333333333334,0.06079166666666667,0.08066666666666666,0.06688070354470604,0.008388177681288925,0.004177781602478668,17.74375,17.016666666666666,15.525,13.362499999999999,7.5453,807.375,86.04166666666667,16.825
2024-07-02,4533.666666666667,0.010506380549794301,95.20841541113704,2180.2284855900416,0.1691539314421817,2074.4319959834247,0.12892913818359375,9.467998534240086e-06,806.0458333333332,0.06245833333333334,0.076625,0.06025,0.08345833333333334,0.0678342205901552,0.007288572488799295,0.0036301167201025367,17.14375,16.33125,15.206249999999999,13.5,23.1505,806.0458333333332,72.35833333333333,17.016666666666666
2024-07-03,4700.666666666667,0.010315222444142909,96.9550018982102,2252.809168520957,0.14213603242269474,2172.698546424986,0.10311253865559895,6.847572216776269e-06,806.8125,0.06225,0.077125,0.060625000000000005,0.082,0.06790710290761,0.007204523886735534,0.0035882558157729473,17.447916666666668,16.506249999999998,15.310416666666667,13.49375,0.0089,806.8125,56.18333333333334,17.0
2024-07-04,4814.395833333333,0.010193633057919387,98.11773962951445,2325.4244893305736,0.11961416567748523,2262.607048671383,0.08405812581380208,5.145339774933937e-06,808.4791666666666,0.05995,0.0764,0.060450000000000004,0.0805,0.06661767514680117,0.008691504605006567,0.004328855374350569,16.2,15.7625,15.2925,13.5,0.0,808.4791666666666,37.916666666666664,17.908333333333335
2024-07-05,4863.041666666667,0.010142068925762492,98.61366077363334,2378.695291089663,0.10482482682163431,2318.3770034862223,0.07379404703776042,4.820531157520892e-06,810.44375,0.059291666666666666,0.075875,0.06,0.08183333333333333,0.06616362332034008,0.009215121616804012,0.0045896459300289365,17.433333333333334,16.325,15.13125,13.5,0.0,810.44375,39.425000000000004,16.599999999999998
2024-07-06,5066.916666666667,0.009934628179460888,100.66395759707211,2428.835514767743,0.09196674386696858,2365.6939023829514,0.06579844156901042,4.946471879454332e-06,808.1270833333333,0.058,0.07516666666666666,0.05979166666666667,0.08104166666666666,0.06532102092577755,0.01018681894795,0.005073605544081311,17.589583333333334,16.341666666666665,15.075000000000001,13.5,0.0,808.1270833333333,41.1,16.191666666666666
2024-07-07,5176.229166666667,0.009829060257583283,101.74439799371116,2445.6149241407297,0.08797015652161555,2384.612792881765,0.06280899047851562,4.73762053755487e-06,805.9041666666667,0.057125,0.074875,0.0595,0.07841666666666668,0.06465723488796547,0.010952303505739367,0.00545485966434722,18.35625,16.895833333333332,15.225,13.456249999999999,0.0,805.9041666666667,34.31666666666667,18.575
2024-07-08,5126.520833333333,0.009877194608649175,101.25263195099365,2461.165659162478,0.08446475409020805,2390.026537151704,0.062067667643229164,5.515363497960674e-06,807.7312499999999,0.055875,0.07408333333333333,0.059291666666666666,0.08,0.06394342732306456,0.01177547337831746,0.005864844297486634,18.506249999999998,17.052083333333332,15.391666666666666,13.5,0.0,807.7312499999999,42.75833333333333,17.383333333333333
2024-07-09,5089.723404255319,0.00985853892890833,101.44535529457846,2480.0235226592554,0.0802647869251782,2405.3460142447657,0.05977597443953804,5.748708451394496e-06,808.3249999999999,0.05454166666666666,0.07341666666666667,0.058875000000000004,0.07829166666666666,0.06299969492355122,0.01286379482131457,0.006406889241560554,18.477083333333333,17.2,15.520833333333334,13.543750000000001,0.0,808.3249999999999,41.68333333333333,18.208333333333332
2024-07-10,5070.104166666667,0.00993188573822681,100.69433792593638,2489.857107258691,0.07806087889652373,2398.993168233021,0.06067657470703125,7.013571716293603e-06,810.0437499999999,0.05320833333333333,0.07270833333333333,0.058041666666666665,0.077,0.061978421304303505,0.014041537558098543,0.006993470990915308,17.6125,16.654166666666665,15.320833333333333,13.5875,0.0,810.0437499999999,53.64166666666667,17.491666666666667
2024-07-11,5063.866666666667,0.00994101981236418,100.62280903857572,2503.9142234503115,0.07617486304576977,2414.3533630553834,0.05921156141493056,6.8707786206213405e-06,809.93125,0.05266666666666667,0.0725,0.058,0.07679166666666666,0.061670901559376025,0.014396172338807738,0.00717009894501204,17.389583333333334,16.458333333333332,15.168750000000001,13.50625,0.0,809.93125,46.458333333333336,19.466666666666665
2024-07-12,5192.979166666667,0.009813541034129012,101.90768450386399,2533.395347114411,0.0688686021335694,2446.5677017246667,0.05388514200846354,6.579499281300128e-06,809.1999999999999,0.052625,0.0725,0.058,0.07945833333333334,0.06181028916748495,0.014235429184422823,0.007090039864407241,19.099999999999998,17.529166666666665,15.625,13.668750000000001,0.0,809.1999999999999,40.608333333333334,21.258333333333333
2024-07-13,5176.041666666667,0.009829829126136927,101.74051755941441,2543.4930446909298,0.06684048011579244,2465.416003930726,0.051300048828125,5.864728206957258e-06,810.40625,0.05179166666666667,0.07216666666666667,0.058,0.07779166666666666,0.06126774925727358,0.014861091520768636,0.007401654698697174,20.272916666666667,18.497916666666665,16.29583333333333,13.975,0.0,810.40625,33.25833333333333,22.391666666666666
2024-07-14,5135.75,0.00986824505058629,101.34398278440408,2542.1171390425616,0.06714221450942312,2448.424427122583,0.05359649658203125,7.0855257894785165e-06,811.06875,0.050875000000000004,0.07175,0.058,0.07695833333333334,0.06071324682501116,0.015500549154666168,0.0077201403626836265,20.10625,18.635416666666668,16.616666666666667,14.199999999999998,0.0,811.06875,38.675000000000004,22.46666666666667
2024-07-15,5092.270833333333,0.009910204932593874,100.91434635021896,2522.1554101120387,0.0712185501098867,2406.1278569475776,0.05962498982747396,8.929473253649248e-06,810.2541666666666,0.049375,0.07062500000000001,0.057291666666666664,0.077,0.05959360911058674,0.01679172632906935,0.008363218805906724,17.9375,17.3,16.177083333333332,14.299999999999999,0.4289,810.2541666666666,58.958333333333336,18.758333333333333
2024-07-16,4865.291666666667,0.010146263644317649,98.61503688406849,2401.894008374649,0.09997802019350849,2282.470446253123,0.0812822977701823,9.718670189634694e-06,809.4479166666666,0.05783333333333333,0.07083333333333333,0.056791666666666664,0.07641666666666667,0.06293512519199884,0.012938257267928941,0.006443975704361051,17.34375,16.756249999999998,15.78125,14.199999999999998,2.7266998,809.4479166666666,69.625,17.791666666666668
2024-07-17,4861.9375,0.010143409961497643,98.60182986524946,2411.4661313554448,0.0963354983326113,2307.4358292736583,0.07564798990885417,8.35453587533921e-06,811.2333333333332,0.059458333333333335,0.072,0.056375,0.07479166666666666,0.06378742068401869,0.011955381761892174,0.005954448734062497,16.254166666666666,15.802083333333334,15.3125,14.199999999999998,1.0424,811.2333333333332,65.075,17.133333333333333
2024-07-18,5001.291666666667,0.010000248794709746,100.00777871722255,2446.963733160124,0.08774013314401415,2346.860346484882,0.06887563069661458,7.901909470027838e-06,810.53125,0.058125,0.07254166666666666,0.057,0.074,0.06351188831508062,0.012273128387428955,0.006112704323876524,18.791666666666668,17.541666666666668,15.810416666666667,14.1,0.0,810.53125,48.291666666666664,20.45
2024-07-19,5019.708333333333,0.009981696107717182,100.19237810695775,2481.3975086881705,0.0798948253895611,2363.341687692542,0.06620279947916667,9.257661972114992e-06,811.1520833333334,0.058,0.072,0.058,0.074,0.06349711764288442,0.012290162071222042,0.006121188051031224,23.3,19.5,15.7,14.2,0.5087,811.1520833333334,59.525,18.816666666666666
2024-07-20,5000.708333333333,0.010000848060257155,100.0018791371002,2475.6445530503256,0.08125873076282071,2364.089355647699,0.06612523396809895,8.738987540155328e-06,811.1729166666668,,,,,,,,,,,,3.076,811.1729166666668,58.416666666666664,19.125
2024-07-21,5152.4375,0.009852621939570058,101.5072187187335,2511.379138786793,0.07346121395106457,2415.0787955254823,0.058345794677734375,7.388241587704225e-06,810.0041666666666,,,,,,,,,,,,0.0,810.0041666666666,47.06666666666666,19.591666666666665
2024-07-22,5205.5,0.009801853356475371,102.03003833442126,2520.849924000647,0.07140022757138256,2431.2706339124775,0.055979410807291664,6.827286378440662e-06,809.8458333333333,,,,,,,,,,,,0.0,809.8458333333333,48.574999999999996,18.283333333333335
2024-07-23,5215.5625,0.009793292265907754,102.12550769024104,2540.207151896671,0.06762431460127372,2451.8105129782602,0.05324554443359375,6.6802979881441135e-06,809.9333333333334,,,,,,,,,,,,0.0,809.9333333333334,45.291666666666664,18.95
2024-07-24,5135.354166666667,0.009868773299321194,101.33957192951755,2571.331448307903,0.06141715775150285,2480.5247878885325,0.04934819539388021,6.7812763618798825e-06,811.7062500000001,,,,,,,,,,,,0.0,811.7062500000001,44.05833333333334,19.533333333333335
2024-07-25,5084.333333333333,0.009917881696927632,100.83586541362915,2540.5566829948184,0.06747479812295386,2437.455912351446,0.055201212565104164,7.8425788295472e-06,811.8770833333333,,,,,,,,,,,,0.0,811.8770833333333,50.666666666666664,19.316666666666666
2024-07-26,5119.875,0.00988329473506504,101.18804879811772,2530.320341815958,0.06951480715279502,2402.1735786495065,0.06026331583658854,9.896043989397726e-06,808.9875000000001,,,,,,,,,,,,2.7403,808.9875000000001,62.39166666666667,18.7
2024-07-27,4718.104166666667,0.010303089572538142,97.11248932004214,2298.4274726944404,0.13031006602216746,2166.835972639553,0.10625457763671875,1.1241613965597992e-05,805.7395833333334,,,,,,,,,,,,10.257899,805.7395833333334,80.075,17.525000000000002
2024-07-28,4893.0,0.010110712447510847,98.91778870850015,2303.466841591708,0.12581902955850355,2217.1311754360963,0.09326807657877605,7.250694119122393e-06,803.7416666666667,,,,,,,,,,,,0.55829996,803.7416666666667,57.38333333333333,18.45
2024-07-29,4991.229166666667,0.0100098799298517,99.90860238406322,2382.845343978369,0.10348381981189615,2315.521886973918,0.07409159342447917,5.383914097563964e-06,806.6958333333333,,,,,,,,,,,,0.0,806.6958333333333,43.208333333333336,17.925
2024-07-30,5056.0625,0.009945374200425643,100.55579390510822,2435.170554642609,0.09044959103512679,2372.8853603621183,0.06466166178385417,4.864030868406946e-06,806.6770833333334,,,,,,,,,,,,0.0,806.6770833333334,37.025,18.491666666666667
2024-07-31,5036.916666666667,0.009964200389052364,100.36541584872646,2443.9319651207743,0.08844210746963634,2382.9944504451937,0.06312052408854167,4.737492844490223e-06,807.4979166666667,,,,,,,,,,,,0.0,807.4979166666667,33.46666666666667,19.166666666666668
2024-08-01,4884.25,0.010119187533646276,98.831210722199,2495.979896245836,0.07670162444480534,2434.7542509952905,0.05550257364908854,4.6585855513353365e-06,811.0812500000001,0.05454545454545454,0.07245454545454545,0.056545454545454545,0.07418181818181818,0.06195300461705035,0.01407084833068813,0.007008069394899092,17.884090909090908,17.136363636363637,16.186363636363637,14.663636363636364,0.0,811.0812500000001,31.983333333333334,19.866666666666667
2024-08-02,4854.166666666667,0.010150929453445302,98.52497190434372,2524.21899104112,0.07082446201309292,2451.071199501663,0.05327733357747396,5.526953038947126e-06,812.7770833333334,0.05375,0.07166666666666667,0.0565,0.0745,0.06138432959282416,0.014726649936399041,0.00733469527090152,19.622916666666665,18.164583333333333,16.45208333333333,14.700000000000001,0.0,812.7770833333334,32.78333333333333,21.8
2024-08-03,4960.875,0.010041129369251537,99.60209102200417,2538.8303223753137,0.06782533330245288,2458.9642035398983,0.052196502685546875,6.015784294002642e-06,811.0458333333332,0.052333333333333336,0.07087500000000001,0.0565,0.074375,0.06054737327910675,0.015691836151834882,0.007815411985189607,20.047916666666666,18.610416666666666,16.858333333333334,14.881250000000001,0.0,811.0458333333332,35.733333333333334,21.650000000000002
2024-08-04,5068.125,0.009933408110001077,100.67609346239534,2535.3395875975334,0.06845620524981551,2432.214956796763,0.05584716796875,7.858390344407859e-06,808.5854166666667,0.0507,0.0703,0.05615,0.0745,0.05963394487855344,0.016745210726531436,0.00834005143441141,19.494999999999997,18.585,17.225,15.055000000000001,0.0,808.5854166666667,41.675000000000004,22.441666666666666
2024-08-05,4526.3125,0.010517205441768193,95.12395149020648,2342.7534245953925,0.11558939056353962,2207.7826135138266,0.0960845947265625,1.134518669381352e-05,810.78125,0.071125,0.08604166666666667,0.056,0.07404166666666666,0.07294621286769398,0.0013933729439388814,0.0006939776518521379,19.102083333333333,18.366666666666667,17.15625,15.2125,6.5256996,810.78125,77.825,18.716666666666665
2024-08-06,4620.979166666667,0.010404971346629191,96.12599773026716,2372.098046569468,0.10680562429691641,2254.850114030169,0.08568572998046875,9.63227599159377e-06,811.4,0.070125,0.08183333333333333,0.05616666666666667,0.074,0.0712048303057905,0.003401552363823264,0.0016941633123900408,18.258333333333333,17.7375,16.85625,15.237499999999999,0.606,811.4,61.24166666666667,19.991666666666667
2024-08-07,4806.729166666667,0.010202473882735564,98.0372279831915,2417.002794031385,0.09528689859133993,2304.118530523308,0.076416015625,9.071632851724919e-06,809.4354166666667,0.064875,0.07845833333333334,0.05675,0.07541666666666667,0.06819332126900282,0.0068744540700757095,0.0034238625875928986,18.747916666666665,18.10625,16.931250000000002,15.28125,0.0683,809.4354166666667,51.50833333333333,21.416666666666668
2024-08-08,4820.270833333333,0.010187413726194725,98.17754240336785,2422.2520285558126,0.09400320179378367,2306.368448702187,0.07609049479166667,9.314168578047302e-06,809.0187500000001,0.060625000000000005,0.07558333333333334,0.05645833333333333,0.074,0.0653967176798304,0.010099524710045828,0.005030128131587778,16.672916666666666,16.602083333333333,16.349999999999998,15.275,2.1411998,809.0187500000001,74.3,16.099999999999998
2024-08-09,4882.3125,0.010121393763553954,98.81098366706512,2456.3435399477175,0.08560603701003851,2343.186394947365,0.06953048706054688,8.94785227750982e-06,809.0583333333334,0.058791666666666666,0.07425,0.056,0.07404166666666666,0.06412771348517637,0.01156295277186445,0.005758997150046314,17.008333333333333,16.6875,16.05,15.1,0.0,809.0583333333334,60.01666666666667,17.991666666666667
2024-08-10,4695.875,0.010321873398290991,96.90119081824571,2408.3906645837355,0.09736000264780399,2283.745502605969,0.08016331990559895,1.011827953058561e-05,810.7708333333334,0.05720833333333333,0.07320833333333333,0.056,0.076375,0.06328606322034133,0.012533552097686602,0.006242409896040376,15.856250000000001,15.670833333333334,15.575000000000001,14.975,5.7949,810.7708333333334,83.10833333333333,15.275
2024-08-11,4093.1458333333335,0.011069305256117228,90.43014194668034,2130.8106886880605,0.19449159502301494,2016.2087323979285,0.1503143310546875,1.0561709866123132e-05,810.8166666666666,0.10416666666666667,0.12558333333333332,0.056,0.07466666666666666,0.09919780140518822,0.028880215981083687,0.014383962713441473,17.402083333333334,16.660416666666666,15.825000000000001,14.800000000000002,12.5511,810.8166666666666,79.97500000000001,16.708333333333332
2024-08-12,4151.875,0.010975772017802747,91.11984881516776,2126.9456485196674,0.19047409128428025,2023.0544397601727,0.14376703898111978,9.5134625576081e-06,809.4791666666666,0.11466666666666668,0.13266666666666668,0.05683333333333334,0.074,0.10588051479412632,0.03658678649019801,0.01822226582461677,17.541666666666668,17.152083333333334,16.2,14.875,1.5782,809.4791666666666,61.48333333333333,18.741666666666667
2024-08-13,4224.166666666667,0.01088208828484268,91.90792187290351,2217.347103329418,0.15766022133833732,2092.2988845197347,0.12525304158528647,1.1051356736020078e-05,808.4583333333334,0.10270833333333333,0.11566666666666668,0.05791666666666667,0.074,0.09574676303265232,0.02490044474151043,0.012401814063461036,17.10625,16.904166666666665,16.210416666666667,15.0,1.5978,808.4583333333334,83.55,15.816666666666668
2024-08-14,4063.9791666666665,0.01109451669861574,90.1483428752423,2395.30456414269,0.10097249320517687,2270.6311643639515,0.08278656005859375,1.0174149701715496e-05,809.2687500000001,0.11991666666666667,0.11808333333333333,0.05741666666666667,0.074,0.10337332014173181,0.033695465069660036,0.01678222605715682,15.797916666666666,15.6875,15.5875,14.831249999999999,11.3345995,809.2687500000001,83.61666666666666,14.983333333333334
2024-08-15,4146.375,0.010984074574870184,91.05663020243169,2497.903948897776,0.07652221559440321,2388.912696099839,0.062337239583333336,8.448319742619464e-06,810.0208333333334,0.12,0.11795833333333333,0.058,0.074,0.10348996912346826,0.033829985817483275,0.016849224912779685,16.145833333333332,15.956249999999999,15.572916666666666,14.800000000000002,0.821,810.0208333333334,64.76666666666667,16.416666666666668
2024-08-16,4358.541666666667,0.010711834837891863,93.36178077714425,2245.4184431175872,0.15156804928873066,2155.4834252701576,0.1116040547688802,7.717346297124605e-06,808.3270833333332,0.108375,0.10912499999999999,0.058,0.074,0.09592090939808866,0.025101272035160736,0.012501837287165436,16.316666666666666,15.90625,15.424999999999999,14.793750000000001,0.1017,808.3270833333332,60.60833333333333,17.425
2024-08-17,4424.645833333333,0.010631230108218427,94.06794852516829,2220.485033639042,0.15310457562321372,2137.034912838582,0.1113573710123698,7.232679894845039e-06,809.7208333333333,0.09525,0.09970833333333334,0.058,0.074,0.08755643663470024,0.015455280149690661,0.007697593866491604,16.539583333333333,16.14375,15.589583333333332,14.725000000000001,0.0,809.7208333333333,55.416666666666664,17.183333333333334
2024-08-18,4261.583333333333,0.010834030141962991,92.31458434325818,2226.079327740535,0.15144000736900834,2104.5660585944393,0.11996078491210938,1.06969814809389e-05,811.7937499999999,0.08574999999999999,0.09349999999999999,0.058,0.074,0.08170003112593628,0.008701615978193604,0.004333891403686336,16.491666666666667,16.28125,15.643749999999999,14.737499999999999,3.9487998,811.7937499999999,76.60833333333333,17.025000000000002
2024-08-19,4264.125,0.01083055482612879,92.34283605580343,2221.916783023132,0.15288575843919047,2095.527222458603,0.12266031901041667,1.1199810812761074e-05,812.1,0.08587499999999999,0.09195833333333332,0.058,0.074,0.08124835195816056,0.008180735139622313,0.004074463615297808,16.01875,15.870833333333332,15.424999999999999,14.775,2.2949998,812.1,83.45833333333333,15.975
2024-08-20,4165.416666666667,0.010958136769682018,91.26772347369138,2132.2858125451576,0.18819805825759964,2021.5650747459492,0.14410909016927084,1.014289605521094e-05,811.9562500000001,0.10758333333333332,0.097875,0.058,0.07504166666666666,0.09199820433822448,0.02057757015377472,0.010248780757699,16.1125,16.047916666666666,15.674999999999999,14.737499999999999,0.8584,811.9562500000001,74.68333333333334,16.358333333333334
2024-08-21,4223.375,0.01088489266894402,91.89431325926755,2140.449898886486,0.18516022406802235,2024.4363119914417,0.14396158854166666,1.0637619877036123e-05,811.0479166666668,0.09858333333333334,0.09549999999999999,0.058,0.07575,0.08763363765683271,0.01554430912427222,0.007741935274867354,16.197916666666668,15.966666666666667,15.40625,14.762500000000001,4.3517,811.0479166666668,76.10000000000001,16.916666666666668
2024-08-22,4080.0625,0.011072865402741707,90.32588978571084,2067.948801631582,0.21929055747892648,1944.4798599017756,0.17199579874674478,1.1756619897129836e-05,810.5854166666667,0.096625,0.09466666666666668,0.058,0.07495833333333334,0.08652543600919914,0.014266320134060284,0.007105425284933842,15.939583333333333,15.822916666666666,15.4125,14.662500000000001,11.0246,810.5854166666667,90.76666666666667,15.283333333333333
2024-08-23,4123.604166666667,0.011012593925951976,90.81113770661,2075.492878973632,0.21425809899107628,1960.8706901372007,0.16496149698893228,1.0824463172848723e-05,808.8854166666666,0.096375,0.09441666666666666,0.058,0.074625,0.08632358087985531,0.014033538822581385,0.006989487173290508,16.129166666666666,15.864583333333334,15.424999999999999,14.68125,2.5665,808.8854166666666,84.65833333333333,15.341666666666667
2024-08-24,4111.541666666667,0.011030366734436981,90.67375550053083,2068.611842215337,0.21824147026828375,1958.25365566819,0.1663996378580729,1.0443248815568885e-05,809.5666666666666,0.10141666666666665,0.092875,0.058708333333333335,0.07458333333333333,0.08800412666489958,0.015971560675752096,0.007954730441973163,16.33125,16.045833333333334,15.518749999999999,14.71875,6.6179,809.5666666666666,82.8,15.666666666666666
2024-08-25,4133.541666666667,0.011000513508966555,90.9172892910298,2091.5250072765516,0.2064148977307284,1992.057204253407,0.15387980143229166,9.250617994551728e-06,810.69375,0.09470833333333334,0.09079166666666666,0.05933333333333333,0.07429166666666666,0.08473349020757905,0.012199830691081038,0.006076197971848542,16.139583333333334,16.006249999999998,15.581249999999999,14.775,2.5835,810.69375,73.75833333333334,15.200000000000001
2024-08-26,4178.1875,0.0109418014678136,91.40635242230583,2122.821056466514,0.19239062067469703,2031.2178381575088,0.14131673177083334,8.360941704342817e-06,812.0583333333334,0.08991666666666666,0.08895833333333332,0.058958333333333335,0.07445833333333333,0.08213261218956679,0.009200472696079254,0.004582349948252517,14.891666666666666,14.88125,15.00625,14.6875,5.8448997,812.0583333333334,69.05833333333334,15.575000000000001
2024-08-27,4257.916666666667,0.010837816514736788,92.27733603773072,2168.4189656012036,0.1728229419870603,2083.168965889971,0.12564849853515625,7.584426573750688e-06,812.3479166666666,0.082625,0.08675,0.058916666666666666,0.07479166666666666,0.07848102934204218,0.004989431604461749,0.002485015977957076,15.112499999999999,15.0,14.918750000000001,14.5,0.6957,812.3479166666666,63.50833333333333,15.608333333333334
2024-08-28,4477.5625,0.010571183743706495,94.61982793855816,2201.310144051205,0.16085038009822905,2121.585114816124,0.1158154805501302,6.965667561069865e-06,809.5375,0.07704166666666666,0.08479166666666667,0.058666666666666666,0.07520833333333334,0.07556106937277864,0.0016221051792151113,0.0008078990970979209,15.077083333333334,14.904166666666667,14.793750000000001,14.46875,0.0,809.5375,58.775,15.633333333333333
2024-08-29,4594.145833333333,0.010433360076476758,95.85251045763754,2269.427869197772,0.1365200989516784,2188.7902127543525,0.09920247395833333,6.8251854569162864e-06,808.1687499999999,0.072625,0.08345833333333334,0.05816666666666667,0.07583333333333332,0.07327473350963264,0.001014519723181192,0.0005052875601708591,14.616666666666667,14.589583333333332,14.591666666666667,14.199999999999998,0.0,808.1687499999999,55.71666666666667,15.716666666666667
2024-08-30,4568.291666666667,0.010464633837345501,95.57697072688677,2297.9124289057177,0.12822159823544016,2222.238068465845,0.09237162272135417,6.304719197697734e-06,811.7791666666667,0.069375,0.082375,0.05833333333333334,0.076,0.07165526033108027,0.0028821120485968514,0.0014354529851899655,13.772916666666667,13.854166666666666,14.160416666666668,14.174999999999999,0.0,811.7791666666667,55.09166666666667,14.825000000000001
2024-08-31,4622.333333333333,0.01040258633228172,96.14277967935556,2326.3545908485253,0.11924969528233971,2260.6900720862463,0.08430735270182292,5.377527793940137e-06,812.2083333333334,0.067125,0.08083333333333333,0.058,0.07579166666666666,0.07016209801016367,0.004604041456304865,0.0022930701308468185,13.891666666666666,13.802083333333334,13.904166666666667,13.800000000000002,0.0,812.2083333333334,48.125,15.1
2024-09-01,4702.833333333333,0.0103132635676299,96.975986697448,2356.4816728271453,0.11089712793559962,2281.0180647773063,0.08058675130208333,6.129705023723089e-06,811.4833333333332,0.06504166666666666,0.07995833333333334,0.058,0.07495833333333334,0.06898743309296489,0.005958676539706793,0.0029677541616980954,14.508333333333333,14.172916666666666,13.9375,13.800000000000002,0.0,811.4833333333332,50.583333333333336,15.708333333333334
2024-09-02,4779.708333333333,0.010229209831152082,97.76793228386408,2387.7932150607276,0.10232123370133185,2308.865245186619,0.07537460327148438,6.332803345028258e-06,811.6416666666668,0.06345833333333334,0.07879166666666666,0.058,0.07733333333333332,0.06810751023249254,0.006973412197536535,0.003473149269400293,13.954166666666666,13.822916666666666,13.793750000000001,13.668750000000001,0.0,811.6416666666668,50.666666666666664,16.366666666666667
2024-09-03,4832.104166666667,0.010173532805918909,98.30256074962314,2414.4479942502994,0.0955706290992448,2329.339635519569,0.07180150349934895,6.76605084417446e-06,810.4333333333334,0.06204166666666666,0.07808333333333334,0.058,0.07466666666666666,0.06714881344852586,0.00807899071519826,0.004023789201776291,14.50625,14.183333333333332,13.94375,13.50625,0.0,810.4333333333334,55.449999999999996,16.075
2024-09-04,4828.875,0.010177464432253881,98.26799063929217,2436.7738462094226,0.09019828115614682,2344.502523846874,0.0692138671875,7.283679019910036e-06,811.0812500000001,0.060349999999999994,0.07735,0.05800000000000001,0.07544999999999999,0.06627307068288865,0.009088905846737714,0.0045267834177931884,14.282499999999999,14.1825,14.092500000000001,13.5,0.0,811.0812500000001,54.43333333333334,16.141666666666666
2024-09-05,4477.104166666667,0.010571391015412579,94.6160188371211,2392.817080584964,0.10176907118345076,2283.758972826162,0.08031590779622395,8.83333456654318e-06,814.2520833333333,0.06025,0.07670833333333334,0.058,0.074,0.0659387782495074,0.009474415153897353,0.004718788612750904,14.15,14.060416666666667,13.995833333333332,13.5,2.6369998,814.2520833333333,80.21666666666667,13.633333333333333
2024-09-06,4497.020833333333,0.010545913370844498,94.83242897595277,2406.691125186698,0.09756316602665366,2319.5353095119667,0.07354736328125,6.960579498297495e-06,814.7020833333332,0.058708333333333335,0.07558333333333334,0.05733333333333334,0.074,0.06480872038997282,0.010777608941662948,0.005367852001469561,13.49375,13.483333333333334,13.647916666666667,13.5,0.0,814.7020833333332,64.125,14.025
2024-09-07,4613.145833333333,0.010412344452150085,96.04899144001179,2431.936104046542,0.09130295155585655,2342.302425447187,0.06960169474283855,7.084573965448285e-06,811.6291666666666,0.057625,0.07475,0.05675,0.074,0.0639763243719044,0.01173753617950752,0.005845949450803631,13.81875,13.610416666666666,13.44375,13.481250000000001,0.0,811.6291666666666,61.61666666666667,14.674999999999999
2024-09-08,4786.729166666667,0.010221620725695421,97.83996925579355,2475.446481434868,0.08131859594138768,2390.651166336655,0.062000274658203125,6.569206003278694e-06,809.2645833333332,0.05645833333333333,0.07420833333333333,0.056,0.074,0.06316994088151673,0.012667465515747656,0.006309106267476149,13.15625,13.210416666666667,13.35,13.199999999999998,0.0,809.2645833333332,60.275,13.866666666666667
2024-09-09,4772.583333333333,0.010237000204132075,97.69453970765824,2506.9703989436207,0.07443489470409799,2424.7674012596494,0.05695343017578125,6.276745131384203e-06,809.5020833333333,0.05554166666666666,0.073375,0.056,0.074,0.06252854145477484,0.013407133614468459,0.006677502347314709,13.029166666666667,13.035416666666668,13.13125,13.199999999999998,0.6052,809.5020833333333,56.56666666666666,14.233333333333334
2024-09-10,4795.3125,0.010212453559144874,97.92770920832031,2496.95583768718,0.07647040174035845,2411.225338448158,0.05885187784830729,6.585113758251564e-06,808.6479166666667,0.05483333333333334,0.07275,0.056,0.074,0.062039083306094894,0.013971581543704268,0.0069586289833871336,13.114583333333334,13.102083333333333,13.0875,13.15625,0.0036,808.6479166666667,60.36666666666667,13.825000000000001
2024-09-11,4973.75,0.010028821706314089,99.72891365630592,2488.1124358084867,0.07846299385827767,2399.711102170895,0.06060791015625,6.8233560710432175e-06,804.7895833333333,0.05416666666666667,0.07241666666666667,0.056,0.074,0.06166144000321927,0.014407083498003743,0.007175533312509103,13.28125,13.1625,13.043750000000001,12.9,0.3367,804.7895833333333,58.375,14.683333333333332
2024-09-12,5305.1875,0.009709612313411818,103.00133815885302,2488.6816199279515,0.07876801707232943,2417.5834996832064,0.05828857421875,5.450071992166725e-06,798.0979166666666,0.053375,0.0715,0.056,0.074,0.06104334985148793,0.015119871112566342,0.007530541407919011,13.19375,13.064583333333333,13.03125,12.9,0.6813,798.0979166666666,49.74166666666667,15.408333333333333
2024-09-13,5226.291666666667,0.009783915519632546,102.22806869388121,2552.400811106591,0.0651368599362211,2494.519872720564,0.047597249348958336,4.299149718107866e-06,802.2687500000001,0.05266666666666667,0.07087500000000001,0.056,0.074,0.06055389170280799,0.01568431904180215,0.007811668043991435,13.247916666666667,13.189583333333333,13.09375,12.9,0.0,802.2687500000001,38.21666666666667,15.25
2024-09-14,5061.0625,0.009940983379056278,100.60374090268925,2537.254876330047,0.06819214928352803,2478.3278138011474,0.049671173095703125,4.4023860983365945e-06,806.5375,0.05129166666666667,0.07020833333333333,0.05533333333333334,0.074875,0.05969163924291265,0.016678677020679437,0.008306913927933306,12.039583333333333,12.229166666666666,12.65625,12.86875,0.0,806.5375,46.25833333333333,12.766666666666666
2024-09-15,5067.729166666667,0.00993425036866863,100.67061728763831,2540.548978128447,0.06745263665444348,2471.862877459773,0.050511678059895836,5.153122314286587e-06,806.225,0.050875000000000004,0.07,0.05470833333333333,0.0735,0.05924250342254483,0.017196624846118582,0.008564880911750342,12.28125,12.24375,12.44375,12.6,0.0,806.225,51.06666666666666,11.908333333333333
2024-09-16,5037.083333333333,0.009964366096377806,100.36597504702218,2527.474414826263,0.07006790398077052,2434.0336694037405,0.055620829264322914,7.117853205136987e-06,804.6583333333333,0.050666666666666665,0.06991666666666667,0.054,0.07391666666666667,0.05900544133704067,0.01747000716414521,0.008701040595306202,12.491666666666667,12.360416666666666,12.34375,12.6,0.5668,804.6583333333333,66.77499999999999,12.758333333333333
2024-09-17,4859.625,0.010146192346274119,98.57723461531567,2447.0511083660763,0.08848760382722365,2338.642844379128,0.07073338826497395,8.583908898459072e-06,802.11875,0.053541666666666675,0.069875,0.054,0.07383333333333332,0.06014737268980547,0.01615312074773575,0.008045157511748996,12.360416666666666,12.447916666666666,12.487499999999999,12.5625,2.5142999,802.11875,86.26666666666667,11.441666666666668
2024-09-18,4743.020833333333,0.01026844677278087,97.39277075496913,2361.829849391374,0.10923620502779142,2299.990577377036,0.07700602213541667,4.9849566427402125e-06,801.8916666666668,0.06266666666666666,0.07,0.054,0.07391666666666667,0.06387592482092605,0.011853317924685879,0.005903615235111945,9.891666666666667,10.654166666666667,11.829166666666666,12.4375,6.0660996,801.8916666666668,65.28333333333333,9.341666666666667
2024-09-19,4739.020833333333,0.010272794238524046,97.35165343454547,2394.4913048318476,0.10059828064651921,2333.0150118497136,0.07119115193684895,4.880135971215517e-06,804.9333333333334,0.058958333333333335,0.07,0.054,0.07354166666666666,0.06235723153080909,0.013604689896043898,0.006775896424071217,9.279166666666667,9.895833333333334,10.99375,12.0375,0.0,804.9333333333334,62.574999999999996,9.95
2024-09-20,4831.041666666667,0.010175531631676742,98.28891784831353,2427.131279353575,0.09251734950735818,2358.702164708829,0.06699371337890625,5.375206889026528e-06,804.0666666666666,0.057708333333333334,0.07,0.054,0.07220833333333333,0.06177461443071913,0.014276569640144739,0.007110530112177744,10.385416666666666,10.589583333333334,10.981250000000001,11.608333333333333,0.0,804.0666666666666,55.03333333333333,13.333333333333334
2024-09-21,4921.5625,0.010086722947801014,99.18934184281075,2459.3279249516204,0.08615064670504545,2389.5709513645634,0.06321970621744792,5.436808999703962e-06,803.28125,0.05670833333333333,0.07354166666666667,0.054,0.072625,0.06254895301242888,0.013383594806336697,0.006665778704433788,10.06875,10.549999999999999,11.112499999999999,11.6,0.0,803.28125,59.725,10.325000000000001
2024-09-22,4072.8958333333335,0.011081819989431823,90.24862620823605,2103.2561364270273,0.20128768754750492,2025.228807759576,0.1430943806966146,7.13487820715922e-06,807.1041666666666,0.11620833333333334,0.17779166666666665,0.05545833333333333,0.072,0.12079145108524077,0.05378222421083993,0.02678655548148856,9.510416666666666,9.75625,10.5,11.4625,22.308699,807.1041666666666,86.25,8.85
2024-09-23,4181.166666666667,0.010937571108076105,91.43985991876161,2145.8856091251837,0.18243390317416866,2073.1922236529626,0.12858454386393228,6.490666756465914e-06,807.2895833333333,0.113,0.1615,0.056,0.072,0.11430512076711824,0.046302124581733994,0.02306104753416711,9.700000000000001,10.012500000000001,10.575,11.300000000000002,0.0,807.2895833333333,74.02499999999999,10.325000000000001
2024-09-24,4276.770833333333,0.010813631836089245,92.48219754146284,2162.0989088461833,0.17533151637323785,2089.9124133295195,0.12368138631184895,6.395915960747461e-06,807.6729166666668,0.10875,0.14866666666666664,0.057875,0.072,0.10880756945319979,0.03996229458119601,0.019903457632587915,10.145833333333334,10.387500000000001,10.6875,11.300000000000002,0.0,807.6729166666668,65.125,12.25
2024-09-25,4343.833333333333,0.010729795079482787,93.20457960114288,2209.790503379908,0.15700567448064348,2131.1974084849676,0.11281458536783855,6.827683305978234e-06,808.5166666666668,0.10383333333333333,0.13720833333333335,0.058,0.072,0.10311760598236916,0.0334005729974414,0.0166353533130589,10.389583333333333,10.525,10.737499999999999,11.256250000000001,0.0,808.5166666666668,65.38333333333334,13.391666666666666
2024-09-26,4419.270833333333,0.010638094242209052,94.0096057944894,2249.3297667334855,0.1431926381460238,2172.3093402217296,0.10296885172526042,6.567532288971752e-06,807.4395833333333,0.09866666666666667,0.127375,0.05925,0.072,0.09809463061738463,0.027608028627683745,0.013750342263102655,11.122916666666667,11.137500000000001,11.0375,11.25,0.0,807.4395833333333,61.083333333333336,13.908333333333333
2024-09-27,4444.625,0.010607414430707245,94.27977058305676,2261.079278083736,0.13926900605965067,2190.2926474554683,0.09884007771809895,5.9829859217400775e-06,809.1416666666668,0.09325,0.11816666666666666,0.06,0.07225,0.0930829104420026,0.021828463852772807,0.01087179577727685,11.279166666666667,11.40625,11.31875,11.300000000000002,0.0,809.1416666666668,54.083333333333336,14.583333333333334
2024-09-28,4453.25,0.010598134182985072,94.36825445280482,2293.1570693658186,0.1293015175305674,2217.570803432421,0.0930938720703125,6.310166997898306e-06,810.4166666666666,0.08791666666666666,0.11004166666666666,0.06,0.07316666666666666,0.08833764552123147,0.01635617788628449,0.008146291322919117,11.231250000000001,11.335416666666667,11.3375,11.3125,0.0,810.4166666666666,55.775,15.049999999999999
2024-09-29,4574.5,0.010456159613217409,95.64606363796037,2330.2918257650776,0.11797640168456171,2253.3302133883876,0.0856641133626302,6.324984371007895e-06,809.5729166666666,0.08308333333333333,0.10362500000000001,0.06,0.07316666666666666,0.08429690613231222,0.01169635766098377,0.0058254402456291154,11.445833333333333,11.516666666666666,11.508333333333333,11.475,0.0,809.5729166666666,56.34166666666667,14.583333333333334
2024-09-30,4643.0,0.0103773307832406,96.3638936531728,2319.516938264755,0.1207349763347882,2259.761646694874,0.084197998046875,4.896885807115114e-06,806.6,0.082,0.1,0.06,0.072,0.08261063490126219,0.009751733167422625,0.00485690849277278,14.8,12.9,11.3,11.3,0.0,806.6,20.8,25.4
