Date (aggregated based on UTC),Raw_Moderated_cph,Raw_Mod_Coeff_of_Var,Raw_Mod_sqrt,Corrected_Mod_cph_for_Des,SWC_Des_cm3_cm3,Corrected_Mod_cph_for_UTS,SWC_UTS_cm3_cm3,Rhov_g_cm3,BaroPress_mb,SWC_5,SWC_10,SWC_20,SWC_50,WeightedTDR_SWC,WeightedTDR_SD,WeightedTDR_SE,sT_5,sT_10,sT_20,sT_50,PRISM_ppt_mm,BaroPress,airRH,airT
2023-07-01,5750.608695652174,0.009325548187933174,107.23991935016029,,,,,6.23063644558493e-06,,0.06430434782608696,0.09465217391304348,0.14004347826086957,,0.0922990237046078,0.0,0.0,17.165853658536584,15.891304347826088,15.741304347826087,,,,60.52173913043478,13.08695652173913
2023-07-02,5870.854166666667,0.009229754848048995,108.35451269918319,,,,,5.775059029998227e-06,,0.06825,0.095625,0.139875,,0.09426600530575613,0.0022876661186545136,0.0011680751907235038,21.311363636363637,18.741666666666667,17.212500000000002,,0.0,,45.229166666666664,16.541666666666668
2023-07-03,5957.9375,0.009162129684881323,109.15488072761228,,,,,5.050978674203608e-06,,0.06758333333333334,0.095125,0.13904166666666667,,0.0936184705585626,0.0015345613102814458,0.0007835422226029011,20.25526315789474,19.787499999999998,18.072916666666668,,0.0,,37.854166666666664,17.791666666666668
2023-07-04,5995.489361702128,0.009133084042890083,109.49955944271791,,,,,5.753105807417219e-06,,0.06297435897435898,0.09276923076923077,0.1373846153846154,,0.09047077084831506,0.0021263198970608087,0.0010856923128097335,20.74473684210526,18.807692307692307,17.946153846153845,,0.0,,39.604166666666664,18.041666666666668
2023-07-05,5979.229166666667,0.009145738983137608,109.35000850959112,,,,,5.966352957115774e-06,,0.061625000000000006,0.091625,0.13579166666666667,,0.08913607245412647,0.0036786192643885334,0.0018782915320601971,21.125531914893617,18.779166666666665,17.8,,0.020399999,,42.854166666666664,17.791666666666668
2023-07-06,6058.3125,0.009086944852758055,110.0662942074532,,,,,5.7151374504077395e-06,,0.060708333333333336,0.09016666666666666,0.13416666666666668,,0.08786841912578458,0.005152942952904151,0.002631076612718699,19.115384615384617,18.837500000000002,17.66875,,0.4845,,43.895833333333336,17.333333333333332
2023-07-07,6180.425531914893,0.008995794888777352,111.17392334226261,,,,,4.830017277021629e-06,,0.05863829787234043,0.08914893617021276,0.13408510638297874,,0.08662174046644333,0.006602872392081217,0.0033714060656890817,19.542857142857144,20.559574468085106,18.77446808510638,,0.0,,37.104166666666664,18.0625
2023-07-08,6232.212765957447,0.008958312781005316,111.63885343198662,,,,,4.7892770865661536e-06,,0.05570212765957447,0.08646808510638299,0.13259574468085106,,0.08410814908982354,0.009526264164062317,0.004864080793776027,16.593333333333334,20.342553191489362,18.83404255319149,,0.0,,36.3125,17.875
2023-07-09,6252.3125,0.00894358604421013,111.82004069322245,,,,,3.4637366939126738e-06,,0.05241666666666667,0.08445833333333334,0.13141666666666665,,0.08175054871297055,0.012268233128238198,0.006264121601597846,15.013793103448275,20.339583333333334,18.9875,,0.0,,25.104166666666668,17.875
2023-07-10,6185.458333333333,0.008992045321851848,111.21956663109297,,,,,4.2969502181742425e-06,,0.050125,0.082875,0.1305,,0.08002153924304393,0.01427912961088691,0.007290879078723314,18.26969696969697,21.0125,19.395833333333332,,0.0,,27.666666666666668,19.3125
2023-07-11,6124.520833333333,0.009036151271012873,110.67246400026362,,,,,4.875379598226327e-06,,0.04870833333333333,0.08079166666666666,0.12908333333333333,,0.0783743140060114,0.016194908265019736,0.008269069689041203,18.802941176470586,20.754166666666666,19.256249999999998,,0.0,,31.833333333333332,19.8125
2023-07-12,6071.979166666667,0.009075108233091692,110.19693036926812,,,,,6.08032408409632e-06,,0.04745833333333333,0.07979166666666666,0.12808333333333333,,0.0772685350545761,0.017480966579161063,0.00892572705626912,20.991666666666667,21.570833333333336,19.818749999999998,,0.0,,36.375,20.375
2023-07-13,6201.083333333333,0.008980039170638242,111.36270456727912,,,,,5.503401836290092e-06,,0.046125,0.07825,0.12725,,0.07597867533735847,0.01898111704888249,0.009691699210922708,18.66774193548387,21.879166666666666,20.066666666666666,,0.0,,33.1875,20.583333333333332
2023-07-14,6269.083333333333,0.008931321598757603,111.9711457782596,,,,,4.8664860963262376e-06,,0.04454166666666667,0.07708333333333334,0.12625,,0.074674218141418,0.02049824487999485,0.01046633995339293,17.651724137931033,22.289583333333336,20.445833333333333,,0.0,,32.083333333333336,20.020833333333332
2023-07-15,6142.25,0.009024053473485614,110.8286320754795,,,,,3.928542771973173e-06,,0.042624999999999996,0.07533333333333332,0.12474999999999999,,0.07291146042513866,0.02254839171440083,0.011513138537802796,16.82,21.70625,20.154166666666665,,0.0,,26.541666666666668,18.604166666666668
2023-07-16,6089.6875,0.009062059004753244,110.35687218977063,,,,,4.2324742101234194e-06,,0.041541666666666664,0.074125,0.1235,,0.07174638963674337,0.02390340843997162,0.012205005854999212,16.151724137931033,21.81458333333333,20.162499999999998,,0.0,,30.229166666666668,18.875
2023-07-17,6008.979166666667,0.009123424039612511,109.62026937344508,,,,,4.640668481316782e-06,,0.040916666666666664,0.07366666666666667,0.12229166666666667,,0.07104425224842065,0.024720017966450528,0.01262196413427359,17.93,22.556250000000002,20.554166666666667,,0.0,,28.458333333333332,21.145833333333332
2023-07-18,6115.255319148936,0.009043090949397878,110.58831348031383,,,,,4.839478485738129e-06,,0.039872340425531914,0.07314893617021277,0.1216595744680851,,0.07027728791659102,0.025612023420451123,0.01307741933917078,19.24827586206897,23.119148936170212,21.0531914893617,,0.0,,25.958333333333332,22.229166666666668
2023-07-19,5938.645833333333,0.009176596773242509,108.97960848838751,,,,,7.5859068901771644e-06,,0.040125,0.07191666666666667,0.12004166666666666,,0.06958421505956755,0.026418090590497878,0.013488994724105923,21.165714285714284,22.552083333333332,20.829166666666666,,0.0,,43.958333333333336,20.916666666666668
2023-07-20,5700.872340425532,0.009370381184213496,106.7590933643094,,,,,8.705808759602483e-06,,0.04429787234042553,0.07119148936170212,0.11872340425531915,,0.07079444983449909,0.025010546621295513,0.012770307160011232,21.12702702702703,22.419148936170213,20.887234042553192,,3.2863998,,57.291666666666664,19.104166666666668
2023-07-21,5686.9375,0.009378504878477955,106.64114380267439,,,,,8.324608619461781e-06,,0.052208333333333336,0.07033333333333333,0.11633333333333333,,0.07329249093493759,0.022105240346369844,0.011286866830357734,19.55121951219512,20.204166666666666,19.408333333333335,,0.029099999,,61.145833333333336,17.645833333333332
2023-07-22,5935.553191489362,0.009179017833272542,108.9511002758877,,,,,5.3524550636602225e-06,,0.05770212765957447,0.07182978723404256,0.11591489361702129,,0.07603785359138537,0.0189122907382452,0.009656556711207001,16.403225806451612,21.19148936170213,19.8,,0.0,,37.9375,18.958333333333332
2023-07-23,6007.875,0.009123375817767064,109.61376493364156,,,,,4.537206463864171e-06,,0.059041666666666666,0.073625,0.11583333333333334,,0.07720664204599519,0.017552950241148293,0.008962481689744289,17.712903225806453,22.316666666666666,20.631249999999998,,0.0,,28.583333333333332,20.291666666666668
2023-07-24,5949.729166666667,0.009167820456602695,109.08215137868382,,,,,5.7189857040646706e-06,,0.05495833333333333,0.073875,0.11483333333333334,,0.07533433229772935,0.019730509793425634,0.010074336810820319,19.497142857142858,21.84583333333333,20.510416666666668,,0.0,,35.145833333333336,20.75
2023-07-25,5964.333333333333,0.009156938555484027,109.21455187562525,,,,,6.199762411910643e-06,,0.05104166666666667,0.07441666666666667,0.11466666666666668,,0.07382594984054716,0.02148480959940959,0.010970076824518697,21.788888888888888,22.414583333333336,20.872916666666665,,0.0,,34.3125,21.5625
2023-07-26,5907.9375,0.009200679163566348,108.69644358641112,,,,,6.712144796521445e-06,,0.04724999999999999,0.07333333333333333,0.11312499999999999,,0.07149078162808944,0.024200689197815494,0.012356796483485305,21.32439024390244,21.166666666666668,20.310416666666665,,1.1237999,,42.083333333333336,19.9375
2023-07-27,5870.083333333333,0.009230509541929567,108.34681438606064,,,,,7.565732315003499e-06,,0.04604166666666667,0.07154166666666667,0.11125,,0.06992667865321262,0.026019793850153638,0.013285625649769246,18.875,19.277083333333334,18.960416666666667,,0.67149997,,55.9375,17.645833333333332
2023-07-28,5897.395833333333,0.009208428574675595,108.60126784147089,,,,,6.4638873016733315e-06,,0.046875,0.07220833333333333,0.111,,0.07045207214368526,0.02540874345374209,0.012973625221686724,19.28857142857143,20.375,19.241666666666667,,0.0,,37.041666666666664,21.4375
2023-07-29,5934.0,0.009180118405852896,108.93724359972394,,,,,5.789220546223096e-06,,0.04514893617021276,0.07276595744680851,0.11114893617021276,,0.0699490059400199,0.02599382646056509,0.013272366781572136,20.465714285714284,21.304255319148936,19.98723404255319,,0.39319998,,35.9375,20.333333333333332
2023-07-30,5881.0,0.009221548412095056,108.44905953078838,,,,,7.337885321968668e-06,,0.04387234042553191,0.07229787234042553,0.11080851063829787,,0.06916832248074538,0.026901787723717575,0.01373596897289635,20.91111111111111,21.429787234042553,20.01063829787234,,0.0,,42.666666666666664,20.9375
2023-07-31,5862.446808510638,0.00923584257625853,108.27897908073582,,,,,8.972377802415993e-06,,0.042425531914893615,0.07131914893617021,0.11051063829787235,,0.06814885301505211,0.02808746518725245,0.01434137219063934,20.924444444444443,20.625531914893617,19.83404255319149,,1.0088999,,58.6875,18.333333333333332
2023-08-01,5706.170212765957,0.009362799074426033,106.82092875551572,2384.598940228561,0.0893948481585432,2261.27800534357,0.086090087890625,1.0165787601480897e-05,783.3499999999999,0.044062500000000004,0.07010416666666668,0.1089375,,0.06805782537873155,0.028193333406533284,0.014395428173468141,18.870731707317074,19.404166666666665,18.897916666666667,,2.0056,783.3499999999999,70.77083333333333,17.681250000000002
2023-08-02,5620.1875,0.009433951122146482,106.01378026546656,2411.803777287247,0.08343537551742547,2285.202438406494,0.08163960774739583,1.0260810144026261e-05,785.2520833333333,0.04033333333333333,0.07260416666666666,0.10879166666666666,,0.06731085640096533,0.029062083587584372,0.014839009308471863,21.22888888888889,20.235416666666666,19.289583333333333,,6.5701,785.2520833333333,72.45416666666667,17.70625
2023-08-03,5191.520833333333,0.009823484112672181,101.86309641867882,2189.2787833976117,0.14960896304373864,2080.486564120453,0.13400777180989584,9.703496377051914e-06,784.4499999999999,0.18572916666666664,0.07472916666666667,0.10877083333333333,,0.12956022355085456,0.0433360354661728,0.02212724465321986,20.221739130434784,20.141666666666666,19.635416666666668,,21.3079,784.4499999999999,74.7625,16.208333333333332
2023-08-04,5147.583333333333,0.009857064254606243,101.4600918916243,2150.6059960455027,0.1616156866799175,2068.0110125632227,0.13577779134114584,7.406139443081109e-06,784.00625,0.20245833333333332,0.07595833333333334,0.10727083333333333,,0.13671712124044602,0.051659749500710166,0.02637730709858166,18.027659574468085,17.75,17.8125,,1.4624,784.00625,54.52916666666667,17.295833333333334
2023-08-05,5272.083333333333,0.009739639719952457,102.68092183028519,2224.7678178204264,0.13469247381086039,2145.9494502356793,0.11311976114908855,6.802426774076768e-06,784.0791666666668,0.14197916666666668,0.0795,0.10810416666666667,,0.11254481092638709,0.02354653518147487,0.012022787481398487,19.317391304347826,18.985416666666666,18.377083333333335,,0.0,784.0791666666668,47.31666666666666,18.08125
2023-08-06,5392.729166666667,0.009630355998295712,103.84813062159371,2277.9104215155885,0.11804627047871204,2199.234628956019,0.0999310811360677,6.627709183642489e-06,783.6041666666666,0.11410416666666667,0.081625,0.10852083333333333,,0.10158163259218991,0.010795988042005827,0.005512397848787252,19.73111111111111,19.285416666666666,18.639583333333334,,0.0,783.6041666666666,48.8375,17.758333333333333
2023-08-07,5516.520833333333,0.009521705294810624,105.03322770395653,2316.240493826396,0.10724095434649067,2245.788465792076,0.08968607584635417,5.8184947521080245e-06,783.5354166666666,0.09666666666666666,0.0834375,0.1095,,0.09505661471608123,0.003207171598540176,0.0016375718231343792,21.16521739130435,20.308333333333334,19.29375,,0.0,783.5354166666666,43.23333333333333,17.760416666666668
2023-08-08,5739.9375,0.009335008065854933,107.13733312344296,2362.7571432417203,0.09509719941612634,2301.743263249679,0.07847086588541667,4.9168475031616e-06,781.85,0.082875,0.08374999999999999,0.1096875,,0.08937253808026849,0.003403601744735219,0.001737868443611308,19.88478260869565,19.860416666666666,19.210416666666667,,0.0,781.85,37.824999999999996,17.304166666666667
2023-08-09,5764.6875,0.009315170408676542,107.36716462408293,2364.212841494468,0.09480186252569801,2302.7992273422155,0.07835769653320312,4.951329863291512e-06,781.2083333333334,0.0729375,0.083125,0.1095,,0.08490835491248978,0.008595597732106419,0.004388885414020953,19.971739130434784,19.204166666666666,18.64375,,0.0,781.2083333333334,39.18541666666666,16.616666666666667
2023-08-10,5918.645833333333,0.009191818987177835,108.79701220230555,2395.5556281666472,0.08704555374680624,2329.2805239120494,0.07326889038085938,5.271910219347516e-06,780.9520833333332,0.06341666666666666,0.0838125,0.1103125,,0.08130542852122107,0.012785922963669202,0.006528452418199852,21.82391304347826,20.681250000000002,19.566666666666666,,0.0,780.9520833333332,35.80833333333333,18.164583333333333
2023-08-11,5645.5625,0.009412705951579033,106.25290145908356,2331.1381147368734,0.10333436504308252,2233.826003850713,0.09232838948567708,8.074863094335726e-06,783.0229166666667,0.06202083333333333,0.08208333333333333,0.10985416666666666,,0.08001092184524547,0.014291478003570222,0.007297184129543916,18.80217391304348,19.152083333333334,18.908333333333335,,1.7502999,783.0229166666667,66.60625,15.518749999999999
2023-08-12,5736.333333333333,0.009336912352667988,107.10760553299838,2354.83423915537,0.09696966100462456,2258.4150131251263,0.08687973022460938,7.906837355215538e-06,783.725,0.06725,0.08143750000000001,0.10943750000000001,,0.08190384198992906,0.012089947863286672,0.006173089700935731,20.080434782608698,19.435416666666665,18.568749999999998,,0.029199999,783.725,55.26458333333333,17.729166666666668
2023-08-13,5837.354166666667,0.009256171768294639,108.04502180706233,2380.6013412635903,0.0906446432413886,2292.9400961883143,0.0801099141438802,7.0895363259993075e-06,784.0875,0.06654166666666667,0.08116666666666666,0.1098125,,0.08159711291866754,0.012446684145680814,0.006355238134965348,20.21818181818182,19.822916666666668,19.052083333333332,,0.0092,784.0875,53.40833333333333,17.260416666666668
2023-08-14,5864.979166666667,0.009234323655147056,108.30049595309379,2407.179779774939,0.0843887518337298,2336.918737339193,0.0719146728515625,5.567096314998269e-06,786.2604166666666,0.06177083333333333,0.08122916666666667,0.1103125,,0.07971563596410434,0.014634905468885212,0.007472537123049555,21.595555555555556,20.670833333333334,19.639583333333334,,0.0,786.2604166666666,40.10208333333333,17.847916666666666
2023-08-15,5795.875,0.009289317061472865,107.66016811160723,2412.883649571311,0.08303775064489512,2335.2820462557706,0.0721893310546875,6.155989037567432e-06,788.0187500000001,0.054125,0.08145833333333334,0.11077083333333333,,0.07666571377984727,0.018182068107002604,0.009283707311417413,22.150000000000002,21.639583333333334,20.272916666666667,,0.0,788.0187500000001,39.822916666666664,19.577083333333334
2023-08-16,5904.0,0.009203670998497825,108.66051145248844,2420.745705973755,0.08123675360885413,2335.716731199285,0.0720965067545573,6.743813373405947e-06,786.3041666666667,0.0466875,0.08147916666666667,0.11135416666666666,,0.07366077196088566,0.021676917059200877,0.011068166294789426,23.14761904761905,22.45,20.95,,0.0,786.3041666666667,40.55416666666667,20.522916666666667
2023-08-17,5940.958333333333,0.009175076412135531,108.99976429852417,2426.63925926699,0.07995834158659433,2331.0871465345986,0.07294718424479167,7.5931337175998785e-06,784.99375,0.042166666666666665,0.07991666666666668,0.1108125,,0.07108241417300132,0.02467563435765882,0.012599302001945091,22.4,21.447916666666668,20.572916666666668,,2.0642,784.99375,48.831250000000004,19.508333333333333
2023-08-18,5976.604166666667,0.009147434822086199,109.32722993519279,2440.142307769846,0.07696382253168686,2331.941472371002,0.07278188069661458,8.597165909983191e-06,784.1104166666668,0.04008333333333333,0.07925,0.11083333333333334,,0.06997517780606452,0.025963387695313155,0.013256824842896245,22.868085106382978,21.695833333333336,20.7625,,0.0,784.1104166666668,51.92291666666667,19.837500000000002
2023-08-19,5924.3125,0.009187581714137182,108.84844682708477,2437.582580227879,0.07757146109911224,2334.3605647832082,0.07239913940429688,8.193027323291151e-06,784.4354166666667,0.04164583333333333,0.07720833333333334,0.10947916666666667,,0.06961733538045305,0.026379570537293274,0.013469326504986558,21.29148936170213,20.060416666666665,19.508333333333333,,2.4606,784.4354166666667,55.65833333333333,18.91875
2023-08-20,6001.291666666667,0.009128799053062213,109.55200802944599,2465.565959207794,0.07160402657910694,2392.256922010673,0.0626818339029948,5.6873602990695796e-06,784.3916666666668,0.04064583333333333,0.077625,0.10960416666666667,,0.06936719947352933,0.026670487055777344,0.013617867572689547,21.148780487804878,21.289583333333333,20.102083333333333,,0.0,784.3916666666668,34.702083333333334,21.400000000000002
2023-08-21,5983.0,0.009143186003119702,109.38314710331225,2479.4632258006186,0.06877581810605286,2416.277062473268,0.058904012044270836,4.848054565992869e-06,786.21875,0.036583333333333336,0.07756249999999999,0.11008333333333332,,0.06773738635069938,0.028566014832275048,0.014585718147998363,21.617073170731707,21.964583333333334,20.7625,,0.0,786.21875,27.12291666666667,21.679166666666664
2023-08-22,5909.583333333333,0.009199006000506165,108.71312230150842,2474.9763277608704,0.06959044735126775,2392.3910322483443,0.06254959106445312,6.399064088146422e-06,787.0958333333333,0.033854166666666664,0.0765,0.109875,,0.06616704542211232,0.030392374435724213,0.015518251669709694,22.464583333333334,21.5625,20.733333333333334,,0.0,787.0958333333333,39.762499999999996,19.202083333333334
2023-08-23,5840.020833333333,0.00925364402558065,108.07133368749227,2461.4834928238,0.07236553657048625,2358.039299926274,0.06816736857096355,8.12435624257008e-06,786.8000000000001,0.035041666666666665,0.07445833333333333,0.1085,,0.06564572110395811,0.030998692247124083,0.01582783565463425,20.610869565217392,19.9375,19.535416666666666,,1.5554999,786.8000000000001,56.543749999999996,17.972916666666666
2023-08-24,5689.958333333333,0.009376785648024221,106.6665220704021,2386.6616435641827,0.08926486661656495,2263.5817123823176,0.08599599202473958,1.0076818153474627e-05,785.2145833333334,0.04485416666666667,0.0741875,0.1080625,,0.06960279775539627,0.02639647828684654,0.013477959549215823,20.097727272727273,20.152083333333334,19.51875,,4.6886,785.2145833333334,75.575,16.756249999999998
2023-08-25,5347.5625,0.009670778088205422,103.41291638509257,2264.9812403104925,0.12204700645694938,2130.218019826381,0.11733754475911458,1.1714856286952663e-05,785.9854166666668,0.07916666666666666,0.07352083333333333,0.10770833333333334,,0.08380857135789677,0.009874683196976581,0.005041982466141745,18.346666666666668,19.39375,19.26875,,7.8443,785.9854166666668,93.03750000000001,14.775
2023-08-26,5282.25,0.009730546418978319,102.77886140343215,2246.6615947365904,0.1276268881726176,2126.627962814154,0.1182861328125,1.0455649302668761e-05,786.6104166666668,0.11875000000000001,0.07375,0.10710416666666667,,0.10049656934740951,0.009534022795237735,0.004868042326674591,19.206382978723404,18.772916666666667,18.341666666666665,,5.171,786.6104166666668,77.17083333333333,16.825
2023-08-27,5386.4375,0.00963750244131908,103.78204796822202,2272.59174630975,0.1201191934369192,2160.863327061666,0.10970179239908855,9.582520130539835e-06,786.4812499999999,0.10635416666666665,0.07502083333333333,0.10820833333333334,,0.09594631227916224,0.004241919950899787,0.002165911107078558,19.38695652173913,19.6125,19.122916666666665,,2.5578,786.4812499999999,68.42291666666667,17.641666666666666
2023-08-28,5567.458333333333,0.009478291745359767,105.51613450912635,2324.8090812898513,0.10520169659283801,2225.1349450554235,0.09452311197916667,8.317141605242116e-06,786.0083333333333,0.0950625,0.07564583333333333,0.10839583333333334,,0.09142809948756137,0.0010129143160717258,0.0005171908930608816,20.4,19.833333333333332,19.091666666666665,,0.1704,786.0083333333333,56.0625,18.810416666666665
2023-08-29,5638.520833333333,0.009417989123667926,106.18886249079513,2365.743582309687,0.09424137284787544,2288.783147208592,0.08086395263671875,6.235521612785856e-06,787.275,0.08235416666666666,0.076375,0.10891666666666666,,0.08642351286068352,0.006833417800952345,0.003489121832968948,19.993333333333336,20.097916666666666,19.483333333333334,,0.2816,787.275,47.85833333333333,17.477083333333333
2023-08-30,5885.0,0.00921812029902012,108.48708248820476,2411.445899902125,0.08337873288143634,2340.404560815056,0.07128651936848958,5.622483561301731e-06,784.8208333333333,0.07354166666666666,0.07666666666666666,0.10920833333333334,,0.0828630627125819,0.010974341725312068,0.00560346468364806,20.717021276595744,20.381249999999998,19.677083333333332,,0.0,784.8208333333333,40.020833333333336,18.060416666666665
2023-08-31,6052.9375,0.009089290839444817,110.02433242081749,2433.43419355052,0.07844905172506504,2365.400838241277,0.06699117024739583,5.328399950331156e-06,782.06875,0.06608333333333334,0.07697916666666667,0.10925,,0.07982502525540117,0.014507682023939275,0.0074075772285492475,21.335555555555555,20.627083333333335,19.6375,,0.0,782.06875,35.43541666666667,19.502083333333335
2023-09-01,6055.145833333333,0.009087622112642654,110.04444929720482,2435.390719305055,0.07795069598993996,2363.8544886157965,0.06715901692708333,5.603372697852191e-06,782.6020833333333,0.05708333333333334,0.07702083333333333,0.10947916666666667,,0.07608434103366649,0.01885822427082765,0.009628950541440565,21.515555555555558,21.099999999999998,20.089583333333334,,0.0,782.6020833333333,35.87083333333333,19.1375
2023-09-02,5932.916666666667,0.00918136587774005,108.92567249432584,2442.527570989478,0.07645636695244805,2353.7102679540885,0.06896591186523438,6.989924448073135e-06,785.5604166666667,0.05102083333333333,0.07585416666666667,0.10879166666666666,,0.07295687960535738,0.022495567671886773,0.011486166746320092,20.16595744680851,19.881249999999998,19.537499999999998,,0.0,785.5604166666667,48.90625,17.925
2023-09-03,5866.729166666667,0.009233185135622175,108.3157119937822,2433.0273455933166,0.07851095757578122,2331.0330247688503,0.0729077657063802,8.102605541887893e-06,784.7208333333333,0.04735416666666667,0.07531249999999999,0.10833333333333334,,0.07111222990730884,0.024640957650394098,0.012581596183284924,19.48913043478261,19.589583333333334,19.16875,,0.0,784.7208333333333,59.63958333333333,16.516666666666666
2023-09-04,6215.166666666667,0.008970595817700355,111.48603821307633,2449.778343317695,0.07489750922646893,2359.7689806116537,0.06794357299804688,7.069792414871181e-06,778.3770833333333,0.04689583333333333,0.07395833333333333,0.10708333333333332,,0.07016117181023424,0.02574707037878943,0.013146373895227423,19.193749999999998,18.33125,18.208333333333332,,1.1012,778.3770833333333,54.22083333333333,16.070833333333333
2023-09-05,6187.145833333333,0.008990542677367434,111.2358597156895,2461.3785397641836,0.07250006704817803,2388.924779499046,0.0632184346516927,5.626141283779421e-06,781.49375,0.04464583333333333,0.07358333333333333,0.1065625,,0.06895913541674105,0.027145079353138073,0.013860192920665407,18.05777777777778,18.154166666666665,18.027083333333334,,0.0,781.49375,55.824999999999996,13.364583333333334
2023-09-06,6206.666666666667,0.00897619093955049,111.41203412114713,2484.596666089135,0.06769745120391245,2430.2969383500754,0.05676142374674479,4.142818428761661e-06,784.1062499999999,0.0415,0.074,0.10670833333333334,,0.06780587697538759,0.028486357919646463,0.014545045576659235,19.628888888888888,18.96875,18.339583333333334,,0.0,784.1062499999999,35.37291666666667,16.279166666666665
2023-09-07,6220.395833333333,0.008966251112476837,111.53531695057393,2481.1650292163617,0.06839766781773389,2430.5408177480244,0.05670801798502604,3.8589129585920364e-06,784.4645833333334,0.03766666666666667,0.07408333333333333,0.10679166666666666,,0.0662320067362348,0.03031682223063266,0.015479674949246744,19.490697674418605,19.520833333333332,18.714583333333334,,0.0,784.4645833333334,28.8125,17.322916666666668
2023-09-08,6207.75,0.008975578440026928,111.42105057312604,2509.191137283178,0.06284400179687791,2463.0404179608413,0.05199559529622396,3.4710178011930007e-06,786.5208333333334,0.0344375,0.07358333333333333,0.10675,,0.06468314942164172,0.03211819566450527,0.01639945061064114,18.478048780487807,19.385416666666668,18.7375,,0.0,786.5208333333334,28.681250000000002,16.318749999999998
2023-09-09,6176.333333333333,0.00899791412633261,111.1406591179337,2511.786892864607,0.06225031106925424,2466.4924634653407,0.05144627888997396,3.4029456847987438e-06,787.6145833333334,0.03195833333333333,0.07295833333333333,0.106375,,0.0633313837831742,0.0336903448140846,0.01720218506684786,19.074418604651164,19.1375,18.595833333333335,,0.0,787.6145833333334,27.360416666666666,16.116666666666667
2023-09-10,6161.979166666667,0.009008757768975743,111.00990997028724,2508.742101960872,0.06296058216979748,2444.2561367877674,0.05473963419596354,4.894084218292349e-06,785.8583333333332,0.030812500000000003,0.0726875,0.10633333333333334,,0.06274327223910509,0.03437433842773663,0.017551430074327426,20.354347826086954,19.618750000000002,18.889583333333334,,0.0,785.8583333333332,34.40416666666667,17.10625
2023-09-11,6032.479166666667,0.009105952790010937,109.83313230331122,2470.6786286306847,0.07055267970267701,2375.1908107470927,0.06547800699869792,7.462726345622687e-06,784.8854166666666,0.032875,0.07097916666666666,0.10527083333333333,,0.06277965551700421,0.03433202344518325,0.01752982417610939,18.9,18.333333333333332,18.037499999999998,,2.6536999,784.8854166666666,66.72291666666666,14.514583333333334
2023-09-12,6176.3125,0.00899874953299024,111.1370993635483,2483.8864311769917,0.06790534779615338,2418.812174494083,0.058514912923177086,4.984863258849684e-06,783.4166666666666,0.036625,0.07041666666666667,0.10470833333333333,,0.06404184242926288,0.032864057383427715,0.016780285279861182,17.504545454545454,18.008333333333333,17.795833333333334,,0.0346,783.4166666666666,50.24375,13.010416666666666
2023-09-13,6213.145833333333,0.008971686880945668,111.46945867994765,2493.2015677743134,0.06596102685603177,2425.315972041171,0.05747222900390625,5.187430616809689e-06,781.5187500000001,0.034749999999999996,0.0705,0.1045625,,0.06324362585706542,0.03379241024981884,0.01725429936024906,17.969565217391306,18.389583333333334,17.95,,0.0,781.5187500000001,44.45208333333333,13.991666666666667
2023-09-14,6164.0,0.009007408148907672,111.02762534515188,2493.1032017514012,0.06605001277703955,2409.471632372198,0.059941609700520836,6.430589237869125e-06,782.18125,0.03229166666666667,0.068625,0.10331249999999999,,0.06126621226541021,0.03609220912620672,0.018428569499259747,15.44375,16.431250000000002,16.895833333333332,,0.8746,782.18125,66.65833333333333,10.758333333333333
2023-09-15,5703.479166666667,0.009364200505457302,106.79877814935377,2335.6897223284964,0.10199804466308778,2238.717642654424,0.09113820393880208,8.025633715916345e-06,784.3249999999999,0.05308333333333334,0.06758333333333334,0.10185416666666668,,0.0693663047162959,0.026671527688697426,0.013618398916615431,13.686666666666666,15.025,15.635416666666666,,5.4214997,784.3249999999999,86.925,10.18125
2023-09-16,5466.791666666667,0.009565080849479844,104.55813483516026,2263.2078946883616,0.12245561230090413,2187.762409957168,0.10268910725911458,6.395434103411974e-06,786.7604166666666,0.11608333333333333,0.06679166666666667,0.10081250000000001,,0.09550813890618859,0.003732309500622475,0.0019057055993567994,12.14782608695652,13.645833333333334,14.689583333333333,,2.3686,786.7604166666666,76.95416666666667,9.63125
2023-09-17,5670.479166666667,0.009391256979316913,106.4899544368509,2329.454809720426,0.10360223056808966,2270.4709461184098,0.08445231119791667,4.811249703718754e-06,786.3937500000001,0.10058333333333334,0.06839583333333334,0.10127083333333332,,0.08961052171571926,0.0031268187289219943,0.0015965438983252987,13.799999999999999,14.725,14.995833333333332,,0.0,786.3937500000001,49.62916666666666,12.383333333333333
2023-09-18,5700.0,0.009367078875869189,106.76615748161156,2357.782178936775,0.09637893976233215,2289.6250126897908,0.0807355244954427,5.512758063067564e-06,784.28125,0.08529166666666667,0.06947916666666666,0.10208333333333335,,0.08370275867997412,0.009997746919619651,0.005104818419397893,13.799999999999999,15.293750000000001,15.497916666666667,,0.0,784.28125,54.27916666666667,11.866666666666667
2023-09-19,5572.0,0.009473773461626788,105.56162010489724,2320.064812004311,0.10622333709808733,2239.0281145023646,0.0910504659016927,6.701553275532494e-06,782.375,0.07783333333333332,0.06760416666666667,0.10031250000000001,,0.07948942942486838,0.014897991323539932,0.007606867940534936,10.862499999999999,12.377083333333333,13.612499999999999,,4.8142,782.375,76.91458333333334,9.477083333333333
2023-09-20,5716.25,0.009355020474382122,106.91336660189994,2352.029925881127,0.09784006323547594,2286.6447839665334,0.08142852783203125,5.305651772364128e-06,781.03125,0.07510416666666667,0.06758333333333334,0.09995833333333333,,0.07824564200474945,0.016344558153729715,0.00834548045583591,11.3125,11.93125,12.94375,,0.4455,781.03125,64.29791666666667,10.222916666666666
2023-09-21,5857.770833333333,0.009240744140435962,108.23104573797643,2363.80194539007,0.09482339716140531,2302.2651469681437,0.07834370930989583,4.959715728215671e-06,779.00625,0.07591666666666667,0.07033333333333333,0.10135416666666668,,0.07986297988078946,0.01446353951111845,0.007385038199072112,16.197916666666668,15.19375,14.514583333333334,,0.89129996,779.00625,45.19166666666666,14.043750000000001
2023-09-22,6002.666666666667,0.009127414596747646,109.56592527092944,2393.2588855853382,0.08752233798353377,2351.895964699342,0.06924947102864583,3.260279083934911e-06,779.3770833333333,0.07333333333333333,0.0705,0.1019375,,0.07896234738946384,0.015511005554808022,0.00791987109657496,14.331111111111111,14.950000000000001,14.866666666666667,,0.6107,779.3770833333333,32.479166666666664,12.939583333333333
2023-09-23,6005.416666666667,0.009125743169390717,109.58932367153875,2418.6800826951912,0.0817177920758356,2375.4583158348273,0.06534067789713542,3.3754743082852147e-06,781.86875,0.0690625,0.07085416666666668,0.10208333333333335,,0.07731146880067982,0.017431033180571546,0.008900231218565658,14.433333333333334,15.158333333333333,15.0,,0.0,781.86875,37.3,11.464583333333332
2023-09-24,6062.5625,0.009082102310066434,110.11164955677354,2437.813173822941,0.07744135178383886,2400.3468651689623,0.061276753743489586,2.8916214222658383e-06,783.7270833333333,0.06406250000000001,0.0701875,0.10175000000000001,,0.07488831575537157,0.020249242114925566,0.010339199917560233,13.393333333333334,14.154166666666667,14.395833333333334,,0.0,783.7270833333333,36.43541666666667,9.833333333333334
2023-09-25,5779.875,0.009304220584162222,107.50344003201268,2460.02539881838,0.07292754689449885,2421.7593834410886,0.05814361572265625,2.9257693084480157e-06,786.9833333333332,0.060208333333333336,0.07058333333333333,0.101875,,0.07342333186423775,0.021953067921005775,0.011209168064208878,14.432608695652174,14.660416666666668,14.552083333333334,,0.0,786.9833333333332,33.395833333333336,11.072916666666666
2023-09-26,5805.0625,0.009281657431813323,107.74664694126102,2437.4663297693946,0.077566660181352,2395.5322475352195,0.06205622355143229,3.2407072188707527e-06,786.3125,0.0555,0.07085416666666668,0.10202083333333334,,0.07155852028914624,0.024121906844319065,0.012316570459313513,15.46888888888889,15.145833333333334,14.762500000000001,,0.0,786.3125,31.822916666666668,13.1
2023-09-27,5954.416666666667,0.009164801092863118,109.12274582770078,2459.626751311978,0.07279714636434212,2412.4062424818235,0.059406280517578125,3.6242599436038513e-06,784.0500000000001,0.050104166666666665,0.0713125,0.1024375,,0.06953023624559039,0.02648086977653023,0.01352104958084408,16.466666666666665,15.883333333333333,15.285416666666668,,0.0,784.0500000000001,34.21041666666667,14.014583333333334
2023-09-28,6161.875,0.009009485395478025,111.00624501454733,2461.803207781911,0.07234443394774645,2418.693580151004,0.058461507161458336,3.3022798792999154e-06,780.6979166666666,0.04510416666666667,0.07129166666666667,0.10252083333333334,,0.06742670612311993,0.028927346443081398,0.014770212942394011,16.77777777777778,16.2,15.585416666666667,,0.0,780.6979166666666,29.308333333333334,14.945833333333333
2023-09-29,6339.333333333333,0.008881798158905515,112.59632482964496,2487.2171758549352,0.06717333014790414,2446.9724788796575,0.05428314208984375,3.0459681286984622e-06,779.5395833333333,0.040625,0.07114583333333334,0.1025,,0.06547625175724708,0.031195790828216552,0.015928473575886642,16.804444444444446,16.256249999999998,15.674999999999999,,0.0,779.5395833333333,26.34583333333333,15.158333333333333
2023-09-30,6452.020833333333,0.008804188286066682,113.59138880362987,2495.937632036195,0.06537862271629093,2451.9060510277027,0.053522745768229164,3.3257352462728983e-06,778.81875,0.03685416666666667,0.07072916666666666,0.10252083333333334,,0.06374146693200931,0.03321340424439469,0.016958660698339057,15.673913043478262,16.03125,15.737499999999999,,0.0,778.81875,29.96875,14.320833333333333
2023-10-01,6511.416666666667,0.008763833210332568,114.11351541947744,2497.0379129752528,0.0652887567231472,2434.170849925634,0.05626805623372396,4.792696847776701e-06,777.2791666666667,0.036020833333333335,0.06983333333333333,0.10172916666666666,,0.06289614566348377,0.03419654146553341,0.01746064749952681,16.876595744680852,15.497916666666667,15.141666666666666,,0.0,777.2791666666667,38.93333333333333,15.922916666666666
2023-10-02,6424.854166666667,0.008822654888378498,113.35255830025841,2479.9376361236123,0.06866474307674775,2410.015853469645,0.05986785888671875,5.381019714476454e-06,778.5458333333332,0.03395833333333333,0.07,0.10216666666666667,,0.06218219172991979,0.03502689403372261,0.017884622933068577,15.189361702127659,16.066666666666666,15.754166666666668,,0.0,778.5458333333332,51.89791666666667,12.327083333333334
2023-10-03,6245.25,0.00894821044491081,111.75866675618785,2421.0180327949806,0.08116517930140585,2347.9106656690396,0.06993993123372395,5.76754887353717e-06,779.0187500000001,0.03860416666666667,0.06627083333333333,0.0996875,,0.06228542785972273,0.03490682692367271,0.017823317040863623,8.862499999999999,11.63125,13.231250000000001,,4.8259997,779.0187500000001,85.60208333333333,5.122916666666667
2023-10-04,6198.916666666667,0.008981869491087003,111.34217808341724,2441.021956622374,0.07678195931390876,2382.9868270480524,0.0640869140625,4.511875999292761e-06,782.0166666666668,0.04627083333333334,0.0654375,0.09833333333333334,,0.06492824224044426,0.03183314442804593,0.016253904337660954,9.321739130434782,10.564583333333333,11.74375,,0.4262,782.0166666666668,63.23333333333333,6.939583333333334
2023-10-05,5981.25,0.009144259158680989,109.36820800617885,2450.7309022717327,0.07468656750788484,2396.529141881176,0.06189727783203125,4.1883698524580575e-06,786.80625,0.051916666666666667,0.06633333333333334,0.09872916666666666,,0.06771835248169297,0.028588151865589162,0.014597021248218968,10.864444444444445,11.9125,12.364583333333334,,0.0,786.80625,55.82916666666667,7.622916666666666
2023-10-06,5904.875,0.009202889560789086,108.66895949251874,2449.5743685290254,0.0749380532080753,2393.3445875178945,0.062408447265625,4.351078974164695e-06,787.5083333333333,0.05483333333333334,0.0671875,0.09933333333333334,,0.06938743391302324,0.02664695371838713,0.013605851523959236,12.071111111111112,12.835416666666667,12.933333333333332,,0.0,787.5083333333333,53.958333333333336,9.020833333333334
2023-10-07,5981.333333333333,0.009143662469102927,109.37111061441475,2475.3884457562403,0.06959762641063057,2422.622461535701,0.0579071044921875,4.03354726539584e-06,786.94375,0.05445833333333333,0.06758333333333334,0.09952083333333334,,0.06940898082553318,0.026621893930495962,0.013593056074360288,12.633333333333333,13.143749999999999,13.139583333333334,,0.0,786.94375,47.61875,9.950000000000001
2023-10-08,6130.583333333333,0.009032055917694369,110.72567668996516,2483.1881649662614,0.06796985693658976,2436.344599069395,0.05583318074544271,3.5617556848968593e-06,785.18125,0.05177083333333333,0.06797916666666666,0.09958333333333334,,0.06842319164492798,0.02776840008352258,0.014178458543034296,13.18,13.418750000000001,13.325000000000001,,0.0,785.18125,41.020833333333336,10.810416666666667
2023-10-09,6355.875,0.008870521625957488,112.74190323589401,2507.5032359419097,0.06318384253738561,2462.5940468553968,0.052051544189453125,3.377160036377032e-06,781.3000000000001,0.04747916666666666,0.06822916666666666,0.09966666666666668,,0.0667130329707353,0.02975737245326397,0.015194021636435302,13.58,13.660416666666668,13.502083333333333,,0.0,781.3000000000001,38.014583333333334,11.177083333333334
2023-10-10,6579.1875,0.008718121796647074,114.70784248062917,2499.33053220284,0.06469082296111896,2457.4726896408333,0.052734375,3.1574435861927953e-06,776.7395833333334,0.042291666666666665,0.06756250000000001,0.09943750000000001,,0.06423461303879954,0.032639858645700855,0.01666581010308832,11.466666666666667,12.793750000000001,13.252083333333333,,0.0,776.7395833333334,36.16458333333333,9.202083333333333
2023-10-11,6833.833333333333,0.008554995934929536,116.90279965053985,2488.095467361942,0.06707927858647882,2423.809198219948,0.057842254638671875,4.922405706848734e-06,769.7041666666668,0.0400625,0.06647916666666667,0.09831250000000001,,0.06265683258060824,0.03447487067365894,0.01760276152578881,11.225,11.831249999999999,12.266666666666666,,0.0695,769.7041666666668,55.63125,9.299999999999999
2023-10-12,6078.708333333333,0.009073350265646783,110.2447906169895,2215.967852873755,0.13799772810799119,2151.3125728515583,0.11191431681315105,5.5599684332381444e-06,769.1041666666666,0.1320625,0.06447916666666667,0.0970625,,0.10060300307430792,0.009657808818841344,0.004931247084550156,5.904166666666666,9.004166666666666,10.966666666666667,,12.797999,769.1041666666666,97.27916666666665,2.3625000000000003
2023-10-13,5530.166666666667,0.009510388683561606,105.16147113257851,2170.916603535632,0.15362505550360514,2113.577601716398,0.1219482421875,5.024368371472517e-06,779.80625,0.20325000000000001,0.06458333333333334,0.09570833333333334,,0.13044670902178845,0.04436704804674347,0.022653676463731058,7.3319148936170215,7.785416666666666,9.164583333333333,,2.2285,779.80625,86.65416666666665,3.1333333333333333
2023-10-14,5406.458333333333,0.009617411865706577,103.98280795311717,2203.8423737707194,0.14161646569886163,2153.941777935555,0.11094156901041667,4.289796624773664e-06,785.0291666666667,0.16191666666666668,0.06629166666666668,0.0961875,,0.11365943842501577,0.024842884655229394,0.012684699482652727,6.265217391304348,7.860416666666667,9.410416666666666,,0.0,785.0291666666667,74.7625,3.235416666666667
2023-10-15,5349.333333333333,0.009668914569069627,103.43097265093962,2234.997576692717,0.13118886408219801,2187.49204691333,0.10261027018229167,4.0218275639331765e-06,789.0812500000001,0.14220833333333333,0.06779166666666667,0.09597916666666667,,0.10579115321629276,0.015691802879275005,0.00801218564699689,7.254347826086956,7.995833333333334,9.052083333333334,,0.0,789.0812500000001,62.2875,5.758333333333333
2023-10-16,5407.375,0.009617299139019068,103.9890717818249,2243.091373719521,0.1285388531674079,2194.901789045905,0.10080973307291667,4.065685379531334e-06,789.0187500000001,0.1274375,0.0700625,0.09664583333333333,,0.10048075119177347,0.009515625745317665,0.004858648850319408,8.735555555555557,9.21875,9.720833333333333,,0.0,789.0187500000001,52.96458333333334,8.393749999999999
2023-10-17,5647.208333333333,0.009410681927142917,106.27085773924752,2266.2494302040845,0.12150349584425459,2215.5324653296557,0.09615580240885417,4.239482599176684e-06,784.4729166666666,0.11522916666666666,0.0723125,0.09749999999999999,,0.09629069965265002,0.004642454112256699,0.0023704226016114313,10.406521739130435,10.402083333333334,10.516666666666667,,0.0,784.4729166666666,48.677083333333336,10.347916666666666
2023-10-18,5767.125,0.009311590292043424,107.39609612536434,2296.3460242362157,0.11255559356744353,2247.9508896775374,0.0889905293782552,3.986820069916711e-06,784.0770833333332,0.10414583333333333,0.0736875,0.09822916666666666,,0.09224516447904142,6.264010066654114e-05,3.198384018383038e-05,10.65625,10.714583333333332,10.920833333333334,,0.0,784.0770833333332,43.94166666666666,10.477083333333333
2023-10-19,5645.666666666667,0.009412052703559548,106.25603948139819,2322.328599690362,0.10560368125585605,2271.336781544488,0.0843671162923177,4.159323885878403e-06,787.3312500000001,0.09541666666666666,0.07447916666666667,0.09852083333333334,,0.08889289290919264,0.003961445298638253,0.002022701623726946,10.229545454545455,10.7875,10.93125,,0.0,787.3312500000001,47.268750000000004,10.456249999999999
2023-10-20,5738.104166666667,0.009336069430701826,107.1218496244623,2362.7991629021385,0.09493999612972515,2323.699823762689,0.07423655192057292,3.1171544101713785e-06,786.3145833333333,0.0880625,0.07483333333333332,0.09841666666666667,,0.08587964566802923,0.00746595373771789,0.0038120927109970048,10.06590909090909,10.833333333333334,11.0875,,0.0,786.3145833333333,37.34583333333333,10.25
2023-10-21,6003.291666666667,0.009127360641533256,109.5699279005578,2361.9003068303573,0.09521848105962055,2324.240537694304,0.07415517171223958,2.9993415607626306e-06,781.6791666666667,0.08202083333333333,0.075,0.09854166666666668,,0.08340984144327342,0.010338419571351065,0.005278764813673075,10.21111111111111,10.835416666666667,11.0625,,0.0,781.6791666666667,34.137499999999996,10.602083333333333
2023-10-22,6198.6875,0.008982332941788422,111.33887491548218,2367.0457879119385,0.09389708828905739,2327.271779219342,0.0735931396484375,3.1653969602087646e-06,778.31875,0.07706249999999999,0.07531249999999999,0.09902083333333334,,0.08153067627363116,0.012523952210515835,0.006394690968065874,11.152173913043478,11.258333333333333,11.28125,,0.0,778.31875,33.675000000000004,11.185416666666667
2023-10-23,6379.4375,0.008853685546517618,112.95256102911623,2406.3249233024467,0.0845111454959575,2365.533157807919,0.06693140665690105,3.193162573209297e-06,775.0645833333333,0.07189583333333334,0.0751875,0.09927083333333335,,0.07935910979670252,0.015049557458056206,0.007684257136466398,11.422916666666666,11.245833333333332,11.331249999999999,,0.0,775.0645833333333,35.15833333333333,10.6625
2023-10-24,6397.729166666667,0.008841176736108644,113.11371103424086,2412.0980293609555,0.08321063597189372,2371.65862599645,0.0659332275390625,3.1576445603030526e-06,775.9166666666666,0.06685416666666667,0.07472916666666667,0.09933333333333334,,0.07708183232180045,0.01769810817102025,0.009036598876355393,10.53191489361702,11.012500000000001,11.260416666666666,,0.0,775.9166666666666,36.5625,9.487499999999999
2023-10-25,6361.833333333333,0.00886634990848591,112.7948058471428,2414.7472385529754,0.08257208612052079,2371.2813799111777,0.0659802754720052,3.396192725612177e-06,777.5812500000001,0.0625,0.0734375,0.09881250000000001,,0.07467247171947387,0.020500276027773826,0.010467377051118849,9.441304347826087,10.027083333333334,10.610416666666667,,0.0,777.5812500000001,44.33541666666667,8.31875
2023-10-26,6518.583333333333,0.008758781284146925,114.17732632819629,2429.4426632099226,0.0793011541565919,2387.67674384024,0.06330235799153645,3.2404914492170928e-06,775.6645833333333,0.059291666666666666,0.07308333333333333,0.09870833333333334,,0.07316842360859854,0.0222495348424303,0.011360543150355557,9.610869565217392,10.097916666666666,10.510416666666666,,0.0,775.6645833333333,42.043749999999996,7.55
2023-10-27,5781.583333333333,0.009302208074112165,107.52177053350694,2232.299804343829,0.13331434665086753,2174.0708710515496,0.10668182373046875,4.954109544963676e-06,779.9645833333334,0.07895833333333334,0.07162500000000001,0.09814583333333333,,0.08085539068330788,0.013309332187886385,0.006795703536891732,6.538297872340426,8.6,9.839583333333334,,3.8088,779.9645833333334,91.70833333333333,1.7395833333333333
2023-10-28,5692.666666666667,0.009375414922881329,106.6886676638378,2165.2151637246357,0.15767235928835735,2105.7598004193205,0.1255950927734375,5.234084661647722e-06,776.9729166666666,0.18787500000000001,0.07085416666666668,0.09733333333333334,,0.12648544536142622,0.03975996445349706,0.02030131393889483,5.354166666666667,7.34375,8.802083333333334,,7.8170996,776.9729166666666,90.21249999999999,2.6875
2023-10-29,5101.4375,0.009903453199155057,100.99779824067429,2004.3150020109667,0.23083872083877946,1959.1814223311997,0.17485936482747397,4.263112265154241e-06,779.7604166666666,0.24860416666666665,0.21987500000000001,0.09545833333333333,,0.2032847491945958,0.12908015189847696,0.06590792328388835,1.91875,4.23125,6.40625,,16.3006,779.7604166666666,95.51041666666667,-1.2145833333333333
2023-10-30,4930.145833333333,0.010071626430234548,99.29561396895544,2014.9432056423877,0.22422458747676985,1988.7238141227672,0.16277058919270834,2.441220762598388e-06,786.4791666666666,0.212,0.2508958333333333,0.09829166666666667,,0.19917975749229497,0.12430590773207037,0.06347020909134882,1.2170212765957447,3.09375,4.845833333333333,,0.0106,786.4791666666666,79.47916666666667,-6.2562500000000005
2023-10-31,4964.375,0.0100371440175666,99.63871426784591,2048.4828844913686,0.20667163350958465,2021.626152144274,0.15079498291015625,2.4581076116872254e-06,787.7854166666666,0.19064583333333332,0.2419583333333333,0.10047916666666667,,0.18755896008915843,0.11079052737702097,0.05656929800244826,1.370212765957447,2.7624999999999997,4.283333333333333,,0.0,787.7854166666666,70.09791666666666,-4.20625
2023-11-01,5040.125,0.00996126183716404,100.39659018834203,2060.3485450512167,0.200631055766328,2027.7468282028976,0.1486053466796875,2.977034549653236e-06,786.0291666666667,0.19919148936170214,0.23902127659574468,0.102,,0.1905103997948904,0.11422315156227662,0.058321985213741497,2.6804347826086956,3.276595744680851,4.359574468085106,,0.0,786.0291666666667,66.41666666666667,-0.26458333333333334
2023-11-02,5159.354166666667,0.009845361032034613,101.57758001541349,2093.3511557193588,0.18534536773994117,2058.38008794596,0.1384913126627604,3.143963338652386e-06,784.5124999999999,0.19758333333333333,0.23539583333333333,0.10370833333333333,,0.18897085219986645,0.11243260564708546,0.057407738049642124,3.9195652173913045,4.395833333333333,5.0562499999999995,,0.0,784.5124999999999,57.76666666666667,2.985416666666667
2023-11-03,5173.145833333333,0.009832046483788553,101.71389075568601,2077.615877367936,0.19240361054115426,2040.8887035846408,0.14416122436523438,3.3324971067312886e-06,784.5895833333334,0.18975,0.23091666666666666,0.10554166666666666,,0.18453096461455026,0.10726886624371078,0.05477114880296008,5.358333333333333,5.433333333333334,5.8,,0.0,784.5895833333334,50.56666666666666,5.483333333333333
2023-11-04,5219.1875,0.009789338601897889,102.16287808837524,2111.779754810726,0.1771910357304347,2072.8812157996645,0.13396835327148438,3.47806969894571e-06,785.9770833333333,0.17712499999999998,0.22427083333333334,0.10668749999999999,,0.17715548741517217,0.09869093684768807,0.05039128478628048,5.427659574468085,5.741666666666667,6.1812499999999995,,0.0,785.9770833333333,53.19166666666666,5.789583333333333
2023-11-05,5356.541666666667,0.009662621479189901,103.49986800937292,2121.037749113766,0.1730560189370786,2087.597135524165,0.1292851765950521,2.9655222188975955e-06,782.6916666666666,0.1655625,0.21708333333333332,0.10725,,0.16990746489005762,0.09026124154791036,0.04608710863717526,5.727083333333333,5.9375,6.3500000000000005,,0.0,782.6916666666666,43.206250000000004,6.9312499999999995
2023-11-06,5424.25,0.009601726943997047,104.15340013001229,2122.6858831429877,0.1723337969257592,2089.8258161274407,0.1286290486653646,2.912262325527993e-06,778.4541666666668,0.1546875,0.21045833333333333,0.10822916666666667,,0.16324113758293213,0.08250807745757563,0.042128367215216886,7.08125,6.891666666666667,7.0249999999999995,,0.0,778.4541666666668,33.112500000000004,9.729166666666666
2023-11-07,5601.520833333333,0.009449727046425703,105.83730909786647,2149.598212607338,0.16183131302652237,2121.0627706489336,0.11992136637369792,2.492160649201678e-06,775.6750000000001,0.14360416666666667,0.20385416666666667,0.10891666666666666,,0.1564264775894774,0.07458239743694123,0.038081539696889634,8.158333333333333,7.516666666666667,7.441666666666666,,0.0,775.6750000000001,22.62291666666667,13.008333333333333
2023-11-08,5513.666666666667,0.009526754732300831,104.99661391807167,2152.5427918544146,0.16057551273643353,2110.6659708612588,0.1228485107421875,3.682003433044168e-06,776.975,0.1318125,0.19695833333333335,0.10975,,0.14924493545014952,0.06623002107397032,0.03381684235595518,6.210416666666667,7.510416666666667,7.995833333333334,,0.0,776.975,62.96458333333334,4.1812499999999995
2023-11-09,5228.375,0.009780045902658527,102.25516944359971,2134.614706644285,0.1675562142312783,2097.2229611987827,0.12652206420898438,3.3026635353799257e-06,783.5604166666667,0.12927083333333333,0.18772916666666664,0.10758333333333332,,0.14447712050151643,0.06068489105768811,0.030985516250918065,2.65,4.175,5.489583333333333,,1.1383,783.5604166666667,81.55208333333333,-2.0375
2023-11-10,5366.3125,0.009653380221669772,103.59580046702393,2168.3465462064914,0.15437827002316204,2143.991875595739,0.11353810628255208,2.103617947621114e-06,782.7624999999999,0.12045833333333333,0.18179166666666666,0.10718749999999999,,0.13860354435369557,0.053853723373728776,0.02749754332067331,1.40625,3.297916666666667,4.7124999999999995,,0.0,782.7624999999999,55.83958333333334,-2.75
2023-11-11,5424.583333333333,0.009601339582945878,104.15693432227387,2197.517529944484,0.14382083571970936,2172.2223467272624,0.1063524881998698,2.156764080494607e-06,783.13125,0.11643750000000001,0.17699999999999996,0.10654166666666666,,0.1350959090665231,0.049774224918645714,0.025414564123175727,1.53125,2.6999999999999997,3.93125,,0.0,783.13125,49.125,-0.45
2023-11-12,5294.479166666667,0.009719269827553457,102.89789818897948,2211.669277805653,0.1389690311896583,2187.611845251153,0.10262680053710938,2.0365609707715676e-06,786.5958333333333,0.11475,0.1738333333333333,0.10635416666666665,,0.1332434267465889,0.04761972533601316,0.024314483350734436,1.8895833333333334,2.7604166666666665,3.80625,,0.0,786.5958333333333,43.55416666666667,0.8083333333333335
2023-11-13,5307.479166666667,0.00970703317344551,103.02530740914669,2241.1596427704853,0.12934622524226588,2215.964143952892,0.0960858662923177,2.105090829892469e-06,786.4895833333334,0.11397916666666667,0.17116666666666666,0.10641666666666666,,0.13200948109436933,0.0461846048147049,0.023581715285076195,2.31875,2.983333333333333,3.88125,,0.0,786.4895833333334,41.47291666666667,2.1479166666666667
2023-11-14,5368.104166666667,0.009651694136283057,103.61336157344438,2233.3021103080628,0.13179616332685434,2207.3278696798916,0.09800338745117188,2.1788502853635245e-06,784.2354166666668,0.11379166666666667,0.1689166666666667,0.1064375,,0.13115682517119787,0.04519293714218031,0.02307537286199578,2.654347826086956,3.28125,4.0062500000000005,,0.0,784.2354166666668,36.71041666666667,3.704166666666667
2023-11-15,5398.479166666667,0.009624883366719423,103.90473330314042,2231.4675827557753,0.13245463002168664,2202.4586210328266,0.0991655985514323,2.4384264776767777e-06,784.4562500000001,0.11204166666666666,0.16685416666666666,0.10677083333333333,,0.12978009738031812,0.043591756165211853,0.02225781484520123,2.7893617021276595,3.5229166666666667,4.25,,0.0,784.4562500000001,43.04583333333333,2.93125
2023-11-16,5536.0,0.009504591671035944,105.21982393745107,2217.0735713435183,0.1372451763460685,2171.023508663858,0.10671742757161458,3.9328870307326325e-06,780.3958333333334,0.11116666666666668,0.1651041666666667,0.10714583333333333,,0.1288912971801005,0.04255805147620808,0.021730008452513987,3.9458333333333333,4.2124999999999995,4.59375,,0.6371,780.3958333333334,60.65833333333333,3.8874999999999997
2023-11-17,5493.854166666667,0.009540499598677837,104.82028418085339,2222.7123880665054,0.13532000626075072,2164.740708611818,0.10823694864908855,4.9576793749886805e-06,781.9666666666667,0.1095,0.16314583333333335,0.10733333333333334,,0.12755215955859034,0.04100058913738604,0.02093477303610881,3.8108695652173914,4.23125,4.7124999999999995,,2.7654998,781.9666666666667,81.325,3.85
2023-11-18,5664.520833333333,0.0093975107792982,106.42900254029901,2249.1208677288528,0.1268515640251862,2209.361388087483,0.09759902954101562,3.332558705000182e-06,780.94375,0.10631249999999999,0.1608125,0.1075625,,0.1254494710507976,0.038555091297165556,0.019686109460232838,2.283333333333333,3.8395833333333336,4.7124999999999995,,0.0,780.94375,63.78125,1.3
2023-11-19,5695.125,0.009371273696394015,106.7197710156939,2182.530443328495,0.14985787808398177,2126.4185155554032,0.11883163452148438,4.8941224487577645e-06,774.6791666666667,0.12431249999999999,0.15847916666666667,0.10697916666666667,,0.13212382352694335,0.04631758893045433,0.023649616560135762,2.672916666666667,3.4416666666666664,4.122916666666667,,5.049,774.6791666666667,90.46875,1.6833333333333333
2023-11-20,5509.791666666667,0.009529719861877025,104.96110194050011,2153.6009975204756,0.15987368947799266,2099.503136838024,0.12575276692708334,4.772401455467782e-06,778.71875,0.19202083333333334,0.15772916666666667,0.107,,0.16051772461439454,0.07934065607875311,0.04051109173038965,3.0625,3.6645833333333333,4.229166666666667,,0.59599996,778.71875,93.28750000000001,0.85
2023-11-21,5082.291666666667,0.009919977497833682,100.81527881462914,2149.340307464779,0.16190416775288827,2108.839884486749,0.12331644694010417,3.5569660714387722e-06,790.3145833333333,0.17539583333333333,0.1578125,0.10668749999999999,,0.15344004218439694,0.0711090720699097,0.03630807058902597,2.0586956521739133,3.0666666666666664,3.94375,,0.0168,790.3145833333333,77.39791666666666,-0.29375
2023-11-22,5230.645833333333,0.009779970615436888,102.2701662645466,2148.078753998741,0.162301447239845,2113.2507880604135,0.12198130289713542,3.050691145115594e-06,787.9958333333334,0.15477083333333333,0.1585,0.10654166666666666,,0.1449173479589472,0.061196890477651096,0.03124694155911616,1.5319148936170213,2.71875,3.6645833333333333,,0.0,787.9958333333334,70.10000000000001,-1.0104166666666667
2023-11-23,5673.770833333333,0.00939050870232857,106.5134026531946,2166.004307670877,0.15523544174381995,2130.6341188797323,0.1170794169108073,3.073965764537101e-06,777.5291666666667,0.14475,0.15852083333333333,0.10633333333333334,,0.1406364452903422,0.05621805590873189,0.028704764144655198,1.0104166666666667,2.38125,3.3354166666666667,,0.0,777.5291666666667,67.42708333333333,-0.6833333333333335
2023-11-24,5922.708333333333,0.009188868424391634,108.8335405829984,2191.1134797367363,0.14614374815035733,2147.520379059034,0.1126556396484375,3.759180625189302e-06,771.9166666666666,0.145,0.15845833333333334,0.106,,0.140643593929569,0.05622637001789492,0.0287090093028831,2.120833333333333,2.4458333333333333,3.0979166666666664,,0.355,771.9166666666666,73.39375,0.9104166666666668
2023-11-25,5721.270833333333,0.009351889463772007,106.95666101515808,2159.7311815636717,0.15821668561617463,2120.928107166346,0.1200408935546875,3.382169960505695e-06,773.4604166666667,0.14491666666666667,0.1585625,0.10639583333333334,,0.1407358148981163,0.056333626122909826,0.028763773935842403,1.5208333333333333,2.8020833333333335,3.55625,,2.0918999,773.4604166666667,92.35833333333333,-4.2250000000000005
2023-11-26,5314.25,0.009701135057112205,103.08999603496035,2137.27590566589,0.166537784717151,2115.014270123803,0.12145105997721355,1.9482624928484767e-06,781.9583333333334,0.14185416666666667,0.15702083333333333,0.10583333333333333,,0.13877689248353858,0.054055333110770785,0.027600484624094618,0.59375,1.7791666666666668,2.764583333333333,,0.46409997,781.9583333333334,80.675,-9.558333333333334
2023-11-27,5239.791666666667,0.00976967466152392,102.36574017553163,2128.092533809607,0.17018532411677464,2107.6881651460885,0.1234893798828125,1.7930306014327565e-06,784.0583333333334,0.10891666666666666,0.15575,0.10525,,0.12426623632626563,0.03717894929962627,0.018983455645005757,-0.5041666666666667,1.1395833333333334,2.245833333333333,,0.0,784.0583333333334,71.80416666666666,-8.802083333333334
2023-11-28,5165.5,0.009839412337203354,101.6383818852673,2155.352928611641,0.15927557753711932,2134.2749274010384,0.11609649658203125,1.828933085858212e-06,786.8458333333333,0.0725625,0.15264583333333334,0.105,,0.1077529138771077,0.017973396867767624,0.009177160426983392,-1.5625,0.45625,1.6333333333333335,,0.0,786.8458333333333,63.09583333333333,-6.666666666666667
2023-11-29,5414.854166666667,0.00961281651922201,104.05313781406848,2145.432314118019,0.16316957745227928,2125.296632004847,0.1185468037923177,1.754762288999232e-06,780.5479166666668,0.07041666666666667,0.13095833333333332,0.10462500000000001,,0.09925797700805712,0.008093498019659105,0.0041325148656281415,-2.027083333333333,-0.08541666666666665,1.1666666666666667,,0.0,780.5479166666668,56.97708333333333,-5.841666666666666
2023-11-30,5781.5,0.009301147327891933,107.52545703642937,2155.7018054281293,0.15911262553238026,2131.715970099437,0.11675008138020833,2.082917507251562e-06,771.6708333333332,0.07020833333333333,0.11083333333333334,0.104,,0.09206543707724751,0.00027166914671236864,0.0001387134196603736,-1.6520833333333333,-0.2916666666666667,0.88125,,0.0,771.6708333333332,54.947916666666664,-3.3166666666666664
2023-12-01,5561.604166666667,0.009483958445227465,105.45814029676062,2077.9055151739476,0.19295378609687872,2035.8705609671536,0.14625676472981772,3.8207074640725e-06,770.0416666666666,0.08189583333333333,0.12479166666666668,0.104,,0.10183792312388251,0.011094062597224251,0.005664593787738938,-0.10833333333333334,-0.06458333333333334,0.8458333333333333,,3.2344,770.0416666666666,94.41250000000001,-2.56875
2023-12-02,5075.770833333333,0.009927189969686159,100.74768687979774,1961.0529300885391,0.2570692600798266,1929.938621192721,0.1874720255533854,2.9836334025243104e-06,773.3625000000001,0.08720833333333333,0.14785416666666665,0.104,,0.11206161138547668,0.022984557775257746,0.011735843569174335,-0.10000000000000002,0.21666666666666667,1.0791666666666668,,5.6145997,773.3625000000001,87.49583333333334,-4.914583333333334
2023-12-03,5086.3125,0.009916672458188919,100.8530785331559,1955.1894385003754,0.26000044893985846,1921.210016474881,0.1909306844075521,3.276689979180329e-06,775.3645833333334,0.09729166666666667,0.14747916666666666,0.104,,0.11619833989753572,0.027795712924642346,0.014192404394590175,-0.10000000000000002,0.45208333333333334,1.2479166666666666,,1.1201,775.3645833333334,80.0125,-2.4479166666666665
2023-12-04,4726.25,0.010287193187848896,97.21874765092444,1918.2621639740912,0.28607150308828827,1875.290897092671,0.21373621622721353,4.2423391291164196e-06,782.90625,0.12595833333333334,0.14677083333333332,0.104,,0.12808269118110133,0.04161761535511204,0.021249824699930978,-0.020833333333333332,0.61875,1.34375,,3.9083,782.90625,86.36041666666667,0.3854166666666667
2023-12-05,4619.333333333333,0.010404782425151032,96.11521133289357,1947.2559795931058,0.2656206672951124,1910.8384921901022,0.19585545857747397,3.5254311532491484e-06,788.7416666666667,0.16570833333333335,0.14612499999999998,0.104,,0.1446781908442697,0.060918742665814166,0.031104920153233802,0.06875,0.75,1.4395833333333332,,0.0,788.7416666666667,74.2,0.027083333333333338
2023-12-06,4770.520833333333,0.010240207354611905,97.67019999303865,1976.2874737625573,0.24685598286635427,1943.6793586252336,0.18102010091145834,3.1040679521145636e-06,787.7270833333333,0.18864583333333332,0.14672916666666666,0.104,,0.15459235334285112,0.07244924891437239,0.03699236070917676,0.12708333333333335,0.80625,1.5,,0.0,787.7270833333333,68.70833333333333,-0.5812499999999999
2023-12-07,5206.229166666667,0.009802914354614937,102.03115627966412,1995.4750926658833,0.23522890809504793,1965.0865481204698,0.17204157511393228,2.8630109368477163e-06,777.0979166666666,0.170125,0.14727083333333332,0.1045,,0.14705874803179775,0.06368741117712515,0.03251859366661425,0.006250000000000001,0.7645833333333334,1.4854166666666666,,0.0,777.0979166666666,56.166666666666664,1.5645833333333332
2023-12-08,5206.416666666667,0.009801644094445127,102.0367678015105,1941.0652472769034,0.27221733093283257,1903.8925184959435,0.20071919759114584,3.610656193034509e-06,772.9770833333333,0.2205625,0.15125,0.10483333333333333,,0.16985281339697447,0.09019768001333006,0.0460546543157067,0.11875000000000001,0.7958333333333334,1.4979166666666668,,2.5101,772.9770833333333,89.30624999999999,-2.504166666666667
2023-12-09,4763.6875,0.010249455558081514,97.5941916492309,1877.5402813001629,0.31796907240421074,1852.704195821252,0.22596613566080728,2.4818890941758626e-06,781.2666666666668,0.2215625,0.16554166666666667,0.10485416666666665,,0.1752233420203238,0.09644378641500048,0.04924389677854544,0.20000000000000004,0.8791666666666668,1.5,,2.523,781.2666666666668,85.57708333333333,-7.1875
2023-12-10,4580.979166666667,0.010448872201622184,95.71343844256904,1889.0982109056677,0.30826275491152905,1871.1236984036689,0.21568934122721353,1.7774248854302018e-06,787.46875,0.21666666666666667,0.18447916666666667,0.10479166666666666,,0.17968670154800231,0.10163482448108249,0.05189442463733016,0.24791666666666667,0.9,1.5,,0.0,787.46875,76.2625,-10.120833333333334
2023-12-11,4743.0,0.010268331471713537,97.39300166961765,1903.0475442281015,0.29720224735963646,1873.4144326110154,0.21454238891601562,2.9302746918258596e-06,782.4625,0.20879166666666668,0.190125,0.10479166666666666,,0.1783072074705768,0.10003042621931506,0.05107522388494385,0.2770833333333333,0.9,1.5,,0.0072,782.4625,72.55416666666666,-2.5437499999999997
2023-12-12,4845.5625,0.0101587697050673,98.44137703225641,1899.5589649470087,0.3000965858052317,1869.768373888548,0.21654383341471353,2.9494849626544975e-06,779.3666666666667,0.20804166666666668,0.19262500000000002,0.10462500000000001,,0.17881595753202464,0.10062211974494752,0.05137734075513184,0.24375,0.8895833333333334,1.4791666666666667,,0.0,779.3666666666667,76.37083333333334,-3.0395833333333333
2023-12-13,4762.479166666667,0.010247246408281233,97.59299652111417,1898.8577044695392,0.30013779925731626,1863.8527742455492,0.21946080525716147,3.4777923089372996e-06,781.2979166666668,0.20195833333333335,0.19299999999999998,0.10441666666666666,,0.17632355758903223,0.0977233743268961,0.04989725037855156,0.2604166666666667,0.8937499999999999,1.4041666666666666,,0.0,781.2979166666668,69.62916666666666,0.5812499999999999
2023-12-14,4740.854166666667,0.010270819242131824,97.37045340715555,1902.3549496717453,0.2977886044866009,1866.7908098734745,0.2180608113606771,3.526613234497283e-06,781.6208333333334,0.20641666666666666,0.1939375,0.10462500000000001,,0.1785823065331031,0.1003503757319326,0.0512385891089707,0.24583333333333335,0.8583333333333334,1.3999999999999997,,0.0,781.6208333333334,78.16041666666666,-0.8312499999999999
2023-12-15,4596.625,0.010431779748932663,95.87459260488448,1912.5286637627262,0.29090055491533423,1883.3478055481194,0.20980707804361978,2.8659040300066636e-06,786.775,0.1943541666666667,0.19472916666666665,0.105,,0.17383890280567632,0.09483363679141645,0.048421759398739564,0.13125,0.7708333333333334,1.375,,0.0,786.775,75.43958333333333,-3.1979166666666665
2023-12-16,4563.854166666667,0.010468536827398267,95.53411800881088,1906.4675564850065,0.2943986339606209,1884.2512018770278,0.20874913533528647,2.1831615695147325e-06,787.9708333333333,0.140375,0.19241666666666668,0.105,,0.15019971416731775,0.06734046100935305,0.03438382952629981,-0.2708333333333333,0.6041666666666666,1.2416666666666667,,0.0,787.9708333333333,61.802083333333336,-4.072916666666667
2023-12-17,4688.479166666667,0.010327670164210765,96.83221917169845,1923.4880946367293,0.28175829598242313,1900.803373208012,0.20052083333333334,2.2107275441050823e-06,785.9708333333333,0.08518750000000001,0.18800000000000003,0.105,,0.12532156010930473,0.03840632654670343,0.01961015064226897,-0.6749999999999999,0.3979166666666667,1.0562500000000001,,0.0,785.9708333333333,55.49375,-2.2375000000000003
2023-12-18,4598.208333333333,0.01043040623449464,95.88975701681808,1910.0202827425098,0.2926714131456475,1890.814348306502,0.20597966512044272,1.8793835959975237e-06,785.2104166666667,0.0704375,0.17714583333333334,0.105,,0.11532682025085356,0.026782106103768886,0.013674859910735705,-1.075,0.19791666666666666,0.86875,,0.0,785.2104166666667,49.59375,-3.0229166666666667
2023-12-19,4880.541666666667,0.0101226001520604,98.79506669613914,1929.352619161221,0.27782219449650375,1907.5598988818463,0.19736226399739584,2.1140302187558966e-06,779.5208333333334,0.06804166666666667,0.143875,0.105,,0.10280679164727695,0.01222088945371661,0.006239948068932651,-1.1666666666666667,-0.03958333333333334,0.6875,,0.0,779.5208333333334,48.09166666666667,-1.29375
2023-12-20,4895.291666666667,0.010107070991033598,98.94512765956908,1932.6954942409968,0.27510035270968336,1900.0722192980268,0.2008056640625,3.179686603176999e-06,779.4083333333333,0.07227083333333333,0.13462500000000002,0.10497916666666667,,0.10139240527984092,0.010575910278730297,0.0054000268287263085,-0.5833333333333334,-0.027083333333333334,0.5958333333333333,,0.0,779.4083333333333,58.856249999999996,1.8770833333333332
2023-12-21,4784.916666666667,0.010223555556593137,97.82144668346156,1958.2021718790509,0.25817308918318566,1914.3414758950664,0.19416300455729166,4.243144693159973e-06,782.5625,0.0838125,0.15064583333333334,0.105,,0.11182129098059791,0.022705057017578294,0.011593131353361213,-0.18541666666666667,0.05000000000000001,0.6520833333333332,,0.0,782.5625,75.49374999999999,2.308333333333333
2023-12-22,4828.458333333333,0.010178000696658392,98.26342663292603,1976.2222957397425,0.24681112010636538,1943.5754422222637,0.18108495076497397,3.1110842132652975e-06,782.8854166666666,0.082625,0.16102083333333334,0.10508333333333332,,0.11492616257415834,0.026316127676914578,0.013436932778195484,-0.6208333333333333,0.08958333333333333,0.6999999999999998,,0.0,782.8854166666666,73.52083333333333,-1.6375000000000002
2023-12-23,5181.125,0.009826103512343134,101.78666547039921,1973.9499512020573,0.2482400441621078,1935.3126426650706,0.1846491495768229,3.6959711480781344e-06,773.49375,0.07966666666666666,0.15610416666666668,0.106,,0.11218586800287672,0.023129072423223304,0.011809632298048805,-0.44166666666666665,0.10000000000000002,0.6999999999999998,,0.0308,773.49375,77.27083333333333,-0.25
2023-12-24,5045.5,0.009956763373821592,100.44737211187775,1924.418491580328,0.2813153805416972,1889.5510874810254,0.20608393351236978,3.4132142757254265e-06,775.1979166666666,0.09516666666666666,0.15670833333333334,0.106,,0.11895310669625844,0.030999599868248327,0.01582829908315171,-0.1125,0.12916666666666668,0.7291666666666666,,4.0024,775.1979166666666,92.46249999999999,-4.1125
2023-12-25,4926.125,0.010075493372276189,99.25590697685116,1908.0643202343206,0.29318134486341346,1891.4181862196012,0.20508956909179688,1.6289584343113394e-06,779.5145833333332,0.09604166666666665,0.16022916666666667,0.106,,0.12054097047602672,0.032846339140183506,0.016771238400079207,-0.3458333333333334,0.20000000000000004,0.8000000000000002,,0.0,779.5145833333332,77.65416666666667,-11.610416666666666
2023-12-26,4955.395833333333,0.010045903706822233,99.54967149696569,1917.4341238117204,0.28636863256444284,1900.8523823199168,0.20059585571289062,1.6159413556686642e-06,779.8375,0.07868750000000001,0.15979166666666667,0.10595833333333333,,0.11303721727131182,0.024119220412102946,0.01231519877539617,-0.7041666666666666,0.15,0.75,,0.0,779.8375,72.61666666666666,-10.768749999999999
2023-12-27,4835.854166666667,0.010169646246407515,98.34051238763425,1912.143481594948,0.29113556848871164,1892.5270139532024,0.2051239013671875,1.916597616594548e-06,782.7166666666667,0.07289583333333334,0.1445,0.106,,0.10530786128607347,0.015129718021167362,0.00772518687017231,-0.86875,0.012500000000000002,0.6291666666666667,,0.0,782.7166666666667,72.50208333333333,-8.172916666666667
2023-12-28,4721.104166666667,0.01029235304110195,97.16718294740832,1919.72020736009,0.28547699547616323,1901.8584534199606,0.2005030314127604,1.736637307008282e-06,784.7583333333333,0.06820833333333333,0.10779166666666667,0.10575,,0.09057161308121353,0.002009036970064128,0.0010258080157949086,-1.3833333333333335,-0.24583333333333335,0.4479166666666667,,0.0,784.7583333333333,69.49583333333334,-8.93125
2023-12-29,4621.041666666667,0.010402734791013661,96.13336358409579,1907.282717137757,0.2939569038190387,1889.0552179670876,0.20640436808268228,1.7861723256841646e-06,786.7104166666667,0.06547916666666667,0.09210416666666667,0.1050625,,0.08383268381125993,0.009846639598315398,0.005027663492062608,-1.75,-0.56875,0.2333333333333333,,0.0,786.7104166666667,64.47916666666667,-7.375
2023-12-30,4712.5625,0.010301400176293487,97.0801044847549,1906.3978929277112,0.29425505306111255,1887.8130282920658,0.20683797200520834,1.8236320096747576e-06,783.8291666666668,0.06395833333333334,0.08752083333333333,0.10460416666666666,,0.08149820878018779,0.012561713003328874,0.006413971511195525,-1.9854166666666666,-0.8666666666666667,0.03541666666666667,,0.0,783.8291666666668,59.572916666666664,-5.9750000000000005
2023-12-31,4835.875,0.010169127877838286,98.34231810272615,1900.440833820064,0.29934679528743763,1876.7018481508412,0.21288681030273438,2.3435891078661863e-06,779.6145833333334,0.06477083333333333,0.08652083333333332,0.103375,,0.08121215805880588,0.012894399665542714,0.006583840284111196,-1.51875,-0.8333333333333334,-0.1375,,0.0,779.6145833333334,57.18541666666667,-2.29375
2024-01-01,4835.75,0.010169646618272027,98.33979972975261,1918.1533029904747,0.28624130066924486,1891.9913200700294,0.20517603556315103,2.5591897326763202e-06,781.8208333333333,0.06456250000000001,0.08679166666666666,0.10225,,0.08095774622077215,0.013190289236504954,0.00673492057691113,-1.75,-0.9166666666666666,-0.16874999999999998,,0.0,781.8208333333333,72.61041666666667,-4.020833333333333
2024-01-02,4907.9375,0.010094657524809206,99.07082099240682,1930.0613135453293,0.2776047523900631,1907.925774043077,0.19739532470703125,2.1477272865546493e-06,782.1708333333332,0.063125,0.08508333333333333,0.1010625,,0.07948434338623853,0.014903906558458696,0.007609888241049756,-2.1083333333333334,-1.15625,-0.30416666666666664,,0.0,782.1708333333332,61.64791666666667,-4.258333333333334
2024-01-03,5037.666666666667,0.00996458586956907,100.36904514687978,1952.4767277303683,0.26179719013933384,1932.3646358355954,0.18585968017578125,1.926826763784064e-06,779.7416666666667,0.06091666666666667,0.08218750000000001,0.09933333333333334,,0.07714895623118063,0.01762004079451249,0.008996737917205804,-2.7125,-1.5979166666666667,-0.6020833333333334,,0.0,779.7416666666667,61.58541666666667,-5.8125
2024-01-04,5173.020833333333,0.009832513869302712,101.71145477727146,1935.4713820743252,0.2738407610149969,1911.0946608732868,0.19603856404622397,2.3662072231364044e-06,772.7645833333332,0.06172916666666667,0.08170833333333334,0.09808333333333334,,0.07703821592750726,0.01774883551253893,0.009062500098844179,-2.154166666666667,-1.5354166666666667,-0.75625,,0.0,772.7645833333332,58.85208333333333,-2.78125
2024-01-05,5148.375,0.009855727877620617,101.46988382475148,1927.692696342812,0.2788522617167309,1899.9670714608071,0.2010040283203125,2.7031434131992025e-06,773.4875000000001,0.06375,0.08370833333333334,0.0985625,,0.07869564786667199,0.01582118611867097,0.00807824832581243,-1.5895833333333333,-1.0708333333333333,-0.53125,,0.0246,773.4875000000001,73.14166666666667,-3.7875
2024-01-06,5139.520833333333,0.009864855500057652,101.38038863346407,1918.228436708214,0.28603080753640614,1895.2842733214711,0.2034912109375,2.2425753864057082e-06,774.0645833333333,0.063,0.083125,0.098625,,0.07819101265946539,0.016408093929670714,0.008377921625023526,-1.7333333333333334,-1.1354166666666667,-0.5333333333333333,,0.5272,774.0645833333333,71.85625,-5.883333333333333
2024-01-07,5506.083333333333,0.009532606881713453,104.92695456714392,1935.5408875747216,0.2729904316648722,1915.8377642909381,0.19319788614908853,1.9042642111957042e-06,766.4395833333333,0.0615,0.081875,0.097875,,0.07695075687738512,0.017850553345393757,0.009114436907298448,-2.2,-1.4583333333333333,-0.725,,0.0,766.4395833333333,64.97083333333333,-7.127083333333334
2024-01-08,5481.416666666667,0.009553945449038802,104.692009681719,1935.654464658938,0.27305021462600754,1912.889525822695,0.19468307495117188,2.2046593786704982e-06,766.8020833333334,0.06133333333333333,0.08129166666666666,0.09741666666666667,,0.07657260258878269,0.01829035957090935,0.009339000595400215,-2.2041666666666666,-1.5479166666666666,-0.8791666666666668,,0.88339996,766.8020833333334,77.16250000000001,-7.302083333333333
2024-01-09,5090.270833333333,0.009912600591241253,100.89299443000397,1927.2405356814786,0.2792768383798046,1913.5291228813019,0.19451014200846353,1.3258311685265585e-06,776.3583333333332,0.05783333333333334,0.07795833333333334,0.09481250000000001,,0.07333722124313526,0.022053217485311537,0.011260304119629472,-3.470833333333333,-2.3291666666666666,-1.3104166666666666,,0.0,776.3583333333332,68.07083333333334,-12.508333333333333
2024-01-10,5358.541666666667,0.009661448306451636,103.51692153280324,1909.0968718887452,0.29299277096252824,1888.1056814310316,0.20721308390299478,2.060700241847877e-06,767.1583333333333,0.05785416666666667,0.07622916666666667,0.09306249999999999,,0.07234369377112577,0.0232087235329236,0.011850301906430834,-2.96875,-2.3729166666666663,-1.6062500000000002,,1.1738,767.1583333333333,76.87708333333333,-7.772916666666667
2024-01-11,5432.979166666667,0.009595451767755248,104.23194501063413,1882.266001357175,0.314234846766758,1860.1031208435752,0.22198613484700522,2.207079319877206e-06,762.3395833333334,0.059395833333333335,0.07766666666666666,0.093375,,0.073565341203175,0.021787906257556753,0.011124837033574525,-2.345833333333333,-1.883333333333333,-1.35625,,2.8429,762.3395833333334,76.54375,-7.339583333333334
2024-01-12,5133.708333333333,0.009870057009291312,101.32434992666242,1864.7301849240312,0.32896500447332955,1850.4466615523827,0.22721735636393228,1.428893891352238e-06,768.9520833333332,0.059625000000000004,0.07829166666666666,0.09400000000000001,,0.07402285786340247,0.02125579891008013,0.010853144680253887,-2.38125,-1.8499999999999999,-1.2770833333333333,,0.4773,768.9520833333332,72.50416666666666,-12.035416666666668
2024-01-13,5174.520833333333,0.009831424449142152,101.72504014840774,1879.5351998636868,0.3161871828765161,1861.5124160485586,0.22105026245117188,1.7949000573277084e-06,768.1020833333333,0.06010416666666666,0.07816666666666666,0.09383333333333332,,0.07414386339859148,0.021115065380666355,0.010781286578728184,-2.1645833333333333,-1.7854166666666667,-1.2958333333333334,,0.7736,768.1020833333333,47.47708333333333,-3.389583333333333
2024-01-14,5067.520833333333,0.009935105174861698,100.66637383350216,1843.77075874068,0.350014272815105,1812.1771051611277,0.2524770100911458,3.2440697192195293e-06,767.9125,0.06114583333333334,0.07929166666666666,0.0950625,,0.07525767107506204,0.01981966938780529,0.010119861421846642,-1.70625,-1.4354166666666668,-1.03125,,8.0419,767.9125,80.11874999999999,-2.533333333333333
2024-01-15,4717.875,0.010296086567990378,97.13329102458833,1759.4349817169352,0.4434929153268384,1730.886575770601,0.3138529459635417,3.056598057968526e-06,771.3375,0.06302083333333333,0.0815625,0.09645833333333333,,0.07715885552225152,0.017608527584237244,0.008990859307919931,-1.2437500000000001,-1.0625,-0.7666666666666666,,4.6229,771.3375,85.55624999999999,-4.5625
2024-01-16,4512.083333333333,0.010528124487787267,94.99164498520635,1752.9591000751986,0.4521511139979459,1740.27998630966,0.30522410074869794,1.3493369455209496e-06,778.5854166666667,0.06352083333333333,0.08264583333333334,0.09716666666666667,,0.07790872892521959,0.016736399458458777,0.0085455534048657,-1.2270833333333333,-0.9291666666666667,-0.6041666666666666,,1.1388,778.5854166666667,71.88541666666667,-12.799999999999999
2024-01-17,4598.479166666667,0.010428885365365306,95.89635508450027,1748.2660591830893,0.45813589076375805,1728.295767881442,0.31591033935546875,2.1446068726823593e-06,775.0124999999999,0.063,0.082,0.09704166666666668,,0.07743612170234873,0.017286057640600327,0.008826207159669457,-1.3729166666666668,-1.01875,-0.6,,0.0,775.0124999999999,77.96666666666667,-8.65
2024-01-18,4414.583333333333,0.010645112131917427,93.95571021165746,1708.49795792877,0.520905243194849,1674.8937902293358,0.37415313720703125,3.7172130687185445e-06,776.7875,0.06397916666666667,0.08272916666666667,0.09735416666666667,,0.07817479801265483,0.016426952112234713,0.008387550554269589,-1.1270833333333334,-0.9020833333333335,-0.5583333333333333,,8.7457,776.7875,86.62083333333334,-1.5708333333333335
2024-01-19,4262.479166666667,0.010831398971082854,92.32852952667399,1711.4691167313113,0.5142253805626373,1686.4146257076845,0.3586591084798177,2.7494112476858008e-06,783.4875000000001,0.06895833333333334,0.08635416666666666,0.09864583333333334,,0.08183365920927249,0.012171572810529321,0.006214767144615462,-0.7374999999999999,-0.6020833333333333,-0.3833333333333333,,0.567,783.4875000000001,74.12708333333333,-3.641666666666667
2024-01-20,4376.125,0.010691058036156128,93.54764325090537,1706.6536670484184,0.5226887715385261,1678.5403348321959,0.3683458964029948,3.1010217831856997e-06,779.7062500000001,0.06808333333333334,0.08741666666666666,0.09964583333333334,,0.08206193193947965,0.011906083905903668,0.006079209337303977,-0.8020833333333334,-0.5416666666666666,-0.2833333333333333,,0.023599999,779.7062500000001,75.78125,-2.160416666666667
2024-01-21,4578.5,0.010450994833796294,95.68970070820289,1722.8942295914985,0.4956785760261139,1686.8659602366597,0.35830434163411456,3.9557108544360905e-06,774.1354166666666,0.06958333333333334,0.08879166666666666,0.09991666666666667,,0.08323470774953828,0.010542105979581207,0.005382766458931143,-0.6,-0.44375000000000003,-0.21041666666666667,,0.0,774.1354166666666,78.23541666666667,0.6333333333333333
2024-01-22,4629.395833333333,0.010393872000940567,96.21857163366882,1746.200935490004,0.4627575789593714,1710.3308984299586,0.3345832824707031,3.886934695068039e-06,774.3145833333333,0.07222916666666666,0.09189583333333333,0.10000000000000002,,0.08544699385705365,0.007969142424671309,0.004069019286378869,-0.43124999999999997,-0.32083333333333336,-0.13541666666666666,,0.43219998,774.3145833333333,81.19583333333334,0.0
2024-01-23,4560.5625,0.010471477684942734,95.50222277631131,1752.7233712838633,0.4523413860948728,1724.2790033476047,0.31955591837565106,3.052836580885279e-06,774.7020833333332,0.07291666666666667,0.09447916666666667,0.1006875,,0.08679014479153159,0.006407012467151377,0.0032714005984130832,-0.48125,-0.3,-0.09583333333333334,,0.0,774.7020833333332,71.82708333333333,-1.65625
2024-01-24,4488.645833333333,0.010555335300161018,94.74532779177326,1765.7869214106001,0.43480920101400633,1736.9435910160425,0.30805079142252606,3.0756347943848097e-06,776.5625,0.071875,0.09447916666666667,0.10100000000000002,,0.08642160114139813,0.00683564119512899,0.0034902570911063842,-0.5229166666666667,-0.3,-0.02916666666666667,,0.0,776.5625,69.51458333333333,-1.2770833333333333
2024-01-25,4479.0625,0.010567004850369521,94.6429789798864,1758.4968616267245,0.44520890874902935,1727.1197058080772,0.31755701700846356,3.364569712503524e-06,776.75,0.07308333333333333,0.09554166666666668,0.10100000000000002,,0.08730031879485596,0.005813662848963725,0.002968438132527593,-0.4270833333333333,-0.23958333333333334,0.0,,0.0,776.75,77.07083333333334,-1.4354166666666668
2024-01-26,4414.479166666667,0.01064544815242343,93.95399785805967,1764.894951033442,0.4369625833465659,1734.620222962358,0.30440012613932294,3.2382199407224684e-06,779.2645833333332,0.07275,0.09658333333333334,0.10100000000000002,,0.0875195279591389,0.005558715178006405,0.0028382626462756335,-0.48125,-0.225,0.0,,0.0,779.2645833333332,75.56595744680851,-1.6170212765957446
2024-01-27,4200.5,0.010911430827476273,91.65365182081608,1752.6892558685006,0.45288532980513935,1729.2052417078523,0.31528472900390625,2.5127715434621396e-06,787.4333333333334,0.071875,0.09641666666666666,0.10100000000000002,,0.08709166198652395,0.006056337773105906,0.00309234719250349,-0.5479166666666667,-0.2354166666666667,0.0,,0.0,787.4333333333334,66.90833333333333,-3.1625
2024-01-28,4187.1875,0.010928562745662085,91.50885956452986,1766.9397272685453,0.4330538267441911,1745.0946682384745,0.30071767171223956,2.3184550062896535e-06,789.8291666666668,0.068625,0.0933125,0.10100000000000002,,0.08464299727459915,0.008904217638451352,0.0045464657763934786,-0.8416666666666667,-0.3729166666666666,-0.0020833333333333333,,0.0,789.8291666666668,62.34166666666667,-3.36875
2024-01-29,4224.583333333333,0.010880393410451689,91.91569862614512,1762.1008815436344,0.4395569801680197,1733.196204478766,0.31129201253255206,3.0879266282984145e-06,788.93125,0.06966666666666667,0.09225,0.10100000000000002,,0.08471629018405889,0.0088189755062368,0.004502941409339972,-0.65,-0.3729166666666666,-0.08750000000000001,,0.0,788.93125,68.71249999999999,-0.7416666666666666
2024-01-30,4335.8125,0.010740438804840281,93.11638733805182,1766.9258217053984,0.4349775671007711,1737.2753964788192,0.3087425231933594,3.158457075955427e-06,786.5270833333334,0.07470833333333333,0.09470833333333334,0.10100000000000002,,0.08769968376622796,0.005349187882115141,0.0027312786619807954,-0.26875,-0.23958333333333334,-0.025000000000000005,,0.0,786.5270833333334,68.39791666666666,-0.09791666666666667
2024-01-31,4507.083333333333,0.010535266801043663,94.93500969366447,1788.16097949889,0.40808744419514364,1761.9663464420094,0.2874641418457031,2.751226986329944e-06,783.86875,0.07502083333333333,0.09641666666666666,0.10100000000000002,,0.08842271379208462,0.004508279511667475,0.0023019134687027863,-0.29375,-0.20000000000000004,0.0,,0.0,783.86875,60.14166666666667,-0.2479166666666667
2024-02-01,4714.9375,0.010299968577214248,97.10088751957223,1798.5850809400392,0.3949401849416984,1770.5104395247752,0.28003819783528644,2.934509703093418e-06,778.1604166666666,0.07441666666666667,0.096625,0.10095833333333333,,0.08822950394857576,0.004732989093357369,0.0024166494808111425,-0.31666666666666665,-0.19791666666666666,-0.012499999999999999,,0.0,778.1604166666666,57.52708333333334,1.05
2024-02-02,5058.291666666667,0.009945181366877096,100.5712122940365,1804.739530090377,0.38804327087234863,1769.5528224150976,0.2808787027994792,3.682575801696045e-06,768.2166666666667,0.07783333333333332,0.09910416666666667,0.10104166666666668,,0.09055179316329857,0.0020320882048403405,0.001037577904432973,-0.19999999999999998,-0.13958333333333334,0.0625,,0.0,768.2166666666667,70.04166666666667,1.3666666666666665
2024-02-03,4875.270833333333,0.010128920516449279,98.73896852778768,1719.7123921109817,0.5025873963942441,1678.500135766765,0.36953481038411456,4.5451215458739555e-06,765.4979166666667,0.08402083333333334,0.10360416666666666,0.102,,0.09494751196922196,0.0030802814144650545,0.0015727820905961092,-0.125,-0.10000000000000002,0.10000000000000002,,14.627399,765.4979166666667,98.70416666666667,-0.75
2024-02-04,4414.0625,0.010647903721395395,93.9437737058128,1655.0996449839793,0.6257937553902685,1622.8399677291015,0.45123036702473956,3.6788098914198376e-06,774.6979166666666,0.08895833333333332,0.10989583333333335,0.102,,0.09921254276789676,0.008040656461923642,0.004105534130927974,-0.10000000000000002,-0.10000000000000002,0.14583333333333334,,5.7805,774.6979166666666,91.47916666666667,-2.625
2024-02-05,4227.375,0.010876662632501498,91.94646698598281,1654.4614180728142,0.6258683322807008,1630.2367629005973,0.4374707539876302,2.751982954579922e-06,780.9229166666668,0.09266666666666667,0.11629166666666667,0.102,,0.10299351849863442,0.012438059096302048,0.006350834211632328,-0.10000000000000002,-0.04791666666666667,0.20000000000000004,,0.0,780.9229166666668,82.28750000000001,-5.5
2024-02-06,4344.4375,0.010729918708649531,93.208517961089,1665.5514447539033,0.6015635158931553,1631.2668969913932,0.4358927408854167,3.892518826860057e-06,776.7416666666667,0.095375,0.1236875,0.102,,0.10669721627917972,0.01674558486133357,0.008550243442947464,-0.09791666666666667,0.0,0.21666666666666667,,0.0024,776.7416666666667,79.61458333333333,0.36874999999999997
2024-02-07,4707.479166666667,0.010308483210344345,97.02297057629767,1679.865861412318,0.5717563835572214,1644.9022898933938,0.41419347127278644,3.941454802683591e-06,766.5749999999999,0.09833333333333334,0.13579166666666667,0.102,,0.11213501291436931,0.02306992623554587,0.011779432438948509,-0.07708333333333334,0.0,0.3,,0.5155,766.5749999999999,72.10625,2.175
2024-02-08,4696.270833333333,0.010320641671916955,96.9078128348546,1690.7636825420495,0.5508701090500913,1661.1342657116757,0.3906542460123698,3.3041032014886464e-06,768.6208333333334,0.10391666666666666,0.15227083333333333,0.10285416666666665,,0.12039388123863688,0.03267526938304952,0.016683890715221757,-0.0375,0.0,0.30416666666666664,,4.2148,768.6208333333334,76.875,-1.5354166666666667
2024-02-09,4633.375,0.010389379219336635,96.26002664483012,1698.9026170879886,0.5385325357767208,1674.4089035421587,0.375244140625,2.7079817038690066e-06,771.3770833333333,0.10777083333333333,0.15872916666666667,0.10297916666666666,,0.12428705701602233,0.037203164465897075,0.01899581983343759,-0.027083333333333334,0.07083333333333335,0.3854166666666667,,2.8174,771.3770833333333,81.67291666666667,-5.3500000000000005
2024-02-10,4556.083333333333,0.010477139502062279,95.45374691706792,1688.4424820454333,0.5557160964800322,1665.4554857987423,0.38541920979817706,2.5575595786191082e-06,772.4104166666666,0.094625,0.15866666666666665,0.10354166666666666,,0.11883319585260288,0.030860139502106636,0.015757091054824948,-0.11041666666666668,0.10000000000000002,0.4000000000000001,,0.86579996,772.4104166666666,77.53125,-5.166666666666667
2024-02-11,4402.208333333333,0.010659278626335597,93.82621055107337,1687.7620877297943,0.5587756531159871,1667.9452714641582,0.38369496663411456,2.2016399399001508e-06,776.7354166666668,0.08095833333333334,0.15010416666666668,0.10383333333333333,,0.11015676505146108,0.020769157073478556,0.010604666875093777,-0.27708333333333335,0.09583333333333334,0.4000000000000001,,0.0,776.7354166666668,70.66666666666667,-5.791666666666667
2024-02-12,4290.458333333333,0.01079629671287255,92.6302735798314,1695.4392213589235,0.5451976087363573,1677.806682363337,0.3710479736328125,1.9423243816249865e-06,779.7229166666666,0.07447916666666667,0.12208333333333334,0.10339583333333334,,0.09762357954288707,0.006192638497993255,0.0031619419178527384,-0.5020833333333333,0.012500000000000002,0.3645833333333333,,0.0,779.7229166666666,62.8125,-6.15625
2024-02-13,4249.979166666667,0.010849574923508269,92.18663905793078,1681.9722939880164,0.5685750846571967,1661.961013647794,0.390289306640625,2.2293241827488905e-06,778.3916666666668,0.074625,0.10410416666666666,0.10320833333333333,,0.09142408629816157,0.0010175817910558858,0.0005195740912417098,-0.45625,-0.05416666666666667,0.3,,0.0,778.3916666666668,59.541666666666664,-2.779166666666667
2024-02-14,4379.75,0.010686275760588436,93.58747731377582,1704.7463273169685,0.5299323053348802,1682.9867472705466,0.3660990397135417,2.392315210915139e-06,775.7624999999999,0.07527083333333333,0.10031250000000001,0.10391666666666666,,0.09054970454366644,0.00203451734010241,0.0010388182133274386,-0.375,-0.10833333333333334,0.28541666666666665,,0.0,775.7624999999999,55.22083333333333,-1.5333333333333332
2024-02-15,4276.291666666667,0.010814522663881871,92.47619523887236,1700.815267472818,0.5322003834299618,1675.6377729317153,0.3713480631510417,2.781464659982294e-06,778.4416666666666,0.078,0.10202083333333334,0.104,,0.09231451829495668,1.8020732549243566e-05,9.20132987842439e-06,-0.2625,-0.10000000000000002,0.27499999999999997,,0.0569,778.4416666666666,58.94166666666666,-0.15416666666666665
2024-02-16,4228.75,0.010875375444232081,91.9600682967773,1679.589974469499,0.5747986835676618,1646.44729732793,0.4135907491048177,3.726197483361682e-06,778.1458333333334,0.08377083333333334,0.10691666666666666,0.104,,0.09644941359171222,0.004827043790542864,0.002464673516074647,-0.14583333333333334,-0.043750000000000004,0.3,,4.8606997,778.1458333333334,87.375,-1.7354166666666666
2024-02-17,4090.5208333333335,0.011059412959933596,90.43953458438028,1655.2952819796544,0.6272942497484555,1628.3450350888263,0.4435564676920573,3.0639991480725146e-06,780.5833333333334,0.08954166666666667,0.11508333333333333,0.10454166666666666,,0.10184063697445991,0.011097218897218816,0.005666205384679623,-0.10000000000000002,0.0,0.3,,3.998,780.5833333333334,82.66250000000001,-3.55625
2024-02-18,4189.875,0.010925827453029427,91.53606114735054,1665.277803059627,0.6026430709461935,1648.0488848557325,0.4097251892089844,1.9339532406612878e-06,779.6374999999999,0.08468749999999999,0.12279166666666667,0.105,,0.1025584920425223,0.011932108616752557,0.006092497473557976,-0.225,0.0,0.3145833333333333,,0.0,779.6374999999999,68.73333333333333,-7.51875
2024-02-19,4191.0,0.010924476817935937,91.54801596950409,1669.1412722236782,0.5944982033818395,1642.5101800271805,0.41863123575846356,3.005588268618895e-06,779.4499999999999,0.07845833333333334,0.118375,0.105,,0.0983953826405859,0.007090271600330061,0.003620270582451955,-0.3125,0.0,0.30624999999999997,,0.9342,779.4499999999999,71.55833333333332,-0.6562499999999999
2024-02-20,4170.458333333333,0.010950733015136877,91.32510827270555,1669.926862745436,0.5917269590899467,1642.4417197646935,0.41776148478190106,3.1021955269181598e-06,781.0749999999999,0.08537499999999999,0.12004166666666666,0.105,,0.10189833005621012,0.011164317902274911,0.005700465927548682,-0.1416666666666667,0.0,0.30624999999999997,,0.0,781.0749999999999,49.85208333333333,3.6374999999999997
2024-02-21,4307.270833333333,0.010779954981695096,92.79796200113707,1687.2278015134114,0.5586330344214732,1658.5331179922812,0.39623260498046875,3.21668226520101e-06,778.0145833333332,0.09389583333333333,0.12933333333333333,0.105,,0.10871703939210374,0.019094707445100497,0.009749698113229633,-0.10000000000000002,0.0,0.3666666666666667,,0.0004,778.0145833333332,56.697916666666664,3.6520833333333336
2024-02-22,4245.625,0.010854798736517403,92.14033720319632,1680.4204816085976,0.5712876944477036,1649.9974893710387,0.4073041280110677,3.4196457777246403e-06,779.46875,0.10381249999999999,0.14241666666666666,0.105,,0.11743764974246694,0.02923707218347271,0.01492835794018431,-0.05000000000000001,0.04583333333333334,0.4000000000000001,,0.8113,779.46875,70.81041666666667,0.31875000000000003
2024-02-23,4118.854166666667,0.011018994883008427,90.75867535606085,1667.3972256483328,0.5969441836022044,1645.040176798416,0.4133644104003906,2.515944713527715e-06,784.2958333333332,0.10229166666666667,0.15258333333333332,0.105,,0.12031017931931519,0.032577921220368795,0.016634185046740402,-0.03541666666666667,0.10000000000000002,0.4000000000000001,,0.0,784.2958333333332,63.79583333333333,-2.18125
2024-02-24,4200.9375,0.010911054300419944,91.65787246865091,1686.1886218664931,0.5600182687531511,1666.8636081359755,0.38346227010091144,2.1472306955903875e-06,783.11875,0.08795833333333335,0.153375,0.10958333333333332,,0.11557827012508941,0.027074550810670808,0.013824181266682284,-0.26875,0.10000000000000002,0.39375000000000004,,0.0,783.11875,55.43125,-2.372916666666667
2024-02-25,4299.354166666667,0.010785149304621893,92.72617757890619,1698.5440437456975,0.5376454297502509,1679.062415031816,0.3683827718098958,2.147906751074919e-06,780.2104166666667,0.09310416666666667,0.20758333333333334,0.24154166666666665,,0.16699133707395467,0.0868696862844193,0.04435539108934462,-0.1729166666666667,0.10000000000000002,0.38333333333333336,,0.0,780.2104166666667,45.916666666666664,0.5895833333333332
2024-02-26,4495.5625,0.010550015117114897,94.80978660324278,1713.6970944746217,0.5135122256475462,1688.4404694848172,0.3593432108561198,2.7755096588345134e-06,774.2354166666668,0.12129166666666667,0.25385416666666666,0.3136875,,0.21158915026759167,0.13873845117251182,0.07083942079333183,-0.03541666666666667,0.10000000000000002,0.3958333333333333,,0.0025,774.2354166666668,36.145833333333336,7.16875
2024-02-27,4807.854166666667,0.010200918240970327,98.04999110375182,1738.5450733488015,0.4723452560560038,1711.7272295281316,0.3319969177246094,2.903109042453536e-06,766.8208333333333,0.24789583333333334,0.27647916666666666,0.3156666666666667,,0.27343923495076594,0.21067219121512656,0.10756856427916127,-0.006250000000000001,0.10000000000000002,0.4000000000000001,,0.84419996,766.8208333333333,59.50625,1.3041666666666667
2024-02-28,4340.708333333333,0.010735517993862563,93.16562402385155,1713.4973413278724,0.5119523629378763,1700.266304414792,0.3441670735677083,1.4402463574692045e-06,780.2312499999999,0.21316666666666664,0.2675416666666667,0.3010833333333333,,0.2522844240070585,0.18606843070500903,0.09500596083977748,-0.012500000000000002,0.10000000000000002,0.4000000000000001,,3.2561,780.2312499999999,63.725,-10.141666666666667
2024-02-29,4403.166666666667,0.01065786504230147,93.8371784142211,1728.183716552219,0.4878021798830068,1709.8244341439786,0.3337084452311198,1.987726944125989e-06,779.3833333333333,0.19695833333333335,0.2689375,0.3008958333333333,,0.24586583280719965,0.1786033920850042,0.09119433538503283,-0.10416666666666667,0.10208333333333335,0.40625,,0.0033,779.3833333333333,56.260416666666664,-3.0541666666666667
2024-03-01,4539.520833333333,0.01049579624310093,95.28141589839049,1737.1380826578622,0.4741299809054249,1715.0371699786438,0.3283945719401042,2.3864672762473622e-06,776.3395833333334,0.2005625,0.2829375,0.315875,,0.255693424283336,0.19003321330692607,0.09703036648015795,-0.2125,0.15,0.46458333333333335,,0.0,776.3395833333334,44.93958333333333,1.9541666666666666
2024-03-02,4772.958333333333,0.010239752590756023,97.68823151051832,1771.7779106590208,0.42894079589945266,1749.943072059413,0.29802831013997394,2.31161144895235e-06,772.0437499999999,0.27520833333333333,0.296,0.3280208333333334,,0.29460101350974366,0.23528405529742416,0.1201353053772456,0.13541666666666666,0.23124999999999998,0.5208333333333334,,0.0,772.0437499999999,36.199999999999996,4.889583333333333
2024-03-03,4792.854166666667,0.01022279450244597,97.87769213743168,1721.3634129071932,0.5147111507118792,1690.1552119708592,0.3676045735677083,3.4189790601211194e-06,766.7229166666666,0.2805625,0.29866666666666664,0.32987500000000003,,0.2982170787541377,0.23948966145948233,0.12228267477691275,0.11458333333333333,0.45,0.7083333333333334,,10.9761,766.7229166666666,79.41041666666666,-1.1395833333333334
2024-03-04,4398.145833333333,0.010666254069116822,93.77676396420132,1642.2447739578076,0.6571232760986039,1612.6291245580308,0.4704488118489583,3.394250294617761e-06,771.6166666666667,0.2620208333333333,0.28562499999999996,0.31977083333333334,,0.28352697377585556,0.22240457260116522,0.11355908165116228,0.0,0.3,0.6,,5.1899,771.6166666666667,92.25208333333335,-4.052083333333333
2024-03-05,4187.729166666667,0.010928105761529342,91.51407606077926,1626.9074248284303,0.6937722037249215,1595.751595915541,0.505157470703125,3.6160347323683255e-06,775.9291666666667,0.26345833333333335,0.28435416666666663,0.31725,,0.28311327115968354,0.2219234224685646,0.11331340789295029,0.0,0.3,0.5916666666666667,,1.3039,775.9291666666667,84.59583333333333,-1.4437499999999999
2024-03-06,4303.5625,0.010781544567325501,92.76676882600559,1649.219598375844,0.6381900711247429,1619.1445631347199,0.457977294921875,3.4430471608201632e-06,774.3979166666667,0.282875,0.29914583333333333,0.3297083333333333,,0.2993227403042462,0.24077558323191048,0.12293926242636745,0.0,0.3,0.5645833333333333,,0.2889,774.3979166666667,75.5,-0.3145833333333334
2024-03-07,4484.4375,0.010560501410610428,94.70024815247,1670.5518006549871,0.589990118027136,1638.4433340422295,0.42300669352213544,3.6285210378150495e-06,771.4270833333334,0.28297916666666667,0.30016666666666664,0.3317291666666667,,0.3001867638210269,0.24178047180021528,0.12345235539763061,0.010416666666666666,0.3,0.55625,,0.6398,771.4270833333334,77.03333333333333,-0.12499999999999999
2024-03-08,4466.854166666667,0.010581145938192774,94.51477281719387,1706.2289700427436,0.5233596273311252,1671.0236050351275,0.3777198791503906,3.902586032731164e-06,774.8770833333333,0.28658333333333336,0.3032916666666667,0.33545833333333336,,0.30365409730758186,0.2458130978983126,0.12551140171572794,0.1875,0.42083333333333334,0.6208333333333333,,0.4033,774.8770833333333,81.92916666666666,0.004166666666666652
2024-03-09,4368.9375,0.010698921225117746,93.4735208140864,1753.0533607131108,0.4519489379400126,1728.518549471397,0.3159637451171875,2.6316996207193724e-06,781.7416666666667,0.2795,0.30116666666666664,0.33610416666666665,,0.3000713390009578,0.24164622883120646,0.12338381135601997,0.43333333333333335,0.6270833333333333,0.8229166666666666,,0.8149,781.7416666666667,67.38958333333333,-2.3229166666666665
2024-03-10,4444.916666666667,0.010607272942735417,94.28224295995172,1775.6698402704312,0.4227316505912572,1754.7089827247148,0.29297637939453125,2.209737233739344e-06,782.1583333333333,0.2753125,0.30124999999999996,0.33837500000000004,,0.2988530291131999,0.24022929323271464,0.1226603284552789,1.3458333333333332,0.9958333333333332,1.0395833333333333,,0.0,782.1583333333333,51.49583333333334,-0.6479166666666667
2024-03-11,4643.75,0.010377985228020968,96.36704862752492,1787.4887454361503,0.40814241319894573,1765.2949789800443,0.28441619873046875,2.327709397227015e-06,778.4979166666667,0.2772291666666667,0.30454166666666665,0.3460208333333333,,0.3025689258134392,0.2445510067538756,0.12486698191065788,2.466666666666667,1.6708333333333334,1.3499999999999999,,0.0,778.4979166666667,45.69583333333333,2.002083333333333
2024-03-12,4795.916666666667,0.010212638662742564,97.93118158521644,1833.5836746755213,0.3584020453492025,1802.136434848467,0.2578125,3.237723177085798e-06,776.4708333333333,0.28068750000000003,0.3090833333333333,0.353625,,0.30735979643618583,0.250122951298815,0.1277119994304605,3.9291666666666667,3.0104166666666665,2.25625,,0.4055,776.4708333333333,53.56666666666666,4.352083333333334
2024-03-13,5008.5,0.009993578336036053,100.0780558583974,1863.2865326114425,0.3301702773694113,1821.9147651310868,0.24442036946614584,4.207201060704647e-06,772.0812500000001,0.27539583333333334,0.30497916666666663,0.34708333333333335,,0.30219000429959575,0.2441103082194598,0.12464196261241255,3.5625,3.1166666666666667,2.6833333333333336,,0.113699995,772.0812500000001,80.58333333333333,1.4124999999999999
2024-03-14,4964.041666666667,0.010038185591341358,99.6330330494762,1860.8067417739667,0.3331140133029942,1826.1895898842351,0.24228286743164062,3.5134651056866852e-06,773.9812499999999,0.2725416666666667,0.30066666666666664,0.3409583333333333,,0.2980757766940563,0.23932532238526036,0.12219876375777415,1.5729166666666667,2.089583333333333,2.28125,,2.7791,773.9812499999999,77.53333333333333,-0.5895833333333333
2024-03-15,4822.979166666667,0.010183317487243573,98.20916899692804,1864.7022151677095,0.32929580426416083,1836.691866135806,0.23547744750976562,2.823922410168988e-06,779.1166666666667,0.26843750000000005,0.29802083333333335,0.3373333333333333,,0.29458666660403027,0.23526736936091672,0.12012678559006625,3.4404255319148933,2.4,2.029166666666667,,0.0218,779.1166666666667,47.43541666666667,3.1041666666666665
2024-03-16,4962.145833333333,0.010039254403013252,99.61682555213666,1906.0047002099373,0.2947692635067905,1874.0867161451397,0.21405156453450522,3.153405018557624e-06,777.5124999999999,0.257875,0.29110416666666666,0.3301041666666667,,0.2860551882480854,0.22534497152784333,0.11506044017943509,3.5152173913043474,3.3625000000000003,3.0875,,0.0,777.5124999999999,60.80625,1.8395833333333333
2024-03-17,4978.229166666667,0.010022792121226967,99.77890111177976,1933.6014144266326,0.2746887624603304,1900.7327034995303,0.2006403605143229,3.2031900570757255e-06,778.8666666666667,0.2507916666666667,0.2859583333333333,0.32483333333333336,,0.2800606872487899,0.21837316415235852,0.11150065706099796,4.166666666666667,3.6020833333333333,3.24375,,0.0,778.8666666666667,65.02708333333334,1.3541666666666667
2024-03-18,4870.854166666667,0.010133712596299126,98.69354971707953,1960.5791093951075,0.25664241306196894,1931.430721040403,0.18639755249023438,2.795507471559875e-06,782.9791666666666,0.241125,0.28075,0.31914583333333335,,0.2728552529108954,0.20999300035450302,0.10722177154241037,4.771739130434782,4.260416666666667,3.810416666666667,,0.0,782.9791666666666,52.53125,2.6666666666666665
2024-03-19,4982.770833333333,0.010018335876699898,99.8240224752045,1969.2495053199918,0.2507140584021666,1939.4104151359895,0.18261337280273438,2.849451614922113e-06,781.4020833333334,0.22997916666666665,0.27558333333333335,0.31272916666666667,,0.2648698983990139,0.20070576302009618,0.10247973710293454,5.213333333333333,4.722916666666666,4.189583333333333,,0.0,781.4020833333334,49.731249999999996,3.716666666666667
2024-03-20,5129.75,0.009873405894618308,101.28684909027619,1984.5257561465444,0.24136860143168348,1953.8400666176033,0.17647679646809897,2.9085157171433827e-06,778.40625,0.22029166666666666,0.27089583333333334,0.3085833333333333,,0.2581919694704429,0.1929391058516935,0.09851410615736556,5.402222222222222,5.16875,4.616666666666666,,0.0,778.40625,47.66041666666666,4.597916666666666
2024-03-21,5182.520833333333,0.009823387109308116,101.80518765093073,2020.774756455202,0.22087143959383926,1990.3124312164255,0.16207377115885416,2.834050171031506e-06,777.9270833333334,0.21343749999999997,0.2667291666666667,0.30502083333333335,,0.2530277695721509,0.1869329667345891,0.09544739024217341,5.808888888888888,5.23125,4.733333333333333,,0.0,777.9270833333334,46.25416666666666,4.83125
2024-03-22,5077.583333333333,0.009924741074090089,100.76798319033486,2010.0041871759422,0.2269205045666859,1968.2462787275979,0.17086156209309897,3.935064374816818e-06,780.2541666666666,0.20997916666666663,0.2639166666666667,0.302625,,0.2500382765887389,0.18345608530056123,0.09367210541758383,7.527659574468085,6.310416666666666,5.5062500000000005,,0.023699999,780.2541666666666,65.7,5.114583333333333
2024-03-23,5399.8125,0.009626303696076768,103.90806912066263,2034.2571790665445,0.21351435061954696,2001.7747791240174,0.15767415364583334,3.0059498536696297e-06,775.0354166666666,0.20247916666666665,0.2608333333333333,0.3005208333333333,,0.24531241465336912,0.1779597480574102,0.09086569275044587,7.178723404255319,6.541666666666667,5.960416666666667,,0.0,775.0354166666666,42.697916666666664,6.3812500000000005
2024-03-24,5741.125,0.009337501346103092,107.13560099373723,2026.1463209826818,0.21890136232017898,1981.9738030652195,0.16607284545898438,4.1374627234836145e-06,762.19375,0.20181249999999998,0.257875,0.2979375,,0.24341036408520886,0.1757475989258639,0.08973617629799278,6.597916666666666,6.254166666666666,5.733333333333333,,0.6867,762.19375,71.23958333333333,3.5500000000000003
2024-03-25,4903.125,0.010099874990804196,99.02140408814796,1780.4500056641084,0.4184819778544344,1745.8238918644947,0.3021392822265625,3.6770909358703985e-06,763.7875,0.22566666666666668,0.25935416666666666,0.296,,0.25356733858140745,0.18756050373871339,0.0957678086807739,2.3520833333333333,4.064583333333333,4.683333333333334,,14.7694,763.7875,91.77291666666667,-2.7708333333333335
2024-03-26,4846.75,0.010157709223950831,98.45284947751621,1803.6227614582913,0.39119051329528737,1775.3576318934327,0.2775370279947917,2.945205651646305e-06,769.7541666666666,0.24602083333333333,0.27289583333333334,0.3004583333333333,,0.26789281076473603,0.20422151232587865,0.10427486774171114,1.2437500000000001,2.285416666666667,3.0541666666666667,,0.0022,769.7541666666666,83.24583333333334,-4.652083333333334
2024-03-27,4583.0,0.01044868797510617,95.72799357196074,1806.9067026690839,0.3876427168806224,1775.0932625464386,0.27803675333658856,3.3197596836462954e-06,776.6354166666666,0.2607916666666667,0.28660416666666666,0.31077083333333333,,0.28126610978313316,0.21977511132302338,0.1122164869172017,0.9520833333333334,1.7895833333333335,2.43125,,2.9536,776.6354166666666,81.77499999999999,-2.089583333333333
2024-03-28,4642.291666666667,0.010381832350666127,96.34505334298876,1834.2722885409637,0.358770809349112,1807.5683410951635,0.25458653767903644,2.7351048390027158e-06,778.7104166666667,0.2689375,0.29741666666666666,0.331,,0.29312598732400974,0.23356854996312834,0.11925937369988905,0.65625,1.4854166666666666,2.089583333333333,,0.6394,778.7104166666667,59.875,0.16458333333333333
2024-03-29,4867.875,0.01013645785558757,98.66454339073317,1870.4887925632545,0.3270020046234779,1824.8346317341486,0.24506759643554688,4.642713276365697e-06,772.9625,0.29083333333333333,0.3197083333333333,0.38408333333333333,,0.32236447249701755,0.267573896963844,0.13662239790153327,1.3229166666666667,1.8979166666666665,2.2583333333333333,,5.1496,772.9625,82.01041666666667,2.6125000000000003
2024-03-30,4960.375,0.010042379536977942,99.5946065706534,1913.1322057237192,0.28981601991514466,1865.9833492409164,0.2189153035481771,4.686084982147918e-06,773.4812499999999,0.28960416666666666,0.32475000000000004,0.39827083333333335,,0.32686596177130156,0.2728092812146445,0.13929556878403135,4.5562499999999995,3.2854166666666664,2.9791666666666665,,5.7606,773.4812499999999,79.45208333333333,3.735416666666667
2024-03-31,5286.395833333333,0.009726242593277756,102.82093494588607,1964.8752059173682,0.25366178887505647,1924.2187052016864,0.1894505818684896,3.912321261575855e-06,769.5187500000001,0.27618750000000003,0.3145833333333333,0.36695833333333333,,0.3104385013653365,0.25370358924257663,0.12954026200556523,5.7562500000000005,5.329166666666667,4.745833333333334,,0.0,769.5187500000001,55.78333333333333,5.852083333333333
2024-04-01,5298.229166666667,0.00971533523590803,102.93608976442022,1972.2865687681513,0.24945002494315413,1932.6365884516647,0.18602879842122397,3.801130860166668e-06,771.1541666666667,0.26885416666666667,0.30697916666666664,0.3534375,,0.3015819043920236,0.24340306746311635,0.12428084768632394,4.625,4.20625,4.139583333333333,,2.6276,771.1541666666667,76.63958333333333,0.7666666666666666
2024-04-02,5061.458333333333,0.009941663324886057,100.60406916596007,1992.8317791087559,0.23658811793547874,1958.0594671171932,0.17487462361653647,3.2913272694669327e-06,780.0770833333332,0.25925000000000004,0.29914583333333333,0.3411666666666667,,0.2919740353579978,0.23222879087162265,0.11857529688309619,4.851162790697674,4.7437499999999995,4.4875,,0.78099996,780.0770833333332,66.95208333333333,1.5250000000000001
2024-04-03,4968.791666666667,0.010033279756061423,99.68103502941847,2011.780271871786,0.22621763572929685,1979.703850363738,0.16643142700195312,3.0012447291294153e-06,783.9083333333333,0.2508125,0.29266666666666663,0.3309166666666667,,0.28379502966953557,0.22271633067023888,0.11371826434964408,6.615217391304348,5.875,5.264583333333333,,0.0,783.9083333333333,48.78125,4.841666666666667
2024-04-04,5234.458333333333,0.009775141110317239,102.31189314649804,2030.2860244372005,0.21578827561954728,2001.1632998583464,0.15804672241210938,2.695905441446165e-06,778.28125,0.24368749999999997,0.2872708333333333,0.3240416666666667,,0.2773258025460995,0.2151924007587819,0.10987656918501738,7.71304347826087,6.9125000000000005,6.1499999999999995,,0.0,778.28125,40.15625,7.258333333333333
2024-04-05,5569.270833333333,0.009477526198423604,105.53039351306539,2048.637039156133,0.20630635817005652,2020.324130100257,0.15117263793945312,2.5984662006854826e-06,771.6,0.23770833333333333,0.28262499999999996,0.31908333333333333,,0.2720436128242645,0.20904903548688894,0.10673978602285251,9.760416666666666,8.010416666666666,6.933333333333334,,0.0,771.6,29.366666666666664,10.481250000000001
2024-04-06,5643.833333333333,0.009414346116823733,106.23589213931349,2028.970909177774,0.21702254531093176,1989.1560511947755,0.16287358601888022,3.707543105801358e-06,768.275,0.236125,0.2784375,0.3150833333333333,,0.26900129809022355,0.20551072057063058,0.10493313345369215,5.8187500000000005,7.1375,7.1125,,6.8767,768.275,75.66875,0.59375
2024-04-07,5295.645833333333,0.009718001571040063,102.9099347661002,1998.3669326150132,0.23335220704263018,1970.4986139378136,0.1697209676106771,2.6177407124935375e-06,775.46875,0.25145833333333334,0.28275,0.3168125,,0.27738001715766136,0.2152554541853791,0.10990876406813328,4.043478260869565,4.010416666666667,4.427083333333333,,2.3625,775.46875,67.11874999999999,-2.5479166666666666
2024-04-08,5363.916666666667,0.009655558280749642,103.57260117713503,2044.9725011918363,0.20840480065185776,2019.2649518348778,0.1516698201497396,2.3587759413717175e-06,775.8854166666666,0.2333125,0.28010416666666665,0.31616666666666665,,0.26863798151276047,0.20508817110493016,0.10471738101337169,4.228260869565218,4.8812500000000005,5.0562499999999995,,0.0,775.8854166666666,54.04583333333333,-0.3583333333333332
2024-04-09,5301.729166666667,0.009712690926412674,102.96808725118113,2049.2497607281152,0.2061228662518211,2025.4444060812593,0.14943567911783853,2.1779316203664462e-06,778.7041666666668,0.21877083333333333,0.27589583333333334,0.31264583333333335,,0.2602162958779652,0.1952934659193641,0.09971623507060644,5.117777777777778,5.09375,4.983333333333333,,0.0,778.7041666666668,46.71458333333334,1.2645833333333334
2024-04-10,5255.145833333333,0.009755507585625944,102.5152031068546,2065.3190195771276,0.1984968831850316,2036.4453612514426,0.14586512247721353,2.6281502913716563e-06,780.7729166666667,0.2141875,0.27289583333333334,0.31006249999999996,,0.2566426318266709,0.19113717377874279,0.09759404525659887,6.891666666666667,6.333333333333333,5.854166666666667,,0.0,780.7729166666667,44.956250000000004,3.9770833333333333
2024-04-11,5243.375,0.00976582980475364,102.40250312832812,2076.982847523955,0.1923933252809288,2049.692663201561,0.14105351765950522,2.465622370066475e-06,781.8791666666666,0.20679166666666668,0.269,0.3068125,,0.2514151106003272,0.18505738981580575,0.09448972651263714,7.070833333333333,6.091666666666666,5.760416666666667,,0.0,781.8791666666666,41.041666666666664,4.870833333333334
2024-04-12,5319.958333333333,0.009695452390055372,103.14702214225254,2089.6568513906304,0.1866329311199262,2063.687851856573,0.13661702473958334,2.3311769618772644e-06,781.2937499999999,0.1985625,0.26606250000000004,0.30493750000000003,,0.24648410952982638,0.17932246882140082,0.09156149372564999,8.416666666666666,7.35625,6.672916666666667,,0.0,781.2937499999999,31.59583333333333,7.927083333333333
2024-04-13,5360.833333333333,0.009658724813046268,103.54144632268974,2103.31422277279,0.1807997483145598,2066.6247758519607,0.13584772745768228,3.288834564083815e-06,780.3854166666666,0.19085416666666666,0.2631041666666667,0.3032916666666667,,0.24181922443877957,0.17389704971022346,0.08879129163568299,11.133333333333333,8.981250000000001,7.802083333333333,,0.0,780.3854166666666,32.99583333333333,12.197916666666666
2024-04-14,5387.8125,0.009635082455736087,103.79957361756838,2111.5734066981336,0.17744896081200723,2083.295718806556,0.13085174560546875,2.514038491444543e-06,779.7375000000001,0.17708333333333334,0.2597916666666667,0.30183333333333334,,0.2345100367234284,0.16539621722580528,0.08445079306179783,10.928260869565218,9.777083333333334,8.74375,,0.0,779.7375000000001,30.820833333333336,10.268749999999999
2024-04-15,5730.479166666667,0.009341964168988859,107.05185949322868,2132.029797141585,0.16841860259103678,2104.5332038401225,0.12430572509765625,2.4210120131682797e-06,772.4958333333334,0.16183333333333333,0.2552291666666667,0.299875,,0.226027169723294,0.15553035604340754,0.07941331508880642,9.254166666666666,9.49375,8.985416666666667,,0.0,772.4958333333334,34.02708333333333,6.877083333333334
2024-04-16,5390.791666666667,0.009633705717018317,103.82362332114486,2100.277534155677,0.18204212417375032,2046.4320766758826,0.14230982462565103,4.876146746641913e-06,776.0833333333334,0.1613125,0.24954166666666666,0.29635416666666664,,0.22302636845349505,0.15204032268990447,0.07763131493512047,7.252083333333334,7.064583333333334,7.14375,,6.6520996,776.0833333333334,83.50416666666666,3.1437500000000003
2024-04-17,5360.729166666667,0.009658981216566631,103.5398533603563,2114.239033387107,0.17595869820591448,2072.1242744251686,0.13407770792643228,3.766847411057379e-06,778.2645833333332,0.16902083333333331,0.24841666666666665,0.2948958333333333,,0.22556187595797172,0.1549892036597108,0.07913700436818046,8.884782608695652,7.960416666666667,7.435416666666666,,0.9436,778.2645833333332,49.78333333333333,8.258333333333333
2024-04-18,5377.3125,0.009643548661755945,103.70175903434641,2117.191026425062,0.17461897016673308,2074.852932670557,0.13313674926757812,3.7798469353932765e-06,778.0416666666666,0.15860416666666668,0.24672916666666667,0.29424999999999996,,0.22042160083984602,0.14901088987099317,0.07608449597894558,10.816666666666668,9.660416666666666,8.797916666666667,,0.0,778.0416666666666,44.072916666666664,9.677083333333334
2024-04-19,5400.958333333333,0.009623266652406204,103.92645013114172,2139.07848571605,0.1657856945100909,2087.3787868330824,0.12951024373372397,4.592688901301552e-06,778.2895833333333,0.14795833333333333,0.24252083333333332,0.2926875,,0.21410076961155777,0.14165954940382933,0.0723309244467037,10.356250000000001,9.710416666666667,9.020833333333334,,0.0761,778.2895833333333,53.6625,9.424999999999999
2024-04-20,5305.770833333333,0.00970838428579516,103.00947592203676,2132.5903972796928,0.1684201353975465,2073.6015845052834,0.13364410400390625,5.269289989290438e-06,779.9895833333334,0.14404166666666665,0.23745833333333333,0.2904791666666667,,0.21018253456403774,0.13710250954239736,0.07000411409537174,8.636170212765958,8.491666666666667,8.2875,,0.7012,779.9895833333334,69.12708333333333,7.320833333333333
2024-04-21,5301.5,0.009712853480423354,102.96602494431046,2152.0020177686765,0.16076109814264222,2114.731204114321,0.12163035074869792,3.2671249509807965e-06,783.2041666666668,0.14464583333333333,0.2335625,0.2885833333333333,,0.2086528150339597,0.13532339399908946,0.06909570324353347,9.180851063829786,8.3125,7.958333333333333,,0.0539,783.2041666666668,45.63958333333333,7.7437499999999995
2024-04-22,5460.708333333333,0.009570237541941416,104.50059119066835,2153.762685943854,0.16005963708142323,2119.0512018566633,0.12037022908528645,3.0342019494353066e-06,779.35,0.13558333333333333,0.23089583333333333,0.28791666666666665,,0.2037420628704938,0.12961202316831416,0.06617949509670204,11.597916666666668,10.166666666666666,9.252083333333333,,0.0,779.35,33.141666666666666,10.639583333333333
2024-04-23,5494.354166666667,0.00954074392637779,104.82256977696329,2146.8821294174095,0.1627268671324357,2098.867845991552,0.12614949544270834,4.241057379171674e-06,778.2604166666666,0.12577083333333333,0.2263125,0.28662499999999996,,0.1977067140012263,0.12259270833871812,0.06259545482025164,12.297872340425531,10.947916666666666,9.941666666666666,,0.0,778.2604166666666,40.49583333333333,12.887500000000001
2024-04-24,5555.875,0.009487440551393242,105.40902286598931,2185.8423548768483,0.14794070747448743,2145.323918725721,0.11318079630533855,3.4988297505314314e-06,778.7687500000001,0.11852083333333334,0.22108333333333333,0.28512499999999996,,0.19248411111523062,0.11651864457192714,0.05949405679061522,13.695833333333333,11.552083333333334,10.424999999999999,,0.0,778.7687500000001,33.239583333333336,13.6
2024-04-25,5766.916666666667,0.00931339127278132,107.38787083815483,2197.2695487207056,0.14405592921481675,2160.0771990634935,0.109466552734375,3.1879557128282124e-06,774.8291666666668,0.11043750000000001,0.21595833333333334,0.283875,,0.18700269808574793,0.11014357585619629,0.05623896657212546,14.210416666666667,12.768749999999999,11.552083333333334,,0.0,774.8291666666668,31.775000000000002,12.216666666666667
2024-04-26,5915.8125,0.00919413568481192,108.77051030192133,2207.119929383533,0.14044916809699365,2150.9344535719524,0.11168797810872395,4.837839086650524e-06,771.0604166666667,0.1035625,0.20772916666666666,0.28079166666666666,,0.1805354266906345,0.10262192052291448,0.052398432800026325,10.658333333333333,10.833333333333334,10.633333333333333,,0.6378,771.0604166666667,66.98125,6.279166666666666
2024-04-27,5835.020833333333,0.009259378601119004,108.01819225474752,2182.8234211998924,0.14963335234156963,2121.963837744888,0.1199633280436198,5.317054440381131e-06,770.0645833333333,0.10993750000000001,0.20177083333333334,0.2778125,,0.18048384717884894,0.10256193180646708,0.05236780274836181,7.366666666666667,8.535416666666666,9.039583333333333,,5.231,770.0645833333333,95.18958333333335,2.0729166666666665
2024-04-28,5399.958333333333,0.009623732371918275,103.9183535885644,2099.543548731788,0.18226093146609254,2039.4106615966718,0.14452107747395834,5.46077117653006e-06,775.2708333333334,0.22122916666666667,0.20781249999999998,0.2753541666666667,,0.22909455852073513,0.15909783294331845,0.08123485767593709,7.893478260869566,7.877083333333334,7.979166666666667,,10.2227,775.2708333333334,88.17083333333333,3.9187499999999997
2024-04-29,5215.145833333333,0.009792992690593652,102.1237885202094,2074.1124734345626,0.19400382993157303,2018.421099848714,0.15188217163085938,5.11240259090168e-06,778.525,0.23722916666666669,0.2412291666666667,0.2740208333333333,,0.24711309796723596,0.18005400364432306,0.0919350131264218,7.666666666666667,8.016666666666667,8.179166666666667,,4.1906,778.525,80.35000000000001,4.804166666666666
2024-04-30,5448.270833333333,0.009580810658191198,104.38276249027628,2103.3001358060037,0.18076463985335867,2059.030735203896,0.13822174072265625,3.983229969061692e-06,775.6750000000001,0.21443749999999998,0.25029166666666663,0.2729375,,0.2403534389270276,0.1721922915922563,0.0879208474534904,11.683333333333332,9.554166666666667,8.720833333333333,,0.0,775.6750000000001,42.40416666666667,10.991666666666667
2024-05-01,5589.5625,0.00945969190996811,105.72482948866701,2136.9397112884876,0.1668153219125933,2093.4471452705866,0.12795257568359375,3.861852012322375e-06,774.3312500000001,0.18908333333333335,0.24366666666666667,0.27314583333333337,,0.2273826491298529,0.1571068244308639,0.08021825493441236,10.020833333333334,10.547916666666667,10.145833333333334,,0.0,774.3312500000001,49.975,7.825
2024-05-02,5495.4375,0.009539790421850517,104.83296520777048,2103.5748336895554,0.180642239093624,2064.38772683419,0.1366907755533854,3.5286476005394565e-06,776.7291666666666,0.20647916666666666,0.23677083333333335,0.27108333333333334,,0.23188172788141334,0.1623394051622213,0.08288999434861988,8.289130434782608,7.795833333333333,8.041666666666666,,1.8454,776.7291666666666,60.00208333333333,4.395833333333333
2024-05-03,5663.229166666667,0.009397101828783404,106.42249126683282,2134.52534754726,0.16753227512946378,2105.4364896790876,0.12412643432617188,2.559772028539998e-06,775.3354166666667,0.18508333333333335,0.23483333333333334,0.2711875,,0.22218281910290005,0.1510592462692391,0.07713038037223198,10.46595744680851,9.877083333333333,9.270833333333334,,0.0,775.3354166666667,31.066666666666666,9.362499999999999
2024-05-04,5539.270833333333,0.009501845248529383,105.25066308026992,2143.2127449515906,0.16408272134101015,2103.1636325399654,0.12476348876953125,3.525114481808247e-06,778.0833333333334,0.16389583333333332,0.22822916666666668,0.2697291666666667,,0.21059713955378723,0.1375847091659837,0.07025032372041033,9.752173913043478,9.297916666666667,9.060416666666667,,0.0,778.0833333333334,53.25208333333333,6.5249999999999995
2024-05-05,5761.916666666667,0.009317823840444417,107.33976370157541,2151.505963114597,0.16092957912049874,2106.7913844097106,0.123809814453125,3.930388056648711e-06,772.2208333333333,0.1481875,0.2231875,0.26906250000000004,,0.20205306535773823,0.1276476619449215,0.06517649837792659,12.546808510638298,11.143749999999999,10.15,,0.0,772.2208333333333,39.19583333333333,12.285416666666668
2024-05-06,5706.895833333333,0.009364929284007256,106.81722430242284,2093.8978623590424,0.18666244411151914,2049.9685808945237,0.1421941121419271,3.962349478841346e-06,769.5437499999999,0.21889583333333332,0.2582291666666667,0.2681875,,0.24388744809716945,0.17630246376510633,0.09001948855568583,10.058333333333334,10.520833333333334,10.285416666666666,,9.0071,769.5437499999999,62.37083333333334,4.352083333333334
2024-05-07,5503.875,0.009531925319708437,104.91542440316363,2060.086590045339,0.20085002388034776,2015.9574885677255,0.15297826131184897,4.0646303959847515e-06,771.7375000000001,0.23966666666666667,0.26925000000000004,0.2699791666666667,,0.25690129536880074,0.19143800822534673,0.09774765038749086,5.064583333333333,6.789583333333333,7.75,,1.3965,771.7375000000001,78.24166666666666,1.2083333333333333
2024-05-08,5421.8125,0.009604100838752992,104.12921230859747,2037.8316404148138,0.2123203099906066,2004.8242082073293,0.15694681803385416,3.0481146975104093e-06,773.8000000000001,0.2474375,0.27518750000000003,0.28479166666666667,,0.2656650439353779,0.20163054416796108,0.10295192747497411,4.910638297872341,5.570833333333333,6.322916666666667,,4.1405,773.8000000000001,62.73333333333333,0.4895833333333333
2024-05-09,5327.958333333333,0.009688088388808348,103.22484729559874,2070.093083509862,0.19602281536983127,2036.1066212952737,0.14579137166341147,3.089917958870941e-06,778.5541666666667,0.23154166666666667,0.2679166666666667,0.29154166666666664,,0.25798429898485775,0.19269757805426,0.09839078281671211,5.722916666666666,5.985416666666667,6.3125,,0.0,778.5541666666667,55.275,2.783333333333333
2024-05-10,5131.395833333333,0.009874765769740479,101.29329596393535,2060.149394407326,0.20107165380639128,2014.713249740701,0.15341822306315103,4.17709128927354e-06,782.3249999999999,0.21895833333333334,0.2631041666666667,0.29160416666666666,,0.2510101874789558,0.18458645053255046,0.09424926638227897,8.935416666666667,7.654166666666666,7.260416666666667,,0.0,782.3249999999999,57.68541666666667,6.79375
2024-05-11,4784.8125,0.010223833367761417,97.8198679726137,2035.5832412859488,0.21355753904734795,1987.7365209024981,0.16344197591145834,4.458045434300124e-06,779.7354166666668,0.1989375,0.25854166666666667,0.2915833333333333,,0.24095635777018215,0.1728935065954764,0.08827888564881334,8.110416666666667,8.564583333333333,8.356250000000001,,0.6956,779.7354166666668,66.32708333333333,5.414583333333333
2024-05-12,4670.125,0.010350491537667707,96.63451442849298,1970.8750328109197,0.2524857585269697,1914.746017370968,0.19582621256510416,5.4355983364028455e-06,777.2645833333332,0.24958333333333335,0.27387500000000004,0.29310416666666667,,0.2680396404403169,0.20439228020385136,0.10436206128800965,9.37659574468085,8.341666666666667,7.889583333333333,,4.4072,777.2645833333332,76.12083333333334,6.622916666666666
2024-05-13,4837.833333333333,0.010167964905268513,98.35933779880156,2009.948253469696,0.2280860651346376,1956.794062212889,0.17629496256510416,5.033404665112508e-06,779.4562500000001,0.23510416666666667,0.2728541666666667,0.30141666666666667,,0.26348080604934454,0.1990902016431287,0.10165483649871669,11.047916666666666,9.672916666666667,8.958333333333334,,0.1274,779.4562500000001,59.5,9.9125
2024-05-14,4965.666666666667,0.010036445190621914,99.64966652575607,2032.33749308606,0.21494169109235853,1977.0457846506968,0.16738128662109375,5.180327619520606e-06,778.7312499999999,0.20831249999999998,0.26625000000000004,0.30085416666666664,,0.24973089401731852,0.18309858897538323,0.09348956890807743,12.477083333333333,11.354166666666666,10.362499999999999,,0.0,778.7312499999999,52.46458333333333,11.606250000000001
2024-05-15,5096.770833333333,0.009906455840951577,100.9568282640049,2076.5570679689267,0.19326084225992693,2022.5191746342043,0.15067418416341147,4.948660568898124e-06,778.3791666666666,0.19643750000000001,0.260125,0.2984583333333333,,0.24203458843907988,0.17414752532543884,0.08891918370421018,13.058333333333332,11.222916666666668,10.352083333333333,,0.59999996,778.3791666666666,59.16458333333333,9.65
2024-05-16,5219.916666666667,0.009788061166057174,102.17209815911646,2099.8504323915045,0.1825448304262993,2055.33119048282,0.13962936401367188,4.0148298348656995e-06,778.0229166666667,0.17435416666666667,0.2550625,0.2968125,,0.2305597131527869,0.1608018573268601,0.08210492721561868,14.432608695652174,12.65,11.470833333333333,,0.0,778.0229166666667,46.333333333333336,10.674999999999999
2024-05-17,5277.541666666667,0.009735374150267524,102.73133127069248,2100.8079989351772,0.18211878189636546,2057.9324876018823,0.13877105712890625,3.860740916359355e-06,777.0875,0.15310416666666668,0.24791666666666667,0.29466666666666663,,0.2186014156695298,0.1468939529655443,0.07500359459241102,15.371739130434783,13.858333333333334,12.487499999999999,,0.0,777.0875,38.139583333333334,12.80625
2024-05-18,5264.5625,0.009747522060706228,102.60440850620013,2141.3736203859553,0.16491515469692392,2091.837167498609,0.12815221150716147,4.386204238125281e-06,779.0375,0.13712500000000002,0.24029166666666665,0.2913958333333333,,0.20844764997553408,0.13508478009816738,0.06897386772935765,13.535416666666668,13.010416666666666,12.335416666666667,,0.0,779.0375,40.583333333333336,12.816666666666668
2024-05-19,5204.25,0.009803545622112686,102.01598945165546,2123.071537540228,0.17230215573246813,2063.2309180409134,0.1369781494140625,5.381614035774865e-06,778.5208333333334,0.13025,0.23077083333333334,0.287875,,0.20143258857715116,0.12692602646671866,0.06480803355171742,13.147916666666667,11.762500000000001,11.231250000000001,,0.6853,778.5208333333334,55.84583333333333,12.299999999999999
2024-05-20,5502.8125,0.009534185827116702,104.90037335225584,2168.5333630343434,0.15435769918707684,2127.745190804887,0.11799875895182292,3.556697385526712e-06,775.4,0.12374999999999999,0.22264583333333332,0.28502083333333333,,0.19521295850509807,0.11969238636652961,0.06111455946004227,15.247916666666667,13.322916666666666,12.177083333333334,,0.0,775.4,33.391666666666666,13.75
2024-05-21,5340.1875,0.009685252620680998,103.31367302949134,2134.071890843245,0.16915882854458142,2082.633440163861,0.13231913248697916,4.611501471903186e-06,775.81875,0.14610416666666667,0.21272916666666666,0.28160416666666666,,0.20045239268781814,0.12578602550058735,0.06422595261119889,12.05531914893617,12.660416666666668,12.46875,,4.4776,775.81875,67.34791666666666,7.164583333333333
2024-05-22,5008.083333333333,0.009995748146887942,100.06796160588128,2047.8511797013841,0.20711836951156468,2004.0387068380494,0.1572697957356771,4.052274605816878e-06,780.15625,0.23358333333333334,0.21791666666666668,0.2771041666666667,,0.23822053612901245,0.1697116535107643,0.086654241379935,8.286046511627907,8.960416666666667,9.485416666666667,,5.4186997,780.15625,74.81875000000001,3.3562499999999997
2024-05-23,5352.416666666667,0.00966639827661255,103.4598157695432,2100.7539443081446,0.18173504227982307,2060.831059517685,0.13755162556966147,3.5899695324619455e-06,773.8979166666667,0.19695833333333335,0.22406250000000003,0.27425000000000005,,0.224189936805902,0.15339359203161362,0.07832229004356282,10.522916666666667,10.65,10.339583333333334,,0.0345,773.8979166666667,39.114583333333336,10.549999999999999
2024-05-24,5243.666666666667,0.009765654256444453,102.40501911962411,2106.4573685500636,0.17920287693665357,2057.147204907518,0.13873418172200522,4.44275954025678e-06,778.1999999999999,0.18035416666666668,0.2201875,0.2705208333333334,,0.21496271945305062,0.1426620262176499,0.0728427859836434,9.312765957446809,9.25625,9.450000000000001,,0.51089996,778.1999999999999,69.37291666666667,5.70625
2024-05-25,5464.5,0.009566929792025053,104.53682955177425,2115.689953866538,0.17532190592834862,2066.598412337005,0.13577397664388022,4.401844270454501e-06,774.03125,0.16387500000000002,0.21777083333333333,0.2677291666666667,,0.2065093443911329,0.13283046515671354,0.0678228215457746,10.987499999999999,10.622916666666667,10.24375,,0.0,774.03125,50.739583333333336,9.585416666666667
2024-05-26,5124.270833333333,0.009880725328141923,101.22566996390083,2058.9785735736154,0.20177736722044784,1998.198188497304,0.15952428181966147,5.6332470690423754e-06,779.0958333333333,0.2207916666666667,0.2228125,0.264625,,0.2316180785132122,0.16203277203129304,0.08273342842758337,10.86595744680851,10.141666666666667,9.877083333333333,,5.7773,779.0958333333333,76.69583333333334,7.077083333333333
2024-05-27,5078.458333333333,0.009923208790989886,100.77896832129441,2097.2008893935367,0.1832642007773679,2048.152565830082,0.14163589477539062,4.437415373139453e-06,783.68125,0.20139583333333333,0.22870833333333332,0.2625,,0.22495942375127237,0.15428853137046816,0.07877924328092305,13.483333333333334,11.704166666666666,10.808333333333332,,0.0,783.68125,48.68125,11.24375
2024-05-28,5042.270833333333,0.009959272139617656,100.41753899275102,2122.230858253162,0.17281100251177275,2072.8835299519346,0.13396708170572916,4.40995932026823e-06,785.0479166666668,0.16770833333333335,0.222625,0.25983333333333336,,0.20798573952088564,0.1345475626191962,0.06869956615882152,14.902222222222223,13.63125,12.418750000000001,,0.0,785.0479166666668,43.03958333333333,13.258333333333333
2024-05-29,5186.729166666667,0.00981977414007469,101.84521888502452,2141.038633124576,0.164929358527615,2090.9311921813583,0.12833531697591147,4.438156992042627e-06,782.15,0.143875,0.21347916666666666,0.2552291666666667,,0.19367472824570414,0.11790337255722391,0.06020109458443324,14.88695652173913,13.770833333333334,12.7125,,0.0,782.15,40.125,14.316666666666668
2024-05-30,5364.291666666667,0.009655470542071653,103.57532011310379,2178.880481147225,0.15044798643231694,2132.13084710554,0.11667760213216145,4.061669976951389e-06,780.65,0.12766666666666668,0.20350000000000001,0.24985416666666668,,0.18212367855691916,0.10446911115259197,0.053341602578810404,14.98936170212766,13.579166666666666,12.65625,,0.0,780.65,35.36875,14.445833333333333
2024-05-31,5443.895833333333,0.00958446450263123,104.34155876427856,2221.955047981814,0.1356585440913483,2178.626344867496,0.10484949747721355,3.680299324813717e-06,781.4791666666666,0.11529166666666667,0.19381250000000003,0.24410416666666668,,0.17220879978766068,0.09293777185701453,0.0474537366716556,14.589361702127661,13.652083333333332,12.872916666666667,,0.0,781.4791666666666,34.80833333333333,13.275
2024-06-01,5410.75,0.009614576728245654,104.02052838560378,2203.927905804297,0.14174188369215412,2150.362787003816,0.11200841267903645,4.615901362422515e-06,780.9916666666667,0.10668749999999999,0.1843125,0.23787499999999998,,0.16384355509650123,0.08320870939753458,0.04248610770025579,14.458695652173914,13.339583333333332,12.660416666666668,,0.0,780.9916666666667,42.110416666666666,14.158333333333333
2024-06-02,5642.229166666667,0.009414370345361517,106.22574591051892,2227.7853203846544,0.13353865207732696,2181.288507554034,0.1041259765625,3.949968557601993e-06,777.25625,0.1010625,0.1765,0.232,,0.1574042732028107,0.07571960680091581,0.03866219525404691,16.717391304347824,14.65,13.36875,,0.025999999,777.25625,31.599999999999998,16.479166666666668
2024-06-03,5675.0625,0.009387406599669548,106.53321274978073,2257.92262235104,0.12401061755802749,2201.964324801905,0.09923553466796875,4.707378478567717e-06,777.3125,0.0919375,0.16777083333333334,0.22535416666666666,,0.1489889697353508,0.06593232429178367,0.0336648393067362,16.64375,15.427083333333334,14.36875,,0.0,777.3125,37.725,15.479166666666666
2024-06-04,5565.979166666667,0.009480803843355956,105.49740566892054,2240.896622390668,0.12956765431311187,2164.526631182384,0.10870997111002605,6.5605197887681195e-06,778.1854166666667,0.0880625,0.15989583333333332,0.21824999999999997,,0.14298453117773766,0.05894895919992151,0.03009915485433616,17.53404255319149,14.972916666666668,13.856250000000001,,0.8339,778.1854166666667,56.67083333333333,15.414583333333333
2024-06-05,5438.854166666667,0.009589147543223537,104.29235085592818,2253.9530835061487,0.12522639141947187,2187.584301176884,0.10260645548502605,5.618753688445421e-06,783.1875,0.08335416666666667,0.1545,0.212,,0.13768223787986988,0.052782212789269,0.02695043335558748,18.995652173913044,16.614583333333332,15.095833333333333,,0.0,783.1875,46.61041666666667,15.897916666666667
2024-06-06,5396.395833333333,0.009626852055111613,103.88428994563854,2266.8650397561983,0.12123028046808602,2203.6486450512125,0.0988146464029948,5.314484885168682e-06,784.1520833333334,0.07339583333333334,0.14877083333333332,0.2045,,0.12975449939329056,0.043561984840663356,0.02224261369966845,19.397560975609753,18.264583333333334,16.333333333333332,,0.0,784.1520833333334,38.55416666666667,18.533333333333335
2024-06-07,5580.270833333333,0.00946652292611658,105.64077804639366,2299.183584373236,0.11195455151973123,2234.3577709253536,0.0920575459798177,5.3745507195773265e-06,782.0187500000001,0.06158333333333333,0.142125,0.19702083333333334,,0.12073002911470299,0.033066220730273696,0.016883509254723088,21.963043478260868,19.131249999999998,17.260416666666668,,0.0,782.0187500000001,35.21041666666667,19.21875
2024-06-08,5472.208333333333,0.009559995927222337,104.61122405619722,2251.694469323316,0.1260823657549945,2162.045620690544,0.10896046956380208,7.677760991760166e-06,781.2937499999999,0.0618125,0.13464583333333333,0.18972916666666664,,0.11655570130579906,0.02821133632718024,0.014404620408644769,16.702272727272728,16.985416666666666,16.222916666666666,,1.6552999,781.2937499999999,63.510416666666664,15.202083333333334
2024-06-09,5510.916666666667,0.009526449329659908,104.98023933731339,2254.0750659056607,0.12541853537040779,2171.9596174550297,0.10654703776041667,7.000668605480406e-06,781.99375,0.07160416666666668,0.13,0.18347916666666667,,0.1176479655828394,0.02948167661798065,0.015053252202139688,15.666666666666666,16.029166666666665,15.38125,,0.0231,781.99375,54.48541666666667,16.414583333333333
2024-06-10,5611.979166666667,0.009440019726990724,105.93943653766968,2277.086352098311,0.11827991527395094,2202.9000160148,0.09908803304036458,6.2407154000205086e-06,781.8145833333333,0.07752083333333333,0.1273125,0.17800000000000002,,0.11795602013250489,0.029839954476581724,0.015236187760176276,18.582978723404256,16.962500000000002,15.775,,0.0,781.8145833333333,44.78125,17.618750000000002
2024-06-11,5566.5625,0.0094791276342952,105.50737431448715,2278.015317313561,0.11820311301925963,2196.534778613776,0.1007397969563802,6.876728801219681e-06,783.0916666666667,0.076375,0.12416666666666666,0.1728333333333333,,0.11518951226784391,0.02662241227624728,0.013593320740085497,18.828888888888887,17.224999999999998,16.104166666666668,,0.66459996,783.0916666666667,52.225,17.297916666666666
2024-06-12,5657.958333333333,0.009401671292267247,106.37221844343428,2306.987498840465,0.10972676349704269,2239.7142171398987,0.09088897705078125,5.5665408321601586e-06,783.5437499999999,0.06922916666666666,0.122,0.16795833333333335,,0.11029033098441811,0.020924498770245777,0.010683983861344115,21.493617021276595,19.01875,17.327083333333334,,0.0,783.5437499999999,35.793749999999996,19.983333333333334
2024-06-13,5752.0625,0.009324151311595403,107.25430693614084,2341.43097466718,0.10038323307377882,2282.084790658049,0.08210372924804688,4.8175180617643255e-06,784.1041666666666,0.059770833333333336,0.11858333333333333,0.1625625,,0.10386006044603507,0.013445876684582525,0.006865422731366839,21.604255319148937,19.05,17.506249999999998,,0.0,784.1041666666666,32.12291666666667,19.90625
2024-06-14,5697.333333333333,0.00936934202442352,106.74090216946176,2346.216302535953,0.0992437028560495,2268.3299112408204,0.08500162760416667,6.370254633732147e-06,784.4208333333332,0.051708333333333335,0.11589583333333332,0.15852083333333333,,0.09858543773983991,0.007311312107769026,0.0037331331766823767,20.769565217391303,19.470833333333335,18.1375,,0.0,784.4208333333332,42.925000000000004,17.985416666666666
2024-06-15,5724.208333333333,0.00934708121676679,106.99325267536294,2339.634568848343,0.10092383979014397,2255.545991949283,0.0875409444173177,6.908775509574401e-06,782.0354166666666,0.052312500000000005,0.11177083333333333,0.15397916666666667,,0.09636515359669487,0.004729046566955894,0.002414636439117347,17.38888888888889,16.770833333333332,16.241666666666667,,3.8772998,782.0354166666666,62.29583333333333,14.233333333333334
2024-06-16,5953.645833333333,0.009164966476136108,109.1174107323672,2352.3521523386207,0.0975952043430397,2292.722535829292,0.0800158182779948,4.817019383484356e-06,777.4333333333334,0.05235416666666667,0.1101875,0.1501875,,0.09495915611637284,0.003093823951366337,0.0015796968677328836,18.2,17.629166666666666,16.556250000000002,,0.0,777.4333333333334,33.87291666666667,18.91875
2024-06-17,6272.5625,0.008929340898089637,112.00011709866203,2385.888773848748,0.08936428564582523,2339.5858138276926,0.0714263916015625,3.6645333113112415e-06,773.1125000000001,0.047375,0.10933333333333334,0.1473958333333333,,0.09191198446977326,0.00045013971844170674,0.00022983993738573503,20.642857142857142,19.672916666666666,17.914583333333333,,0.0,773.1125000000001,23.881249999999998,19.618750000000002
2024-06-18,6289.145833333333,0.008918313146133153,112.14490308597202,2413.0747057411786,0.08293435309700802,2364.250039591584,0.06712595621744792,3.8243382026962105e-06,774.4458333333333,0.04085416666666667,0.10731249999999999,0.1444375,,0.08777052406806413,0.005266798215505524,0.002689210754975521,21.607142857142858,20.15625,18.522916666666667,,0.0,774.4458333333333,29.50208333333333,16.256249999999998
2024-06-19,6060.958333333333,0.009083560529609758,110.09605236800884,2403.4756787399383,0.08531111710993454,2345.9153810943735,0.07046127319335938,4.552936581310398e-06,779.975,0.036708333333333336,0.104375,0.1409375,,0.08419179557060252,0.009428980478281501,0.004814408046998825,20.0531914893617,18.960416666666667,17.98125,,0.0,779.975,39.793749999999996,14.266666666666666
2024-06-20,5886.229166666667,0.00921763059871891,108.49657028247304,2380.7021549498677,0.09055340156629228,2297.047886598942,0.0792071024576823,6.74686692532991e-06,782.8125,0.03675,0.10216666666666667,0.1378125,,0.08272368032303587,0.011136448157784746,0.005686235722867453,19.795652173913044,18.177083333333332,17.3125,,0.0,782.8125,45.31458333333333,18.03125
2024-06-21,5613.6875,0.009438499372626084,105.95588589302282,2344.4433769403845,0.09964538181506193,2237.5445081692956,0.0912920633951823,8.847690476207037e-06,785.49375,0.03947916666666667,0.09989583333333334,0.13547916666666668,,0.08255398562223885,0.011333808833299918,0.005787007468715266,16.876595744680852,16.625,16.431250000000002,,6.0413,785.49375,77.44791666666667,13.483333333333334
2024-06-22,5299.458333333333,0.009718552580014536,102.93239590432584,2205.458042037421,0.14322059456142583,2111.742564524969,0.12384414672851562,8.210135378517905e-06,785.9812499999999,0.11206250000000001,0.0994375,0.13366666666666668,,0.11268786068291141,0.023712906885760977,0.01210773635511319,16.23404255319149,15.856250000000001,15.554166666666667,,12.9381,785.9812499999999,74.51666666666667,13.622916666666667
2024-06-23,5334.0625,0.009684248318136525,103.2778355939643,2172.812922644328,0.15358706155112606,2086.114099743872,0.13052495320638022,7.7077196022073e-06,786.9291666666667,0.12222916666666667,0.10039583333333334,0.13325,,0.11722469667838474,0.028989400568608548,0.014801897585497848,16.353191489361702,16.014583333333334,15.560416666666667,,5.2696,786.9291666666667,67.24374999999999,14.897916666666667
2024-06-24,5496.291666666667,0.009539012305684848,104.84121308221631,2249.0825693095526,0.12686721101104284,2162.4371931581304,0.10888417561848958,7.422872694970831e-06,784.5020833333333,0.10504166666666666,0.10247916666666666,0.13362500000000002,,0.11075953167661852,0.021470195042020506,0.01096261467706178,19.886666666666667,18.310416666666665,16.881249999999998,,0.0,784.5020833333333,48.61041666666667,19.154166666666665
2024-06-25,5622.25,0.009431203619216667,106.03705834414438,2287.9358386896606,0.11533240123152373,2204.6926214572054,0.0987701416015625,6.9903182461400325e-06,784.7520833333333,0.0885625,0.10364583333333333,0.13397916666666668,,0.10427224220427608,0.013925258007979202,0.0071101933411117585,21.90434782608696,19.9875,18.277083333333334,,0.0,784.7520833333333,45.96041666666667,19.175
2024-06-26,5583.0625,0.00946410533360383,105.66739195684407,2310.645219783445,0.1086678956100673,2218.1516620635653,0.09555689493815105,7.725990708741091e-06,785.0666666666666,0.07652083333333333,0.10260416666666666,0.13302083333333334,,0.09859555553601604,0.007323079446870759,0.0037391415433550663,20.76875,19.835416666666667,18.631249999999998,,0.2215,785.0666666666666,48.4,19.295833333333334
2024-06-27,5629.125,0.009425908465510913,106.10009912424243,2318.2434277905277,0.10675828916309198,2210.399135553745,0.09741846720377605,9.034055544666197e-06,782.1791666666667,0.06974999999999999,0.10079166666666667,0.13075,,0.09457921009397412,0.0026519338788553986,0.0013540691738495574,20.693749999999998,18.595833333333335,17.631249999999998,,0.7236,782.1791666666667,62.88333333333333,17.666666666666668
2024-06-28,5771.229166666667,0.009309535905972595,107.4294848585377,2293.296364685541,0.11359259820397165,2192.301459219149,0.10160446166992188,8.53764810328611e-06,780.4812499999999,0.06506250000000001,0.10052083333333334,0.13008333333333333,,0.09234815944287803,5.714652520910939e-05,2.9178837675873654e-05,20.51063829787234,19.002083333333335,18.01875,,3.5723999,780.4812499999999,66.39791666666666,16.041666666666668
2024-06-29,5628.791666666667,0.009426800027699083,106.09465343189805,2337.093733084023,0.10167603713194405,2241.3574359273675,0.09064610799153645,7.918035372871991e-06,784.15625,0.0670625,0.10122916666666666,0.12958333333333336,,0.09332383636601901,0.0011918917808432545,0.0006085762287938644,23.182608695652174,20.806250000000002,19.014583333333334,,2.2528,784.15625,51.81041666666667,19.610416666666666
2024-06-30,5577.5625,0.00946888580810108,105.61490317558038,2342.7390563069066,0.10007881666537384,2239.227426385831,0.09093729654947917,8.561948486481989e-06,786.4354166666667,0.060125000000000005,0.10087499999999999,0.12891666666666668,,0.09011195533070963,0.0025436344779365045,0.0012987718372530876,23.738297872340425,21.508333333333336,19.822916666666668,,0.501,786.4354166666667,52.56875,19.960416666666667
2024-07-01,5576.3125,0.009470945763873058,105.59934083947815,2303.269510615999,0.11098600230149186,2177.7339402330285,0.1053454081217448,1.0686382318733923e-05,784.1854166666667,0.059125000000000004,0.09885416666666667,0.12747916666666667,,0.08865782974665123,0.0042348317056975825,0.0021622918711686734,20.044444444444444,19.993750000000002,19.3,,5.6912,784.1854166666667,79.01041666666667,16.23125
2024-07-02,5371.9375,0.009652123132391815,103.63637583575898,2171.5354327797227,0.1547847086309392,2073.2770313706083,0.13502375284830728,8.786143489063539e-06,782.65,0.14920833333333333,0.09789583333333333,0.12525,,0.12592704317222347,0.0391105238242223,0.019969711577554675,19.083333333333332,17.972916666666666,17.502083333333335,,14.7027,782.65,72.05416666666666,15.508333333333333
2024-07-03,5566.0,0.009479392970978077,105.50282019660604,2241.5181669198087,0.12937232147022096,2170.9254763052654,0.10703150431315105,6.04147251511189e-06,783.475,0.13239583333333335,0.1005625,0.12597916666666667,,0.1199041142583068,0.03210565382269921,0.016393046785301343,19.91111111111111,19.0625,18.154166666666665,,0.0042,783.475,50.135416666666664,16.40625
2024-07-04,5683.9375,0.009380616620311363,106.6144133118536,2303.2237629119277,0.11077948249453949,2252.854223387143,0.08811442057291667,4.1437656104409e-06,785.0666666666666,0.10214583333333334,0.10152083333333334,0.12597916666666667,,0.10743628907953826,0.0176051515210381,0.008989135500571876,20.633333333333333,19.54375,18.433333333333334,,0.0,785.0666666666666,30.931250000000002,17.447916666666668
2024-07-05,5692.291666666667,0.009373586711938409,106.69328930610816,2335.889784120295,0.10212077736747359,2287.0026434629726,0.0813446044921875,3.959462396517805e-06,786.9229166666668,0.08364583333333332,0.10137499999999999,0.12589583333333335,,0.09953895812450045,0.00842028855989286,0.004299373097035915,21.208695652173912,19.849999999999998,18.681250000000002,,0.0,786.9229166666668,33.141666666666666,15.777083333333332
2024-07-06,5856.916666666667,0.009240400981147165,108.22710644359351,2358.6172858334553,0.09605332313650522,2306.823813581897,0.07742055257161458,4.16173651255764e-06,784.75,0.0696875,0.10049999999999999,0.12547916666666667,,0.09323408923796264,0.001087512835976028,0.0005552806648393604,21.22,20.05,18.84375,,0.0,784.75,33.4375,16.220833333333335
2024-07-07,6011.666666666667,0.009120639448997485,109.64778169514746,2392.5220185667235,0.08770323672818518,2338.9608098533995,0.07149759928385417,4.242863001335893e-06,782.6895833333333,0.05664583333333333,0.0996875,0.12483333333333334,,0.08728574325337164,0.005830614696604421,0.00297709369310287,20.917073170731708,20.443749999999998,19.064583333333335,,0.0,782.6895833333333,31.222916666666666,17.693749999999998
2024-07-08,5952.25,0.009166359037660698,109.1033510761494,2400.086319534016,0.08598891582079189,2340.7853392421875,0.07123438517252605,4.69512402725437e-06,784.34375,0.04695833333333333,0.09860416666666666,0.12397916666666665,,0.08261479912742829,0.01126308067026205,0.005750893889090906,20.084615384615383,20.572916666666668,19.243750000000002,,0.0,784.34375,38.47708333333333,16.347916666666666
2024-07-09,5948.520833333333,0.009168731715089884,109.07115399176165,2413.857170467431,0.08271470273894864,2348.540683635628,0.0697949727376302,5.152796376980696e-06,785.1458333333334,0.04070833333333333,0.09777083333333332,0.12320833333333332,,0.07950402890916651,0.014881011629597107,0.007598198161724575,18.788235294117644,21.058333333333334,19.58125,,0.0,785.1458333333334,37.606249999999996,17.870833333333334
2024-07-10,5892.416666666667,0.009212496496109567,108.55471586638295,2423.9895173270384,0.08043489721588276,2355.1595653274617,0.06864166259765625,5.41327211675376e-06,786.8583333333332,0.03666666666666667,0.09679166666666666,0.12247916666666665,,0.07728683167209513,0.017459686994258077,0.008914861766535017,22.10238095238095,21.3625,19.902083333333334,,0.0,786.8583333333332,39.56666666666667,17.910416666666666
2024-07-11,5886.270833333333,0.009217109686141279,108.49885399844969,2448.5653123466996,0.07521561960948372,2374.3528959421237,0.06555430094401042,5.791299652790181e-06,786.8229166666666,0.034749999999999996,0.09510416666666667,0.12129166666666667,,0.07561789080263448,0.019400721663252428,0.009905948019331383,22.093023255813954,20.904166666666665,19.7,,0.0,786.8229166666666,39.75625,19.16875
2024-07-12,5990.625,0.009136535543564566,109.45614933078036,2461.335057877241,0.07239309299662976,2389.2819914846973,0.0630200703938802,5.588885689915561e-06,786.3125,0.03333333333333333,0.09445833333333332,0.12085416666666667,,0.07469404035627361,0.020475190973798983,0.010454568700736317,20.98611111111111,21.916666666666668,20.25,,0.0,786.3125,33.11875,21.820833333333336
2024-07-13,5980.729166666667,0.009144607924860526,109.36366343372534,2470.689798908062,0.07056549357569973,2410.368389309658,0.05980046590169271,4.638276619636333e-06,787.4416666666666,0.030083333333333333,0.09283333333333332,0.11966666666666666,,0.07248255994512989,0.023047217476582792,0.011767837417393312,21.935135135135134,22.41875,20.70625,,0.0,787.4416666666666,26.91875,22.245833333333334
2024-07-14,5887.916666666667,0.009215848829427364,108.51390979688647,2451.523532074879,0.0745082040836312,2376.0069282638356,0.065185546875,5.88470845822201e-06,788.1520833333334,0.027958333333333335,0.09141666666666666,0.11879166666666667,,0.0708913363495312,0.024897864327946117,0.012712771932198936,24.05952380952381,22.724999999999998,21.145833333333332,,0.0,788.1520833333334,33.63333333333333,21.65833333333333
2024-07-15,5860.604166666667,0.009237797223854276,108.25999187732786,2438.8818376727863,0.07724431650494715,2340.998537471185,0.07118606567382812,7.746762454576472e-06,787.1770833333334,0.028958333333333332,0.08841666666666666,0.11741666666666667,,0.06995924987289959,0.02598191242021162,0.0132662835096975,21.98695652173913,20.877083333333335,20.108333333333334,,0.3177,787.1770833333334,50.225,19.349999999999998
2024-07-16,5832.145833333333,0.009261399740662956,107.99259885567693,2415.718383014933,0.08258531850008487,2310.5208091330055,0.07692464192708333,8.442948030857256e-06,786.1791666666667,0.03308333333333333,0.08695833333333332,0.11633333333333333,,0.07094995549863722,0.024829688275238793,0.012677961452155755,21.086666666666666,20.735416666666666,19.8875,,3.4682,786.1791666666667,61.73333333333333,17.566666666666666
2024-07-17,5891.916666666667,0.009213681255190913,108.5469710321156,2443.9183200978155,0.07619340497579377,2356.6183173600393,0.0685437520345052,6.867233168539057e-06,787.7208333333333,0.03991666666666666,0.08466666666666667,0.11462500000000002,,0.07265399759027266,0.022847829697853154,0.011666030638961617,19.15,18.964583333333334,18.597916666666666,,1.8004999,787.7208333333333,56.416666666666664,16.441666666666666
2024-07-18,5960.375,0.0091602342915199,109.1773003858295,2444.681471076514,0.07607157302599332,2362.983601138198,0.067474365234375,6.4066475072837e-06,787.3583333333332,0.03945833333333333,0.08708333333333333,0.11516666666666668,,0.0734209944303522,0.021955786435658594,0.011210556129318417,23.07674418604651,21.65625,20.025,,0.0,787.3583333333332,40.65,20.108333333333334
2024-07-19,5937.833333333333,0.009177329679710763,108.97173839950744,2458.1422325424123,0.07318808767017525,2360.978014226315,0.06778208414713542,7.6233346418118405e-06,787.9291666666667,0.03333333333333333,0.08645833333333335,0.11495833333333334,,0.07056512680657179,0.02527725705768713,0.012906488677635542,23.538297872340426,21.604166666666668,20.322916666666668,,0.3049,787.9291666666667,48.76666666666667,19.316666666666666
2024-07-20,5918.895833333333,0.009191856489323157,108.79839354450132,2452.8454361527806,0.07422040460046382,2360.527822045262,0.06778208414713542,7.2445514112741084e-06,787.7875,0.031375,0.08520833333333333,0.11416666666666668,,0.0691213160160806,0.026956457831718877,0.013763883359663618,22.47608695652174,20.941666666666666,19.977083333333333,,0.40699998,787.7875,50.76666666666667,18.441666666666666
2024-07-21,6003.1875,0.009127343107969052,109.56936668517066,2452.3567374473605,0.07431504317671192,2374.311865085174,0.06548563639322917,6.0907503935141085e-06,786.6645833333333,0.029583333333333333,0.08483333333333333,0.11370833333333334,,0.06812764809638813,0.028112127224735706,0.014353964550119589,22.332558139534882,21.358333333333334,20.120833333333334,,0.0,786.6645833333333,41.05833333333333,18.866666666666667
2024-07-22,6081.270833333333,0.009068506584828983,110.27985703796877,2470.746929261945,0.07055240888742871,2394.56842805426,0.062255859375,5.89296947595236e-06,786.3854166666666,0.027708333333333335,0.08429166666666667,0.11325,,0.06704108088362579,0.029375841637125796,0.014999213190747606,21.799999999999997,21.572916666666668,20.364583333333332,,0.0,786.3854166666666,47.625,16.458333333333332
2024-07-23,6045.145833333333,0.009095659671312758,109.95141833498087,2469.3199629856576,0.0707556852844713,2398.4053567825363,0.06158447265625,5.477804651722425e-06,786.6062499999999,0.026375,0.08345833333333334,0.11270833333333334,,0.066063578162879,0.030512710357117653,0.015579694816148914,21.645238095238096,21.495833333333334,20.33125,,0.0,786.6062499999999,41.516666666666666,17.608333333333334
2024-07-24,5930.0625,0.009183577883386227,108.89947522355395,2490.8737680886607,0.06651200513546938,2419.373985105926,0.05840937296549479,5.47143162004055e-06,788.5041666666666,0.025708333333333333,0.08295833333333334,0.11233333333333334,,0.0655219396542609,0.031142654258982726,0.01590134220923481,20.83421052631579,21.818749999999998,20.48125,,0.0,788.5041666666666,34.81666666666667,19.883333333333333
2024-07-25,5874.416666666667,0.009226718234848276,108.38832110074792,2463.3972232711853,0.07207546581982613,2380.5983637373497,0.06452687581380208,6.444727558055193e-06,788.7895833333333,0.025041666666666667,0.08258333333333333,0.11241666666666666,,0.06512942711616183,0.03159915961420928,0.01613443242092452,24.272093023255817,22.614583333333332,21.125,,0.0,788.7895833333333,41.166666666666664,20.283333333333335
2024-07-26,5949.729166666667,0.009167776210614443,109.08232618907351,2456.987186107768,0.07328985284751555,2359.877179488105,0.06783421834309895,7.622492511788478e-06,785.9125,0.024958333333333332,0.08091666666666668,0.11141666666666666,,0.06428672470105867,0.03257925102025718,0.016634864038419118,22.602439024390247,21.866666666666664,20.733333333333334,,0.0387,785.9125,47.949999999999996,19.25
2024-07-27,5646.416666666667,0.009414557083860254,106.25115736626593,2303.4423417365283,0.1118558373150562,2192.004002859788,0.1025835673014323,9.421742000900352e-06,782.6520833333334,0.06254166666666666,0.079875,0.11095833333333334,,0.07972268306205771,0.014626709455656957,0.007468352264237905,21.41304347826087,21.056250000000002,20.252083333333335,,8.694099,782.6520833333334,68.26666666666667,17.608333333333334
2024-07-28,5979.020833333333,0.009145752535157299,109.34866676797469,2362.004740810508,0.09527491805724987,2293.818067311456,0.08005269368489583,5.527325629988667e-06,780.8604166666668,0.0775,0.07979166666666666,0.11062500000000001,,0.08594595505540319,0.007388833677847697,0.0037727154487702664,20.76046511627907,20.633333333333333,19.79375,,0.91319996,780.8604166666668,38.199999999999996,19.841666666666665
2024-07-29,6035.083333333333,0.009102811741716699,109.86158930325973,2419.9679164619533,0.08137956965781203,2367.717967042058,0.06654866536458333,4.087376828485771e-06,783.6458333333334,0.06954166666666667,0.08195833333333334,0.11125,,0.08347237775009614,0.010265687731754495,0.005241628163042255,19.727027027027027,21.447916666666668,20.233333333333334,,0.0,783.6458333333334,28.041666666666668,19.266666666666666
2024-07-30,6043.1875,0.009096923397829993,109.93446177105346,2449.785798998502,0.0749432270576774,2399.281914308905,0.061510721842447914,3.899642381573011e-06,783.6854166666667,0.05908333333333333,0.08337499999999999,0.11162500000000002,,0.07962387095409713,0.014741631278699058,0.007527030988931851,19.525714285714287,21.97083333333333,20.595833333333335,,0.0,783.6854166666667,25.508333333333336,19.733333333333334
2024-07-31,5993.0,0.009134892986643868,109.47718468367418,2445.0329282229427,0.07592744578219718,2396.550548184948,0.061916351318359375,3.748192510665349e-06,784.3979166666667,0.04545833333333333,0.084,0.11170833333333334,,0.0740943206221513,0.021172685305031753,0.010810707132537921,18.793939393939397,22.058333333333334,20.752083333333335,,0.0,784.3979166666667,25.599999999999998,19.466666666666665
2024-08-01,5736.729166666667,0.00933662139716806,107.11119492230212,2462.3428952861327,0.07218877527554036,2416.485690132172,0.058743794759114586,3.5137375622554677e-06,787.9270833333334,0.03625,0.08429166666666667,0.11166666666666668,,0.07028937168804045,0.025597969585624054,0.013070243494906549,18.11935483870968,22.28333333333333,20.914583333333333,,0.0,787.9270833333334,23.575,20.175
2024-08-02,5629.145833333333,0.009426097104322144,106.09954166433751,2460.7763155157395,0.072537065938039,2403.1286584606173,0.06087621053059896,4.449805877805821e-06,789.7083333333334,0.030875,0.08437499999999999,0.11175,,0.0680631979150367,0.02818708496512978,0.014392237738760643,18.85666666666667,22.983333333333334,21.370833333333334,,0.0,789.7083333333334,26.25,21.933333333333334
2024-08-03,5763.166666666667,0.009315490046242894,107.35652370413813,2480.033189401778,0.0686302610046217,2416.5971159774695,0.058826446533203125,4.865571950155206e-06,788.0354166666666,0.027875,0.08383333333333333,0.11179166666666666,,0.06661614859017062,0.029870052264155567,0.015251555596712383,21.33823529411765,23.402083333333334,21.777083333333334,,0.0,788.0354166666666,27.40833333333333,22.21666666666667
2024-08-04,5863.145833333333,0.0092353621495095,108.28516433601827,2468.5786534493213,0.07095858881815557,2383.7967213922643,0.06399281819661458,6.593196380731264e-06,785.7770833333334,0.026000000000000002,0.08230000000000001,0.11155,,0.06523668554404288,0.03147441443547432,0.016070737921428074,22.939393939393938,23.082500000000003,21.9375,,0.0,785.7770833333334,34.28333333333333,22.96666666666667
2024-08-05,4991.145833333333,0.010018871399525104,99.87673608428874,2171.2767258639665,0.15627458700821786,2058.2206220350276,0.14129765828450522,1.0209074559405474e-05,787.6958333333333,0.14791666666666667,0.09641666666666666,0.1105,,0.12146103326583528,0.03391640327807428,0.017317609814054724,20.390697674418604,21.83125,21.26875,,6.3873997,787.6958333333333,74.11666666666666,17.625
2024-08-06,5110.645833333333,0.009892694405955608,101.09512926010399,2206.434482631102,0.14086549176295424,2109.670427365179,0.12305323282877605,8.49862875915123e-06,788.40625,0.12579166666666666,0.10075,0.11025,,0.11354046518651323,0.024704514755587235,0.01261404824312221,21.184782608695652,20.616666666666667,20.079166666666666,,0.8289,788.40625,55.36666666666667,19.7
2024-08-07,5345.291666666667,0.009673943998849516,103.3869519969053,2265.4372589942423,0.12195233325850795,2170.386131032435,0.10701878865559895,8.114256655469188e-06,786.6104166666668,0.09970833333333333,0.10149999999999999,0.11166666666666668,,0.10309088862493265,0.012551303845908014,0.0064086566278563455,22.84,22.139583333333334,21.102083333333333,,0.267,786.6104166666668,47.21666666666667,21.175
2024-08-08,5252.354166666667,0.009760114731225478,102.48086860954002,2219.382352354032,0.13731258115377784,2121.706878071777,0.1204236348470052,8.540972923192253e-06,785.75,0.11066666666666668,0.09783333333333333,0.11079166666666666,,0.1062572949794624,0.01623394151314454,0.008288999943887463,18.680851063829788,19.452083333333334,19.54375,,1.3269,785.75,69.93333333333334,15.9
2024-08-09,5369.895833333333,0.009650543609659579,103.62901364925602,2272.136011838295,0.11987914978769003,2177.106005951417,0.10527801513671875,8.084859901613095e-06,785.8666666666667,0.10312500000000001,0.095875,0.11075,,0.10237940387993531,0.011723823027521235,0.005986147500813953,18.252083333333335,18.810416666666665,18.883333333333333,,0.0,785.8666666666667,57.14166666666667,17.141666666666666
2024-08-10,5255.083333333333,0.009756236311314304,102.51222142114374,2259.4791029458333,0.1237965848753194,2153.6116536060385,0.1112810770670573,9.108680369969178e-06,787.24375,0.10120833333333334,0.09366666666666668,0.1095,,0.10051589873120695,0.009556503522247104,0.00487952091582488,16.856521739130436,17.070833333333333,17.425,,6.0260997,787.24375,76.425,14.966666666666667
2024-08-11,4811.895833333333,0.010203684505751247,98.06772444168331,2098.1670887741343,0.18710442137371872,1997.763543381848,0.16290283203125,9.328557817872857e-06,787.3166666666666,0.16345833333333334,0.10029166666666667,0.11104166666666666,,0.1295022298704484,0.04326858685471462,0.02209280560241144,19.71063829787234,19.079166666666666,18.491666666666667,,18.5567,787.3166666666666,74.95833333333333,15.541666666666666
2024-08-12,4887.395833333333,0.010115838387400817,98.86332547724437,2107.10489548958,0.1793256872425207,2011.067424509689,0.1545893351236979,8.842356212978218e-06,786.24375,0.14979166666666666,0.11058333333333333,0.11208333333333333,,0.12751956839149894,0.04096268450793812,0.020915419050441655,19.43617021276596,19.289583333333333,18.89375,,2.9499,786.24375,64.98333333333333,17.05
2024-08-13,4999.416666666667,0.010001763191190631,99.99024632055693,2201.885123272287,0.14542556286727168,2090.778168862689,0.13057963053385416,9.819309112435759e-06,785.1791666666667,0.12331914893617021,0.10931914893617022,0.11229787234042554,,0.11593099335312931,0.027484779852761626,0.014033642937104006,17.825531914893617,18.48510638297872,18.451063829787234,,1.6076,785.1791666666667,77.18333333333334,15.258333333333333
2024-08-14,4903.625,0.010100092217514544,99.02399902075182,2423.429229145891,0.08130335216110847,2311.5572936229005,0.0771954854329427,8.984206461381075e-06,785.8625000000001,0.16395833333333334,0.10816666666666667,0.110875,,0.1323987531626475,0.04663734139394825,0.023812881171494188,16.995652173913044,16.589583333333334,16.722916666666666,,10.8101,785.8625000000001,76.24166666666666,14.691666666666668
2024-08-15,5022.354166666667,0.009978979404906321,100.21907379473049,2539.762266600775,0.05710608250293065,2440.9141216946914,0.055163065592447914,7.500495745606601e-06,786.5875,0.14070833333333335,0.111,0.112,,0.12380111173426976,0.036637993670229047,0.018707245386511938,18.136170212765958,17.945833333333333,17.70625,,0.6138,786.5875,58.36666666666667,16.316666666666666
2024-08-16,5283.5625,0.009728981667631673,102.79291507167619,2287.406403187401,0.1209316139735148,2211.8261905725244,0.101287841796875,6.321692854179421e-06,785.43125,0.11458333333333333,0.111375,0.1125,,0.1129924236744683,0.02406712394420931,0.012288598481247184,20.508695652173913,18.877083333333335,18.03125,,0.0,785.43125,42.458333333333336,19.283333333333335
2024-08-17,5337.020833333333,0.009680052269371511,103.3119198687156,2249.6161425902396,0.12665409499673233,2179.792138384542,0.10454177856445312,5.93294528642096e-06,786.6708333333332,0.09341666666666666,0.11120833333333334,0.11404166666666667,,0.10433502924920071,0.013998281464467384,0.007147478890418617,21.40434782608696,20.291666666666668,19.316666666666666,,0.0,786.6708333333332,39.53333333333333,18.758333333333333
2024-08-18,5176.166666666667,0.00982959367290725,101.74211488845009,2264.776816678162,0.12200967389044677,2157.8567130942547,0.11004892985026042,9.179352902226482e-06,788.5104166666666,0.08120833333333334,0.10779166666666666,0.11404166666666667,,0.09798787778098587,0.0066163296682094025,0.003378277308940826,19.293333333333333,19.325,18.8625,,3.4768,788.5104166666666,68.11666666666666,16.7
2024-08-19,5273.458333333333,0.009738326503453992,102.69447450712205,2292.462604833575,0.11382597020542218,2186.5121491617156,0.10292943318684895,8.974930566769498e-06,788.74375,0.074125,0.10529166666666667,0.11395833333333334,,0.09410695898988827,0.0021026898749035277,0.0010736268971386737,20.34130434782609,19.41875,18.720833333333335,,0.61219996,788.74375,64.53333333333333,17.091666666666665
2024-08-20,5429.645833333333,0.009597049363875685,104.20484385548109,2323.0209937659015,0.1053039913076978,2225.6692628632386,0.0938720703125,8.101012735751568e-06,788.7354166666668,0.06679166666666667,0.10279166666666667,0.11454166666666667,,0.09027429213982875,0.002354831279261193,0.0012023695124105183,19.3,19.220833333333335,18.904166666666665,,1.5624,788.7354166666668,56.00833333333333,17.558333333333334
2024-08-21,5446.708333333333,0.009584740488840107,104.35858474302034,2311.5452930159304,0.10904344004648513,2207.118364654297,0.0988909403483073,8.794120556892312e-06,787.9499999999999,0.06504166666666666,0.09945833333333333,0.11362500000000002,,0.08816925415080153,0.004803061645608714,0.0024524283076111006,19.495833333333334,18.75,18.2375,,2.8186998,787.9499999999999,60.725,17.900000000000002
2024-08-22,5285.229166666667,0.009728431916604642,102.80561531546698,2241.5876477218285,0.12973689087795207,2123.2045197036673,0.11963144938151042,1.0326835629544266e-05,787.1041666666666,0.07883333333333334,0.09716666666666667,0.11304166666666667,,0.09307740418843452,0.0009052828248280199,0.00046223458906303685,17.016666666666666,17.422916666666666,17.599999999999998,,11.1258,787.1041666666666,84.38333333333334,14.391666666666666
2024-08-23,5269.270833333333,0.009741934681880208,102.65460249670127,2231.4110810023735,0.13242508263675293,2113.699733508492,0.12178421020507812,1.0313962161900982e-05,785.5041666666666,0.09154166666666667,0.09583333333333333,0.11275,,0.09792599523020601,0.006544358168998445,0.003341528885741316,16.258333333333333,16.620833333333334,16.841666666666665,,1.7942,785.5041666666666,84.54166666666667,14.358333333333334
2024-08-24,5275.770833333333,0.009736554695135525,102.71570156435074,2229.064103519863,0.13328365934004488,2120.7952718560973,0.12002054850260417,9.46756313394084e-06,786.2520833333333,0.09854166666666668,0.09529166666666666,0.11254166666666666,,0.10065234237807379,0.009715192097605765,0.004960546807853534,16.575,16.566666666666666,16.564583333333335,,4.4999,786.2520833333333,78.76666666666667,14.733333333333334
2024-08-25,5254.8125,0.00975730469417402,102.50677894504878,2234.8758405591257,0.13158711829790987,2135.3480037723684,0.11610666910807292,8.636288843795285e-06,787.2624999999999,0.10245833333333333,0.09458333333333334,0.11266666666666668,,0.10209345826188494,0.011391258604036203,0.005816341142612257,15.957446808510639,16.389583333333334,16.470833333333335,,1.9668,787.2624999999999,72.79166666666667,14.141666666666666
2024-08-26,5189.979166666667,0.00981666987174938,101.87723198022461,2216.9473822707846,0.13741693675900285,2128.18833749135,0.11805343627929688,7.733144391637592e-06,788.6583333333333,0.11529166666666667,0.09400000000000001,0.11195833333333334,,0.10715804786323982,0.01728154757732681,0.008823904335417514,16.04042553191489,15.922916666666666,16.0,,4.7432,788.6583333333333,65.59166666666667,14.841666666666667
2024-08-27,5334.791666666667,0.009682429740083036,103.28906082457632,2280.8601221228455,0.11720670277107244,2200.6647474497368,0.09966405232747395,6.756310345164729e-06,788.9,0.10254166666666666,0.09425,0.11262500000000002,,0.10200381169640083,0.011286996616841188,0.005763105296880689,16.365909090909092,16.727083333333333,16.466666666666665,,0.0,788.9,55.275,15.700000000000001
2024-08-28,5544.729166666667,0.009498372256037281,105.29803173574454,2287.656482202775,0.11554372523098139,2217.836628704936,0.0959637959798177,5.835493070298815e-06,786.24375,0.08670833333333333,0.09449999999999999,0.11308333333333333,,0.0954968338079621,0.0037191612890857253,0.001898992163522249,17.612765957446808,17.464583333333334,17.110416666666666,,0.0,786.24375,45.94166666666666,16.400000000000002
2024-08-29,5721.75,0.009349060703669618,106.97040563072748,2371.100401027817,0.09306470997887857,2302.6924358233337,0.07825469970703125,5.502569095210284e-06,784.96875,0.076625,0.093625,0.11312499999999999,,0.09093743490724665,0.0015835738155578942,0.0008085678550506535,17.45111111111111,17.404166666666665,16.98333333333333,,0.0,784.96875,41.925000000000004,16.558333333333334
2024-08-30,5665.5625,0.009395698284706992,106.44239600137564,2386.4711345284486,0.08950250166268132,2324.297238952494,0.07435862223307292,4.952552546488898e-06,788.3479166666666,0.06966666666666667,0.092625,0.11295833333333334,,0.08760890851363073,0.005454762570590996,0.002785184768895356,16.611627906976743,17.083333333333332,16.764583333333334,,0.0,788.3479166666666,43.291666666666664,14.958333333333334
2024-08-31,5673.8125,0.00938865498814036,106.52065385695009,2393.7556754117213,0.08754430590718278,2340.6210982901016,0.07127634684244792,4.203307199315652e-06,788.7958333333332,0.06320833333333334,0.09275,0.11329166666666668,,0.08499653077973283,0.008493046216699695,0.004336522929853838,18.304651162790698,18.210416666666667,17.43125,,0.0,788.7958333333332,34.233333333333334,16.150000000000002
2024-09-01,5743.375,0.009332493169287371,107.16829440120608,2413.241109856289,0.08331276652798163,2352.5821678211905,0.06945546468098958,4.779072540531682e-06,788.25625,0.05529166666666666,0.09225,0.11370833333333334,,0.08157021436430359,0.01247796807402223,0.006371211611280796,18.807142857142857,19.020833333333332,18.110416666666666,,0.0,788.25625,35.583333333333336,17.183333333333334
2024-09-02,5795.958333333333,0.009288951997604518,107.66209800337116,2426.2540727777096,0.08002050742501356,2361.4359040857435,0.06764856974283855,5.084457155986821e-06,788.2416666666667,0.049625,0.09070833333333334,0.11291666666666667,,0.07845647975298727,0.016099346722725245,0.008220276263361095,18.014285714285716,18.295833333333334,17.760416666666668,,0.0,788.2416666666667,39.75,16.474999999999998
2024-09-03,5799.583333333333,0.00928622072239582,107.69510673874844,2432.1934541713313,0.07880030515151122,2359.7751128294153,0.06799952189127605,5.683900433306502e-06,787.1333333333333,0.044833333333333336,0.09041666666666666,0.11291666666666667,,0.07632818047594256,0.018574630753653454,0.009484148575384424,20.26,19.252083333333335,18.381249999999998,,0.0,787.1333333333333,43.425000000000004,17.058333333333334
2024-09-04,5794.354166666667,0.009290597576052198,107.64581874582757,2449.5666591224494,0.07503629634545492,2372.77023931766,0.06576156616210938,5.989651872457186e-06,787.6729166666668,0.0402,0.08835,0.11215,,0.07347587681486338,0.02189195636653955,0.011177964694951248,17.377142857142857,18.16,18.0675,,0.0,787.6729166666668,48.36666666666667,15.233333333333334
2024-09-05,5363.958333333333,0.009659212888493389,103.55964234846095,2396.2821135429945,0.08791228986640619,2301.234332259756,0.07929102579752605,7.65460581513775e-06,790.4541666666668,0.044375,0.08695833333333332,0.11112499999999999,,0.07452427179101606,0.0206726375561796,0.010555384310361899,17.22391304347826,17.552083333333332,17.477083333333333,,4.2563,790.4541666666668,73.36666666666666,12.758333333333333
2024-09-06,5364.854166666667,0.00965515805669129,103.58007110598135,2408.6193072196925,0.08409716555558489,2330.5547185378505,0.07308578491210938,6.203661892823443e-06,791.0833333333334,0.05329166666666666,0.08620833333333333,0.110375,,0.07786439124651376,0.016787965678140702,0.008571882955930294,16.55,17.066666666666666,16.897916666666667,,0.0407,791.0833333333334,57.166666666666664,13.983333333333334
2024-09-07,5492.020833333333,0.009542593473579492,104.80095244828122,2427.179372490318,0.07985505879803638,2352.053806558583,0.06926345825195312,5.914566937720136e-06,788.2104166666667,0.0555,0.08679166666666667,0.11075,,0.07908715311027852,0.015365852281002457,0.007845756287336846,18.49772727272727,18.21875,17.474999999999998,,0.0,788.2104166666667,47.21666666666667,16.141666666666666
2024-09-08,5632.4375,0.009422912865948143,106.13218042586482,2444.752541788395,0.07611565500096228,2373.8971074166025,0.06566238403320312,5.527371710465107e-06,785.93125,0.050208333333333334,0.08658333333333333,0.11062500000000001,,0.07674723495932023,0.018087256218511028,0.009235296656632794,18.525000000000002,18.439583333333335,17.806250000000002,,0.0,785.93125,45.125,15.758333333333333
2024-09-09,5654.041666666667,0.009404582083273421,106.33670252171412,2491.9726250796007,0.06616232771291149,2423.257751209156,0.05773289998372396,5.2515065122899465e-06,786.1208333333334,0.04416666666666667,0.0855,0.11025,,0.07372961024577336,0.02159685580600362,0.011027287268416053,17.932608695652174,17.806250000000002,17.510416666666668,,0.0,786.1208333333334,44.324999999999996,15.083333333333334
2024-09-10,5623.895833333333,0.009430122773249783,106.05145106913227,2465.1202786726344,0.07178381888255607,2384.9249372149156,0.0637957255045573,6.222309762414886e-06,785.2312499999999,0.041125,0.08420833333333333,0.10904166666666666,,0.07171674478061887,0.02393788641013098,0.01222261019911274,15.988636363636363,16.891666666666666,16.822916666666668,,0.103199996,785.2312499999999,55.43333333333334,14.141666666666666
2024-09-11,5820.8125,0.00926997908075486,107.8892447798886,2448.768346090396,0.07516889445766817,2371.7823929633896,0.06594467163085938,6.0106333636929175e-06,781.5645833333333,0.03979166666666666,0.08395833333333334,0.108875,,0.07102762318595848,0.024739358128431442,0.012631839160707852,17.18936170212766,16.943749999999998,16.660416666666666,,0.0117,781.5645833333333,51.71666666666667,14.35
2024-09-12,6169.583333333333,0.009003651037482676,111.07654757068205,2444.4987853258303,0.07657524946970067,2383.317595666166,0.06443277994791667,4.756388367327127e-06,775.3895833333332,0.03875,0.08370833333333333,0.10870833333333334,,0.07046191036797257,0.025397301266201208,0.012967782876387677,17.761363636363637,16.991666666666667,16.552083333333332,,0.93079996,775.3895833333332,36.925000000000004,16.991666666666667
2024-09-13,6099.9375,0.009055138495786508,110.44685440829358,2506.232789545798,0.06340689944420753,2457.0827933576315,0.052813212076822914,3.7038058836099153e-06,778.9291666666667,0.035833333333333335,0.084,0.109,,0.06939608049121976,0.02663689745554719,0.013600716827493286,18.595454545454547,18.079166666666666,17.443749999999998,,0.0,778.9291666666667,33.0,14.558333333333332
2024-09-14,5947.583333333333,0.009169566750907625,109.06211083053999,2502.7319302762817,0.06404252947495062,2454.8732739383636,0.053103129069010414,3.6113883978515303e-06,783.0437499999999,0.03325,0.08295833333333334,0.10845833333333332,,0.06781763346005719,0.028472684730412052,0.014538064088848342,17.20232558139535,17.46875,17.060416666666665,,0.0,783.0437499999999,34.475,13.683333333333332
2024-09-15,5924.083333333333,0.009187934267673456,108.84565430613911,2494.2886164409033,0.06574507709535309,2437.749266942555,0.055633544921875,4.30048513035439e-06,782.8583333333332,0.030833333333333334,0.08220833333333334,0.10829166666666667,,0.06649721748140283,0.030008373165491528,0.015322181817860457,16.293478260869566,17.181250000000002,17.008333333333333,,0.0,782.8583333333332,39.00833333333333,12.916666666666666
2024-09-16,5872.979166666667,0.0092278541661322,108.37504872555236,2476.2880159562815,0.06934279799425004,2394.6705509006474,0.06219482421875,6.314503946307903e-06,781.3083333333334,0.0315,0.07975,0.10675,,0.06557291351816144,0.031083369931506503,0.015871071816383763,14.717021276595746,15.079166666666666,15.416666666666666,,0.1977,781.3083333333334,59.46666666666667,12.424999999999999
2024-09-17,5796.583333333333,0.00928856582336955,107.66747309948431,2439.818251779285,0.07716687780693261,2350.537305353692,0.0695940653483073,7.0355231087193785e-06,778.5833333333334,0.03266666666666667,0.079375,0.10654166666666666,,0.06588872477513069,0.030716070760006136,0.01568353000409552,14.623913043478263,15.270833333333334,15.393749999999999,,1.0476,778.5833333333334,70.23333333333333,11.658333333333333
2024-09-18,5867.833333333333,0.00923163480459674,108.32857220162994,2444.795120953314,0.07600107277235395,2398.3138594278544,0.061649322509765625,3.5907665937974708e-06,778.38125,0.03704166666666667,0.078,0.10512499999999998,,0.06693701372736266,0.029496875259051338,0.015061012580904148,12.726086956521739,13.741666666666667,14.25625,,4.1737,778.38125,38.93333333333333,11.516666666666666
2024-09-19,5849.625,0.009246303747657267,108.15915475990276,2471.7960429038353,0.07026692368337102,2424.1606130112286,0.057627360026041664,3.640426061494004e-06,781.2624999999999,0.041,0.07883333333333332,0.10541666666666666,,0.06896743385350244,0.027135427990560124,0.013855264965011367,14.295454545454545,14.854166666666666,14.708333333333334,,0.0,781.2624999999999,40.44166666666667,11.424999999999999
2024-09-20,5867.166666666667,0.009232605354434742,108.3206619476015,2469.5823705411744,0.07071492186439893,2415.3358740358804,0.058980305989583336,4.163035711856039e-06,780.6,0.03958333333333333,0.07983333333333333,0.10575,,0.06879087309715465,0.027340774120867117,0.013960114059189389,16.724999999999998,16.204166666666666,15.543750000000001,,0.0,780.6,39.0,14.341666666666667
2024-09-21,5913.520833333333,0.00920078114368134,108.73089887136307,2477.641957171579,0.06992543131204783,2420.991381725424,0.05911382039388021,4.378318310279556e-06,779.8104166666667,0.034041666666666665,0.07941666666666666,0.10591666666666666,,0.06634051495697885,0.030190623500534367,0.015415238270954142,13.995744680851063,15.914583333333333,15.893749999999999,,0.0,779.8104166666667,45.24166666666667,11.533333333333333
2024-09-22,4930.291666666667,0.01007179544512062,99.29602561444158,2131.726222418035,0.16902089016659474,2059.1817087989307,0.13836797078450522,6.526119486150592e-06,783.11875,0.09083333333333334,0.07666666666666666,0.10370833333333333,,0.08890868532395048,0.003943078186230004,0.0020133234333719985,11.091489361702127,12.258333333333333,13.291666666666666,,24.6771,783.11875,84.425,7.658333333333334
2024-09-23,5085.083333333333,0.009917464844911095,100.84223370960113,2186.4298772357856,0.14794512044466682,2121.394693476965,0.1198132832845052,5.6815796194829145e-06,783.5375,0.10433333333333333,0.07808333333333334,0.103875,,0.09514919338660169,0.003314843723046109,0.0016925488743492843,12.046808510638298,12.429166666666667,12.987499999999999,,0.0,783.5375,65.36666666666666,10.225
2024-09-24,5232.208333333333,0.009776374513246542,102.29295568527813,2217.018353827406,0.13712395791751078,2153.50576771882,0.1110382080078125,5.460929588660057e-06,784.0729166666666,0.09241666666666666,0.08054166666666666,0.10516666666666667,,0.09125568295057773,0.0012134405791150247,0.0006195789780350712,14.215555555555557,14.141666666666666,13.956249999999999,,0.0,784.0729166666666,53.76666666666667,12.508333333333333
2024-09-25,5302.895833333333,0.009711418791563715,102.98012760491305,2262.1032073137226,0.12290894522680158,2193.5007789237916,0.1013348897298177,5.7914135479454525e-06,785.0458333333332,0.08116666666666666,0.08275,0.10658333333333332,,0.08758667104683279,0.005480625496471266,0.002798390298248578,15.950000000000001,15.35,14.804166666666667,,0.0,785.0458333333332,52.675000000000004,14.041666666666666
2024-09-26,5383.208333333333,0.009638553340176865,103.75756483424415,2300.24176241434,0.11172612368210512,2234.085455779838,0.0921783447265625,5.486267036859959e-06,784.1604166666666,0.07266666666666667,0.08433333333333333,0.107375,,0.08472067498746416,0.008813875831597578,0.0045003375313622095,17.169565217391302,16.337500000000002,15.5625,,0.0,784.1604166666666,44.074999999999996,15.866666666666667
2024-09-27,5435.041666666667,0.009592229198037639,104.25680865716033,2322.482604362712,0.10548330342023532,2259.951737205533,0.08661397298177083,5.1248301496683476e-06,785.7916666666666,0.06583333333333334,0.08479166666666667,0.10808333333333332,,0.08215155048861254,0.011801854502672546,0.006025990128842825,16.33409090909091,16.243750000000002,15.639583333333334,,0.0,785.7916666666666,43.300000000000004,14.950000000000001
2024-09-28,5432.479166666667,0.0095951034067272,104.2299960906265,2349.240912813899,0.09864484020950877,2283.0237720588743,0.08212534586588542,5.372109786068152e-06,787.0666666666666,0.060375000000000005,0.08474999999999999,0.10845833333333332,,0.07991427584864388,0.01440388056585142,0.007354576527544566,16.786956521739132,16.058333333333334,15.635416666666666,,0.0,787.0666666666666,45.833333333333336,15.208333333333334
2024-09-29,5534.25,0.009506234474106548,105.20264637451345,2368.341899571686,0.09361833124362627,2301.821913806762,0.07834625244140625,5.3548907286451354e-06,786.31875,0.05529166666666666,0.08554166666666667,0.10904166666666666,,0.07817200250268343,0.016430203384865935,0.00838921064394257,18.07659574468085,17.014583333333334,16.256249999999998,,0.0,786.31875,41.775,16.55
2024-09-30,5762.0,0.0093153328013326,107.34989520255714,2436.0226497402523,0.0776451990051286,2373.858291690725,0.065399169921875,4.849454661053413e-06,783.7,0.056,0.09,0.11,,0.08023498937900231,0.014030879884621502,0.0071641235421570455,26.7,21.4,17.3,,0.0,783.7,23.6,23.0
