,date,Date (aggregated based on UTC),Raw_Moderated_cph,Raw_Mod_Coeff_of_Var,Raw_Mod_sqrt,Corrected_Mod_cph_for_Des,SWC_Des_cm3_cm3,Corrected_Mod_cph_for_UTS,SWC_UTS_cm3_cm3,Rhov_g_cm3,BaroPress_mb,SWC_5,SWC_10,WeightedTDR_SWC,WeightedTDR_SD,WeightedTDR_SE,sT_5,sT_10,PRISM_ppt_mm,BaroPress,airRH,airT,date.1,CRNS,Bare,scaled_stationary_N_Des,site_theta_pred,TDR_pore_swc_g,TDR_tot_swc_g,TDR_tot_swc_g_resid_Des,scaled_stationary_N_UTS,NewName,Rhov_cal_g_cm3,theta_pred_tot_g_UTS,TDR_tot_swc_g_resid_UTS,SWC_20,SWC_50,sT_20,sT_50
0,2023-07-01,2023-07-01,5878.978260869565,0.0092233699435975,108.4294749950217,2605.8113043805192,0.0639972312668969,2513.810523767884,0.0544407056725543,6.778760635724014e-06,794.8891304347826,0.0212173913043478,0.0665869565217391,0.0418520118641829,0.0,0.0,18.941304347826087,18.2108695652174,,794.8891304347826,60.16956521739131,14.558695652173911,2023-07-01,0.0544407056725543,850.6119195789416,3375.887148716279,0.09017767474429793,0.03108495627731677,0.08508495627731677,-0.005092718466981158,3256.698068363473,F4,1.917760835908311e-05,0.09545698282246075,-0.010372026545143978,,,,
1,2023-07-02,2023-07-02,6031.0,0.0091059730604814,109.82409298850916,2643.981560071456,0.0555992929005896,2555.9738472368344,0.0477574666341145,6.377400826550674e-06,793.9416666666666,0.0287708333333333,0.067,0.0461579152836575,0.0052808514994679,0.0030572190470408,21.522916666666664,19.53333333333333,0.0,793.9416666666666,48.34166666666667,17.35625,2023-07-02,0.0477574666341145,836.7633426093095,3425.3375734011474,0.08449502190937337,0.03428310168459324,0.08828310168459323,0.0037880797752198603,3311.321602157619,F4,1.3348395517832327e-05,0.09051569126680387,-0.002232589582210634,,,,
2,2023-07-03,2023-07-03,6126.916666666667,0.0090345729659718,110.6933128830741,2673.1660337371964,0.0495973938940716,2595.0156936017024,0.0420913696289062,5.580543019721938e-06,793.1479166666667,0.028875,0.0680625,0.0466979434052097,0.005943153469028,0.0034406424772273,23.76458333333333,21.00625,0.0,793.1479166666667,38.9125,18.991666666666667,2023-07-03,0.0420913696289062,831.6295218261605,3463.146715384912,0.08035808211662464,0.034684199500426977,0.08868419950042698,0.008326117383802345,3361.90119216237,F4,9.197862616955407e-06,0.08625439396192545,0.0024298055385015283,,,,
3,2023-07-04,2023-07-04,6182.625,0.0089935719726819,111.19627229419444,2665.4665628143225,0.0511410020957817,2583.729446798959,0.0436795552571614,5.860444439752947e-06,791.4770833333333,0.0215625,0.068375,0.0428533845462553,0.0012281047470157,0.000710981027343,23.251063829787235,21.13125,0.0,791.4770833333333,38.427083333333336,19.041666666666668,2023-07-04,0.0436795552571614,828.0533772464929,3453.1718776456064,0.08143273950473608,0.031828710870059757,0.08582871087005976,0.0043959713653236865,3347.279605605212,F4,8.9973064112735e-06,0.0874330506632748,-0.0016043397932150316,,,,
4,2023-07-05,2023-07-05,6166.770833333333,0.0090050304567761,111.05399886211283,2676.603002034783,0.0488604453061794,2579.841607919453,0.0442148844401041,6.946951323410344e-06,791.5437499999999,0.0186458333333333,0.06825,0.0310409157870638,0.0132589580787001,0.0076759475600103,22.502127659574462,20.59375,0.0022,791.5437499999999,48.90833333333333,17.872916666666665,2023-07-05,0.0442148844401041,830.9648485905675,3467.599385110791,0.07988215235265654,0.023055176252459196,0.0770551762524592,-0.0028269761001973454,3342.2428229005163,F4,1.411926295216646e-05,0.08788638016379378,-0.010831203911334589,,,,
5,2023-07-06,2023-07-06,6259.145833333333,0.0089395706541971,111.87746946004108,2690.8541424494474,0.0460883508533448,2600.6900981236354,0.0413386027018229,6.432128581139921e-06,791.2666666666668,0.0190833333333333,0.0676875,0.0307850840635441,0.0135727155435449,0.0078575897246823,22.30208333333333,19.89583333333333,0.0,791.2666666666668,50.35416666666666,17.46875,2023-07-06,0.0413386027018229,830.3545956450125,3486.0620580217346,0.07793323855598992,0.022865161063565346,0.07686516106356535,-0.001068077492424574,3369.252510836139,F4,1.4769831608889418e-05,0.08561973266119889,-0.008754571597633543,,,,
6,2023-07-07,2023-07-07,6422.333333333333,0.008824343360799,113.33049868164647,2700.7552216189347,0.0441726616949469,2629.983829238616,0.0372886657714843,4.984418510916486e-06,789.5104166666666,0.0165208333333333,0.0683125,0.0310693415341216,0.0132240961381618,0.007655765097269,23.922916666666666,21.197916666666668,0.0,789.5104166666666,40.71458333333333,17.35625,2023-07-07,0.0372886657714843,825.6361014669383,3498.8891287580173,0.07660200722292713,0.023076289051225222,0.07707628905122522,0.00047428182829808985,3407.203198302561,F4,9.20517698049815e-06,0.0826277579577736,-0.005551468906548382,,,,
7,2023-07-08,2023-07-08,6448.020833333333,0.0088073027281724,113.55454553422818,2707.771744081056,0.0427610389908557,2631.6288034078893,0.0370839436848958,5.365790934885366e-06,788.8395833333334,0.0149166666666666,0.0679791666666666,0.0309177375498136,0.0134100264876994,0.0077634048985561,23.870833333333334,21.091666666666665,0.0,788.8395833333334,43.583333333333336,17.4875,2023-07-08,0.0370839436848958,831.1232605604929,3507.9791914071184,0.07566968184642041,0.022963687457806622,0.07696368745780663,0.0012940056113862203,3409.3342993338156,F4,1.0691814818891877e-05,0.08244642615756602,-0.00548273869975939,,,,
8,2023-07-09,2023-07-09,6476.0625,0.0087879617010364,113.8022646817969,2747.587331128307,0.0353355328160135,2689.204026603256,0.0297470092773437,4.023060332754423e-06,791.0166666666668,0.013625,0.0675208333333333,0.0307092820713901,0.0136656807183137,0.0079114096253258,21.0575,21.15,0.0,791.0166666666668,31.5,17.722916666666666,2023-07-09,0.0297470092773437,831.4735922748941,3559.561179867086,0.07054636626593273,0.022808860266856044,0.07680886026685604,0.00626249400092331,3483.924295832398,F4,5.831114470181784e-06,0.07696113920128636,-0.0001522789344303166,,,,
9,2023-07-10,2023-07-10,6419.25,0.0088262994961876,113.30399891754396,2741.8920752975805,0.0363554507902306,2676.186020229341,0.0313364664713541,4.551132373325653e-06,792.1041666666666,0.0128958333333333,0.0680625,0.0309556385458906,0.013363543900315,0.0077364949482343,25.754166666666663,22.475,0.0,792.1041666666666,28.354166666666668,19.90833333333333,2023-07-10,0.0313364664713541,829.9854509777136,3552.1828478538355,0.07126226974141635,0.02299183785616127,0.07699183785616127,0.005729568114744926,3467.059175804049,F4,5.522419550880482e-06,0.0781397959026357,-0.001147958046474426,,,,
10,2023-07-11,2023-07-11,6353.833333333333,0.0088716173333319,112.72519975822728,2747.408830017277,0.0353352365320313,2671.2112656813383,0.0319124857584635,5.282926855280288e-06,793.0958333333333,0.01275,0.0675625,0.0307282325694286,0.0136424394246215,0.0078979546501649,23.866666666666667,22.535416666666663,0.0,793.0958333333333,33.735416666666666,20.652083333333334,2023-07-11,0.0319124857584635,827.6790726413379,3559.329927663312,0.07056872061559265,0.022822935466033367,0.07682293546603336,0.006254214850440712,3460.6142694064183,F4,7.652346338567716e-06,0.07863845835320658,-0.0018155228871732237,,,,
11,2023-07-12,2023-07-12,6287.75,0.0089178888215799,112.13841300219164,2728.745464126512,0.0387516091580626,2638.4602136894664,0.0361366271972656,6.343379935942587e-06,792.8916666666668,0.0122083333333333,0.0674791666666666,0.0306903315733516,0.0136889220120059,0.0079248646004867,26.397916666666664,23.19375,0.0,792.8916666666668,36.72708333333333,21.03125,2023-07-12,0.0361366271972656,839.526183397865,3535.151117418492,0.07293610542044222,0.022794785067678718,0.07679478506767871,0.0038586796472364904,3418.1845449899056,F4,9.10835227172687e-06,0.08176643190678755,-0.004971646839108834,,,,
12,2023-07-13,2023-07-13,6422.333333333333,0.0088240135347563,113.3319159025833,2746.4031002623487,0.035561188207974,2657.6183450649346,0.0336380004882812,6.18397558526995e-06,792.1979166666666,0.0124583333333333,0.0673333333333333,0.0306240048302168,0.0137702665399286,0.0079719570135498,25.672727272727272,23.629166666666663,0.0,792.1979166666666,37.47083333333333,21.13125,2023-07-13,0.0336380004882812,833.5326830406392,3558.0269821472507,0.0706947725863294,0.022745521870558044,0.07674552187055804,0.006050749284228635,3443.0043350472815,F4,9.508457067686162e-06,0.07990778095465972,-0.0031622590841016845,,,,
13,2023-07-14,2023-07-14,6503.458333333333,0.0087689323340263,114.0449005866843,2747.854648270419,0.0353332664829875,2671.3545895586826,0.0319480895996093,5.304653048154265e-06,792.6104166666668,0.011625,0.0666875,0.0303302721106201,0.0141305065921578,0.0081805091285436,24.01707317073171,23.425,0.0,792.6104166666668,36.454166666666666,20.116666666666667,2023-07-14,0.0319480895996093,827.7119101497791,3559.9074952365722,0.07051289922886501,0.02252735628330954,0.07652735628330953,0.006014457054444519,3460.7999487128277,F4,8.590388881109412e-06,0.07859312540315469,-0.0020657691198451567,,,,
14,2023-07-15,2023-07-15,6364.854166666667,0.0088647515289947,112.8194362308115,2774.3848594810183,0.0305788021986129,2708.340662572428,0.0274772644042968,4.51969326781615e-06,794.6916666666666,0.0105833333333333,0.0661875,0.030102866134158,0.0144094021164642,0.0083419688304742,23.2625,23.516666666666666,0.0,794.6916666666666,33.77291666666667,18.175,2023-07-15,0.0274772644042968,831.7730224838414,3594.2779805161586,0.06725042375127781,0.022358453893181564,0.07635845389318156,0.009108030141903756,3508.716238107492,F4,6.747823012941198e-06,0.07523848709931423,0.001119966793867333,,,,
15,2023-07-16,2023-07-16,6319.416666666667,0.0088964059209104,112.41670051355383,2796.296625159483,0.026851191400136,2729.2468435094424,0.0251172383626302,4.557607487802126e-06,796.2062500000001,0.0100416666666666,0.0656875,0.029875460157696,0.0146882976407707,0.0085034285324049,23.451282051282053,23.66875,0.0,796.2062500000001,34.454166666666666,18.904166666666665,2023-07-16,0.0251172383626302,827.0328592290107,3622.6651657414513,0.06464117373548127,0.022189551503053663,0.07618955150305366,0.011548377767572393,3535.8006656849457,F4,7.274471663779196e-06,0.07342516909723831,0.0027643824058153493,,,,
16,2023-07-17,2023-07-17,6244.5625,0.0089496770578883,111.74844272980556,2782.304484112069,0.0292535274754726,2708.9938544685087,0.0274314880371093,5.013723418385682e-06,795.5083333333333,0.0098958333333333,0.0656875,0.029875460157696,0.0146882976407707,0.0085034285324049,24.176315789473687,24.422916666666666,0.0,795.5083333333333,29.88958333333333,21.804166666666664,2023-07-17,0.0274314880371093,835.6767160194383,3604.5380323355967,0.06629865462095182,0.022189551503053663,0.07618955150305366,0.009890896882101846,3509.5624628989485,F4,6.577056507504058e-06,0.07519315414926234,0.0009963973537913257,,,,
17,2023-07-18,2023-07-18,6342.229166666667,0.0088794932185298,112.62321487650996,2792.119998000848,0.027449278464577,2713.389214563894,0.0268084208170572,5.372569038253368e-06,793.9875000000001,0.0095625,0.0654166666666666,0.0297522819204458,0.01483936604977,0.0085908858709507,26.56279069767442,24.84375,0.0,793.9875000000001,29.37291666666667,22.6,2023-07-18,0.0268084208170572,840.1639121603187,3617.254251326385,0.06513274688485711,0.022098062708401086,0.07609806270840108,0.010965315823543972,3515.2567507528106,F4,6.628267140622037e-06,0.07478515759879525,0.0013129051096058275,,,,
18,2023-07-19,2023-07-19,6135.666666666667,0.0090279885694748,110.7729134596017,2762.4899312878024,0.0326856547312147,2637.291111568622,0.0363655090332031,8.79972008037642e-06,796.1104166666668,0.0108541666666666,0.0650625,0.0295912026871185,0.0150369170461538,0.0087052531598182,26.95909090909091,24.88125,0.0,796.1104166666668,49.27291666666667,21.48958333333333,2023-07-19,0.0363655090332031,855.6747984256643,3578.8678335285867,0.06869886449331945,0.021978423515393787,0.07597842351539379,0.007279559022074333,3416.669946899606,F4,1.727074548751901e-05,0.08190243075694324,-0.005924007241549456,,,,
19,2023-07-20,2023-07-20,5964.875,0.0091569834796567,109.21769407425845,2681.42947280533,0.0480714574182464,2549.1737684417985,0.0489463806152343,9.612638502680834e-06,796.4541666666668,0.0185416666666666,0.0630625,0.0286815787812705,0.0161524991433796,0.0093510919675408,23.666666666666668,23.210416666666664,6.8655996,796.4541666666668,59.60833333333333,19.972916666666663,2023-07-20,0.0489463806152343,874.729629520492,3473.8521865398716,0.07921771433213136,0.021302813954882177,0.07530281395488217,-0.003914900377249189,3302.5119471469784,F4,2.5671525716948925e-05,0.09128635141768614,-0.015983537462803968,,,,
20,2023-07-21,2023-07-21,6052.020833333333,0.0090906799750373,110.01315232194288,2718.2997567525777,0.0408130167969322,2602.872114867451,0.0411109924316406,8.230245978229361e-06,796.7395833333334,0.0271041666666666,0.0620833333333333,0.0430131097699878,0.0014239951572455,0.0008243869607133,23.08333333333333,22.10833333333333,0.0,796.7395833333334,57.34583333333333,19.1125,2023-07-21,0.0411109924316406,858.2447584385997,3521.618468594828,0.0742876621351586,0.031947344392678025,0.08594734439267802,0.011659682257519427,3372.079362600635,F4,2.222942217176266e-05,0.08539306791093938,0.0005542764817386414,,,,
21,2023-07-22,2023-07-22,6288.875,0.0089176932208199,112.14592059597146,2766.525142265468,0.0319982176561749,2680.0637361857803,0.0309003194173177,5.977964339246488e-06,796.2291666666666,0.0284375,0.0626875,0.0440148093876474,0.0026525008650162,0.0015356001144203,24.022916666666664,22.510416666666668,0.0,796.2291666666666,42.62708333333334,19.191666666666663,2023-07-22,0.0309003194173177,842.6956800671162,3584.0955401008005,0.0682049250003537,0.03269134181194191,0.08669134181194191,0.018486416811588205,3472.0828440342502,F4,1.1194283364275954e-05,0.07782246525227242,0.008868876559669489,,,,
22,2023-07-23,2023-07-23,6326.5625,0.0088905861632753,112.48357769083968,2771.3751387530624,0.0310532336502871,2697.778960924404,0.0286738077799479,5.053343336417481e-06,795.88125,0.020375,0.0641875,0.0403014486874833,0.001901643645712,0.0011009098011828,24.323809523809523,23.6875,0.0,795.88125,29.791666666666668,21.547916666666666,2023-07-23,0.0286738077799479,847.2403810716355,3590.3788196254022,0.06761475338417287,0.02993329865308262,0.08393329865308262,0.016318545268909745,3495.0333160930695,F4,6.465302266884381e-06,0.07619047905040409,0.00774281960267853,,,,
23,2023-07-24,2023-07-24,6260.479166666667,0.0089373246700075,111.89483123310976,2786.218924680947,0.0284441247440781,2696.209703604712,0.0288441975911458,6.1833373612703865e-06,796.9583333333334,0.0131666666666666,0.0651666666666666,0.0296385789322148,0.0149788138119233,0.008671615721916,26.026666666666667,24.120833333333334,0.0,796.9583333333334,35.52708333333333,22.004166666666663,2023-07-24,0.0288441975911458,845.3351374650715,3609.6092781271373,0.06583188435606922,0.022013611513337136,0.07601361151333713,0.010181727157267909,3493.000307943296,F4,8.955441706593632e-06,0.07632647790055978,-0.0003128663872226517,,,,
24,2023-07-25,2023-07-25,6240.291666666667,0.0089521342275859,111.71275661268726,2787.799854840004,0.0282128119549018,2685.8882527469327,0.0301195780436197,7.02968840022168e-06,796.6708333333332,0.0111041666666666,0.0655625,0.0298186086635805,0.0147580215218473,0.0085437934578876,27.14583333333333,24.54375,0.0,796.6708333333332,38.75208333333333,21.85625,2023-07-25,0.0301195780436197,843.7175890532039,3611.6574087028266,0.06564404990818172,0.022147325905521688,0.07614732590552169,0.010503275997339967,3479.6286362308015,F4,1.0499346627694054e-05,0.07727846985164964,-0.0011311439461279549,,,,
25,2023-07-26,2023-07-26,6154.6875,0.0090139295868151,110.94488888350118,2771.691031664503,0.0312149691206795,2666.657730987028,0.032636006673177,7.29244289209446e-06,796.7312499999999,0.0110625,0.0646041666666666,0.029382747208695,0.015292571276768,0.008853257886588,25.308333333333334,23.59583333333333,0.1408,796.7312499999999,43.01875,21.15,2023-07-26,0.032636006673177,838.5975130459387,3590.7880659965076,0.0675764458339851,0.02182359632444321,0.07582359632444322,0.008247150490458113,3454.7150628023505,F4,1.2577172893593187e-05,0.07904645490367367,-0.0032228585792304504,,,,
26,2023-07-27,2023-07-27,6165.145833333333,0.0090062196679669,111.0393563883271,2769.180904301476,0.0315032950044197,2658.681758544056,0.0335286458333333,7.695230106905903e-06,795.8395833333334,0.0105208333333333,0.0639791666666666,0.0290984897381175,0.0156411906821511,0.0090550825140013,24.43958333333333,22.84583333333333,0.3489,795.8395833333334,48.17083333333333,20.14583333333333,2023-07-27,0.0335286458333333,831.3246529146272,3587.536139545717,0.06788128703569944,0.02161246833678333,0.07561246833678333,0.007731181301083884,3444.3820111253235,F4,1.536876823432253e-05,0.07981711505455594,-0.0042046467177726116,,,,
27,2023-07-28,2023-07-28,6230.833333333333,0.0089585140743523,111.62977403160436,2764.472380233685,0.0322599281375271,2670.205365519454,0.0320536295572916,6.540641919182871e-06,795.4666666666667,0.0104166666666666,0.0638541666666666,0.029041638244002,0.0157109145632277,0.009095447439484,25.28333333333333,23.041666666666668,0.0,795.4666666666667,36.68125,21.99791666666667,2023-07-28,0.0320536295572916,824.2358901888624,3581.4361407226415,0.06845586577950342,0.021570242739251358,0.07557024273925136,0.0071143769597479395,3459.3111031243134,F4,9.504509485221184e-06,0.07872912425331038,-0.00315888151405902,,,,
28,2023-07-29,2023-07-29,6234.291666666667,0.0089563989003043,111.65920274356142,2791.3860974738823,0.0276144382382041,2697.7245071942307,0.0287106831868489,6.431285317657305e-06,796.6333333333333,0.0095,0.063875,0.0290511134930213,0.0156992939163816,0.0090887199519035,25.885416666666668,23.616666666666664,0.0174,796.6333333333333,36.59791666666667,21.852083333333336,2023-07-29,0.0287106831868489,833.0403260770895,3616.3034666885046,0.06521940221977275,0.021577280338840057,0.07557728033884006,0.010357878119067312,3494.962770060982,F4,9.400990416518013e-06,0.07619047905040409,-0.0006131987115640253,,,,
29,2023-07-30,2023-07-30,6160.041666666667,0.009010287292553,110.99200350115233,2768.168548400587,0.0316657990844626,2663.508954717579,0.0329297383626302,7.27752392165196e-06,796.8979166666667,0.0097708333333333,0.0638541666666666,0.029041638244002,0.0157109145632277,0.009095447439484,26.288636363636364,24.2375,0.0004,796.8979166666667,37.54166666666666,23.04375,2023-07-30,0.0329297383626302,834.3448733523034,3586.224609708544,0.06800452036862593,0.021570242739251358,0.07557024273925136,0.00756572237062543,3450.6357523302736,F4,1.0406751669118992e-05,0.07936378555403695,-0.003793542814785583,,,,
30,2023-07-31,2023-07-31,6172.354166666667,0.0090009760966101,111.1041822942222,2763.811022791044,0.0324524682944195,2636.0236468498483,0.0364723205566406,8.977990143328121e-06,796.2687500000001,0.0089791666666666,0.0633958333333333,0.0288331827655785,0.015966568793842,0.0092434521662537,25.66875,24.179166666666664,0.65999997,796.2687500000001,53.275,20.16875,2023-07-31,0.0364723205566406,838.2332181312362,3580.5793372819758,0.06853686018732973,0.02141541554830078,0.07541541554830078,0.006878555360971053,3415.0279178515448,F4,1.9519727769481703e-05,0.08203842960709894,-0.006623014058798157,,,,
31,2023-08-01,2023-08-01,6053.729166666667,0.0090899818741697,110.02634526769609,2739.2207253640427,0.0371823993635215,2590.753910587069,0.0428924560546875,1.0609205488051418e-05,795.8854166666666,0.0112291666666666,0.061625,0.0280277865989422,0.0169543237757607,0.0098152886105915,22.929166666666664,22.25625,2.0012,795.8854166666666,67.70208333333333,19.0875,2023-08-01,0.0428924560546875,845.9754011927135,3548.7220539371024,0.07159996979624954,0.020817219583264424,0.07481721958326443,0.003217249787014889,3356.3799564207293,F4,3.464635586446263e-05,0.08670772346244444,-0.011890503879180017,,,,
32,2023-08-02,2023-08-02,5931.617021276596,0.0091828362050314,108.91190018740444,2746.3096341873497,0.0356511204735191,2603.5449309989904,0.0409279681266622,1.0157220945561391e-05,795.68125,0.0166041666666666,0.0614375,0.027942509357769,0.0170589095973756,0.0098758359988154,23.666666666666668,22.14583333333333,8.9871,795.68125,66.86041666666667,19.13125,2023-08-02,0.0409279681266622,861.3616404361245,3557.9058947450662,0.07070649574566308,0.020753881186966496,0.07475388118696649,0.004047385441303411,3372.9510110304714,F4,3.3530649243659606e-05,0.0853477349608875,-0.010593853773921011,,,,
33,2023-08-03,2023-08-03,5429.125,0.0096097585680562,104.15447789598568,2470.943385752992,0.1008273264787869,2349.8117995171087,0.0879720052083333,9.563815367199512e-06,794.9833333333332,0.1779574468085106,0.0642291666666666,0.1262324656145093,0.1034859824532621,0.0599106634014839,22.60833333333333,22.70833333333333,12.2318,794.9833333333332,69.60833333333333,17.383333333333333,2023-08-03,0.0879720052083333,908.587769968876,3201.1627269964874,0.11313930751583699,0.09375727712060189,0.14775727712060188,0.03461796960476489,3044.234032815943,F4,3.413310744811838e-05,0.11866745324903256,0.029089823871569317,,,,
34,2023-08-04,2023-08-04,5437.208333333333,0.0095912808523731,104.27406791014498,2457.9226516433096,0.101549827718646,2359.33644689388,0.083563486735026,7.751920118234972e-06,794.5479166666668,0.1773749999999999,0.0673541666666666,0.1273362099293393,0.1048396379471678,0.0606943289447238,20.197916666666668,19.95625,1.3836,794.5479166666668,58.07291666666666,17.352083333333333,2023-08-04,0.083563486735026,887.1884050094634,3184.294073125106,0.11563113176978333,0.09457706671349336,0.14857706671349336,0.03294593494371002,3056.5734276989274,F4,2.084409005380867e-05,0.11712613294726802,0.031450933766225334,,,,
35,2023-08-05,2023-08-05,5557.416666666667,0.0094863633435476,105.42274945633832,2532.0787512846937,0.0813857037823476,2442.805766808177,0.066663106282552,6.770406766536295e-06,794.5770833333332,0.1456666666666666,0.0723125,0.1123043148698864,0.0864042022600754,0.0500215870339252,21.95,21.147916666666667,0.0,794.5770833333332,45.958333333333336,18.7875,2023-08-05,0.066663106282552,883.941419358827,3280.3649679582936,0.1021247790238174,0.08341235133004497,0.13741235133004498,0.035287572306227574,3164.709808847121,F4,1.289300764657961e-05,0.10470490463304795,0.03270744669699703,,,,
36,2023-08-06,2023-08-06,5646.645833333333,0.0094114225513914,106.26453204740416,2577.032536824639,0.0704749643964094,2485.8368048524067,0.0590565999348958,6.800319194711332e-06,794.0500000000001,0.1253333333333333,0.0762291666666666,0.1030001713949604,0.0749934028913282,0.0434155854874682,22.360416666666666,21.6375,0.0,794.0500000000001,51.364583333333336,17.908333333333335,2023-08-06,0.0590565999348958,880.451210637136,3338.6036081220436,0.0946809146749296,0.07650183782702574,0.13050183782702574,0.03582092315209613,3220.4574863881744,F4,1.587102505693871e-05,0.0989929529265088,0.03150888490051694,,,,
37,2023-08-07,2023-08-07,5759.958333333333,0.0093183490845574,107.3256236506282,2610.199120589918,0.0629813964226172,2531.6114485858416,0.0516090393066406,5.755648629582478e-06,793.9854166666668,0.1103958333333333,0.079625,0.0964008905319006,0.0668999045366087,0.0387300537451469,22.9625,22.1375,0.0,793.9854166666668,40.90208333333333,18.59583333333333,2023-08-07,0.0516090393066406,863.2609333193411,3381.5716632961867,0.08950801721070357,0.07160032060114764,0.12560032060114762,0.036092303390444044,3279.7595668024373,F4,9.955591173663957e-06,0.09332633417002155,0.03227398643112607,,,,
38,2023-08-08,2023-08-08,5960.270833333333,0.0091608750121999,109.17407276827056,2650.9991694956684,0.0542222379878909,2580.78279134594,0.0442530314127604,5.050747610011903e-06,792.3249999999999,0.0959375,0.0803958333333333,0.0888689642316393,0.0576625899891612,0.0333823377601757,21.46666666666667,21.0875,0.0,792.3249999999999,37.49166666666667,17.966666666666665,2023-08-08,0.0442530314127604,861.5001967137204,3434.429044234083,0.08348434717619845,0.06600609491643299,0.12000609491643298,0.036521747740234534,3343.4621471964547,F4,8.093126571333811e-06,0.08775038131363809,0.03225571360279489,,,,
39,2023-08-09,2023-08-09,6014.666666666667,0.0091190792552817,109.6722392096638,2662.424028922877,0.0518271948660002,2594.3186279456963,0.0422693888346354,4.87097007236124e-06,791.6895833333333,0.0835208333333333,0.0807291666666666,0.0822511499647538,0.0495463618739596,0.0286836471822599,21.4125,20.4625,0.0,791.6895833333333,42.89791666666667,15.46875,2023-08-09,0.0422693888346354,854.8944498040357,3449.2302065635913,0.08186066892327439,0.06109081228187008,0.11509081228187008,0.0332301433585957,3360.9981279282233,F4,9.144128080768702e-06,0.08629972691197736,0.02879108536989272,,,,
40,2023-08-10,2023-08-10,6145.75,0.0090202833849042,110.86511142266797,2688.283836426222,0.0465345697444613,2609.967022288876,0.0399640401204427,5.557566572686753e-06,791.3770833333333,0.0690625,0.0829166666666666,0.0753635405978014,0.0410992513120471,0.0237934003527589,23.647916666666664,22.125,0.0,791.3770833333333,38.63958333333333,18.216666666666665,2023-08-10,0.0399640401204427,848.6000817713351,3482.7321687632575,0.07828185419082094,0.05597514336918439,0.10997514336918439,0.03169328917836345,3381.270974727367,F4,8.70106491689721e-06,0.08466774071010902,0.02530740265907537,,,,
41,2023-08-11,2023-08-11,5979.25,0.0091454477138393,109.3512748968101,2666.989085241255,0.0508460134603432,2555.313596719325,0.0478795369466145,8.095016505389938e-06,793.5541666666667,0.0567708333333333,0.0825833333333333,0.0685106668681844,0.0326947412742609,0.0189278160485696,22.27916666666667,21.402083333333334,0.6344,793.5541666666667,60.05625,17.008333333333333,2023-08-11,0.0478795369466145,844.953209734593,3455.1443396907566,0.08121929588665235,0.050885273831958594,0.1048852738319586,0.023665977945306255,3310.466232763355,F4,2.2293813794526763e-05,0.09060635716690767,0.014278916665050934,,,,
42,2023-08-12,2023-08-12,6049.791666666667,0.0090917144034281,109.99548481833132,2686.952073685618,0.0468130096487961,2571.8577847204647,0.0453834533691406,8.287710320465528e-06,794.2208333333333,0.0496666666666666,0.0826041666666666,0.0646470353661013,0.027956301457221,0.0161846128997269,23.85625,22.214583333333334,0.0,794.2208333333333,55.80416666666667,18.12708333333333,2023-08-12,0.0453834533691406,841.1458207017552,3481.006840181872,0.07846297973573486,0.04801561928097392,0.10201561928097393,0.023552639545239062,3331.8996003925095,F4,1.967778939978154e-05,0.08874770621477984,0.013267913066194084,,,,
43,2023-08-13,2023-08-13,6156.354166666667,0.0090129267453967,110.95900131158923,2712.1823026789853,0.0419211146860744,2608.83221625732,0.0401649475097656,7.342423381813947e-06,794.4791666666666,0.043,0.0809583333333333,0.0602639037130739,0.0225807356102103,0.0130725613115012,23.660416666666663,21.65833333333333,0.5475,794.4791666666666,52.675,18.125,2023-08-13,0.0401649475097656,840.0983347579655,3513.6931692628364,0.0750882558935518,0.044760113757506305,0.0987601137575063,0.02367185786395451,3379.8008079920496,F4,1.7065395594976963e-05,0.08480373956026471,0.013956374197241592,,,,
44,2023-08-14,2023-08-14,6125.145833333333,0.0090362993753244,110.67561450603591,2717.071475463662,0.0410383330254729,2631.775760316858,0.0370648701985677,6.003309606574062e-06,796.5833333333334,0.0358958333333333,0.0802083333333333,0.0560496879972786,0.0174123318598646,0.0100804411221821,24.440425531914894,22.679166666666664,0.0,796.5833333333334,44.40208333333334,18.03333333333333,2023-08-14,0.0370648701985677,835.2880187403223,3520.027202561371,0.07444786628096724,0.04163006802174116,0.09563006802174116,0.021182201740773926,3409.5246853144,F4,1.1475959971453903e-05,0.08244642615756602,0.013183641864175144,,,,
45,2023-08-15,2023-08-15,6064.1875,0.0090812781865456,110.12482955363376,2725.133863434326,0.0394285318439661,2634.480489808682,0.0366401672363281,6.374550819765019e-06,798.3291666666668,0.0308541666666666,0.078625,0.0525809126678075,0.0131581520477707,0.0076175883886068,22.575,22.87708333333333,0.0,798.3291666666668,43.36666666666667,19.125,2023-08-15,0.0366401672363281,839.3450230193444,3530.472207497981,0.07340121742006388,0.039053686991305604,0.0930536869913056,0.019652469571241726,3413.0287231995885,F4,1.1569276398865122e-05,0.08217442845725463,0.010879258534050973,,,,
46,2023-08-16,2023-08-16,6174.583333333333,0.0089996938545977,111.1228289870174,2733.6818750893367,0.0378376959598027,2631.2086773982405,0.0370686848958333,7.212470161075767e-06,796.4875000000001,0.0265,0.0775416666666666,0.0497143600971631,0.009642551030682,0.005582317676616,25.79787234042553,23.73958333333333,0.0,796.4875000000001,43.80625,20.42708333333333,2023-08-16,0.0370686848958333,833.8449561337341,3541.546348839189,0.0723040827393233,0.03692459791395664,0.09092459791395664,0.01862051517463334,3408.7900166398113,F4,1.2626259802793444e-05,0.08249175910761791,0.00843283880633873,,,,
47,2023-08-17,2023-08-17,6240.729166666667,0.0089520430078144,111.71575632769832,2745.886035659014,0.0357214275776853,2638.139287569425,0.0362459818522135,7.56400493138211e-06,795.1666666666666,0.0247708333333333,0.0748333333333333,0.0475398567265917,0.0069756938659012,0.0040384063356653,23.327272727272728,22.22083333333333,1.2965,795.1666666666666,47.275,20.20833333333333,2023-08-17,0.0362459818522135,836.4244152413521,3557.3571133250075,0.07075964495386781,0.035309518036352544,0.08930951803635255,0.018549873082484736,3417.7687779838625,F4,1.477267330003066e-05,0.08181176485683944,0.007497753179513109,,,,
48,2023-08-18,2023-08-18,6248.916666666667,0.0089455820082804,111.79149020453332,2754.353444697312,0.0340777554036699,2628.592684861282,0.03741455078125,8.859587896867546e-06,794.4104166666666,0.0232083333333333,0.0742291666666666,0.0464132181814772,0.0055939604012309,0.0032384857420736,24.9,23.23333333333333,0.0,794.4104166666666,54.35208333333333,19.641666666666666,2023-08-18,0.03741455078125,837.9148900375629,3568.3268321635364,0.06970297419352965,0.03447272409610243,0.08847272409610242,0.01876974990257277,3405.4009394753175,F4,1.9966930682417944e-05,0.0827637568079293,0.00570896728817312,,,,
49,2023-08-19,2023-08-19,6184.270833333333,0.0089924210773315,111.21088161615285,2737.875063503737,0.0371369447228225,2623.183170717214,0.0382054646809895,8.098388873401712e-06,794.5416666666666,0.0244166666666666,0.0723958333333333,0.046238165158,0.005379271651517,0.003114196972568,23.13636363636364,22.18541666666667,0.7998,794.5416666666666,53.06875,19.57708333333333,2023-08-19,0.0382054646809895,835.869481091398,3546.9787187335564,0.07177054652886321,0.03434270607931844,0.08834270607931845,0.01657215955045524,3398.3927922433754,F4,1.8768881681205123e-05,0.08330775220855208,0.0050349538707663705,,,,
50,2023-08-20,2023-08-20,6278.770833333333,0.0089244164104625,112.0576695504118,2781.454420178943,0.0293389725061714,2693.9500537815074,0.0291760762532552,6.022578417710823e-06,794.4479166666666,0.0219583333333333,0.0721666666666666,0.0447936834697264,0.0036077285985601,0.0020886057086027,23.58292682926829,23.20833333333333,0.0,794.4479166666666,41.04166666666666,20.68125,2023-08-20,0.0291760762532552,839.6477908998089,3603.4367553925567,0.06640033757423357,0.03326983889508168,0.08726983889508168,0.02086950132084811,3490.072880778508,F4,1.1149575103236668e-05,0.07650780970076737,0.010762029194314307,,,,
51,2023-08-21,2023-08-21,6249.895833333333,0.0089457059011332,111.79679759750331,2789.769239538867,0.0279003046625,2717.403835015172,0.0264180501302083,4.937109754007004e-06,796.3000000000001,0.0191458333333333,0.0715,0.0325190546340669,0.0114461371707081,0.006626459497461,23.15128205128205,23.33333333333333,0.0,796.3000000000001,29.86875,21.191666666666663,2023-08-21,0.0264180501302083,837.2030184201044,3614.2087908710573,0.06541060727248237,0.024153041788290634,0.07815304178829063,0.012742434515808268,3520.4577818350153,F4,6.385077310032569e-06,0.07442249399838007,0.0037305477899105682,,,,
52,2023-08-22,2023-08-22,6176.395833333333,0.0089979462746986,111.1409013492277,2781.4677572880887,0.0292624289845202,2690.40532694477,0.0295422871907552,6.270148137519207e-06,797.1125000000001,0.01775,0.0709166666666666,0.0322537476615279,0.011771515282399,0.0068148291497135,26.1125,23.866666666666664,0.0,797.1125000000001,35.88125,20.714583333333334,2023-08-22,0.0295422871907552,834.6201074639259,3603.4540339174023,0.06639874133509734,0.02395598899980808,0.07795598899980807,0.011557247664710738,3485.480607441703,F4,8.587165078547904e-06,0.07687047330118256,0.0010855156986255138,,,,
53,2023-08-23,2023-08-23,6150.520833333333,0.0090180092517022,110.90313161586693,2789.027101299442,0.0280994566473916,2671.8270608676,0.0319442749023437,8.125309952280756e-06,796.8249999999999,0.01775,0.0695416666666666,0.0316283812262573,0.0125384779742417,0.0072588433300228,24.80652173913043,23.14375,1.0366,796.8249999999999,54.05,18.99375,2023-08-23,0.0319442749023437,876.6889383714939,3613.247334091422,0.06549850636259037,0.023491507426956278,0.07749150742695628,0.011993001064365905,3461.4120459192636,F4,1.904474872282857e-05,0.07854779245310278,-0.0010562850261465057,,,,
54,2023-08-24,2023-08-24,5670.25,0.0093937695896508,106.47893061693036,2565.891153086203,0.0734045245482345,2428.272480236919,0.0696525573730468,1.0506105975755688e-05,795.2937499999999,0.1000625,0.068375,0.0856506462417203,0.0537155763831519,0.0310973113441826,22.49090909090909,22.57708333333333,10.415,795.2937499999999,76.36041666666667,17.339583333333334,2023-08-24,0.0696525573730468,916.3364706186424,3324.1696949226207,0.09647782648214169,0.06361573733152677,0.11761573733152676,0.021137910849385072,3145.8816092449306,F4,4.4626166772321894e-05,0.10669955443533147,0.010916182896195295,,,,
55,2023-08-25,2023-08-25,5657.520833333333,0.009402031723218,106.36812055861664,2578.2120393322616,0.0702267553020499,2426.1704778619664,0.0697708129882812,1.1608880838691482e-05,796.0729166666666,0.1008541666666666,0.0676875,0.0857695702280202,0.0538614272883381,0.0311817481372657,20.641666666666666,21.339583333333334,5.1161,796.0729166666666,87.0,15.791666666666666,2023-08-25,0.0697708129882812,905.8038207771511,3340.131680147316,0.09449246730885004,0.06370406634487154,0.11770406634487153,0.02321159903602149,3143.1584178947955,F4,6.0816658000263226e-05,0.10701688508569475,0.010687181259176781,,,,
56,2023-08-26,2023-08-26,5610.020833333333,0.0094416748124222,105.92092948925404,2563.8164502245418,0.0736005253664611,2430.8102297437576,0.0688654581705729,1.0136083057448215e-05,796.65625,0.1105,0.0674166666666666,0.0909051850281904,0.0601598544652016,0.0348280675865907,21.55,20.585416666666667,5.619,796.65625,73.05208333333333,17.447916666666668,2023-08-26,0.0688654581705729,901.3836559134328,3321.481870705912,0.09681584701492109,0.06751846747900321,0.1215184674790032,0.024702620464082115,3149.1693208042425,F4,3.938851847811605e-05,0.10638222378496819,0.015136243694035018,,,,
57,2023-08-27,2023-08-27,5610.229166666667,0.0094434492292854,105.91557914055048,2546.370527890341,0.0781225241201382,2421.750172581533,0.0709190368652343,9.543534858613996e-06,796.5166666666668,0.1243958333333333,0.069,0.0992011461911468,0.0703341976120507,0.0407182532247989,22.31875,21.922916666666666,3.3292,796.5166666666668,67.2,18.241666666666667,2023-08-27,0.0709190368652343,904.2663468857064,3298.8802859685507,0.09970154881186676,0.07368016863845242,0.12768016863845244,0.027978619826585685,3137.4318129926937,F4,3.242724810762781e-05,0.10765154638642133,0.020028622252031114,,,,
58,2023-08-28,2023-08-28,5842.166666666667,0.0092530399888994,108.08692023060138,2626.254622657608,0.0596977528164132,2511.9539313396467,0.05511474609375,8.455874612012267e-06,796.0041666666666,0.1159166666666666,0.0695625,0.0948342375988348,0.0649785280716122,0.03761772011374,23.05,21.866666666666664,0.074099995,796.0041666666666,55.12916666666666,19.441666666666663,2023-08-28,0.05511474609375,892.294630401256,3402.3719273081606,0.08709448785119255,0.07043671255085562,0.12443671255085563,0.037342224699663085,3254.292811118501,F4,2.047209379123074e-05,0.09568364757272024,0.028753064978135387,,,,
59,2023-08-29,2023-08-29,5894.270833333333,0.0092116252154928,108.56951577831772,2661.8510494114203,0.051917975855328,2574.4130954800075,0.0450998942057291,6.2986356482707565e-06,797.2979166666668,0.0990208333333333,0.0701041666666666,0.0858691876946139,0.0539836002672896,0.0312524771775203,21.70625,21.454166666666666,0.012,797.2979166666668,47.82916666666667,17.5,2023-08-29,0.0450998942057291,875.680596743199,3448.487898720367,0.08194146664334438,0.06377805572926651,0.11777805572926651,0.03583658908592213,3335.2100629496467,F4,1.3135310936904114e-05,0.08847570851446847,0.029302347214798047,,,,
60,2023-08-30,2023-08-30,6099.583333333333,0.0090547901394606,110.4461389388743,2690.003325015389,0.0462886346741253,2607.660938563459,0.0403340657552083,5.846875729553378e-06,794.7208333333333,0.0867291666666666,0.0709583333333333,0.0795564031590942,0.0462414670997313,0.0267703596654163,21.822916666666668,21.495833333333334,0.0,794.7208333333333,40.60625,18.504166666666663,2023-08-30,0.0403340657552083,860.0321269330157,3484.95980490129,0.07804849726455894,0.05908932936859452,0.11308932936859452,0.03504083210403558,3378.283391397979,F4,9.760873878476912e-06,0.08489440546036851,0.028194923908226005,,,,
61,2023-08-31,2023-08-31,6269.5,0.0089309866866742,111.97502251753764,2710.897507729733,0.0421937987237001,2631.4648930700614,0.0370814005533854,5.590868061488791e-06,791.8541666666666,0.075,0.0716666666666666,0.0734839601569199,0.0387940938984582,0.0224588861836024,22.558333333333334,21.5375,0.0,791.8541666666666,37.3625,19.691666666666663,2023-08-31,0.0370814005533854,865.3909645770206,3512.0286885114388,0.07525725882232491,0.05457911308958622,0.10857911308958622,0.03332185426726131,3409.1219498048663,F4,8.811576101062476e-06,0.08249175910761791,0.026087353981968306,,,,
62,2023-09-01,2023-09-01,6307.916666666667,0.008903744161235,112.31758328246332,2723.067919871981,0.0398054191986928,2645.095436875238,0.0352401733398437,5.461387117421769e-06,792.3979166666667,0.059625,0.0726666666666666,0.0655565058860506,0.0290716954387196,0.0168303428024776,22.98958333333333,21.977083333333336,0.0,792.3979166666667,35.329166666666666,19.227083333333333,2023-09-01,0.0352401733398437,849.4747928115048,3527.79573115053,0.07366831196048641,0.04869111491640183,0.10269111491640183,0.029022802955915417,3426.780625851193,F4,7.74498351708663e-06,0.08113177060606097,0.02155934431034086,,,,
63,2023-09-02,2023-09-02,6152.333333333333,0.0090156338902327,110.9237446173032,2730.1770621882943,0.0385143437739355,2623.648396456012,0.0381075541178385,7.52005089934003e-06,795.4729166666666,0.0471458333333333,0.0727916666666666,0.0588098648760304,0.0207974714668118,0.0120401844106071,22.48333333333333,21.485416666666666,0.0,795.4729166666666,52.62916666666666,18.20208333333333,2023-09-02,0.0381075541178385,842.3636317287364,3537.005784903729,0.0727523751757939,0.04368014814386518,0.09768014814386518,0.024927772968071277,3398.995502650771,F4,1.7101887309747945e-05,0.08326241925850018,0.014417728885364994,,,,
64,2023-09-03,2023-09-03,6129.916666666667,0.0090325729030665,110.71955407957309,2735.930718032927,0.0374294221426228,2618.8496832218143,0.0387496948242187,8.281515620461142e-06,794.61875,0.0390208333333333,0.072875,0.054418112989615,0.0154113335823031,0.0089220124013833,22.161702127659574,21.433333333333334,0.0,794.61875,58.21875,17.427083333333332,2023-09-03,0.0387496948242187,850.6173812063425,3544.4597754483934,0.07201756424828411,0.04041824007088964,0.09441824007088964,0.022400675822605534,3392.7786617342895,F4,2.1069767793315208e-05,0.08376108170907105,0.010657158361818589,,,,
65,2023-09-04,2023-09-04,6495.833333333333,0.0087751024517122,113.97361020343529,2752.416462058039,0.0344276843999527,2649.718990556497,0.0347201029459635,7.191692106990753e-06,788.1875,0.0355416666666666,0.0715,0.0518959464738926,0.0123180949448035,0.0071312579973712,20.67708333333333,19.95,1.3689,788.1875,55.85208333333333,16.052083333333332,2023-09-04,0.0347201029459635,851.8598605931678,3565.817427592217,0.06994363362815949,0.03854493858851958,0.09254493858851957,0.022601304960360086,3432.7705436275573,F4,1.7462879690879016e-05,0.080678441105542,0.011866497482977578,,,,
66,2023-09-05,2023-09-05,6448.875,0.0088061033260576,113.56471885338868,2758.2017555168627,0.0334308184961882,2677.1400602378603,0.031256357828776,5.614368803433814e-06,791.4291666666667,0.031375,0.071,0.049396923634614,0.0092532402041417,0.0053569357520839,20.63478260869565,19.72083333333333,0.0,791.4291666666667,54.66041666666666,13.891666666666666,2023-09-05,0.031256357828776,841.5829855969372,3573.3124053775855,0.06922669623496151,0.036688826725914676,0.09068882672591468,0.021462130490953163,3468.2951560911506,F4,1.4320768640495873e-05,0.0780944629525838,0.012594363773330869,,,,
67,2023-09-06,2023-09-06,6451.8125,0.008804229438968,113.59000536798364,2777.531307537244,0.0300433241187304,2714.76087887731,0.0267410278320312,4.286181715141976e-06,793.9604166666667,0.0271041666666666,0.0709791666666666,0.0470590411012077,0.0063860113605313,0.0036970241575629,21.75,20.322916666666668,0.0,793.9604166666667,35.083333333333336,16.558333333333334,2023-09-06,0.0267410278320312,841.1014380542232,3598.354274735644,0.06687109419590724,0.03495239941703705,0.08895239941703705,0.022081305221129804,3517.033772719148,F4,6.585005435409788e-06,0.07469449169869145,0.014257907718345592,,,,
68,2023-09-07,2023-09-07,6493.958333333333,0.0087755000395942,113.9608949545313,2785.7878292751734,0.0285954435064097,2726.749823584071,0.0253346761067708,4.011944299570964e-06,794.3125,0.0232291666666666,0.0706041666666666,0.0447758829364417,0.0035858976460909,0.0020759672157932,21.99111111111112,20.479166666666668,0.0,794.3125,32.35,16.754166666666666,2023-09-07,0.0253346761067708,842.7714902678864,3609.050784333755,0.06588317172925053,0.03325661781503746,0.08725661781503746,0.021373446085786937,3532.56572021442,F4,5.768555408207324e-06,0.0736518338474978,0.013604783967539669,,,,
69,2023-09-11,2023-09-11,6033.020833333333,0.0091081718230455,109.82739877123066,2661.3449838291303,0.0526379451824707,2553.838468677994,0.0487518310546875,7.821629591291787e-06,794.8104166666667,0.0393333333333333,0.0676666666666666,0.0522196719995136,0.0127151188120041,0.0073611051970241,20.185106382978724,19.56875,3.4543,794.8104166666667,68.45416666666667,14.754166666666668,2023-09-11,0.0487518310546875,900.5933708772618,3447.832279377252,0.08201288378867912,0.03878538088415967,0.09278538088415968,0.01077249709548056,3308.555171210637,F4,2.7627533955580693e-05,0.09078768896711525,0.0019976919170444224,,,,
70,2023-09-12,2023-09-12,6195.479166666667,0.008984673224253,111.30999676109292,2684.840062512736,0.0472691217001233,2608.417199425556,0.040204366048177,5.427637993470852e-06,793.3166666666666,0.0523125,0.0665,0.0587651445821094,0.0207426255475696,0.0120084327150753,17.84,18.31875,0.86259997,793.3166666666666,53.22083333333333,13.570833333333333,2023-09-12,0.040204366048177,865.9836494509597,3478.270682208925,0.07875091956667261,0.04364693281396051,0.09764693281396052,0.0188960132472879,3379.263144352899,F4,1.3101588317519359e-05,0.0848490725103166,0.01279786030364391,,,,
71,2023-09-13,2023-09-13,6285.458333333333,0.0089199665684494,112.11607161538537,2724.950225023684,0.0395760723015817,2637.020168695188,0.0363985697428385,6.181641915206273e-06,791.3562499999999,0.0530833333333333,0.0663333333333333,0.0591095917095765,0.0211650628278265,0.0122529923849527,17.082222222222224,18.352083333333333,0.0,791.3562499999999,58.208333333333336,12.63125,2023-09-13,0.0363985697428385,867.8717707165085,3530.2342998070235,0.07342492839864,0.04390276576965948,0.09790276576965948,0.02447783737101948,3416.318934313651,F4,1.5264451361752104e-05,0.08194776370699514,0.015955002062664342,,,,
72,2023-09-14,2023-09-14,6204.583333333333,0.0089779037260963,111.39249950035662,2709.3583694764625,0.0425233346384808,2607.5275619298795,0.0403925577799479,7.236613230028991e-06,792.0791666666668,0.0502708333333333,0.0648541666666666,0.0569035076468085,0.0184594744307133,0.0106866585499754,14.941666666666668,15.970833333333331,1.5503,792.0791666666668,75.91666666666667,10.935416666666669,2023-09-14,0.0403925577799479,901.2317935024228,3510.034700289583,0.07546011432696083,0.042264229804942426,0.09626422980494242,0.020804115477981597,3378.1105989695775,F4,2.7658080929443572e-05,0.0849397384104204,0.011324491394522018,,,,
73,2023-09-15,2023-09-15,5578.541666666667,0.0094682583045871,105.62341634554107,2464.2450328953896,0.0995297612521477,2356.270067313633,0.0839398701985677,8.487522862009155e-06,794.38125,0.1640208333333333,0.0648958333333333,0.1189375984997405,0.0945394023309086,0.0547312609587733,15.079166666666666,15.727083333333333,7.3341,794.38125,89.84791666666666,10.358333333333333,2023-09-15,0.0839398701985677,932.9038576841682,3192.484860225577,0.11441443253092658,0.0883391236027423,0.1423391236027423,0.027924691071815735,3052.6008639907877,F4,4.423511631024268e-05,0.11762479539783889,0.02471432820490342,,,,
74,2023-09-16,2023-09-16,5284.583333333333,0.0097284464452168,102.80139718782824,2358.3150517871773,0.1322262844270428,2275.896752946235,0.1025911966959635,6.712724722850478e-06,796.8104166666667,0.237375,0.080625,0.1660832263791609,0.1523598027036531,0.0882049591578026,13.848936170212763,14.470833333333331,1.9641999,796.8104166666667,76.10416666666667,10.458333333333334,2023-09-16,0.1025911966959635,914.6784834317408,3055.2501873673336,0.1366585516839025,0.12335583405514057,0.17735583405514055,0.04069728237123804,2948.475427656811,F4,2.6646980270429135e-05,0.13163267696387537,0.045723157091265176,,,,
75,2023-09-17,2023-09-17,5473.083333333333,0.0095592474617829,104.6195229233048,2421.8384771228093,0.1118365207918368,2356.57253594748,0.0838127136230468,5.129183446517866e-06,796.3333333333334,0.1834791666666666,0.1017708333333333,0.1463172400131671,0.1281183767888897,0.0741709820536347,14.953191489361702,15.179166666666667,0.0,796.3333333333334,51.72708333333333,12.622916666666669,2023-09-17,0.0838127136230468,901.6150537112665,3137.546213511859,0.12283001718761762,0.1086749431111431,0.1626749431111431,0.039844925923525495,3052.9927189083633,F4,1.1376427610186593e-05,0.11757946244778701,0.0450954806633561,,,,
76,2023-09-18,2023-09-18,5531.395833333333,0.0095093179722797,105.17323172769284,2463.9062557955885,0.0995664407126203,2388.7332718403345,0.0771255493164062,5.8317563413410575e-06,794.1958333333333,0.1578541666666666,0.1101666666666666,0.1361653216616027,0.1156678482872831,0.0669630549069101,15.0625,15.8375,0.0,794.1958333333333,56.24791666666667,12.422916666666666,2023-09-18,0.0771255493164062,901.376781779718,3192.045966873792,0.11447930227605528,0.10113475748964049,0.1551347574896405,0.040655455213585226,3094.657675542572,F4,1.3757166334821143e-05,0.11250217204197442,0.042632585447666085,,,,
77,2023-09-19,2023-09-19,5353.291666666667,0.0096655017099342,103.46865156164796,2400.089629046815,0.1185516141733772,2314.5765751778727,0.0932388305664062,6.845896247520159e-06,792.3729166666667,0.1809999999999999,0.1129166666666666,0.1500348862050901,0.132677777117823,0.0768105346958749,12.914583333333333,13.658333333333331,3.4726999,792.3729166666667,78.04791666666667,9.914583333333333,2023-09-19,0.0932388305664062,896.0495669297271,3109.370091704533,0.12739019592820527,0.11143616925495387,0.16543616925495386,0.03804597332674858,2998.5860072551513,F4,2.72516339284469e-05,0.1246060697058312,0.04083009954912266,,,,
78,2023-09-20,2023-09-20,5487.75,0.0095478628307674,104.75448255850712,2430.200687875504,0.10945571992434,2362.0230285868697,0.0828348795572916,5.354929692595362e-06,791.0166666666668,0.1628333333333333,0.1166041666666666,0.141807755759617,0.1225878494262735,0.0709692193085785,12.797872340425531,13.197916666666666,0.0011,791.0166666666668,57.825,11.829166666666666,2023-09-20,0.0828348795572916,891.9816391901244,3148.379645605512,0.12112201608050562,0.1053255910821474,0.1593255910821474,0.038203575001641774,3060.0539547025883,F4,1.4054411791512328e-05,0.11667280344674903,0.042652787635398356,,,,
79,2023-09-21,2023-09-21,5624.791666666667,0.0094308497370269,106.05441503185774,2444.691033624407,0.1053745352982414,2376.3247662645704,0.0799395243326823,5.337202402288448e-06,788.8479166666666,0.1643958333333333,0.1181041666666666,0.1433418300125592,0.1244692707053262,0.0720584218681292,15.725,15.166666666666666,2.4747999,788.8479166666666,49.15416666666667,13.86875,2023-09-21,0.0799395243326823,908.7344342600388,3167.1522144066153,0.11821970234883424,0.10646500180470998,0.16046500180470996,0.042245299455875726,3078.582177505712,F4,1.1083848515203084e-05,0.11445148889420603,0.04601351291050393,,,,
80,2023-09-22,2023-09-22,5739.4375,0.0093347706902821,107.13511312768988,2469.42219212804,0.0979575828785516,2418.339297746182,0.0712636311848958,3.917909335315245e-06,789.3000000000001,0.1606875,0.1188958333333333,0.1416801504673839,0.1224313515829217,0.0708786187325986,13.74255319148936,14.354166666666666,0.1261,789.3000000000001,46.175,11.375,2023-09-22,0.0712636311848958,898.4943602714636,3199.1919864441875,0.11342764238238297,0.10523081415857459,0.1592308141585746,0.04580317177619163,3133.0129479339753,F4,7.888063642876832e-06,0.10815020883699221,0.05108060532158239,,,,
81,2023-09-23,2023-09-23,5796.270833333333,0.0092893494425061,107.6625017520832,2509.380151122134,0.0872799051853535,2464.107594111784,0.0629018147786458,3.4070930426186046e-06,791.7104166666667,0.1399999999999999,0.1168541666666666,0.1294729983396129,0.107460240682799,0.0622114624219493,14.19375,14.279166666666669,0.0,791.7104166666667,35.5,12.370833333333332,2023-09-23,0.0629018147786458,891.4411924617182,3250.958420963191,0.10608789998389899,0.09616413436803727,0.15016413436803727,0.04407623438413828,3192.3068051904597,F4,5.027696591222351e-06,0.10180359582972648,0.04836053853831079,,,,
82,2023-09-24,2023-09-24,5879.979166666667,0.0092221191636155,108.44053871084157,2545.5156916233123,0.0780014209338931,2504.269568595672,0.0559158325195312,3.0513303891532947e-06,793.7020833333332,0.123625,0.1135833333333333,0.1190579299727213,0.0946869794076841,0.0548166970764279,13.575,13.922916666666666,0.0,793.7020833333332,37.81458333333333,10.033333333333331,2023-09-24,0.0559158325195312,871.7010955577817,3297.7728263596114,0.0998449679775595,0.08842849800578251,0.1424284980057825,0.042583530028223,3244.337546364737,F4,4.594903103096489e-06,0.0966356395238101,0.0457928584819724,,,,
83,2023-09-25,2023-09-25,5631.833333333333,0.0094254012769117,106.1189452164872,2582.5369612175377,0.0693310717268494,2538.117975814163,0.0505867004394531,3.2391703978127225e-06,796.9125,0.1105208333333333,0.1094166666666666,0.110018645135313,0.0836010083030258,0.0483987468614824,13.60625,13.922916666666666,0.0,796.9125,37.43541666666667,10.877083333333331,2023-09-25,0.0505867004394531,871.4584865825564,3345.734713715848,0.09380436953743936,0.08171470429710974,0.13571470429710975,0.04191033475967039,3288.188919156515,F4,4.88549329800932e-06,0.09260100696919117,0.043113697327918574,,,,
84,2023-09-26,2023-09-26,5701.75,0.0093658235595057,106.78182702034604,2578.6672849191905,0.0702254422574678,2529.948470711451,0.0518951416015625,3.5675257292759902e-06,796.18125,0.0993958333333333,0.1050833333333333,0.1019825763155886,0.0737454026513675,0.0426930864539877,14.383333333333333,14.277083333333332,0.0,796.18125,36.41875,12.7875,2023-09-26,0.0518951416015625,860.6689986035127,3340.721461043515,0.09441982396358752,0.07574603429115426,0.12974603429115428,0.03532621032756676,3277.605141566306,F4,5.450641485839597e-06,0.09355299892028103,0.03619303537087325,,,,
85,2023-09-27,2023-09-27,5861.125,0.0092375140844041,108.26430675204954,2604.8267928790515,0.064289522446356,2550.9450478826525,0.0486501057942708,3.911307552745207e-06,793.8270833333332,0.0892916666666666,0.1010833333333333,0.0946546576115623,0.064758287357254,0.0374902171709026,15.28125,15.0125,0.0,793.8270833333332,37.53125,13.810416666666669,2023-09-27,0.0486501057942708,859.1421721637892,3374.611691924768,0.09032853126512509,0.07030333219937426,0.12430333219937427,0.03397480093424918,3304.806679498132,F4,6.2335713120847575e-06,0.09110501961747854,0.033198312581895734,,,,
86,2023-09-28,2023-09-28,6121.3125,0.0090392340087358,110.6405096783632,2630.874210529981,0.0583896610296557,2580.64328585107,0.04412841796875,3.606871150832668e-06,790.4458333333333,0.0794166666666666,0.0968958333333333,0.0873664005938176,0.055819813998425,0.0323155079394781,15.54375,15.327083333333334,0.0,790.4458333333333,34.15625,14.277083333333332,2023-09-28,0.04412841796875,856.9635544430542,3408.3567072899245,0.08641057014315041,0.0648900882322825,0.11889008823228249,0.032479518089132076,3343.2814146904147,F4,5.408675602959566e-06,0.08779571426369,0.031094373968592492,,,,
87,2023-09-29,2023-09-29,6317.541666666667,0.0088970862189455,112.40271024090858,2667.654826168496,0.0507317550596175,2619.5078239234936,0.0386962890625,3.404673854958444e-06,789.2958333333332,0.0690416666666666,0.0927083333333333,0.0798055495525349,0.0465470255336334,0.0269472552028507,15.377083333333331,15.208333333333334,0.0,789.2958333333332,33.014583333333334,13.99375,2023-09-29,0.0386962890625,855.4239339229838,3456.006822034305,0.08112611082971023,0.05927437912849348,0.11327437912849349,0.032148268298783256,3393.631297814696,F4,4.991321053936579e-06,0.08367041580896727,0.029603963319526222,,,,
88,2023-09-30,2023-09-30,6436.75,0.0088146028445184,113.45699381404944,2677.309055684026,0.0487440921377802,2626.612498689211,0.0377044677734375,3.573721911098254e-06,788.5645833333333,0.05925,0.0888125,0.0726953783583161,0.037826960414977,0.0218989880484196,14.861702127659576,15.066666666666668,0.0,788.5645833333333,32.5125,14.216666666666669,2023-09-30,0.0377044677734375,850.2552218681991,3468.514093492314,0.07978466945472189,0.053993405745092586,0.10799340574509259,0.028208736290370698,3402.8355637556238,F4,4.93741032950512e-06,0.08294508860813689,0.025048317136955697,,,,
89,2023-10-01,2023-10-01,6550.645833333333,0.0087373211717226,114.45776358073014,2694.3138885522903,0.045364596074955,2626.534740138733,0.0377413431803385,4.784024348602108e-06,786.8770833333333,0.0515416666666666,0.0854791666666666,0.0669768473190253,0.0308136323693431,0.0178387943303387,14.672916666666666,14.55,0.0,786.8770833333333,39.454166666666666,15.7625,2023-10-01,0.0377413431803385,856.588940776528,3490.5442369065886,0.07746596724359893,0.049746052286824036,0.10374605228682403,0.0262800850432251,3402.734825804714,F4,7.846249660876114e-06,0.0829904215581888,0.020755630728635233,,,,
90,2023-10-02,2023-10-02,6489.875,0.00877805407198,113.92596232794487,2693.671134846298,0.0454912505761897,2615.1911513867567,0.0392926534016927,5.564309360184154e-06,788.3791666666666,0.0456875,0.0822916666666666,0.0623355125268227,0.0251214007029101,0.0145434168571147,12.895833333333334,13.93125,0.3403,788.3791666666666,58.74791666666667,10.922916666666666,2023-10-02,0.0392926534016927,874.597465944485,3489.711535025144,0.07755260592333306,0.04629877024092845,0.10029877024092844,0.02274616431759538,3388.038951462722,F4,1.351834780162963e-05,0.08412374530948624,0.016175024931442197,,,,
91,2023-10-03,2023-10-03,6216.75,0.0089688616528187,111.50269097860888,2594.9058964905257,0.0663897464048067,2515.317293682568,0.0541559855143229,5.860833492584464e-06,789.1,0.0533124999999999,0.079,0.0649954820407355,0.0283836438671563,0.0164320122737472,9.672916666666667,11.204166666666666,6.23,789.1,83.62291666666667,5.8500000000000005,2023-10-03,0.0541559855143229,895.0594327599044,3361.7589475355376,0.0918611816720465,0.04827442284055263,0.10227442284055263,0.01041324116850613,3258.650122674736,F4,1.988261044299047e-05,0.09527565102225316,0.006998771818299471,,,,
92,2023-10-04,2023-10-04,6136.520833333333,0.0090273689686164,110.78058558987568,2605.937112239408,0.0638857021039366,2538.8896215226137,0.0504328409830729,4.896053438769941e-06,792.0666666666666,0.0590416666666666,0.0776458333333333,0.0675030640408571,0.0314589957446484,0.0182124115781338,10.7375,11.177083333333334,1.4491999,792.0666666666666,65.04791666666667,7.754166666666666,2023-10-04,0.0504328409830729,886.6154720299746,3376.0501356268496,0.09015841320037897,0.05013689189194546,0.10413689189194546,0.013978478691566487,3289.1886035258867,F4,1.2594681004650124e-05,0.09251034106908738,0.011626550822858073,,,,
93,2023-10-05,2023-10-05,5990.979166666667,0.0091368281848777,109.45714300541162,2646.43877088813,0.0551550842320654,2583.449069092553,0.043768564860026,4.516244625719155e-06,796.8375,0.0598333333333333,0.0763333333333333,0.0673377305565795,0.0312562272444514,0.0180950237438036,10.891666666666666,11.514583333333334,0.0,796.8375,64.52499999999999,7.202083333333333,2023-10-05,0.043768564860026,871.3521612622898,3428.520945276061,0.08413996595602942,0.05001409291763035,0.10401409291763035,0.01987412696160093,3346.916369980955,F4,1.1441975259528118e-05,0.0874783836133267,0.016535709304303647,,,,
94,2023-10-06,2023-10-06,5958.395833333333,0.0091617645021567,109.1591163257525,2660.836941772715,0.0521394675519052,2597.5196054098137,0.0417658487955729,4.517323405231562e-06,797.4729166666666,0.0596875,0.0753124999999999,0.0667939367644376,0.03058930697642,0.0177089266633443,11.27872340425532,11.904166666666669,0.0,797.4729166666666,59.12291666666667,8.860416666666667,2023-10-06,0.0417658487955729,869.0329579268757,3447.1740994674565,0.08208463197761097,0.04961019820624913,0.10361019820624913,0.02152556622863816,3365.145066221982,F4,1.1148327860270983e-05,0.08598239626161407,0.017627801944635063,,,,
95,2023-10-07,2023-10-07,6033.645833333333,0.0091039494095836,109.84829106956768,2687.224777927333,0.0468226419187976,2627.4677525514503,0.0376218159993489,4.210508230549366e-06,796.8666666666667,0.0585833333333333,0.074125,0.065651869101694,0.0291886509138579,0.0168980512972695,11.28936170212766,11.866666666666667,0.0,796.8666666666667,54.25,9.204166666666667,2023-10-07,0.0376218159993489,862.2599300881164,3481.3601346600485,0.07842586313474291,0.048761944519489,0.102761944519489,0.02433608138474609,3403.94356436855,F4,9.313264339371888e-06,0.082899755658085,0.019862188861404007,,,,
96,2023-10-08,2023-10-08,6170.458333333333,0.0090032061881571,111.0836129056769,2688.057511011546,0.0466509304631411,2635.1733301127742,0.0366147359212239,3.718346412070947e-06,795.05625,0.0566458333333333,0.0734166666666666,0.0642734087938298,0.0274980778854852,0.0159193356368736,11.559574468085106,12.047916666666666,0.0,795.05625,45.54375,10.24375,2023-10-08,0.0366147359212239,857.5679856734941,3482.438959098556,0.07831261151038275,0.04773811372877267,0.10173811372877267,0.023425502218389918,3413.9263133953045,F4,6.890479330092152e-06,0.08212909550720274,0.019609018221569935,,,,
97,2023-10-09,2023-10-09,6379.583333333333,0.0088538957550771,112.95252385752644,2708.815117616789,0.0425552250478663,2655.6137519444155,0.0338859558105468,3.708727351228616e-06,791.1229166666667,0.0537083333333333,0.0726041666666666,0.0623023841937933,0.0250807714109566,0.0145198955281698,11.697872340425532,12.135416666666666,0.0,791.1229166666667,45.63958333333333,10.25,2023-10-09,0.0338859558105468,857.7226107562833,3509.330905287809,0.07553181721706943,0.04627416466671851,0.10027416466671851,0.02474234744964908,3440.4073395769688,F4,6.926701499249703e-06,0.08008911275486733,0.020185051911851187,,,,
98,2023-10-10,2023-10-10,6652.25,0.0086702536857166,115.34237751128298,2719.3584050492805,0.0406056801859514,2669.2866380379887,0.0322278340657552,3.476181950683136e-06,786.5458333333332,0.0489583333333333,0.0715833333333333,0.0592484537682391,0.0213353662088524,0.0123515853373015,10.829787234042554,11.8375,0.0,786.5458333333332,40.93541666666667,9.2,2023-10-10,0.0322278340657552,846.8506579543123,3522.9899712718793,0.074149800385248,0.04400590348825023,0.09800590348825024,0.023856103103002235,3458.120871010178,F4,4.933590823341971e-06,0.07881979015341417,0.019186113334836066,,,,
99,2023-10-11,2023-10-11,6944.333333333333,0.0084864884218881,117.84494013666595,2715.914052032468,0.0413449569493808,2646.842532631429,0.0352083841959635,4.841862480008427e-06,779.5604166666667,0.0446041666666666,0.0706666666666666,0.0564577031897487,0.0179127303665325,0.0103701345259542,10.441666666666666,11.410416666666668,0.0,779.5604166666667,54.90208333333334,9.191666666666666,2023-10-11,0.0352083841959635,885.6552455331123,3518.5277344761635,0.07459907683191354,0.041933115207610575,0.09593311520761057,0.02133403837569703,3429.044027694982,F4,9.579917297609345e-06,0.08095043880585338,0.014982676401757183,,,,
100,2023-10-13,2023-10-13,5324.354166666667,0.0096916733126775,103.18883040154994,2249.258280968915,0.1734756251160281,2190.987639667099,0.1257362365722656,4.92877738365365e-06,789.9104166666666,0.2456041666666666,0.2215625,0.2346697292984518,0.236475748069838,0.1369018161626351,8.366666666666667,8.404166666666667,4.4621,789.9104166666666,80.08125,4.058333333333334,2023-10-13,0.1257362365722656,885.0720081506514,2913.9646881191866,0.1645654602969412,0.1742974339805864,0.22829743398058638,0.0637319736836452,2838.47376182396,F4,1.2063573253433546e-05,0.14913119568390804,0.07916623829667835,,,,
101,2023-10-14,2023-10-14,5186.229166666667,0.0098196573170972,101.84235794671604,2279.3774502092965,0.1611698329449533,2225.7442841736506,0.1157150268554687,4.462022103102954e-06,795.2166666666667,0.2095,0.2037083333333333,0.2068658807726484,0.2023765171130085,0.1171609053680091,6.539130434782609,8.177083333333334,0.0,795.2166666666667,81.37083333333334,2.872916666666667,2023-10-14,0.1157150268554687,883.8466797781577,2952.984749240913,0.15625791326651128,0.15364654105408904,0.20764654105408903,0.051388627787577745,2883.501776448397,F4,8.969987379798806e-06,0.14160592597529298,0.06604061507879605,,,,
102,2023-10-15,2023-10-15,5116.541666666667,0.009886676522279,101.15454701344925,2305.535530843446,0.1510944067514494,2252.965515443772,0.1084187825520833,4.322521004630232e-06,799.2229166666666,0.1919375,0.1913125,0.1916532425294225,0.1837194141426395,0.1063598346373967,6.89375,7.704166666666667,0.0,799.2229166666666,69.57291666666667,5.554166666666667,2023-10-15,0.1084187825520833,880.9508303764916,2986.873130989607,0.1494334489213301,0.1423475813723441,0.1963475813723441,0.046914132451014,2918.767493755922,F4,1.08900888935951e-05,0.1360753060689614,0.060272275303382694,,,,
103,2023-10-16,2023-10-16,5210.1875,0.0097981675411239,102.07341081554078,2329.548264189305,0.142306994966438,2275.379234096361,0.1026967366536458,4.408730070119205e-06,799.0291666666667,0.1771458333333333,0.1818958333333333,0.1793061901097223,0.1685767265501394,0.0975933482221199,7.995833333333334,8.489583333333334,0.0,799.0291666666667,59.675,8.004166666666666,2023-10-16,0.1026967366536458,872.2013176377172,3017.982167078123,0.1434641652817747,0.13317699273097502,0.18717699273097504,0.04371282744920035,2947.8049703479596,F4,1.0317985930932868e-05,0.13176867581403107,0.05540831691694398,,,,
104,2023-10-17,2023-10-17,5434.1875,0.009593339506906,104.24732618302936,2346.928632696274,0.1360545063834483,2290.8278448411106,0.0987955729166666,4.535285430929815e-06,794.3270833333332,0.162875,0.1730208333333333,0.1674894462723749,0.1540844206776825,0.0892033843018542,8.904166666666667,9.24375,0.0,794.3270833333332,54.31666666666666,9.98125,2023-10-17,0.0987955729166666,868.4928778242869,3040.4988253580204,0.1393090316788324,0.12440028286297097,0.178400282862971,0.03909125118413859,2967.818993002267,F4,1.0130218390003277e-05,0.1288673670107096,0.04953291585226138,,,,
105,2023-10-18,2023-10-18,5543.270833333333,0.0094979736766545,105.29030053763088,2376.0242472564546,0.1261149813319626,2321.7149917093607,0.0914357503255208,4.332095157899872e-06,793.9395833333333,0.14925,0.1643541666666666,0.1561195555389564,0.1401401449522216,0.0811306889516132,8.416666666666666,9.172916666666667,0.0,793.9395833333333,56.76041666666666,8.614583333333334,2023-10-18,0.0914357503255208,868.3141667641697,3078.1928483721185,0.13264431681246958,0.11595546645908737,0.16995546645908738,0.0373111496466178,3007.833986412477,F4,9.761239057821136e-06,0.12338208005442995,0.04657338640465743,,,,
106,2023-10-19,2023-10-19,5419.608695652174,0.0096091729795125,104.09740959987866,2401.912733071462,0.1196614031862446,2346.402694320854,0.0872099503226902,4.387835320710582e-06,797.3369565217391,0.1388297872340425,0.1568936170212765,0.1470454329368614,0.1290114480722819,0.0746880037002814,8.98936170212766,9.282978723404256,0.0,797.3369565217391,51.93478260869565,10.254347826086956,2023-10-19,0.0872099503226902,855.0966813434075,3111.7319639695097,0.1270012332179018,0.10921579752139096,0.16321579752139098,0.03621456430348918,3039.8174603644725,F4,9.330962376599478e-06,0.11921144864965534,0.04400434887173564,,,,
107,2023-10-20,2023-10-20,5520.375,0.0095188320993876,105.0682243099155,2448.907762896162,0.1037364959437525,2402.991648701261,0.0742327372233073,3.5434204797323312e-06,796.2125,0.1281458333333333,0.1495625,0.1378863893251226,0.1177786022606486,0.0681850239873965,8.90625,9.425,0.0,796.2125,43.1125,10.241666666666667,2023-10-20,0.0742327372233073,,3172.6150820111125,0.11738847575014634,0.10241305477304073,0.15641305477304074,0.0390245790228944,3113.129723432394,F4,6.118539872136156e-06,0.11037152338953521,0.04604153138350553,,,,
108,2023-10-21,2023-10-21,5805.1875,0.0092812824202526,107.748870450492,2458.271720609303,0.1011532032320133,2415.566363284071,0.071790059407552,3.272431885347143e-06,791.5375,0.1176041666666666,0.1425208333333333,0.1289365644936899,0.1068023468092868,0.0618305909505141,8.704166666666667,9.325,0.0,791.5375,39.74166666666667,10.104166666666666,2023-10-21,0.071790059407552,865.0147967417643,3184.7462998210035,0.11556361932427771,0.0957657061467058,0.1497657061467058,0.034202086822428104,3129.4205489758706,F4,5.10318749857018e-06,0.10855820538745929,0.04120750075924652,,,,
109,2023-10-22,2023-10-22,5970.854166666667,0.0091526620212575,109.27134065419573,2453.474044255104,0.102580439181874,2408.5704240686778,0.0732256571451823,3.4551184190745594e-06,788.1708333333332,0.1084583333333333,0.1364375,0.1211835927661864,0.0972939374503247,0.0563259312943566,9.064583333333331,9.525,0.0,788.1708333333332,39.708333333333336,10.520833333333334,2023-10-22,0.0732256571451823,856.4737199091498,3178.53080220588,0.11649500002128886,0.09000730227472925,0.14400730227472924,0.027512302253440382,3120.357152385817,F4,5.304701426694369e-06,0.10955553028860104,0.0344517719861282,,,,
110,2023-10-23,2023-10-23,6180.125,0.0089957601973493,111.17226060377207,2507.687071864113,0.0876791302037878,2462.194999511079,0.0631815592447916,3.422020196768089e-06,784.88125,0.0995625,0.1304166666666666,0.1135953437975096,0.0879875475848823,0.0509382258535418,8.722916666666666,9.433333333333334,0.0,784.88125,38.7125,10.210416666666667,2023-10-23,0.0631815592447916,869.6131016050033,3248.7649987075956,0.10638931355776592,0.08437124376986728,0.13837124376986726,0.03198193021210134,3189.828995871585,F4,4.895044340144835e-06,0.10207559353003787,0.03629565023982939,,,,
111,2023-10-24,2023-10-24,6197.145833333333,0.0089832407937882,111.32590439702496,2515.552105216547,0.0856147011718654,2468.2003994443776,0.0620969136555989,3.552698451880334e-06,785.71875,0.0916874999999999,0.1245625,0.1066394429523769,0.0794566829022158,0.045999491636493,7.6875,8.585416666666667,0.0,785.71875,45.708333333333336,8.34375,2023-10-24,0.0620969136555989,861.4139158515371,3258.954326297844,0.10499604133934166,0.07920485238247149,0.13320485238247148,0.02820881104312982,3197.6091265447626,F4,5.657265147178314e-06,0.1012596004291037,0.03194525195336778,,,,
112,2023-10-25,2023-10-25,6162.083333333333,0.0090089389296523,111.00979269972612,2518.3583391235675,0.0848820907228635,2469.6544506489618,0.0618426005045572,3.6528455920779433e-06,787.5166666666668,0.0859375,0.11975,0.1013158291582431,0.0729276897621957,0.0422196916955782,7.38125,8.185416666666667,0.0,787.5166666666668,50.69791666666666,7.322916666666667,2023-10-25,0.0618426005045572,861.5474841359993,3262.5898654357234,0.10450315884070592,0.07525081780547206,0.12925081780547204,0.02474765896476612,3199.492882581464,F4,6.291679861147449e-06,0.10107826862889611,0.028172549176575926,,,,
113,2023-10-26,2023-10-26,6345.3125,0.0088772424502055,112.65097574714882,2545.691198492256,0.0779454844520926,2498.076440405882,0.056915283203125,3.5288622040259e-06,785.5729166666666,0.0801666666666666,0.11525,0.0961229860150841,0.0665590765287853,0.0385327397556534,6.329166666666667,7.729166666666667,0.0,785.5729166666666,48.89791666666667,6.483333333333333,2023-10-26,0.056915283203125,886.8710113197207,3298.000199455423,0.09981550688678027,0.07139391117494027,0.12539391117494025,0.02557840428815998,3236.3142095133244,F4,5.119191017715766e-06,0.09740629967469237,0.02798761150024788,,,,
114,2023-10-27,2023-10-27,5675.875,0.0093882117769909,106.53511974418886,2359.078101241828,0.1328678115709894,2295.69671461968,0.0982742309570312,5.110790769622346e-06,789.94375,0.140625,0.1121249999999999,0.1276628593416656,0.1052402477311871,0.060926252122692,6.377083333333334,7.175,5.8953,789.94375,87.42916666666667,3.075,2023-10-27,0.0982742309570312,903.6770842509856,3056.23873509658,0.13648290630072007,0.09481968068228237,0.14881968068228235,0.012336774381562277,2974.1267232997807,F4,1.202969941314534e-05,0.12800604095972357,0.020813639722558785,,,,
115,2023-10-28,2023-10-28,5480.958333333333,0.0095581906265118,104.67351361978064,2243.427803973905,0.1808025670692203,2179.9177243910945,0.1323343912760416,5.401491695172744e-06,786.9125,0.2478333333333333,0.1515,0.2040197818683201,0.1988860009071458,0.1151401568902981,5.877083333333334,7.11875,11.0259,786.9125,91.99791666666664,2.85,2023-10-28,0.1323343912760416,884.8033363050466,2906.4111740465246,0.16623277438828687,0.1515326436316887,0.20553264363168872,0.03929986924340184,2824.1324376249213,F4,1.314257004758473e-05,0.1516245079367624,0.05390813569492631,,,,
116,2023-10-29,2023-10-29,4977.520833333333,0.0100241816021567,99.7695283813491,2103.282198784172,0.2470531938919433,2056.3217776917218,0.1727078755696614,4.233717646227204e-06,789.7125,0.2964166666666666,0.2745208333333334,0.2864581799474346,0.2999902049960848,0.1736719483083581,3.85625,5.220833333333333,17.673,789.7125,91.3,-0.6875,2023-10-29,0.1727078755696614,883.1813191028195,2724.8493906918548,0.21329514047702752,0.2127625316518244,0.2667625316518244,0.053467391174796874,2664.0111090412206,F4,-3.09263445776874e-06,0.18417356607402524,0.08258896557779916,,,,
117,2024-04-04,2024-04-04,5017.979166666667,0.0099843270051885,100.17205318769804,2095.5907303696026,0.2511937202876548,2063.075885710153,0.1697006225585937,2.9211430508335363e-06,788.2375000000001,0.2487083333333333,0.2755833333333333,0.2609314045681661,0.2686836249579664,0.1555477740535269,8.460416666666667,7.554166666666667,0.0,788.2375000000001,41.39375,7.816666666666666,2024-04-04,0.1697006225585937,805.3447802700106,2714.8849203820314,0.21633819056218972,0.19380290077098433,0.24780290077098432,0.0314647102087946,2672.7612078769016,F4,4.288768688045879e-06,0.18213358332168983,0.0656693174492945,,,,
118,2024-04-05,2024-04-05,5345.791666666667,0.0096735910093902,103.39143904005805,2117.431320197069,0.2382778852254606,2083.0430278740446,0.1619211832682291,3.0594827742620323e-06,781.3874999999999,0.2386041666666666,0.2665833333333333,0.2513294260995198,0.2569075544207883,0.1487303077511352,9.245833333333334,8.222916666666666,0.0,781.3874999999999,39.735416666666666,9.129166666666666,2024-04-05,0.1619211832682291,807.0123234903948,2743.1798956916327,0.20784075076038794,0.1866711747779253,0.24067117477792532,0.032830424017537385,2698.6290896050823,F4,4.6093029899585345e-06,0.17633096571504686,0.06434020906287846,,,,
119,2024-04-06,2024-04-06,5392.125,0.0096309493530432,103.842146044418,2083.502655765635,0.2587936159453756,2043.0421705987023,0.1779111226399739,3.6703434999829713e-06,778.19375,0.2443958333333333,0.2668333333333333,0.2546006765270658,0.2609194854936756,0.1510529165373663,6.664583333333333,7.479166666666667,5.5422997,778.19375,70.875,1.5625,2024-04-06,0.1779111226399739,831.6046090215275,2699.2245478755276,0.22123639877894236,0.18910084713973224,0.24310084713973223,0.02186444836078988,2646.8070793979527,F4,3.2307743914875653e-06,0.18825353157869607,0.05484731556103617,,,,
120,2024-04-08,2024-04-08,5103.4375,0.0098989763782168,101.02623165115531,2094.6733187322257,0.2518861346146524,2067.574949578005,0.1680005391438802,2.4290231878471103e-06,785.9479166666666,0.2603541666666666,0.2821458333333333,0.2702652771408024,0.2801308847242021,0.1621748834500486,5.722916666666666,5.608333333333333,0.0,785.9479166666666,52.62291666666667,0.5916666666666667,2024-04-08,0.1680005391438802,815.98622409632,2713.6963929735048,0.2167049248783129,0.20073549511698638,0.2547354951169864,0.03803057023867351,2678.5898463002604,F4,5.557445268336054e-07,0.18081892777018477,0.07391656734680163,,,,
121,2024-04-09,2024-04-09,5037.479166666667,0.0099644755591861,100.36821091960805,2097.3248482991708,0.2505346552903018,2070.522876445233,0.1670163472493489,2.3996414652209183e-06,788.7125,0.2567916666666667,0.2736458333333333,0.2644571431232401,0.2730076656810085,0.1580510710426576,6.885416666666667,6.379166666666666,0.0,788.7125,50.9625,1.7166666666666666,2024-04-09,0.1670163472493489,806.0301531418608,2717.1315091595634,0.21564718928657495,0.1964215903858441,0.2504215903858441,0.03477440109926916,2682.408951854719,F4,1.4932099983665283e-06,0.17995760171919872,0.07046398866664538,,,,
122,2024-04-10,2024-04-10,5007.979166666667,0.0099929413523863,100.07671784868931,2119.8987653778127,0.2372678685909396,2086.6898623743664,0.16082763671875,2.951232654961558e-06,790.6875,0.2500833333333333,0.2664166666666667,0.2575119285644255,0.2644899068870787,0.1531199241574393,8.24375,7.539583333333333,0.0,790.6875,50.38333333333333,4.2125,2024-04-10,0.16082763671875,808.4395214697024,2746.376526415366,0.20690807300540587,0.19126313607789014,0.24526313607789013,0.03835506307248426,2703.353645716431,F4,3.5665275000037336e-06,0.17533364081390512,0.06992949526398501,,,,
123,2024-04-11,2024-04-11,5016.3125,0.0099851274558488,100.15829588343132,2140.738792804246,0.2258202675661766,2109.818283543457,0.1523958841959635,2.7149548445252023e-06,791.8895833333332,0.241,0.2583958333333333,0.2489118329310739,0.2539425667596744,0.1470138010944509,7.679166666666667,7.102083333333333,0.0,791.8895833333332,48.21041666666667,4.572916666666667,2024-04-11,0.1523958841959635,802.437075401252,2773.37525063209,0.19924052962758015,0.18487554358625505,0.23887554358625507,0.039635013958674914,2733.3170354920353,F4,3.495126909819905e-06,0.16898702780663938,0.06988851577961569,,,,
124,2024-04-12,2024-04-12,5094.458333333333,0.0099077448736196,100.93715817869288,2155.184101865018,0.2176467518923155,2125.602842617133,0.1465568542480468,2.576698490252013e-06,791.2645833333332,0.2301041666666666,0.2511875,0.2396931186741479,0.2426365396001536,0.1404684548407396,9.108333333333333,8.235416666666667,0.0,791.2645833333332,34.95,8.366666666666667,2024-04-12,0.1465568542480468,805.2372259632841,2792.0894733908585,0.19413661533550836,0.17802848135805036,0.23202848135805038,0.03789186602254202,2753.7662867618405,F4,3.3042129654189992e-06,0.16481639640186474,0.06721208495618564,,,,
125,2024-04-13,2024-04-13,5133.833333333333,0.0098699678569172,101.32547308234554,2168.7814734524486,0.2109444442655215,2128.303233963873,0.1458155314127604,3.522310931342191e-06,790.34375,0.2127916666666666,0.2438958333333333,0.2269382134524073,0.2269936526600609,0.1314123903199373,11.1875,9.633333333333333,0.0,790.34375,38.00625,11.289583333333333,2024-04-13,0.1458155314127604,809.5148023902653,2809.705174083062,0.18948150245338824,0.16855496614387638,0.22255496614387638,0.033073463690488136,2757.26470448251,F4,5.221124013802761e-06,0.16413640215108627,0.05841856399279011,,,,
126,2024-04-14,2024-04-14,5198.375,0.0098090923170517,101.95836262314864,2194.1554382966915,0.1984674902696621,2160.5002178666327,0.135199228922526,2.8843870185546736e-06,789.6145833333334,0.1950625,0.234875,0.2131697008757872,0.2101076561101062,0.1216366580756224,11.3125,10.245833333333334,0.0,789.6145833333334,34.666666666666664,10.372916666666669,2024-04-14,0.135199228922526,802.5079153804919,2842.57771619141,0.18115929561810928,0.15832860921659567,0.2123286092165957,0.031169313598486403,2798.9766212287573,F4,4.036273632065739e-06,0.15615780294195225,0.05617080627464344,,,,
127,2024-04-15,2024-04-15,5581.395833333333,0.0094660737263186,105.64952849002428,2235.0734043390044,0.1794548923730398,2202.227841509324,0.1223131815592448,2.762911914169152e-06,782.2708333333334,0.1755208333333333,0.2245833333333333,0.1978350447736677,0.1913009078434247,0.1107489538825404,9.354166666666666,9.670833333333333,0.0,782.2708333333334,40.39791666666667,6.541666666666667,2024-04-15,0.1223131815592448,818.8538383963373,2895.5878614316434,0.16865680597481575,0.1469390225938791,0.20093902259387908,0.03228221661906333,2853.0356960992303,F4,3.4148333182524775e-06,0.14663788343105366,0.05430113916282542,,,,
128,2024-04-16,2024-04-16,5086.395833333333,0.0099217097851509,100.83635631483764,2131.9815474105903,0.2315590012723032,2075.846914717988,0.1656812032063802,5.015541388373369e-06,786.0124999999999,0.2130208333333333,0.2275208333333333,0.2196156066507315,0.2180130519959239,0.1262132925215929,7.129166666666666,7.295833333333333,7.0667,786.0124999999999,84.56875000000001,3.4125,2024-04-16,0.1656812032063802,825.5897079661696,2762.030042276865,0.20241758356376716,0.16311620938817367,0.21711620938817366,0.014698625824406508,2689.3063631730492,F4,1.2014592485874141e-05,0.17841628141743415,0.03869992797073951,,,,
129,2024-04-17,2024-04-17,5014.6875,0.0099881259195879,100.1374504856018,2130.806606429292,0.2312692232356683,2083.3725855080806,0.1622098286946614,4.223905240817389e-06,788.1395833333332,0.2317083333333333,0.2439375,0.2372703045076332,0.2396651487960067,0.1387482412419374,8.670833333333333,8.166666666666666,0.5168,788.1395833333332,56.97083333333333,7.962499999999999,2024-04-17,0.1622098286946614,813.5446802168249,2760.5078798115333,0.2028487365631077,0.17622897234809937,0.23022897234809936,0.027380235784991658,2699.0560389316256,F4,9.10754523841818e-06,0.17624029981494305,0.05398867253315631,,,,
130,2024-04-18,2024-04-18,5082.3125,0.0099198921347171,100.81569445558148,2151.3891777581125,0.2197162537263859,2106.142794928122,0.1534754435221354,3.981280370710564e-06,787.7854166666666,0.2143541666666666,0.2374791666666666,0.2248716930780344,0.2244592281375946,0.1299451475989193,9.225,8.654166666666667,0.0,787.7854166666666,47.225,9.504166666666666,2024-04-18,0.1534754435221354,811.7241471201611,2787.173063863692,0.19546133796900683,0.1670200890227471,0.2210200890227471,0.02555875105374028,2728.5553573302655,F4,6.931148276477759e-06,0.16993901975772924,0.051081069265017875,,,,
131,2024-04-19,2024-04-19,5142.625,0.0098615952036037,101.41197813403296,2189.3213571576434,0.2009037930085615,2135.980718327992,0.1432482401529947,4.6238797769859305e-06,788.0958333333333,0.2037083333333333,0.2304375,0.2158650778250314,0.213413323705824,0.123550392998453,9.608333333333333,9.15,1.9575,788.0958333333333,51.34791666666666,10.166666666666666,2024-04-19,0.1432482401529947,819.3314130089093,2836.3150553587816,0.182709524853158,0.16033056015960032,0.21433056015960034,0.031621035306442336,2767.2110581404772,F4,9.003108405603472e-06,0.16218708529885467,0.052143474860745664,,,,
132,2024-04-20,2024-04-20,4951.770833333333,0.0100494192988197,99.51377459351696,2144.4004125192328,0.2233891312428397,2080.613168824534,0.1628646850585937,5.68105046013241e-06,789.8874999999999,0.2331666666666666,0.2316875,0.2324939239862998,0.2338072941762229,0.1353569804348112,9.210416666666667,8.658333333333333,0.31,789.8874999999999,74.32916666666667,7.454166666666667,2024-04-20,0.1628646850585937,829.3399544100483,2778.1189613215515,0.19793090215450526,0.17268138710533257,0.2266813871053326,0.028750484950827326,2695.4811525596624,F4,1.77070118411695e-05,0.1770562929158772,0.04962509418945538,,,,
133,2024-04-21,2024-04-21,4953.25,0.0100487043064382,99.52603935669404,2165.641931183422,0.2126340951616111,2125.142945121971,0.1470464070638021,3.534559676133433e-06,793.1458333333334,0.2284791666666666,0.2340833333333333,0.2310280086528449,0.2320094644451248,0.134316171145286,9.702083333333333,8.81875,0.40089998,793.1458333333334,53.69791666666666,7.202083333333333,2024-04-21,0.1470464070638021,823.1493310640817,2805.637826466202,0.19054384524994217,0.17159260040149213,0.22559260040149215,0.03504875515154998,2753.1704792139058,F4,7.106413504291529e-06,0.16495239525202043,0.060640205149471715,,,,
134,2024-04-22,2024-04-22,5153.0,0.0098520915722072,101.51272723260188,2187.362180455721,0.201805374089051,2148.4251056761536,0.1391487121582031,3.356691473703797e-06,789.1708333333332,0.20475,0.2264166666666666,0.2146042589800202,0.2118670286686149,0.1226552035312664,10.552083333333334,10.06875,0.0,789.1708333333332,38.7625,10.372916666666669,2024-04-22,0.1391487121582031,811.6722120000447,2833.7768978801623,0.18334243967031483,0.15939410580710764,0.21339410580710766,0.03005166613679283,2783.333041820448,F4,4.985598817772106e-06,0.1591044446953256,0.05428966111178207,,,,
135,2024-04-23,2024-04-23,5263.5625,0.009747855619798,102.5967247088236,2211.4631407413617,0.1904401949901473,2160.969694791152,0.1351814270019531,4.331830825672743e-06,788.1041666666666,0.1860416666666666,0.2179791666666666,0.2005672234131773,0.1946517098145076,0.1126888182415152,11.935416666666669,10.716666666666669,0.0,788.1041666666666,41.69791666666666,12.745833333333332,2024-04-23,0.1351814270019531,814.5550106798522,2865.000233953362,0.1757388897675276,0.14896830744227743,0.20296830744227745,0.027229417674749845,2799.584839142863,F4,7.099940929478583e-06,0.15606713704184844,0.046901170400429015,,,,
136,2024-04-24,2024-04-24,5299.375,0.0097145596802189,102.94623855281736,2243.1796850276764,0.1761616774971696,2198.0468119700067,0.1237157185872395,3.8069350648102015e-06,788.5375,0.1694166666666666,0.2089583333333333,0.1874006893052036,0.1785039924568872,0.1033404945711899,13.041666666666666,11.491666666666667,0.0,788.5375,36.25833333333333,13.697916666666666,2024-04-24,0.1237157185872395,805.9737885823387,2906.089730371567,0.1663041690790733,0.13918906102520312,0.1931890610252031,0.026884891946129807,2847.619078300982,F4,5.790469161677148e-06,0.14754454243209159,0.04564451859311153,,,,
137,2024-04-25,2024-04-25,5524.3125,0.0095156832057462,105.10482819226856,2263.7742001524102,0.1676662662559825,2223.120856994271,0.1165822347005208,3.387693430861301e-06,784.6125000000001,0.1483124999999999,0.1971875,0.1705414341991611,0.157827443557999,0.0913703153061376,13.204166666666666,12.297916666666666,0.0,784.6125000000001,35.770833333333336,11.570833333333333,2024-04-25,0.1165822347005208,808.0409629409024,2932.770387879943,0.1604990421190336,0.12666710127951258,0.18066710127951258,0.02016805916047898,2880.1030675374436,F4,4.769238283244818e-06,0.14214992137591576,0.03851717990359682,,,,
138,2024-04-26,2024-04-26,5646.208333333333,0.0094113284819609,106.26215825817484,2269.7287439608185,0.1652347899246301,2205.814322170822,0.1214675903320312,5.3650569053201e-06,780.8833333333333,0.1347916666666666,0.1882083333333333,0.1590862051520243,0.1437785071102555,0.0832370292057738,10.620833333333334,10.84375,0.7051,780.8833333333333,73.14999999999999,6.589583333333334,2024-04-26,0.1214675903320312,812.9171087081829,2940.4846332995867,0.1588649784444081,0.11815890111861099,0.17215890111861099,0.013293922674202874,2857.682062455043,F4,1.4934358806372473e-05,0.1458218903301195,0.02633701078849149,,,,
139,2024-04-27,2024-04-27,5600.395833333333,0.0094505909327507,105.82705496914171,2251.328032625564,0.1729480398012086,2188.269011806193,0.1267725626627604,5.340179300753378e-06,779.8791666666666,0.15325,0.1847916666666666,0.1675955270151449,0.1542145203559493,0.0892787023096511,7.702083333333333,8.572916666666666,3.5372999,779.8791666666666,92.87708333333336,2.53125,2024-04-27,0.1267725626627604,854.8377524281649,2916.6460979384506,0.1639783278130602,0.12447907274914354,0.17847907274914354,0.014500744936083332,2834.9517182890554,F4,1.204157195306552e-05,0.1497205240345827,0.02875854871456085,,,,
140,2024-04-28,2024-04-28,5268.979166666667,0.0097421853293287,102.65183653147498,2197.167645382104,0.1968161461069216,2137.97822778215,0.1424585978190104,5.130397801163693e-06,785.06875,0.2217916666666667,0.1934375,0.208895852751467,0.2048661179061286,0.1186021984937525,8.69375,8.487499999999999,9.9978,785.06875,76.47708333333334,5.11875,2024-04-28,0.1424585978190104,853.2006066556155,2846.480098214169,0.18020145647897884,0.15515427240068547,0.20915427240068546,0.02895281592170662,2769.79887656171,F4,1.3234268455143905e-05,0.16168842284828377,0.047465849552401684,,,,
141,2024-04-29,2024-04-29,5093.145833333333,0.0099095415097187,100.92238412973678,2177.8568585828284,0.2063047185377023,2119.422082197279,0.1488672892252604,5.10946789779746e-06,788.4270833333334,0.2431041666666666,0.2088124999999999,0.2275079067809807,0.2276923366702101,0.1318168762373894,9.395833333333334,8.939583333333333,4.3747,788.4270833333334,77.62708333333333,5.454166666666667,2024-04-29,0.1488672892252604,848.5089790727126,2821.462539622077,0.18645174633431894,0.1689780973488386,0.2229780973488386,0.036526351014519676,2745.7589726345273,F4,1.474862543169334e-05,0.16644838260373307,0.05652971474510554,,,,
142,2024-04-30,2024-04-30,5334.291666666667,0.0096831513147985,103.28326039460006,2215.6531371364613,0.1885039081574191,2166.1599105681844,0.1336250305175781,4.243649338255844e-06,785.5,0.2208958333333333,0.2126875,0.2171625852197486,0.2150046143604107,0.124471631571261,11.7375,10.36875,0.0,785.5,47.29166666666666,10.470833333333331,2024-04-30,0.1336250305175781,841.9218445313271,2870.4284685149382,0.17445637085313814,0.16129426438402727,0.21529426438402727,0.040837893530889124,2806.308880408358,F4,7.660472857473984e-06,0.1548431473904472,0.06045111699358008,,,,
143,2024-05-01,2024-05-01,5455.1875,0.0095750758795186,104.44777758116824,2243.081504066808,0.1763771422641657,2194.497753968377,0.1249402364095052,4.109369892050825e-06,784.1062499999999,0.1884130434782608,0.2020434782608695,0.1946123281409425,0.1873484996483603,0.1084608044019408,9.27608695652174,10.113043478260868,0.0,784.1062499999999,54.61666666666667,7.225,2024-05-01,0.1249402364095052,835.5119898536705,2905.9625347287024,0.1663324300535824,0.14454539798277222,0.1985453979827722,0.03221296792918982,2843.0211938426523,F4,7.43340950801244e-06,0.14831520258297387,0.05023019539979834,,,,
144,2024-05-02,2024-05-02,5382.0625,0.0096402680258288,103.74403814663388,2216.82860966002,0.1879649712675815,2173.435442169386,0.1313718159993489,3.712508218150705e-06,786.6125000000001,0.1882708333333333,0.1973958333333333,0.1924209924037649,0.1846609989113086,0.1069049419727324,8.714583333333334,8.31875,1.9415,786.6125000000001,63.0375,4.679166666666666,2024-05-02,0.1313718159993489,824.1100718512629,2871.9513196052226,0.1740985995756703,0.1429178161164538,0.19691781611645381,0.022819216540783505,2815.7344952221733,F4,6.9773546265243175e-06,0.15312049528847504,0.04379732082797877,,,,
145,2024-05-03,2024-05-03,5581.958333333333,0.0094654872515245,105.65528579337084,2262.771296587375,0.1679718799461403,2228.1750128202907,0.1151212056477864,2.877123690187538e-06,785.0645833333333,0.1685208333333333,0.19075,0.1786309240368733,0.1677485658818772,0.0971139049790602,9.95,9.616666666666667,0.0,785.0645833333333,37.239583333333336,8.53125,2024-05-03,0.1151212056477864,816.8055985037292,2931.471103756449,0.16077618256591047,0.1326754489481293,0.18667544894812932,0.025899266382218844,2886.6508400764556,F4,3.7935235834811036e-06,0.14110726352472208,0.04556818542340724,,,,
146,2024-05-04,2024-05-04,5480.729166666667,0.0095528112987247,104.69173784514766,2278.21042550119,0.1616784166252439,2235.900590559941,0.1129531860351562,3.504013584435488e-06,787.9125,0.1466041666666666,0.1820416666666666,0.1627215652484113,0.1482369900221768,0.0858181581923786,10.797916666666666,9.833333333333334,0.0,787.9125,51.88333333333333,7.225,2024-05-04,0.1129531860351562,811.8794363683937,2951.472842485536,0.1565705997496507,0.12085901049483914,0.17485901049483915,0.018288410745188444,2896.6594997840293,F4,6.55878378020794e-06,0.13952061027290563,0.03533840022193352,,,,
147,2024-05-05,2024-05-05,5732.145833333333,0.0093422185318267,107.0612622866446,2298.892057873443,0.1535588306514361,2250.136842789161,0.1091143290201823,4.012940415822439e-06,781.9375,0.1271666666666666,0.172625,0.1478416600266707,0.1299879579034406,0.0752533300412591,11.775,11.329166666666666,0.0,781.9375,41.51041666666666,11.870833333333332,2024-05-05,0.1091143290201823,819.2946156534059,2978.266362347313,0.151133945345647,0.10980718329165831,0.16380718329165833,0.012673237946011329,2915.102884715899,F4,6.551127525265688e-06,0.13661930146958418,0.027187881822074156,,,,
148,2024-05-06,2024-05-06,5551.583333333333,0.0094978232482522,105.34310095470396,2189.599214326901,0.2035443369995035,2142.598482551726,0.1426900227864583,4.053571743448457e-06,779.3583333333332,0.2116666666666666,0.1822291666666666,0.198278139802466,0.1918443290071817,0.1110635541951169,9.0375,9.6125,11.5032,779.3583333333332,62.22916666666666,4.816666666666666,2024-05-06,0.1426900227864583,849.1251379941765,2836.6750255704765,0.1826199800659401,0.14726812480386578,0.2012681248038658,0.018648144737925698,2775.7845205237986,F4,6.93740655167972e-06,0.16050976614693446,0.04075835865693134,,,,
149,2024-05-07,2024-05-07,5329.3125,0.0096869980818001,103.23745685315498,2144.340622161143,0.2238946893801809,2098.809040798558,0.1564610799153646,4.023627796272504e-06,781.6354166666666,0.2471666666666666,0.2061458333333333,0.2285099013477629,0.2289212041098555,0.1325282988068654,5.4375,6.7,2.695,781.6354166666666,72.85833333333333,2.11875,2024-05-07,0.1564610799153646,852.7116653133976,2778.0415015679796,0.19795219930518554,0.16972231383715486,0.22372231383715485,0.025770114531969313,2719.05431392155,F4,4.746064783968433e-06,0.17193366956001277,0.05178864427714208,,,,
150,2024-05-08,2024-05-08,5279.104166666667,0.0097332064556078,102.74911877033776,2131.837186536381,0.2308154555923855,2099.1396672042297,0.1563224792480468,2.886197170012304e-06,783.75,0.2540416666666666,0.2289583333333333,0.2426334668474893,0.2462426451133242,0.14255612090399,6.275,6.360416666666667,2.9982,783.75,55.50833333333333,1.5104166666666667,2024-05-08,0.1563224792480468,842.5647930882486,2761.8430195176957,0.20247049477974305,0.18021238101632764,0.23421238101632763,0.03174188623658458,2719.4826478657837,F4,1.6179272323281464e-06,0.17184300365990895,0.062369377356418676,,,,
151,2024-05-09,2024-05-09,5205.3125,0.0098018458639601,102.02883803177046,2176.2208100080293,0.2071838721287851,2139.614692334743,0.1420021057128906,3.169227679597409e-06,788.5166666666668,0.2284791666666666,0.2211875,0.225162829509929,0.2248162840473874,0.1301518563329912,7.452083333333333,7.445833333333333,0.0,788.5166666666668,53.58958333333334,3.764583333333333,2024-05-09,0.1420021057128906,831.6937066577078,2819.343001899198,0.186993467039419,0.1672363262561099,0.2212363262561099,0.0342428592166909,2771.918953193176,F4,3.6962429537527816e-06,0.1612804262978167,0.0599558999582932,,,,
152,2024-05-10,2024-05-10,5030.354166666667,0.0099723848063966,100.29445377055612,2172.5915796874147,0.2093150060007421,2124.329977127572,0.1473846435546875,4.20875624450618e-06,792.3041666666667,0.2101666666666666,0.2123333333333333,0.2111520925646686,0.2076332183819118,0.12020414323325,8.918750000000001,8.310416666666667,0.0,792.3041666666667,54.59583333333333,7.470833333333334,2024-05-10,0.1473846435546875,817.0503281663023,2814.6412523985728,0.1882021383886469,0.1568300607993917,0.2108300607993917,0.022627922410744794,2752.1172608937627,F4,7.679073026711237e-06,0.16517906000227994,0.04565100079711176,,,,
153,2024-05-11,2024-05-11,4696.8125,0.010320159070092,96.91298974547487,2150.3676103436187,0.2212354344868097,2098.0554361765057,0.1570065816243489,4.618999769247653e-06,789.5958333333333,0.1921874999999999,0.2031666666666667,0.1971809562331448,0.1904987197510531,0.1102845468232707,9.075,8.964583333333334,3.6381998,789.5958333333333,61.87291666666667,6.991666666666667,2024-05-11,0.1570065816243489,816.1708702940585,2785.8496003034793,0.19581988591761257,0.14645320810664175,0.20045320810664174,0.0046333221890291765,2718.0780021853466,F4,9.916594222718224e-06,0.17216033431027222,0.028292873796369522,,,,
154,2024-05-12,2024-05-12,4604.604166666667,0.0104234488117386,95.95555992431112,2092.601153749659,0.2549302807623086,2030.5483769778305,0.1843516031901041,5.665948277428613e-06,787.15,0.237625,0.2074583333333333,0.2239048394201256,0.223273458255706,0.1292586753001465,9.5625,8.897916666666667,2.5008,787.15,78.44791666666667,6.672916666666667,2024-05-12,0.1843516031901041,830.8869736308698,2711.0118566362394,0.21753626579216556,0.1663019729192682,0.22030197291926823,0.002765707127102668,2630.6210887805537,F4,1.8627715916417067e-05,0.1921974982332112,0.028104474686057035,,,,
155,2024-05-13,2024-05-13,4707.458333333333,0.0103075754642372,97.02567411372505,2104.138095062898,0.2468425486949281,2047.4383377098884,0.1765658060709635,5.135986151789939e-06,789.3479166666666,0.230125,0.2165,0.2239281871414102,0.2233020923974747,0.1292752523320172,11.29375,10.13125,0.38889998,789.3479166666666,57.37916666666666,10.8375,2024-05-13,0.1765658060709635,824.5371636139431,2725.958223569787,0.21295996648286797,0.16631931409028916,0.22031931409028915,0.007359347607421185,2652.5024127589345,F4,1.2623625530905022e-05,0.18689354307713912,0.03342577101315003,,,,
156,2024-05-14,2024-05-14,4869.395833333333,0.0101351861631894,98.67892386473106,2141.248149320169,0.225388709684797,2083.293520485588,0.1620457967122396,5.154763670697625e-06,788.525,0.1988333333333333,0.204,0.2011831950901074,0.1954071505749841,0.1131261620831423,13.177083333333334,11.879166666666668,0.0,788.525,50.64791666666667,12.43125,2024-05-14,0.1620457967122396,819.6701666637496,2774.0351334537386,0.19905769544567614,0.14942581119878917,0.20342581119878916,0.004368115753113022,2698.9536084168385,F4,1.0655767318531905e-05,0.17628563276499498,0.027140178433794182,,,,
157,2024-05-15,2024-05-15,5042.6875,0.0099598430473387,100.41835722636095,2206.01588478045,0.1929536473877649,2150.0311449290866,0.138708750406901,4.829594598874564e-06,788.1854166666667,0.172125,0.1908333333333333,0.1806337736192867,0.1702049031914091,0.0985359410293855,13.847916666666668,12.39375,0.2654,788.1854166666667,55.552083333333336,10.45,2024-05-15,0.138708750406901,819.9605414898224,2857.943191348897,0.17742333472803384,0.13416303554017658,0.1881630355401766,0.01073970081214276,2785.4137017919497,F4,1.1215921317698887e-05,0.1586964481448585,0.0294665873953181,,,,
158,2024-05-16,2024-05-16,5201.291666666667,0.0098055507051557,101.98971663071376,2250.8239640666616,0.1731819724911061,2199.9044652346424,0.1233240763346354,4.289361245195892e-06,787.7791666666667,0.1432916666666666,0.17525,0.1578266986621965,0.1422338215733449,0.0823427715191853,14.710416666666667,13.397916666666667,0.0,787.7791666666667,50.31458333333333,10.722916666666668,2024-05-16,0.1233240763346354,808.3914939864377,2915.9930657840464,0.16412109112657636,0.11722342149831586,0.17122342149831588,0.007102330371739518,2850.0257098833654,F4,9.049468891176487e-06,0.1471365458816245,0.024086875616691372,,,,
159,2024-05-17,2024-05-17,5278.375,0.0097339065964307,102.74191267972786,2260.150505220037,0.1689624923478092,2211.0835917394347,0.1198590596516927,4.110929635333758e-06,786.8354166666667,0.116375,0.1583541666666666,0.1354676267737892,0.1148121804434998,0.0664676870613612,15.14375,14.070833333333333,0.0,786.8354166666667,40.84791666666667,12.910416666666668,2024-05-17,0.1198590596516927,800.4138456358701,2928.0758095992737,0.16150304632300821,0.1006165550397088,0.15461655503970878,-0.006886491283299434,2864.5085196854257,F4,6.8931061990542265e-06,0.144688566578822,0.009927988460886772,,,,
160,2024-05-18,2024-05-18,5291.270833333333,0.0097234600616063,102.862264950003,2313.915494993584,0.1480845890421567,2258.392217132261,0.1071039835611979,4.555471596636035e-06,788.8083333333334,0.0989375,0.1427708333333333,0.1188734239365025,0.0944606972821677,0.0546856966072416,14.083333333333334,13.658333333333331,0.0,788.8083333333334,41.56458333333334,13.4125,2024-05-18,0.1071039835611979,806.6412511625658,2997.7295630089166,0.14731921738239967,0.08829145890507274,0.14229145890507272,-0.005027758477326949,2925.797907838204,F4,7.421909005207453e-06,0.13503264821776773,0.007258810687304995,,,,
161,2024-05-19,2024-05-19,5228.1875,0.0097821283912829,102.2466895093675,2295.073742672628,0.155524673366312,2226.6726962084454,0.1160163879394531,5.707644931780388e-06,788.2895833333333,0.091375,0.1338125,0.1106760822522127,0.0844073031606586,0.0488655314314583,13.36875,12.733333333333334,0.0755,788.2895833333333,58.38125,12.54375,2024-05-19,0.1160163879394531,810.0517971510442,2973.3196491319286,0.15212123446504722,0.08220300588940194,0.13620300588940193,-0.015918228575645288,2884.704555119173,F4,1.5275072243262976e-05,0.14142459417508535,-0.005221588285683421,,,,
162,2024-05-20,2024-05-20,5566.729166666667,0.0094792036218349,105.5081361188328,2357.5028378877378,0.1324292026458828,2310.661892358643,0.0941251118977864,3.7595796093601872e-06,785.0645833333333,0.0849375,0.1223124999999999,0.1019360967405349,0.0736883991123409,0.0426600856575672,14.2125,13.0875,0.0,785.0645833333333,35.86875,13.64375,2024-05-20,0.0941251118977864,815.5180705227268,3054.1979459941704,0.13684578394588504,0.0757115122814831,0.1297115122814831,-0.007134271664401948,2993.514447622832,F4,5.652306005811269e-06,0.12533139690666156,0.004380115374821525,,,,
163,2024-05-21,2024-05-21,5359.479166666667,0.009667995127175,103.49931907823336,2298.5092339505177,0.1549975642941194,2244.645484692916,0.111920674641927,4.483402361455499e-06,785.5208333333334,0.1349583333333333,0.112375,0.124687163396466,0.1015907909590969,0.0588134889146922,12.454166666666666,12.783333333333331,4.7281,785.5208333333334,60.57083333333333,8.379166666666666,2024-05-21,0.111920674641927,861.8534835219847,2977.770405345572,0.15123260156453866,0.09260952699477758,0.14660952699477758,-0.0046230745697610764,2907.9887068032663,F4,1.1232352218164313e-05,0.1377526252208816,0.008856901773895975,,,,
164,2024-05-22,2024-05-22,5015.041666666667,0.0099898967481237,100.13374682901872,2204.489611114605,0.1941270711255794,2158.2983055896407,0.1363525390625,3.970383146809175e-06,790.05625,0.2101875,0.1114791666666666,0.1652937701467922,0.1513915967960117,0.0876444401690378,9.716666666666669,10.027083333333334,6.0151997,790.05625,69.17916666666666,4.3187500000000005,2024-05-22,0.1363525390625,847.9831337095943,2855.9658694893715,0.17789880780367234,0.12276947723803763,0.17676947723803765,-0.0011293305656346897,2796.123994353587,F4,8.332084491823154e-06,0.15670179834257503,0.020067678895462626,,,,
165,2024-05-23,2024-05-23,5392.791666666667,0.0096304098652426,103.84836067769888,2275.1989895579754,0.1629478356824766,2229.525738385162,0.1147473653157552,3.794588317012588e-06,783.5895833333334,0.1696666666666666,0.1137083333333333,0.1442161478009604,0.1255415526294881,0.0726791931060017,10.629166666666666,10.941666666666668,0.0,783.5895833333334,43.77291666666667,10.19375,2024-05-23,0.1147473653157552,851.8701485609206,2947.571459494837,0.157380808210782,0.10711438827418555,0.16111438827418556,0.0037335800634035743,2888.400735423147,F4,6.290618414126146e-06,0.1408352658244107,0.020279122449774867,,,,
166,2024-05-24,2024-05-24,5290.416666666667,0.0097229412702932,102.85861798355396,2283.916491564461,0.1594745252738035,2230.5140947553737,0.1145337422688802,4.440076729442675e-06,788.0354166666666,0.1463541666666666,0.1125,0.1309568870103849,0.1092801132969056,0.0632650328962554,9.785416666666666,9.65625,1.8622999,788.0354166666666,68.29791666666667,6.0875,2024-05-24,0.1145337422688802,831.7079996823256,2958.8651793981667,0.15504856241475412,0.09726627049953418,0.15126627049953417,-0.0037822919152199486,2889.6811733285854,F4,1.132565539853999e-05,0.14060860107415118,0.010657669425382987,,,,
167,2024-05-25,2024-05-25,5540.333333333333,0.0095015413294961,105.25854665798128,2305.917989482417,0.1510068096118781,2248.966557689814,0.1095199584960937,4.6912114461980095e-06,783.7020833333332,0.1256458333333333,0.1114375,0.1191837135022046,0.0948412430024679,0.0549060041891701,10.69375,10.714583333333332,0.0,783.7020833333332,54.458333333333336,9.372916666666669,2024-05-25,0.1095199584960937,843.3245221627399,2987.368614757771,0.14933621418980536,0.0885219218423016,0.1425219218423016,-0.006814292347503748,2913.586754050345,F4,9.574233020415682e-06,0.13689129916989556,0.005630622672406049,,,,
168,2024-05-26,2024-05-26,5175.395833333333,0.009830714071527,101.73319136642674,2235.766878925178,0.1793529727815508,2170.1168888504835,0.1321512858072916,5.606667874317128e-06,788.9979166666667,0.1745,0.1106666666666666,0.1454678370050171,0.1270766508809295,0.0735679004695506,11.48125,10.7,6.6500998,788.9979166666667,72.95208333333333,7.95,2024-05-26,0.1321512858072916,850.8603659280624,2896.4862733540604,0.16845400490346374,0.1080440617223141,0.16204406172231411,-0.006409943181149624,2811.4352347642957,F4,1.787529766249187e-05,0.15389115543935733,0.008152906282956784,,,,
169,2024-05-27,2024-05-27,5139.333333333333,0.0098645163637226,101.3803175894648,2284.481127188826,0.1591643669514139,2227.983519945901,0.115210215250651,4.703895964209615e-06,793.5666666666666,0.1594166666666666,0.1108958333333333,0.1373488117008328,0.11711930563303,0.0678033404259844,13.9625,12.597916666666668,0.0,793.5666666666666,51.708333333333336,11.535416666666668,2024-05-27,0.115210215250651,837.7965086025588,2959.5966775480124,0.15489887850647865,0.10201377702742265,0.15601377702742264,0.0011148985209439854,2886.4027567510684,F4,1.0387296652409123e-05,0.14115259647477396,0.014861180552648678,,,,
170,2024-05-28,2024-05-28,5168.520833333333,0.0098368626851344,101.66697703105466,2339.8365182525995,0.1387530454218656,2284.188081804481,0.1005859375,4.513232561528871e-06,794.9041666666667,0.1178541666666666,0.1077916666666666,0.1132776213903687,0.0875978860698154,0.0507126409065155,15.077083333333334,14.083333333333334,0.0,794.9041666666667,41.84375,13.96875,2024-05-28,0.1005859375,828.5526228395512,3031.310831596777,0.14098830556334097,0.08413526020075358,0.13813526020075356,-0.002853045362587403,2959.2170306620933,F4,7.837752075781351e-06,0.13009135666211086,0.008043903538642705,,,,
171,2024-05-29,2024-05-29,5321.604166666667,0.0096950190660394,103.159164763793,2362.403508029359,0.1308129196086352,2305.598322793299,0.0953051249186198,4.5640674206574255e-06,791.9708333333333,0.0901041666666666,0.1027916666666666,0.09587459331939,0.0662544424458237,0.0383563793484535,15.51875,14.402083333333332,0.0,791.9708333333333,38.610416666666666,15.185416666666669,2024-05-29,0.0953051249186198,827.4514477177385,3060.546874377198,0.13572028906143901,0.07120942121277758,0.12520942121277756,-0.010510867848661454,2986.9544793728132,F4,7.24245994602248e-06,0.1261927229576476,-0.0009833017448700465,,,,
172,2024-05-30,2024-05-30,5524.145833333333,0.0095145347623496,105.10800954725757,2417.4322886256414,0.1130210931338979,2359.798082667507,0.0830408732096354,4.525005216548382e-06,790.4729166666666,0.0747083333333333,0.0977708333333333,0.0851974339976433,0.0531597472514797,0.0307755277438637,15.489583333333334,14.35,0.0,790.4729166666666,41.797916666666666,14.0,2024-05-30,0.0830408732096354,823.8806620322046,3131.83789721996,0.12373996977287381,0.06327912071110728,0.11727912071110728,-0.006460849061766527,3057.1714872257076,F4,7.837420787677364e-06,0.11703546704716423,0.00024365366394304977,,,,
173,2024-05-31,2024-05-31,5647.416666666667,0.0094102554578963,106.27378200594886,2479.4721712825026,0.0952087559672519,2428.206640796145,0.0693778991699218,3.909829887394122e-06,791.2833333333333,0.0634583333333333,0.0927708333333333,0.0767900087034184,0.0428487021242555,0.0248062018574941,15.497916666666669,14.704166666666666,0.0,791.2833333333333,38.25208333333333,13.254166666666668,2024-05-31,0.0693778991699218,825.1557218379385,3212.2119604597206,0.11153610410235003,0.05703463123414027,0.11103463123414027,-0.0005014728682097569,3145.7963127686994,F4,6.207078374970446e-06,0.10674488738538336,0.004289743848756911,,,,
174,2024-06-01,2024-06-01,5603.604166666667,0.0094469987559623,105.86063293427893,2454.4425128490843,0.1020017192277408,2393.0755403999474,0.0760701497395833,4.750068962617122e-06,790.7895833333333,0.05625,0.089375,0.0713156459406079,0.0361348272440459,0.0209193691818747,15.320833333333333,14.366666666666667,0.0,790.7895833333333,41.06458333333333,14.920833333333334,2024-06-01,0.0760701497395833,809.1947190475777,3179.7854750499405,0.11630638396271638,0.052968630113803025,0.10696863011380302,-0.00933775384891336,3100.2831821178293,F4,8.053261493816222e-06,0.11186751074124784,-0.0048988806274448266,,,,
175,2024-06-02,2024-06-02,5831.1875,0.009260828209696,107.98887473639066,2475.735123021071,0.0962153510154217,2420.6327797992863,0.0708325703938802,4.220182168578722e-06,786.9854166666668,0.0511875,0.0877916666666666,0.0678355125268227,0.0318667176358703,0.0184484521355827,17.358333333333334,15.51875,0.0,786.9854166666668,32.52916666666667,16.95625,2024-06-02,0.0708325703938802,812.3295229133291,3207.370530391975,0.11223579587720615,0.05038381303600508,0.10438381303600508,-0.007851982841201074,3135.9842055134745,F4,5.894084357076509e-06,0.10778754523657702,-0.0034037322005719406,,,,
176,2024-06-03,2024-06-03,5901.583333333333,0.0092053636016834,108.63901754635472,2520.1528723721854,0.084326323379779,2457.4214604490394,0.0639114379882812,4.726099278868354e-06,786.9520833333332,0.0445,0.085625,0.063204141564,0.0261867058216252,0.015160149045129,16.631249999999998,15.689583333333331,0.0,786.9520833333332,36.82083333333333,16.09375,2024-06-03,0.0639114379882812,824.6633724778109,3264.914723617806,0.10418912592063774,0.04694393147545854,0.10094393147545853,-0.003245194445179206,3183.6447686612937,F4,7.003751347377014e-06,0.10271025483076444,-0.00176632335530591,,,,
177,2024-06-04,2024-06-04,5742.666666666667,0.0093343631795708,107.15666045305598,2483.335763985672,0.0943467235136622,2398.0064273693847,0.0756543477376302,6.62251886874073e-06,787.9145833333333,0.0423958333333333,0.0842291666666666,0.0614221333639878,0.0240012130786768,0.0138949117928442,17.53125,15.666666666666666,1.7281,787.9145833333333,55.84791666666666,15.8375,2024-06-04,0.0756543477376302,828.5482054680133,3217.217331697683,0.11081723512974269,0.045620371519417204,0.0996203715194172,-0.011196863610325486,3106.67125708086,F4,1.7226208454862595e-05,0.11114218354041748,-0.011521812021000277,,,,
178,2024-06-05,2024-06-05,5644.625,0.0094131739933207,106.24530777313318,2514.693013666925,0.0859588858483742,2438.8917438940884,0.0674934387207031,5.759054933396464e-06,792.96875,0.0435208333333333,0.0830833333333333,0.0615143312208895,0.0241142864905571,0.0139603728626261,18.175,16.439583333333335,0.0,792.96875,50.11875,15.429166666666667,2024-06-05,0.0674934387207031,810.2029659838939,3257.8413538746054,0.10514737366664147,0.04568885009960953,0.09968885009960952,-0.005458523567031942,3159.6391041367533,F4,1.2902499518886977e-05,0.10524890003367073,-0.005560049934061201,,,,
179,2024-06-06,2024-06-06,5612.916666666667,0.009439343248648,105.9478735649442,2535.7366771906604,0.0803900546906884,2462.571764020781,0.063025156656901,5.505044411711893e-06,793.9375,0.0415416666666666,0.0822291666666666,0.0600468280012624,0.0223145093420981,0.0129184361637334,20.758333333333333,18.29583333333333,0.0,793.9375,40.88541666666666,18.3,2024-06-06,0.063025156656901,821.4079569466769,3285.103893235097,0.10149936902869812,0.04459888401704781,0.09859888401704782,-0.0029004850116503,3190.317102767221,F4,9.789048653657242e-06,0.10203026057998597,-0.0034313765629381543,,,,
180,2024-06-07,2024-06-07,5783.645833333333,0.0092984262295602,107.54925695165105,2562.7703382286304,0.073826483835354,2486.3839815901297,0.0588963826497395,5.688868519814597e-06,791.7062500000001,0.0361458333333333,0.0812291666666666,0.0566502722109909,0.0181489011083049,0.0105068597662253,21.03333333333333,19.18958333333333,0.0,791.7062500000001,37.75208333333333,19.097916666666663,2024-06-07,0.0588963826497395,838.6383594147784,3320.1266090884733,0.09698669470974718,0.04207614296993428,0.09607614296993429,-0.0009105517398128871,3221.1663661577304,F4,8.718229965620087e-06,0.09890228702640501,-0.0028261440564707196,,,,
181,2024-06-08,2024-06-08,5582.833333333333,0.0094652674401899,105.66159482933914,2467.8543659256657,0.0984205108261201,2369.22198829264,0.0812060038248698,7.72163071660772e-06,791.0541666666667,0.0519375,0.0866041666666666,0.0677043143680324,0.0317058134245864,0.0183553006013016,18.072916666666668,17.341666666666665,1.9455999,791.0541666666667,59.89166666666667,16.660416666666666,2024-06-08,0.0812060038248698,853.7523256824006,3197.1608323390847,0.11372557990493141,0.05028636756449715,0.10428636756449715,-0.009439212340434266,3069.380368903794,F4,2.16812181930467e-05,0.11553947969545159,-0.011253112130954437,,,,
182,2024-06-09,2024-06-09,5709.25,0.0093595209149203,106.85260491946298,2507.096748764409,0.0878233859517449,2416.925896494055,0.0715853373209635,6.914912718470435e-06,791.7854166666666,0.0529791666666666,0.08,0.0652685646446342,0.0287185581784608,0.01662590267414,18.23125,16.995833333333334,0.0219,791.7854166666666,49.43958333333333,18.002083333333335,2024-06-09,0.0715853373209635,838.8645966802372,3248.0002218557447,0.10649460024560069,0.04847725086301029,0.10247725086301028,-0.004017349382590407,3131.181854824887,F4,1.458185242817915e-05,0.1083315406371998,-0.005854289774189517,,,,
183,2024-06-10,2024-06-10,5799.104166666667,0.0092871645850116,107.6884695509978,2528.953258831913,0.0823390596065328,2443.475949669062,0.0667152404785156,6.486939810700018e-06,791.525,0.0507916666666666,0.0795208333333333,0.0638580350642127,0.0269886547124138,0.0156244176245275,19.80208333333333,18.089583333333334,0.0,791.525,42.50625,19.09375,2024-06-10,0.0667152404785156,827.1705951378539,3276.3158221943563,0.10266202652145758,0.04742960109942059,0.10142960109942059,-0.001232425422036984,3165.5780458156037,F4,1.1070874379533126e-05,0.10461423873294416,-0.003184637633523571,,,,
184,2024-06-11,2024-06-11,5786.1875,0.0092973975706345,107.56895877495184,2544.002370069995,0.0784860326114134,2453.297970531107,0.064849853515625,6.8565590490761895e-06,792.9104166666666,0.0467499999999999,0.0790208333333333,0.0614271607308186,0.0240073787482426,0.0138984812555409,21.085416666666667,18.9625,0.1734,792.9104166666666,47.95208333333333,18.579166666666666,2024-06-11,0.064849853515625,825.9522942083582,3295.8122842531548,0.10009933415222015,0.04562410552099,0.09962410552099,-0.0004752286312301457,3178.3026947365975,F4,1.4027082058347001e-05,0.10325425023138722,-0.003630144710397215,,,,
185,2024-06-12,2024-06-12,5899.479166666667,0.009207113378754,108.61923114204453,2581.4719223870693,0.0694595082035569,2508.2416181691856,0.0553169250488281,5.410228844226386e-06,793.3125,0.0396666666666666,0.0787916666666666,0.0574611843248186,0.0191434209651313,0.0110826125684497,22.40833333333333,20.245833333333334,0.0,793.3125,34.927083333333336,20.0375,2024-06-12,0.0553169250488281,827.5811856609561,3344.354931958582,0.09397339803004702,0.042678435822303774,0.09667843582230377,0.0027050377922567537,3249.483425917392,F4,7.903856671555341e-06,0.09618231002329113,0.0004961257990126478,,,,
186,2024-06-13,2024-06-13,5987.145833333333,0.0091392733266239,109.42403579062392,2618.3627136038326,0.0611195531783496,2551.8550719477444,0.0483945210774739,4.827628576099229e-06,793.8895833333332,0.0332916666666666,0.0778541666666666,0.0535592243188429,0.0143579742560329,0.008312195935994,22.9625,20.414583333333333,0.0,793.8895833333332,31.00625,20.629166666666663,2024-06-13,0.0483945210774739,824.6335724740042,3392.147781642398,0.08827367180612812,0.0397803133479241,0.0937803133479241,0.005506641541795976,3305.9856361406187,F4,6.609681024535773e-06,0.09101435371737475,0.0027659596305493472,,,,
187,2024-06-14,2024-06-14,5937.6875,0.0091777953346988,108.9690069229473,2629.6627922362745,0.0586403225378437,2540.605912493063,0.0501645406087239,6.501227895618867e-06,794.2583333333333,0.0284583333333333,0.0773333333333333,0.0506872675324944,0.010835745393908,0.0062730881961892,21.3125,20.464583333333334,0.0,794.2583333333333,44.13541666666666,18.006249999999998,2024-06-14,0.0501645406087239,851.063289071759,3406.7872876460046,0.0865894692271696,0.03764721037013421,0.09164721037013421,0.005057741142964603,3291.4120970769577,F4,1.131055325477193e-05,0.09228367631882789,-0.0006364659486936819,,,,
188,2024-06-15,2024-06-15,5661.875,0.0093999122322698,106.40333242372094,2492.6197199730136,0.0917553529083801,2395.2375535003284,0.0760002136230468,7.545977214098833e-06,791.7666666666668,0.058125,0.0748541666666666,0.0657336249624579,0.0292889180396724,0.0169560984828158,18.214583333333334,17.58125,2.201,791.7666666666668,65.79791666666667,15.027083333333332,2024-06-15,0.0760002136230468,866.6968506339831,3229.2449054725867,0.10910835306529405,0.048822667463119696,0.1028226674631197,-0.006285685602174351,3103.0841187123797,F4,2.5191263417893055e-05,0.11155018009088456,-0.00872751262776486,,,,
189,2024-06-16,2024-06-16,6017.229166666667,0.0091176690907592,109.6934509882501,2555.521930054843,0.0755539506810703,2487.6871093909053,0.0587615966796875,5.061689614385866e-06,787.1479166666667,0.0574583333333333,0.0754375,0.0656354732369463,0.0291685426767464,0.0168864101281312,19.49375,18.225,0.0,787.1479166666667,36.64375,18.691666666666663,2024-06-16,0.0587615966796875,850.2024744369068,3310.736133284871,0.09817809502552587,0.04874976673600597,0.10274976673600597,0.004571671710480105,3222.854597530577,F4,8.06038893859145e-06,0.09872095522619741,0.004028811509808564,,,,
190,2024-06-17,2024-06-17,6358.1875,0.0088693659874893,112.76045888053802,2596.861797837352,0.0658693831671907,2542.585090886174,0.0497894287109375,3.954588477643822e-06,782.5895833333334,0.0504583333333333,0.0762083333333333,0.0621697411211266,0.0249180951265751,0.0144257180957684,20.89583333333333,19.558333333333334,0.0,782.5895833333334,28.45208333333333,18.916666666666668,2024-06-17,0.0497894287109375,842.6822760119179,3364.292861717968,0.09155721203903337,0.04617564600702507,0.10017564600702507,0.008618433967991695,3293.9761671963433,F4,5.275613025431386e-06,0.0920570115685684,0.008118634438456673,,,,
191,2024-06-18,2024-06-18,6412.833333333333,0.008831494913136,113.24398774117306,2641.871794889817,0.0560529435310602,2586.044277842664,0.0433375040690104,3.997771330485274e-06,783.9520833333332,0.0416874999999999,0.0764791666666666,0.0575111658621479,0.0192047193851463,0.0111180997805484,22.339583333333334,20.53333333333333,0.0,783.9520833333332,29.879166666666663,16.879166666666666,2024-06-18,0.0433375040690104,838.3631056215746,3422.604325160367,0.08480088528758485,0.042715558862113576,0.09671555886211357,0.011914673574528717,3350.278521282167,F4,5.08859133613557e-06,0.08720638591301531,0.009509172949098255,,,,
192,2024-06-19,2024-06-19,6230.958333333333,0.0089587295637666,111.62962637898283,2658.06353908934,0.0528071731483106,2588.7653200904483,0.0430882771809895,4.961473526104573e-06,789.5791666666668,0.03225,0.0754166666666666,0.0518827159678865,0.01230186877095,0.0071218642532429,20.122916666666665,19.66875,0.0,789.5791666666668,44.78958333333333,14.483333333333334,2024-06-19,0.0430882771809895,833.4405801940148,3443.5810939181747,0.08247722864159822,0.038535111827931325,0.09253511182793132,0.010057883186333105,3353.803692709571,F4,9.392386346509608e-06,0.08688905526265202,0.005646056565279306,,,,
193,2024-06-20,2024-06-20,6074.3125,0.009073738546003,110.21658008919395,2640.9384926438665,0.05623612800038,2549.1334207993345,0.0487950642903645,6.670490904466828e-06,792.6666666666666,0.0294583333333333,0.0744583333333333,0.0499248712149139,0.0099007263410712,0.0057317819204935,20.775,19.010416666666668,0.0,792.6666666666666,43.03958333333333,18.89375,2024-06-20,0.0487950642903645,855.2849718521608,3421.395211111059,0.0849364902779891,0.03708095190029327,0.09108095190029326,0.00614446162230417,3302.4596758687603,F4,1.1246991974982049e-05,0.09128635141768614,-0.00020539951739287354,,,,
194,2024-06-21,2024-06-21,5636.0,0.009420473551746,106.16369543442784,2533.296215599606,0.0813835020952485,2414.68656746934,0.0721702575683593,9.097509389179166e-06,795.3291666666668,0.0477083333333333,0.0736041666666666,0.0594860678642614,0.0216267811880177,0.0125202928695975,18.2125,18.120833333333334,6.2584996,795.3291666666668,75.81666666666666,14.416666666666666,2024-06-21,0.0721702575683593,901.9459579553342,3281.942220358659,0.10191622356877121,0.04418238780660743,0.09818238780660743,-0.0037338357621637813,3128.2807537115505,F4,3.6319840646773386e-05,0.10864887128756308,-0.010466483480955649,,,,
195,2024-06-22,2024-06-22,5217.3125,0.0097953214504315,102.12947087339552,2335.866946676971,0.1422962265692279,2233.5226762381467,0.1152292887369791,8.480429419458314e-06,795.8145833333333,0.173,0.0920625,0.1361886575602127,0.1156964679294721,0.0669796235446058,18.28333333333333,17.577083333333334,12.1851,795.8145833333333,71.17083333333333,15.039583333333333,2024-06-22,0.1152292887369791,899.6536543183653,3026.168162346112,0.1419379387591458,0.10115208987954658,0.1551520898795466,0.013214151120400808,2893.5788583015865,F4,3.14729310840695e-05,0.13997393977342465,0.015178150106121946,,,,
196,2024-06-23,2024-06-23,5175.979166666667,0.0098313312926407,101.7348361886064,2267.238908348529,0.1667541640661383,2175.8496003706728,0.1310195922851562,7.798475327051706e-06,796.8208333333333,0.1748541666666666,0.0965208333333333,0.1392272303542856,0.1194230382058161,0.0691370297186145,18.241666666666667,17.777083333333334,4.5394998,796.8208333333333,62.24166666666667,16.408333333333335,2024-06-23,0.1310195922851562,875.6235604316839,2937.258995268232,0.15954588261939268,0.10340894440677265,0.15740894440677267,-0.00213693821262001,2818.8620914656126,F4,2.3645511950473423e-05,0.15257649988785227,0.004832444518920398,,,,
197,2024-06-24,2024-06-24,5430.25,0.0095971718711657,104.20825647671954,2388.644640518782,0.1223220227196863,2294.7672734333405,0.0980364481608073,7.580020167597753e-06,794.28125,0.1234374999999999,0.0926458333333333,0.1094330819495481,0.0828828611626152,0.0479829932436307,20.2125,19.022916666666667,0.0,794.28125,49.69166666666666,19.322916666666668,2024-06-24,0.0980364481608073,865.1888998138991,3094.54285167221,0.12986085983417667,0.08127978599291501,0.135279785992915,0.005418926158738346,2972.9226113400327,F4,1.5838273415590447e-05,0.12814203980987926,0.007137746183035754,,,,
198,2024-06-25,2024-06-25,5599.1875,0.0094511904220808,105.81715474231304,2446.754543728464,0.1047191318992078,2357.658365238667,0.083875020345052,7.007927622842829e-06,794.5104166666666,0.0819583333333333,0.0875,0.0844787495724539,0.0522783373928096,0.0302652571921454,21.69375,20.4375,0.0,794.5104166666666,44.58958333333334,20.12708333333333,2024-06-25,0.083875020345052,844.2333660259956,3169.825538154126,0.11781218937430211,0.0627453285960066,0.1167453285960066,-0.0010668607782955142,3054.399435175061,F4,1.2925928377730722e-05,0.11739813064757941,-0.0006528020515728095,,,,
199,2024-06-26,2024-06-26,5619.729166666667,0.0094331461191862,106.01393500845543,2498.6479853968094,0.0899728499751253,2397.320701382169,0.0753122965494791,7.828250432202497e-06,794.8166666666666,0.0596458333333333,0.0825416666666666,0.0700591320054893,0.034593811839854,0.0200272362283248,21.575,20.714583333333334,0.0,794.8166666666666,47.92291666666667,19.9625,2024-06-26,0.0753122965494791,839.400008418439,3237.0546589029414,0.1080125221500791,0.052035373168790366,0.10603537316879037,-0.001977148981288729,3105.782883642656,F4,1.5050599881909183e-05,0.11123284944052127,-0.005197476271730894,,,,
200,2024-06-27,2024-06-27,5678.083333333333,0.0093853852136886,106.55975612397924,2511.6597881457405,0.0867959376700509,2393.68636564297,0.076239267985026,9.129195308503755e-06,791.8958333333334,0.0494791666666666,0.0792916666666666,0.0630382480132138,0.0259832504439548,0.0150423635599853,21.504166666666663,20.204166666666666,1.4819,791.8958333333334,60.675,18.55625,2024-06-27,0.076239267985026,838.5572450709944,3253.911741995606,0.10568335748946196,0.04682071652011511,0.10082071652011511,-0.004862640969346854,3101.074519957436,F4,2.4987860218240725e-05,0.11177684484114404,-0.010956128321028935,,,,
201,2024-06-28,2024-06-28,5851.041666666667,0.0092456581258522,108.17039985810726,2498.7809336869063,0.0901615108803175,2387.159616451885,0.0775349934895833,8.66100901479158e-06,790.2583333333333,0.045625,0.0775416666666666,0.0601410814974914,0.0224301038337534,0.0129853567506231,20.70833333333333,19.825,4.0013,790.2583333333333,63.40625,17.095833333333335,2024-06-28,0.0775349934895833,841.7698897460964,3237.2268964027276,0.10798847529353904,0.044668889392626185,0.09866888939262618,-0.009319585900912863,3092.6189695958124,F4,2.5897670328632997e-05,0.11277416974228581,-0.014105280349659632,,,,
202,2024-06-29,2024-06-29,5720.9375,0.0093498905506773,106.96215177386408,2548.392452037078,0.0774932242072846,2446.8201684999617,0.0660591125488281,7.692885948581733e-06,793.9020833333334,0.0475833333333333,0.0767708333333333,0.0608581572093029,0.0233095407321346,0.0134944851055243,22.047916666666666,20.304166666666667,1.2751,793.9020833333334,48.38958333333333,20.31875,2024-06-29,0.0660591125488281,840.4110617296224,3301.499734173098,0.09936308369081952,0.04520148665990983,0.09920148665990983,-0.0001615970309096909,3169.9105565214822,F4,1.5662335519839397e-05,0.10411557628237328,-0.004914089622463452,,,,
203,2024-06-30,2024-06-30,5706.354166666667,0.0093614905773588,106.8270349437147,2573.274004034421,0.0714505303897646,2460.3237605781665,0.0635286966959635,8.502018188773695e-06,796.2062500000001,0.0440625,0.0772291666666666,0.0591470964386464,0.0212110594249286,0.0122796209831577,24.110416666666666,22.1625,0.22299999,796.2062500000001,48.770833333333336,21.0625,2024-06-30,0.0635286966959635,835.7257369190677,3333.734344364075,0.09528367783227516,0.04393062184661735,0.09793062184661734,0.0026469440143421785,3187.4047637504113,F4,1.6531245227060644e-05,0.10230225828029736,-0.004371636433680021,,,,
204,2024-07-01,2024-07-01,5694.833333333333,0.0093713267376255,106.71776853850996,2525.8117914129984,0.0831193177306142,2388.567681202406,0.077215830485026,1.064300895276808e-05,793.9812499999999,0.0428333333333333,0.076125,0.0579747812660952,0.0197733071732603,0.0114472696911039,22.183333333333334,21.37291666666667,6.4188,793.9812499999999,73.0125,17.739583333333332,2024-07-01,0.077215830485026,875.2064637684623,3272.2459805025205,0.10320470578822864,0.04305990227403748,0.09705990227403748,-0.006144803514191166,3094.4431491470536,F4,3.998350878267605e-05,0.11254750499202631,-0.015487602717988838,,,,
205,2024-07-02,2024-07-02,5427.0,0.0096050774244998,104.15861006738628,2356.7165070248216,0.1348233087425052,2250.512870261159,0.1108080546061198,8.757149367889598e-06,792.4666666666667,0.1357916666666666,0.1432127659574468,0.1391668713279494,0.119349012612652,0.0690941744227569,20.48958333333333,19.7875,16.7076,792.4666666666667,69.58749999999999,16.227083333333333,2024-07-02,0.1108080546061198,887.7743184528899,3053.179236676924,0.13702731524210765,0.10336411364210853,0.1573641136421085,0.020336798400000855,2915.590036762614,F4,3.183556173479836e-05,0.1365739685195323,0.02079014512257621,,,,
206,2024-07-03,2024-07-03,5599.3125,0.0094515704812988,105.81651361586556,2422.5379443581724,0.1120187772520445,2345.580473388604,0.0867055257161458,6.099217941726611e-06,793.2541666666666,0.1197708333333333,0.1184166666666666,0.119154942147082,0.0948059572008511,0.0548855763424859,20.56458333333333,19.98333333333333,0.0,793.2541666666666,48.14791666666667,17.127083333333335,2024-07-03,0.0867055257161458,878.2102681050968,3138.4523890460737,0.12268620294281198,0.08850055234831104,0.14250055234831105,0.019814349405499074,3038.7522546552477,F4,1.3051631499204812e-05,0.11934744749981104,0.023153104848500014,,,,
207,2024-07-04,2024-07-04,5754.5625,0.0093226869445544,107.2754670267751,2513.8327756644585,0.0860717578670583,2450.0555625644943,0.06536865234375,4.825345057711431e-06,794.8520833333333,0.0771875,0.0949583333333333,0.0852698874134204,0.0532486056609874,0.030826970133801,20.504166666666663,19.92708333333333,0.0,794.8520833333333,44.42291666666667,15.708333333333334,2024-07-04,0.06536865234375,852.916042141943,3256.726896195923,0.10529911670578009,0.06333293440276162,0.11733293440276162,0.01203381769698153,3174.1020822950973,F4,1.000654754697887e-05,0.1037075797319062,0.013625354670855419,,,,
208,2024-07-05,2024-07-05,5826.229166666667,0.0092652939429684,107.94092047051758,2573.9993076225574,0.0714242073045082,2513.644509000173,0.0545603434244791,4.447107199160259e-06,796.6770833333334,0.0565833333333333,0.0840625,0.0690811867897244,0.0333944390355982,0.0193328888523301,20.83125,20.133333333333333,0.0,796.6770833333334,43.45625,14.545833333333334,2024-07-05,0.0545603434244791,842.243369477006,3334.673991474359,0.0951670897953862,0.05130901897649217,0.10530901897649217,0.010141929181105971,3256.4829924982823,F4,8.837999911053369e-06,0.09550231577251266,0.009806703203979514,,,,
209,2024-07-06,2024-07-06,6014.833333333333,0.0091182660025683,109.67655099339576,2603.4705237677795,0.0644718572342605,2542.9974809417204,0.0497919718424479,4.405068718304649e-06,794.4604166666667,0.0440625,0.0798333333333333,0.0603315025660527,0.0226636402806914,0.0131205569307132,22.23333333333333,20.839583333333334,0.0,794.4604166666667,35.65,16.527083333333334,2024-07-06,0.0497919718424479,838.8458358318816,3372.854614789042,0.09053671580423929,0.04481032179520021,0.0988103217952002,0.008273605990960914,3294.510427787829,F4,6.769462823230445e-06,0.0920116786185165,0.0067986431766837024,,,,
210,2024-07-07,2024-07-07,6143.770833333333,0.0090219242199382,110.84648338129632,2630.186635003661,0.0585677311639805,2566.250515072958,0.0462226867675781,4.612165904571338e-06,792.4104166666666,0.0341666666666666,0.077875,0.0540457391090537,0.0149546463383136,0.0086576245576794,23.24791666666667,21.504166666666663,0.0,792.4104166666666,37.76458333333333,17.2,2024-07-07,0.0462226867675781,837.5758742987662,3407.465937732216,0.08651207051263334,0.040141664936732976,0.09414166493673297,0.007629594424099634,3324.635256458402,F4,7.856852182703704e-06,0.08938236751550642,0.004759297421226549,,,,
211,2024-07-08,2024-07-08,6136.020833333333,0.0090282348222204,110.77405812833616,2658.76858740122,0.0525784302312403,2588.4627691347528,0.0430946350097656,5.038844699198208e-06,793.9625,0.0280416666666666,0.0766041666666666,0.050128472130539,0.0101504268326589,0.005876339876538,23.495833333333334,21.70208333333333,0.0,793.9625,44.5,16.154166666666665,2024-07-08,0.0430946350097656,834.6258057435963,3444.4944998625338,0.08237727538706881,0.03723217343728332,0.09123217343728332,0.008854898050214513,3353.41173114219,F4,1.0329287350791567e-05,0.08693438821270393,0.004297785224579395,,,,
212,2024-07-09,2024-07-09,6117.770833333333,0.0090410463974162,110.61180545205094,2667.455661583678,0.0507325286460385,2592.807789724171,0.042364756266276,5.3320848646794215e-06,794.84375,0.0246666666666666,0.0760416666666666,0.0480326307481378,0.0075800424025662,0.0043882790517471,23.854166666666668,22.1125,0.0,794.84375,40.3625,17.641666666666666,2024-07-09,0.042364756266276,827.5621004914651,3455.7487998355236,0.08115397900560316,0.03567551857568306,0.08967551857568305,0.008521539570079895,3359.040803033952,F4,9.192815712870342e-06,0.08648105871218494,0.003194459863498117,,,,
213,2024-07-10,2024-07-10,6039.104166666667,0.0091000317160637,109.89717216771982,2672.664697229168,0.0496711538285935,2593.145029154369,0.042327880859375,5.680451213452923e-06,796.65,0.0225833333333333,0.07525,0.046536762853998,0.0057454782142366,0.0033262032520119,23.566666666666663,21.854166666666668,0.0,796.65,39.82083333333333,18.558333333333334,2024-07-10,0.042327880859375,832.8339395170553,3462.497222663858,0.08042769838192247,0.034564485055075374,0.08856448505507537,0.008136786673152901,3359.477704300184,F4,9.41051854428845e-06,0.08643572576213306,0.002128759292942317,,,,
214,2024-07-11,2024-07-11,6058.511111111111,0.0090850176294867,110.07533409809778,2707.7127538731847,0.042799049579979,2623.374558775365,0.038177490234375,5.956046752372762e-06,796.5708333333333,0.021,0.0741951219512195,0.0451937773006651,0.0040984121790335,0.0023726748948778,22.041463414634148,21.134146341463413,0.22739999,796.5708333333333,38.175,19.99375,2024-07-11,0.038177490234375,846.5035554193794,3507.9027682661495,0.07567748238998355,0.03356700260806909,0.08756700260806909,0.011889520218085536,3398.640739776968,F4,9.32656293718642e-06,0.08330775220855208,0.004259250399517009,,,,
215,2024-08-01,2024-08-01,5798.354166666667,0.0092871140949509,107.68402978729117,2680.667549401524,0.0481550428255796,2624.294958917182,0.0380655924479166,3.977588858857927e-06,797.7104166666667,0.0317272727272727,0.0753181818181818,0.0515529392206422,0.0118974235568984,0.0068877206474234,23.138636363636365,22.01136363636364,0.0,797.7104166666667,27.28333333333333,20.08333333333333,2024-08-01,0.0380655924479166,846.0603676464596,3472.8650976348185,0.07932230349614143,0.03829017507787421,0.09229017507787421,0.012967871581732779,3399.833138860207,F4,5.251620608984828e-06,0.08321708630844828,0.009073088769425933,,,,
216,2024-08-02,2024-08-02,5695.645833333333,0.0093710028876486,106.72404971747156,2687.131983385475,0.0468589906145895,2611.193403453373,0.0398890177408854,5.393743526497871e-06,799.4354166666667,0.0256666666666666,0.0753333333333333,0.0482556603285593,0.007853570621724,0.0045466314844176,25.495833333333334,23.48958333333333,0.0,799.4354166666667,33.141666666666666,21.78333333333333,2024-08-02,0.0398890177408854,843.4157461183408,3481.2399172441505,0.07843849140189914,0.03584117046306302,0.08984117046306302,0.011402679061163878,3382.859779106907,F4,7.822217124825478e-06,0.08453174185995332,0.005309428603109692,,,,
217,2024-08-03,2024-08-03,5836.458333333333,0.0092567838934418,108.03714574415164,2706.695749004,0.0429902810925864,2627.038094808195,0.037695566813151,5.62059824820854e-06,797.6958333333333,0.0216666666666666,0.075,0.0459233041559473,0.0049931194244852,0.0028906436415081,25.81875,23.89583333333333,0.0,797.6958333333333,35.40833333333333,21.316666666666663,2024-08-03,0.037695566813151,841.8279243889311,3506.5852155859952,0.0758120659971251,0.034108847776066445,0.08810884777606644,0.012296781778941335,3403.3869330992934,F4,8.622181684329905e-06,0.08294508860813689,0.005163759167929549,,,,
218,2024-08-04,2024-08-04,5975.75,0.0091479437702377,109.3200042544736,2703.5851505344017,0.0436117642487859,2607.956006185135,0.040283203125,6.791775792991009e-06,795.4770833333333,0.0195,0.07425,0.0337697875046079,0.0099122117870226,0.0057384311368424,25.915384615384617,23.9475,0.0,795.4770833333333,34.38333333333333,23.53333333333333,2024-08-04,0.040283203125,863.2765284421323,3502.555365312232,0.07622488348036942,0.025082004933994092,0.07908200493399409,0.0028571214536246697,3378.6656581378397,F4,9.022226690286396e-06,0.08489440546036851,-0.0058124005263744255,,,,
219,2024-08-05,2024-08-05,5414.770833333333,0.0096141742886475,104.0474715837188,2534.14093676979,0.0818442978729506,2399.631499100405,0.0758438110351562,1.040351291464386e-05,797.5,0.0585833333333333,0.073,0.0651402056546545,0.0285611359841684,0.0165347669679255,23.664583333333336,23.589583333333334,6.0534997,797.5,71.825,18.3,2024-08-05,0.0758438110351562,900.6226810028096,3283.0365756321507,0.10177175545681268,0.048381914141701225,0.10238191414170122,0.0006101586848885482,3108.7765740557584,F4,3.9323092138354986e-05,0.11087018584010609,-0.008488271698404867,,,,
220,2024-08-06,2024-08-06,5490.041666666667,0.0095456290708491,104.77719686889304,2548.9191893824823,0.077520732485809,2436.467846858236,0.0681635538736979,8.561330647632316e-06,798.2895833333333,0.065625,0.0721666666666666,0.0686002281920445,0.032804581185965,0.0189914051629806,22.075,21.75625,1.7231,798.2895833333333,51.78333333333333,20.73333333333333,2024-08-06,0.0681635538736979,895.0084705103742,3302.1821342502294,0.09927508429908168,0.05095179416664082,0.10495179416664081,0.005676709867559138,3156.4988910141105,F4,1.8734661747579975e-05,0.10556623068403402,-0.0006144365173932076,,,,
221,2024-08-07,2024-08-07,5628.208333333333,0.009427670166407,106.0877118090835,2572.3359980351765,0.0717494384116644,2455.223120978023,0.0645929972330729,8.845811113182458e-06,796.3979166666667,0.06075,0.0729166666666666,0.0662835454272421,0.0299633521892888,0.0173465455401492,22.33333333333333,22.133333333333336,2.3927,796.3979166666667,55.40833333333333,20.55,2024-08-07,0.0645929972330729,902.0506838223242,3332.519136496588,0.09543464841031384,0.04923111266903459,0.10323111266903459,0.007796464258720756,3180.7967704366165,F4,2.1913687848250724e-05,0.10298225253107583,0.00024886013795875905,,,,
222,2024-08-08,2024-08-08,5707.041666666667,0.0093622553848419,106.8284116800026,2587.9293459630867,0.0681774945556253,2475.4867668667216,0.0611178080240885,8.43321479570488e-06,795.4812499999999,0.05575,0.0725833333333333,0.0634060012075542,0.0264342707801247,0.0153034706868341,20.60625,20.76458333333333,3.1022,795.4812499999999,62.333333333333336,17.641666666666666,2024-08-08,0.0611178080240885,879.4402110074581,3352.7206694267743,0.09295274337012223,0.0470938597086436,0.1010938597086436,0.008141116338521368,3207.048779408562,F4,2.5523312596382142e-05,0.10030760847801384,0.0007862512306297531,,,,
223,2024-08-09,2024-08-09,5792.1875,0.0092928200810635,107.62385911199397,2630.5621531247584,0.0586943019850105,2520.7393773425574,0.0534845987955729,8.07680786474955e-06,795.5437499999999,0.0509583333333333,0.0732083333333333,0.0610778992858926,0.023579037086699,0.0136505033893873,20.522916666666667,20.75,0.0,795.5437499999999,55.425,17.849999999999998,2024-08-09,0.0534845987955729,901.1870779956022,3407.9524299033837,0.08645662359545615,0.04536469680295491,0.09936469680295491,0.01290807320749876,3265.674553997239,F4,1.9048833600790305e-05,0.09464098972152658,0.00472370708142833,,,,
224,2024-08-10,2024-08-10,5437.375,0.0095922584249756,104.27153013016918,2514.907344138076,0.0860746797711293,2394.237015696508,0.0763498942057291,9.349380885333284e-06,796.9916666666667,0.0739583333333333,0.071625,0.0728971054431773,0.0380743628006772,0.0220422155726024,18.504166666666663,18.73333333333333,6.2405,796.9916666666667,74.94166666666666,15.916666666666666,2024-08-10,0.0763498942057291,910.0626733983584,3258.119023820208,0.10510959902968979,0.05414323552228969,0.10814323552228969,0.0030336364925998976,3101.787899485744,F4,3.873841738713425e-05,0.11168617894104026,-0.0035429434187505687,,,,
225,2024-08-11,2024-08-11,4715.770833333333,0.0103166420383422,97.05179406961253,2208.839564582499,0.1999788940812608,2102.188041025631,0.1616541544596354,9.427426112413176e-06,797.1083333333332,0.1933333333333333,0.1821666666666666,0.1882545998590152,0.1795512465146796,0.1039467765416063,19.92083333333333,19.60833333333333,21.866,797.1083333333332,73.325,16.208333333333332,2024-08-11,0.1616541544596354,867.2595681643888,2861.601332036138,0.17654774421524216,0.13982329032620092,0.19382329032620094,0.017275546110958773,2723.4318847083946,F4,3.6991942229647826e-05,0.1710270105589748,0.022796279767226146,,,,
226,2024-08-12,2024-08-12,4789.375,0.0102190371654767,97.86625334121446,2219.1291951332096,0.1869791910133093,2116.010216432096,0.1502215067545572,9.03023739348628e-06,795.9666666666667,0.1739583333333333,0.1825,0.1778431854312259,0.1667824665081644,0.0965546055162849,20.02083333333333,20.079166666666666,2.0772,795.9666666666667,61.98333333333333,18.116666666666667,2024-08-12,0.1502215067545572,864.9986216508156,2874.9317798251964,0.17340093781704286,0.13209036787260137,0.18609036787260136,0.012689430055558504,2741.3388238039256,F4,2.5818366569141793e-05,0.16735504160477105,0.01873532626783031,,,,
227,2024-08-13,2024-08-13,4883.604166666667,0.0101198109428521,98.824826844836,2309.7803754541605,0.1530254319348001,2191.2636866656458,0.1281216939290364,9.999864198151176e-06,794.7583333333333,0.1489583333333333,0.1654166666666666,0.156443780058541,0.1405377807962279,0.0813608904401809,18.04375,18.772916666666667,0.9345,794.7583333333333,78.77499999999999,15.2,2024-08-13,0.1281216939290364,881.6794958130084,2992.372422648032,0.14835824954894838,0.1161962793750358,0.17019627937503579,0.0218380298260874,2838.8313869187896,F4,4.297089054866283e-05,0.14904052978380422,0.021155749591231565,,,,
228,2024-08-16,2024-08-16,5087.770833333333,0.0099142347160869,100.87094423632308,2370.719335342545,0.1341350277178225,2286.6682841865445,0.1041857401529948,6.795356025780894e-06,795.1395833333332,0.15525,0.1759166666666666,0.1646494470270962,0.1506013852233602,0.0871869666211932,19.247916666666665,18.735416666666666,0.0,795.1395833333332,46.74166666666667,19.05,2024-08-16,0.1041857401529948,872.7674724315726,3071.3202156818184,0.1338333088505968,0.1222909158711621,0.17629091587116208,0.04245760702056528,2962.430188627042,F4,1.357495356377871e-05,0.1296380271615919,0.046652888709570184,,,,
229,2024-08-17,2024-08-17,5180.104166666667,0.0098257330063449,101.78125772509122,2350.7157280491897,0.1349327129625805,2272.094744020688,0.1035448710123698,6.4063717786739935e-06,796.4187499999999,0.1212083333333333,0.1545416666666666,0.1363687317641337,0.1159173147616353,0.0671074773844337,20.0125,19.710416666666667,0.0,796.4187499999999,42.54166666666666,19.03333333333333,2024-08-17,0.1035448710123698,866.194786807609,3045.4050925583274,0.13842131362751287,0.10128583730305686,0.15528583730305684,0.016864523675543974,2943.549839587758,F4,1.1055178805404302e-05,0.13235800416470578,0.02292783313835106,,,,
230,2024-08-18,2024-08-18,4946.479166666667,0.0100560312420808,99.45648675842828,2328.470695455299,0.1429401608923423,2214.601557955129,0.1191991170247395,9.530153070744048e-06,798.2333333333332,0.1051666666666666,0.1371666666666667,0.119720649160235,0.0954997523090176,0.0552872319504204,19.335416666666667,19.391666666666666,1.4934,798.2333333333332,70.77499999999999,16.891666666666666,2024-08-18,0.1191991170247395,865.2629527183857,3016.5861525490304,0.14372625483568247,0.08892072277707559,0.14292072277707557,-0.0008055320586068948,2869.0661240358313,F4,3.478516431648877e-05,0.14396323937799166,-0.001042516600916088,,,,
231,2024-08-19,2024-08-19,5084.395833333333,0.0099181339799846,100.83541582965304,2371.5233148548164,0.1278641680078665,2262.657370613992,0.1060231526692708,8.914521808457508e-06,798.4333333333334,0.092875,0.124125,0.1070878735288753,0.0800066476951089,0.0463178802221603,19.06458333333333,18.95625,0.4806,798.4333333333334,64.10000000000001,17.400000000000002,2024-08-19,0.1060231526692708,863.7209595675216,3072.361789221217,0.13365237909174882,0.07953791749076547,0.1335379174907655,-0.0001144616009833288,2931.323510095771,F4,2.7149215000003678e-05,0.13417132216678168,-0.0006334046760161915,,,,
232,2024-08-20,2024-08-20,5263.583333333333,0.0097480408564476,102.59618173114715,2422.056164222505,0.1119095326533085,2316.037742501584,0.0929450988769531,8.476158228447639e-06,798.4291666666667,0.0810416666666666,0.112875,0.095519847168081,0.0658193742237642,0.0381045073055876,18.61458333333333,18.675,0.14649999,798.4291666666667,58.19166666666666,18.066666666666663,2024-08-20,0.0929450988769531,861.1554701938447,3137.82823204523,0.12278524089373503,0.07094593881105285,0.12494593881105286,0.002160697917317822,3000.478982384221,F4,2.1816877542446684e-05,0.12437940495557169,0.0005665338554811661,,,,
233,2024-08-21,2024-08-21,5285.291666666667,0.0097319512972136,102.79383433639798,2409.862732662666,0.1166538035475075,2299.302785930088,0.0981686909993489,8.945780754187865e-06,797.6791666666667,0.077375,0.103375,0.0892001107760243,0.0580687151515487,0.0336174539307514,19.204166666666666,18.922916666666666,2.7324998,797.6791666666667,61.15,18.075,2024-08-21,0.0981686909993489,893.8186161643168,3122.03136723295,0.12531957504683394,0.06625204906284289,0.12025204906284288,-0.005067525983991059,2978.798469781844,F4,2.4847228084431023e-05,0.1273260467089451,-0.007073997646102212,,,,
234,2024-08-22,2024-08-22,5094.083333333333,0.0099116461009428,100.921286990232,2318.3820573911594,0.1480898833215156,2196.300358635912,0.125640869140625,1.030209570839618e-05,796.78125,0.1449583333333333,0.1010416666666666,0.1249845084007537,0.1019554611940702,0.0590246057749868,17.78125,18.09375,9.9612,796.78125,80.39999999999999,15.291666666666666,2024-08-22,0.125640869140625,898.3217333786623,3003.516095046584,0.146206075109446,0.09283037555248985,0.14683037555248984,0.0006243004430438459,2845.356508729466,F4,4.6012340437572866e-05,0.14795253898255867,-0.0011221634300688232,,,,
235,2024-08-23,2024-08-23,5064.708333333333,0.0099368057348477,100.64199559023534,2301.3531444288296,0.1527572285851977,2179.526042838375,0.1292572021484375,1.0351680120322016e-05,795.1083333333332,0.1590416666666666,0.1034166666666666,0.1337427517852684,0.1126967570858072,0.0652430147557029,17.131249999999998,17.333333333333332,2.0483,795.1083333333332,81.20833333333333,15.233333333333334,2024-08-23,0.1292572021484375,895.0238959659291,2981.454755328893,0.15050144911009922,0.09933542992256975,0.15333542992256977,0.002833980812470549,2823.625005364576,F4,4.726986272718596e-05,0.15171517383686622,0.001620256085703542,,,,
236,2024-08-24,2024-08-24,5073.625,0.0099288763273409,100.72779268966735,2299.927145262804,0.1533325727665591,2187.7946029608743,0.1269518534342447,9.50587003820344e-06,795.8666666666667,0.1592083333333333,0.1039166666666666,0.1340610224362431,0.1130870909787679,0.0654689889593678,17.385416666666668,17.508333333333333,3.0135999,795.8666666666667,76.56666666666666,15.291666666666666,2024-08-24,0.1269518534342447,899.003539209563,2979.6073413390263,0.15086756232916343,0.09957182069159674,0.15357182069159675,0.0027042583624333205,2834.337110960637,F4,3.9674740142827445e-05,0.1498111899346865,0.0037606307569102437,,,,
237,2024-08-25,2024-08-25,5015.9375,0.0099879007313392,100.14656100150188,2297.8284914410174,0.1545778183331832,2188.8043100149293,0.1268933614095052,9.232245278184394e-06,797.0187500000001,0.1645,0.1035,0.1367564708716352,0.1163928462466172,0.0673827746378219,16.458333333333332,16.8625,0.9317,797.0187500000001,76.925,14.225,2024-08-25,0.1268933614095052,904.658998073394,2976.8884881148256,0.1514082141381754,0.10157382472986931,0.1555738247298693,0.004165610591693902,2835.645209157165,F4,3.742791882795777e-05,0.149584525184427,0.005989299545442306,,,,
238,2024-08-26,2024-08-26,4939.270833333333,0.0100633811189876,99.38391251308664,2271.328976173232,0.1647913125728532,2174.4979455029825,0.13116455078125,8.261612080309925e-06,798.3895833333332,0.200625,0.1085416666666666,0.1587443993349138,0.1433593091891756,0.0829943448831916,16.183333333333334,16.179166666666667,3.4680998,798.3895833333332,68.09166666666667,15.208333333333334,2024-08-26,0.13116455078125,894.6955275239793,2942.557770119497,0.15842913733793557,0.11790502995670145,0.17190502995670143,0.013475892618765861,2817.110992186219,F4,2.805443152101866e-05,0.1528938305382156,0.019011199418485836,,,,
239,2024-08-27,2024-08-27,5068.708333333333,0.0099337651399444,100.6787337397862,2333.5711629090474,0.1411265420890783,2245.2561723943577,0.1108182271321614,7.296758164260394e-06,798.6437500000001,0.1603333333333333,0.111875,0.1382939041145572,0.118278387062395,0.0684743621018037,17.022916666666667,16.835416666666667,0.0,798.6437500000001,58.925,16.066666666666666,2024-08-27,0.1108182271321614,878.7845702762337,3023.193922843299,0.14249037747824,0.10271573029203473,0.15671573029203473,0.014225352813794723,2908.7798664546617,F4,2.0040067970385906e-05,0.13761662637072591,0.019099103921308813,,,,
240,2024-08-28,2024-08-28,5360.354166666667,0.0096611882718208,103.52946212409717,2380.456520352004,0.1254933062834567,2301.736278159714,0.0967941284179687,6.342868151071919e-06,795.9583333333334,0.1127916666666666,0.1071666666666666,0.110233349431469,0.0838643262165605,0.0485511882889238,17.508333333333333,17.477083333333333,0.0,795.9583333333334,50.55,16.533333333333335,2024-08-28,0.0967941284179687,869.0782507516047,3083.934957847856,0.13165958772211672,0.0818741727040341,0.13587417270403412,0.004214584981917402,2981.951113693813,F4,1.410737839372762e-05,0.126918050158478,0.008956122545556111,,,,
241,2024-08-29,2024-08-29,5550.916666666667,0.0094920574447402,105.3605633267248,2474.879627771517,0.0966188007551146,2397.5141386056043,0.0754890441894531,5.9832719182841134e-06,794.6208333333334,0.0814583333333333,0.1003749999999999,0.0900618594428125,0.0591255820377383,0.034229301011657,18.09375,17.766666666666666,0.0,794.6208333333334,45.875,16.891666666666666,2024-08-29,0.0754890441894531,871.3406430079392,3206.2622170563536,0.11239657963144913,0.0668921000051029,0.1208921000051029,0.008495520373653781,3106.0334859159602,F4,1.1545483520901627e-05,0.11118751649046937,0.009704583514633533,,,,
242,2024-08-30,2024-08-30,5542.1875,0.0094994721966866,105.27789987767072,2512.284267897647,0.0865935296413775,2442.1393473727176,0.0668754577636718,5.320002621671274e-06,798.1166666666667,0.0652916666666666,0.0937083333333333,0.078215906328924,0.0445974532875265,0.025818598317691,18.08333333333333,17.891666666666666,0.0,798.1166666666667,43.86666666666667,15.916666666666666,2024-08-30,0.0668754577636718,848.6530601973416,3254.720769558558,0.10557279602525911,0.05809369538352001,0.11209369538352,0.00652089935826089,3163.846447480916,F4,9.867453880360163e-06,0.10479557053315175,0.007298124850368251,,,,
243,2024-08-31,2024-08-31,5603.3125,0.0094474309331573,105.8571883398196,2546.004913235892,0.077942509594495,2480.981344297937,0.0598678588867187,4.853348993697696e-06,798.4895833333334,0.0555416666666666,0.0879166666666666,0.0702662036425815,0.0348477688980383,0.020174258418873,18.558333333333334,18.245833333333334,0.0,798.4895833333334,40.41666666666666,16.183333333333334,2024-08-31,0.0598678588867187,844.1464578355695,3298.406623961152,0.09976286594649371,0.0521891725322755,0.1061891725322755,0.006426306585781791,3214.167128042051,F4,8.45586006971165e-06,0.09958228127718348,0.006606891255092021,,,,
244,2024-09-01,2024-09-01,5676.604166666667,0.0093864140725627,106.5465928702422,2565.464728807088,0.0733664900661281,2497.0392504419474,0.0572535196940104,5.075995250807408e-06,797.9958333333334,0.0473333333333333,0.0840833333333333,0.0640476726032908,0.0272212302221353,0.0157590614936587,20.008333333333333,19.297916666666666,0.0,797.9958333333334,34.666666666666664,18.341666666666665,2024-09-01,0.0572535196940104,842.9907522112658,3323.617252678877,0.0965472134580808,0.04757045154718188,0.10157045154718188,0.005023238089101073,3234.9705065889652,F4,7.137046205404049e-06,0.09754229852484807,0.004028153022333808,,,,
245,2024-09-02,2024-09-02,5802.25,0.0092841473291853,107.7196142965966,2614.939327593816,0.0620055121807733,2537.8031381620444,0.0506248474121093,5.625526127511487e-06,797.94375,0.0402916666666666,0.0804583333333333,0.0585599467757811,0.0204909665952728,0.0118627409563887,19.435416666666665,18.6125,0.0,797.94375,42.125,17.008333333333333,2024-09-02,0.0506248474121093,844.4141902999032,3387.7127080755276,0.08878947335225963,0.04349452521026834,0.09749452521026834,0.008705051858008711,3287.781039897594,F4,9.677350607834695e-06,0.09260100696919117,0.004893518241077172,,,,
246,2024-09-03,2024-09-03,5836.166666666667,0.0092567793690819,108.0353579430681,2627.342806040132,0.0591498957699326,2549.3625776244776,0.0487823486328125,5.666884290474223e-06,796.8333333333334,0.0347916666666666,0.0788333333333333,0.0548223430933617,0.0159070899756876,0.0092090183678833,20.95,19.785416666666663,0.0,796.8333333333334,41.0,17.974999999999998,2024-09-03,0.0487823486328125,842.8408869158965,3403.781693353129,0.08693296734238855,0.04071847593868302,0.09471847593868302,0.007785508596294469,3302.756553689399,F4,9.670440104033314e-06,0.09128635141768614,0.0034321245209968793,,,,
247,2024-09-04,2024-09-04,5853.958333333333,0.0092435146075541,108.19674366462476,2660.491631237556,0.0522635458004784,2571.754229473274,0.0455182393391927,6.394296308321416e-06,797.28125,0.0288,0.07575,0.0501534211897823,0.0101810248893454,0.0058940538686307,17.932499999999997,18.295,0.0,797.28125,55.458333333333336,14.508333333333333,2024-09-04,0.0455182393391927,855.5235077432104,3446.7267419032305,0.08213342826190421,0.03725070397813892,0.09125070397813892,0.009117275716234705,3331.765442240848,F4,1.550603018823427e-05,0.08874770621477984,0.002502997763359077,,,,
248,2024-09-05,2024-09-05,5411.229166666667,0.0096161416557508,104.0178080837366,2598.48867078082,0.0662729852253668,2492.9077706990715,0.0584119160970052,7.84754717598429e-06,800.1666666666666,0.03225,0.0745,0.0514658050110395,0.0117905603097215,0.0068258547997034,17.733333333333334,17.889583333333334,5.3094997,800.1666666666666,72.41666666666667,13.441666666666668,2024-09-05,0.0584119160970052,867.3839601348681,3366.4005122041012,0.09130505693573006,0.03822545744603017,0.09222545744603017,0.0009204005103001095,3229.6180816663664,F4,2.9580398161368674e-05,0.09808629392547084,-0.005860836479440676,,,,
249,2024-09-06,2024-09-06,5403.270833333333,0.0096207756139735,103.95023919955408,2609.68078830693,0.0631118173031454,2521.267691054071,0.0532417297363281,6.497243883299057e-06,800.85,0.0364583333333333,0.0735833333333333,0.0533432270856373,0.014093070657012,0.0081588365149541,17.058333333333334,17.068749999999998,1.3356999,800.85,55.75,15.1,2024-09-06,0.0532417297363281,855.6605855794897,3380.9001521664427,0.08958689601143281,0.03961988463133082,0.09361988463133082,0.004032988619898009,3266.3589962921164,F4,1.6351845436251527e-05,0.09459565677147469,-0.0009757721401438685,,,,
250,2024-09-07,2024-09-07,5570.354166666667,0.0094753486514394,105.54536182981302,2646.765784198218,0.0550619557810035,2561.5648123853703,0.046966552734375,6.160884846805381e-06,797.9125,0.037375,0.0738333333333333,0.0539566857836879,0.0148454294467634,0.0085943961254579,18.33125,17.952083333333334,0.5868,797.9125,51.083333333333336,15.841666666666669,2024-09-07,0.046966552734375,851.324763020916,3428.9445983737087,0.0840928092651368,0.040075521910339675,0.09407552191033967,0.009982712645202868,3318.564823246626,F4,1.3857244213724599e-05,0.08988102996607729,0.004194491944262385,,,,
251,2024-09-08,2024-09-08,5734.5625,0.0093389642110963,107.08875326780156,2677.058121466996,0.049065231704066,2595.156747892121,0.042242685953776,5.84617291667536e-06,795.6145833333334,0.0341249999999999,0.0735,0.052033220646383,0.0124864509084685,0.0072287235403526,19.072916666666668,18.541666666666668,0.0,795.6145833333334,46.95,16.008333333333333,2024-09-08,0.042242685953776,850.5852559384725,3468.1890025707185,0.07981930408329187,0.038646896928389046,0.09264689692838905,0.012827592845097185,3362.083931167875,F4,1.1521915213902804e-05,0.08620906101187355,0.006437835916515505,,,,
252,2024-09-09,2024-09-09,5735.75,0.0093377169017003,107.10091174571214,2722.963710527581,0.0400181704790746,2640.003834263586,0.0360323588053385,5.819203690084672e-06,795.80625,0.0295,0.07275,0.0491706169639635,0.0089756928918543,0.0051962565643307,18.797916666666666,18.447916666666668,0.0,795.80625,47.01666666666667,15.883333333333333,2024-09-09,0.0360323588053385,863.2502925578715,3527.6607256012244,0.07368180468141731,0.03652074082874766,0.09052074082874766,0.01683893614733034,3420.1843401592278,F4,1.1468486437167716e-05,0.08163043305663185,0.008890307772115802,,,,
253,2024-09-10,2024-09-10,5712.4375,0.0093577744132359,106.87914702480155,2699.403130673932,0.0445612001166556,2601.40140872731,0.041266123453776,6.973772657525648e-06,794.9354166666667,0.0274583333333333,0.07175,0.0476027127482593,0.0070527818272273,0.0040830345142246,17.979166666666668,17.8625,0.0106,794.9354166666667,57.833333333333336,14.958333333333334,2024-09-10,0.041266123453776,844.3720979318266,3497.1374645306587,0.07678271602734905,0.03535620340697807,0.08935620340697807,0.012573487379629017,3370.1740297203555,F4,1.77787937796194e-05,0.08557439971114698,0.0037818036958310874,,,,
254,2024-09-11,2024-09-11,5949.666666666667,0.0091691535766685,109.07644454325428,2687.940864435882,0.0466818052099246,2602.4669250252014,0.0410677591959635,6.083180963639777e-06,791.2208333333333,0.026625,0.0712916666666666,0.0469399338972725,0.0062399357533419,0.0036124572787835,18.047916666666666,17.758333333333333,0.0705,791.2208333333333,48.16666666666666,15.708333333333334,2024-09-11,0.0410677591959635,846.2459839901844,3482.2878408364377,0.07832846744619575,0.034863934321532106,0.0888639343215321,0.010535466875336352,3371.554430047406,F4,1.1981137218474052e-05,0.08543840086099129,0.0034255334605408083,,,,
255,2024-09-12,2024-09-12,6308.4375,0.0089044409867496,112.31774028870936,2684.644069838472,0.0477333181615706,2614.003045690727,0.0398000081380208,5.013114590623108e-06,784.9708333333333,0.0248333333333333,0.0705833333333333,0.0456409801796069,0.0046468712975416,0.0026901918074051,18.079166666666666,17.458333333333332,0.6419,784.9708333333333,42.56666666666667,16.033333333333335,2024-09-12,0.0398000081380208,835.7604013749173,3478.0167692916016,0.0787776835814039,0.033899155862352495,0.08789915586235249,0.00912147228094859,3386.499733813385,F4,9.324192963937949e-06,0.08425974415964194,0.0036394117027105516,,,,
256,2024-09-13,2024-09-13,6239.875,0.0089534469500133,111.70478006807568,2752.759080393313,0.0344033972879503,2694.390675772406,0.0291175842285156,4.01422127659588e-06,788.3916666666668,0.0222083333333333,0.0706666666666666,0.0442477625521094,0.0029381995786221,0.0017009983554121,18.835416666666667,18.20833333333333,0.0,788.3916666666668,37.675,14.95,2024-09-13,0.0291175842285156,851.1166113291454,3566.261297350945,0.06990101954181228,0.0328643642930466,0.0868643642930466,0.016963344751234316,3490.6437164771696,F4,6.797822156413265e-06,0.07650780970076737,0.01035655459227923,,,,
257,2024-09-14,2024-09-14,6070.354166666667,0.0090765995162857,110.18107614889546,2747.5541231193674,0.0353777136869584,2689.095904030382,0.0297648111979166,4.025752504001847e-06,792.6541666666667,0.0199166666666666,0.0697916666666666,0.0317420842144883,0.0123990302120885,0.0071781134790574,17.954166666666666,17.6125,0.0,792.6541666666667,39.15833333333333,13.866666666666667,2024-09-14,0.0297648111979166,844.314172972304,3559.518158144667,0.07055052461905649,0.023575958622020228,0.07757595862202023,0.0070254340029637374,3483.784220607596,F4,6.799993892071148e-06,0.07696113920128636,0.000614819420733867,,,,
258,2024-09-15,2024-09-15,6084.416666666667,0.0090657129670413,110.31019858304316,2754.1662821968744,0.0341440496579758,2687.1958225034346,0.0299606323242187,4.616167485835188e-06,792.4875000000001,0.0179166666666666,0.069375,0.0315525792341033,0.0126314431490106,0.0073126632306663,16.897916666666667,17.445833333333333,0.0,792.4875000000001,41.91666666666666,12.958333333333334,2024-09-15,0.0299606323242187,837.1290879631134,3568.0843589349925,0.06972620076539422,0.02343520663024698,0.07743520663024697,0.00770900586485275,3481.3226222571893,F4,7.297189327670894e-06,0.07714247100149395,0.00029273562875302417,,,,
259,2024-09-16,2024-09-16,6046.8125,0.0090937839955461,109.96908879939812,2740.1042490925665,0.0366477315406476,2647.9639824973497,0.0348663330078125,6.445332806472383e-06,791.0166666666668,0.0180833333333333,0.0685833333333333,0.0311925197713718,0.0130730277291624,0.0075683077587232,16.282978723404256,16.239583333333332,0.3599,791.0166666666668,55.61666666666667,13.858333333333334,2024-09-16,0.0348663330078125,840.5653322951149,3549.866678797581,0.07148814325286813,0.0231677778458778,0.0771677778458778,0.005679634593009672,3430.496891217343,F4,1.4917411567484623e-05,0.08085977290574958,-0.0036919950598717777,,,,
260,2024-09-17,2024-09-17,5912.895833333333,0.0091977392719739,108.7384683222678,2676.731783976549,0.0492220774875634,2573.3987381197207,0.0455156962076822,7.444572201168671e-06,788.1875,0.020375,0.06775,0.0419217162697751,8.548696497142216e-05,4.949057507310619e-05,14.954166666666666,15.879166666666668,1.158,788.1875,74.125,11.408333333333331,2024-09-17,0.0455156962076822,870.7407297108963,3467.766225012615,0.07986436450705574,0.031136728182743958,0.08513672818274395,0.005272363675688216,3333.8959401768116,F4,2.688094076924888e-05,0.08856637441457225,-0.003429646231828301,,,,
261,2024-09-18,2024-09-18,5823.791666666667,0.0092670653289531,107.91897705359976,2616.254711336605,0.0617242359587068,2555.86732042567,0.0479075113932291,4.379544147668748e-06,788.0604166666667,0.0330416666666666,0.0655416666666666,0.047823055136697,0.007323014417005,0.0042394790233503,11.941666666666668,13.2,3.1938,788.0604166666667,55.2,10.208333333333334,2024-09-18,0.0479075113932291,870.8477311111662,3389.416817296885,0.08859097512685384,0.03551985942267578,0.08951985942267578,0.0009288842958219412,3311.1835942780003,F4,1.0783848163151332e-05,0.09051569126680387,-0.0009958318441280894,,,,
262,2024-09-19,2024-09-19,5844.479166666667,0.0092503318227302,108.11173344364067,2656.807728322548,0.052903888950773,2600.456151477643,0.0412928263346354,4.015044786886372e-06,790.9250000000001,0.0354166666666666,0.0658333333333333,0.049250530234772,0.009073700226173,0.0052529954991898,13.264583333333334,13.7875,0.0,790.9250000000001,44.36666666666667,11.95,2024-09-19,0.0412928263346354,854.5252889570793,3441.9541628269994,0.08265551333064981,0.03658009521622898,0.09058009521622898,0.007924581885579166,3368.949427694868,F4,7.591556509677526e-06,0.08566506561125077,0.004915029604978208,,,,
263,2024-09-20,2024-09-20,5940.666666666667,0.0091754321466823,108.99657182138002,2687.103516756241,0.0468137181490422,2624.8200410669847,0.0379791259765625,4.397672966695286e-06,790.2166666666667,0.0360833333333333,0.067,0.0501446028779007,0.0101702099241716,0.0058877928106317,15.022916666666667,15.008333333333333,0.0,790.2166666666667,43.73333333333333,13.775,2024-09-20,0.0379791259765625,855.5063483440047,3481.2030380857723,0.0784423657124139,0.03724415430879044,0.09124415430879045,0.01280178859637654,3400.5133945942116,F4,8.484159326063604e-06,0.08312642040834449,0.008117733900445956,,,,
264,2024-09-21,2024-09-21,5991.25,0.009143396655842,109.43366948384649,2694.695149369298,0.0467125556348343,2630.168827737286,0.038739522298177,4.600316706589557e-06,789.3104166666667,0.03675,0.0830416666666666,0.057804003320774,0.0195638614702874,0.0113260162545106,13.039583333333333,14.570833333333333,0.0,789.3104166666667,49.39166666666667,11.075,2024-09-21,0.038739522298177,890.9071326405307,3491.0381688694606,0.07741461279612542,0.042933059507657044,0.09693305950765704,0.01951844671153162,3407.442868018147,F4,8.950650725026202e-06,0.0826277579577736,0.014305301549883437,,,,
265,2024-09-22,2024-09-22,4824.979166666667,0.0101810595570989,98.22998182837246,2242.74202550075,0.1766562170581032,2162.547868888604,0.1346918741861979,6.867760644590069e-06,792.7229166666666,0.2100833333333333,0.2237916666666666,0.2163180471879999,0.213968854962941,0.123872004151627,11.39375,12.05625,20.0403,792.7229166666666,85.075,8.183333333333334,2024-09-22,0.1346918741861979,896.666733192551,2905.522732611606,0.16643019130033365,0.16066699638370668,0.21466699638370668,0.048236805083373024,2801.62939917876,F4,2.935811820546391e-05,0.15565914049138135,0.05900785589232532,,,,
266,2024-09-23,2024-09-23,4961.958333333333,0.010040078562975,99.61283162946268,2295.7614663116187,0.1550644620228578,2223.116709507179,0.1167195638020833,6.056477189985711e-06,793.2479166666667,0.179875,0.1905833333333333,0.1847452779958946,0.1752473395716769,0.1014551355090636,12.04375,12.3125,0.0,793.2479166666667,67.45,10.725,2024-09-23,0.1167195638020833,893.0941045192291,2974.210610572933,0.15194287154137742,0.1372167939639199,0.19121679396391988,0.03927392242254246,2880.0976943746405,F4,1.926457100267263e-05,0.14214992137591576,0.04906687258800413,,,,
267,2024-09-24,2024-09-24,5088.645833333333,0.0099136711021271,100.8786477515994,2317.1917803195,0.1468412940957379,2247.844518112946,0.1098581949869791,5.716500376038337e-06,793.7041666666668,0.1527083333333333,0.1717083333333333,0.1613497604388895,0.1465545794384707,0.0848441679784959,12.66875,12.977083333333333,0.0,793.7041666666668,62.625,11.525,2024-09-24,0.1098581949869791,874.7093590594114,3001.9740643312857,0.14650178775227557,0.11984012297604123,0.17384012297604123,0.027338335223765664,2912.1331265441886,F4,1.6884270212204997e-05,0.13707263097010314,0.036767492005938096,,,,
268,2024-09-25,2024-09-25,5201.4375,0.0098054317085237,101.99108389161306,2384.5070239692304,0.1234650916594248,2308.8515105483607,0.0945218404134114,6.070064976722723e-06,794.6666666666666,0.1285833333333333,0.1566666666666666,0.1413559690112826,0.1220337685528869,0.0706484478193803,13.63125,13.652083333333332,0.0,794.6666666666666,55.11666666666667,14.225,2024-09-25,0.0945218404134114,874.3021273573708,3089.1824763785476,0.13076650106455284,0.10499003322738477,0.15899003322738475,0.02822353216283191,2991.1690572726834,F4,1.4970477504290424e-05,0.12564872755702483,0.03334130567035992,,,,
269,2024-09-26,2024-09-26,5283.125,0.0097294846344978,102.78830271337849,2426.2766716667343,0.1105587404769912,2352.0674315251285,0.0848719278971354,5.847455718519253e-06,793.7541666666666,0.104625,0.1415,0.1213961907640729,0.0975546721548806,0.0564768772365163,14.75625,14.547916666666666,0.0,793.7541666666666,48.30833333333334,15.841666666666669,2024-09-26,0.0848719278971354,881.2246541116325,3143.295994357138,0.12192044028712874,0.09016520626009543,0.14416520626009544,0.022244765972966693,3047.1562548108,F4,1.2164315450897853e-05,0.11830478964861736,0.025860416611478074,,,,
270,2024-09-27,2024-09-27,5346.458333333333,0.0096712497601188,103.40412994444108,2457.77072758766,0.101287412186178,2385.052992354624,0.0778134663899739,5.643428534206634e-06,795.38125,0.0837083333333333,0.1267916666666666,0.1033031483051428,0.0753649802154281,0.0436307010370724,14.810416666666669,14.777083333333332,0.0,795.38125,50.44166666666666,14.325,2024-09-27,0.0778134663899739,861.992699079755,3184.097252094287,0.11566052732349814,0.07672686939866487,0.13072686939866485,0.015066342075166703,3089.8897907004857,F4,1.2161407088598975e-05,0.11309150039264909,0.017635369006015755,,,,
271,2024-09-28,2024-09-28,5379.0,0.0096424412202763,103.71657997572623,2499.644991238911,0.089881717329122,2427.7330314849755,0.0695660909016927,5.488096513967027e-06,796.7937499999999,0.071,0.1155416666666666,0.091258082403157,0.0605926553086487,0.0350786269863949,15.635416666666666,15.310416666666669,0.0,796.7937499999999,42.11666666666667,16.724999999999998,2024-09-28,0.0695660909016927,868.4390487222034,3238.3463023937375,0.1078323162458008,0.06778057672973208,0.12178057672973207,0.013948260483931274,3145.1827412547523,F4,9.512210306686633e-06,0.10679022033543527,0.0149903563942968,,,,
272,2024-09-29,2024-09-29,5509.541666666667,0.0095273099210622,104.96834806321291,2532.2387974035464,0.0812976839047427,2458.7819087734656,0.0637372334798177,5.535831893933205e-06,795.9354166666667,0.0605,0.1037916666666666,0.080189567462002,0.0470179932622313,0.0272199103817657,16.08125,15.7125,0.0,795.9354166666667,43.2,16.808333333333334,2024-09-29,0.0637372334798177,856.3633474879779,3280.572311304655,0.10209733973018935,0.0595596026910842,0.1135596026910842,0.01146226296089485,3185.4072600616505,F4,1.008489662080104e-05,0.10252892303055684,0.011030679660527357,,,,
273,2024-09-30,2024-09-30,5700.0,0.0093658581158169,106.7707825203131,2593.16396266893,0.0665331091554295,2514.594435635528,0.054107666015625,5.78618651477117e-06,793.1,0.058,0.1,0.0771021020228085,0.0432314600064274,0.0250277901161109,22.3,19.5,0.0,793.1,31.6,21.0,2024-09-30,0.054107666015625,853.5987906094357,3359.5022330941065,0.0921326524630842,0.05726643388246138,0.11126643388246138,0.019133781419377174,3257.7136438179414,F4,6.946453490081568e-06,0.09536631692235696,0.01590011696010442,,,,
274,2023-07-01,2023-07-01,5431.391304347826,0.0095957632389927,104.22067976920344,2499.557108758047,0.0858764516005757,2461.4898397108614,0.0812563688858695,2.8731906301339976e-06,802.9130434782609,0.0933478260869565,0.1189565217391304,0.1078185452553569,0.0,0.0,21.47826086956522,19.980434782608697,,802.9130434782609,59.26086956521739,0.0,2023-07-01,0.0812563688858695,772.0449956820547,3042.7574347726727,0.13889959771718996,0.08634607422129957,0.13434607422129957,-0.004553523495890388,2996.41743897543,R5,0.0,0.12491232448503556,0.009433749736264013,0.1207826086956521,0.1114782608695652,19.67608695652174,18.06304347826087
275,2023-07-02,2023-07-02,5543.583333333333,0.0094978142413778,105.29286043823797,2517.866963059876,0.0815777011689758,2488.088924430195,0.0763778686523437,2.2171225996930007e-06,801.8333333333334,0.1014166666666666,0.121,0.1119259729598968,0.0048011453340249,0.0024859674515986,24.09166666666667,22.379166666666663,0.0,801.8333333333334,45.72916666666666,0.0,2023-07-02,0.0763778686523437,756.945016166918,3065.0463615234507,0.13492872221412472,0.08963549216507583,0.13763549216507584,0.002706769950951121,3028.7970003402493,R5,0.0,0.12065978414172568,0.01697570802335016,0.120625,0.1094583333333333,20.491666666666667,17.8125
276,2023-07-03,2023-07-03,6054.510638297872,0.0090261394972091,110.79543453189804,2711.2783550708828,0.0427081168870265,2623.664688732413,0.0549953294836956,6.187294282142495e-06,794.5729166666666,0.1040434782608695,0.1227391304347826,0.1138126623439175,0.0070064841943617,0.0036278617799561,24.15,23.47608695652174,0.0,794.5729166666666,47.90416666666667,17.583333333333332,2023-07-03,0.0549953294836956,752.8555548948069,3300.489652236513,0.09949347228797413,0.09114644022321701,0.13914644022321704,0.03965296793524291,3193.8359039764746,R5,1.3245027953197468e-05,0.10164555203198382,0.03750088819123322,0.1217608695652174,0.1078260869565217,21.38478260869565,18.169565217391305
277,2023-07-04,2023-07-04,6183.916666666667,0.0089929332790915,111.206647835133,2698.97910160564,0.044955458342779,2606.9603498935166,0.0574353535970052,6.53830537093703e-06,792.6958333333333,0.0993125,0.1228124999999999,0.1117280334422987,0.0045697751287053,0.002366167120703,25.34166666666667,23.9375,0.0,792.6958333333333,43.833333333333336,18.416666666666668,2023-07-04,0.0574353535970052,750.789457789698,3285.5175418604813,0.10144494952090184,0.0894769730509719,0.1374769730509719,0.036032023530070054,3173.501401109177,R5,1.1398699984244035e-05,0.10374738231660822,0.03372959073436367,0.1219166666666666,0.106,22.13125,18.52083333333333
278,2023-07-05,2023-07-05,6223.3125,0.0089645019605854,111.5599790008648,2725.745155304345,0.0402950756772544,2625.5527522652915,0.0547498067220052,7.064919101925945e-06,792.7687500000001,0.0955416666666666,0.121125,0.1092027843956109,0.0016180280622004,0.0008377928220372,24.977083333333336,23.191666666666663,0.19139999,792.7687500000001,49.77708333333334,17.929166666666667,2023-07-05,0.0547498067220052,767.0444769179429,3318.1003576744897,0.09724264375478779,0.0874546369018785,0.1354546369018785,0.038211993147090714,3196.134278889318,R5,1.4754911327230193e-05,0.10140115316167865,0.034053483740199855,0.1204791666666666,0.1050208333333333,21.64583333333333,18.72083333333333
279,2023-07-06,2023-07-06,6288.0,0.0089195011622433,112.13305960086927,2732.475460271606,0.0391916436312104,2635.7491746802502,0.0534515380859375,6.809595815773e-06,792.5083333333333,0.09525,0.1196041666666666,0.1082373135845012,0.0004894955563761,0.0002534541106742,24.44255319148936,22.62708333333333,0.0537,792.5083333333333,53.42291666666667,17.10625,2023-07-06,0.0534515380859375,755.0723215134562,3326.29328329546,0.09621152614019109,0.0866814432540034,0.1346814432540034,0.03846991711381233,3208.54657385249,R5,1.6668230025284946e-05,0.10017915881015281,0.0345022844438506,0.1191041666666666,0.1032083333333333,21.28333333333333,18.7625
280,2023-07-07,2023-07-07,6437.375,0.0088144851537575,113.46114993295905,2736.060699608084,0.0385088194092145,2659.710516717972,0.050122578938802,5.325219802171235e-06,790.7770833333334,0.0950208333333333,0.1209791666666666,0.1086291032484934,0.0009474559278066,0.0004905797334772,26.454166666666666,24.28333333333333,0.0,790.7770833333334,42.79791666666667,17.416666666666668,2023-07-07,0.050122578938802,755.5152378993029,3330.6576619320927,0.09566632834045853,0.08699520652474765,0.13499520652474767,0.03932887818428914,3237.7151619103297,R5,1.02449683643552e-05,0.09729525214055186,0.03769995438419581,0.1195208333333333,0.1019791666666666,22.09166666666667,18.83125
281,2023-07-08,2023-07-08,6468.5,0.0087930914846541,113.73583012380412,2749.158060566366,0.0363190298416386,2663.7078570182503,0.049560546875,5.945158604446809e-06,790.1020833333333,0.0918333333333333,0.1206666666666666,0.1071385951889173,0.0007947891779685,0.0004115309764339,26.675,24.52916666666667,0.0,790.1020833333333,44.84791666666666,17.849999999999998,2023-07-08,0.049560546875,755.7435631496098,3346.601323427995,0.09369834629671171,0.08580153878201571,0.13380153878201573,0.040103192485304015,3242.581198727561,R5,1.1608530187309428e-05,0.09680645439994152,0.0369950843820742,0.1197083333333333,0.10125,22.527083333333334,19.1
282,2023-07-09,2023-07-09,6465.854166666667,0.0087947499674742,113.71317366759916,2777.3829863005035,0.0317781418080438,2708.7791602132224,0.0438448588053385,4.692760227347172e-06,792.2583333333333,0.0886666666666666,0.1191666666666666,0.1050787198747905,0.0032025639373786,0.0016582438472681,24.66046511627907,24.147916666666664,0.0,792.2583333333333,38.110416666666666,16.916666666666668,2023-07-09,0.0438448588053385,753.67479908606,3380.9600513492483,0.08957985750494969,0.08415189542670085,0.13215189542670086,0.04257203792175117,3297.44733577675,R5,7.865219775801175e-06,0.09177183767165513,0.04038005775504573,0.1190833333333333,0.0997916666666666,22.402083333333334,19.31458333333333
283,2023-07-10,2023-07-10,6441.270833333333,0.0088113598655484,113.49747372666002,2788.247196097207,0.0300985036287929,2709.107343392221,0.0438474019368489,5.415031422270251e-06,793.3354166666667,0.0860625,0.11875,0.1037045674470613,0.004808801707392,0.0024899318171122,26.825,24.785416666666663,0.0,793.3354166666667,40.40833333333333,17.872916666666665,2023-07-10,0.0438474019368489,751.5743136812379,3394.185256332972,0.08803758662381646,0.08305141065170163,0.13105141065170164,0.043013824027885186,3297.8468392745367,R5,9.334769468868169e-06,0.09172295789759409,0.039328452754107554,0.1188125,0.098625,22.860416666666666,19.46875
284,2023-07-11,2023-07-11,6377.395833333333,0.0088552222211732,112.9339817527035,2791.834020613373,0.0295360662809108,2704.5956593824544,0.0443687438964843,5.975401605449897e-06,794.3333333333334,0.0847916666666666,0.1177291666666666,0.1026386008885624,0.0060548030339417,0.0031350942787648,25.5,25.04375,0.0,794.3333333333334,42.7125,18.93958333333333,2023-07-11,0.0443687438964843,750.1822762908077,3398.551564638371,0.08753349830078404,0.0821977353645831,0.1301977353645831,0.04266423706379906,3292.3546822776184,R5,1.1093934027166392e-05,0.09221175563820443,0.03798597972637867,0.1182708333333333,0.0968541666666666,22.96875,19.675
285,2023-07-12,2023-07-12,6363.375,0.0088650731432056,112.80933867780308,2796.913406974296,0.0287524762078006,2693.5227665250386,0.0457979838053385,7.1172185703162775e-06,794.1395833333332,0.0834375,0.1178958333333333,0.1021126036331642,0.0066696377797057,0.0034534473090823,27.25,26.18125,0.0,794.1395833333332,44.98541666666667,19.85833333333333,2023-07-12,0.0457979838053385,758.9834298321618,3404.7347962835406,0.08682391409841579,0.08177649245180546,0.12977649245180548,0.042952578353389684,3278.875443516363,R5,1.300118114091959e-05,0.09343374998973025,0.03634274246207522,0.1185833333333333,0.0955416666666666,23.7875,19.95416666666667
286,2023-07-13,2023-07-13,6490.083333333333,0.0087778868743212,113.9278937975127,2809.985394257286,0.0267471473381331,2710.0926499758552,0.0436871846516927,6.826823189916173e-06,793.46875,0.082125,0.1169999999999999,0.1011410494137127,0.0078052811416853,0.0040414679246004,27.0,26.57708333333333,0.0,793.46875,44.3125,19.875,2023-07-13,0.0436871846516927,753.0821177142997,3420.6475699318025,0.08502043213480388,0.08099842692936597,0.12899842692936597,0.04397799479456209,3299.046271334872,R5,1.2592805463001324e-05,0.09162519834947203,0.03737322857989395,0.118375,0.0939583333333333,24.164583333333336,20.329166666666666
287,2023-07-14,2023-07-14,6534.979166666667,0.0087477031862599,114.32118777510853,2797.0988579567306,0.0286625866129319,2709.0394667987907,0.0437838236490885,6.0235641403571575e-06,793.9,0.0807083333333333,0.1154375,0.0998872625863719,0.00927082434998,0.0048003061728226,26.25897435897436,26.58333333333333,0.0,793.9,40.927083333333336,19.672916666666666,2023-07-14,0.0437838236490885,742.0855716730022,3404.9605492193755,0.08679810088698649,0.0799943364902411,0.1279943364902411,0.041196235603254625,3297.764211832826,R5,1.0545400934354986e-05,0.09172295789759409,0.03627137859264702,0.1180416666666666,0.092625,24.397916666666664,20.6375
288,2023-07-15,2023-07-15,6407.9375,0.0088350992476493,113.19977487491752,2825.199204640616,0.0245152639370252,2751.7878198613976,0.0388145446777343,4.943626240186849e-06,795.975,0.0786666666666666,0.1138125,0.0983020117082752,0.0111238137156164,0.0057597587472918,25.942500000000003,26.375,0.0,795.975,36.70208333333333,17.66875,2023-07-15,0.0388145446777343,748.8958050851647,3439.1676247418727,0.08296162074528692,0.07872479431959381,0.12672479431959383,0.04376317357430691,3349.8025784097604,R5,7.642239620574228e-06,0.08722601868397904,0.03949877563561478,0.1176041666666666,0.0908333333333333,24.472916666666663,20.866666666666667
289,2023-07-16,2023-07-16,6322.458333333333,0.008893863516704,112.44543320414324,2833.630235225296,0.023243578074369,2754.5608438662725,0.0384699503580729,5.318570260787273e-06,797.4562500000001,0.077375,0.1124791666666666,0.0970845507453836,0.0125468958589451,0.0064966112362583,25.76410256410256,26.447916666666668,0.0,797.4562500000001,40.458333333333336,18.241666666666667,2023-07-16,0.0384699503580729,745.1149884513784,3449.430875341127,0.08183883818178443,0.07774979531163649,0.1257497953116365,0.04391095712985206,3353.178232191813,R5,9.551297329414152e-06,0.08698161981367389,0.038768175497962604,0.116875,0.089,24.445833333333336,20.99375
290,2023-07-17,2023-07-17,6251.229166666667,0.0089443551956277,111.8103576801633,2822.4352025410626,0.0248571300928381,2735.664975984868,0.0406049092610677,5.874536482579872e-06,796.7645833333332,0.0763124999999999,0.1116249999999999,0.0962241547945387,0.0135526070490039,0.0070173547485358,26.41025641025641,26.929166666666664,0.0,796.7645833333332,40.3625,19.95,2023-07-17,0.0406049092610677,752.3240607862067,3435.8029534932443,0.08333250334965821,0.07706075046823403,0.12506075046823403,0.041728247118575826,3330.1759401932945,R5,1.039565461342069e-05,0.08888793100205418,0.036172819466179854,0.1165833333333333,0.0875208333333333,24.7125,21.13958333333333
291,2023-07-18,2023-07-18,6387.9375,0.0088479769613916,113.02700923801258,2849.336595184177,0.0209692359849786,2757.1372522321967,0.0381787618001302,6.1938490965158525e-06,795.24375,0.0754375,0.1111041666666666,0.0956380241741403,0.0142377312911529,0.0073721027196529,27.810256410256407,27.75625,0.0,795.24375,36.66458333333333,21.183333333333334,2023-07-18,0.0381787618001302,749.6841645536888,3468.5505199256218,0.07978078941227949,0.0765913499775074,0.1245913499775074,0.044810560565227905,3356.314542093659,R5,9.144691716100428e-06,0.0866883411693077,0.037903008808199704,0.1166458333333333,0.0863958333333333,25.2875,21.375
292,2023-07-19,2023-07-19,6181.708333333333,0.0089943454116668,111.18759491966992,2808.2424423880097,0.0271298151927016,2680.353446590888,0.0475260416666666,8.837982030084521e-06,797.3375,0.075125,0.1102083333333333,0.0951235363276142,0.0148391127642903,0.0076834898292284,28.922500000000003,28.17708333333333,0.0,797.3375,50.8125,21.175,2023-07-19,0.0475260416666666,750.0014685989842,3418.5258421504655,0.08525903468165892,0.07617932433129888,0.12417932433129888,0.038920289649639964,3262.8441850185536,R5,1.8290481221738882e-05,0.09490014321156125,0.029279181119737638,0.1165416666666666,0.0847916666666666,25.65416666666667,21.66875
293,2023-07-20,2023-07-20,5921.041666666667,0.0091941189610299,108.80269490699771,2687.288413713038,0.0478797918627225,2552.375574392811,0.0666656494140625,9.812181539541814e-06,797.65625,0.0743958333333333,0.1074375,0.0936428116047574,0.0165699221918699,0.0085796793012259,28.879166666666663,27.183333333333334,3.6139998,797.65625,61.614583333333336,19.6,2023-07-20,0.0666656494140625,759.4307134267153,3271.2862496934877,0.10333307237915083,0.07499349153678014,0.12299349153678014,0.01966041915762931,3107.054336988008,R5,2.7491091947121776e-05,0.1110793484257632,0.011914143111016948,0.1156666666666666,0.082875,25.63958333333333,21.9625
294,2023-07-21,2023-07-21,5774.145833333333,0.0093070181531981,107.4572710256558,2654.698243814556,0.0529971169962151,2532.752937003728,0.0688527425130208,8.92643919825479e-06,799.475,0.07775,0.1042083333333333,0.0934820460695838,0.016757839972679,0.0086769805604395,25.30714285714286,25.40833333333333,0.2747,799.475,63.552083333333336,18.527083333333334,2023-07-21,0.0688527425130208,750.934240233698,3231.613628727295,0.10877484789520885,0.0748647430659169,0.1228647430659169,0.01408989517070805,3083.1673349282128,R5,2.8241065078155365e-05,0.11386549554724208,0.008999247518674813,0.1131041666666666,0.0812083333333333,24.304166666666664,21.816666666666663
295,2023-07-22,2023-07-22,5771.6875,0.0093086627780461,107.43566217854176,2642.983875416626,0.0552181222098023,2565.0328647738447,0.0637003580729166,5.63097979292048e-06,802.0104166666666,0.077875,0.1047083333333333,0.0935118178591817,0.0167230399228678,0.0086589615701516,25.915,26.316666666666663,0.0,802.0104166666666,36.9375,20.20833333333333,2023-07-22,0.0637003580729166,733.9132103964872,3217.3535098400016,0.11079774103751729,0.0748885856910259,0.1228885856910259,0.012090844653508612,3122.4622923717934,R5,8.847359974225689e-06,0.109319676559566,0.013568909131459903,0.1125833333333333,0.07875,24.383333333333336,21.51875
296,2023-07-23,2023-07-23,5778.75,0.0093027020304135,107.50242944999128,2637.716284726944,0.0561916118983862,2568.514401339636,0.0631014506022135,4.990127031568172e-06,801.6020833333333,0.0750416666666666,0.1054583333333333,0.0925076146322785,0.0178968464957578,0.0092667425748209,26.14102564102564,26.804166666666664,0.0,801.6020833333333,29.77083333333333,21.08333333333333,2023-07-23,0.0631014506022135,737.9701203641484,3210.941173559223,0.11171934299713056,0.07408437333444019,0.1220843733344402,0.010365030337309636,3126.7004316937064,R5,6.3187536499969115e-06,0.10883087881895567,0.01325349451548452,0.1126666666666666,0.0779583333333333,24.75625,21.58125
297,2023-07-24,2023-07-24,5682.416666666667,0.0093809594388209,106.60361719183236,2635.1227697078484,0.0566423295046432,2550.462115812717,0.065893809000651,6.148852362334016e-06,802.6395833333332,0.072875,0.105125,0.0913875300212168,0.0192061060593938,0.0099446592872827,26.975,26.96875,0.0,802.6395833333332,36.75,21.166666666666668,2023-07-24,0.065893809000651,737.4303865726557,3207.7840394097775,0.11217586607343107,0.07318735780958954,0.12118735780958954,0.009011491736158478,3104.7250482110844,R5,9.17783745625042e-06,0.11137262707012939,0.009814730739460154,0.112625,0.0765416666666666,25.027083333333334,21.6375
298,2023-07-25,2023-07-25,5624.041666666667,0.0094302970220202,106.0517270863236,2615.466487901469,0.060529802762195,2520.6207701257067,0.0708541870117187,6.98127104149349e-06,802.2645833333332,0.071875,0.1045,0.0906846584215637,0.0200276880673651,0.0103700632249976,28.14772727272728,27.225,0.0,802.2645833333332,37.10416666666666,22.125,2023-07-25,0.0708541870117187,760.0537350963149,3183.856081374018,0.11569655679619127,0.07262446574711595,0.12062446574711595,0.004927908950924681,3068.398622167597,R5,9.76991479733429e-06,0.11567404718750031,0.004950418559615644,0.1124166666666666,0.0760833333333333,25.23125,21.875
299,2023-07-26,2023-07-26,5459.1875,0.0095710501643276,104.48793413694666,2561.580551001701,0.0718636293426517,2464.2805859251025,0.0807902018229166,7.314938093510867e-06,802.4020833333334,0.07325,0.100625,0.0895735347766273,0.021326473216405,0.0110425564287028,25.63958333333333,24.695833333333336,0.3223,802.4020833333334,43.083333333333336,20.9375,2023-07-26,0.0807902018229166,751.1231658300775,3118.259726501003,0.1259326789864751,0.07173462657809829,0.11973462657809829,-0.0061980524083768,2999.814666333106,R5,1.2490462096806919e-05,0.12447240651848626,-0.004737779940387973,0.110375,0.07525,24.20625,21.86875
300,2023-07-27,2023-07-27,5471.354166666667,0.0095612047920252,104.60135033521304,2565.6545225142104,0.0709262517738552,2459.86601033038,0.081579844156901,7.970334252081754e-06,801.6208333333334,0.076,0.0997083333333333,0.09016967590005,0.0206296477628546,0.0106817497302062,24.83125,23.745833333333334,0.68759996,801.6208333333334,53.375,19.041666666666668,2023-07-27,0.081579844156901,739.5445811450487,3123.219047920508,0.12512715556051807,0.07221204394231437,0.12021204394231437,-0.004915111618203696,2994.4407212189326,R5,1.851346035438023e-05,0.12520560312940177,-0.004993559187087396,0.1090416666666666,0.074,23.14375,21.525
301,2023-07-28,2023-07-28,5517.020833333333,0.0095209266780267,105.0392938408375,2552.500829716227,0.0738003319614128,2460.9624251037217,0.0813649495442708,6.890673180648626e-06,801.0020833333333,0.07725,0.1009583333333333,0.0910692741732596,0.0195781132350178,0.0101372795197527,26.695833333333336,24.63125,0.039499998,801.0020833333333,35.895833333333336,22.729166666666668,2023-07-28,0.0813649495442708,736.0632075998415,3107.206812626686,0.12774755218593392,0.0729324838173279,0.12093248381732791,-0.006815068368606014,2995.7754073485235,R5,9.429436421597172e-06,0.12501008403315764,-0.00407760021582973,0.109,0.0725,23.085416666666664,21.1
302,2023-07-29,2023-07-29,5531.916666666667,0.009507938137667,105.18159367019148,2580.0025942267894,0.067872633725923,2493.725810589501,0.0754013061523437,6.404855418358962e-06,802.3229166666666,0.075,0.102,0.0904613730252134,0.0202886849043048,0.0105052038209309,26.6375,25.1125,0.99859995,802.3229166666666,38.645833333333336,20.791666666666668,2023-07-29,0.0754013061523437,734.6484925474791,3140.685222918123,0.1223325830541697,0.07244564848186595,0.12044564848186595,-0.0018869345723037528,3035.6588868761073,R5,9.934152130259223e-06,0.11977994820862709,0.0006657002732388673,0.1091666666666666,0.0724583333333333,23.62291666666667,21.19375
303,2023-07-30,2023-07-30,5492.666666666667,0.0095419587431053,104.80738315443548,2575.761166684943,0.0687105850472474,2473.4264444914047,0.0789909362792968,7.663110822115261e-06,802.5145833333332,0.0745,0.1025,0.090383852078669,0.0203792986308421,0.0105521223703952,26.76744186046512,25.71666666666667,0.0413,802.5145833333332,40.458333333333336,22.70833333333333,2023-07-30,0.0789909362792968,737.3836081674011,3135.5220541544318,0.12315189002822717,0.07238356612499335,0.12038356612499335,-0.002768323903233824,3010.9480903515005,R5,1.189003436393493e-05,0.12295713352259423,-0.0025735673976008816,0.1091249999999999,0.072,23.75,21.2375
304,2023-07-31,2023-07-31,5511.1875,0.009525780935302,104.98441640287918,2573.558939029927,0.0692662611291033,2452.9557017611155,0.0828158060709635,9.105226679778638e-06,801.9729166666666,0.0734166666666666,0.10225,0.0898475896374734,0.0210061322850324,0.0108766882715439,27.058333333333334,25.77916666666667,1.2184,801.9729166666666,54.35416666666666,19.854166666666668,2023-07-31,0.0828158060709635,734.6134274816136,3132.8412414028912,0.12357952440894836,0.0719541023769906,0.1199541023769906,-0.003625422031957759,2986.02867385981,R5,2.0184860631726863e-05,0.12632983793280553,-0.006375735555814929,0.1092916666666666,0.0717083333333333,24.245833333333334,21.3375
305,2023-08-01,2023-08-01,5416.104166666667,0.0096096396276992,104.07264664512564,2549.098332764371,0.0746285635379185,2416.7504695240573,0.089917500813802,1.0138903166617209e-05,801.6437500000001,0.0735833333333333,0.1005833333333333,0.0892212619169155,0.0217382426542065,0.0112557650172209,26.68958333333333,24.7125,2.3003,801.6437500000001,62.54166666666666,19.5625,2023-08-01,0.089917500813802,743.8084984333375,3103.06488969931,0.12843471288392283,0.07145251019061796,0.11945251019061796,-0.008982202693304867,2941.9553701609334,R5,2.8556922588323167e-05,0.13258644901261776,-0.0131339388219998,0.1087083333333333,0.0708333333333333,23.572916666666668,21.399999999999995
306,2023-08-02,2023-08-02,5256.270833333333,0.0097555580271497,102.52233080645892,2542.398326538168,0.0762998042776604,2406.510718997596,0.0921796162923177,1.0456217480884712e-05,801.5416666666666,0.074625,0.1000416666666666,0.0892658233406927,0.0216861550978975,0.0112287947922832,26.49375,24.81875,7.8785,801.5416666666666,71.0,18.3125,2023-08-02,0.0921796162923177,776.2180883148584,3094.9088473002894,0.1297992678330046,0.07148819703832826,0.11948819703832826,-0.010311070794676344,2929.4903310804348,R5,3.805738251004304e-05,0.13444388042693703,-0.014955683388608768,0.1076666666666666,0.07,23.633333333333336,21.399999999999995
307,2023-08-03,2023-08-03,4751.6875,0.0103014610546077,97.36056930391383,2231.332588893917,1.6555826254803874,2117.5142388753115,0.2505238850911458,9.996203604889622e-06,799.1145833333334,0.21,0.1309375,0.1587200320396125,0.0594984144210371,0.0308074660069558,23.495833333333334,23.610416666666666,18.481699,799.1145833333334,73.14166666666667,17.0125,2023-08-03,0.2505238850911458,819.4512155411769,2716.242729769422,0.21592021342087298,0.12711033741404063,0.17511033741404064,-0.040809876006832335,2577.6895318771976,R5,3.854356745360057e-05,0.20600386965228945,-0.03089353223824881,0.1071666666666666,0.07,23.27083333333333,21.3875
308,2023-08-04,2023-08-04,4966.229166666667,0.0100362031737093,99.65422446572585,2269.4684170676724,0.1546639776384515,2173.204448672479,0.1531308492024739,8.214360339013632e-06,795.7541666666666,0.2457916666666666,0.1939166666666666,0.1950508734099917,0.1019652968773743,0.0527962374797031,21.697916666666668,20.941666666666663,1.8166,795.7541666666666,63.40625,16.664583333333333,2023-08-04,0.1531308492024739,804.9149586994002,2762.6661838686814,0.20223774262711863,0.15620575433011297,0.20420575433011298,0.001968011702994349,2645.4822617614836,R5,2.5244390075400353e-05,0.18855379031250064,0.015651964017612346,0.1056874999999999,0.069625,21.34583333333333,20.972916666666663
309,2023-08-05,2023-08-05,5070.375,0.009931529622524,100.69733511627724,2342.605252762625,0.1292200058166071,2247.546061090344,0.1300862630208333,7.836180636680341e-06,795.7854166666666,0.2247083333333333,0.1984166666666666,0.1874029831034269,0.0930257280031824,0.0481674508660025,23.525,22.43541666666667,0.0,795.7854166666666,57.25208333333333,17.5,2023-08-05,0.1300862630208333,793.7034429945512,2851.697016485719,0.1789306007129451,0.15008097030077003,0.19808097030077004,0.019150369587824956,2735.9796915280876,R5,2.0269161732417273e-05,0.168415323399355,0.029665646901415044,0.10625,0.069,21.75625,20.4875
310,2023-08-06,2023-08-06,5207.604166666667,0.0098007060489485,102.04774723362604,2409.144982798154,0.109420688294675,2312.717259153241,0.1131337483723958,7.732076331474578e-06,795.3020833333334,0.2081666666666667,0.19325,0.1784191007836774,0.0825245268175302,0.0427300723794121,23.416666666666668,22.25208333333333,0.0,795.3020833333334,59.76458333333333,17.020833333333332,2023-08-06,0.1131337483723958,794.1746848447267,2932.697069480696,0.16051466628064354,0.14288626212010136,0.19088626212010137,0.030371595839457838,2815.3138050572843,R5,2.202740927809024e-05,0.1532137136663737,0.03767254845372767,0.1061458333333333,0.0689375,21.73958333333333,20.335416666666667
311,2023-08-07,2023-08-07,5387.833333333333,0.0096351696237993,103.79939260077528,2475.672564892034,0.0918345612129822,2388.159417100732,0.0959383646647135,6.7983401428830114e-06,795.2083333333334,0.1959791666666666,0.1881666666666666,0.171474033771614,0.0744064834877342,0.0385266604673586,23.789583333333336,22.89375,0.0,795.2083333333334,51.00208333333333,17.522916666666667,2023-08-07,0.0959383646647135,782.7158343547771,3013.6823345599896,0.14427312764729916,0.13732433146823392,0.18532433146823393,0.04105120382093477,2907.1509494000593,R5,1.527007622399433e-05,0.13786546461120933,0.047458866857024606,0.1065625,0.069,22.11875,20.266666666666666
312,2023-08-08,2023-08-08,5601.375,0.0094520078089759,105.8279169780729,2523.057064588537,0.0808796391437223,2447.133217565048,0.0844561258951823,5.760019631827458e-06,793.6333333333333,0.1821874999999999,0.1805625,0.1628444147447704,0.0643193783442038,0.0333036952532129,22.61875,21.95208333333333,0.0,793.6333333333333,48.97083333333333,16.179166666666667,2023-08-08,0.0844561258951823,769.5024261530447,3071.3643688049106,0.13382563375145662,0.1304133337059417,0.1784133337059417,0.04458769995448508,2978.940855376146,R5,1.2818998143890879e-05,0.12730743341402617,0.05110590029191553,0.10625,0.0689791666666666,21.641666666666666,20.23125
313,2023-08-09,2023-08-09,5711.583333333333,0.0093582001831801,106.87219404847406,2558.1777748668096,0.0727454773898199,2483.650846664073,0.0774065653483073,5.562097971477796e-06,792.8541666666666,0.1702291666666666,0.1741041666666666,0.1554485364011064,0.0556743846023903,0.0288274356180133,22.93958333333333,21.902083333333334,0.0,792.8541666666666,46.47083333333333,15.6,2023-08-09,0.0774065653483073,777.4627761179063,3114.1174637189165,0.12660964451585355,0.124490372504033,0.172490372504033,0.045880727988179465,3023.39444559499,R5,1.0972929463759032e-05,0.12134410097858014,0.05114627152545287,0.1062083333333333,0.0688958333333333,21.40416666666667,20.0625
314,2023-08-10,2023-08-10,5851.125,0.0092447376135967,108.17450327370726,2590.7489093034765,0.0655794482402171,2505.591432386715,0.0733248392740885,6.293926036281876e-06,792.5520833333334,0.1582916666666666,0.1686041666666666,0.1484866999525615,0.0475367395881561,0.0246138742215931,23.73125,22.70625,0.0,792.5520833333334,48.39375,16.739583333333332,2023-08-10,0.0733248392740885,767.7768929022546,3153.7669124628146,0.1202817590355812,0.11891501211237775,0.16691501211237775,0.04663325307679654,3050.103129344171,R5,1.2905948723920516e-05,0.11792251679430783,0.048992495318069915,0.10675,0.0686458333333333,21.83333333333333,20.00625
315,2023-08-11,2023-08-11,5661.916666666667,0.0093982286062479,106.41000792930338,2554.1861563484704,0.0733620740432583,2438.7443616827345,0.0854911804199218,8.76815471087824e-06,794.6750000000001,0.145,0.1615833333333333,0.1403527009264387,0.0380289614164139,0.0196908765975748,22.785416666666663,22.039583333333336,1.9351,794.6750000000001,71.60208333333334,15.620833333333332,2023-08-11,0.0854911804199218,776.1577374673917,3109.258392133436,0.1274086220335845,0.11240092975333495,0.16040092975333498,0.03299230771975048,2968.7289448277893,R5,3.3265127369203774e-05,0.12877382663585718,0.031627103117477795,0.106875,0.0685833333333333,21.73958333333333,20.072916666666668
316,2023-08-12,2023-08-12,5788.458333333333,0.0092948764585349,107.5927645595434,2600.196991158502,0.0636281449885683,2480.250873785427,0.0777587890625,8.956224703936524e-06,795.3562499999999,0.1381666666666666,0.1554791666666666,0.1352819112844058,0.0321017486251188,0.0166218468030723,23.370833333333334,22.2125,0.0,795.3562499999999,64.03750000000001,17.464583333333334,2023-08-12,0.0777587890625,769.0688939801173,3165.2682385209355,0.11850774765571641,0.10834000704514421,0.15634000704514422,0.037832259389427816,3019.255595268955,R5,2.7177667440276463e-05,0.1218817784932515,0.03445822855189272,0.1066874999999999,0.0682708333333333,21.425,19.977083333333333
317,2023-08-13,2023-08-13,5937.729166666667,0.0091777049501872,108.96961287355371,2646.2355854013954,0.0546991674854181,2538.3755064264683,0.0680071512858073,7.87220357879947e-06,795.7083333333334,0.1328958333333333,0.1507708333333333,0.1315865970079375,0.0277823199772057,0.0143853056694148,24.4125,22.93541666666667,0.0131,795.7083333333334,61.65416666666667,16.797916666666666,2023-08-13,0.0680071512858073,754.7477856849583,3221.311876983211,0.11023256235082855,0.10538062858171511,0.15338062858171514,0.043148066230886586,3090.011793433931,R5,2.3601217763276083e-05,0.11308341916226555,0.04029720941944959,0.1075833333333333,0.0684583333333333,21.93958333333333,19.99375
318,2023-08-14,2023-08-14,5959.645833333333,0.0091606330565569,109.17124677262788,2674.2057535567524,0.0493625897995167,2583.646305475037,0.0608253479003906,6.491464116344744e-06,797.8375,0.1252291666666666,0.1455208333333333,0.1266715179164276,0.0220371162282793,0.0114105176700978,25.30208333333333,23.714583333333334,0.0,797.8375,49.68541666666667,17.34375,2023-08-14,0.0608253479003906,756.0895819437259,3255.3604837577286,0.10548545127463317,0.10144440607904703,0.14944440607904705,0.04395895480441388,3145.120780502274,R5,1.421185288052072e-05,0.10682680808245332,0.04261759799659373,0.1085,0.0687916666666666,22.572916666666668,20.2
319,2023-08-15,2023-08-15,5940.479166666667,0.009175728040754,108.99426164520172,2702.702096865724,0.0442403254856191,2603.082837103924,0.0579401652018229,7.087876789757441e-06,799.5520833333334,0.1175833333333333,0.1405625,0.1218019020149627,0.0163450541043445,0.0084632456780798,26.06041666666667,24.285416666666663,0.0,799.5520833333334,50.8875,18.366666666666667,2023-08-15,0.0579401652018229,753.1847939337719,3290.0496133492866,0.10085049833679897,0.09754459260019453,0.14554459260019453,0.04469409426339556,3168.7812325530676,R5,1.5920219761022754e-05,0.10423618005721856,0.04130841254297597,0.1091249999999999,0.069,23.010416666666668,20.4375
320,2023-08-16,2023-08-16,6062.541666666667,0.0090825800441372,110.1095793992362,2715.3639578964016,0.0419729198217233,2606.2614762224007,0.0574226379394531,7.753533904947099e-06,797.7229166666666,0.111,0.1366041666666666,0.1177786126807755,0.0116422575601922,0.0060282018860494,26.714893617021275,25.116666666666664,0.0,797.7229166666666,50.61666666666667,19.4,2023-08-16,0.0574226379394531,751.7707457654873,3305.4631326700337,0.09885298760547172,0.09432255655212207,0.1423225565521221,0.04346956894665037,3172.6506491694417,R5,1.66049894589802e-05,0.1038451418647303,0.038477414687391784,0.1100416666666666,0.069,23.59166666666667,20.70833333333333
321,2023-08-17,2023-08-17,6137.770833333333,0.0090270814668074,110.78927438311904,2734.414016518016,0.0389224402088497,2616.503912408898,0.0561180114746093,8.345040499103563e-06,796.3666666666667,0.1049791666666666,0.1328958333333333,0.1140126786597122,0.0072402819554872,0.0037489190660782,26.575,24.98333333333333,2.5978,796.3666666666667,55.67083333333333,19.035416666666663,2023-08-17,0.0561180114746093,748.957220490793,3328.653123929155,0.09591638514221675,0.09130662253330268,0.1393066225333027,0.04339023739108595,3185.1189575539356,R5,2.0540186654526616e-05,0.10252538796508241,0.036781234568220286,0.1105833333333333,0.069,23.9125,21.029166666666665
322,2023-08-18,2023-08-18,6192.166666666667,0.0089866265978099,111.2820982576143,2752.2619609194303,0.0358206207506296,2624.106052855888,0.0549265543619791,9.04557252624562e-06,795.4520833333332,0.0999166666666666,0.1291875,0.1105421194155619,0.003183567992368,0.0016484080065003,25.1625,24.4375,0.0,795.4520833333332,55.00416666666666,19.741666666666667,2023-08-18,0.0549265543619791,767.9060970102287,3350.379759152863,0.09323733816839931,0.08852723828753047,0.13652723828753047,0.043289900119131156,3194.3731847465115,R5,2.0670820072835394e-05,0.10159667225792278,0.03493056602960769,0.1104791666666666,0.069,23.891666666666666,21.20833333333333
323,2023-08-19,2023-08-19,6151.541666666667,0.0090163726133542,110.91595862512332,2758.582065233473,0.03488396260532,2632.7651151320506,0.053808848063151,8.851404646691297e-06,795.7875,0.0992708333333333,0.1241041666666666,0.1081950735396302,0.0004401214446621,0.0002278888702715,23.116666666666664,22.00625,2.3725998,795.7875,60.58125,18.660416666666663,2023-08-19,0.053808848063151,760.943958369699,3358.0733398767084,0.0923049094558726,0.08664761547381118,0.13464761547381118,0.04234270601793859,3204.9140225719952,R5,2.502581219792799e-05,0.10052131722858006,0.034126298245231126,0.1085416666666666,0.069,22.089583333333334,21.091666666666665
324,2023-08-20,2023-08-20,6243.791666666667,0.0089496900167347,111.74379249424778,2800.8341387534147,0.0280956024731069,2701.4323340672954,0.0447680155436197,6.82794584937565e-06,795.6437500000001,0.1036666666666666,0.124375,0.1102964707230339,0.0028964308450394,0.0014997323150262,25.160416666666663,23.504166666666663,0.0,795.6437500000001,47.16041666666666,20.397916666666667,2023-08-20,0.0447680155436197,756.6104281871792,3409.5075761207618,0.0862795835807346,0.08833051146110972,0.13633051146110972,0.050050927880375115,3288.503907439316,R5,1.482983681340381e-05,0.09255391405663166,0.04377659740447806,0.1090208333333333,0.0688541666666666,22.50625,20.772916666666667
325,2023-08-21,2023-08-21,6240.3125,0.0089522722475415,111.71231484047968,2820.3505300852607,0.0251560402106081,2733.6913459681123,0.0408617655436197,5.876534833324658e-06,797.3833333333333,0.102125,0.1236666666666666,0.1094640152074154,0.0019233790466651,0.0009958993895083,25.847916666666663,24.110416666666666,0.0,797.3833333333333,37.31666666666667,20.289583333333333,2023-08-21,0.0408617655436197,750.0822526439789,3433.2652428757387,0.08361315197962148,0.08766384260959362,0.13566384260959363,0.052050690629972154,3327.7734036055394,R5,9.05779466369191e-06,0.08908345009829831,0.046580392511295324,0.1095,0.0684791666666666,23.027083333333334,20.82708333333333
326,2023-08-22,2023-08-22,6164.5625,0.0090070189572977,111.0325632552626,2812.2092404276555,0.0264096188642664,2706.987656857526,0.0440928141276041,7.205652662503173e-06,798.2687500000001,0.0968333333333333,0.1225,0.1068016798469028,0.0011886073139485,0.0006154446261536,24.95208333333333,24.1375,0.0,798.2687500000001,47.27708333333334,18.729166666666668,2023-08-22,0.0440928141276041,749.0878346188707,3423.354699304832,0.08471682152055014,0.08553172140450446,0.13353172140450448,0.048814899883954335,3295.2665053664887,R5,1.3692737106026393e-05,0.09196735676789926,0.04156436463660522,0.10975,0.0683333333333333,23.48125,21.010416666666668
327,2023-08-23,2023-08-23,6112.3125,0.0090456715781516,110.56004178879824,2805.1805239632827,0.0274540886385346,2679.08339962553,0.047552744547526,8.716660395697899e-06,798.0854166666667,0.09375,0.1196875,0.1042470168044356,0.004174736207414,0.0021616213650298,23.86875,22.683333333333334,1.3773,798.0854166666667,61.31666666666666,17.954166666666666,2023-08-23,0.047552744547526,782.0301835038681,3414.798511809078,0.08567957933652608,0.08348582916812851,0.1314858291681285,0.04580624983160243,3261.298133186886,R5,2.4860059409910506e-05,0.09504678253374434,0.03643904663438417,0.1084166666666666,0.068,22.354166666666668,20.972916666666663
328,2023-08-24,2023-08-24,5575.375,0.0094737951823789,105.58274288065292,2550.3328917551294,0.0745771007256779,2407.868964792376,0.0920524597167968,1.0966264137225718e-05,796.4979166666667,0.0959999999999999,0.1189166666666666,0.1049194677632912,0.0033887126871701,0.0017546291263926,24.24375,22.954166666666666,4.3480997,796.4979166666667,80.44791666666667,17.122916666666665,2023-08-24,0.0920524597167968,827.7113155504344,3104.567741358363,0.12818493486205673,0.08402435897546372,0.13202435897546372,0.003839424113406986,2931.1437489902855,R5,5.1616877082676895e-05,0.13419948155663186,-0.002175122581168143,0.1081249999999999,0.068,22.39375,20.81458333333333
329,2023-08-26,2023-08-26,5369.020833333333,0.0096523340652387,103.6169369683635,2486.347789437367,0.0892813653963246,2347.745888526392,0.1048698425292968,1.0941355054125075e-05,797.9541666666668,0.1593541666666666,0.1157291666666666,0.1311680688630649,0.0272931051706512,0.0141319969271619,21.566666666666663,20.5625,5.0078998,797.9541666666668,79.65416666666667,17.116666666666667,2023-08-26,0.1048698425292968,837.3479252709861,3026.67748427646,0.1418435743446131,0.10504545189967693,0.15304545189967694,0.011201877555063855,2857.9548081700354,R5,5.005423625621809e-05,0.1457839880090967,0.007261463890580244,0.1061666666666666,0.066625,20.53333333333333,20.325
330,2023-08-27,2023-08-27,5589.041666666667,0.0094607980149972,105.71737063038825,2562.301948219793,0.0719085455162964,2433.837480779807,0.0867538452148437,9.778238743025133e-06,797.7416666666667,0.1824583333333333,0.1178958333333333,0.1421306314642925,0.0401071727739997,0.020766946042065,22.754166666666663,21.725,3.0014,797.7416666666667,67.95416666666667,18.2125,2023-08-27,0.0867538452148437,833.1822169320118,3119.137896774081,0.12578964765380934,0.11382477870082584,0.16182477870082584,0.0360351310470165,2962.7557072903815,R5,3.340541756476922e-05,0.12960478279489474,0.03221999590593111,0.1068958333333333,0.06625,21.214583333333334,20.05625
331,2023-08-28,2023-08-28,5811.125,0.0092774292406496,107.80051333185033,2637.2009257827963,0.0565246077241019,2518.925527729285,0.0714658101399739,8.717931829627369e-06,797.1520833333334,0.1845416666666667,0.1194166666666666,0.1436105636300192,0.0418370557867424,0.0216626558291183,23.2375,21.90833333333333,0.4464,797.1520833333334,58.00625,19.03125,2023-08-28,0.0714658101399739,818.4206150986059,3210.313817515471,0.11180991284218629,0.11500997677896423,0.16300997677896423,0.05120006393677794,3066.334972016384,R5,2.2793761013811494e-05,0.11591844605780548,0.04709153072115875,0.1071041666666666,0.0668333333333333,21.258333333333333,20.00625
332,2023-08-29,2023-08-29,5833.625,0.009259463743692,108.00921875834574,2667.8652376822506,0.0505647705871702,2569.061880694376,0.0631256103515625,7.130962620486578e-06,798.4729166666666,0.1705833333333333,0.1201041666666666,0.1377476868689892,0.0349839775514102,0.0181142255586243,22.254166666666663,21.3125,0.44739997,798.4729166666666,59.06875,16.316666666666666,2023-08-29,0.0631256103515625,799.7526946724918,3247.642055661073,0.1065439433591588,0.11031471409702708,0.15831471409702708,0.051770770737868274,3127.3668885116695,R5,2.0481059323586116e-05,0.10878199904489465,0.04953271505213243,0.1072291666666666,0.0667083333333333,21.28125,20.010416666666668
333,2023-08-30,2023-08-30,6092.0,0.0090600306837596,110.37907505368032,2715.513044082866,0.0420147727454903,2626.0435567007644,0.0546875,6.312416593991806e-06,795.8770833333333,0.159,0.1213125,0.1330587898088016,0.029503156497065,0.0152763313060634,22.391666666666666,21.44375,0.0,795.8770833333333,50.62916666666666,16.618750000000002,2023-08-30,0.0546875,790.0993750861281,3305.6446180622647,0.09882968824870113,0.10655962861877188,0.1545596286187719,0.05572994037007077,3196.7317442722137,R5,1.4232738406820987e-05,0.10135227338761761,0.05320735523115429,0.1071666666666666,0.0665,21.164583333333333,19.902083333333334
334,2023-08-31,2023-08-31,6299.916666666667,0.008909660298771,112.24521669892124,2755.544261092291,0.0353546980599463,2667.1978542511497,0.0491676330566406,6.137137286971873e-06,793.05625,0.14875,0.1232083333333333,0.1292847666511539,0.0250917255536024,0.0129921526408803,23.71666666666667,22.352083333333336,0.0,793.05625,45.38958333333333,18.370833333333334,2023-08-31,0.0491676330566406,776.0203820847415,3354.3753643019245,0.09275204362869817,0.10353721644551026,0.15153721644551027,0.0587851728168121,3246.829637377165,R5,1.2265337219751169e-05,0.09641541620745327,0.055121800238057,0.1076041666666666,0.0664583333333333,21.47083333333333,19.860416666666666
335,2023-09-01,2023-09-01,6283.979166666667,0.0089217328790512,112.09999333149187,2755.4750129634854,0.0354132462622416,2662.035074439325,0.04986572265625,6.504018833744969e-06,793.8270833333332,0.1358125,0.1231458333333333,0.1236781155178524,0.0185381477758599,0.0095987996149826,23.40833333333333,22.45833333333333,0.0,793.8270833333332,47.01666666666667,17.347916666666666,2023-09-01,0.04986572265625,772.597985747553,3354.29106726465,0.09276225874243067,0.09904715108854949,0.1470471510885495,0.054284892346118815,3240.5448893306084,R5,1.2525981973018832e-05,0.09700197349618567,0.05004517759236382,0.1079791666666666,0.066625,21.84375,19.98125
336,2023-09-02,2023-09-02,6057.645833333333,0.0090862316915126,110.06519700248214,2715.831489099159,0.0419592045135538,2604.5256974257886,0.0577354431152343,7.914628320529926e-06,796.6083333333332,0.1237291666666666,0.1211458333333333,0.1176596416260894,0.0115031930738085,0.0059561961951629,21.464583333333334,21.122916666666665,0.0,796.6083333333332,58.458333333333336,16.977083333333333,2023-09-02,0.0577354431152343,765.1178726329617,3306.0322671131694,0.09877993830339037,0.09422727903289956,0.14222727903289956,0.04344734072950919,3170.5376533030917,R5,2.0744269431314922e-05,0.10408954073503547,0.038137738297864085,0.107625,0.0667708333333333,21.38125,20.04791666666667
337,2023-09-03,2023-09-03,6017.416666666667,0.0091167074580693,109.6985009077684,2715.613780485694,0.042008522662336,2592.37240760372,0.0595448811848958,8.807564957674918e-06,795.8083333333334,0.1178125,0.1202708333333333,0.1146533334511676,0.0079891391439697,0.0041366670859663,21.64583333333333,21.104166666666668,0.1768,795.8083333333334,67.03750000000001,16.079166666666666,2023-09-03,0.0595448811848958,763.627921222977,3305.7672463621275,0.09881394792443611,0.09181968850022168,0.1398196885002217,0.041005740575785585,3155.7432271891707,R5,2.839025973954261e-05,0.10565369350498853,0.034165994995233165,0.1071249999999999,0.066,20.885416666666668,19.875
338,2023-09-04,2023-09-04,6343.6875,0.0088792100538114,112.63304949188957,2718.598354995394,0.0414356327710412,2609.89313147024,0.0569432576497395,7.721679038837184e-06,789.4020833333334,0.1123541666666666,0.1182916666666666,0.1114968012565707,0.0042994893417253,0.0022262168333622,20.725,20.039583333333333,1.1488,789.4020833333334,63.91041666666666,15.08125,2023-09-04,0.0569432576497395,758.5599337507277,3309.4004245148503,0.09834864952654247,0.08929179162950182,0.13729179162950184,0.03894314210295936,3177.0715307596947,R5,2.3342274115536548e-05,0.103405223898181,0.03388656773132083,0.1065625,0.066,20.272916666666667,19.68125
339,2023-09-05,2023-09-05,6332.520833333333,0.008886648275074,112.53550086340334,2740.9849431050075,0.0377895374307642,2650.8042055339165,0.0513928731282552,6.3061346953032605e-06,792.5833333333334,0.1084166666666666,0.1169791666666666,0.1092865144549212,0.0017158995799707,0.0008884693566322,20.75625,19.695833333333333,0.0,792.5833333333334,61.6375,13.339583333333332,2023-09-05,0.0513928731282552,755.7865985029115,3336.652035278633,0.09492208325629602,0.08752169180322815,0.13552169180322815,0.040599608546932134,3226.873343383067,R5,1.872873335801656e-05,0.09832172739583356,0.03719996440739459,0.1063124999999999,0.0659583333333333,19.904166666666665,19.45833333333333
340,2023-09-06,2023-09-06,6281.4375,0.0089226377426465,112.0809731657646,2736.4998883045705,0.0384556370201278,2664.750251668033,0.0494384765625,4.988929370738958e-06,795.1020833333333,0.1046041666666666,0.1164375,0.1074203073081265,0.0004654977274618,0.0002410283627663,21.197916666666668,19.902083333333334,0.0,795.1020833333333,46.92291666666667,14.75625,2023-09-06,0.0494384765625,758.4288653506643,3331.1922945143288,0.09559973553636199,0.08602714686731001,0.13402714686731002,0.03842741133094803,3243.8501251543585,R5,1.0606970257285817e-05,0.09670869485181947,0.03731845201549054,0.1062291666666666,0.0659375,19.922916666666666,19.241666666666667
341,2023-09-07,2023-09-07,6279.083333333333,0.0089242068696682,112.06040325933684,2725.128915126554,0.0403352117024108,2657.6692480250445,0.0503476460774739,4.702543232949734e-06,795.4354166666667,0.1005625,0.1161041666666666,0.1055775008027812,0.0026195421784134,0.0013563631468257,21.55208333333333,20.179166666666667,0.0,795.4354166666667,40.516666666666666,15.595833333333331,2023-09-07,0.0503476460774739,761.0657670745153,3317.3501970256257,0.09733755827939046,0.08455134224660044,0.13255134224660045,0.03521378396720999,3235.230287501975,R5,8.189874168741228e-06,0.09753965101085703,0.03501169123574342,0.1064166666666666,0.0659791666666666,20.08333333333333,19.166666666666668
342,2023-09-08,2023-09-08,6256.770833333333,0.0089404154782541,111.85983016605788,2752.7854866395087,0.0357530550574725,2689.9783192671607,0.0461870829264322,4.325295738746971e-06,797.5437499999999,0.0961666666666666,0.1151249999999999,0.1032507812655855,0.005339229401939,0.0027645800296388,21.154166666666665,19.86458333333333,0.0,797.5437499999999,41.2875,14.570833333333333,2023-09-08,0.0461870829264322,753.3920397630995,3351.0170567651003,0.09315978194521153,0.08268799770438806,0.13068799770438808,0.037528215759176545,3274.5607218369587,R5,7.952342666192907e-06,0.09382478818221852,0.03686320952216955,0.1061041666666666,0.0655416666666666,20.004166666666663,19.11458333333333
343,2023-09-09,2023-09-09,6246.770833333333,0.0089471256338105,111.77225775779895,2765.2836779756126,0.0336879767196676,2702.621769602398,0.0445696512858072,4.293946096127672e-06,798.61875,0.0924166666666666,0.1141458333333333,0.1011869238932028,0.007751658763156,0.0040137029896886,20.791666666666668,19.5125,0.0,798.61875,40.625,14.347916666666668,2023-09-09,0.0445696512858072,751.3636467339509,3366.231337917507,0.0913252738835423,0.08103516533277824,0.12903516533277826,0.03770989144923596,3289.9518294751583,R5,7.575583752328623e-06,0.09240727473444856,0.0366278905983297,0.1057083333333333,0.065,19.758333333333333,19.03333333333333
344,2023-09-10,2023-09-10,6237.770833333333,0.008953980792811,111.6900292173936,2766.468903400663,0.0335577667688119,2680.3725983351355,0.047461191813151,5.954326177735975e-06,796.8229166666666,0.0895833333333333,0.1145208333333333,0.1001082362485592,0.0090125296839581,0.0046665647240685,20.86382978723404,20.15,0.0,796.8229166666666,45.85,15.7625,2023-09-10,0.047461191813151,768.1184712082775,3367.674134907949,0.09115298144787291,0.08017130241192913,0.12817130241192914,0.03701832096405623,3262.8674987936197,R5,1.0760707651465438e-05,0.09490014321156125,0.0332711592003679,0.1059166666666666,0.0649166666666666,20.05,18.941666666666663
345,2023-09-11,2023-09-11,6099.229166666667,0.0090569453947287,110.43524328958618,2715.1711308647896,0.0422047329975001,2602.793631209896,0.058270772298177,8.02129294422222e-06,795.9499999999999,0.0892916666666666,0.1132083333333333,0.0993702959842476,0.0098751032242964,0.0051131935171389,21.285416666666663,19.74375,2.3248,795.9499999999999,68.94375000000001,14.91875,2023-09-11,0.058270772298177,784.9489234459538,3305.228400732121,0.0988831303623287,0.07958032574198588,0.12758032574198588,0.02869719537965719,3168.4291768304156,R5,2.850519149096333e-05,0.1042850598312796,0.023295265910706284,0.1051874999999999,0.0640208333333333,19.59375,18.935416666666665
346,2023-09-12,2023-09-12,6259.083333333333,0.0089390415127266,111.87933534157295,2739.459658974071,0.0380891616360571,2656.9651142474613,0.0505625406901041,5.749074488546673e-06,794.4791666666666,0.0910416666666666,0.1107916666666666,0.0992238915903769,0.0100462343611236,0.0052018028814696,19.12708333333333,18.339583333333334,0.1302,794.4791666666666,60.40416666666667,12.439583333333331,2023-09-12,0.0505625406901041,755.0407327196162,3334.7952784902855,0.09515205035814746,0.07946307833682434,0.12746307833682435,0.032311027978676896,3234.3731323366424,R5,1.6554743496515518e-05,0.09758853078491807,0.029874547551906286,0.1046041666666666,0.064125,19.09583333333333,18.8125
347,2023-09-13,2023-09-13,6340.229166666667,0.0088812351440708,112.60400693903576,2772.892318716265,0.0325487724517466,2681.437870114773,0.0472895304361979,6.318538894485998e-06,792.5166666666668,0.0933958333333333,0.1109583333333333,0.1002693388103355,0.0088242179549611,0.0045690594838661,19.697916666666668,18.822916666666668,0.0,792.5166666666668,58.60208333333333,12.666666666666666,2023-09-13,0.0472895304361979,749.8073243597429,3375.4934780386575,0.09022421306445562,0.08030032078927259,0.1283003207892726,0.03807610772481697,3264.1642739767863,R5,1.5575922846908387e-05,0.09480238366343917,0.03349793712583342,0.1044166666666666,0.064,18.947916666666668,18.516666666666666
348,2023-09-14,2023-09-14,6271.916666666667,0.0089292140229634,111.99681444799972,2761.335531482642,0.0343830102881526,2657.824453667853,0.050360361735026,7.212866752625911e-06,793.2666666666668,0.0899583333333333,0.1091458333333333,0.0980189261797948,0.0114547105352223,0.0059310925991434,17.01875,17.283333333333335,1.1018,793.2666666666668,75.48541666666667,10.70625,2023-09-14,0.050360361735026,804.8516829614509,3361.4251856383835,0.09190128661291828,0.07849808634467861,0.12649808634467863,0.034596799731760344,3235.4192222224183,R5,2.6622692889057633e-05,0.09749077123679599,0.02900731510788264,0.1037291666666666,0.0637291666666666,18.316666666666663,18.33333333333333
349,2023-09-15,2023-09-15,5722.1875,0.0093485941055785,106.9749145940012,2552.293004790296,0.0738524449154239,2437.3654018558614,0.0858370463053385,8.734030216662891e-06,795.5416666666666,0.0924583333333333,0.1076874999999999,0.0983126222467126,0.0111114111267519,0.0057533368562454,16.260416666666668,16.256249999999998,5.082,795.5416666666666,90.72083333333336,10.660416666666666,2023-09-15,0.0858370463053385,846.7389551601283,3106.9538234726106,0.12778941278501366,0.07873329172917463,0.12673329172917464,-0.001056121055839021,2967.0503113407726,R5,4.697308037581645e-05,0.1289693457321013,-0.002236054002926674,0.1022291666666666,0.063,17.114583333333332,17.912499999999998
350,2023-09-16,2023-09-16,5379.0625,0.0096429857621035,103.7150038376408,2422.9481619233065,0.105588118068171,2336.2186494871626,0.1073926289876302,6.879716029282885e-06,798.0083333333333,0.1033541666666666,0.1058124999999999,0.1022574847496781,0.0065002871918013,0.0033657598886545,14.785416666666668,14.7,2.4778,798.0083333333333,80.94791666666667,9.677083333333334,2023-09-16,0.1073926289876302,836.6043215368614,2949.49993658039,0.15697971396430516,0.08189251994605652,0.12989251994605652,-0.027087194018248634,2843.9224853372743,R5,2.973268514662195e-05,0.14817909693808734,-0.018286576992030817,0.10125,0.0626458333333333,16.204166666666666,17.433333333333334
351,2023-09-17,2023-09-17,5577.875,0.0094689528435907,105.61660638688808,2494.573071260152,0.0870896016053704,2420.963261115064,0.0890159606933593,5.63394675934044e-06,797.4666666666667,0.1198125,0.10575,0.1093341919183467,0.00177162945461,0.0009173255242331,15.408333333333331,14.629166666666668,0.0,797.4666666666667,63.58541666666667,11.091666666666669,2023-09-17,0.0890159606933593,811.2508863291943,3036.690273074799,0.14000243347695068,0.0875598741195066,0.1355598741195066,-0.004442559357444087,2947.0836798481855,R5,1.6931226366940605e-05,0.13185325240170226,0.003706621717804337,0.1008125,0.062,15.752083333333331,16.90625
352,2023-09-18,2023-09-18,5666.729166666667,0.0093953166476867,106.45119313814143,2552.764069604404,0.0738321441328055,2466.979651748876,0.0803324381510416,6.44423661365344e-06,795.3479166666666,0.125625,0.1070416666666666,0.1123889397856895,0.005342304223567,0.0027661721302637,15.270833333333334,15.183333333333332,0.0,795.3479166666666,68.875,10.720833333333331,2023-09-18,0.0803324381510416,813.0805652097904,3107.5272594466737,0.12769455048800554,0.09000625739667137,0.13800625739667138,0.01031170690866584,3003.1002894434773,R5,2.0426365132390412e-05,0.12403248855193696,0.013973768844734419,0.1012291666666666,0.062,16.041666666666668,16.552083333333332
353,2023-09-19,2023-09-19,5476.604166666667,0.0095570479213614,104.6500186581066,2480.750238158088,0.0909336165737225,2386.470245524551,0.0964749654134114,7.315076543707598e-06,793.4895833333334,0.1223541666666666,0.1057291666666666,0.1102607999986467,0.002854735569,0.0014781430708129,13.097916666666668,13.35625,4.5306,793.4895833333334,81.02291666666666,9.985416666666667,2023-09-19,0.0964749654134114,812.6977127069,3019.8634808228603,0.14311180385018302,0.08830194469638321,0.1363019446963832,-0.006809859153799808,2905.094689371424,R5,3.076769098462062e-05,0.13820762302963657,-0.0019056783332533633,0.0999166666666666,0.0618125,14.84375,16.25
354,2023-09-20,2023-09-20,5615.270833333333,0.0094391373923956,105.9633686908473,2511.7589604816603,0.0831079181707231,2435.090912370448,0.0863863627115885,5.840466060823599e-06,792.1208333333334,0.1228125,0.1055833333333333,0.110266608146058,0.002861524674457,0.0014816583768529,13.14375,12.783333333333331,0.392,792.1208333333334,70.44166666666666,10.125,2023-09-20,0.0863863627115885,798.4888244004293,3057.610976194043,0.13623949220043252,0.08830659612927239,0.1363065961292724,6.710392883987892e-05,2964.2815329168657,R5,2.0569543539696937e-05,0.12936038392458957,0.006946212204682833,0.0993125,0.061,14.095833333333331,15.76875
355,2023-09-21,2023-09-21,5788.5625,0.0092969651307807,107.58545649078184,2541.5210443020765,0.0764013263216091,2463.4364372172627,0.0811653137207031,5.885864986647206e-06,789.9458333333333,0.1279791666666666,0.1085,0.1136274746749628,0.0067900195413775,0.0035157793403918,16.1375,14.83125,1.0095999,789.9458333333333,54.325,13.6875,2023-09-21,0.0811653137207031,817.9771750048268,3093.8409152906916,0.12997907278051146,0.09099813337887441,0.13899813337887443,0.009019060598362966,2998.78706838472,R5,1.389704667728603e-05,0.12461904584066937,0.014379087538205063,0.0999791666666666,0.061,14.833333333333334,15.433333333333332
356,2023-09-22,2023-09-22,5946.916666666667,0.0091703894007546,109.05476162820646,2581.2227618617503,0.0675119675621673,2524.199200437078,0.0701955159505208,4.191481904237111e-06,790.3645833333334,0.1261458333333333,0.1077291666666666,0.1126123627024698,0.0056034618072362,0.0029013959586571,14.495833333333332,13.775,0.40449998,790.3645833333334,46.708333333333336,11.854166666666666,2023-09-22,0.0701955159505208,793.8919733516772,3142.170555711656,0.1220979291259864,0.09018518479463765,0.13818518479463765,0.016087255668651254,3072.754712051117,R5,8.43373933745048e-06,0.11513636967282895,0.023048815121808702,0.1002083333333333,0.061,14.88125,15.464583333333332
357,2023-09-23,2023-09-23,5973.541666666667,0.0091502989812333,109.29715610481404,2613.2231092299003,0.0610762279564489,2559.6296596494817,0.0645866394042968,3.882666571757725e-06,792.8479166666666,0.1254583333333333,0.1080208333333333,0.1123683735744352,0.0053182645139714,0.0027537246971113,14.477083333333333,13.6875,0.0,792.8479166666666,43.21458333333334,11.33125,2023-09-23,0.0645866394042968,787.5956778734745,3181.1251747233923,0.11610532476039857,0.08998978702416532,0.13798978702416534,0.021884462263766766,3115.884870113205,R5,6.803558319919846e-06,0.1100528731704815,0.02793691385368384,0.1,0.061,14.695833333333333,15.314583333333331
358,2023-09-24,2023-09-24,6057.395833333333,0.0090862761941531,110.06350875331349,2649.658957651769,0.0538845855565392,2599.611236521986,0.0584513346354166,3.56903873435352e-06,794.80625,0.122,0.1073958333333333,0.1105621582578957,0.0032069912638876,0.0016605362564399,13.54375,12.816666666666668,0.0,794.80625,48.90833333333333,8.804166666666667,2023-09-24,0.0584513346354166,767.7957362322802,3225.479211800375,0.10964059637188094,0.08854328631863091,0.1365432863186309,0.026902689946749977,3164.5551884894053,R5,6.955123585016372e-06,0.1047249777978289,0.031818308520802016,0.0995625,0.061,14.19375,15.125
359,2023-09-25,2023-09-25,5796.395833333333,0.0092900057501038,107.66064748219468,2683.9987165311845,0.0476240096914273,2632.3288209527905,0.0538291931152343,3.633843257189115e-06,798.0375,0.119,0.1074583333333333,0.1092334774450915,0.0016539049666528,0.0008563693929443,13.297916666666666,12.629166666666668,0.0,798.0375,48.06666666666666,9.291666666666666,2023-09-25,0.0538291931152343,763.054491616629,3267.2816400275738,0.10387033366846966,0.08747921731448055,0.13547921731448057,0.0316088836460109,3204.3829135395026,R5,7.053414520409331e-06,0.10057019700264108,0.034909020311839484,0.099375,0.061,13.925,14.854166666666666
360,2023-09-26,2023-09-26,5866.6875,0.0092328811076406,108.31665355359358,2679.750484530961,0.0483657120572647,2622.9941942517044,0.0551312764485677,4.007651861197958e-06,797.3145833333333,0.1160625,0.1081041666666666,0.1081943965018702,0.00043933005966,0.0002274791019309,14.05625,13.05,0.0,797.3145833333333,47.46666666666667,10.895833333333334,2023-09-26,0.0551312764485677,760.714377489357,3262.110188069934,0.10456806383340896,0.0866470732706815,0.1346470732706815,0.030079009437272555,3193.019698553921,R5,8.038268715591626e-06,0.10174331158010587,0.03290376169057564,0.0995416666666666,0.061,13.897916666666667,14.658333333333331
361,2023-09-27,2023-09-27,6042.458333333333,0.0090979463975817,109.92590085488534,2715.089236355087,0.0421293897391015,2651.1421859475968,0.0512644449869791,4.466464100057537e-06,794.9875000000001,0.1128541666666666,0.1088541666666666,0.1071315015458208,0.00080308089091,0.0004158243120979,14.808333333333332,13.675,0.0,794.9875000000001,49.395833333333336,11.860416666666666,2023-09-27,0.0512644449869791,762.1281573654038,3305.1287090197807,0.09889593469798545,0.08579585786476851,0.13379585786476852,0.03489992316678307,3227.284773237152,R5,9.587292340001863e-06,0.09832172739583356,0.03547413046893497,0.1000208333333333,0.061,14.285416666666668,14.610416666666666
362,2023-09-28,2023-09-28,6212.604166666667,0.0089728120419086,111.4614983967761,2700.2558573464607,0.0447283797921186,2639.512426811656,0.0528488159179687,4.262137384035234e-06,791.5520833333334,0.1089791666666666,0.1091874999999999,0.1056300564281682,0.0025581102522167,0.0013245545348406,15.097916666666668,14.01875,0.0,791.5520833333334,45.12291666666667,12.59375,2023-09-28,0.0528488159179687,760.8246573009461,3287.071760409503,0.10124072120412288,0.0845934312204376,0.1325934312204376,0.03135271001631472,3213.127650780734,R5,8.30028906205369e-06,0.09969036106954249,0.03290307015089511,0.1004583333333333,0.061,14.622916666666669,14.702083333333334
363,2023-09-29,2023-09-29,6310.75,0.0089018433652658,112.34239496977769,2696.073155522486,0.0455078358455642,2635.419707144833,0.0534553527832031,4.262903078546393e-06,790.3395833333334,0.1055208333333333,0.10925,0.1041848432195117,0.0042474105035014,0.0021992511225297,15.45,14.285416666666668,0.0,790.3395833333334,43.61875,12.18125,2023-09-29,0.0534553527832031,756.5419371296322,3281.9800795562255,0.10191122248195018,0.08343603768776928,0.1314360376877693,0.029524815205819108,3208.145506883708,R5,7.46053361074459e-06,0.10017915881015281,0.03125687887761648,0.1007083333333333,0.061,14.8125,14.8
364,2023-09-30,2023-09-30,6003.520833333333,0.0091278100718421,109.56952362856366,2525.4110428536205,0.0798877703256826,2467.9992212480984,0.0800374348958333,4.307492249592034e-06,789.625,0.1015625,0.1089375,0.1023718897474612,0.0063665599394169,0.0032965177446054,14.816666666666668,14.185416666666669,0.0,789.625,46.43958333333333,12.0125,2023-09-30,0.0800374348958333,762.8562778177475,3074.2299104011718,0.13332852960529723,0.08198414075587612,0.12998414075587614,-0.0033443888494210927,3004.3414303892696,R5,8.436829966588603e-06,0.12383696945569284,0.006147171300183302,0.1008333333333333,0.061,14.925,14.904166666666669
365,2023-10-01,2023-10-01,6102.166666666667,0.0090531021635065,110.46859702891766,2543.651458734355,0.0761979342542259,2475.966581473518,0.0790316263834635,5.069147367269898e-06,788.49375,0.0997291666666666,0.1095833333333333,0.1017778479681912,0.0070609314833411,0.0036560538422274,16.172916666666666,14.877083333333331,0.0,788.49375,37.047916666666666,17.070833333333333,2023-10-01,0.0790316263834635,759.5540390290881,3096.4343084683264,0.1295428871860036,0.08150840464348547,0.12950840464348548,-3.448254251811611e-05,3014.040246422104,R5,7.516328990486014e-06,0.12256609533010597,0.0069423093133795105,0.1008125,0.0609375,14.939583333333331,14.897916666666667
366,2023-10-02,2023-10-02,6071.291666666667,0.009075876326548,110.1896679136471,2543.0818500884634,0.075894691684934,2465.595112133227,0.0805460611979166,5.826699648770208e-06,789.4541666666668,0.0969375,0.1098125,0.1007710587963807,0.0082377607502913,0.0042653999565794,15.389583333333334,15.208333333333334,0.0,789.4541666666668,52.61875,13.358333333333334,2023-10-02,0.0805460611979166,767.5280108236337,3095.74091325198,0.12965935787393063,0.08070212134270023,0.12870212134270023,-0.0009572365312303932,3001.4148635756333,R5,1.254489790731443e-05,0.1242280076481811,0.004474113694519138,0.1014999999999999,0.061125,15.575,15.0875
367,2023-10-03,2023-10-03,5801.020833333333,0.0092846883858178,107.70992065116025,2443.481955429488,0.1000275051834501,2365.5662864086885,0.1006685892740885,6.1005081083543855e-06,790.1833333333334,0.091875,0.1055,0.0967582782115932,0.0129282736861183,0.0066940834640609,11.039583333333333,11.922916666666666,4.5348997,790.1833333333334,86.82916666666667,5.833333333333333,2023-10-03,0.1006685892740885,782.3601517845647,2974.496105956198,0.15188576816792376,0.07748850118684272,0.12548850118684274,-0.026397266981081025,2879.647910502835,R5,2.232510195736727e-05,0.14221576450264128,-0.016727263315798546,0.0996458333333333,0.061,13.977083333333333,15.047916666666666
368,2023-10-04,2023-10-04,5722.458333333333,0.0093484474107782,106.9771456090739,2452.546843127084,0.0976808661416245,2386.408512097881,0.096197764078776,5.136078505474948e-06,793.1999999999999,0.0924791666666666,0.1040208333333333,0.0962601538592422,0.0135105279781198,0.0069955667805962,10.820833333333333,10.79375,0.1165,793.1999999999999,73.12083333333334,6.833333333333333,2023-10-04,0.096197764078776,768.2048099104829,2985.5309626276435,0.1496971984328035,0.07708958018306115,0.12508958018306116,-0.024607618249742336,2905.0195401210567,R5,1.5468713727882546e-05,0.13820762302963657,-0.013118042846575417,0.0984166666666666,0.0600833333333333,12.525,14.491666666666667
369,2023-10-05,2023-10-05,5602.041666666667,0.0094488810749394,105.84377047524514,2496.5117567136085,0.0866249004409832,2434.629547374226,0.0862973531087239,4.7070006821787245e-06,797.9625,0.0934791666666666,0.1031875,0.0963625733010669,0.0133908105635719,0.0069335787391497,10.697916666666666,10.43125,0.0,797.9625,66.14999999999999,7.025,2023-10-05,0.0862973531087239,762.5104996028189,3039.0502709946386,0.1395723170266775,0.07717160240571824,0.12517160240571826,-0.014400714620959237,2963.7199047118206,R5,1.1951985760236963e-05,0.12945814347271165,-0.004286541066993388,0.0980625,0.0603541666666666,12.175,13.952083333333334
370,2023-10-06,2023-10-06,5572.625,0.0094735961904098,105.56621050183703,2513.51246999717,0.0826340516744683,2448.8313956262755,0.0836029052734375,4.8907845386108965e-06,798.6104166666668,0.09475,0.10325,0.0969306219936743,0.012726822168354,0.0065897746207755,11.16875,10.620833333333334,0.0,798.6104166666668,65.83958333333334,8.054166666666667,2023-10-06,0.0836029052734375,757.7047780201879,3059.745555994827,0.13586178632087914,0.07762652205295541,0.1256265220529554,-0.010235264267923733,2981.0080791668174,R5,1.3525590729568921e-05,0.12701415476966,-0.0013876327167045843,0.0980833333333333,0.06,12.0875,13.583333333333334
371,2023-10-07,2023-10-07,5650.458333333333,0.0094081502159414,106.30079480398707,2541.1408414681296,0.0764146256099976,2480.4255133360416,0.0778694152832031,4.532807009067947e-06,798.0,0.0947916666666666,0.1032916666666666,0.0969787552820263,0.0126705594829446,0.0065606425710381,11.314583333333331,10.6875,0.0,798.0,59.75625,8.572916666666666,2023-10-07,0.0778694152832031,751.830821639299,3093.37808729782,0.13005707999882887,0.07766506941490241,0.1256650694149024,-0.0043920105839264645,3019.4681872474207,R5,1.1090541617100799e-05,0.12183289871919048,0.0038321706957119284,0.0981666666666666,0.06,12.083333333333334,13.379166666666668
372,2023-10-08,2023-10-08,5820.4375,0.0092700654263991,107.88661050409928,2562.1310233158983,0.0717543587993972,2506.3679604131707,0.073309580485026,4.121920490629704e-06,796.2104166666667,0.0939791666666666,0.1033958333333333,0.0966657147529485,0.0130364705064986,0.0067501062992636,11.485416666666666,10.814583333333331,0.0,796.2104166666667,54.88333333333333,9.183333333333334,2023-10-08,0.073309580485026,752.4208407570341,3118.9298267042714,0.12582352155835475,0.07741437209104211,0.12541437209104211,-0.0004091494673126306,3051.0484113773473,R5,9.56311030298487e-06,0.11782475724618575,0.00758961484485636,0.0982083333333333,0.06,12.141666666666666,13.252083333333331
373,2023-10-09,2023-10-09,5939.208333333333,0.0091760525432505,108.98521008623248,2548.68974772776,0.0746440833638683,2491.948552074007,0.0757166544596354,4.214898747323029e-06,792.2375000000001,0.0928333333333333,0.1034583333333333,0.0962001110414385,0.0135807116344801,0.0070319069188772,11.645833333333334,10.910416666666668,0.0,792.2375000000001,54.48125,9.0375,2023-10-09,0.0757166544596354,751.1746722787951,3102.56751152238,0.1285174915315927,0.07704149511949202,0.12504149511949203,-0.003475996412100668,3033.4953969752023,R5,9.241223629393458e-06,0.12002434707893225,0.005017148040559777,0.0982916666666666,0.0599791666666666,12.16875,13.160416666666665
374,2023-10-10,2023-10-10,6151.041666666667,0.0090165425158127,110.91224955501536,2538.5870009914693,0.0768173165547741,2487.2957103337435,0.0765266418457031,3.82187215280076e-06,787.6333333333333,0.0903125,0.1028541666666666,0.0948389702258744,0.0151717402162792,0.0078557197788807,10.345833333333331,10.416666666666666,0.0,787.6333333333333,50.71875,7.652083333333334,2023-10-10,0.0765266418457031,753.1288205277698,3090.269249708011,0.13058234851366296,0.07595143064488812,0.12395143064488812,-0.006630917868774844,3027.8314060432085,R5,6.580880811236978e-06,0.12075754368984774,0.003193886955040373,0.0980625,0.0596458333333333,12.047916666666666,13.127083333333331
375,2023-10-11,2023-10-11,6403.229166666667,0.0088381039646778,113.15927309405264,2528.0199892403684,0.0795167554336148,2457.4285063051484,0.0823097229003906,5.3312125407980245e-06,780.5124999999999,0.0888958333333333,0.1031041666666666,0.0942339141915107,0.0158789862508224,0.0082219221118296,10.285416666666666,10.5125,0.1586,780.5124999999999,63.30416666666667,8.695833333333333,2023-10-11,0.0823097229003906,802.5199788889439,3077.4058294419433,0.13277989772300341,0.07546687380795919,0.12346687380795919,-0.009313023915044225,2991.473502158774,R5,1.3115580801577335e-05,0.12559664132189002,-0.002129767513930833,0.0978333333333333,0.059,11.622916666666669,12.925
376,2023-10-13,2023-10-13,5097.25,0.0099055390115104,100.96309214148636,2173.4817462575497,0.1929807213448156,2114.8257533089263,0.1728426615397135,5.139484056073299e-06,791.06875,0.2857916666666666,0.1679791666666666,0.2015191965455404,0.1095260774132997,0.0567111063314723,7.720833333333334,7.802083333333333,1.2405,791.06875,84.12916666666666,3.9270833333333335,2023-10-13,0.1728426615397135,832.1976535894148,2645.819821277792,0.2390870211388682,0.161385886451416,0.209385886451416,-0.029701134687452196,2574.416788311253,R5,1.3601863047558411e-05,0.20693258535944908,0.002453301091966925,0.09525,0.0587083333333333,9.485416666666667,12.222916666666668
377,2023-10-14,2023-10-14,5017.833333333333,0.0099832850321072,100.17459317193456,2223.11438125794,0.1717886037900942,2170.314657164387,0.1533012390136718,4.503687671865666e-06,796.3166666666666,0.2558125,0.1995625,0.1988025226957162,0.1063505751485283,0.0550668746485122,5.752083333333334,6.34375,0.0,796.3166666666666,79.85000000000001,3.1125000000000003,2023-10-14,0.1533012390136718,828.0109336979068,2706.2385525104755,0.21902478948897852,0.15921024847265808,0.2072102484726581,-0.011814541016320429,2641.9644647224077,R5,9.170480001538478e-06,0.18943362624559923,0.017776622227058864,0.0948541666666666,0.058,8.858333333333333,11.697916666666666
378,2023-10-15,2023-10-15,4955.104166666667,0.0100467199032791,99.54500441406584,2250.7655110917744,0.1609963629847595,2199.321028982864,0.1441421508789062,4.333183560178012e-06,800.3395833333334,0.2414791666666666,0.2016041666666666,0.1930384715273864,0.0996130135010475,0.0515782572888008,5.922916666666667,5.9750000000000005,0.0,800.3395833333334,71.32291666666667,5.120833333333334,2023-10-15,0.1441421508789062,824.6271849423663,2739.8987879925803,0.20880371374236273,0.15459412989289784,0.20259412989289785,-0.006209583849464878,2677.2744615203223,R5,1.0782486001396483e-05,0.18112406465522363,0.021470065237674224,0.0939791666666666,0.058,8.058333333333334,11.089583333333332
379,2023-10-16,2023-10-16,5023.479166666667,0.0099781636458358,100.22927902263564,2265.131006665298,0.1556044914334062,2211.2642955989063,0.1404800415039062,4.511280851073655e-06,800.1479166666667,0.2322083333333333,0.2007083333333333,0.1887255603139164,0.0945716798396592,0.0489679236032022,6.770833333333333,6.439583333333334,0.0,800.1479166666667,64.10208333333334,7.337499999999999,2023-10-16,0.1404800415039062,817.6261975361072,2757.3861733807266,0.20373663535450676,0.15114015125808916,0.19914015125808918,-0.00459648409641758,2691.8132224728542,R5,1.144971307629712e-05,0.1778491197931344,0.021291031464954785,0.0942083333333333,0.058,8.15,10.66875
380,2023-10-17,2023-10-17,5263.458333333333,0.0097479197796443,102.59583101877976,2295.1698844720154,0.1448259859199406,2237.19595228714,0.1328531901041666,4.798646552166106e-06,795.475,0.2249583333333333,0.1997916666666666,0.1853705771031392,0.0906500619447536,0.0469373634418064,7.7875,7.277083333333334,0.0,795.475,62.30625,8.689583333333333,2023-10-17,0.1328531901041666,814.0300832245471,2793.9530589535198,0.19363742369674364,0.14845332564156016,0.19645332564156018,0.00281590194481654,2723.3803112613555,R5,1.2557128116226351e-05,0.1710548311986508,0.02539849444290937,0.0948541666666666,0.058,8.604166666666666,10.485416666666667
381,2023-10-18,2023-10-18,5344.916666666667,0.0096725508256039,103.38954923276708,2311.353184739053,0.1392343577994085,2257.4817237296616,0.1271514892578125,4.419188264298568e-06,795.0958333333333,0.2172083333333333,0.198,0.1814934734788737,0.0861181409191931,0.0445907966584772,8.039583333333333,7.6875,0.0,795.0958333333333,55.38125,9.04375,2023-10-18,0.1271514892578125,804.5809594992278,2813.6532918604426,0.18845734295521188,0.14534836186643574,0.19334836186643575,0.004891018911223871,2748.0745587584656,R5,9.63211176255021e-06,0.16597133469630337,0.02737702717013238,0.0954375,0.058,8.981250000000001,10.510416666666666
382,2023-10-19,2023-10-19,5243.375,0.0097663072126747,102.40083466976392,2342.5850735088866,0.1293441092742605,2285.8081039257263,0.1198844909667968,4.60129558462219e-06,798.3375,0.2098333333333333,0.1954375,0.1774158498366507,0.0813518333583491,0.0421228677298118,8.029166666666667,7.654166666666666,0.0,798.3375,60.47708333333333,8.6875,2023-10-19,0.1198844909667968,800.1378288139513,2851.6724519042077,0.17893655907254596,0.14208281239325343,0.19008281239325345,0.011146253320707483,2782.5567890863013,R5,1.1598222433412033e-05,0.1592259258758808,0.030856886517372645,0.0954583333333333,0.058,9.008333333333333,10.552083333333334
383,2023-10-20,2023-10-20,5361.854166666667,0.0096583884604527,103.54917685455212,2400.0554296067653,0.1118145872483247,2352.085551660265,0.1036122639973958,3.778570275506669e-06,797.3041666666667,0.2026666666666666,0.1924791666666666,0.1732856854345537,0.076524111247509,0.0396231391863206,7.5375,7.304166666666667,0.0,797.3041666666667,52.60625,8.664583333333333,2023-10-20,0.1036122639973958,810.8368306345401,2921.6321870441425,0.1628930843618599,0.13877518585122384,0.18677518585122385,0.023882101489363955,2863.2375609500123,R5,8.132289178969198e-06,0.1449041520759981,0.04187103377522575,0.0954166666666666,0.058,8.96875,10.5375
384,2023-10-21,2023-10-21,5606.270833333333,0.0094448740397787,105.8853719061878,2395.70844022542,0.1131891963677073,2350.5208826533794,0.1040509541829427,3.559379691497896e-06,792.6083333333332,0.196125,0.1894791666666666,0.1694232970493767,0.0720093907685122,0.0372854786109755,7.235416666666667,6.96875,0.0,792.6083333333332,49.18125,8.464583333333334,2023-10-21,0.1040509541829427,793.5829362569318,2916.3405158866312,0.16404511477150685,0.13568200671967356,0.18368200671967358,0.01963689194816673,2861.3328602184392,R5,6.773500978560094e-06,0.14524631049442532,0.038435696225248256,0.0954166666666666,0.058,8.714583333333334,10.4375
385,2023-10-22,2023-10-22,5786.791666666667,0.0092966892114013,107.57543434116496,2399.0973978828,0.1120901767896008,2351.7909435794822,0.1036885579427083,3.726775944354724e-06,789.2041666666668,0.1915833333333333,0.1873958333333333,0.166749601973956,0.0688841261115656,0.0356672592749056,7.63125,7.2625,0.0,789.2041666666668,49.49583333333334,8.866666666666667,2023-10-22,0.1036885579427083,785.921808240962,2920.465957178608,0.16314616207549942,0.13354078812986026,0.18154078812986027,0.018394626054360846,2862.8789290447817,R5,7.201106198595126e-06,0.14495303185005914,0.036587756279801126,0.0954583333333333,0.058,8.71875,10.333333333333334
386,2023-10-23,2023-10-23,5997.3125,0.009131590220349,109.51663709487936,2453.7386022886667,0.0973094394176935,2406.4719026788684,0.0919125874837239,3.636579624781286e-06,785.90625,0.1866666666666666,0.1853958333333333,0.1639668741069862,0.0656314137389056,0.0339830492530719,7.695833333333333,7.391666666666667,0.0,785.90625,45.10833333333333,9.48125,2023-10-23,0.0919125874837239,799.0394150481269,2986.981713257289,0.14941213439866147,0.1313122510412733,0.17931225104127332,0.029900116642611857,2929.443079252507,R5,6.244483248818135e-06,0.13444388042693703,0.044868370614336295,0.0956666666666666,0.057875,8.791666666666666,10.26875
387,2023-10-24,2023-10-24,6013.8125,0.0091190645766297,109.66713890148282,2460.647415710839,0.0955028897401994,2413.088836586034,0.090552012125651,3.649375478049552e-06,786.7875,0.181625,0.1833125,0.1610749058896235,0.0622510110363595,0.0322327229231707,7.46875,7.364583333333333,0.0,786.7875,48.24375,8.179166666666667,2023-10-24,0.090552012125651,789.7735221355464,2995.3919405460015,0.14777159575172882,0.1289962292311976,0.17699622923119762,0.029224633479468798,2937.497996169941,R5,6.261315156782176e-06,0.13327076584947223,0.043725463381725393,0.0956875,0.058,8.7875,10.25625
388,2023-10-25,2023-10-25,6011.416666666667,0.0091214963657913,109.64280018536644,2476.3654856549497,0.0916024562489119,2427.3350514578065,0.0877787272135416,3.7421266666252807e-06,788.5625,0.1763958333333333,0.1807916666666666,0.1579338149609361,0.0585794104286733,0.0303316182968865,6.91875,6.9625,0.0,788.5625,53.625,7.189583333333334,2023-10-25,0.0877787272135416,789.9668483926145,3014.525839913671,0.14411403312874044,0.12648069843988582,0.17448069843988584,0.030366665311145402,2954.8401789376685,R5,7.070497401806035e-06,0.1307290175982985,0.04375168084158734,0.095625,0.0579791666666666,8.535416666666666,10.2
389,2023-10-26,2023-10-26,6156.645833333333,0.0090122306594341,110.96362430147384,2489.174278720566,0.0883495579711064,2442.782615615145,0.0846900939941406,3.517941123887696e-06,786.6437500000001,0.1711458333333333,0.1777083333333333,0.1545268318760591,0.0545970102216095,0.0282695858847785,6.10625,6.23125,0.0,786.6437500000001,50.14166666666667,6.547916666666667,2023-10-26,0.0846900939941406,808.1235826419821,3030.1182223378646,0.14120790426034552,0.12375222892083632,0.17175222892083633,0.030544324660490813,2973.644786571628,R5,5.48151252467454e-06,0.12804063002494168,0.043711598895894654,0.0953333333333333,0.0572708333333333,8.064583333333333,10.045833333333333
390,2023-10-27,2023-10-27,5457.6875,0.00957405305996,104.46732964396698,2289.044216720495,0.1479321188382686,2226.7984605901925,0.1365712483723958,5.172018416600798e-06,791.1791666666667,0.2660625,0.1913125,0.2005434378240764,0.1083855194364634,0.0561205409955341,5.327083333333333,5.78125,3.6992998,791.1791666666667,90.89166666666668,2.566666666666667,2023-10-27,0.1365712483723958,846.8306555897664,2786.4961694795493,0.19564461633306363,0.16060445376944033,0.20860445376944034,0.012959837436376714,2710.7232509153355,R5,1.1378808304435915e-05,0.17374321877200763,0.03486123499743271,0.0950416666666666,0.057,7.545833333333333,9.7875
391,2023-10-28,2023-10-28,5312.5,0.0097066377803725,103.05918952852308,2194.785477818115,0.1868476106407639,2131.3722016132165,0.1694577534993489,5.515929068736095e-06,788.1229166666667,0.3098125,0.2664791666666666,0.2446149864298055,0.1599004638669594,0.0827942753267063,5.6875,6.097916666666666,8.2546,788.1229166666667,90.81666666666666,3.35,2023-10-28,0.1694577534993489,840.223205157336,2671.7532505910035,0.23018795322555763,0.19589898680125958,0.2438989868012596,0.01371103357570197,2594.5590880893033,R5,1.4811804644990528e-05,0.2014580506646134,0.04244093613664621,0.0945208333333333,0.0570624999999999,7.28125,9.497916666666669
392,2024-04-12,2024-04-12,5161.729166666667,0.0098429987196491,101.6012959614822,2200.6240755599947,0.1810659562104365,2168.183685270678,0.1540158589680989,2.7700702084832047e-06,792.2166666666667,0.3421875,0.3223541666666666,0.311149783605465,0.2376725523828792,0.123063600090376,10.452083333333333,9.089583333333334,0.0,792.2166666666667,42.95,7.285416666666666,2024-04-12,0.1540158589680989,754.2977481625161,2678.8606843941775,0.2278265949132962,0.24918312749915286,0.2971831274991529,0.06935653258585667,2639.370392936588,R5,4.317737401223001e-06,0.19006906330839268,0.1071140641907602,0.2457083333333333,0.1835625,8.045833333333333,6.5687500000000005
393,2024-04-13,2024-04-13,5222.458333333333,0.0097859772720125,102.19592382325573,2220.511702312469,0.1727895889920966,2178.0296854304465,0.1508153279622396,3.614286815393233e-06,791.1979166666666,0.3389166666666667,0.3202916666666667,0.3086671267368626,0.2347705910342958,0.121561004156183,12.554166666666667,10.920833333333334,0.0,791.1979166666666,36.15208333333333,12.304166666666667,2024-04-13,0.1508153279622396,756.9237758018797,2703.070262942732,0.2200201799312309,0.2471949011348047,0.29519490113480473,0.07517472120357382,2651.356112360216,R5,5.172766283079381e-06,0.1871362768647307,0.10805862427007404,0.2440833333333333,0.1821666666666666,9.225,6.970833333333334
394,2024-04-14,2024-04-14,5268.9375,0.0097430463587296,102.64852878037306,2239.4340267542725,0.1653780517654315,2204.433431614205,0.1425679524739583,2.9405266947268107e-06,790.5666666666666,0.3320625,0.315125,0.3034051915280228,0.2286199494422502,0.1183762859815603,12.358333333333334,10.8875,0.0,790.5666666666666,40.3625,9.477083333333333,2024-04-14,0.1425679524739583,754.2092503517027,2726.104761005105,0.21291572286906046,0.24298090022230792,0.29098090022230794,0.07806517735324747,2683.4978844865586,R5,4.938370179245063e-06,0.17970655120745366,0.11127434901485428,0.241375,0.1816041666666666,9.69375,7.54375
395,2024-04-15,2024-04-15,5657.916666666667,0.0094015528678951,106.37240693941534,2280.795011870508,0.1498317321324016,2247.914855854912,0.1297887166341146,2.708573163581756e-06,783.2770833333334,0.3227708333333333,0.3098958333333333,0.2970029491134541,0.2211364102281507,0.1145014116308149,11.366666666666667,11.029166666666669,0.0,783.2770833333334,38.83541666666667,6.95625,2024-04-15,0.1297887166341146,759.9541910343913,2776.4542587345163,0.19838924253801982,0.23785368859649872,0.28585368859649873,0.08746444605847892,2736.4286322655735,R5,3.355829127495958e-06,0.16831756385123295,0.11753612474526579,0.2385833333333333,0.1800625,10.220833333333331,7.977083333333333
396,2024-04-16,2024-04-16,5207.166666666667,0.0098049598742327,102.0301180129118,2198.9710996373024,0.1823164813845916,2141.3305628198746,0.1637153625488281,4.991882770674993e-06,787.1020833333333,0.3207291666666667,0.3057916666666666,0.2938854374561505,0.2174923712763053,0.1126145780533254,8.893749999999999,8.772916666666667,6.7637,787.1020833333333,84.43124999999999,3.38125,2024-04-16,0.1637153625488281,774.4806503417989,2676.848486008852,0.2284918384384222,0.23535704117550293,0.283357041175503,0.05486520273708079,2606.681586708575,R5,1.1843836696297202e-05,0.19828086535064623,0.08507617582485674,0.2343958333333333,0.1786458333333333,8.829166666666667,8.081249999999999
397,2024-04-17,2024-04-17,5160.0625,0.009845279902562,101.58248866322732,2207.372862817669,0.1782117961319841,2158.64000530241,0.1572380065917968,4.183532726549783e-06,789.13125,0.3257083333333333,0.3100208333333333,0.297535806861024,0.2217592641582676,0.114823916885217,10.90625,9.608333333333333,0.8851,789.13125,59.052083333333336,7.712499999999999,2024-04-17,0.1572380065917968,765.1631821770695,2687.076108851589,0.22513705870097694,0.23828042570848715,0.28628042570848716,0.06114336700751022,2627.752693514242,R5,9.673813966657606e-06,0.1929040902039326,0.09337633550455457,0.2350208333333333,0.1771041666666666,8.652083333333334,7.933333333333334
398,2024-04-18,2024-04-18,5215.9375,0.009791785176479,102.13318387276256,2224.244959916841,0.1712363560552197,2176.9989683777185,0.1510976155598958,4.020609621837345e-06,788.8041666666667,0.3219791666666666,0.3082083333333333,0.2953768560792708,0.2192356807338419,0.1135172398700355,11.622916666666669,11.033333333333331,0.0,788.8041666666667,43.13333333333333,10.74375,2024-04-18,0.1510976155598958,761.4380294703635,2707.6148269744244,0.21859424183318038,0.2365514381396057,0.2845514381396057,0.06595719630642533,2650.101401289864,R5,6.425076625825134e-06,0.18742955550909687,0.09712188263050883,0.2356458333333333,0.1759375,9.9625,8.127083333333333
399,2024-04-19,2024-04-19,5258.6875,0.0097523830091169,102.54916772321828,2257.181941813318,0.1587388310534864,2200.767082012964,0.1438255310058593,4.749319703796244e-06,789.2104166666667,0.3174583333333333,0.3036666666666667,0.2914250211318644,0.2146164067542643,0.1111254429206981,11.470833333333331,10.9375,0.06,789.2104166666667,53.489583333333336,9.875,2024-04-19,0.1438255310058593,764.7587149795708,2747.70962864682,0.206520705486179,0.23338662606696162,0.28138662606696163,0.07486592058078262,2679.0347688135603,R5,9.651522029239e-06,0.18073302646273534,0.10065359960422629,0.2334166666666667,0.1750624999999999,10.010416666666666,8.435416666666667
400,2024-04-20,2024-04-20,5184.0,0.0098219407887258,101.81987359934152,2260.357240274945,0.1573464560531215,2194.493376292836,0.1455879211425781,5.558567618200066e-06,790.96875,0.3130416666666666,0.2990208333333333,0.2874093476415901,0.2099225123201667,0.1086950085196164,10.827083333333334,10.375,0.7556,790.96875,70.05,7.902083333333334,2024-04-20,0.1455879211425781,763.5654442651672,2751.5749786193746,0.2054027796960115,0.2301706891386853,0.2781706891386853,0.0727679094426738,2671.397669962484,R5,1.5799071910325848e-05,0.18244381855487152,0.0957268705838138,0.230875,0.1737916666666666,9.777083333333334,8.616666666666665
401,2024-04-21,2024-04-21,5135.479166666667,0.0098690142534962,101.3395547037452,2263.9517276861307,0.1561916462790724,2219.8202625058616,0.1381556193033854,3.689412882460227e-06,794.2229166666666,0.3114791666666667,0.2960208333333333,0.2851951291672435,0.2073343268519547,0.1073548814488781,11.55625,10.283333333333331,0.021499999,794.2229166666666,53.17291666666667,7.620833333333334,2024-04-21,0.1381556193033854,764.4413452164549,2755.9506151096393,0.20414661470600381,0.2283974406472009,0.27639744064720095,0.07225082594119714,2702.2285603847545,R5,7.341190984570456e-06,0.17555177041226586,0.1008456702349351,0.228375,0.1724166666666666,9.545833333333333,8.6625
402,2024-04-22,2024-04-22,5342.9375,0.0096752821005954,103.36704111361878,2283.689475163527,0.1490089850833508,2242.4742414122406,0.1315078735351562,3.404847930815461e-06,790.11875,0.3057708333333333,0.2939375,0.2818193539517784,0.2033884053189882,0.1053117371957768,13.120833333333332,11.891666666666666,0.0,790.11875,39.18541666666667,10.50625,2024-04-22,0.1315078735351562,755.2866891144613,2779.977742824418,0.19742070792899025,0.22569396383234847,0.27369396383234845,0.0762732559033582,2729.80567094688,R5,5.159170564470788e-06,0.16968619752494188,0.10400776630740657,0.2275625,0.1716875,10.629166666666666,8.820833333333333
403,2024-04-23,2024-04-23,5448.083333333333,0.009580915369121,104.38118464144122,2305.3180776747568,0.1412635477834144,2251.018801688368,0.128973642985026,4.471262455127173e-06,789.0208333333334,0.2975625,0.2898541666666666,0.276463626937975,0.1971281311005977,0.1020702527452417,14.122916666666669,12.814583333333331,0.0,789.0208333333334,40.53333333333333,13.572916666666666,2024-04-23,0.128973642985026,760.5066601372363,2806.306643598158,0.19036864920024105,0.22140485010754696,0.269404850107547,0.07903620090730595,2740.2071233545703,R5,7.1335352467259815e-06,0.16758436724031744,0.10182048286722956,0.2257916666666667,0.17,11.33125,9.154166666666669
404,2024-04-24,2024-04-24,5498.520833333333,0.0095370668094474,104.86253126961071,2344.509313800214,0.1284851752570162,2296.566126945874,0.1169637044270833,3.869911427065224e-06,789.5520833333334,0.2900416666666666,0.284875,0.271064155609386,0.1908167244392453,0.0988022926144093,15.23125,13.372916666666669,0.0,789.5520833333334,37.02916666666667,13.641666666666666,2024-04-24,0.1169637044270833,756.7349606573031,2854.0148654590776,0.17836947032797346,0.21708070391368092,0.26508070391368094,0.08671123358570748,2795.6527309286844,R5,6.000667507950405e-06,0.15678193717282912,0.10829876674085182,0.2236458333333333,0.169,11.775,9.56875
405,2024-04-25,2024-04-25,5768.979166666667,0.0093125649795121,107.403808006031,2379.7033763778213,0.1178340161662237,2335.955110949624,0.1074434916178385,3.471194351568919e-06,785.5291666666667,0.2790416666666667,0.2799791666666666,0.2642529134434203,0.1828551080952994,0.0946798764582266,15.45625,14.370833333333332,0.0,785.5291666666667,34.75625,12.314583333333331,2024-04-25,0.1074434916178385,761.4816184013748,2896.857253493603,0.16837034707402465,0.21162594638371415,0.25962594638371417,0.09125559930968952,2843.601674965855,R5,4.814328982491461e-06,0.14822797671214835,0.11139796967156582,0.221875,0.1683125,12.914583333333333,10.0625
406,2024-04-26,2024-04-26,5942.208333333333,0.0091736960209933,109.01288070788551,2403.2380392261616,0.1108707985331802,2337.816850289459,0.106854756673177,5.183602772647576e-06,781.8895833333332,0.2659166666666667,0.2708958333333333,0.2547504475896596,0.1717477380142415,0.0889286320002251,12.175,12.158333333333331,0.5638,781.8895833333332,67.8625,7.15625,2024-04-26,0.106854756673177,763.6007863456127,2925.5064370252553,0.16205564895170643,0.20401593254100353,0.2520159325410035,0.08996028358929709,2845.8680049480918,R5,1.3076250871897959e-05,0.1478369385196601,0.10417899402134342,0.2183749999999999,0.1666875,11.99375,10.347916666666668
407,2024-04-27,2024-04-27,5822.5,0.0092691167178707,107.90309462922706,2362.0674066092765,0.1234522682470585,2293.3006975173766,0.1181424458821614,5.557083910032528e-06,781.0208333333334,0.2698333333333333,0.2646666666666666,0.2537060479221272,0.170526946085247,0.0882965226201679,9.147916666666667,9.7875,5.2372,781.0208333333334,93.58958333333334,3.0,2024-04-27,0.1181424458821614,811.1381952317832,2875.3886589395347,0.1732942897603077,0.2031795290169542,0.25117952901695423,0.07788523925664653,2791.6776628510347,R5,1.463411915379029e-05,0.15751513378374465,0.09366439523320957,0.215,0.1656875,10.51875,10.147916666666664
408,2024-04-28,2024-04-28,5414.166666666667,0.0096113134621425,104.05419166641728,2281.1259829530923,0.1498565601231185,2215.600403417243,0.1392466227213541,5.478610083410809e-06,786.2875,0.3188333333333333,0.2878958333333333,0.2824947783680555,0.2041779044941316,0.10572052908103,9.91875,9.539583333333333,9.9633,786.2875,82.9375,4.935416666666667,2024-04-28,0.1392466227213541,813.0293580588765,2776.8571559992756,0.19827819025339777,0.2262348749218147,0.27423487492181475,0.07595668466841698,2697.091647300993,R5,1.634867373224816e-05,0.17667600521566962,0.09755886970614513,0.21325,0.164125,9.49375,9.677083333333334
409,2024-04-29,2024-04-29,5204.5,0.0098030296142406,102.01941559800268,2246.468454535332,0.1626686812554126,2183.584792036282,0.1491254170735677,5.3358277464545e-06,789.59375,0.3233541666666666,0.2992499999999999,0.2887229569690656,0.2114579816569415,0.1094900535617022,10.777083333333332,10.175,4.1232,789.59375,79.71666666666667,5.575,2024-04-29,0.1491254170735677,803.3082269209673,2734.667900993063,0.21035084813076294,0.23122268820080727,0.2792226882008073,0.06887184007004438,2658.1184471220968,R5,1.6342094919967357e-05,0.18557212409477764,0.09365056410602968,0.2159166666666666,0.1629791666666666,9.775,9.43125
410,2024-04-30,2024-04-30,5470.583333333333,0.0095613124598154,104.59607767516204,2287.0121844928085,0.1476754095515388,2236.4724692953173,0.1331303914388021,4.190520797781933e-06,786.4645833333334,0.3159166666666667,0.3019791666666666,0.2871147706259635,0.209578183176522,0.1085167195939154,12.945833333333333,11.616666666666667,0.0,786.4645833333334,44.01666666666667,11.102083333333333,2024-04-30,0.1331303914388021,790.8713547502877,2784.022538792406,0.19631622978500446,0.22993477824974742,0.27793477824974744,0.08161854846474298,2722.4996019370574,R5,6.9333713287938526e-06,0.1712014705208339,0.10673330772891354,0.2200208333333333,0.1616458333333333,10.447916666666666,9.433333333333334
411,2024-05-01,2024-05-01,5573.979166666667,0.0094736571065742,105.5746060262056,2315.257950249116,0.1382856828091676,2263.4804678367423,0.1259727478027343,4.248842572010836e-06,785.4562500000001,0.3026458333333333,0.2948541666666666,0.2791643985556907,0.200285045350441,0.1037048598080567,11.408333333333331,11.547916666666666,0.0,785.4562500000001,55.66041666666666,7.529166666666666,2024-05-01,0.1259727478027343,793.3219703408898,2818.4066356608932,0.18723340816699374,0.22356775284385957,0.2715677528438596,0.08433434467686585,2755.376941715496,R5,8.120545131477687e-06,0.16450494147447237,0.10706281136938722,0.2213541666666666,0.1609583333333333,11.122916666666669,9.710416666666667
412,2024-05-02,2024-05-02,5445.958333333333,0.0095839129494074,104.3566943170868,2264.14749284916,0.156110887569023,2217.779629782602,0.1388905843098958,3.890275561328615e-06,787.8208333333333,0.2978333333333333,0.2872916666666666,0.274057747476329,0.1943159143599985,0.1006141253428017,10.425,9.610416666666667,1.6532999,787.8208333333333,64.22083333333333,5.010416666666667,2024-05-02,0.1388905843098958,786.0908077698082,2756.188923689663,0.20407848345353968,0.21947811063920428,0.2674781106392043,0.06339962718566461,2699.7444601541247,R5,7.857994274519284e-06,0.1760894479269372,0.09138866271226709,0.218875,0.1607916666666666,9.652083333333334,9.652083333333332
413,2024-05-03,2024-05-03,5697.625,0.009368872952526,106.74451576092372,2328.3367068070743,0.1336553331927487,2292.436743894488,0.1179962158203125,2.9028038195120284e-06,786.1979166666666,0.2946249999999999,0.2867291666666666,0.2723055393168436,0.1922677697219673,0.0995536240348683,12.791666666666666,11.69375,0.0,786.1979166666666,38.40416666666667,8.706249999999999,2024-05-03,0.1179962158203125,775.4349283324868,2834.3276496736844,0.1832048757229202,0.21807486136115325,0.26607486136115327,0.08286998563823306,2790.6259560105973,R5,4.108959148542629e-06,0.15771065287998876,0.10836420848116451,0.2182499999999999,0.1597083333333333,10.608333333333333,9.520833333333334
414,2024-05-04,2024-05-04,5581.291666666667,0.0094669352374645,105.6456472799225,2340.4794066983827,0.129932301305702,2294.320612700444,0.1176363627115885,3.726609350145422e-06,789.0,0.2844166666666666,0.2805208333333333,0.2654613837587066,0.1842676811295446,0.0954112874741052,13.075,11.795833333333334,0.0,789.0,54.27916666666667,7.064583333333334,2024-05-04,0.1176363627115885,770.6059533760639,2849.1091844676025,0.17955963315840623,0.21259374526553745,0.26059374526553747,0.08103411210713124,2792.9192246042116,R5,7.1578075343548466e-06,0.15727073491343946,0.10332301035209801,0.2168333333333333,0.1587291666666666,10.96875,9.70625
415,2024-05-05,2024-05-05,5844.041666666667,0.0092521657970977,108.10183894519812,2361.719108226784,0.1231789654176158,2310.724808330556,0.1134173075358073,4.087031696394857e-06,782.9479166666666,0.2757708333333333,0.2759583333333333,0.2599544554734387,0.1778306687355343,0.0920782904111665,14.310416666666669,13.270833333333334,0.0,782.9479166666666,34.50625,14.35,2024-05-05,0.1134173075358073,771.0972731204494,2874.964668829793,0.1733932579901028,0.2081835425742941,0.2561835425742941,0.0827902845841913,2812.8883575518435,R5,5.537092396421446e-06,0.153653631632923,0.1025299109413711,0.2159166666666666,0.158,11.979166666666666,9.954166666666667
416,2024-05-06,2024-05-06,5665.604166666667,0.0094049088307887,106.4073706535201,2251.650954574335,0.1640997681671943,2201.8564205940843,0.1458320617675781,4.174612229357455e-06,780.4104166666666,0.3044166666666666,0.2799375,0.2733778074650626,0.193521136935456,0.1002026004521311,11.135416666666666,11.629166666666668,9.2268,780.4104166666666,63.46875,5.03125,2024-05-06,0.1458320617675781,804.8429770446049,2740.976654839548,0.2084867406796529,0.2189335832525679,0.2669335832525679,0.05844684257291499,2680.360840962532,R5,7.64197002855938e-06,0.18039086804430812,0.08654271520825976,0.2137291666666666,0.1574166666666666,11.729166666666666,10.304166666666667
417,2024-05-07,2024-05-07,5381.166666666667,0.0096401858806756,103.7385835118124,2186.232036090356,0.1874813455110671,2136.504468658802,0.1651751200358072,4.318041430323823e-06,782.8020833333334,0.3145833333333333,0.2909791666666666,0.2811169466884198,0.2025673660706693,0.1048866142915937,6.764583333333333,7.816666666666666,0.9195,782.8020833333334,78.77083333333333,1.93125,2024-05-07,0.1651751200358072,804.230192680015,2661.3409866267825,0.23370663460903085,0.22513144363184034,0.2731314436318404,0.03942480902280954,2600.8066923770702,R5,5.458828365940762e-06,0.19979613834653825,0.07333530528530213,0.2118958333333333,0.1565,9.241666666666667,10.016666666666667
418,2024-05-08,2024-05-08,5305.104166666667,0.0097088908825707,103.00336697127231,2162.811542258822,0.1978504986132363,2126.77943045202,0.1684443155924479,3.140235432420533e-06,784.8958333333334,0.3231041666666667,0.3017291666666666,0.2887019404469306,0.2114334155819078,0.1094773335837181,7.46875,7.179166666666667,3.8713,784.8958333333334,59.6625,1.66875,2024-05-08,0.1684443155924479,794.7666742943984,2632.830783166236,0.24371893239642545,0.2312058571985354,0.2792058571985354,0.035486924802109965,2588.968222192311,R5,2.149969332876111e-06,0.20292444388644437,0.07628141331209104,0.2135208333333333,0.1555416666666666,7.79375,9.241666666666667
419,2024-05-09,2024-05-09,5245.0,0.0097645646901917,102.41751063484212,2212.0086149416347,0.1765250029085481,2173.709163254803,0.152374267578125,3.2624468935841373e-06,789.6854166666667,0.3122291666666666,0.2985833333333333,0.2836579240873561,0.2055374979050731,0.10642450797187,8.920833333333333,8.354166666666666,0.0,789.6854166666667,54.58125,3.7854166666666655,2024-05-09,0.152374267578125,787.5922068843728,2692.719296275288,0.22331393037216074,0.2271663757723507,0.2751663757723507,0.05185244540018996,2646.0966602252847,R5,3.888356572872113e-06,0.18840715099031755,0.08675922478203316,0.2177916666666667,0.154,8.202083333333333,8.758333333333335
420,2024-05-10,2024-05-10,5063.395833333333,0.0099400873724386,100.6223215114477,2208.3458562765186,0.1783635458288716,2156.311793029638,0.158416748046875,4.469018475216223e-06,793.4708333333333,0.3049791666666666,0.2950833333333333,0.2795674058781489,0.20075611796936,0.1039487747734448,10.689583333333331,9.972916666666666,0.0,793.4708333333333,57.8875,7.618749999999999,2024-05-10,0.158416748046875,757.9824474770495,2688.260551915733,0.2247527766603556,0.22389049973396355,0.27189049973396356,0.04713772307360797,2624.9185173404376,R5,9.077081588178628e-06,0.1936372868148481,0.07825321291911547,0.2190833333333333,0.154,9.147916666666667,8.714583333333334
421,2024-05-11,2024-05-11,4746.708333333333,0.010265432710357,97.4275297182634,2191.507726748004,0.1857237948553158,2137.059792231314,0.1652781168619791,4.719099599068107e-06,790.7770833333334,0.2948958333333333,0.289,0.2730073627861898,0.1930881265772898,0.099978393605282,9.958333333333334,10.085416666666667,0.6326,790.7770833333334,66.75833333333334,6.247916666666666,2024-05-11,0.1652781168619791,768.1126731042494,2667.763183149468,0.23152791690752772,0.21863691403243438,0.2666369140324344,0.03510899712490667,2601.4826981074634,R5,1.0903934965272911e-05,0.19964949902435516,0.06698741500807923,0.2184583333333333,0.1539791666666666,9.68125,8.964583333333334
422,2024-05-13,2024-05-13,4729.5625,0.0102838563901214,97.25195985626708,2131.971951403392,0.2137052492577882,2071.0645789326218,0.1909039815266927,5.448935891309238e-06,790.3416666666667,0.3233541666666666,0.3061875,0.2917519884341632,0.2149985966917952,0.1113233356481473,13.770833333333334,12.022916666666667,0.0819,790.3416666666667,63.97291666666666,10.189583333333331,2024-05-13,0.1909039815266927,775.30132512544,2595.28917468211,0.2578143763206028,0.23364847659448787,0.2816484765944879,0.023834100273885106,2521.145495480483,R5,1.5813110972183102e-05,0.22242747373679658,0.0592210028576913,0.2215833333333333,0.1530208333333333,10.620833333333334,9.2625
423,2024-05-14,2024-05-14,4922.208333333333,0.010080186647325,99.21417334201648,2181.976193988128,0.1891250991812688,2119.987799837468,0.170813242594401,5.415797479688926e-06,789.5145833333332,0.3113125,0.3015208333333333,0.285411030348404,0.2075866923281367,0.1074855528441491,15.466666666666669,14.239583333333334,0.0,789.5145833333332,51.85,12.458333333333334,2024-05-14,0.170813242594401,775.1198861972937,2656.160270750198,0.23548424844813598,0.22857034429164164,0.2765703442916416,0.04108609584350564,2580.700643718409,R5,1.1292133062428466e-05,0.2051729134932519,0.07139743079838973,0.224,0.1535416666666666,12.44375,9.83125
424,2024-05-15,2024-05-15,5049.583333333333,0.0099531876230358,100.48649402648329,2230.386005666749,0.1690946172084451,2169.094288795805,0.1539853413899739,5.238895941843955e-06,789.2687500000001,0.3006875,0.2932499999999999,0.2776512334951523,0.1985163166246782,0.1027890362415854,15.820833333333333,14.08125,0.4791,789.2687500000001,59.3875,10.397916666666667,2024-05-15,0.1539853413899739,774.440277867722,2715.090436372322,0.21627485836960098,0.22235594032759087,0.2703559403275909,0.05408108195798994,2640.4788875720983,R5,1.3235796742685607e-05,0.18977578466402648,0.08058015566356444,0.2220625,0.154,12.616666666666667,10.427083333333334
425,2024-05-16,2024-05-16,5227.270833333333,0.0097817293661894,102.24210525274783,2279.4155245488805,0.1508680943763926,2226.9039707736224,0.1363105773925781,4.373735552028858e-06,788.8458333333333,0.2900208333333333,0.2867916666666666,0.2704804742061819,0.1901344630710285,0.0984490270002963,17.0625,15.291666666666666,0.0,788.8458333333333,51.45208333333333,10.672916666666666,2024-05-16,0.1363105773925781,766.2352509722876,2774.7749831183082,0.19885295762371796,0.2166132648692819,0.26461326486928194,0.06576030724556398,2710.85169042726,R5,9.497205257930794e-06,0.1736943389979466,0.09091892587133535,0.2202708333333333,0.1538125,13.595833333333331,10.90625
426,2024-05-17,2024-05-17,5328.791666666667,0.0096880343511591,103.2303908571139,2298.754185970695,0.1435580745636476,2246.523170255728,0.1302528381347656,4.308542717998816e-06,787.78125,0.2767291666666667,0.2783125,0.2614163961067102,0.1795395215638617,0.0929631110560839,17.458333333333332,16.091666666666665,0.0,787.78125,44.32083333333333,12.51875,2024-05-17,0.1302528381347656,757.081749867258,2798.3162959427286,0.19247494220125266,0.20935433220170585,0.25735433220170584,0.06487939000045317,2734.7345074588443,R5,7.935109085855274e-06,0.1686597222696602,0.08869460993204564,0.2181875,0.1532083333333333,14.408333333333331,11.414583333333333
427,2024-05-18,2024-05-18,5335.416666666667,0.0096826116184634,103.29242088457222,2353.9299667054897,0.1255642758115931,2293.8434183466184,0.1176261901855468,4.851761191881376e-06,789.8604166666668,0.2626041666666667,0.26825,0.2512388684694059,0.1676430761866867,0.0868032941915971,15.891666666666666,15.25625,0.0,789.8604166666668,46.55,12.627083333333331,2024-05-18,0.1176261901855468,756.2245033158791,2865.4828017456716,0.17562441428366765,0.20120369768258223,0.24920369768258224,0.07357928339891459,2792.338327027258,R5,8.915636511146355e-06,0.15741737423562258,0.09178632344695967,0.214875,0.153,14.333333333333334,11.835416666666667
428,2024-05-19,2024-05-19,5329.541666666667,0.0096878982526325,103.23572459298492,2355.344362878158,0.12523650200329,2286.042254162517,0.119855244954427,5.627139140542111e-06,789.3291666666668,0.254,0.25975,0.2438667033950475,0.159025800730007,0.0823413867057,15.333333333333334,14.40625,0.6389,789.3291666666668,58.04166666666666,12.377083333333331,2024-05-19,0.119855244954427,754.8552777326506,2867.2045725565968,0.1752167067110192,0.19529972716271848,0.2432997271627185,0.06808302045169931,2782.8418245317216,R5,1.4847333607384568e-05,0.15917704610181976,0.08412268106089874,0.2110625,0.1518333333333333,13.6,11.94375
429,2024-05-20,2024-05-20,5623.979166666667,0.0094306691988331,106.04992916285067,2401.6804841513454,0.1113604661465914,2351.5199860040525,0.1037928263346354,3.956790486485011e-06,786.1229166666667,0.2495416666666666,0.2541666666666666,0.239476296867675,0.1538938833039086,0.0796841499844618,16.814583333333335,15.34375,0.0,786.1229166666667,38.860416666666666,13.514583333333334,2024-05-20,0.1037928263346354,756.397694552208,2923.6103962157217,0.1624648545844561,0.19178368669884152,0.23978368669884154,0.07731883211438545,2862.5490873403223,R5,6.527975401925553e-06,0.14505079139818122,0.09473289530066031,0.2082291666666666,0.150875,13.979166666666666,12.010416666666666
430,2024-05-21,2024-05-21,5361.083333333333,0.0096707977677148,103.49964111871788,2320.2407868675614,0.1384808155947116,2263.005497027566,0.1280771891276041,4.7337649691039925e-06,786.7104166666667,0.25275,0.2482291666666666,0.2384084013388588,0.1526456272165927,0.0790378200384933,14.547916666666666,14.795833333333334,4.4818997,786.7104166666667,65.41666666666667,8.09375,2024-05-21,0.1280771891276041,811.1569726778791,2824.472335505841,0.18568582048124155,0.1909284666031393,0.23892846660313932,0.053242646121897774,2754.7987509008685,R5,1.3352350308207884e-05,0.16465158079665548,0.07427688580648384,0.2057916666666666,0.1501249999999999,14.479166666666666,12.272916666666667
431,2024-05-22,2024-05-22,4912.25,0.0100942815674359,99.10089176998258,2181.333555757238,0.1899806683756171,2131.9419918349454,0.1670277913411458,4.296640227625439e-06,791.3000000000001,0.3005208333333333,0.262125,0.2630053627216795,0.1813968542299849,0.0939248125321987,11.275,10.891666666666666,5.0101,791.3000000000001,76.45208333333333,4.054166666666666,2024-05-22,0.1670277913411458,791.4410182074862,2655.3779752595055,0.23575424685526514,0.21062685010617546,0.2586268501061755,0.02287260325091034,2595.2527043412992,R5,1.047158371041496e-05,0.20126253156836924,0.05736431853780624,0.2010416666666666,0.1493541666666666,11.627083333333331,12.027083333333332
432,2024-05-23,2024-05-23,5310.354166666667,0.009704708546023,103.0521124757803,2260.414770925373,0.1572625172764087,2212.3972853388864,0.1400642395019531,4.021163195931205e-06,784.725,0.2877708333333333,0.272,0.2606104551006281,0.1785974624019746,0.0924753256942589,13.51875,12.964583333333332,0.0073,784.725,45.625,10.454166666666667,2024-05-23,0.1400642395019531,786.4851464887281,2751.645011751926,0.2053825966050653,0.20870889739487983,0.25670889739487984,0.05132630078981454,2693.192431990719,R5,7.05969469692775e-06,0.1775558411487682,0.07915305624611163,0.2007708333333333,0.1480833333333333,12.289583333333333,11.522916666666667
433,2024-05-24,2024-05-24,5141.5625,0.0098634343989319,101.39864516934747,2241.428077656756,0.1647803045695315,2185.667479251813,0.1486676534016927,4.73273815216399e-06,789.2083333333334,0.2737708333333333,0.2649166666666667,0.2519204375687555,0.1684397578416166,0.0872158050667431,13.00625,12.164583333333333,0.3542,789.2083333333334,71.63125000000001,6.127083333333334,2024-05-24,0.1486676534016927,771.3163704399781,2728.532156317494,0.21218455940422493,0.2017495297182492,0.2497495297182492,0.03756497031402428,2660.6537410696355,R5,1.306323986662867e-05,0.1849366870319842,0.064812842686265,0.1999583333333333,0.1468124999999999,11.920833333333334,11.422916666666667
434,2024-05-25,2024-05-25,5428.5625,0.0095984765059367,104.1927615342707,2279.7187330579536,0.1502769970469503,2220.840373372151,0.1375897725423177,4.909522232252687e-06,784.8249999999999,0.26275,0.2601875,0.2454834162855555,0.1609155658358277,0.0833198812559366,13.2125,13.039583333333333,0.0,784.8249999999999,59.82291666666666,8.870833333333334,2024-05-25,0.1375897725423177,780.0539853657841,2775.144084485121,0.19875091636328546,0.1965944655670228,0.24459446556702283,0.04584354920373737,2703.4703603467633,R5,1.1509485437087494e-05,0.1753073715419607,0.06928709402506214,0.1999166666666666,0.146,12.5375,11.389583333333334
435,2024-05-26,2024-05-26,5021.875,0.0099820754891904,100.20530216984577,2188.892438743094,0.1869079593173953,2121.907577095372,0.1708081563313802,5.848811311993143e-06,790.1020833333333,0.2855208333333333,0.2610833333333333,0.2554043836325412,0.1725121195705039,0.0893244183256263,12.6875,12.054166666666667,5.213,790.1020833333333,76.425,7.802083333333333,2024-05-26,0.1708081563313802,790.5074998541761,2664.579544338764,0.23260454671437558,0.2045396347479004,0.2525396347479004,0.01993508803352484,2583.0376243395463,R5,2.013077935897229e-05,0.20453747643045847,0.04800215831744195,0.1981875,0.1456249999999999,11.76875,11.352083333333333
436,2024-05-27,2024-05-27,5014.729166666667,0.0099870501613771,100.14132593224332,2249.006385387924,0.1620357432585274,2189.4112194969407,0.1475779215494791,5.045250798466753e-06,794.5791666666668,0.287375,0.2705625,0.259284708523236,0.1770478059132894,0.0916729347387657,15.3,13.633333333333333,0.0,794.5791666666668,56.80625,10.9875,2024-05-27,0.1475779215494791,772.5068012633315,2737.7573715011004,0.20943529610990996,0.20764717826206258,0.25564717826206257,0.046211882152152606,2665.2110658152105,R5,1.2475531130571971e-05,0.1839102117767025,0.07173696648536007,0.1979166666666666,0.1447083333333333,12.34375,11.310416666666669
437,2024-05-28,2024-05-28,5009.229166666667,0.0099919915022836,100.08822858131396,2288.0290436403707,0.1475146262359302,2227.947235047176,0.1356887817382812,4.995020265109147e-06,795.8395833333334,0.2745208333333334,0.2673958333333333,0.252733152192859,0.1693897346412315,0.0877076900731978,16.96875,15.708333333333334,0.0,795.8395833333334,50.90416666666667,12.9375,2024-05-28,0.1356887817382812,759.7841130653702,2785.260380376629,0.19597978181087428,0.20240038915145134,0.25040038915145135,0.054420607340577076,2712.121675463275,R5,1.1222925492977467e-05,0.17340106035358038,0.07699932879787097,0.1987291666666666,0.144,14.047916666666666,11.677083333333334
438,2024-05-29,2024-05-29,5205.645833333333,0.0098021692330808,102.0298743162906,2330.8255668897896,0.1329401059295566,2269.461292316852,0.1240183512369791,5.007621385418282e-06,792.8854166666666,0.2596666666666666,0.259375,0.2433421931770365,0.1584127041725025,0.082023933685513,17.20625,16.004166666666666,0.0,792.8854166666666,48.11041666666667,13.802083333333334,2024-05-29,0.1240183512369791,758.4477331068048,2837.357385419372,0.18245038663825458,0.19487967513820875,0.24287967513820877,0.06042928849995419,2762.6575107767753,R5,1.0499117622621077e-05,0.1630874280267024,0.07979224711150637,0.1976458333333333,0.1437291666666666,14.535416666666668,12.160416666666668
439,2024-05-30,2024-05-30,5398.708333333333,0.0096246219964343,103.90713526104528,2377.7653289293658,0.1183339665392335,2320.04012505392,0.1111488342285156,4.60924495179284e-06,791.35,0.2470208333333333,0.251125,0.2346303183884469,0.1482294508079658,0.0767511842362896,17.504166666666666,16.066666666666666,0.0,791.35,43.49166666666667,13.65625,2024-05-30,0.1111488342285156,758.0960917488654,2894.4980322291367,0.16890320607420434,0.18790280316019572,0.23590280316019574,0.0669995970859914,2824.228066141803,R5,8.311929869290976e-06,0.15160068112235964,0.0843021220378361,0.1955833333333333,0.1428333333333333,14.722916666666668,12.502083333333331
440,2024-05-31,2024-05-31,5519.791666666667,0.0095182909662253,105.06657099650036,2443.1685295488014,0.1002448101556227,2389.0303401237047,0.0956560770670573,4.193726701068254e-06,792.2395833333334,0.2344583333333333,0.2430416666666666,0.2259285827003399,0.138058048971557,0.0714845713463929,17.46875,16.297916666666666,0.0,792.2395833333334,43.49583333333334,12.622916666666669,2024-05-31,0.0956560770670573,752.3911511157829,2974.1145667925725,0.1519620872363195,0.18093405104246035,0.22893405104246037,0.07697196380614088,2908.2111402210576,R5,7.684558845804945e-06,0.13771882528902624,0.09121522575343413,0.1930833333333333,0.142,15.129166666666668,12.8
441,2024-06-01,2024-06-01,5482.104166666667,0.0095529200782648,104.70023985133754,2427.701026987319,0.1043110880816994,2360.4008414172727,0.1018613179524739,5.280975624555788e-06,791.9875000000001,0.2233043478260869,0.2349565217391304,0.2177910557647661,0.1285461470495706,0.0665594385008446,17.695652173913043,16.417391304347827,0.0,791.9875000000001,49.15208333333334,13.941666666666668,2024-06-01,0.1018613179524739,744.5684748190604,2955.2856877677996,0.15578342176656151,0.1744171433704755,0.22241714337047552,0.06663372160391401,2873.359918083511,R5,1.1141029139462623e-05,0.143242239757923,0.07917490361255253,0.1901739130434782,0.141891304347826,15.291304347826086,13.041304347826086
442,2024-06-02,2024-06-02,5717.770833333333,0.0093519051252837,106.93475936545708,2449.613216401793,0.0983864731340829,2387.6868879217773,0.095855712890625,4.8054817279173234e-06,787.8291666666668,0.2150416666666666,0.2289166666666666,0.2115788278616884,0.1212847145530728,0.06279956797363,19.491666666666667,17.654166666666665,0.0007,787.8291666666668,40.27708333333333,15.985416666666666,2024-06-02,0.095855712890625,738.3931288513362,2981.95980416203,0.1504015359644864,0.16944210414760003,0.21744210414760004,0.06704056818311363,2906.575730827388,R5,8.294110559763719e-06,0.1379632241593314,0.07947887998826864,0.1873333333333333,0.1408541666666666,15.825,13.29375
443,2024-06-03,2024-06-03,5703.541666666667,0.0093641811037869,106.79926554905408,2461.006084799993,0.095527543181268,2390.6939449645056,0.0952072143554687,5.443014790059679e-06,787.9270833333334,0.2014791666666666,0.2207916666666667,0.2023204837442459,0.1104626967702336,0.0571960750366215,18.695833333333333,17.941666666666666,0.0,787.9270833333334,45.68333333333334,15.05625,2024-06-03,0.0952072143554687,752.319045087707,2995.8285551101667,0.14768698333056324,0.16202759427420416,0.21002759427420417,0.062340610943640934,2910.2362773864115,R5,1.0196181382720233e-05,0.137376666870599,0.07265092740360518,0.1842916666666666,0.14,16.654166666666665,13.727083333333333
444,2024-06-04,2024-06-04,5558.25,0.0094880381184069,105.42174989087792,2423.4967126836686,0.1055600315803804,2335.593270521273,0.107977549235026,7.002480875732467e-06,788.8333333333334,0.1932291666666666,0.2133333333333333,0.1954762535671077,0.1024625209561493,0.0530536933136737,19.775,17.8875,0.7643,788.8333333333334,59.54791666666667,15.547916666666666,2024-06-04,0.107977549235026,746.2738587889339,2950.167697640377,0.1568411048904273,0.15654641842024344,0.20454641842024346,0.04770531352981616,2843.161199871404,R5,1.9931143221288635e-05,0.1483257362602704,0.05622068215997306,0.1805833333333333,0.139,16.272916666666667,13.960416666666667
445,2024-06-05,2024-06-05,5464.25,0.0095673365824705,104.53374994903288,2455.299778624422,0.0970494733269776,2376.096906110424,0.098456064860026,6.173898261518345e-06,793.8895833333332,0.1852708333333333,0.2075416666666666,0.1895456816308286,0.0955303142739733,0.049464291414607,21.370833333333334,19.433333333333334,0.0,793.8895833333332,54.10625,15.21875,2024-06-05,0.098456064860026,733.6524569642019,2988.882162295227,0.1490396349226819,0.15179694231321658,0.1997969423132166,0.05075730739053469,2892.4670300492335,R5,1.5298745834039783e-05,0.1401628139920779,0.05963412832113871,0.1780416666666666,0.1381875,17.408333333333335,14.325
446,2024-06-06,2024-06-06,5473.291666666667,0.0095591192288679,104.6213395285199,2493.980116169212,0.0871933119273018,2414.565836948022,0.0902328491210937,6.091346177279778e-06,794.7541666666666,0.1744166666666666,0.2001666666666667,0.1816051470659683,0.0862486754435185,0.0446583856515624,23.0125,20.84583333333333,0.0,794.7541666666666,47.145833333333336,17.460416666666667,2024-06-06,0.0902328491210937,747.7420930705165,3035.968457795955,0.1401342767989403,0.14543779523633507,0.19343779523633509,0.05330351843739478,2939.295976226829,R5,1.2685347349597764e-05,0.13297748720510602,0.060460308031229065,0.1743124999999999,0.1377291666666666,18.508333333333333,14.8625
447,2024-06-07,2024-06-07,5572.916666666667,0.0094725964902579,105.57177805676012,2491.020654891094,0.0878730702578344,2409.529384521378,0.0912590026855468,6.2674239189930505e-06,792.5583333333334,0.1599791666666666,0.1905416666666667,0.1711307496512732,0.0740052209284937,0.0383188921969945,23.2375,21.55625,0.0,792.5583333333334,46.56041666666667,17.743750000000002,2024-06-07,0.0912590026855468,743.6217152683364,3032.3658504478917,0.14079435536212903,0.1370494136786854,0.1850494136786854,0.04425505831655638,2933.1650088597085,R5,1.253464176557243e-05,0.13390620291226565,0.051143210766419755,0.1695833333333333,0.136625,19.41875,15.483333333333333
448,2024-06-08,2024-06-08,5440.25,0.0095883036241208,104.30433449430708,2428.093479379763,0.1041620699632595,2322.4290757346403,0.1106681823730468,8.432813005884474e-06,791.9333333333334,0.1473541666666666,0.1808333333333333,0.1612652110492942,0.0624734574907144,0.03234790265775,21.48958333333333,20.316666666666663,1.5974,791.9333333333334,70.46458333333334,15.185416666666669,2024-06-08,0.1106681823730468,747.0008769733134,2955.763427376436,0.15568511200934382,0.1291486343986269,0.1771486343986269,0.02146352238928309,2827.1361803111486,R5,3.087890005433733e-05,0.1511118833817493,0.026036751016877607,0.1641666666666666,0.1348541666666667,19.0125,15.910416666666668
449,2024-06-09,2024-06-09,5542.791666666667,0.0094988168450558,105.2841551411256,2459.0780334516826,0.0959150134363593,2361.1457160621867,0.1016260782877604,7.68541309644238e-06,792.6729166666668,0.14125,0.1725,0.1548576922826672,0.0549837507832618,0.0284698348632185,21.85625,20.22083333333333,0.0032,792.6729166666668,62.46458333333334,15.904166666666669,2024-06-09,0.1016260782877604,735.901398817306,2993.481502284632,0.14814246540445747,0.12401719722622581,0.17201719722622583,0.023874731821768358,2874.2666678656396,R5,2.3139791858925016e-05,0.14309560043573988,0.02892159679048595,0.1593541666666666,0.133875,18.78333333333333,16.020833333333332
450,2024-06-10,2024-06-10,5621.791666666667,0.0094321266482388,106.0306953992117,2473.8824728444365,0.0922260095204984,2383.4073127478746,0.0968437194824218,7.036007005044551e-06,792.4,0.1344791666666666,0.1661875,0.1489569284376309,0.0480863865836519,0.0248984739255404,22.52083333333333,20.89375,0.0,792.4,52.99166666666667,17.15625,2024-06-10,0.0968437194824218,739.1261931485279,3011.5032221613687,0.14468503827697748,0.11929159281634298,0.16729159281634298,0.022606554539365498,2901.366124240511,R5,1.6389937542140156e-05,0.13874530054430795,0.028546292272035034,0.1553541666666666,0.1320833333333333,19.2125,16.1875
451,2024-06-11,2024-06-11,5581.229166666667,0.0094671675837036,105.64438787818592,2475.6112090677825,0.0919023417788676,2379.909617566552,0.097754160563151,7.460134987838984e-06,793.74375,0.12875,0.1599791666666666,0.1434686508546643,0.0416711748733715,0.0215767649587548,23.43958333333333,21.260416666666668,0.6922,793.74375,56.64166666666667,17.260416666666668,2024-06-11,0.097754160563151,734.7852673756223,3013.6076449720804,0.14428722435261337,0.11489632646950472,0.16289632646950475,0.018609102116891374,2897.1083147348795,R5,1.9454320486850515e-05,0.13942961738116239,0.023466709088342363,0.150875,0.1306666666666666,19.45208333333333,16.4375
452,2024-06-12,2024-06-12,5652.125,0.0094065004114152,106.31744809270631,2497.202899472656,0.0864164680223505,2415.981000384352,0.0899861653645833,6.23032588248679e-06,794.0875,0.1230416666666666,0.1547708333333333,0.1384182344359247,0.0357677762093089,0.0185200657939395,24.579166666666666,22.5,0.0,794.0875,42.68333333333334,19.00208333333333,2024-06-12,0.0899861653645833,739.868805128804,3039.8916119510877,0.13941933083113411,0.11085171958014128,0.1588517195801413,0.019432388749007184,2941.0186810421037,R5,1.1114529818461865e-05,0.13273308833480085,0.026118631245340446,0.1469791666666666,0.1288125,20.352083333333333,16.795833333333334
453,2024-06-13,2024-06-13,5748.895833333333,0.0093267449205075,107.22469136245212,2541.293032700372,0.0762429453391331,2463.154479880144,0.0808855692545573,5.874651296681286e-06,794.6625,0.1164375,0.1486249999999999,0.1325428007627924,0.0289000202816869,0.0149640356149323,24.525,22.4,0.0,794.6625,43.75833333333333,18.4375,2024-06-13,0.0808855692545573,741.0383512109061,3093.563352520123,0.1300258485601431,0.10614640074263455,0.15414640074263458,0.024120552182491484,2998.443836465433,R5,1.1369756323881288e-05,0.12466792561473039,0.02947847512790419,0.1424791666666666,0.1268333333333333,20.560416666666665,17.16875
454,2024-06-14,2024-06-14,5694.479166666667,0.009372261350415,106.71201966906165,2543.410004766141,0.075880180719576,2450.376535652099,0.0834884643554687,7.043376782702084e-06,795.0895833333334,0.1090625,0.1442708333333333,0.1271774845312303,0.0226285372894821,0.0117167474144717,22.922916666666666,22.297916666666666,0.0,795.0895833333334,49.29166666666666,17.474999999999998,2024-06-14,0.0834884643554687,783.2407870524953,3096.140382054577,0.12959224492609778,0.1018496075290553,0.1498496075290553,0.020257362602957518,2982.889006905922,R5,1.4056711904439994e-05,0.12676975589935482,0.02307985162970047,0.13925,0.1250416666666666,20.98125,17.4875
455,2024-06-15,2024-06-15,5675.041666666667,0.0093883823796927,106.5293531500743,2518.699178098733,0.0814474168005558,2418.0297806189296,0.0897165934244791,7.721708419294127e-06,792.7875,0.2376875,0.1569791666666666,0.1867826714837973,0.0923006498149688,0.0477920152875397,18.83191489361702,18.402083333333334,2.9513,792.7875,71.55208333333333,13.764583333333334,2024-06-15,0.0897165934244791,818.9656208053513,3066.0594323942614,0.13475118782430068,0.14958419608607423,0.19758419608607425,0.06283300826177357,2943.512699390048,R5,2.925296612045537e-05,0.13239092991637363,0.06519326616970061,0.13475,0.1231041666666666,18.39375,17.360416666666666
456,2024-06-16,2024-06-16,5960.729166666667,0.0091604080100176,109.17873198332852,2555.0107096871384,0.0732144349146107,2478.9229818825147,0.0780715942382812,5.692121617124858e-06,788.0104166666666,0.2397708333333333,0.1841041666666666,0.1966503716068502,0.1038349398405702,0.0537643130594354,21.49375,20.016666666666666,0.0,788.0104166666666,46.72291666666666,17.2,2024-06-16,0.0780715942382812,803.583359195615,3110.2621362738705,0.12724314355780175,0.15748670641211038,0.2054867064121104,0.07824356285430864,3017.6391277171624,R5,1.2245635744147395e-05,0.12207729758949563,0.08340940882261476,0.1346875,0.1215,18.65833333333333,16.92083333333333
457,2024-06-17,2024-06-17,6288.604166666667,0.0089180767186828,112.14269854153322,2592.9667303613114,0.0651457520720161,2530.9322988171,0.0690689086914062,4.537048771810814e-06,783.5604166666667,0.2225625,0.1902708333333333,0.1913007466943116,0.0975817983283702,0.0505265218267051,23.34375,21.76458333333333,0.0,783.5604166666667,34.79375,17.914583333333333,2024-06-17,0.0690689086914062,784.9112353018043,3156.4667073541086,0.11986291492918676,0.15320247953202992,0.20120247953202994,0.08133956460284318,3080.9510381454816,R5,7.017376342917087e-06,0.11415877419160828,0.08704370534042166,0.1355833333333333,0.1204166666666666,19.83125,17.05
458,2024-06-18,2024-06-18,6299.083333333333,0.0089111047930244,112.23420651871204,2617.8211831624403,0.0601026578914934,2555.7307302141903,0.0650990804036458,4.4990533799575295e-06,784.9229166666668,0.2048541666666666,0.1868125,0.1824325472173347,0.0872158180597388,0.0451591588833034,23.9375,22.570833333333336,0.0,784.9229166666668,35.389583333333334,15.891666666666666,2024-06-18,0.0650990804036458,782.3452251949973,3186.7224957827307,0.11526905828340502,0.14610041551850816,0.19410041551850818,0.07883135723510316,3111.138630675299,R5,6.421600506048303e-06,0.11059055068515286,0.08350986483335532,0.1360416666666666,0.119,20.654166666666665,17.39166666666667
459,2024-06-19,2024-06-19,6013.125,0.0091202065106401,109.6583566243274,2591.20459701847,0.0657107836210975,2515.5722037501973,0.0719502766927083,5.582276199585539e-06,790.6583333333333,0.1854375,0.1785624999999999,0.1709895400304002,0.07384016192779,0.0382334269017794,21.81875,21.2875,0.0,790.6583333333333,51.4125,13.514583333333334,2024-06-19,0.0719502766927083,758.3740110773263,3154.321629607653,0.12019557874910398,0.13693632648783355,0.18493632648783356,0.06474074773872958,3062.252908264842,R5,1.2003779223213157e-05,0.1164072437984158,0.06852908268941776,0.1350833333333333,0.1186666666666666,20.30625,17.6375
460,2024-06-20,2024-06-20,5840.3125,0.0092538833184494,108.07219584426086,2556.530481060167,0.0728399497390141,2461.9959763352213,0.0810953776041666,7.1137480745065535e-06,793.4187499999999,0.1716458333333333,0.1715833333333333,0.1623707945115153,0.0637657667564748,0.033017042737579,22.729166666666668,21.38125,0.0,793.4187499999999,47.60833333333333,18.33125,2024-06-20,0.0810953776041666,780.5939647790941,3112.1121822793148,0.12693873394826782,0.13003403673326874,0.17803403673326876,0.051095302785000934,2997.033568517494,R5,1.3615311459565706e-05,0.1248145649369135,0.053219471796355264,0.1340833333333333,0.1168958333333333,19.914583333333333,17.55
461,2024-06-21,2024-06-21,5470.75,0.0095615784216168,104.59614781152844,2480.730502279639,0.0905987088677942,2358.560111317517,0.102294921875,9.593572237646216e-06,796.2708333333334,0.15775,0.1635833333333333,0.1533763350783518,0.053252202052249,0.0275732625900051,19.575,19.66875,6.396,796.2708333333334,80.31041666666667,14.179166666666667,2024-06-21,0.102294921875,826.9417341406694,3019.839455970349,0.14311629753859484,0.12283085791132285,0.17083085791132285,0.027714560372728014,2871.1191630406206,R5,4.2519115365798746e-05,0.14363327795041125,0.0271975799609116,0.1330208333333333,0.1157083333333333,19.479166666666668,17.58125
462,2024-06-22,2024-06-22,5077.1875,0.0099315851345908,100.741659756691,2293.755710164992,0.1485090952495469,2189.484206883604,0.1497014363606771,8.804177355524607e-06,796.8395833333334,0.2592083333333333,0.2004166666666666,0.2097145699232829,0.1191055956625561,0.0616712499873784,19.85625,18.804166666666667,12.683499,796.8395833333334,77.12708333333333,14.09375,2024-06-22,0.1497014363606771,832.217407216604,2792.231558223777,0.1940984987493623,0.16794912022784889,0.2159491202278489,0.021850621478486598,2665.2999147207374,R5,3.737617907564597e-05,0.18386133200264146,0.03208778822520744,0.1314583333333333,0.1146666666666666,18.17083333333333,17.252083333333335
463,2024-06-23,2024-06-23,5107.604166666667,0.0098962284543778,101.06303571336316,2260.098446787362,0.1581381626222763,2160.475793717977,0.1571909586588541,8.544016090689877e-06,797.6854166666667,0.269,0.2377291666666666,0.2264933259927482,0.1387181737061374,0.0718263749140817,20.285416666666663,19.491666666666667,7.0357,797.6854166666667,74.09375,14.452083333333334,2024-06-23,0.1571909586588541,803.9006139088058,2751.2599444856655,0.20549360193070132,0.18138632357244835,0.22938632357244837,0.02389272164174705,2629.9874329529066,R5,3.401049308409814e-05,0.19236641268926122,0.03701991088318715,0.1321666666666666,0.113,18.685416666666665,17.0625
464,2024-06-24,2024-06-24,5253.333333333333,0.0097571269885191,102.49773961535831,2333.713971118017,0.1320256486721937,2232.4918751739747,0.1342595418294271,8.397013371298766e-06,795.0833333333334,0.2515208333333333,0.2332708333333333,0.217466097186818,0.1281663050967731,0.0663627615278078,22.45833333333333,20.88125,0.0,795.0833333333334,60.3,17.814583333333335,2024-06-24,0.1342595418294271,802.6667896513992,2840.873493696824,0.18157954955990696,0.17415690152224894,0.22215690152224896,0.040577351962341995,2717.653950555423,R5,2.360041716354764e-05,0.1722279457761156,0.04992895574613335,0.1328541666666667,0.112375,19.241666666666667,17.099999999999998
465,2024-06-25,2024-06-25,5375.604166666667,0.0096449036010073,103.6859219008508,2373.3109778001867,0.1197139553473477,2276.222142971473,0.1222318013509114,7.901502167975037e-06,795.2958333333332,0.2322708333333333,0.2238958333333333,0.2061680344718967,0.1149600736085569,0.0595247553118075,23.902083333333334,22.36875,0.0,795.2958333333332,54.83125,18.491666666666667,2024-06-25,0.1222318013509114,786.5132832092147,2889.0756676158585,0.17013554254864777,0.1651088907238374,0.2131088907238374,0.042973348175189635,2770.887620232029,R5,1.9211024160306198e-05,0.16147439548268833,0.051634495241149075,0.1342291666666666,0.1119791666666666,20.414583333333333,17.429166666666667
466,2024-06-26,2024-06-26,5372.75,0.0096477044296392,103.65753413906184,2416.370454048378,0.1073445915738689,2305.056118925863,0.1148719787597656,8.948778729049745e-06,795.6166666666667,0.2116458333333333,0.2112083333333333,0.1929550958927402,0.099515556267945,0.051527795265146,23.197916666666668,22.29375,0.019,795.6166666666667,61.54166666666666,17.733333333333334,2024-06-26,0.1148719787597656,780.488180426908,2941.492770242772,0.15865286169895382,0.15452735883120008,0.2025273588312001,0.04387449713224628,2805.9877563328873,R5,2.4794591556726377e-05,0.15487562598444887,0.04765173284675123,0.1345416666666666,0.1114166666666666,20.9,17.837500000000002
467,2024-06-27,2024-06-27,5361.041666666667,0.0096597548420846,103.53902361617055,2398.038449319338,0.1125605256293123,2274.355202523408,0.1227938334147135,1.00735069956308e-05,792.7979166666668,0.1943541666666667,0.1984583333333333,0.1809045759417601,0.0854297824462231,0.0442343740468332,22.32708333333333,21.285416666666663,0.6414,792.7979166666668,73.65625,16.879166666666666,2024-06-27,0.1227938334147135,773.2070244974761,2919.1768793642914,0.1634264352970608,0.1448767455009216,0.19287674550092163,0.029450310203860824,2768.614958843848,R5,3.903595388702878e-05,0.16191431344923762,0.030962432051684002,0.1334583333333333,0.1106458333333333,20.26875,17.989583333333332
468,2024-06-28,2024-06-28,5513.9375,0.0095240294039978,105.00832297031684,2375.929473470717,0.118996584747408,2263.300957178268,0.1257451375325521,9.219371414640738e-06,791.1104166666668,0.1821874999999999,0.1889999999999999,0.1723616831501882,0.0754440510309149,0.0390638987640006,22.62708333333333,21.50208333333333,3.4545999,791.1104166666668,67.46875,16.841666666666665,2024-06-28,0.1257451375325521,776.1136261771483,2892.2632111776793,0.169409819353872,0.13803520211616682,0.18603520211616684,0.016625382762294832,2755.1584200466855,R5,3.0275096743192657e-05,0.1645538212485334,0.02148138086763343,0.1332708333333333,0.1097708333333333,20.289583333333333,18.004166666666666
469,2024-06-29,2024-06-29,5411.8125,0.0096131660239777,104.03243564803942,2436.011922816637,0.1020512158483672,2327.008826330538,0.1095288594563802,8.674937732129032e-06,794.6999999999999,0.1740833333333333,0.18,0.1657629939731093,0.0677308864831381,0.0350701275530543,24.54583333333333,22.73125,1.9547,794.6999999999999,52.38333333333333,20.27083333333333,2024-06-29,0.1095288594563802,781.5983365683619,2965.4026960912634,0.15371667281853002,0.13275066684352058,0.1807506668435206,0.02703399402499057,2832.711196031432,R5,1.8831271318263568e-05,0.15013428790052863,0.030616378942991962,0.1331875,0.1087083333333333,20.78125,18.1
470,2024-06-30,2024-06-30,5397.104166666667,0.0096262688373842,103.89092609660882,2456.608672044493,0.0965864071455908,2339.3596938738783,0.1065953572591145,9.28381461281824e-06,796.9708333333333,0.1639374999999999,0.1715624999999999,0.1586417870183711,0.0594069543283303,0.0307601092206535,26.375,24.625,0.4759,796.9708333333333,55.34791666666666,20.214583333333334,2024-06-30,0.1065953572591145,766.3909735748118,2990.475502639919,0.14872813848928357,0.1270476751846852,0.17504767518468523,0.026319536695401657,2847.746137186293,R5,2.1497327708896723e-05,0.1475436598752939,0.02750401530939134,0.1340416666666666,0.10775,22.21875,18.497916666666665
471,2024-07-01,2024-07-01,5230.6875,0.0097798570156457,102.27093563783208,2351.3238159685466,0.1279822448002223,2212.851336139652,0.1416842142740885,1.1602197715342122e-05,795.1291666666666,0.1474375,0.160125,0.1473236381100562,0.0461772442202511,0.0239099460960977,23.047916666666666,22.870833333333334,6.1598997,795.1291666666666,83.79583333333333,16.620833333333334,2024-07-01,0.1416842142740885,807.9490602080879,2862.31028590149,0.17637865950651577,0.11798357843425607,0.1659835784342561,-0.010395081072259671,2693.7451564893727,R5,5.6856195637068556e-05,0.1774092018265851,-0.011425623392328998,0.1327291666666666,0.1067916666666666,22.085416666666664,18.964583333333334
472,2024-07-02,2024-07-02,4968.1875,0.0100379610274324,99.6614376021552,2176.370245137418,0.1938529898236936,2072.2884769689404,0.1916859944661458,9.318728629209949e-06,793.3083333333334,0.1847708333333333,0.1556875,0.1616290927920448,0.0628987964758444,0.0325681373724619,22.35833333333333,21.34583333333333,12.183599,793.3083333333334,73.75833333333334,15.983333333333334,2024-07-02,0.1916859944661458,831.2604204736773,2649.33604477645,0.23785363232541584,0.12944004771618653,0.17744004771618654,-0.0604135846092293,2522.635369361085,R5,3.7114970229166496e-05,0.22198755577024729,-0.04454750805406074,0.130125,0.1051249999999999,20.46875,18.85
473,2024-07-03,2024-07-03,5146.458333333333,0.0098589307925605,101.4462452429088,2249.517141562047,0.1619208790884297,2168.811297074261,0.1545562744140625,6.915467553837583e-06,794.1020833333333,0.2146666666666666,0.1645,0.1776451830662454,0.0816198994679457,0.0422616686985329,22.922916666666666,21.7875,0.0,794.1020833333333,59.33541666666667,15.925,2024-07-03,0.1545562744140625,822.0028611816346,2738.379124507152,0.20925166462903416,0.14226647304288562,0.19026647304288563,-0.01898519158614853,2640.13439647738,R5,2.0225077146630806e-05,0.18987354421214853,0.00039292883073710483,0.13025,0.1043333333333333,20.666666666666668,18.68125
474,2024-07-04,2024-07-04,5268.958333333333,0.0097436282529669,102.64664244282568,2322.388306058541,0.1360392444495992,2257.4606934707126,0.1275978088378906,5.3305481312111935e-06,795.74375,0.1985625,0.167,0.171440074854479,0.0743667891319769,0.0385061072723271,23.460416666666664,22.222916666666663,0.0,795.74375,44.63958333333333,16.085416666666667,2024-07-04,0.1275978088378906,794.4170717840608,2827.086550624901,0.18502371255984812,0.13729713559787166,0.18529713559787167,0.0002734230380235514,2748.048958232457,R5,1.0355484323113688e-05,0.16597133469630337,0.019325800901568296,0.1305208333333333,0.1032916666666666,20.941666666666663,18.666666666666668
475,2024-07-05,2024-07-05,5307.729166666667,0.0097071250627968,103.0265928481084,2369.2540051468086,0.1208876257277073,2305.975187338064,0.1145909627278645,5.083505048410368e-06,797.6645833333333,0.1820625,0.1655833333333333,0.1637137176363884,0.0653355007989784,0.0338298295761018,23.675,22.402083333333334,0.0,797.6645833333333,46.96875,14.554166666666667,2024-07-05,0.1145909627278645,781.6747316235111,2884.1370392242593,0.17126728696229504,0.13110951163917814,0.17910951163917815,0.007842224676883114,2807.1065554331326,R5,1.0484693779921587e-05,0.15468010688820472,0.024429404750973438,0.1305,0.1025625,21.102083333333333,18.697916666666668
476,2024-07-06,2024-07-06,5547.770833333333,0.0094947103074786,105.33083756547138,2427.2360782441224,0.1043920456351844,2361.1548701727297,0.1016832987467448,5.1855788420195225e-06,795.4020833333334,0.1645416666666666,0.161375,0.1545318154935475,0.0546028355394415,0.0282726021547554,23.879166666666663,22.58333333333333,0.0,795.4020833333334,45.7875,15.095833333333331,2024-07-06,0.1016832987467448,775.4714221585143,2954.719697000798,0.1558999843947308,0.12375622003205494,0.17175622003205496,0.015856235637324162,2874.277811334943,R5,1.0274547159353396e-05,0.14309560043573988,0.02866061959631508,0.1301458333333333,0.1014166666666666,21.225,18.766666666666666
477,2024-07-07,2024-07-07,5704.104166666667,0.0093632670091428,106.80624868055598,2466.502736914828,0.0939169969091398,2397.6790141662887,0.0936533610026041,5.318505355528913e-06,793.2979166666668,0.1478541666666666,0.1558958333333333,0.1452697578152484,0.0437764769996464,0.0226668616331067,24.579166666666666,22.964583333333334,0.0,793.2979166666668,43.99583333333334,16.285416666666666,2024-07-07,0.0936533610026041,770.1033425862917,3002.519732131156,0.1463970694396327,0.11633873616749095,0.16433873616749095,0.01794166672785824,2918.739332256275,R5,1.0160063443168153e-05,0.13610579274501214,0.028232943422478812,0.1297291666666666,0.1,21.472916666666663,18.85833333333333
478,2024-07-08,2024-07-08,5691.229166666667,0.0093745090041368,106.68315755153716,2491.477067323059,0.0879374675823352,2417.9809944634485,0.089691162109375,5.632064748941505e-06,794.9625,0.1340208333333333,0.1495416666666666,0.1369194101686715,0.0340158103428635,0.0176129218069767,25.010416666666668,23.28333333333333,0.0,794.9625,47.77916666666667,15.772916666666667,2024-07-08,0.089691162109375,766.186890963937,3032.921449804201,0.14069233441965806,0.10965139183394126,0.15765139183394128,0.01695905741428322,2943.453311094104,R5,1.1810844496723303e-05,0.13239092991637363,0.025260461917567645,0.1290416666666666,0.0987291666666666,21.79375,19.03125
479,2024-07-09,2024-07-09,5778.520833333333,0.0093031062996236,107.4994405718424,2545.071594813942,0.075461837659511,2464.756094396602,0.0806376139322916,6.033370018323628e-06,795.74375,0.1236041666666666,0.1444375,0.1304354325513549,0.02643673138576,0.0136885782827492,25.6625,23.76875,0.0,795.74375,48.8625,16.572916666666668,2024-07-09,0.0806376139322916,764.2448966450091,3098.163066574877,0.12925298727538675,0.10445872288011629,0.1524587228801163,0.02320573560472955,3000.393511654096,R5,1.3063980777925251e-05,0.1243746469703642,0.028084075909752107,0.1281458333333333,0.0973125,22.13125,19.227083333333333
480,2024-07-10,2024-07-10,5735.416666666667,0.0093378498496252,107.09833246011964,2564.179195304915,0.0711359243969871,2477.0784349858795,0.0783055623372395,6.5140463555746216e-06,797.5041666666666,0.1150625,0.1402291666666666,0.125039136318082,0.0201290360725208,0.0104225398372584,25.679166666666664,23.995833333333334,0.0,797.5041666666666,50.625,16.820833333333333,2024-07-10,0.0783055623372395,759.4020157116721,3121.4231046235627,0.1254182408409354,0.10013711944932663,0.14813711944932664,0.022718878608391252,3015.3937264163246,R5,1.4403008267734198e-05,0.12237057623386184,0.0257665432154648,0.1271875,0.095375,22.45833333333333,19.45208333333333
481,2024-07-11,2024-07-11,5779.0625,0.0093025400741826,107.50499389267344,2611.090830212952,0.0614838356091486,2519.4405059444125,0.0710398356119791,6.738662984553141e-06,797.50625,0.1096249999999999,0.1369166666666666,0.1211839001001987,0.0156226757150163,0.0080892080185902,26.11875,23.960416666666664,0.0,797.50625,50.71666666666667,17.958333333333332,2024-07-11,0.0710398356119791,770.0767310651914,3178.5295117521014,0.11649519417468017,0.09704966810390556,0.14504966810390557,0.028554473929225402,3066.9618645916066,R5,1.5442876008186745e-05,0.1158206865096834,0.029228981594222173,0.12575,0.0927916666666666,22.42083333333333,19.61458333333333
482,2024-07-14,2024-07-14,5645.0,0.0094133153418389,106.24726495021362,2657.196330764129,0.0529105081094953,2572.1215863273524,0.062878926595052,6.1221164866065655e-06,804.8312500000001,0.0968333333333333,0.1328333333333333,0.1134478508420715,0.0065800584199164,0.0034070643405866,28.54583333333333,26.366666666666664,0.0,804.8312500000001,32.725,22.925,2024-07-14,0.062878926595052,752.6387503097135,3234.6545965099026,0.10834814619405304,0.09085428231160196,0.13885428231160196,0.030506136117548918,3131.091525180435,R5,8.052248253272877e-06,0.10834208107834535,0.03051220123325661,0.123125,0.0854583333333333,24.3375,20.48125
483,2024-07-15,2024-07-15,5665.5625,0.0093955579978867,106.44291491646123,2666.3144604761183,0.0508356246831598,2558.3394167803963,0.0647315979003906,7.8171022693986e-06,804.0104166666666,0.0934166666666666,0.1295,0.110497611272417,0.003131542715441,0.0016214700289755,27.03333333333333,25.29583333333333,0.2436,804.0104166666666,45.85,21.0,2024-07-15,0.0647315979003906,770.4195921622699,3245.7542656773585,0.10680438031487975,0.08849159410941305,0.13649159410941306,0.029687213794533304,3114.314233431684,R5,1.4336232239858791e-05,0.11024839226672563,0.026243201842687428,0.1217083333333333,0.0835,23.945833333333336,20.6625
484,2024-07-16,2024-07-16,5511.75,0.0095301293068318,104.97194119496696,2586.8219270663853,0.0670651391608714,2469.749991924619,0.0805257161458333,8.805368751644894e-06,803.1083333333332,0.0944583333333333,0.12725,0.1098354769824521,0.0023575782818738,0.0012207218206454,26.20833333333333,24.88125,3.4858,803.1083333333332,57.775,19.325,2024-07-16,0.0805257161458333,809.0517948690375,3148.986523826659,0.12102706087764296,0.08796132636734355,0.13596132636734357,0.014934265489700602,3006.472676150328,R5,2.290943922299823e-05,0.12359257058538767,0.012368755781955898,0.120125,0.08175,23.683333333333334,20.758333333333333
485,2024-07-17,2024-07-17,5532.479166666667,0.0095080742117207,105.18464404409974,2605.9080144039053,0.0624775290958109,2506.9262016434323,0.0731226603190104,7.315405296593837e-06,804.8666666666667,0.1014583333333333,0.123625,0.1112346726814815,0.003993088967639,0.0020675669062836,23.93541666666667,22.816666666666663,1.9627,804.8666666666667,54.63333333333333,17.683333333333334,2024-07-17,0.0731226603190104,783.2120946140261,3172.2203735128596,0.11744833571230955,0.08908186695145529,0.1370818669514553,0.019633531239145754,3051.7279688268745,R5,1.82071790947442e-05,0.11772699769806369,0.01935486925339161,0.1180833333333333,0.0799583333333333,22.2875,20.61875
486,2024-07-18,2024-07-18,5671.0625,0.0093910223171617,106.49450541079835,2635.2315000394174,0.0567270431262274,2541.2861748864484,0.0674730936686198,6.849368358805628e-06,804.1875,0.1104166666666666,0.1255833333333333,0.115775846138296,0.0093012368698125,0.0048160533600384,26.164583333333336,24.59583333333333,0.0,804.1875,42.43333333333333,20.683333333333334,2024-07-18,0.0674730936686198,768.8332925251692,3207.9163988680225,0.11215668991375204,0.0927186485406079,0.14071864854060792,0.028561958626855885,3093.555004375474,R5,1.194938174315589e-05,0.11264350119571626,0.028075147344891666,0.1182916666666666,0.078,22.883333333333336,20.3125
487,2024-07-19,2024-07-19,5636.625,0.0094193415546607,106.17187907146304,2643.2370622274707,0.055205760340178,2534.912730808355,0.0684916178385416,7.914275350824536e-06,804.84375,0.1082916666666666,0.1251666666666666,0.1145941264173258,0.0079199324300069,0.0041008327951098,25.51914893617021,24.45833333333333,0.278,804.84375,48.61666666666667,20.141666666666666,2024-07-19,0.0684916178385416,766.7596086906877,3217.661718861666,0.11075363291014416,0.0917722727710777,0.13977227277107773,0.029018639860933573,3085.796492163139,R5,1.5693684025766168e-05,0.11357221690287589,0.026200055868201844,0.1180833333333333,0.0760416666666666,23.14375,20.35625
488,2024-07-20,2024-07-20,5605.416666666667,0.0094457613533491,105.87668552673236,2630.056221958288,0.0577934574395861,2528.855041590773,0.0694986979166666,7.41013347817359e-06,804.7291666666666,0.1045,0.125125,0.1127429862806045,0.0057561468519376,0.0029804541885307,26.46666666666667,24.56458333333333,0.38009998,804.7291666666666,48.21666666666667,19.675,2024-07-20,0.0694986979166666,756.8304634334345,3201.6164364454007,0.11307302930040257,0.09028979419319666,0.13828979419319667,0.025216764892794105,3078.4223542249597,R5,1.504226374682427e-05,0.11445205283597448,0.023837741357222192,0.11725,0.0755833333333333,23.02083333333333,20.4625
489,2024-07-21,2024-07-21,5695.3125,0.0093707298542932,106.7230142803199,2636.565252867524,0.0564132573130908,2547.313068698473,0.0664329528808593,6.490281718412256e-06,803.5604166666667,0.0999166666666666,0.1258333333333333,0.1109278371590169,0.0036344309356628,0.0018818586779931,27.5625,25.58333333333333,0.0,803.5604166666667,41.48333333333333,19.8,2024-07-21,0.0664329528808593,752.7271583599799,3209.5400010332423,0.11192172654231737,0.0888361388836752,0.1368361388836752,0.02491441234135784,3100.8916544927565,R5,1.0912250858512106e-05,0.11181254503667869,0.025023593846996525,0.1173333333333333,0.0739583333333333,23.71666666666667,20.59375
490,2024-07-22,2024-07-22,5735.916666666667,0.0093370441771783,107.10452040848216,2642.3570932322978,0.0552738245255824,2556.992424639409,0.0648727416992187,6.182653418638355e-06,803.4333333333334,0.0946666666666666,0.1247916666666666,0.1081185187007378,0.0003506369950297,0.0001815550449583,27.09583333333333,25.25208333333333,0.0,803.4333333333334,45.85,17.616666666666667,2024-07-22,0.0648727416992187,744.7369166137112,3216.5905162101844,0.11090700806814123,0.08658630682059806,0.13458630682059808,0.023679298752456848,3112.6745148042487,R5,1.2026505934548208e-05,0.11044391136296976,0.02414239545762832,0.1168333333333333,0.072125,23.785416666666663,20.9
491,2024-07-23,2024-07-23,5729.083333333333,0.0093431717537136,107.03856290438908,2651.8003217609694,0.0534708121897837,2571.101789903813,0.0626996358235677,5.815473286061177e-06,803.5375,0.0911666666666666,0.1232916666666666,0.1059735583508296,0.0021565931052706,0.0011166544424412,26.8125,25.03333333333333,0.0,803.5375,39.625,19.3,2024-07-23,0.0626996358235677,743.5191856594815,3228.0859342237177,0.10927189325160304,0.0848685234361509,0.1328685234361509,0.02359663018454787,3129.850107995444,R5,9.690401799493398e-06,0.10848872040052844,0.02437980303562247,0.1162916666666666,0.071875,23.70208333333333,20.975
492,2024-07-24,2024-07-24,5609.583333333333,0.0094419498194577,105.91716235481232,2669.40002177791,0.0501940024552295,2588.2230847160467,0.060095469156901,5.808749810116982e-06,805.3916666666668,0.0889583333333333,0.1221666666666666,0.1044985212112959,0.0038807543539661,0.0020094015782525,26.12954545454545,25.235416666666666,0.0,805.3916666666668,36.975,20.258333333333333,2024-07-24,0.060095469156901,745.2867928633381,3249.5103769334596,0.10628679374971516,0.08368724552122722,0.13168724552122724,0.02540045177151208,3150.692179136897,R5,8.886388161533219e-06,0.10619137101965988,0.02549587450156736,0.1157083333333333,0.0712916666666666,23.722916666666663,21.0
493,2024-07-25,2024-07-25,5536.791666666667,0.009503906257886,105.22735908102582,2629.0715414060064,0.0579890039737198,2536.5198124717986,0.0682868957519531,6.759405283854461e-06,805.63125,0.0872083333333333,0.122,0.1036449972582815,0.0048784329107826,0.0025259859027942,27.64782608695652,26.1,0.0,805.63125,39.725,21.45,2024-07-25,0.0682868957519531,737.2473914395683,3200.4177664646936,0.11324821549675261,0.08300370409129891,0.1310037040912989,0.0177554885945463,3087.75282261168,R5,1.0824385050082605e-05,0.11332781803257072,0.01767588605872819,0.1157916666666666,0.07,24.25208333333333,21.2375
494,2024-07-26,2024-07-26,5562.833333333333,0.0094817844518402,105.47397466339272,2600.5369568273904,0.0635851715921731,2493.6502250583894,0.0754267374674479,7.941245171960654e-06,802.7145833333334,0.0845833333333333,0.1196666666666666,0.1015750006928533,0.0072980383345297,0.0037788245299691,26.570212765957447,25.322916666666668,0.2395,802.7145833333334,46.35833333333333,20.53333333333333,2024-07-26,0.0754267374674479,781.7655658864272,3165.6820850631702,0.11844441276256125,0.08134595517015569,0.1293459551701557,0.010901542407594458,3035.5668752009406,R5,1.4365119046617586e-05,0.11977994820862709,0.009566006961528623,0.1150416666666666,0.07,24.1875,21.3375
495,2024-07-27,2024-07-27,5203.666666666667,0.0098070812840066,101.9997554250452,2403.983733787332,0.1121259407662454,2284.032973808873,0.1213582356770833,9.725694034480303e-06,799.5041666666666,0.1129166666666666,0.1165833333333333,0.1125727945384486,0.0055572108395427,0.0028774478395539,23.87291666666667,23.6375,8.6098995,799.5041666666666,63.34166666666667,19.10833333333333,2024-07-27,0.1213582356770833,834.8796854565064,2926.414184906718,0.16186016475274528,0.09015349678011951,0.1381534967801195,-0.023706667972625772,2780.395890124714,R5,2.886656272822586e-05,0.1596658438424301,-0.02151234706231059,0.1131666666666666,0.0694583333333333,23.116666666666664,21.34375
496,2024-07-28,2024-07-28,5463.416666666667,0.0095682931720134,104.52497305110975,2442.4850358977915,0.1003784838383988,2365.5349644115936,0.1009178161621093,6.046251083611508e-06,797.4854166666668,0.1574583333333333,0.1165416666666666,0.1318773428509918,0.0281221708883306,0.014561275827507,24.160416666666663,23.1625,0.7668,797.4854166666668,40.44166666666667,20.3,2024-07-28,0.1009178161621093,812.8941280010015,2973.2825372378393,0.15212866912254525,0.10561347129058715,0.15361347129058717,0.001484802168041921,2879.609781652249,R5,1.0620151294442549e-05,0.14221576450264128,0.011397706787945883,0.1125,0.068,22.370833333333334,21.008333333333336
497,2024-07-29,2024-07-29,5560.604166666667,0.0094835396840674,105.45338022236535,2526.97238159212,0.0794746410292048,2464.200573316545,0.0806922912597656,4.71784477718862e-06,800.3854166666666,0.1534166666666666,0.1192916666666666,0.1310711343866336,0.0271797990962168,0.0140733285900224,24.87291666666667,23.82708333333333,0.0,800.3854166666666,31.616666666666664,19.616666666666667,2024-07-29,0.0806922912597656,788.9232359419915,3076.130557134996,0.13299990621655716,0.10496782229081218,0.15296782229081218,0.01996791607425502,2999.717265494089,R5,6.494665541146445e-06,0.12447240651848626,0.02849541577232592,0.11275,0.068,22.71666666666667,20.69375
498,2024-07-30,2024-07-30,5583.520833333333,0.0094643332535422,105.66941904271437,2561.715733939096,0.0719356421408995,2503.0200966796115,0.0739771525065104,4.346886204849726e-06,800.3645833333334,0.1434583333333333,0.1219166666666666,0.1276970590732693,0.023235864567679,0.0120312131806641,25.59166666666667,24.320833333333336,0.0,800.3645833333334,28.008333333333336,19.941666666666663,2024-07-30,0.0739771525065104,761.235547541987,3118.4242872091268,0.12590586334688292,0.10226570683612854,0.15026570683612855,0.024359843489245636,3046.9729944844103,R5,5.427491486032038e-06,0.11831355498679609,0.031952151849332464,0.1133333333333333,0.068,22.960416666666664,20.6375
499,2024-07-31,2024-07-31,5543.729166666667,0.0094982668290312,105.29211036043404,2561.206009826729,0.0719883377807795,2505.0486986102496,0.07354736328125,4.151976115588581e-06,801.1895833333333,0.130125,0.1235416666666666,0.1224725214272742,0.0171289367418325,0.0088691293968788,25.822916666666668,24.535416666666663,0.0,801.1895833333333,28.09166666666667,19.75,2024-07-31,0.07354736328125,750.5032528805815,3117.8037905510773,0.12600700625058064,0.09808165562040641,0.14608165562040643,0.02007464936982578,3049.442449407051,R5,5.400032509383601e-06,0.1180202763424299,0.028061379277976528,0.1137083333333333,0.068,23.210416666666664,20.75625
500,2024-08-01,2024-08-01,5332.125,0.0096850539653935,103.26252250031342,2595.0196458812275,0.0648088291258669,2538.6171587433573,0.0679092407226562,4.114430740471048e-06,804.7354166666668,0.1182916666666666,0.1237499999999999,0.1173450974096105,0.0111355243999027,0.0057658223796016,25.28,24.602083333333336,0.0,804.7354166666668,26.96666666666667,20.45833333333333,2024-08-01,0.0679092407226562,751.1939884604261,3158.9657596619345,0.11947654072469828,0.09397537748667072,0.14197537748667072,0.022498836761972438,3090.3059613012174,R5,5.256616120346689e-06,0.11303453938820451,0.028940838098466204,0.113625,0.068,23.28125,20.866666666666667
501,2024-08-02,2024-08-02,5244.583333333333,0.0097661854214809,102.40914355033918,2595.212935969331,0.0646833350628903,2527.585967603108,0.0697224934895833,4.965949075341476e-06,806.3729166666667,0.1093333333333333,0.123875,0.1135111924004343,0.0066540979525044,0.003445400998892,26.03720930232558,25.5125,0.0,806.3729166666667,29.125,22.133333333333336,2024-08-02,0.0697224934895833,747.89017179681,3159.201055287141,0.11944022754176493,0.09090500915907271,0.13890500915907272,0.01946478161730779,3076.8774868171645,R5,6.404233279701178e-06,0.11464757193221861,0.02425743722685411,0.113875,0.0679583333333333,23.775,20.96666666666667
502,2024-08-03,2024-08-03,5351.041666666667,0.0096674577585175,103.44718800408818,2606.757498121321,0.0623272538703974,2532.3841387530347,0.0688616434733073,5.440827832766002e-06,804.6374999999999,0.1014999999999999,0.1237083333333333,0.110037203935934,0.0025933755961847,0.0013428144480852,26.781395348837208,26.129166666666663,0.0,804.6374999999999,30.191666666666663,22.525,2024-08-03,0.0688616434733073,745.8789503497889,3173.254465867793,0.11729157466405037,0.08812287863515175,0.13612287863515177,0.0188313039711014,3082.718389947001,R5,6.90666187798906e-06,0.11396325509536415,0.02215962353978762,0.1141249999999999,0.0669583333333333,24.35833333333333,21.28125
503,2024-08-04,2024-08-04,5475.666666666667,0.0095568554157965,104.64471062337016,2603.583827469728,0.0629991729908961,2509.673539299605,0.0727094014485677,6.935427236126279e-06,802.24375,0.0951999999999999,0.12265,0.1069729749165111,0.0009883816293229,0.0005117705025177,27.716216216216218,26.2875,0.0,802.24375,32.233333333333334,24.65833333333333,2024-08-04,0.0727094014485677,785.9828350041058,3169.391097458718,0.117878317193701,0.08566890241319931,0.13366890241319931,0.015790585219498318,3055.0723541381208,R5,8.437380864297437e-06,0.1172870797315144,0.01638182268168492,0.11455,0.066,24.895,21.6175
504,2024-08-05,2024-08-05,4441.083333333333,0.0106226650803236,94.20788091245436,2189.1892104870017,0.189728715841155,2071.7158804218843,0.1935933430989583,1.0533344755344668e-05,804.6270833333333,0.255625,0.13275,0.1803196466403226,0.084746062417937,0.0438803531584672,24.267391304347825,24.366666666666664,6.298,804.6270833333333,71.35833333333333,18.491666666666667,2024-08-05,0.1935933430989583,821.1816379466284,2664.9408101114254,0.23248203896556818,0.1444083070819417,0.1924083070819417,-0.04007373188362648,2521.9383369169873,R5,3.899216182811103e-05,0.22218307486649141,-0.02977476778454971,0.11325,0.066,24.116666666666664,21.81875
505,2024-08-06,2024-08-06,4580.708333333333,0.0104496507943811,95.7091448869172,2239.005220289245,0.1657333692849162,2137.783084947044,0.1646525065104166,8.77202895621391e-06,805.2583333333333,0.2475416666666666,0.1687916666666666,0.188566946595334,0.094386277303166,0.0488719247031273,24.210416666666664,23.195833333333336,0.87409997,805.2583333333333,51.14166666666667,21.166666666666668,2024-08-06,0.1646525065104166,815.396254687786,2725.5827669066425,0.2130733815036991,0.15101312606140527,0.19901312606140528,-0.014060255442293806,2602.3631758051292,R5,1.856548003389176e-05,0.19940510015405,-0.0003919740926447146,0.1121666666666666,0.066,22.808333333333334,21.39375
506,2024-08-07,2024-08-07,4747.083333333333,0.0102660078238334,97.42826914711766,2277.086840282585,0.1515856450631561,2176.53860811646,0.1516863505045572,8.560255965434059e-06,803.2979166666668,0.227125,0.1799583333333333,0.1834968317074015,0.0884598532275183,0.0458033032948102,24.791666666666668,24.10625,0.4129,803.2979166666668,47.175,22.10833333333333,2024-08-07,0.1516863505045572,815.6803297160887,2771.9402323779946,0.1996388668818524,0.14695274372748404,0.19495274372748406,-0.004686123154368338,2649.5409961674086,R5,1.6084565367742403e-05,0.18757619483128,0.007376548896204066,0.1129583333333333,0.066,23.27916666666667,21.2625
507,2024-08-08,2024-08-08,4742.020833333333,0.0102718746560331,97.37499835188352,2267.0637880136687,0.1555573904014223,2167.2416438405,0.1551106770833333,8.543077806436259e-06,802.6999999999999,0.216875,0.1765416666666666,0.1776959665850288,0.0816792599903434,0.0422924047659344,22.03125,21.90833333333333,1.1852,802.6999999999999,62.6,17.608333333333334,2024-08-08,0.1551106770833333,820.5579376455756,2759.7389841234535,0.2030669720751328,0.14230714283185097,0.190307142831851,-0.012759829243281812,2638.2236283535763,R5,2.5768753427613966e-05,0.19031346217869785,-6.319346846861418e-06,0.1120416666666666,0.066,22.20833333333333,21.05
508,2024-08-09,2024-08-09,4822.625,0.0101836075402377,98.20581545570444,2312.3002770735834,0.13909824961552,2211.1092847820623,0.1406275431315104,8.47965905190324e-06,802.7687500000001,0.2129166666666666,0.1740833333333333,0.1750006258871398,0.0785286939071049,0.0406610846970466,21.43958333333333,21.40833333333333,0.0,802.7687500000001,56.05,18.266666666666666,2024-08-09,0.1406275431315104,819.4461765460054,2814.806205003419,0.18815957054471383,0.140148589427143,0.18814858942714302,-1.0981117570807442e-05,2691.6245249176877,R5,2.0049654111959527e-05,0.17789799956719543,0.01025058985994759,0.1112916666666666,0.066,21.447916666666668,20.61875
509,2024-08-10,2024-08-10,4677.625,0.0103412249231778,96.71509259792464,2283.488889165434,0.1491322338141908,2171.472799462046,0.1531867980957031,9.558908533762988e-06,804.3791666666666,0.2117916666666666,0.170125,0.1730225090301883,0.0762164860726465,0.0394638550741357,20.04375,19.572916666666668,6.8099,804.3791666666666,73.3,16.224999999999998,2024-08-10,0.1531867980957031,829.7761181388399,2779.7335657520603,0.19748763417461412,0.13856442202306413,0.18656442202306414,-0.010923212151549982,2643.3742929173227,R5,3.6992985895618014e-05,0.189091467827172,-0.002527045804107869,0.1104166666666666,0.066,20.1125,20.14375
510,2024-08-13,2024-08-13,4404.854166666667,0.0106564320350452,93.85340014066088,2199.08774349935,0.1848810533725966,2084.4701673187515,0.1870587666829427,1.0170718591733392e-05,802.1770833333334,0.283,0.2868333333333333,0.2442482047298969,0.1594717351409066,0.0825722854504616,19.597916666666663,20.17708333333333,1.3849,802.1770833333334,74.97500000000001,16.25,2024-08-13,0.1870587666829427,816.6004087878811,2676.990478755176,0.22844481022589475,0.19560525106397694,0.24360525106397696,0.015160440838082212,2537.4643679665232,R5,3.960187137072645e-05,0.21749061655663224,0.02611463450734472,0.1167083333333333,0.066,20.477083333333333,19.54375
511,2024-08-16,2024-08-16,4638.125,0.010384275658392,96.30867203571832,2277.4647863237137,0.1582858229072326,2193.421812164192,0.1521390279134114,7.097879282478828e-06,802.1625,0.289125,0.296,0.2597053423302112,0.1775394820144804,0.0919275179057504,21.385416666666668,20.0875,0.0,802.1625,46.0,19.325,2024-08-16,0.1521390279134114,789.7633221139096,2772.4003131349245,0.19951104615755544,0.20798404125563247,0.25598404125563246,0.05647299509807702,2670.0932349856466,R5,1.3288537024174e-05,0.1827370971992377,0.07324694405639476,0.1676666666666666,0.064,19.433333333333334,18.866666666666664
512,2024-08-17,2024-08-17,4697.916666666667,0.0103175626046893,96.92876736323024,2245.5340160331475,0.1629543348688504,2168.104330739889,0.1541061401367187,6.619870402352057e-06,803.4541666666668,0.2732916666666666,0.2835833333333333,0.249652940383444,0.1657892952372133,0.0858434317458334,21.847916666666663,20.93125,0.0,803.4541666666668,43.325,18.775,2024-08-17,0.1541061401367187,791.4156299239794,2733.530391595939,0.21068924730084848,0.19993361317257716,0.24793361317257717,0.03724436587172869,2639.2737931878983,R5,1.1334323692364218e-05,0.19006906330839268,0.05786454986418449,0.1727916666666666,0.0647083333333333,20.31458333333333,18.83333333333333
513,2024-08-18,2024-08-18,4462.5,0.0105873055773934,94.4657260506363,2217.2143612190844,0.1743979301522025,2104.829311388836,0.1768124898274739,9.895274264871652e-06,805.4770833333333,0.2639166666666667,0.2725,0.2420819321748163,0.156939593343607,0.0812611770267468,21.48333333333333,20.791666666666668,3.3292,805.4770833333333,68.45833333333333,17.733333333333334,2024-08-18,0.1768124898274739,793.7018578653939,2699.056348200907,0.221289794013246,0.19387039988061563,0.24187039988061565,0.02058060586736965,2562.2479333300835,R5,3.321180829455067e-05,0.21030528976966037,0.03156511011095528,0.1738333333333333,0.0652916666666666,20.320833333333333,19.0
514,2024-08-19,2024-08-19,4585.166666666667,0.0104446180368816,95.75559653145432,2260.964282964362,0.1575929486164311,2150.845625664229,0.1602083841959635,9.478918944077337e-06,805.7041666666668,0.2577083333333334,0.2652083333333333,0.2368913908009588,0.1508724035375356,0.0781196690466248,21.04042553191489,20.602083333333333,0.6289,805.7041666666668,64.83333333333333,17.7,2024-08-19,0.1602083841959635,793.0110388518696,2752.313942994294,0.20518994305493965,0.18971357445086834,0.23771357445086835,0.032523631395928704,2618.2644499728494,R5,2.8489589499237962e-05,0.1952991991329232,0.04241437531794515,0.1734583333333333,0.066,20.2,19.05625
515,2024-08-20,2024-08-20,4715.916666666667,0.0102979573172604,97.11396318772798,2288.209364447712,0.1474324375644947,2185.7646920106017,0.1484222412109375,8.679021866563604e-06,805.6125000000001,0.2467916666666666,0.2564166666666667,0.228953781048404,0.1415941835010228,0.0733155334883693,20.08125,19.80625,1.4368,805.6125000000001,57.84166666666667,18.05,2024-08-20,0.1484222412109375,794.663455344761,2785.4798882547484,0.19592019500168134,0.18335676969886067,0.23135676969886068,0.03543657469717934,2660.772079971965,R5,2.146134049683969e-05,0.1849366870319842,0.04642008266687647,0.17225,0.066,19.791666666666668,18.9875
516,2024-08-21,2024-08-21,4746.520833333333,0.01026811651657,97.41784225446077,2282.8883238637463,0.1501074753714818,2174.1472573670667,0.1534703572591146,9.299179688370893e-06,804.7916666666666,0.24075,0.2492916666666666,0.2236410504051085,0.1353841674584283,0.0701000720345387,20.4375,19.841666666666665,2.5867999,804.7916666666666,60.86666666666667,18.591666666666665,2024-08-21,0.1534703572591146,826.0352205031442,2779.0024864218963,0.1976881865210377,0.1791020894547774,0.22710208945477742,0.029413902933739716,2646.6299603497546,R5,2.5245061077488126e-05,0.18830939144219547,0.03879269801258195,0.1707083333333333,0.066,19.479166666666668,18.85833333333333
517,2024-08-22,2024-08-22,4630.770833333333,0.0103940518889743,96.22755286120542,2228.1979927913862,0.1709205755376341,2106.809508664081,0.1768887837727864,1.0674599389295406e-05,804.1958333333333,0.2711666666666666,0.2537083333333333,0.2381551558021935,0.1523496101679227,0.0788845464554387,18.491666666666667,18.841666666666665,11.5455,804.1958333333333,80.63333333333334,15.716666666666669,2024-08-22,0.1768887837727864,819.2861312262817,2712.426927536872,0.21709753128315412,0.19072565587282087,0.23872565587282088,0.02162812458966676,2564.6584643639444,R5,4.771406486502565e-05,0.2096209729328059,0.029104682940014975,0.1692916666666667,0.066,19.15833333333333,18.65833333333333
518,2024-08-23,2024-08-23,4594.520833333333,0.0104329892968835,95.85626731019202,2206.111327906426,0.1788531872633759,2086.1744914580577,0.1838213602701822,1.0647670336129392e-05,802.525,0.2808333333333333,0.268125,0.2467356178278537,0.1623792560148219,0.0840777600309067,17.772916666666667,17.872916666666665,1.5443,802.525,82.20833333333333,15.408333333333331,2024-08-23,0.1838213602701822,825.0055173561074,2685.5404189019737,0.22563659578029438,0.19759728643661653,0.24559728643661655,0.019960690656322166,2539.539073492541,R5,4.9658045156948775e-05,0.21690405926789982,0.028693227168716723,0.1672916666666667,0.06425,18.210416666666667,18.4125
519,2024-08-24,2024-08-24,4620.708333333333,0.0104037511031572,96.12789962507829,2213.828124734296,0.1756203167284705,2102.584800433355,0.1774775187174479,9.804144208359182e-06,803.275,0.286,0.2710416666666667,0.2500952222952198,0.1663062756662782,0.0861111171480354,18.027083333333334,18.008333333333333,4.7114997,803.275,75.38333333333334,15.85,2024-08-24,0.1774775187174479,833.8380392260143,2694.9342194430214,0.22260369112854334,0.20028781296900813,0.24828781296900815,0.025684121840464813,2559.5156483291576,R5,3.925506914934092e-05,0.21108736615463689,0.03720044681437126,0.168,0.064,18.035416666666663,18.125
520,2024-08-25,2024-08-25,4551.708333333333,0.0104842884395222,95.40151239764393,2199.138811382621,0.1819978470323051,2094.811226497467,0.1807416280110677,9.231003005230329e-06,804.3708333333334,0.2967083333333333,0.282125,0.258736332060585,0.176406812258785,0.0913410369829351,17.14375,17.341666666666665,1.6888,804.3708333333334,74.44166666666666,14.75,2024-08-25,0.1807416280110677,831.1473228154214,2677.0526446408667,0.22842422484331298,0.2072080130457899,0.2552080130457899,0.0267837882024769,2550.0527319567723,R5,3.519475443969738e-05,0.21382463350205475,0.04138337954373514,0.169375,0.064,17.70625,17.881249999999998
521,2024-08-26,2024-08-26,4518.4375,0.0105207367433012,95.05842994739707,2189.568901017145,0.185804762231512,2097.93669292033,0.1792221069335937,8.095251992871007e-06,805.7333333333332,0.3074166666666666,0.3035833333333333,0.270886301101748,0.1906088314704809,0.0986946484758114,17.912499999999998,17.1375,4.6762,805.7333333333332,61.98333333333333,16.316666666666666,2024-08-26,0.1792221069335937,819.6366089689263,2665.4030144673325,0.23232542809366935,0.21693826980384637,0.2649382698038464,0.03261284171017703,2553.8574204601787,R5,2.325315627524362e-05,0.21270039869865098,0.0522378711051954,0.1710416666666666,0.064,17.097916666666666,17.562500000000004
522,2024-08-27,2024-08-27,4631.5,0.0103913511975809,96.24094190184296,2250.159463079934,0.1612352340819804,2162.562309066697,0.1559079488118489,7.500831870365781e-06,805.9250000000001,0.288875,0.2928333333333333,0.2603928866633791,0.1783431480810738,0.0923436452138214,19.375,18.235416666666666,0.0,805.9250000000001,57.41666666666666,16.383333333333333,2024-08-27,0.1559079488118489,804.0315415839449,2739.161034457206,0.20902102651395815,0.20853465853470582,0.2565346585347058,0.047513632020747654,2632.5273869582943,R5,1.9115336161237826e-05,0.1917309756264678,0.06480368290823801,0.1772916666666666,0.064,17.8375,17.46875
523,2024-08-28,2024-08-28,4836.729166666667,0.0101710396164023,98.34188713901706,2266.789623856964,0.1557848009980178,2188.4770217671125,0.1481641133626302,6.62780854222588e-06,803.1833333333334,0.2719166666666667,0.280375,0.2491908546563314,0.165249166258146,0.0855637603407395,19.704166666666666,18.81458333333333,0.0,803.1833333333334,50.99166666666667,16.474999999999998,2024-08-28,0.1481641133626302,795.3827241323281,2759.40523898787,0.20316179218972008,0.19956355356552746,0.24756355356552748,0.0444017613758074,2664.0738495147616,R5,1.4349929111962173e-05,0.18415461064700767,0.06340894291851981,0.1792083333333333,0.064,18.47083333333333,17.525000000000002
524,2024-08-29,2024-08-29,5008.395833333333,0.0099928915332998,100.07966566076288,2355.818885514022,0.1252344443529923,2279.306839273738,0.1216316223144531,6.220454208475851e-06,801.8541666666666,0.25725,0.2689583333333333,0.2387998562783802,0.1531031963307823,0.079274743073643,20.475,19.18958333333333,0.0,801.8541666666666,45.84166666666667,17.05,2024-08-29,0.1216316223144531,799.1192233244999,2867.782217801502,0.17508017906586382,0.19124196181105702,0.23924196181105703,0.06416178274519321,2774.642678508091,R5,1.1634975294768338e-05,0.16074119887177282,0.07850076293928421,0.17825,0.064375,18.62708333333333,17.6125
525,2024-08-30,2024-08-30,4972.1875,0.0100294657526777,99.71639262415464,2379.6323021026938,0.117994158624161,2310.159660133955,0.1136995951334635,5.568178196831123e-06,805.4354166666667,0.2422083333333333,0.2572916666666666,0.2279409205784732,0.1404102575334758,0.072702512799417,19.897916666666667,18.820833333333333,0.0,805.4354166666667,46.86666666666667,15.408333333333331,2024-08-30,0.1136995951334635,785.5134451369776,2896.7707334543898,0.16838985334884649,0.18254562422193613,0.23054562422193614,0.062155770873089655,2812.2003921235164,R5,1.1045895265286169e-05,0.15375139118104508,0.07679423304089106,0.176,0.0655,18.6625,17.724999999999998
526,2024-08-31,2024-08-31,5028.041666666667,0.0099732665065807,100.276034242908,2408.144896703376,0.1095611644298204,2347.477954092933,0.1046791076660156,4.786657222870756e-06,805.8000000000001,0.2292083333333333,0.24725,0.2184296380772636,0.129292581730977,0.0669459321796697,20.141666666666666,18.96875,0.0,805.8000000000001,38.641666666666666,16.216666666666665,2024-08-31,0.1046791076660156,771.1069478426105,2931.479646046106,0.16077435865397643,0.17492854960045873,0.22292854960045874,0.06215419094648231,2857.6286465926178,R5,7.746599252822083e-06,0.14583286778315774,0.077095681817301,0.1734583333333333,0.0657916666666666,18.64375,17.7
527,2024-09-01,2024-09-01,5097.083333333333,0.0099060854684164,100.96007453463972,2428.035417696205,0.1043632531652401,2360.0635952451,0.1020164489746093,5.33059083566163e-06,805.0979166666666,0.2172083333333333,0.238625,0.2097844736047071,0.1191873056177989,0.0617135582857266,20.88125,19.647916666666667,0.0,805.0979166666666,37.24166666666667,17.933333333333334,2024-09-01,0.1020164489746093,779.854852946143,2955.692747807363,0.15569965202562114,0.16800510232675683,0.21600510232675685,0.06030545030113571,2872.9493820352914,R5,7.975127204998622e-06,0.143291119531984,0.07271398279477284,0.1707083333333333,0.066,19.01458333333333,17.73125
528,2024-09-02,2024-09-02,5191.020833333333,0.0098155587945591,101.88787578803694,2467.3252097488603,0.0938585606953321,2393.273833503655,0.0946744283040364,5.729501564569367e-06,805.2208333333333,0.2045416666666666,0.2287916666666667,0.2003013679653577,0.1081025655645278,0.0559740313468987,20.125,18.947916666666668,0.0,805.2208333333333,43.225,16.841666666666665,2024-09-02,0.0946744283040364,777.6432137308462,3003.5209436345385,0.1462051463586188,0.16041059303854135,0.20841059303854137,0.06220544667992256,2913.376823767959,R5,1.0117328051639766e-05,0.13688786912998868,0.07152272390855269,0.16725,0.066,18.75208333333333,17.775000000000002
529,2024-09-03,2024-09-03,5211.0,0.0097963347540277,102.08513451047406,2477.3950252441123,0.0913403249494925,2397.6296862877766,0.0937716166178385,6.160984310320789e-06,804.0166666666668,0.1934583333333333,0.2204166666666666,0.192044862528378,0.0984515904517357,0.0509768883034331,21.0375,19.62708333333333,0.0,804.0166666666668,45.875,17.241666666666667,2024-09-03,0.0937716166178385,774.3860614652209,3015.7791176356886,0.1438780112027223,0.1537984018836566,0.2017984018836566,0.0579203906809343,2918.679284510793,R5,1.1784709129129485e-05,0.13610579274501214,0.06569260913864447,0.1640416666666666,0.066,19.1,17.8
530,2024-09-04,2024-09-04,5241.791666666667,0.0097687616937538,102.38198497845224,2513.1534248441235,0.0828410660739917,2428.6927066590047,0.0875701904296875,6.439236021056032e-06,804.6520833333334,0.1771499999999999,0.2093499999999999,0.1803967075684581,0.0848361384319699,0.043926993287744,18.9125,18.44,0.0,804.6520833333334,50.4,15.716666666666669,2024-09-04,0.0875701904296875,781.5754900932798,3059.3084836410794,0.13593903214276137,0.1444700210348112,0.19247002103481123,0.056530988892049855,2956.4928779069496,R5,1.3316935838329977e-05,0.13048461872799333,0.0619854023068179,0.15975,0.066,18.9175,17.9
531,2024-09-05,2024-09-05,4923.770833333333,0.0100800748381874,99.22503561332064,2497.6894509895783,0.0868905512194471,2394.853314614812,0.0948410034179687,7.955830901380463e-06,807.6770833333334,0.1687916666666666,0.202125,0.1736358232709097,0.0769333850704976,0.0398350555795884,18.866666666666667,18.102083333333333,4.7173,807.6770833333334,69.125,14.141666666666666,2024-09-05,0.0948410034179687,773.5796084390146,3040.4839001770006,0.13931174166289034,0.13905559241332388,0.1870555924133239,0.04774385075043355,2915.299555550008,R5,2.7222591750401248e-05,0.13659459048562247,0.05046100192770142,0.1561249999999999,0.066,18.245833333333334,17.84375
532,2024-09-06,2024-09-06,4935.375,0.0100666355178543,99.34709573456888,2513.257533878242,0.0826945177523526,2429.3092437825303,0.0873921712239583,6.401442417071298e-06,808.24375,0.1623333333333333,0.1940833333333333,0.1674830644565816,0.0697414656022274,0.0361111779485711,18.866666666666667,17.727083333333333,0.0453,808.24375,56.78333333333333,14.575,2024-09-06,0.0873921712239583,771.3208849132183,3059.4352175078443,0.135916628982732,0.13412817878527425,0.18212817878527426,0.04621154980254227,2957.2434000333883,R5,1.6531947329384837e-05,0.13038685917987128,0.051741319605402986,0.15275,0.066,17.8625,17.575
533,2024-09-07,2024-09-07,5044.0625,0.0099576714191136,100.43480306525358,2526.033951611932,0.0797631720351381,2444.3902218387866,0.0844866434733073,6.185871477897272e-06,805.1854166666667,0.1560416666666666,0.1868333333333333,0.1617548742301389,0.0630458215747756,0.0326442649597526,19.89583333333333,18.48333333333333,0.0,805.1854166666667,49.13333333333333,16.241666666666667,2024-09-07,0.0844866434733073,763.6731411555828,3074.988188837338,0.13319731827460268,0.12954077930520597,0.17754077930520598,0.0443434610306033,2975.6017555770704,R5,1.2967532912673242e-05,0.1277962311546365,0.04974454815056947,0.1498333333333333,0.066,18.179166666666667,17.4375
534,2024-09-08,2024-09-08,5220.104166666667,0.0097879610869836,102.17366746876928,2567.9245973459733,0.0704164292431595,2488.161301739794,0.0764058430989583,5.93855666375382e-06,802.8416666666667,0.147,0.1784166666666666,0.154274200282806,0.0543017108073718,0.0281166838830272,20.008333333333333,18.685416666666665,0.0,802.8416666666667,47.625,16.066666666666666,2024-09-08,0.0764058430989583,764.0643323767222,3125.9824523042826,0.12468063896484609,0.12354990986477771,0.17154990986477772,0.046869270899931634,3028.8851065875997,R5,1.1942801085875788e-05,0.12061090436766464,0.05093900549711308,0.1460833333333333,0.066,18.433333333333334,17.46875
535,2024-09-09,2024-09-09,5244.8125,0.0097649128892128,102.41506584090206,2621.3484532391403,0.0593784899450151,2543.715797954784,0.0669886271158854,5.651526436803538e-06,803.0833333333334,0.1374166666666666,0.169,0.1460633356065874,0.0447040848808179,0.0231471643192379,19.36458333333333,18.30208333333333,0.0,803.0833333333334,45.89166666666667,15.625,2024-09-09,0.0669886271158854,769.66727126522,3191.0163073594795,0.11463163310469544,0.11697426994054498,0.16497426994054498,0.05034263683584954,3096.5126297999827,R5,1.0688305463321194e-05,0.11230134277728902,0.05267292716325596,0.1415,0.066,18.304166666666667,17.475
536,2024-09-10,2024-09-10,5233.708333333333,0.009775602959405,102.30541576847126,2600.4345722348003,0.0636661125473442,2512.0804267185126,0.072308858235677,6.515654767273818e-06,802.25,0.12975,0.1604583333333333,0.1391670855373033,0.0366431033556125,0.0189732982299148,18.92708333333333,18.016666666666666,0.26639998,802.25,54.225,15.158333333333331,2024-09-10,0.072308858235677,767.6361923656957,3165.5574503912044,0.11846348318231233,0.11145143415268721,0.15945143415268723,0.0409879509703749,3058.002303033019,R5,1.5320576012876193e-05,0.11694492131308716,0.042506512839600066,0.137875,0.066,18.058333333333334,17.41875
537,2024-09-11,2024-09-11,5439.125,0.009589548878375,104.29261924135363,2592.271842563276,0.0652988364469891,2507.285439461446,0.0730527242024739,6.2759866922656695e-06,798.4979166666667,0.1242916666666666,0.1530416666666666,0.1335479604112631,0.0300749448094811,0.0155723954813754,18.854166666666668,17.860416666666666,0.0,798.4979166666667,50.05833333333334,15.425,2024-09-11,0.0730527242024739,770.8659997276083,3155.6208074919305,0.11999398667453164,0.1069513790458156,0.15495137904581563,0.03495739237128399,3052.165275715276,R5,1.2862575826505928e-05,0.11767811792400266,0.037273261121812964,0.1339166666666666,0.066,17.833333333333332,17.3
538,2024-09-12,2024-09-12,5794.916666666667,0.0092908429464088,107.64830700409868,2595.224665209883,0.0650247041327159,2526.409990450072,0.0702018737792968,5.0523375205597054e-06,792.025,0.1200833333333333,0.1463333333333333,0.1287278519077466,0.0244407515586604,0.0126550872011415,19.33333333333333,17.741666666666667,1.183,792.025,37.3,17.625,2024-09-12,0.0702018737792968,760.5496198404638,3159.215333510179,0.11943802434502006,0.1030912133793838,0.1510912133793838,0.031653189034363746,3075.4459479205393,R5,7.861525495368296e-06,0.11479421125440172,0.03629700212498209,0.1300416666666666,0.066,17.575,17.26875
539,2024-09-13,2024-09-13,5716.083333333333,0.0093545023807345,106.91429740410946,2661.596072838766,0.0517342940113284,2603.895142975018,0.0578702290852864,4.103219331607005e-06,795.8083333333334,0.1158333333333333,0.1414583333333333,0.1246678894359324,0.0196950880242,0.0101978474672597,20.20833333333333,18.64583333333333,0.0,795.8083333333334,34.075,15.65,2024-09-13,0.0578702290852864,771.1242523381948,3240.01048450373,0.10760056385868234,0.09983980778773265,0.14783980778773265,0.0402392439290503,3169.770067623057,R5,5.903515001733925e-06,0.1041384205090965,0.04370138727863615,0.1270416666666666,0.066,18.258333333333333,17.21875
540,2024-09-14,2024-09-14,5568.375,0.0094768408161507,105.52732216561007,2657.552436022338,0.0524550673432177,2602.007977847148,0.0581207275390625,3.953950141322411e-06,800.0666666666666,0.1099583333333333,0.1355833333333333,0.119547666310967,0.0137100927585687,0.0070988986970798,18.875,17.595833333333335,0.0,800.0666666666666,37.38333333333333,13.833333333333334,2024-09-14,0.0581207275390625,758.6963340977019,3235.088090074895,0.1082874518451122,0.09573929646168217,0.14373929646168218,0.035451844616569986,3167.4727863553676,R5,6.196725998334076e-06,0.10438281937940166,0.03935647708228052,0.1239583333333333,0.066,17.895833333333332,17.3
541,2024-09-15,2024-09-15,5576.1875,0.0094702793882304,105.60104582049702,2662.21058519094,0.0515396980328206,2597.871926159908,0.0587361653645833,4.594835159676163e-06,799.8916666666668,0.104375,0.1315,0.1151594116089432,0.0085806905870227,0.0044429643402806,16.616666666666667,16.889583333333334,0.0,799.8916666666668,42.54166666666666,12.766666666666666,2024-09-15,0.0587361653645833,760.2479506257828,3240.758541838282,0.10749654709108102,0.09222497927899798,0.140224979278998,0.032728432187916975,3162.4378935826207,R5,7.41529506562145e-06,0.10492049689407303,0.035304482384924965,0.1209166666666666,0.066,17.537499999999998,17.150000000000002
542,2024-09-16,2024-09-16,5511.479166666667,0.00952540396236,104.98765946083574,2634.61951989815,0.0568151835275584,2544.0234163293226,0.0670026143391927,6.598823714227161e-06,798.3416666666667,0.1017083333333333,0.12775,0.1121269809394742,0.0050361022444493,0.0026076249293892,15.597916666666668,15.466666666666669,0.2462,798.3416666666667,57.30833333333334,13.558333333333332,2024-09-16,0.0670026143391927,764.5537340048522,3207.171424040982,0.11226466361193298,0.08979646864535161,0.1377964686453516,0.025531805033418634,3096.887099378181,R5,1.5743161422810812e-05,0.11225246300322798,0.025544005642123627,0.1177083333333333,0.066,16.172916666666666,16.8375
543,2024-09-17,2024-09-17,5428.106382978724,0.0095987697602883,104.18877533492888,2597.081258171651,0.064358963551758,2494.135069390856,0.0754271162317154,7.648521932136034e-06,795.7166666666667,0.1010416666666666,0.1259166666666666,0.1109124982131555,0.0036165013423386,0.001872574979558,15.20625,15.204166666666666,1.2112,795.7166666666667,72.69166666666666,12.241666666666667,2024-09-17,0.0754271162317154,778.3994832705996,3161.4753987105187,0.11908980695419345,0.08882385474689068,0.13682385474689068,0.01773404779269723,3036.157085239412,R5,2.7238946769131527e-05,0.11968218866050502,0.017141666086385662,0.1160833333333333,0.066,15.841666666666669,16.406249999999996
544,2024-09-18,2024-09-18,5489.145833333333,0.0095448656188845,104.77434707355984,2598.934945456884,0.0639927275450049,2542.889252849574,0.0672009785970052,4.080458306375709e-06,795.5729166666666,0.1011666666666666,0.122375,0.1094088945711007,0.0018589488959997,0.0009625383378608,14.091666666666669,13.664583333333333,4.0789,795.5729166666666,45.03333333333333,11.408333333333331,2024-09-18,0.0672009785970052,780.4236369130886,3163.7319267766807,0.1187431650227485,0.08761969945645533,0.13561969945645533,0.016876534433706833,3095.5064610450295,R5,7.486390837199997e-06,0.11244798209947213,0.0231717173569832,0.1141249999999999,0.0659166666666666,14.804166666666667,15.98125
545,2024-09-19,2024-09-19,5483.979166666667,0.0095494909365873,104.72455079423592,2628.574298321565,0.0580202874634585,2575.0371936592005,0.062146504720052,3.849646201214376e-06,798.4125,0.1045416666666666,0.1211666666666666,0.1102049423729824,0.0027894439563123,0.0014443359659012,15.245833333333332,14.15,0.0,798.4125,40.96666666666667,11.908333333333331,2024-09-19,0.062146504720052,765.1120305719292,3199.8124631944575,0.11333678316722452,0.08825721132811142,0.13625721132811142,0.022920428160886894,3134.6407483027133,R5,6.395945754765212e-06,0.10795104288585708,0.028306168442254337,0.1130416666666666,0.064,14.785416666666668,15.6375
546,2024-09-20,2024-09-20,5529.645833333333,0.0095105912933205,105.15740270789274,2638.4666534022267,0.0560794106986365,2576.450437180001,0.0619392395019531,4.460966961685062e-06,797.5895833333334,0.106875,0.1214166666666666,0.1112055338644714,0.0039590287953388,0.0020499310144613,16.575,15.179166666666667,0.0,797.5895833333334,41.6,14.283333333333331,2024-09-20,0.0619392395019531,757.9155347222052,3211.854611326872,0.11158760149426071,0.08905853124004946,0.13705853124004946,0.025470929745788753,3136.361115969046,R5,7.917733792600817e-06,0.10775552378961294,0.029303007450436527,0.1125,0.064,15.25625,15.4
547,2024-09-21,2024-09-21,5580.645833333333,0.0094715648459524,105.62523644290356,2650.800039466504,0.0545398455921042,2587.41145729685,0.0613263448079427,4.577611845426901e-06,796.8937500000001,0.104375,0.1199583333333333,0.1094894734038332,0.0019531369656684,0.0010113076333591,15.010416666666666,14.970833333333331,0.0,796.8937500000001,46.96666666666667,11.666666666666666,2024-09-21,0.0613263448079427,810.633004961183,3226.868271951593,0.10944397253101519,0.08768423070991742,0.13568423070991742,0.02624025817890223,3149.704169959042,R5,8.403725968653711e-06,0.10628913056778196,0.029395100142135464,0.1117916666666666,0.064,15.572916666666666,15.4
548,2024-09-22,2024-09-22,4568.145833333333,0.0104633630663633,95.57982721579748,2245.943385446408,0.1630392796649302,2166.5946987113707,0.1547457377115885,6.782899304708643e-06,800.5895833333334,0.267625,0.2606666666666666,0.2273643948017629,0.1397363603301876,0.0723535780356169,12.245833333333332,12.464583333333332,23.8471,800.5895833333334,81.7,8.700000000000001,2024-09-22,0.1547457377115885,840.6885525697879,2734.0287246091766,0.21054091095156158,0.18208391573395366,0.23008391573395368,0.019543004782392098,2637.436089995421,R5,2.7504707922304747e-05,0.19050898127494198,0.039574934459011696,0.1095833333333333,0.064,13.872916666666669,15.2
549,2024-09-23,2024-09-23,4693.520833333333,0.0103234663261214,96.88003255846525,2292.6310894784315,0.1460086014169538,2221.232415310933,0.1377347310384114,5.953097188180621e-06,800.85,0.2575833333333333,0.2673333333333333,0.2251306319926978,0.137125329617168,0.0710016220092723,12.725,12.254166666666668,0.0,800.85,66.325,10.516666666666667,2024-09-23,0.1377347310384114,833.0915000123658,2790.862536510554,0.19446615277054735,0.18029501523592242,0.22829501523592244,0.03382886246537509,2703.9476003025106,R5,1.802421939950924e-05,0.1752096119938386,0.05308540324208383,0.1092916666666666,0.064,13.297916666666666,14.73125
550,2024-09-24,2024-09-24,4823.5625,0.0101820569818468,98.21717852369524,2319.448237732702,0.1365135089785693,2250.107851462265,0.1291643778483072,5.707082476970567e-06,801.2604166666666,0.241,0.2561666666666666,0.2142502212082329,0.1244072887342157,0.0644163942180911,14.325,13.270833333333334,0.0,801.2604166666666,55.28333333333333,12.708333333333334,2024-09-24,0.1291643778483072,821.8060180003544,2823.507550678935,0.18593091248796495,0.17158147940654747,0.2195814794065475,0.033650566918582536,2739.0982066735023,R5,1.3475414016673374e-05,0.1677798863365616,0.051801593069985885,0.1097916666666666,0.064,13.722916666666668,14.49375
551,2024-09-25,2024-09-25,4901.895833333333,0.0101007562103137,99.01022441993776,2370.566679479261,0.1204778178766517,2295.2126556521525,0.1172459920247395,6.078589724749315e-06,802.0812500000001,0.2270833333333333,0.2459583333333333,0.2049844278960567,0.1135765636364558,0.0588083927523925,14.947916666666666,13.725,0.0,802.0812500000001,54.725,14.033333333333331,2024-09-25,0.1172459920247395,813.3053324967392,2885.734982144031,0.17090011775607739,0.16416100387372037,0.2121610038737204,0.041260886117643,2794.00512510792,R5,1.4509233487812746e-05,0.15707521581719536,0.05508578805652503,0.1109583333333333,0.064,14.0875,14.41875
552,2024-09-26,2024-09-26,4978.333333333333,0.0100226898256951,99.77993446955875,2411.3979186069537,0.1087086596130972,2336.726979184616,0.1072247823079427,5.919628321315891e-06,801.0708333333333,0.2165416666666666,0.2377916666666666,0.1977475013240575,0.1051173675791687,0.0544283366195201,15.845833333333331,14.6,0.0,801.0708333333333,47.39166666666667,16.016666666666666,2024-09-26,0.1072247823079427,811.0697937065414,2935.4396102125206,0.15993143455585102,0.15836533859702817,0.2063653385970282,0.04643390404117717,2844.5412845480714,R5,1.1773891111711577e-05,0.14808133738996526,0.058284001207062924,0.1114583333333333,0.064,14.660416666666668,14.44375
553,2024-09-27,2024-09-27,5035.291666666667,0.0099657911190238,100.34928313311867,2439.833708906643,0.1009204370342112,2369.1508352885025,0.0998344421386718,5.527383625985816e-06,802.7624999999999,0.2055416666666666,0.2290833333333333,0.1901777214988316,0.0962691015348729,0.0498468253635872,15.8125,14.770833333333334,0.0,802.7624999999999,46.9,14.991666666666667,2024-09-27,0.0998344421386718,798.6176624124084,2970.055027497788,0.15277682577615148,0.1523031090512685,0.20030310905126852,0.04752628327511704,2884.0114486337084,R5,1.0764369994324979e-05,0.14153144766578682,0.058771661385481705,0.1122083333333333,0.064,14.929166666666667,14.65625
554,2024-09-28,2024-09-28,5022.8125,0.0099787688662696,100.22283266103533,2462.458116610971,0.0951766685618528,2388.564509504441,0.0957361857096354,5.729355525273016e-06,804.0333333333333,0.19625,0.2209583333333333,0.1834858971992493,0.0884470719525766,0.0457966853252874,16.014583333333334,14.835416666666667,0.0,804.0333333333333,45.80833333333334,16.2,2024-09-28,0.0957361857096354,798.9484115097342,2997.5961404847512,0.14734499548673036,0.14694398686798232,0.19494398686798234,0.04759899138125198,2907.6440759298903,R5,1.10371612882834e-05,0.13776770506308728,0.05717628180489506,0.112625,0.064,15.027083333333332,14.71875
555,2024-09-29,2024-09-29,5144.395833333333,0.0098596895257845,101.43014230863838,2494.854061587706,0.0870051981440097,2419.2493375647423,0.0893351236979166,5.789504828853495e-06,803.18125,0.18725,0.2135833333333333,0.1771553403151397,0.0810473254853829,0.0419651977139543,16.464583333333334,15.291666666666666,0.0,803.18125,45.925,16.258333333333333,2024-09-29,0.0893351236979166,787.701598312013,3037.032327835327,0.1399400029669135,0.14187418432814208,0.1898741843281421,0.0499341813612286,2944.9972887803037,R5,1.1139434533298806e-05,0.13214653104606847,0.05772765328207363,0.1129583333333333,0.064,15.339583333333332,14.800000000000002
556,2024-09-30,2024-09-30,5300.0,0.0097128586235726,102.95630140987,2525.111534148932,0.079666007132096,2458.5469843769624,0.081573486328125,5.013842954648443e-06,800.0,0.188,0.214,0.177822671105451,0.0818273640741603,0.0423690910368557,21.4,18.9,0.0,800.0,24.4,23.0,2024-09-30,0.081573486328125,783.9787429502613,3073.8653128751635,0.1333916684006335,0.14240861366786198,0.190408613667862,0.0570169452672285,2992.8350463526303,R5,5.118025136557337e-06,0.1254011222256459,0.0650074914422161,0.114,0.064,15.7,14.8
557,2023-10-17,2023-10-17,5930.25,0.0091825072817114,108.90485312230196,2439.1021656655707,0.188684115732327,2387.624434044631,0.1852569580078125,3.992809731822937e-06,788.1500000000001,0.1135,0.079,0.0957987763155309,0.0,0.0,11.675,11.025,0.0,788.1500000000001,23.25,19.925,2023-10-17,0.1852569580078125,839.577280284973,3083.234864550299,0.13177922911400353,0.07485418163024524,0.12535418163024525,-0.006425047483758273,3018.1625854486424,R6,4.153212691762949e-06,0.12201261115018343,0.0033415704800618257,0.078,0.131,9.275,9.05
558,2023-10-18,2023-10-18,5923.521739130435,0.0091881598124026,108.8413266991538,2474.4515556593715,0.1752324429195455,2421.7393409511387,0.1737299380095108,4.030947300740896e-06,790.6916666666666,0.1111249999999999,0.0769166666666666,0.0938875692261076,0.0022280200577435,0.0011451466452144,6.6312500000000005,7.20625,0.0,790.6916666666666,44.82708333333333,10.470833333333331,2023-10-18,0.1737299380095108,842.860929871268,3127.9195330335197,0.12436863016613049,0.07336082390578429,0.12386082390578428,-0.0005078062603462163,3061.286761162016,R6,6.80268664604587e-06,0.11652814947477756,0.007332674431006714,0.0769791666666666,0.131125,8.05625,8.762500000000001
559,2023-10-19,2023-10-19,5769.229166666667,0.0093104049452317,107.41373135713236,2492.1729143960583,0.1689143646466202,2436.6613257469994,0.1690266927083333,4.21900653040594e-06,793.9812499999999,0.1102083333333333,0.0766875,0.0933005854152373,0.0029123057698609,0.0014968524051675,6.385416666666667,6.797916666666667,0.0,793.9812499999999,47.00833333333333,10.725,2023-10-19,0.1690266927083333,843.5255575935989,3150.32085425462,0.12081855318080269,0.07290217302857287,0.12340217302857286,0.002583619847770169,3080.1494330166543,R6,7.740848265543196e-06,0.11423898286243424,0.009163190166138618,0.0764166666666666,0.131,7.483333333333333,8.518749999999999
560,2023-10-20,2023-10-20,5864.458333333333,0.0092349806509812,108.29470109681492,2539.30118383772,0.1523628216008828,2492.4579743195272,0.1517740885416666,3.481426738207667e-06,792.9499999999999,0.1076041666666666,0.0764375,0.0920490078931782,0.0043713521695947,0.002246765802069,5.670833333333333,6.270833333333333,0.0,792.9499999999999,39.96875,10.785416666666668,2023-10-20,0.1517740885416666,848.3011939957086,3209.8950391714707,0.11187041112355926,0.07192422931401046,0.12242422931401047,0.010553818190451203,3150.681194508873,R6,5.509952392761616e-06,0.10617920874814214,0.016245020565868323,0.0761875,0.131,7.175,8.389583333333334
561,2023-10-21,2023-10-21,6179.708333333333,0.008995863230756,111.1693364882322,2552.697252105667,0.1481376757109684,2511.0928148003227,0.146582285563151,3.067809963569512e-06,788.3041666666667,0.1045625,0.076375,0.0906470496558494,0.0060057072796052,0.0030867834961705,5.452083333333333,5.991666666666667,0.0,788.3041666666667,34.19583333333333,10.7875,2023-10-21,0.146582285563151,827.3990034813268,3226.8288213282995,0.109449552085098,0.07082878278983586,0.12132878278983585,0.011879230704737842,3174.23723520061,R6,4.095204691194639e-06,0.10369927825143688,0.01762950453839897,0.0758541666666666,0.1309166666666666,6.90625,8.233333333333333
562,2023-10-22,2023-10-22,6345.4375,0.0088777397611308,112.64959771893736,2543.797258200199,0.1509545631233297,2499.8973545306894,0.1496925354003906,3.2524483325458725e-06,784.9250000000001,0.1015416666666666,0.0766458333333333,0.0893916194828164,0.0074692449684791,0.0038390053034805,5.829166666666667,6.245833333333334,0.0,784.9250000000001,35.23125,11.035416666666668,2023-10-22,0.1496925354003906,827.5770970106363,3215.578463762348,0.11105210566269665,0.06984782873373413,0.12034782873373413,0.009295723071037487,3160.085210773785,R6,4.422618204858033e-06,0.10517769835524195,0.015170130378492186,0.0757916666666666,0.1301875,6.933333333333334,8.122916666666667
563,2023-10-23,2023-10-23,6545.75,0.0087407870968606,114.4141018165301,2592.089644506685,0.1357578912344954,2546.778068350632,0.1368522644042968,3.2935211509871823e-06,781.6708333333332,0.098375,0.0767916666666666,0.0880823622504089,0.0089955324078115,0.0046234789147973,6.039583333333333,6.314583333333334,0.0,781.6708333333332,35.31666666666667,10.7875,2023-10-23,0.1368522644042968,833.1152032867755,3276.6241924933784,0.10262101791796423,0.06882481588905487,0.11932481588905487,0.016703797971090645,3219.3464640986163,R6,4.342552184003244e-06,0.09907325405565977,0.020251561833395104,0.075875,0.13,6.9437500000000005,8.052083333333334
564,2023-10-24,2023-10-24,6561.979166666667,0.0087298741487519,114.55628576034076,2600.2740610196265,0.133225446268652,2554.511828904186,0.1348037719726562,3.3175485497479583e-06,782.6270833333333,0.0949583333333333,0.076875,0.0866561852805592,0.0106581208904003,0.0054780078570264,5.760416666666667,6.177083333333333,0.0,782.6270833333333,39.15416666666667,9.141666666666667,2023-10-24,0.1348037719726562,826.685368029017,3286.9699987059757,0.10125408116217376,0.06771044560120919,0.11821044560120918,0.01695636443903542,3229.12260242872,R6,4.4819826422467e-06,0.09811943463385005,0.02009101096735913,0.0759791666666666,0.13,6.939583333333334,8.045833333333333
565,2023-10-25,2023-10-25,6487.5625,0.0087797788765782,113.9049678481469,2589.1637183794887,0.1365380318587888,2541.159322840925,0.1382548014322916,3.498314695225486e-06,784.3791666666666,0.0912291666666666,0.0765833333333333,0.0848890082463981,0.0127182356207631,0.0065368553588846,4.970833333333333,5.670833333333333,0.0,784.3791666666666,44.04166666666666,8.168750000000001,2023-10-25,0.1382548014322916,822.6298570276679,3272.9255702817054,0.10311390006394607,0.06632962847832441,0.11682962847832441,0.013715728414378348,3212.243886644327,R6,5.107712137903839e-06,0.09978861862201704,0.017041009856307368,0.0756666666666666,0.13,6.7,7.95625
566,2023-10-26,2023-10-26,6638.583333333333,0.0086791645831419,115.22388623752688,2603.7297585723168,0.1322365235056596,2553.52101797292,0.135107676188151,3.643478573820051e-06,782.38125,0.0883958333333333,0.0765624999999999,0.0836381221282881,0.014176476005348,0.007286354484137,5.3125,5.5625,0.0,782.38125,43.68541666666667,8.645833333333334,2023-10-26,0.135107676188151,834.1133804981749,3291.3382975520753,0.10068206326641262,0.06535222500528466,0.11585222500528465,0.015170161738872034,3227.870132216336,R6,5.312565463609931e-06,0.0982625075471215,0.01758971745816315,0.0755833333333333,0.129875,6.366666666666667,7.78125
567,2023-10-27,2023-10-27,6220.0625,0.0089668479960842,111.53085959312811,2527.9673844091844,0.1564997208404454,2463.118812046393,0.1607907613118489,4.875095898930934e-06,787.0666666666666,0.0869583333333333,0.0770416666666666,0.0832008098802036,0.014686279712974,0.0075483808530096,5.30625,5.970833333333334,3.2215,787.0666666666666,87.25833333333333,2.45,2023-10-27,0.1607907613118489,840.327839745008,3195.568142152647,0.11395974605118771,0.06501052282801019,0.11551052282801018,0.0015507767768224712,3113.5939706563445,R6,9.525003629123792e-06,0.1103283232330144,0.005182199594995773,0.0757916666666666,0.1294583333333333,6.714583333333334,7.727083333333333
568,2023-10-28,2023-10-28,6075.875,0.0090778995483833,110.20920076703696,2429.6256836684142,0.1973501065642555,2362.251088604234,0.1994171142578125,5.299670049281025e-06,783.7937499999999,0.1187083333333333,0.0774791666666666,0.0970190452349225,0.0014225478982845,0.0007311540790288,4.68125,5.433333333333334,7.3585997,783.7937499999999,84.54583333333333,3.93125,2023-10-28,0.1994171142578125,914.3251304570316,3071.2557764669004,0.13384451111331097,0.07580766177730922,0.12630766177730923,-0.0075368493360017386,2986.088495074998,R6,1.3829197301343748e-05,0.12635248951941763,-4.482774210839979e-05,0.07575,0.129,6.4875,7.702083333333333
569,2024-04-10,2024-04-10,5151.8125,0.0098529149319563,101.50209755873988,2139.640377348079,0.3610997556963375,2108.886475492403,0.3267224629720052,2.703827050649101e-06,788.2895833333333,0.2875416666666666,0.3084375,0.2974212218943078,0.23504457226369,0.1208070378308074,4.235416666666667,3.889583333333333,0.0,788.2895833333333,41.025,5.33125,2024-04-10,0.3267224629720052,834.0515413312498,2704.6894147785697,0.2195107463720391,0.23239568416863665,0.28289568416863664,0.06338493779659754,2665.8138384467748,R6,2.871765257898834e-06,0.18377241871236252,0.09912326545627412,0.2893333333333333,0.3515416666666666,3.4916666666666667,3.41875
570,2024-04-11,2024-04-11,5176.916666666667,0.0098288959173506,101.74945865278526,2166.535302013944,0.3397829719419564,2137.6416858985663,0.3067054748535156,2.5041816241192084e-06,789.3854166666666,0.2846875,0.3065,0.2951611349755986,0.2324098399968442,0.1194528512713415,4.5,4.554166666666666,0.0,789.3854166666666,39.489583333333336,5.59375,2024-04-11,0.3067054748535156,831.0461351328076,2738.6869121267882,0.20916083807439984,0.2306297226060799,0.2811297226060799,0.07196888453168004,2702.1628969281237,R6,2.7894422301036455e-06,0.17556957168479898,0.1055601509212809,0.2874791666666667,0.351,4.175,3.7375
571,2024-04-12,2024-04-12,5232.270833333333,0.0097767071937656,102.29219791405306,2170.2593954862045,0.3369229824093334,2140.816660211359,0.3045336405436198,2.54679214266629e-06,788.6104166666668,0.2815833333333333,0.3037916666666666,0.2924748391251179,0.2292782478899363,0.1178432911675436,5.142553191489362,4.935416666666667,0.0,788.6104166666668,34.52916666666667,8.18125,2024-04-12,0.3045336405436198,830.3568809603753,2743.394486493352,0.20777797062179176,0.22853073465197324,0.27903073465197326,0.07125276403018149,2706.1763374608954,R6,3.1606121557700173e-06,0.1747111342051702,0.10431960044680305,0.2852499999999999,0.3507291666666666,4.447916666666667,3.9979166666666655
572,2024-04-13,2024-04-13,5287.729166666667,0.0097253038286202,102.83287950111968,2188.504691014952,0.3234772007999992,2147.782967429177,0.3000284830729167,3.512316308340077e-06,787.5645833333333,0.2809375,0.3035833333333333,0.2919747104438276,0.2286952149263531,0.1175436267906561,8.441666666666666,7.495833333333334,0.0,787.5645833333333,33.729166666666664,12.727083333333333,2024-04-13,0.3000284830729167,829.9671652512204,2766.4581088705263,0.20116995687282208,0.22813994966924556,0.27863994966924555,0.07746999279642347,2714.982348784855,R6,4.714292526336598e-06,0.1728034953615508,0.10583645430769476,0.2845208333333333,0.3505,5.922916666666667,4.425
573,2024-04-14,2024-04-14,5296.354166666667,0.0097186677536581,102.91211590450382,2191.9299437130726,0.3213842590605923,2158.3832375714605,0.2936871846516927,2.880143645343681e-06,786.9499999999999,0.2763125,0.3010833333333333,0.2888605411908856,0.225064822596207,0.1156776958340518,7.691666666666666,7.524999999999999,0.0,786.9499999999999,33.94375,10.535416666666666,2024-04-14,0.2936871846516927,830.4922121371299,2770.787922802637,0.19995946069035542,0.2257066347580064,0.2762066347580064,0.07624717406765097,2728.382001713055,R6,3.94683485694904e-06,0.16998972806721213,0.10621690669079425,0.283,0.3507291666666666,6.622916666666666,5.139583333333333
574,2024-04-15,2024-04-15,5622.854166666667,0.009431404220814,106.04008282889876,2209.5447679241483,0.3087651917198496,2178.7110471102583,0.2812054951985677,2.6272972875377387e-06,779.8312500000001,0.271625,0.2978333333333333,0.2852370601944557,0.220840692001686,0.1135065982434123,6.66875,7.077083333333333,0.0,779.8312500000001,33.9,8.308333333333334,2024-04-15,0.2812054951985677,835.4781678866403,2793.054575222952,0.19387789572419267,0.2228753595051039,0.2733753595051039,0.07949746378091122,2754.0781008647104,R6,3.1053517599894403e-06,0.16479141221834917,0.10858394728675472,0.280375,0.3505416666666667,6.729166666666667,5.566666666666666
575,2024-04-16,2024-04-16,5175.75,0.0098345680578939,101.72217044176976,2132.1756843233966,0.3683508999515369,2076.676705881206,0.3526089986165364,4.9568797587255375e-06,783.6999999999999,0.2773333333333334,0.2958541666666666,0.2864423244359745,0.2222457479581262,0.1142287619013489,5.664583333333333,5.702083333333333,5.8431,783.6999999999999,84.05208333333333,3.2458333333333336,2024-04-16,0.3526089986165364,851.3913859934663,2695.2534009408364,0.222501587859398,0.22381711546396849,0.2743171154639685,0.05181552760457048,2625.097920088646,R6,1.1210010145772754e-05,0.19359675875700258,0.0807203567069659,0.2775,0.349625,5.795833333333333,5.579166666666667
576,2024-04-17,2024-04-17,5134.416666666667,0.0098695886598532,101.33060510650364,2138.377731869372,0.3616419038112564,2091.02639647356,0.3394076029459635,4.195262919063175e-06,785.4291666666667,0.2883541666666666,0.3014166666666666,0.2937089545986808,0.2307169376289429,0.1185827417494187,6.708333333333333,6.383333333333333,0.2774,785.4291666666667,53.24375,8.608333333333333,2024-04-17,0.3394076029459635,836.0605988733273,2703.093322324421,0.2200129138691138,0.22949503406542823,0.27999503406542825,0.05998212019631444,2643.2371628611118,R6,8.319406700131171e-06,0.18911380747449694,0.09088122659093131,0.2812291666666667,0.348,5.870833333333334,5.435416666666668
577,2024-04-18,2024-04-18,5200.604166666667,0.0098064070755661,101.9822498868378,2161.436797422012,0.3436677818277615,2117.132512964141,0.3206443786621094,3.876416107405977e-06,785.3770833333333,0.2820625,0.2997291666666666,0.2903566136070777,0.226808892806892,0.1165741043487969,7.522916666666667,7.175,0.0,785.3770833333333,43.93958333333333,10.025,2024-04-18,0.3206443786621094,827.6007559937563,2732.2419639256846,0.2110733945793991,0.226875619171803,0.277375619171803,0.06630222459240387,2676.237538849793,R6,6.237162057521453e-06,0.18134017918674775,0.09603543998505523,0.2808333333333333,0.348,6.516666666666667,5.6000000000000005
578,2024-04-19,2024-04-19,5254.375,0.0097560391239692,102.5083304443284,2191.680922209464,0.3211603561868366,2139.214601664128,0.3056284586588542,4.545346001520671e-06,785.40625,0.2778125,0.2975833333333333,0.2874552523195948,0.2234265847466893,0.1148356825088493,8.200000000000001,7.69375,0.0,785.40625,49.68333333333334,10.170833333333333,2024-04-19,0.3056284586588542,828.6419059386034,2770.4731382098644,0.20004715322395344,0.22460858578013534,0.27510858578013536,0.07506143255618192,2704.151197703568,R6,8.333390806028861e-06,0.1751403529449846,0.09996823283515077,0.2790208333333333,0.348,6.891666666666667,5.8375
579,2024-04-20,2024-04-20,5155.9375,0.009849165891801,101.54208917478128,2183.1190280654205,0.3277590791693389,2124.33964818198,0.3163121541341145,5.132739499893839e-06,787.2375000000001,0.2747083333333334,0.2958541666666666,0.2852723782932493,0.2208818646370058,0.1135277599493168,9.13125,8.4,0.4935,787.2375000000001,60.89791666666667,9.15625,2024-04-20,0.3163121541341145,830.0787159788997,2759.6501678139934,0.2030922000999849,0.22290295596806103,0.273402955968061,0.07031075586807611,2685.3479774734683,R6,1.244988644028167e-05,0.17928946742985685,0.09411348853820417,0.2776458333333333,0.348,7.372916666666666,6.135416666666667
580,2024-04-21,2024-04-21,5127.166666666667,0.0098763009444965,101.2599460353099,2198.288700925401,0.3163037746675101,2160.474343426736,0.2918268839518229,3.242637208814446e-06,790.7145833333334,0.2706666666666666,0.2935208333333333,0.2823389493702313,0.217462173220718,0.1117701239983206,8.464583333333334,8.260416666666666,0.0,790.7145833333334,41.50416666666667,8.6625,2024-04-21,0.2918268839518229,826.0030630722546,2778.8259386792333,0.19773665633622856,0.22061086592424065,0.27111086592424066,0.07337420958801211,2731.0253393186745,R6,4.779065067088771e-06,0.16946512738521677,0.1016457385390239,0.2755416666666667,0.3479375,7.527083333333334,6.458333333333333
581,2024-04-22,2024-04-22,5317.8125,0.0096977345120285,103.12505752712654,2213.63779067945,0.3060920396705355,2175.4190036546256,0.2830797831217448,3.2555856169473218e-06,786.5833333333334,0.2664375,0.2911249999999999,0.2793337666406043,0.2139588336633003,0.1099694949926344,8.966666666666667,8.664583333333333,0.0,786.5833333333334,33.975,11.23125,2024-04-22,0.2830797831217448,820.0939215631469,2798.228507925808,0.19249824491718642,0.2182627096896071,0.2687627096896071,0.07626446477242066,2749.9166748691528,R6,4.214437993582202e-06,0.16560215872688744,0.10316055096271964,0.2736458333333333,0.3476041666666666,7.877083333333334,6.704166666666667
582,2024-04-23,2024-04-23,5392.3125,0.0096306761810802,103.84431068275325,2221.0898744339897,0.301310132584943,2170.5006477644074,0.2861862182617187,4.318590704871471e-06,785.4270833333334,0.26325,0.2894166666666666,0.2770900202381849,0.2113431506131769,0.1086250992546415,11.210416666666667,10.229166666666666,0.0,785.4270833333334,38.51458333333333,13.729166666666666,2024-04-23,0.2861862182617187,820.205027649168,2807.6485825618684,0.19001773476408407,0.2165095160978046,0.2670095160978046,0.07699178133372053,2743.6994501171716,R6,6.516077496506082e-06,0.16684212397524006,0.10016739212256454,0.2722291666666667,0.3470208333333333,8.700000000000001,7.045833333333333
583,2024-04-24,2024-04-24,5426.770833333333,0.0096000504523036,104.17559501595292,2256.477379233978,0.2787569494451771,2206.888261769289,0.2651443481445312,4.164262116831817e-06,785.8625000000001,0.2588125,0.287375,0.2741549870027625,0.2079215889441907,0.1068665020404845,12.233333333333334,11.254166666666668,0.0,785.8625000000001,36.20208333333333,14.63125,2024-04-24,0.2651443481445312,826.8086449840858,2852.3814314374263,0.17876468679779628,0.2142161724942131,0.2647161724942131,0.08595148569641681,2789.696523022494,R6,6.167034168554452e-06,0.15787622141022872,0.10683995108398436,0.2704166666666667,0.3473333333333332,9.629166666666666,7.579166666666667
584,2024-04-25,2024-04-25,5663.541666666667,0.009397219408618,106.42397611695463,2274.78563973847,0.2678778044434857,2234.800476885149,0.2503242492675781,3.313545281153364e-06,781.9479166666666,0.2528958333333333,0.2841458333333333,0.2700143915059458,0.2030946238973554,0.1043855626024666,11.952083333333334,11.414583333333333,0.0,781.9479166666666,29.402083333333334,13.4375,2024-04-25,0.2503242492675781,825.2218245339218,2875.5246469580093,0.17326256167531878,0.2109808400683036,0.2614808400683036,0.0882182783929848,2824.9799629716213,R6,3.947299247812218e-06,0.15148563128410364,0.10999520878419994,0.2678541666666666,0.347,10.125,8.137500000000001
585,2024-04-26,2024-04-26,5712.854166666667,0.0093563135753155,106.8873251209034,2255.7764735602136,0.2798225443565877,2193.2778795039044,0.2735557556152344,5.286054187852478e-06,778.5,0.2466249999999999,0.279875,0.2652979857888149,0.1975963989292829,0.1015596123355741,9.58125,10.01875,0.46699998,778.5,72.32291666666667,6.24375,2024-04-26,0.2735557556152344,842.8841029686467,2851.4954263981413,0.178979505341319,0.20729558746101315,0.25779558746101316,0.07881608211969415,2772.4918295450316,R6,1.3688581228282722e-05,0.16116689841547224,0.09662868904554092,0.2648541666666666,0.346875,9.8375,8.472916666666666
586,2024-04-27,2024-04-27,5436.979166666667,0.0095929649899842,104.26658840790763,2149.316166514261,0.3551040791073276,2088.515802673906,0.3440958658854167,5.39646474226725e-06,777.5812500000001,0.2790416666666667,0.2851875,0.280617907700967,0.2154558415256579,0.110738919632902,5.779166666666666,6.789583333333333,6.8118,777.5812500000001,92.6,2.672916666666667,2024-04-27,0.3440958658854167,878.3397439928498,2716.9204442611212,0.2157119855131845,0.2192660975393083,0.2697660975393083,0.05405411202612381,2640.0635564239637,R6,1.2591653611348682e-05,0.1898768630119447,0.0798892345273636,0.2629583333333333,0.3454375,7.9375,8.195833333333335
587,2024-04-28,2024-04-28,5191.625,0.009814716964981,101.89475574192198,2133.179996574813,0.3662787084952361,2072.216292653248,0.3545875549316406,5.4502680004300735e-06,782.8416666666667,0.316125,0.316625,0.3121923256525101,0.2522642213694376,0.1296575072584422,7.210416666666667,6.933333333333334,9.904799,782.8416666666667,84.31875000000001,4.5375000000000005,2024-04-28,0.3545875549316406,863.7326960098678,2696.522937982806,0.22209608507678796,0.24393736482595438,0.2944373648259544,0.07234127974916643,2619.4595742381393,R6,1.582752222791059e-05,0.19497979691862669,0.09945756790732771,0.2896041666666666,0.3433541666666667,6.9375,7.454166666666667
588,2024-04-29,2024-04-29,5082.458333333333,0.0099197910960698,100.81699555567567,2138.0282268457936,0.362265159614082,2077.872868615891,0.3498954772949219,5.360951077426543e-06,786.0354166666666,0.3102499999999999,0.31525,0.309691789972026,0.2493491821347814,0.1281592499206623,8.339583333333334,8.014583333333333,4.0039997,786.0354166666666,80.49374999999999,5.270833333333333,2024-04-29,0.3498954772949219,859.2453700193483,2702.6515179222924,0.22015218226429606,0.24198352408603338,0.2924835240860334,0.07233134182173734,2626.609972637806,R6,1.5916697965281272e-05,0.1932152309882787,0.0992682930977547,0.2919375,0.3441666666666667,7.470833333333334,7.25
589,2024-04-30,2024-04-30,5306.354166666667,0.0097084309979708,103.0130858340278,2164.1132114986144,0.3418065604615686,2114.7328294971726,0.3226305643717448,4.328206247272239e-06,782.9499999999999,0.3002291666666666,0.3120416666666666,0.3042120056093284,0.2429610363708998,0.1248759025983503,9.622916666666669,9.35625,0.0928,782.9499999999999,45.95,10.789583333333333,2024-04-30,0.3226305643717448,845.9863823497614,2735.625181451016,0.21006660993938892,0.2377017911688098,0.2882017911688098,0.07813518122942087,2673.204132609828,R6,7.401426057540528e-06,0.18205554375310504,0.10614624741570475,0.2910624999999999,0.3461458333333333,8.529166666666667,7.491666666666666
590,2024-05-01,2024-05-01,5442.583333333333,0.0095859932216093,104.3276351777519,2194.64874136054,0.319149450252239,2149.2028834510543,0.2994778951009114,3.925734395449873e-06,781.5854166666667,0.2899166666666666,0.3064166666666666,0.2971671477434253,0.2347483812818477,0.1206548030661244,8.577083333333333,8.862499999999999,0.0,781.5854166666667,49.802083333333336,7.795833333333333,2024-05-01,0.2994778951009114,845.748464270881,2774.2247168059093,0.19900520679365546,0.23219715853637732,0.28269715853637734,0.08369195174272187,2716.7772447285397,R6,6.423156567853841e-06,0.1724219675928269,0.11027519094355043,0.2870416666666666,0.347625,8.664583333333333,7.839583333333334
591,2024-05-02,2024-05-02,5405.9375,0.0096185465027048,103.97537712284598,2183.8113090974925,0.3270113065618161,2144.134282421003,0.3030103047688802,3.4417078038242063e-06,784.1687499999999,0.2822083333333333,0.3012916666666667,0.2913627254088345,0.227981783639629,0.1171769409335231,7.710416666666667,7.8625,1.2386999,784.1687499999999,55.12083333333334,5.172916666666667,2024-05-02,0.3030103047688802,840.7437730242635,2760.525270564586,0.20284380401238455,0.227661763613784,0.27816176361378403,0.07531795960139948,2710.3700972009224,R6,5.445034800390415e-06,0.173805005754451,0.10435675785933304,0.2830416666666667,0.3477916666666666,7.81875,7.777083333333334
592,2024-05-03,2024-05-03,5589.458333333333,0.0094593077537195,105.72559585151537,2222.29309997297,0.300590307143262,2188.9125608425493,0.2753995259602864,2.825162843187241e-06,782.475,0.2771875,0.2982291666666666,0.2875881701572969,0.2235815358297357,0.1149153234942642,8.929166666666667,8.69375,0.0,782.475,32.87916666666667,9.35,2024-05-03,0.2753995259602864,833.4176706857178,2809.1695631029556,0.18962097512566206,0.22471244364082954,0.27521244364082953,0.08559146851516747,2766.9736914034547,R6,3.311113475924137e-06,0.16221609977946294,0.11299634386136659,0.2801875,0.347,8.227083333333333,7.69375
593,2024-05-04,2024-05-04,5401.5,0.0096225067116573,103.93262733495408,2208.1481746834847,0.3095349493122293,2167.098505757926,0.2877616882324219,3.50835864106515e-06,785.65625,0.27075,0.2947083333333333,0.283055882546834,0.2182979494724766,0.112199692110836,9.745833333333334,9.297916666666667,0.0,785.65625,47.29583333333333,7.677083333333333,2024-05-04,0.2877616882324219,829.4658777384248,2791.28916128014,0.19435148790548507,0.22117105519055663,0.2716710551905566,0.07731956728507156,2739.3988500864743,R6,5.61768021313421e-06,0.16774825242595928,0.10392280276459734,0.27725,0.3467499999999999,8.475,7.797916666666667
594,2024-05-05,2024-05-05,5687.75,0.0093777176406156,106.64920194914014,2240.713586619649,0.2883914245089761,2191.531514109776,0.2735303243001302,4.156120158109845e-06,779.3833333333333,0.2655208333333334,0.2921458333333333,0.2794904829633556,0.2141415282087518,0.1100633954245877,10.7375,10.360416666666667,0.0,779.3833333333333,42.12291666666667,11.679166666666667,2024-05-05,0.2735303243001302,836.8543346476686,2832.454642117071,0.1836732246102804,0.21838516294568017,0.26888516294568016,0.08521193833539975,2770.284273524945,R6,6.644491101391891e-06,0.16159611715528663,0.10728904579039353,0.2749583333333333,0.3465208333333333,9.447916666666666,8.077083333333333
595,2024-05-06,2024-05-06,5596.833333333333,0.0094554325566984,105.7864639621106,2177.8453121750767,0.3332197315021829,2126.525051272644,0.315778096516927,4.465394673128188e-06,777.24375,0.2699583333333333,0.2893125,0.2798347886744175,0.2145429080667938,0.1102696946436166,8.083333333333334,8.9375,9.2792,777.24375,74.96875,3.45,2024-05-06,0.315778096516927,868.7702008532741,2752.9837374660856,0.20499727289616004,0.2186541927101865,0.2691541927101865,0.06415691981402644,2688.1105148928027,R6,8.405703897987938e-06,0.17866948480568054,0.09048470790450594,0.2717708333333333,0.3463958333333333,9.141666666666667,8.335416666666667
596,2024-05-07,2024-05-07,5397.354166666667,0.0096258257247382,103.89413685648316,2137.1853021910424,0.3633782499281662,2090.2467768434294,0.3410860697428385,4.165993443743206e-06,779.3729166666667,0.2822916666666666,0.2899791666666666,0.2851035142583826,0.220685008702975,0.1134265809174394,4.327083333333333,5.525,2.9733,779.3729166666667,79.52916666666667,1.19375,2024-05-07,0.3410860697428385,867.1144604102342,2701.585988679483,0.22048854203632734,0.22277101086789508,0.27327101086789507,0.05278246883156773,2642.251656612729,R6,3.4741722844608613e-06,0.18935226232994937,0.0839187485379457,0.2706875,0.344875,6.897916666666667,7.854166666666667
597,2024-05-08,2024-05-08,5356.645833333333,0.0096621786128364,103.50212728083612,2127.9543261197146,0.371334628320935,2094.3725831426414,0.337866465250651,2.972719738545672e-06,781.4479166666666,0.3021875,0.3002499999999999,0.2982437791639005,0.2360034814815541,0.1212998932115684,5.014893617021277,5.289583333333334,7.0506,781.4479166666666,59.14791666666667,0.8895833333333334,2024-05-08,0.337866465250651,847.3779620657181,2689.917241196254,0.22421673286142574,0.2330384048131736,0.2835384048131736,0.05932167195174787,2647.4670305339937,R6,1.120519990113578e-06,0.18806460611050624,0.09547379870266737,0.2769166666666667,0.3430416666666667,5.810416666666666,7.04375
598,2024-05-09,2024-05-09,5242.583333333333,0.0097669843876331,102.39332712268094,2155.913841483577,0.3486207256338415,2118.572446099093,0.3201917012532552,3.2633475852659814e-06,786.1916666666666,0.28975,0.2986875,0.2925802549034005,0.2294011380098589,0.1179064536189185,6.858333333333333,6.727083333333333,0.0,786.1916666666666,54.05625,3.741666666666666,2024-05-09,0.3201917012532552,839.7963636705455,2725.260472725987,0.2131708002031627,0.22861310325956663,0.2791131032595666,0.06594230305640392,2678.0577381455837,R6,3.7527811351225866e-06,0.18095865141802386,0.09815445184154276,0.2781666666666667,0.3424583333333333,6.477083333333333,6.747916666666666
599,2024-05-10,2024-05-10,5066.3125,0.0099374719713874,100.65056773632644,2149.9095707090173,0.353473719199193,2101.030588282951,0.3329404195149739,4.307006737684177e-06,789.8312500000001,0.2835,0.29675,0.2890678041377911,0.2253064426725912,0.1158018825167193,8.700000000000001,8.220833333333333,0.0,789.8312500000001,56.75416666666666,7.2875,2024-05-10,0.3329404195149739,810.5092520373264,2717.670558187384,0.21548181819001078,0.22586858357269463,0.2763685835726946,0.06088676538268384,2655.8833215225086,R6,8.255206192196018e-06,0.18606158532470585,0.09030699824798877,0.2772083333333333,0.3428333333333334,7.495833333333334,6.891666666666667
600,2024-05-11,2024-05-11,4726.0,0.0102880699004237,97.21426176167826,2125.9470047762456,0.374078538502114,2073.4002140775483,0.3553136189778645,4.692470565752997e-06,787.2020833333332,0.2760208333333333,0.29375,0.284454294277306,0.21992817018572,0.1130375848282922,8.46875,8.4375,0.0116,787.2020833333332,64.40416666666667,6.55625,2024-05-11,0.3553136189778645,818.0642888459993,2687.379814417802,0.2250384412772945,0.22226373058467486,0.27276373058467485,0.04772528930738035,2620.9561527183996,R6,1.0362704188365546e-05,0.1945982691499028,0.07816546143477204,0.275125,0.3432708333333333,7.995833333333334,7.222916666666666
601,2024-05-12,2024-05-12,4714.708333333333,0.010301212328878,97.09541540682324,2102.1888260669566,0.396100479443769,2040.7182337185056,0.3853708902994792,5.588219945835634e-06,784.7041666666668,0.2745625,0.29175,0.282755164845498,0.2179473830299372,0.1120195097178618,10.247916666666669,9.4,3.4524999,784.7041666666668,73.63541666666667,7.589583333333334,2024-05-12,0.3853708902994792,831.4342801024877,2657.347433673018,0.23507530877834504,0.22093608373997053,0.2714360837399705,0.036360774961625486,2579.6433193717685,R6,1.7537624786002382e-05,0.20547181055853356,0.06596427318143697,0.2730625,0.3432291666666667,8.200000000000001,7.322916666666667
602,2024-05-13,2024-05-13,4853.104166666667,0.0101513665612556,98.51636391465928,2130.998581030796,0.3692639728019536,2072.3885881320944,0.3555475870768229,5.23684516043255e-06,786.88125,0.272625,0.2909375,0.2814819855510487,0.2164631540205142,0.1112566530887379,10.997916666666669,10.329166666666667,0.57129997,786.88125,61.11041666666667,10.008333333333333,2024-05-13,0.3555475870768229,825.9897750381228,2693.765441165304,0.22297810058666173,0.2199412610729181,0.2704412610729181,0.04746316048625637,2619.677370538295,R6,1.3734592452789477e-05,0.19493210594753618,0.07550915512538192,0.2720833333333333,0.3438333333333332,9.072916666666666,7.729166666666667
603,2024-05-14,2024-05-14,4987.4375,0.0100142105798969,99.86886301627874,2152.347365844621,0.3507212048216584,2093.501411497388,0.3379313151041667,5.208434913253439e-06,785.9604166666667,0.2677083333333334,0.2893125,0.2786450002273162,0.2131558932638018,0.1095568036878155,12.114893617021275,11.877083333333331,0.0,785.9604166666667,48.54166666666666,12.854166666666666,2024-05-14,0.3379313151041667,828.2881980568985,2720.7521408535504,0.21453960767490277,0.21772452905532358,0.26822452905532357,0.0536849213804208,2646.36579466636,R6,9.980030886167011e-06,0.18835075193704914,0.07987377711827442,0.2710208333333333,0.3446249999999999,10.472916666666666,8.358333333333333
604,2024-05-15,2024-05-15,5073.1875,0.0099299966637307,100.72113091281297,2183.843207062618,0.3275453412192741,2124.8493364140886,0.3160565694173177,5.146431557180851e-06,785.7729166666667,0.2618541666666666,0.2854791666666667,0.2742779007336958,0.2080648775806797,0.1069401488197414,12.452083333333334,11.725,0.5252,785.7729166666667,57.92291666666667,10.575,2024-05-15,0.3160565694173177,831.7829925347982,2760.5655923352642,0.20283236811100713,0.21431221345730253,0.26481221345730255,0.061979845346295415,2685.9922672245943,R6,1.2618999550140674e-05,0.1791463945165854,0.08566581894071715,0.2680416666666667,0.345,10.433333333333334,8.85
605,2024-05-16,2024-05-16,5233.0,0.0097767435598819,102.29680626100796,2227.341247735461,0.2981169725228043,2174.0737424960344,0.2849477132161458,4.541228371243271e-06,785.4,0.2564166666666667,0.2825,0.2703813204821519,0.2035223771865089,0.1046054171061777,13.4375,12.775,0.0,785.4,48.00416666666666,11.554166666666667,2024-05-16,0.2849477132161458,828.4239687168614,2815.550855941694,0.18796755381133828,0.21126754694793914,0.26176754694793913,0.07379999313660085,2748.2161490918893,R6,8.744899600463747e-06,0.16593599552452082,0.09583155142341832,0.2651041666666667,0.3453541666666666,11.320833333333333,9.3375
606,2024-05-17,2024-05-17,5303.291666666667,0.0097115888015629,102.98206203654968,2230.1624580528664,0.2956504459167259,2181.2379506717075,0.2800203959147135,4.1552708871202615e-06,784.3708333333334,0.2485416666666666,0.2784583333333333,0.264986046367777,0.197232750588546,0.1013727061737622,13.9375,13.2875,0.0,784.3708333333334,38.75,13.377083333333331,2024-05-17,0.2800203959147135,817.3457207819446,2819.117108365762,0.18705131672629066,0.2070518477079802,0.25755184770798023,0.07050053098168957,2757.2723242431684,R6,6.4254284444730795e-06,0.16412373862308238,0.09342810908489785,0.26175,0.3453958333333333,11.8875,9.845833333333331
607,2024-05-18,2024-05-18,5304.770833333333,0.0097102861150573,102.99626514098452,2278.144377101933,0.266398895224529,2220.188456874658,0.2581990559895833,4.833035123870014e-06,786.15,0.23875,0.2736041666666667,0.2583906047714298,0.1895440096626361,0.0974208854320111,13.88125,13.3625,0.0,786.15,42.1375,13.7625,2024-05-18,0.2581990559895833,820.8152299671185,2879.770379787766,0.17227546798245602,0.20189837495840593,0.25239837495840595,0.08012290697594993,2806.5091132581333,R6,7.83539921122729e-06,0.15477630828934716,0.09762206666905879,0.2579583333333333,0.345,12.258333333333333,10.266666666666667
608,2024-05-19,2024-05-19,5250.25,0.009760773206172,102.4649014059065,2259.7004014722447,0.2771835428443361,2192.190806473,0.2738126118977864,5.712029001489583e-06,785.6291666666666,0.2299583333333333,0.2680625,0.2519063767544964,0.1819849177355179,0.0935357010365109,13.372916666666669,12.775,0.41169998,785.6291666666666,55.47708333333333,12.772916666666667,2024-05-19,0.2738126118977864,820.2630233240052,2856.4556086794173,0.17778089956933318,0.19683180103774545,0.24733180103774546,0.06955090146841228,2771.1176757615713,R6,1.366282126504288e-05,0.16145304424201518,0.08587875679573029,0.2536666666666666,0.3447499999999999,11.858333333333334,10.3875
609,2024-05-20,2024-05-20,5526.479166666667,0.0095139539571326,105.1249242482499,2303.776820435882,0.2519881470996326,2252.284810377964,0.2420997619628906,4.242071519621934e-06,782.59375,0.2206666666666666,0.2629583333333333,0.245217286464225,0.174187004355404,0.0895277683808445,14.8,13.45625,0.0,782.59375,38.83125,14.114583333333334,2024-05-20,0.2420997619628906,828.4657118923869,2912.1719921774943,0.1649593767312182,0.19160515411399023,0.24210515411399025,0.07714577738277206,2847.08166390376,R6,6.8077068285719e-06,0.14762266262577428,0.09448249148821597,0.2488541666666666,0.3437083333333333,11.975,10.433333333333334
610,2024-05-21,2024-05-21,5384.375,0.009644750381161,103.74251066052784,2276.172812171878,0.2687725960411413,2217.864789832854,0.2615305582682292,4.899565762044141e-06,783.30625,0.2124374999999999,0.2575624999999999,0.2391608766324693,0.1671266482810977,0.0858989217533597,11.764583333333334,12.691666666666668,3.9355998,783.30625,70.18333333333334,7.079166666666667,2024-05-21,0.2615305582682292,883.5997326493562,2877.2781521903985,0.17285406680251303,0.1868728640053957,0.23737286400539573,0.0645187972028827,2803.571798315878,R6,1.423103751025421e-05,0.155348599942433,0.08202426406296273,0.2453541666666666,0.343,12.5625,10.810416666666669
611,2024-05-22,2024-05-22,4956.979166666667,0.0100471779950724,99.55602326660636,2146.1755217907707,0.3567407223794509,2098.125979619393,0.3351771036783854,4.237469992194709e-06,787.8333333333334,0.2563333333333333,0.2548958333333333,0.2563014969148464,0.1871085989564828,0.096169145174926,9.091489361702129,9.572916666666666,8.2764,787.8333333333334,79.43541666666667,2.46875,2024-05-22,0.3351771036783854,863.7479148338872,2712.9503992810705,0.216935525111646,0.20026601111247533,0.2507660111124753,0.03383048600082933,2652.211646417865,R6,7.158981157575151e-06,0.18696771377542507,0.06379829733705025,0.2410416666666666,0.3412916666666667,9.864583333333334,10.339583333333334
612,2024-05-23,2024-05-23,5341.208333333333,0.0096761455279857,103.35283148269195,2206.630752791332,0.3104225077937531,2163.753584160776,0.2896372477213542,3.66978171909328e-06,780.8604166666668,0.2793958333333333,0.2607083333333334,0.2678231106538747,0.2005401033968914,0.1030726028869242,10.997916666666669,11.177083333333334,0.0,780.8604166666668,36.802083333333336,11.54375,2024-05-23,0.2896372477213542,856.9100732079581,2789.3710095323468,0.1948677026629082,0.20926864142430882,0.25976864142430883,0.06490093876140063,2735.1705815732917,R6,5.018809948389982e-06,0.16860668990558803,0.09116195151872081,0.2396249999999999,0.3393125000000001,10.58125,9.9625
613,2024-05-24,2024-05-24,5247.645833333333,0.0097623474552409,102.44248792461732,2222.665285400911,0.2999923179112522,2174.226209165995,0.2837613423665364,4.130336668973714e-06,785.6708333333332,0.26475,0.259125,0.2606950292480081,0.1922304291426523,0.0988016379277022,11.145833333333334,11.204166666666666,0.0,785.6708333333332,57.77708333333334,6.516666666666667,2024-05-24,0.2837613423665364,840.9008447017615,2809.640037486382,0.18949845714935187,0.2036989805084688,0.2541989805084688,0.06470052335911691,2748.4088800726254,R6,7.726105218938643e-06,0.16588830455343034,0.08831067595503844,0.2385,0.3377708333333333,10.5875,9.9375
614,2024-05-25,2024-05-25,5491.333333333333,0.0095434938355622,104.79329513993628,2246.4880436153035,0.2847197087025167,2189.846566110498,0.2744458516438802,4.792167071846584e-06,781.2979166666668,0.2534166666666667,0.2572083333333333,0.2548539279955909,0.1854210724686857,0.0953017987210667,12.0375,11.966666666666669,0.0,781.2979166666668,53.364583333333336,9.764583333333333,2024-05-25,0.2744458516438802,855.2017537455201,2839.7540522785107,0.18185624863029975,0.19913492582128797,0.249634925821288,0.06777867719098823,2768.154354372948,R6,9.48919460673686e-06,0.16202533589510099,0.087609589926187,0.2370624999999999,0.3369583333333333,11.2125,10.010416666666666
615,2024-05-26,2024-05-26,5123.145833333333,0.0098809302883393,101.21760531614956,2176.874084299085,0.3321527832610215,2110.909939427661,0.3252003987630208,5.7877078426159166e-06,786.6270833333333,0.2474375,0.2546666666666666,0.2510590875262554,0.180997176843556,0.0930280268955891,11.408333333333331,11.29375,7.7296996,786.6270833333333,75.325,7.6,2024-05-26,0.3252003987630208,854.1247285462533,2751.756021919425,0.20535060940977612,0.196169755610618,0.24666975561061802,0.0413191462008419,2668.371670849275,R6,1.877935289983254e-05,0.1831524360881862,0.06351731952243181,0.235375,0.3359583333333333,10.760416666666666,10.04375
616,2024-05-27,2024-05-27,5090.520833333333,0.0099120475996204,100.89653895920743,2222.310888240528,0.300781212469352,2167.585211656208,0.288251241048177,4.679114359488201e-06,791.1354166666666,0.2445625,0.2531041666666667,0.2487249038058356,0.1782760650517809,0.0916294434184007,12.820833333333333,12.360416666666666,0.0,791.1354166666666,49.45625,11.535416666666668,2024-05-27,0.288251241048177,846.2890241538379,2809.19204900268,0.18961511724582775,0.19434589711381234,0.24484589711381236,0.05523077986798461,2740.0140881914986,R6,9.351121081804335e-06,0.16760517951268783,0.07724071760112453,0.2326666666666667,0.334875,11.152083333333332,10.054166666666664
617,2024-05-28,2024-05-28,5093.833333333333,0.009908988164774,100.9288136922256,2265.6336193255884,0.2738173886363961,2210.074353324347,0.2638740539550781,4.65754726168283e-06,792.4187499999999,0.2360833333333333,0.2502708333333333,0.2434712635769021,0.1721515504081248,0.0884815959053705,13.94375,13.627083333333331,0.0,792.4187499999999,42.9375,13.708333333333334,2024-05-28,0.2638740539550781,836.1116486989002,2863.9557062160898,0.17598698338952412,0.19024086618292357,0.2407408661829236,0.06475388279339947,2793.72401670541,R6,8.119307413879591e-06,0.15716085684387146,0.08358000933905213,0.2293541666666666,0.33475,12.322916666666666,10.470833333333331
618,2024-05-29,2024-05-29,5231.520833333333,0.0097776383227437,102.2840486360734,2280.76465863696,0.2644043062631624,2223.265841844737,0.2561887105305989,4.790358977328756e-06,789.3583333333332,0.2250625,0.2450625,0.2360379773640673,0.1634860787965988,0.0840277599936823,13.866666666666667,13.7,0.0,789.3583333333332,40.59583333333333,14.772916666666667,2024-05-29,0.2561887105305989,834.3373996107409,2883.082640953968,0.17151007944969837,0.18443272773183847,0.2349327277318385,0.06342264828214011,2810.399192470458,R6,7.788587043185392e-06,0.15406094372298987,0.08087178400884862,0.2246458333333333,0.3341041666666667,12.645833333333334,10.845833333333331
619,2024-05-30,2024-05-30,5402.854166666667,0.0096213430934956,103.94552979509292,2321.5702104139505,0.2425740834607192,2265.566925545255,0.2355880737304687,4.5807003004385935e-06,787.9770833333333,0.2151666666666666,0.2390624999999999,0.2286872182607339,0.1549168144753734,0.0796233722255824,14.997916666666669,14.01875,0.0,787.9770833333333,37.92083333333333,15.172916666666666,2024-05-30,0.2355880737304687,837.879565180089,2934.664367081335,0.16009604811660388,0.17868907339507747,0.2291890733950775,0.06909302527847361,2863.8713995430576,R6,6.9865000723373345e-06,0.14480889533143562,0.08438017806364187,0.2191666666666666,0.3337291666666667,12.497916666666669,10.9625
620,2024-05-31,2024-05-31,5533.4375,0.0095067083344755,105.19576779324396,2385.819536508308,0.2116610014043562,2335.4871902337745,0.2052510579427083,3.9908476973888615e-06,788.7833333333333,0.2019791666666666,0.2321041666666666,0.2193383208683329,0.144018188667983,0.0740217508499561,15.045833333333334,14.64375,0.0,788.7833333333333,37.25833333333333,13.435416666666669,2024-05-31,0.2052510579427083,838.5662749049585,3015.881039767913,0.14385883575159175,0.1713841360005916,0.22188413600059162,0.07802530024899987,2952.256626230519,R6,5.9799773417853065e-06,0.1311215866284662,0.09076254937212541,0.2124791666666666,0.3327916666666666,13.383333333333333,11.360416666666666
621,2024-06-01,2024-06-01,5497.583333333333,0.0095380867566844,104.85280795874998,2365.1620043134367,0.2209728971315378,2303.217168121966,0.2185033162434896,4.982169443174799e-06,788.2104166666667,0.18975,0.2239583333333333,0.2098871741311576,0.1330003640608868,0.0683588642693232,15.447916666666666,14.65625,0.0,788.2104166666667,42.74166666666667,14.760416666666666,2024-06-01,0.2185033162434896,824.9166608818256,2989.76814282765,0.14886633585683368,0.16399930415108574,0.21449930415108576,0.06563296829425208,2911.464543530782,R6,8.658425517868576e-06,0.1371783399569579,0.07732096419412784,0.2051666666666666,0.331875,13.358333333333334,11.583333333333334
622,2024-06-02,2024-06-02,5736.979166666667,0.0093364237525971,107.11349726550702,2394.1160223057614,0.207938321458365,2336.0096381411363,0.20501708984375,4.606653710581959e-06,784.3520833333333,0.1783333333333333,0.216125,0.2008222354727117,0.1224327676632996,0.0629273837399545,16.866666666666667,15.64375,0.0,784.3520833333333,34.59375,17.027083333333334,2024-06-02,0.20501708984375,830.5955653539254,3026.368511192454,0.14190081093576934,0.15691624327177536,0.20741624327177538,0.06551543233600604,2952.9170453083107,R6,6.600266840985701e-06,0.13102620468628523,0.07639003858549015,0.1975416666666667,0.3307916666666666,13.9,11.816666666666668
623,2024-06-03,2024-06-03,5793.333333333333,0.0092914393779442,107.6362233179464,2433.0654632958635,0.1915411907866689,2368.517355855071,0.1925684611002604,5.047524722054798e-06,784.4895833333334,0.1638333333333333,0.2061666666666666,0.1895584765295185,0.1093018615517093,0.0561784260588725,15.991666666666667,15.289583333333333,0.0,784.4895833333334,39.56041666666667,15.85,2024-06-03,0.1925684611002604,836.2822727691992,3075.603953686786,0.13309086924865615,0.14811509267047698,0.198615092670477,0.06552422342182085,2994.009595687484,R6,7.932271541149151e-06,0.12525559718433646,0.07335949548614054,0.1890625,0.3298125,14.245833333333332,12.179166666666667
624,2024-06-04,2024-06-04,5704.625,0.0093639151467609,106.80700100924189,2422.3468124380006,0.1957615346639345,2339.9790587583143,0.20367431640625,6.535505403923388e-06,785.5,0.1528125,0.1973958333333333,0.1802860678223037,0.0984924036454472,0.0506226347566708,17.568749999999998,15.96875,0.41059998,785.5,53.80625,15.772916666666667,2024-06-04,0.20367431640625,820.37817805955,3062.054657355082,0.13545447616594125,0.14086992115352934,0.19136992115352935,0.0559154449875881,2957.9347342806004,R6,1.564052964205866e-05,0.13026314914883746,0.06110677200469189,0.1811249999999999,0.3285833333333333,14.108333333333334,12.235416666666666
625,2024-06-05,2024-06-05,5579.4375,0.009467821258805,105.63068434902635,2442.138237643057,0.1879310222155711,2366.971371662824,0.1931813557942708,5.880161665452144e-06,790.49375,0.1400833333333333,0.1872916666666666,0.1696334745476584,0.0860739736311174,0.0442398719892017,17.735416666666666,16.454166666666666,0.0,790.49375,46.73541666666667,16.158333333333335,2024-06-05,0.1931813557942708,817.2504544636223,3087.072720587672,0.13112478650406073,0.13254631638025882,0.18304631638025884,0.05192152987619811,2992.055338736431,R6,1.1510913240562977e-05,0.1254940520397889,0.05755226434046995,0.1722291666666666,0.3270416666666667,14.68125,12.5375
626,2024-06-06,2024-06-06,5582.479166666667,0.0094653809771411,105.65898240559908,2475.1106515558326,0.1749718106598795,2402.833607762649,0.1801846822102864,5.573780007732256e-06,791.3666666666667,0.1271458333333333,0.1757916666666666,0.1582835449762925,0.0728426127393937,0.0374392830608758,19.1875,17.660416666666666,0.0,791.3666666666667,38.79583333333333,18.879166666666663,2024-06-06,0.1801846822102864,824.5616125305461,3128.752686919264,0.1242346823825962,0.12367783473256809,0.1741778347325681,0.04994315234997189,3037.388288794939,R6,9.089386107299742e-06,0.11953268065347815,0.054645154079089944,0.1625416666666666,0.3257708333333333,15.558333333333332,12.945833333333333
627,2024-06-07,2024-06-07,5743.854166666667,0.0093307931828867,107.17782222507968,2496.88452358858,0.167022189415481,2422.8425180109903,0.1733805338541666,5.660343565206565e-06,789.1479166666667,0.1138958333333333,0.1623125,0.1460871542527757,0.0586244762985787,0.0301315161537459,19.335416666666667,18.0625,0.0,789.1479166666667,36.27916666666667,19.527083333333334,2024-06-07,0.1733805338541666,814.827247512452,3156.276733403518,0.11989233856151331,0.11414795469062902,0.16464795469062904,0.04475561612911573,3062.6812718227775,R6,8.263513525993219e-06,0.11638507656150611,0.04826287812912293,0.1526041666666666,0.3243541666666666,16.179166666666667,13.472916666666668
628,2024-06-08,2024-06-08,5767.645833333333,0.0093116392278109,107.39913021955626,2497.3267652975987,0.1667912199388569,2401.5086990570885,0.1805343627929687,7.389981435532406e-06,788.4625,0.1038541666666666,0.1494375,0.1356448628768812,0.0464512090670742,0.0238747609315446,19.54583333333333,18.10625,0.7267,788.4625,55.552083333333336,17.008333333333333,2024-06-08,0.1805343627929687,820.9118071530243,3156.8357649500426,0.1198057754467216,0.10598867327441713,0.15648867327441715,0.03668289782769556,3035.7134902683197,R6,1.8254940517881524e-05,0.11977113550893058,0.03671753776548657,0.1436458333333333,0.322375,16.118750000000002,13.733333333333334
629,2024-06-09,2024-06-09,5865.520833333333,0.0092349170500269,108.30147239032964,2525.523186163075,0.1575078354835918,2435.4041777589587,0.1697972615559896,6.857307735226143e-06,789.1374999999999,0.0960833333333333,0.138375,0.1269634930501933,0.0363307641348679,0.0186731050838273,20.085416666666667,18.60833333333333,0.0,789.1374999999999,49.25833333333333,18.01458333333333,2024-06-09,0.1697972615559896,818.8730030388241,3192.478465404227,0.1144153774412842,0.09920532113987765,0.14970532113987767,0.035289943698593465,3078.560289863412,R6,1.4468017353727021e-05,0.11442974674679617,0.0352755743930815,0.13575,0.3196875,16.545833333333334,14.00625
630,2024-06-10,2024-06-10,5911.166666666667,0.0091980045472353,108.7267840304255,2530.7909825669444,0.1553170242947225,2445.784312484445,0.1660664876302083,6.440617278799185e-06,789.0375,0.0899166666666666,0.1286041666666666,0.119566182870963,0.0277072321566304,0.0142408250958369,20.404166666666665,18.9875,0.0,789.0375,42.19375,18.95833333333333,2024-06-10,0.1660664876302083,812.8915192733582,3199.1374130122417,0.11343563727644106,0.09342529324152966,0.14392529324152967,0.03048965596508861,3091.6816726963507,R6,1.082366912941496e-05,0.11285594470081015,0.03106934854071952,0.1285833333333333,0.3175,16.9875,14.33125
631,2024-06-11,2024-06-11,5846.541666666667,0.0092500282893353,108.12560435334302,2526.496052372674,0.1571503587635941,2432.892409655066,0.1706568400065104,7.13378498350638e-06,790.3791666666666,0.0851041666666666,0.1203958333333333,0.1134290528734209,0.0205527752653943,0.0105636129994487,20.42708333333333,18.97083333333333,0.46109998,790.3791666666666,50.80833333333334,18.222916666666663,2024-06-11,0.1706568400065104,811.3150684366891,3193.7082519454398,0.11423380503195867,0.08862993090818046,0.13912993090818046,0.024896125876221795,3075.3851990047333,R6,1.5737483968137866e-05,0.11481127451552008,0.024318656392660384,0.1223958333333333,0.3144583333333333,16.858333333333334,14.49375
632,2024-06-12,2024-06-12,5952.645833333333,0.0091660583726385,109.1069629427282,2557.0780059500453,0.1466044397398365,2482.95120924208,0.1546160380045572,5.532484905581417e-06,790.7208333333333,0.0812291666666666,0.1136041666666666,0.108311644972854,0.0145870756249859,0.0074973924302814,21.116666666666667,19.65833333333333,0.0,790.7208333333333,34.1,20.429166666666667,2024-06-12,0.1546160380045572,815.309029466242,3232.3664708684178,0.10866905901138547,0.08463134767781215,0.13513134767781215,0.026462288666426678,3138.6638260080845,R6,7.716456347998824e-06,0.10751455593867575,0.027616791739136407,0.1169999999999999,0.3111666666666666,17.495833333333334,14.795833333333334
633,2024-06-13,2024-06-13,6037.229166666667,0.0091012422992221,109.88093069882176,2589.8345760696416,0.1363311555949439,2523.0859629042016,0.1431121826171875,4.899177271293183e-06,791.2375000000001,0.0773541666666666,0.1076666666666666,0.1035115005509393,0.0089912309301449,0.0046212680627441,21.43541666666667,19.866666666666667,0.0,791.2375000000001,31.4125,20.666666666666668,2024-06-13,0.1431121826171875,818.0723476607441,3273.773592086018,0.10300069465645732,0.08088066425336052,0.13138066425336054,0.028379969596903212,3189.3976056394204,R6,6.767820603063536e-06,0.10212547620545086,0.029255188047909678,0.1119791666666666,0.3068958333333333,17.614583333333332,15.04375
634,2024-06-14,2024-06-14,5958.708333333333,0.009161627690894,109.16157489540484,2586.093994759382,0.1375957946636493,2501.575888409737,0.1493263244628906,6.263443509403805e-06,791.6833333333334,0.0734583333333333,0.1030833333333333,0.0994467905460118,0.0042527306022593,0.0021857972800793,19.8875,19.40625,0.0,791.6833333333334,39.35416666666666,18.977083333333333,2024-06-14,0.1493263244628906,828.1394896891984,3269.0451756745106,0.10363341100539232,0.07770462638852411,0.12820462638852412,0.024571215383131798,3162.2070219262905,R6,9.398762686084387e-06,0.10493924349978952,0.0232653828887346,0.1085833333333333,0.3020416666666666,18.035416666666663,15.354166666666666
635,2024-06-15,2024-06-15,5907.9375,0.0092012067374837,108.69433505082,2552.5676009670524,0.1481506418125553,2454.3911360528923,0.1634546915690104,7.416970630781244e-06,789.3083333333334,0.0709166666666666,0.0991666666666666,0.0962268998221366,0.0004990917861218,0.0002565207088442,18.15,17.64375,1.5514,789.3083333333334,65.68124999999999,14.66875,2024-06-15,0.1634546915690104,831.0589289090785,3226.664931140987,0.1094727342624383,0.07518870401097053,0.12568870401097054,0.016215969748532247,3102.5614377479424,R6,2.4470237173788375e-05,0.11161597945245752,0.014072724558513022,0.105375,0.2972499999999999,16.402083333333334,15.15
636,2024-06-16,2024-06-16,6218.979166666667,0.0089681618841355,111.51887709684388,2590.246219793853,0.1362479443934329,2521.0099341100527,0.143829345703125,5.094276888481617e-06,784.4958333333334,0.0715833333333333,0.0974583333333333,0.0953532635296502,0.0005193636149721,0.0002669399224054,20.15217391304348,19.1625,0.0,784.4958333333334,35.9125,19.085416666666667,2024-06-16,0.143829345703125,829.0306709375542,3274.2939451487673,0.10293128905648745,0.0745060718080167,0.1250060718080167,0.022074782751529257,3186.7733267354724,R6,7.92463711554114e-06,0.10236393106090329,0.022642140747113418,0.1035416666666666,0.2914583333333333,17.072916666666668,15.033333333333331
637,2024-06-17,2024-06-17,6568.916666666667,0.0087256236300659,114.61525192593837,2628.9330664306394,0.1249497587340064,2578.4499357565487,0.128753662109375,3.623868897453114e-06,780.0604166666667,0.0700416666666666,0.0951875,0.0933826795505096,0.0028166032261532,0.0014476636887174,21.230434782608697,20.141666666666666,0.0,780.0604166666667,22.472916666666663,20.497916666666665,2024-06-17,0.128753662109375,825.0380376686189,3323.1974458012305,0.09659997183137546,0.07296631883031267,0.12346631883031266,0.026866346998937196,3259.3824278175407,R6,4.086665329076245e-06,0.09521028539733041,0.028256033432982247,0.1019166666666666,0.2857083333333333,17.88125,15.297916666666666
638,2024-06-18,2024-06-18,6524.166666666667,0.0087566864362323,114.2189964916637,2644.1402708635146,0.1206402514969459,2591.4889410026262,0.1255696614583333,3.763509943060737e-06,781.8937500000001,0.0672083333333333,0.0931666666666666,0.0909613769763932,0.0056392752070455,0.00289844656575,21.26458333333333,20.35625,0.0,781.8937500000001,28.316666666666663,16.577083333333334,2024-06-18,0.1255696614583333,826.3684802646441,3342.4206598017768,0.09421081494024254,0.07107438837320822,0.1215743883732082,0.027363573432965665,3275.8648516125236,R6,4.588897412853482e-06,0.09368417432243487,0.02789021405077334,0.1004166666666666,0.2799375,18.297916666666666,15.629166666666668
639,2024-06-19,2024-06-19,6334.770833333333,0.0088851312656969,112.55522668031853,2649.9932498255143,0.1192357899899016,2588.377963102102,0.126684824625651,4.422614923225805e-06,787.3479166666666,0.0639375,0.0905833333333333,0.0881040702923324,0.0089702259127239,0.0046104720085754,19.67234042553192,19.070833333333333,0.0,787.3479166666666,33.57083333333333,16.004166666666666,2024-06-19,0.126684824625651,821.3559807187148,3349.8193284804183,0.09330558780644786,0.06884177787725007,0.11934177787725007,0.026036190070802212,3271.9323080476156,R6,5.878859041147269e-06,0.09406570209115876,0.025276075786091312,0.098625,0.2740833333333333,17.722916666666666,15.7375
640,2024-06-20,2024-06-20,6133.770833333333,0.0090296900122355,110.75455088187134,2608.527602793451,0.130796884220127,2519.2704356502363,0.14422607421875,6.563194019835588e-06,789.8395833333334,0.0633541666666666,0.0899583333333333,0.0872367035463772,0.0099813724902469,0.0051301760871119,21.92708333333333,20.2125,0.0,789.8395833333334,40.91875,19.322916666666668,2024-06-20,0.14422607421875,841.1045599888807,3297.4031851920918,0.09989288021792232,0.06816404450278692,0.1186640445027869,0.018771164284864583,3184.5744511108123,R6,1.0353473051413363e-05,0.1026023859163557,0.0160616585864312,0.0978958333333333,0.2675416666666667,17.837500000000002,15.635416666666666
641,2024-06-21,2024-06-21,5639.541666666667,0.0094172940835564,106.19788649859538,2490.097477367113,0.1696550946134422,2373.0743009519388,0.1909650166829427,9.13360618769037e-06,792.9375,0.064875,0.0878958333333333,0.0868270552081739,0.0104589265549996,0.0053756269452671,16.8,17.875,7.1021,792.9375,77.46458333333334,13.939583333333331,2024-06-21,0.1909650166829427,889.6374330982661,3147.697323392772,0.12122886690848224,0.06784395804352567,0.11834395804352567,-0.00288490886495657,2999.7699661206225,R6,3.745658048921626e-05,0.1244448506757982,-0.0061008926322725365,0.0970833333333333,0.2620625,17.53125,15.75
642,2024-06-22,2024-06-22,5269.645833333333,0.0097459358165259,102.64266928741588,2323.015885916024,0.2450880430159912,2217.340847276813,0.262799580891927,8.823727820175888e-06,793.4479166666666,0.1948124999999999,0.0872916666666666,0.1423228478091504,0.0542361761994924,0.0278760395393423,16.650000000000002,16.920833333333334,15.0526,793.4479166666666,76.44375000000001,13.939583333333331,2024-06-22,0.262799580891927,901.0310768489716,2936.4918252229268,0.15970832424398762,0.11120664281713538,0.1617066428171354,0.001998318573147778,2802.9094898736375,R6,3.5993062227184464e-05,0.15544398188461397,0.006262660932521424,0.0961458333333333,0.2574583333333333,16.006249999999998,15.277083333333332
643,2024-06-23,2024-06-23,5112.895833333333,0.0098908500746685,101.11625057811864,2206.113801616777,0.3121396187174114,2111.138055293166,0.3261998494466145,8.341085755922883e-06,794.3666666666667,0.2418749999999999,0.09125,0.1638974206578529,0.0793870775906463,0.0408029744886476,16.839583333333334,17.09375,5.3515997,794.3666666666667,66.85625,15.860416666666666,2024-06-23,0.3261998494466145,870.4900433814732,2788.717538797461,0.19504395896791854,0.12806434243213474,0.17856434243213476,-0.01647961653578378,2668.6600289179046,R6,2.779314533928502e-05,0.1831047451170957,-0.004540402684960948,0.0966875,0.2537083333333333,16.266666666666666,15.064583333333331
644,2024-06-24,2024-06-24,5407.270833333333,0.0096173684782358,103.98816196372375,2337.166680206975,0.2347579665902869,2242.9946584327968,0.2465146382649739,7.776893507937953e-06,791.7604166666666,0.2149375,0.0955625,0.1538117825648693,0.0676295845954258,0.0347599168362652,19.22083333333333,19.31875,0.0,791.7604166666666,48.89166666666667,19.68958333333333,2024-06-24,0.2465146382649739,862.0590295199399,2954.379645968243,0.15597006427073629,0.12018373878869633,0.17068373878869633,0.014713674517960046,2835.3381130277376,R6,1.5542158561598802e-05,0.14967337438266518,0.021010364406031157,0.0979166666666666,0.2503958333333333,17.479166666666668,15.239583333333334
645,2024-06-25,2024-06-25,5559.895833333333,0.0094838454827687,105.44776263150256,2390.2290836456864,0.2099304044178172,2299.3543558946376,0.2204806009928385,7.318155467393609e-06,792.0520833333334,0.1803333333333333,0.0961458333333333,0.139094358045014,0.0504725129154229,0.0259416106420397,20.160416666666663,20.13958333333333,0.0,792.0520833333334,46.175,19.660416666666663,2024-06-25,0.2204806009928385,846.2227080346182,3021.455086506186,0.14281445275704985,0.10868400141720683,0.15918400141720684,0.016369548660156996,2906.5816167300263,R6,1.3633636739529058e-05,0.13794139549440568,0.021242605922801167,0.0986666666666666,0.2472708333333333,18.35833333333333,15.7125
646,2024-06-26,2024-06-26,5590.75,0.0094577593803768,105.73950851291106,2442.436802167073,0.1876923957744754,2341.9444048521013,0.2026303609212239,7.945289283437512e-06,792.3375,0.145125,0.0952708333333333,0.123461624490033,0.0322484051718876,0.016574874569802,20.95208333333333,20.59375,0.0,792.3375,46.64166666666667,20.49375,2024-06-26,0.2026303609212239,837.7592181032188,3087.450131818215,0.13106061662627633,0.0964690700589232,0.1469690700589232,0.01590845343264688,2960.419100734196,R6,1.4533881950030274e-05,0.12992931235120406,0.01703975770771915,0.0987916666666666,0.2429583333333333,18.797916666666666,16.09375
647,2024-06-27,2024-06-27,5636.229166666667,0.0094203474508359,106.16559657483197,2452.909089610881,0.183690516072383,2332.993218233244,0.206518809000651,9.526244049727469e-06,789.4,0.1180208333333333,0.0939166666666666,0.1110733787511806,0.0178066106959428,0.0091521530204488,20.68125,20.36458333333333,0.7209,789.4,62.56666666666666,18.5125,2024-06-27,0.206518809000651,829.3546713617926,3100.6880036109,0.12883080699390387,0.08678928048038104,0.13728928048038105,0.008458473486477186,2949.104031176695,R6,2.7053191469916473e-05,0.1315508053682806,0.005738475112100461,0.0986041666666666,0.2378541666666666,18.85833333333333,16.345833333333335
648,2024-06-28,2024-06-28,5869.979166666667,0.0092302238872491,108.34730632955198,2463.79526297181,0.1794700838271501,2351.986549011727,0.1988728841145833,8.803956481355824e-06,787.7875,0.1020625,0.0924166666666666,0.1033374390949739,0.0087883160198157,0.0045169748684257,19.6,19.6375,2.984,787.7875,62.65833333333333,17.21875,2024-06-28,0.1988728841145833,825.1729041648983,3114.449062790968,0.1265553115894434,0.08074465805014197,0.131244658050142,0.004689346460698601,2973.113234429637,R6,2.5261809668660132e-05,0.12811705544976562,0.003127602600376367,0.0979791666666666,0.2321875,18.5,16.431250000000002
649,2024-06-29,2024-06-29,5750.041666666667,0.0093269234001187,107.23108769674047,2521.463119463141,0.1586545062332635,2415.0292980213635,0.1763025919596354,8.166464327474742e-06,791.4645833333334,0.0927916666666666,0.0916458333333333,0.0986452322900841,0.003318301318515,0.0017055239738534,20.68125,20.183333333333334,1.5288,791.4645833333334,52.98333333333333,19.36875,2024-06-29,0.1763025919596354,832.0629374620556,3187.346191989095,0.11517624970304526,0.07707831371957297,0.12757831371957298,0.012402064016527728,3052.8046899331275,R6,1.849653928533966e-05,0.11757735083876823,0.01000096288080475,0.09725,0.2249583333333333,18.54583333333333,16.441666666666666
650,2024-06-30,2024-06-30,5696.75,0.0093698398160597,106.73535045034164,2529.447842189644,0.1559113896213819,2413.2220983234733,0.1768913269042968,8.923555859380644e-06,793.8104166666667,0.0881458333333333,0.0909375,0.0960928368065717,0.0003428056937704,0.0001761935620001,21.629166666666663,20.785416666666663,0.5804,793.8104166666667,53.56666666666666,20.14583333333333,2024-06-30,0.1768913269042968,832.3953683400379,3197.4395680848857,0.11368464786891565,0.07508395134394333,0.12558395134394335,0.011899303475027698,3050.520234122225,R6,1.9759414983733478e-05,0.11786349666531117,0.00772045467863218,0.0970208333333333,0.2183541666666666,18.991666666666667,16.579166666666666
651,2024-07-01,2024-07-01,5490.125,0.0095456996488772,104.7776182625404,2394.7942143040104,0.2093961114826009,2259.4450902492176,0.2402687072753906,1.1091638768374418e-05,791.36875,0.1230625,0.0900416666666666,0.1105768069383603,0.0172277242083422,0.0088546198286214,19.620833333333334,20.085416666666667,6.1663,791.36875,77.59791666666666,17.304166666666667,2024-07-01,0.2402687072753906,885.5132703741951,3027.225804192844,0.1417420620409775,0.08640127472395172,0.13690127472395172,-0.00484078731702578,2856.132873340476,R6,4.673921195375659e-05,0.14609655155087875,-0.009195276826927029,0.0966875,0.2129375,19.09375,16.83125
652,2024-07-02,2024-07-02,5390.145833333333,0.0096344073444515,103.81696572589397,2298.596496371905,0.2559161562845301,2196.069422446556,0.2728525797526042,8.662442701104773e-06,790.05625,0.225625,0.1141875,0.1626200552431596,0.0778979685449785,0.0400376096428159,18.254166666666663,18.72083333333333,16.1954,790.05625,66.89166666666667,16.441666666666666,2024-07-02,0.2728525797526042,890.7955729025164,2905.623617128446,0.16640776021919457,0.12706624886103612,0.17756624886103614,0.011158488641841574,2776.02057985645,R6,2.8854311091850175e-05,0.16049922482020545,0.017067024040830686,0.0961458333333333,0.2100625,18.070833333333333,16.7125
653,2024-07-03,2024-07-03,5645.458333333333,0.0094128380032094,106.25172488733168,2398.048204193982,0.2067869479073561,2323.1230697165897,0.2110761006673177,5.987253922985299e-06,790.8312500000001,0.2111666666666666,0.1189374999999999,0.1579279132259137,0.072428029370904,0.037226197567351,17.860416666666666,18.516666666666666,0.0,790.8312500000001,46.18958333333333,17.308333333333334,2024-07-03,0.2110761006673177,873.9444720328088,3031.3391272093554,0.14098309997941383,0.12339995515351526,0.17389995515351528,0.03291685517410145,2936.6273147630823,R6,1.2010999679177607e-05,0.13341075324080953,0.04048920191270575,0.0965208333333333,0.2075208333333333,17.908333333333335,16.610416666666666
654,2024-07-04,2024-07-04,5826.916666666667,0.0092648499603469,107.94689635793873,2495.581535168462,0.167737212945217,2438.32875613988,0.168554941813151,4.350141229016456e-06,792.4958333333334,0.175625,0.1097083333333333,0.1394692418051245,0.0509095396204153,0.0261662314498065,18.7125,19.23958333333333,0.0,792.4958333333334,32.072916666666664,17.666666666666668,2024-07-04,0.168554941813151,855.5677533216364,3154.6296440025217,0.12014775320353015,0.10897692391735561,0.15947692391735563,0.03932917071382548,3082.257208407907,R6,5.993517452865952e-06,0.11400052800698181,0.04547639591037382,0.09675,0.2049166666666666,18.3625,16.650000000000002
655,2024-07-05,2024-07-05,5875.958333333333,0.00922574917937,108.40159368979792,2544.573675464664,0.1507197342682782,2491.561616100093,0.1522064208984375,3.946671558403107e-06,794.30625,0.1397291666666666,0.1011875,0.1209620089968484,0.029334438660209,0.0150771685848319,18.604166666666668,19.01875,0.0,794.30625,31.954166666666666,16.541666666666668,2024-07-05,0.1522064208984375,840.826592988993,3216.559921945173,0.11091139162648654,0.0945159483247129,0.1450159483247129,0.03410455669822636,3149.548120645798,R6,5.576377460301877e-06,0.1063222816614136,0.038693666663299306,0.0964375,0.2017083333333333,18.25625,16.695833333333333
656,2024-07-06,2024-07-06,6063.729166666667,0.0090814245827924,110.12145894870568,2575.898638358128,0.140756259112973,2519.608454073316,0.1442642211914062,4.1408506934481645e-06,792.1,0.1102291666666666,0.0948541666666666,0.1058135219799454,0.011674849019239,0.0060005807134907,19.195833333333333,19.18125,0.0,792.1,32.50416666666667,16.997916666666665,2024-07-06,0.1442642211914062,832.0300888991454,3256.1573685316375,0.10537674361132522,0.08267939213685649,0.1331793921368565,0.027802648525531284,3185.0017354622305,R6,5.900714067376967e-06,0.10255469494526522,0.03062469719159129,0.09575,0.1971875,18.2,16.66875
657,2024-07-07,2024-07-07,6221.333333333333,0.0089655447205505,111.54383713465931,2613.7357504438305,0.1293793655705357,2553.796990941524,0.1350517272949218,4.34495323245425e-06,790.03125,0.092375,0.0913333333333333,0.0967547261167017,0.0011144136828454,0.0005727807906648,20.22553191489362,19.891666666666666,0.0,790.03125,30.641666666666666,18.50625,2024-07-07,0.1350517272949218,824.5292962489219,3303.986731646774,0.09904271893542226,0.07560113104649405,0.12610113104649406,0.02705841211107181,3228.2189857782946,R6,5.814136132402575e-06,0.09821481657603102,0.02788631447046304,0.095625,0.1931874999999999,18.558333333333334,16.724999999999998
658,2024-07-08,2024-07-08,6122.479166666667,0.0090378831244654,110.65307860884252,2609.783077129281,0.1303918601901839,2540.1751200521417,0.1385383605957031,5.076145110559827e-06,791.6999999999999,0.0834791666666666,0.0895416666666666,0.092067982381392,0.0043492323582149,0.0022353967716573,21.24375,20.516666666666666,0.0,791.6999999999999,35.268750000000004,18.48125,2024-07-08,0.1385383605957031,822.9833922742542,3298.9902127050304,0.09968732343285867,0.07193905538843147,0.12243905538843146,0.022751731955572785,3210.999769692245,R6,7.421147618412809e-06,0.09993169153528851,0.022507363853142948,0.0950416666666666,0.18975,18.96875,16.883333333333333
659,2024-07-09,2024-07-09,6172.695652173913,0.0090013401343251,111.10474131394746,2638.336228496351,0.1223426265405369,2569.4040307397845,0.1311101498811141,4.970832686043391e-06,792.4333333333334,0.0777291666666666,0.0881041666666666,0.0888068048597843,0.0081510019153784,0.0041894113412897,21.7375,20.60625,0.0,792.4333333333334,34.10208333333333,19.05208333333333,2024-07-09,0.1311101498811141,823.4208705627058,3335.0838511868396,0.0951162763585726,0.06939087279237341,0.11989087279237341,0.02477459643380081,3247.947626060687,R6,7.197096017895863e-06,0.09630717773241158,0.02358369505996183,0.094125,0.1867083333333333,19.035416666666663,17.014583333333334
660,2024-07-10,2024-07-10,6054.020833333333,0.0090888976865421,110.03248151687195,2628.647055309304,0.124965954014201,2550.7709426792285,0.1357599894205729,5.655384041238863e-06,794.1041666666666,0.0727083333333333,0.08675,0.0858484516183751,0.0115997492521933,0.0059619813095087,21.45531914893617,20.560416666666665,0.0,794.1041666666666,39.375,18.375,2024-07-10,0.1357599894205729,816.7431816959771,3322.835903151085,0.0966454290614479,0.06707930766204753,0.11757930766204754,0.020933878600599642,3224.3938005788154,R6,9.110163235428657e-06,0.09859634434475491,0.018982963317292628,0.0930416666666666,0.1835,19.11875,17.068749999999998
661,2024-07-11,2024-07-11,6076.520833333333,0.0090717781298593,110.23787495250612,2665.4312204645425,0.1150029743901652,2583.768707418661,0.127569834391276,5.853545080874848e-06,794.06875,0.069125,0.0858333333333333,0.0837961217335057,0.013992285452954,0.0071916851419912,22.629166666666663,20.9375,0.0,794.06875,36.9,20.175,2024-07-11,0.127569834391276,824.6682892270601,3369.3342508080636,0.09095509342994597,0.06547568097832873,0.11597568097832874,0.025020587548382767,3266.105812535102,R6,8.81572728263134e-06,0.0945903027731541,0.021385378205174638,0.0924166666666666,0.1815416666666666,19.079166666666666,17.099999999999998
662,2024-07-12,2024-07-12,6166.541666666667,0.0090055608970696,111.05044130548352,2669.362469173203,0.1138330897966619,2590.745367304904,0.1257985432942708,5.624576061758292e-06,793.4333333333334,0.0659166666666666,0.0854166666666666,0.0821304015129916,0.015934125289376,0.0081897423033233,23.585416666666664,21.945833333333336,0.0,793.4333333333334,32.65,22.325,2024-07-12,0.1257985432942708,816.65885393088,3374.303687205761,0.09036499423350962,0.06417413905131228,0.11467413905131228,0.024309144817802664,3274.924910522129,R6,7.810314283362223e-06,0.09377955626461583,0.020894582786696453,0.0920833333333333,0.179625,19.789583333333333,17.243750000000002
663,2024-07-13,2024-07-13,6164.9375,0.0090069644404069,111.03504670211028,2686.5370157116736,0.109359572374238,2618.978799573624,0.1191368103027343,4.779696081334713e-06,794.6604166666666,0.0625416666666666,0.0848333333333333,0.080334910215034,0.0180272478230313,0.0092655549914126,24.4,22.575,0.0,794.6604166666666,26.241666666666664,22.90833333333333,2024-07-13,0.1191368103027343,816.3546487024363,3396.013790790456,0.08782617808184766,0.06277119804411015,0.11327119804411014,0.025445019962262477,3310.614396572453,R6,5.6534113982397866e-06,0.09058426120155329,0.02268693684255685,0.091625,0.17825,20.31875,17.575
664,2024-07-14,2024-07-14,6092.104166666667,0.0090603999754481,110.37819391366185,2673.5336187591965,0.1127477226250554,2591.424040767675,0.1256230672200521,5.869957349782162e-06,795.3791666666666,0.064,0.086,0.0813335848795576,0.016863026951294,0.0086671745500315,29.8,27.3,0.0,795.3791666666666,31.5,22.48333333333333,2024-07-14,0.1256230672200521,812.2491044916384,3379.5763789403773,0.08974257087402397,0.06355153133857264,0.11405153133857264,0.024308960464548668,3275.782812135073,R6,7.397365388762408e-06,0.09368417432243487,0.020367357016137774,0.092,0.176,22.0,17.6
665,2024-08-03,2024-08-03,5950.583333333333,0.0091673923213498,109.08906591766348,2700.15796454166,0.1058099268437682,2631.6222137309205,0.1161880493164062,4.826751537358609e-06,795.3145833333333,0.0568333333333333,0.076875,0.0740216621294022,0.0253870171762014,0.0130482925637441,23.652083333333334,22.325,0.0,795.3145833333333,25.1,23.391666666666666,2024-08-03,0.1161880493164062,805.1964794964672,3413.2318413141456,0.0858568702469265,0.0578382225192227,0.10833822251922269,0.022481352272296196,3326.596759216163,R6,5.414931365251228e-06,0.08920122303992921,0.01913699947929348,0.08725,0.1695833333333333,20.510416666666668,18.47083333333333
666,2024-08-04,2024-08-04,6044.3125,0.0090962639515329,109.94394200416458,2680.5136337912795,0.1110242734863798,2590.0534183876857,0.1261240641276041,6.475845660568717e-06,792.9895833333334,0.05415,0.0764,0.0727623585528717,0.0268550703467998,0.0138028352158465,24.16153846153846,22.58,0.0,792.9895833333334,30.6,24.366666666666664,2024-08-04,0.1261240641276041,836.2439787497356,3388.3997181202394,0.08870940242808471,0.056854241906205735,0.10735424190620572,0.01864483947812101,3274.050227593268,R6,7.638117044517862e-06,0.0938749382067968,0.013479303699408918,0.08745,0.17,20.8925,18.86
667,2024-08-05,2024-08-05,5498.5,0.0095409546090034,104.8478437679827,2523.069747579276,0.1589590752720656,2390.5744805171585,0.1861826578776041,1.0298377654938596e-05,794.9166666666666,0.0657083333333333,0.0760833333333333,0.0776380691089731,0.0211711332293293,0.0108814335439634,21.37659574468085,22.05208333333333,6.1106997,794.9166666666666,69.14999999999999,19.1,2024-08-05,0.1861826578776041,860.612102034643,3189.377108074433,0.11487455872002421,0.06066397035556328,0.11116397035556327,-0.0037105883644609344,3021.8916978508114,R6,3.6805139312914826e-05,0.12153570143927857,-0.010371731083715294,0.0874166666666666,0.17,20.825,19.04375
668,2024-08-06,2024-08-06,5602.4375,0.0094490042028141,105.84575246459804,2548.642437863948,0.1496537858328819,2439.22933957985,0.1684735616048177,8.314919362196148e-06,795.6916666666666,0.0710833333333333,0.0749583333333333,0.0795350280946504,0.0189597231251101,0.0097448239998803,20.041666666666668,20.372916666666665,0.5451,795.6916666666666,49.575,21.058333333333334,2024-08-06,0.1684735616048177,840.0599526345326,3221.703187471986,0.11017684437537188,0.06214619505529564,0.11264619505529563,0.0024693506799237513,3083.3956233130466,R6,1.7166392177745422e-05,0.11385745509371036,-0.0012112600384147215,0.0871666666666666,0.17,19.74375,18.78333333333333
669,2024-08-07,2024-08-07,5820.5,0.009270166141287,107.88659059887998,2597.624926121693,0.1341729651977464,2490.544069175108,0.1525548299153646,7.967206354043272e-06,793.78125,0.0719166666666666,0.0760833333333333,0.0803332562823328,0.0180291759213796,0.0092665459857924,21.83125,21.641666666666666,0.0,793.78125,42.93333333333334,22.55,2024-08-07,0.1525548299153646,826.9125532290967,3283.6212644080924,0.10169464832127491,0.06276990571258378,0.11326990571258379,0.01157525739130888,3148.261853838448,R6,1.335339519907392e-05,0.10646535457468505,0.00680455113789874,0.0874999999999999,0.17,20.33125,18.691666666666663
670,2024-08-08,2024-08-08,5925.416666666667,0.0091874635321876,108.85564872677186,2628.367102961379,0.1253632658802484,2524.292458022056,0.1432266235351562,7.645617800669493e-06,793.0229166666667,0.069875,0.0757916666666666,0.0792901332379712,0.0192452131987599,0.0098915587651019,20.516666666666666,20.635416666666668,0.8254,793.0229166666667,55.125,18.141666666666666,2024-08-08,0.1432266235351562,817.9700705955811,3322.482019311496,0.09668994225782741,0.06195484183777853,0.11245484183777853,0.015764899579951114,3190.922719209341,R6,1.909959498220929e-05,0.1019347123210889,0.010520129516689625,0.0871666666666666,0.17,20.0125,18.741666666666664
671,2024-08-09,2024-08-09,5923.291666666667,0.0091912035427734,108.8282040115778,2637.712997112382,0.1232420459893101,2533.380343859016,0.1414972941080729,7.646627985725483e-06,793.225,0.0723333333333333,0.0760833333333333,0.0804231316470423,0.0179244022857134,0.0092126949547063,20.640425531914893,20.808333333333334,0.0,793.225,50.54166666666666,18.45833333333333,2024-08-09,0.1414972941080729,871.8583187601355,3334.2960331287095,0.09521396996307989,0.06284013152477883,0.11334013152477883,0.01812616156169894,3202.4105883326592,R6,1.574379625649366e-05,0.10079012901491725,0.012550002509861574,0.0870416666666666,0.17,20.008333333333333,18.65833333333333
672,2024-08-10,2024-08-10,5251.145833333333,0.0097598255862352,102.47404314148098,2386.294114246971,0.2116597956432836,2271.44870310812,0.2331250508626302,9.369438605082454e-06,794.6666666666666,0.2027083333333333,0.0757916666666666,0.136341293629831,0.0472630842924165,0.0242920445136211,17.525000000000002,17.98125,7.6784,794.6666666666666,73.95,16.016666666666666,2024-08-10,0.2331250508626302,899.4346210718684,3016.480946836334,0.14374602783032142,0.10653284258512409,0.1570328425851241,0.013286814754802673,2871.306472129452,R6,3.747745999429043e-05,0.143568930083083,0.013463912502041098,0.0858749999999999,0.1697083333333333,18.320833333333333,18.26875
673,2024-08-11,2024-08-11,4623.5625,0.0104136092031167,96.1156949476859,2131.207503004229,0.3816841918095817,2026.1291119101045,0.4138704935709635,9.617290218788196e-06,794.74375,0.3068333333333333,0.2453749999999999,0.238767148955192,0.1666676539800001,0.0856630101500293,17.39375,17.7625,25.3792,794.74375,76.46666666666667,15.516666666666666,2024-08-11,0.4138704935709635,843.1087795891526,2694.0295365039606,0.2228934269967724,0.1865652174549774,0.2370652174549774,0.01417179045820502,2561.2014149546326,R6,4.010119107713919e-05,0.21062243543630602,0.026442782018671396,0.092125,0.1698333333333333,17.9375,17.8
674,2024-08-12,2024-08-12,4690.041666666667,0.0103264058869474,96.84691235194732,2130.3457966771407,0.3690560257515038,2037.6706799247868,0.3847236633300781,8.420864822798222e-06,793.7062500000001,0.2770416666666667,0.2695833333333333,0.2484025016787532,0.1779002196450879,0.0914362682694168,18.152083333333334,18.38125,0.8455,793.7062500000001,54.88333333333333,18.616666666666667,2024-08-12,0.3847236633300781,835.766133266008,2692.9402656123675,0.2232429399814571,0.19409398212797666,0.24459398212797667,0.02135104214651956,2575.7909493314087,R6,1.938655936194936e-05,0.20652101192252423,0.038072970205452444,0.1657916666666666,0.17,18.225,17.587500000000002
675,2024-08-13,2024-08-13,4713.0625,0.0103017143311906,97.08256622544612,2192.3737692412165,0.3282269110958301,2080.829415455711,0.3559214274088542,9.909748928203544e-06,792.5958333333333,0.2680833333333333,0.2530833333333333,0.2430719069621896,0.171685994083697,0.0882423115859929,17.291666666666668,17.758333333333333,1.0006,792.5958333333333,74.29166666666667,16.116666666666667,2024-08-13,0.3559214274088542,868.0213266653485,2771.3489564327215,0.19980328920280666,0.18992882135602024,0.24042882135602026,0.0406255321532136,2630.347302063169,R6,3.822737750038496e-05,0.19226141156646898,0.04816740978955128,0.1858333333333333,0.1719166666666666,18.029166666666665,17.556250000000002
676,2024-08-16,2024-08-16,4968.416666666667,0.0100323555539879,99.6816003633618,2273.304421147985,0.2819492240213211,2192.8188216517665,0.2857271830240885,6.790362978612813e-06,792.6687499999999,0.2635416666666667,0.2625833333333333,0.2510757717937352,0.1810166267936946,0.0930380236840262,16.902083333333334,17.493750000000002,0.0,792.6687499999999,44.475,19.758333333333333,2024-08-16,0.2857271830240885,845.9021571991498,2873.6522592964793,0.17370003318876748,0.19618279217785126,0.24668279217785127,0.0729827589890838,2771.9115409476613,R6,1.2618479449512078e-05,0.16126228035765322,0.08542051182019805,0.220125,0.174,17.35833333333333,17.025000000000002
677,2024-08-17,2024-08-17,4994.291666666667,0.0100072339414926,99.93783347717084,2223.026493756964,0.3000564388624344,2151.256501788741,0.2981859842936198,6.183512613089174e-06,793.9729166666666,0.2477083333333333,0.2516666666666666,0.2394399345182946,0.167451964449257,0.086066126136151,16.945833333333333,17.554166666666667,0.0,793.9729166666666,40.391666666666666,19.141666666666666,2024-08-17,0.2981859842936198,833.394039103238,2810.096635907074,0.18937964686294984,0.18709091115040433,0.23759091115040434,0.04821126428745451,2719.3731948885475,R6,9.989059499597288e-06,0.17189736691083154,0.0656935442395728,0.2138333333333333,0.1752916666666666,17.55,17.150000000000002
678,2024-08-18,2024-08-18,4760.104166666667,0.0102511304052662,97.56443109874613,2203.157750464721,0.3139358075731683,2094.9800363763866,0.33782958984375,9.56777469786918e-06,795.93125,0.2408333333333333,0.24375,0.2327638555060596,0.1596692191734278,0.0820659895071297,17.983333333333334,18.383333333333333,2.9196,795.93125,68.00833333333334,17.291666666666668,2024-08-18,0.33782958984375,837.0728851451505,2784.980835964054,0.19605569899057695,0.18187443083427016,0.23237443083427017,0.03631873184369322,2648.23490365355,R6,3.1787654550123737e-05,0.18792153319723479,0.04445289763703539,0.2081666666666666,0.176,18.03333333333333,17.20625
679,2024-08-19,2024-08-19,4845.625,0.010158991940109,98.44108248466988,2231.001654853711,0.2945660015289972,2121.15767965294,0.3175684611002604,9.589937921599078e-06,796.1916666666666,0.2367083333333333,0.2365416666666666,0.2276384853469296,0.1536942374034784,0.0789949981552814,17.537499999999998,17.989583333333332,0.85639995,796.1916666666666,67.45833333333333,17.266666666666666,2024-08-19,0.3175684611002604,835.3652370833523,2820.1779252806928,0.1867798414225047,0.17786962614292298,0.228369626142923,0.0415897847204183,2681.325695649959,R6,3.102565545873534e-05,0.1801955958805761,0.0481740302623469,0.2031666666666667,0.1766666666666666,17.95208333333333,17.35
680,2024-08-20,2024-08-20,4952.875,0.0100492210149405,99.5218154006405,2240.6237808298465,0.2888017497494861,2142.2666045269,0.3040072123209635,8.508889685799076e-06,796.1166666666667,0.2265833333333333,0.2294166666666666,0.2197466509536553,0.1444942059584761,0.0742664118445364,17.212500000000002,17.639583333333334,0.43629998,796.1166666666667,55.03333333333333,19.1,2024-08-20,0.3040072123209635,835.2347007535099,2832.3411198767753,0.1837016583386421,0.17170319241808846,0.22220319241808847,0.03850153407944637,2708.0091917497657,R6,2.0025356427092155e-05,0.17432960643644632,0.04787358598164215,0.19725,0.1767083333333333,17.589583333333334,17.225
681,2024-08-21,2024-08-21,5033.5,0.0099711959871559,100.31930222936396,2258.1219313405472,0.2796686897610747,2150.7332111871056,0.3018811543782552,9.290199439676448e-06,795.2291666666666,0.2234166666666666,0.2222499999999999,0.21488203479338,0.1388232023093699,0.071351657652265,17.652083333333334,18.129166666666663,2.9406,795.2291666666666,64.03333333333333,17.775000000000002,2024-08-21,0.3018811543782552,875.003331203481,2854.460286707583,0.17826188317895136,0.16790213278426472,0.21840213278426474,0.04014024960531337,2718.7117105727343,R6,2.7655824139959136e-05,0.172040439824103,0.04636169296016174,0.191375,0.1775,17.935416666666665,17.23125
682,2024-08-22,2024-08-22,4735.104166666667,0.0102792726310576,97.30433118749517,2122.9563752098734,0.3782236459283806,2008.499936150499,0.418011983235677,1.0556451765255944e-05,794.5729166666666,0.305375,0.2534583333333333,0.259934531227951,0.1913438664818404,0.0983459668697723,16.852083333333333,16.989583333333332,9.7685995,794.5729166666666,83.96666666666667,14.841666666666669,2024-08-22,0.418011983235677,861.3747197823728,2683.599401495461,0.22627008303929258,0.20310475102963604,0.25360475102963603,0.027334667990343453,2538.9166209429522,R6,5.109498615272788e-05,0.2170607165335216,0.03654403449611443,0.187875,0.178,17.224999999999998,17.1875
683,2024-08-23,2024-08-23,4732.708333333333,0.0102790906003659,97.28854001043464,2113.857994337497,0.3829817071964527,2004.4804866875045,0.4168586730957031,1.0102130175493554e-05,792.9416666666666,0.2886249999999999,0.269875,0.2608267653202576,0.1923840025638291,0.0988805708293354,16.212500000000002,16.510416666666668,0.8407,792.9416666666666,80.23333333333333,14.958333333333334,2024-08-23,0.4168586730957031,858.6907810929954,2672.0982657449567,0.2300725751797303,0.2038019149744263,0.2543019149744263,0.024229339794695992,2533.8356912078007,R6,4.472366577136483e-05,0.21858682760841713,0.035715087366009146,0.2015,0.178,16.772916666666667,16.89375
684,2024-08-24,2024-08-24,4734.354166666667,0.0102781460786971,97.30279441485186,2114.9336023980823,0.3823027057520543,2009.6115237258327,0.4126447041829427,9.71125261856997e-06,793.71875,0.3071666666666666,0.2764583333333333,0.273651755547705,0.2073349388727461,0.1065649785605254,16.322916666666668,16.375,6.3606997,793.71875,77.72500000000001,15.266666666666666,2024-08-24,0.4126447041829427,856.4463875540984,2673.4579268201137,0.22961863481774125,0.213822963100652,0.264322963100652,0.03470432828291076,2540.321763218464,R6,4.144001389952218e-05,0.2166791887647977,0.047643774335854316,0.2149583333333333,0.178,16.35625,16.537499999999998
685,2024-08-25,2024-08-25,4750.541666666667,0.0102609711747862,97.46789260283792,2135.877717231824,0.3640999937809949,2039.5439706305424,0.382794698079427,8.748903764583475e-06,794.7875,0.2928333333333333,0.27575,0.2697822818502745,0.2028240383750989,0.1042464884042885,15.977083333333333,16.445833333333333,1.5963,794.7875,70.425,14.8,2024-08-25,0.382794698079427,852.4874249251083,2699.9330888578293,0.22101165743272533,0.21079947680885516,0.2612994768088552,0.04028781937612985,2578.1589498591143,R6,3.004667364912361e-05,0.20590102929834792,0.055398447510507265,0.2279583333333333,0.178,16.610416666666666,16.443749999999998
686,2024-08-26,2024-08-26,4747.3125,0.0102643201167109,97.4352094208424,2144.2573262447345,0.3577160890587192,2054.038745907288,0.3706169128417969,8.136775675528794e-06,796.03125,0.2846249999999999,0.2725416666666667,0.2650778876856382,0.1973398160653626,0.1014277351539407,15.345833333333331,15.60625,3.9332,796.03125,64.38333333333334,15.508333333333333,2024-08-26,0.3706169128417969,848.9647546279894,2710.52563517409,0.21768728363906487,0.20712360965476856,0.25762360965476855,0.03993632601570368,2596.4815921478144,R6,2.449056884691818e-05,0.20094116830493738,0.056682441349831164,0.2274583333333333,0.178,15.902083333333332,16.25
687,2024-08-27,2024-08-27,4815.645833333333,0.0101909414156566,98.13487842163772,2177.356891420331,0.3319111270762239,2097.745364701195,0.3350817362467448,7.030645668379262e-06,796.3729166666667,0.267,0.2634166666666667,0.2536930254586913,0.1840677318748738,0.0946062154674734,14.529166666666669,15.214583333333332,0.0,796.3729166666667,55.6,16.083333333333332,2024-08-27,0.3350817362467448,841.0866497197335,2752.366331635038,0.20517486480337582,0.19822783271744832,0.24872783271744833,0.04355296791407251,2651.73051643394,R6,1.7299455846224996e-05,0.18706309571760604,0.06166473699984229,0.2236666666666666,0.1777916666666666,15.647916666666667,15.925
688,2024-08-28,2024-08-28,5048.3125,0.009955785410467,100.46921971630952,2201.308715760921,0.316749279071006,2130.905369751401,0.3136520385742187,6.123970947598146e-06,793.6291666666666,0.2517083333333333,0.254125,0.2428622633012443,0.1714415986520613,0.0881166984400651,14.5,15.220833333333331,0.0,793.6291666666666,46.775,16.616666666666667,2024-08-28,0.3136520385742187,833.2033985584009,2782.6434971084823,0.19669191458584007,0.18976501232549212,0.24026501232549213,0.04357309773965207,2693.647614093341,R6,1.1859908625572097e-05,0.1774295195573279,0.06283549276816422,0.217875,0.1774583333333333,15.60625,15.84375
689,2024-08-29,2024-08-29,5189.958333333333,0.0098165621793552,101.87746530100108,2273.071632577679,0.2693394518854399,2203.3675417232,0.2675056457519531,5.864460264753388e-06,792.3083333333334,0.2385833333333333,0.2459583333333333,0.233407561169308,0.1604196292869824,0.0824516815573809,15.2375,15.879166666666668,0.0,792.3083333333334,43.64166666666667,17.141666666666666,2024-08-29,0.2675056457519531,849.0501797106658,2873.3579945271968,0.17376890705533993,0.1823774024011982,0.23287740240119822,0.0591084953458583,2785.246030153754,R6,1.0510395929650748e-05,0.15873465888985747,0.07414274351134076,0.2122916666666666,0.1777916666666666,15.985416666666666,15.8625
690,2024-08-30,2024-08-30,5160.729166666667,0.0098448455490954,101.58837640255037,2301.6208815191453,0.2537774568397699,2235.4927487174887,0.2508430480957031,5.48044311810862e-06,795.7958333333332,0.2240416666666666,0.2371666666666666,0.222949319163045,0.1482277673544685,0.0761853691234277,14.264583333333334,15.195833333333333,0.0,795.7958333333332,46.05,15.258333333333333,2024-08-30,0.2508430480957031,835.3467914533513,2909.446700007492,0.16556034744629755,0.174205657658954,0.224705657658954,0.059145310212656454,2825.855054092962,R6,1.051747114183793e-05,0.1513425583708322,0.07336309928812182,0.2057916666666666,0.178,15.7125,15.8875
691,2024-08-31,2024-08-31,5231.208333333333,0.0097776743710912,102.28190260126456,2336.278549381572,0.2350860078077555,2277.923679126992,0.2298113505045572,4.745637460605249e-06,796.21875,0.2104583333333333,0.2284166666666666,0.2129099662197387,0.1365242320085406,0.0701700443547131,14.075,14.847916666666668,0.0,796.21875,36.96666666666667,16.558333333333334,2024-08-31,0.2298113505045572,824.0934230954908,2953.256972238659,0.15620168967918657,0.16636121979063273,0.21686121979063275,0.060659530111446175,2879.4913985706394,R6,7.260255497044015e-06,0.1422335828925494,0.07462763689808335,0.1992916666666666,0.178,15.3125,15.75625
692,2024-09-01,2024-09-01,5327.083333333333,0.0096901177723987,103.2119546016833,2366.3110346386634,0.2212961573724354,2302.041982939937,0.2197837829589843,5.171425156410788e-06,795.5979166666666,0.1987083333333333,0.2199166666666666,0.2036138451145263,0.1256871309972229,0.0646000451871433,15.35,15.5375,0.0,795.5979166666666,35.458333333333336,18.25,2024-09-01,0.2197837829589843,831.7998212393487,2991.220615958556,0.14858272166157854,0.1590975201440485,0.2095975201440485,0.06101479848246996,2909.9790084119422,R6,7.401014008461349e-06,0.13741679481241034,0.07218072533163816,0.192125,0.178,15.577083333333333,15.6375
693,2024-09-02,2024-09-02,5395.1875,0.0096281533512097,103.87183012266124,2392.2882349553133,0.2089385135915017,2320.7715504877324,0.2113380432128906,5.705338938862836e-06,795.6916666666666,0.1864166666666666,0.2110416666666666,0.1941067088358841,0.11460403569178,0.0589036110982719,15.783333333333331,16.033333333333335,0.0,795.6916666666666,41.90833333333333,17.075,2024-09-02,0.2113380432128906,827.4787799941928,3024.0580308184813,0.14232963237594104,0.15166893980977542,0.20216893980977543,0.05983930743383439,2933.6547922615105,R6,9.611418955350792e-06,0.13383997198062392,0.06832896782915152,0.1857083333333333,0.178,15.96875,15.79375
694,2024-09-03,2024-09-03,5440.8125,0.0095877278370536,104.31000118225649,2412.157956912009,0.2002285884271856,2335.530172094723,0.2052866617838541,6.075957358919888e-06,794.4812499999999,0.1735833333333333,0.2007916666666666,0.1836399022562325,0.1024021894716389,0.052632166989924,15.247916666666669,15.61875,0.0,794.4812499999999,44.79166666666666,17.341666666666665,2024-09-03,0.2052866617838541,826.1923908055495,3049.1750678775206,0.13774339060237828,0.14349050297649754,0.19399050297649756,0.05624711237411928,2952.31095899857,R6,1.1247143881002535e-05,0.13107389565737573,0.06291660731912183,0.1779166666666666,0.178,15.833333333333334,15.8375
695,2024-09-04,2024-09-04,5411.5,0.0096153211155319,104.02268663563444,2426.7094671129857,0.1942007096084688,2338.176709827402,0.2043622334798177,7.022253464256947e-06,795.0604166666667,0.16365,0.18985,0.1742194542303611,0.0914201523754361,0.0469876742957812,13.88,14.6275,0.3964,795.0604166666667,55.41666666666666,15.391666666666666,2024-09-04,0.2043622334798177,858.3741238843394,3067.569427988823,0.1344870380996827,0.1361296581443643,0.18662965814436433,0.05214262004468162,2955.6564102562534,R6,1.6419221449589833e-05,0.13059698594647087,0.05603267219789346,0.17025,0.178,15.39,15.82
696,2024-09-05,2024-09-05,4819.3125,0.0101894632932257,98.1643962315592,2276.950358681136,0.2686240413584537,2184.586530715803,0.2796579996744792,7.83452204493605e-06,798.0020833333333,0.2509166666666667,0.1935416666666667,0.2122489969758847,0.1357536966013584,0.0697740084063441,13.279166666666669,13.9125,6.8854,798.0020833333333,68.31666666666666,14.175,2024-09-05,0.2796579996744792,869.1117243976158,2878.2610378357404,0.17262560066837096,0.16584475899922874,0.21634475899922875,0.043719158330857794,2761.505217347863,R6,2.6392708359596017e-05,0.16331299211454411,0.05303176688468464,0.1659166666666666,0.178,14.641666666666666,15.46875
697,2024-09-06,2024-09-06,4874.229166666667,0.0101300990878077,98.7280869341543,2313.4660392415003,0.247321744322027,2236.38430376461,0.2502708435058594,6.385214896289924e-06,798.5749999999999,0.2443333333333333,0.192,0.2080876292803101,0.130902516033488,0.0672806227955106,12.604166666666666,13.304166666666667,0.0,798.5749999999999,53.81666666666666,15.066666666666668,2024-09-06,0.2502708435058594,854.5233896868506,2924.4199978790457,0.1622899776717726,0.16259319582384113,0.21309319582384115,0.050803218152068536,2826.982056333231,R6,1.4947308387369177e-05,0.15110410351537976,0.06198909230846139,0.1617916666666666,0.178,14.085416666666667,15.03125
698,2024-09-07,2024-09-07,5040.020833333333,0.0099615921650966,100.39478468997676,2354.408347910579,0.2263012598329579,2278.407056880001,0.2296549479166666,6.177576395610144e-06,795.625,0.2273333333333333,0.1883333333333333,0.198709893598322,0.1199702715314063,0.0616617222507366,13.066666666666668,13.622916666666669,0.0,795.625,48.525,16.258333333333333,2024-09-07,0.2296549479166666,846.6105379251039,2976.1745964771067,0.15155053822381148,0.15526572508759784,0.20576572508759786,0.054215186863786374,2880.102429613867,R6,1.2613084519194106e-05,0.14213820095036842,0.06362752413722944,0.157625,0.1777916666666666,14.183333333333332,14.90625
699,2024-09-08,2024-09-08,5226.291666666667,0.0097832213279679,102.23053865739026,2399.418660545047,0.2065784238924764,2324.7952405406904,0.2104326883951822,5.9434842409820885e-06,793.3083333333334,0.2101666666666666,0.18275,0.1885149501869392,0.1080853541230182,0.0555531716335354,13.760416666666666,14.14375,0.0,793.3083333333334,46.29166666666666,16.141666666666666,2024-09-08,0.2104326883951822,846.9151993944427,3033.071501876324,0.14066479533074322,0.14729971367099898,0.197799713670999,0.057134918340255775,2938.7410824670046,R6,1.1256560753006504e-05,0.13307691644317612,0.06472279722782287,0.152875,0.1777083333333333,14.433333333333332,14.89375
700,2024-09-09,2024-09-09,5283.958333333333,0.0097287038171383,102.79645205139369,2466.02213263354,0.1785233891600835,2390.5037896654826,0.1844876607259114,5.847310902865401e-06,793.5020833333333,0.1923333333333333,0.1752083333333333,0.1774223218753225,0.0951539462666179,0.0489067510713912,13.854166666666666,14.258333333333333,0.0,793.5020833333333,46.575,15.741666666666667,2024-09-09,0.1844876607259114,850.8147707000636,3117.264017521649,0.1260950600485824,0.13863227921797722,0.18913227921797723,0.06303721916939484,3021.8023385359124,R6,1.1128107037045989e-05,0.12153570143927857,0.06759657777869867,0.14825,0.178,14.60625,14.93125
701,2024-09-10,2024-09-10,5302.291666666667,0.0097130561466843,102.9703732747757,2454.564221278866,0.1831676402392169,2373.3071915057444,0.1911252339680989,6.346999840912412e-06,792.6416666666668,0.1759583333333333,0.165875,0.1661646721559025,0.0820301620797939,0.0421614538817062,14.233333333333334,14.34375,0.29029998,792.6416666666668,53.43333333333334,15.0,2024-09-10,0.1911252339680989,836.2444707564557,3102.780232356374,0.1284820815152805,0.1298359021739572,0.18033590217395723,0.05185382065867672,3000.0643598058177,R6,1.462287777735431e-05,0.1244448506757982,0.055891051498159025,0.1426666666666666,0.178,14.55625,14.9
702,2024-09-11,2024-09-11,5541.875,0.0095006337081832,105.27161732002337,2465.025550047327,0.1792418834196436,2382.563658393014,0.1876729329427083,6.408074048604826e-06,788.9083333333333,0.1607916666666666,0.1555833333333333,0.1552902688276931,0.0693531534681552,0.035645788175503,14.017021276595743,14.4625,0.2307,788.9083333333333,53.04166666666666,14.566666666666668,2024-09-11,0.1876729329427083,840.625485577855,3116.0042514411343,0.1263008176784835,0.1213389819297018,0.17183898192970182,0.045538164251218316,3011.7653298722344,R6,1.394797603495383e-05,0.12287104862981217,0.048967933299889646,0.138,0.178,14.69375,14.8625
703,2024-09-12,2024-09-12,5905.020833333333,0.0092038412047455,108.66608674375884,2470.587352188624,0.1778315647568918,2403.7149926310663,0.1809857686360677,5.15852634851979e-06,782.5729166666666,0.1488333333333333,0.1438333333333333,0.1450263629788993,0.0573878420016699,0.029495917020991,13.619148936170212,13.647916666666667,1.0172,782.5729166666666,39.28333333333333,16.925,2024-09-12,0.1809857686360677,827.5550682948696,3123.034847581456,0.125156978183935,0.11331908541128675,0.16381908541128676,0.03866210722735175,3038.502435054839,R6,8.352443823566251e-06,0.1193896077402067,0.04442947767108006,0.1319583333333333,0.1775,14.045833333333334,14.70625
704,2024-09-13,2024-09-13,5903.0,0.0092055768579706,108.64686469813591,2565.03677110345,0.1442305320124005,2511.3672011996496,0.1465428670247396,3.95690772121742e-06,786.40625,0.134875,0.130875,0.1334368739086596,0.0438772108145045,0.0225517901380487,13.525531914893618,13.877083333333331,0.0,786.40625,33.61666666666667,14.875,2024-09-13,0.1465428670247396,837.5870696234365,3242.427034359841,0.10726489440196944,0.10426341942858025,0.15476341942858027,0.047498525026610824,3174.5840832025806,R6,5.477312357234319e-06,0.10365158728034639,0.05111183214823388,0.1257916666666666,0.1760833333333333,14.272916666666667,14.60625
705,2024-09-14,2024-09-14,5736.333333333333,0.0093371154164901,107.1068422531393,2553.059753549692,0.1478966540958603,2500.624430757052,0.1494598388671875,3.884062897589682e-06,790.5124999999999,0.121,0.1180416666666666,0.1219380110106227,0.0304722285287802,0.0156619641509333,11.719148936170212,12.329166666666666,0.0,790.5124999999999,36.375,13.7,2024-09-14,0.1494598388671875,832.9158200251101,3227.2870543233744,0.10938476068110901,0.09527856591567165,0.14577856591567165,0.036393805234562634,3161.0042976418395,R6,5.8264013380057634e-06,0.10508231641306097,0.04069624950261068,0.1194166666666666,0.176,13.377083333333331,14.41875
706,2024-09-15,2024-09-15,5793.791666666667,0.009290711992697,107.64188881089775,2578.660032381773,0.1398193340653976,2516.154288542591,0.145117441813151,4.603817195294372e-06,790.2333333333332,0.11025,0.108375,0.1130377710247654,0.0200966322279078,0.0103291668743789,11.202083333333334,11.935416666666669,0.0,790.2333333333332,40.94166666666667,13.133333333333333,2024-09-15,0.145117441813151,830.9527687533185,3259.648008017064,0.10490182572523586,0.08832419545210941,0.13882419545210942,0.033922369726873555,3180.635373223627,R6,7.045080784933107e-06,0.10303160465617008,0.03579259079593934,0.1140416666666666,0.176,12.9875,14.108333333333333
707,2024-09-16,2024-09-16,5732.0,0.009340225588215,107.0679778416474,2553.325661681972,0.1477395034765716,2467.049320462103,0.1592369079589843,6.4761015611476656e-06,788.6895833333333,0.10275,0.101625,0.1065995145641639,0.0125911323736529,0.0064715274653954,12.045833333333334,12.277083333333332,0.054899998,788.6895833333333,58.075,13.141666666666666,2024-09-16,0.1592369079589843,830.4910564351175,3227.6231850667914,0.10933725758319397,0.08329354227448804,0.13379354227448806,0.024456284691294086,3118.562471260098,R6,1.578780800794122e-05,0.10975603157992857,0.02403751069455949,0.1093333333333333,0.1750416666666666,12.725,13.69375
708,2024-09-17,2024-09-17,5605.791666666667,0.0094461483919121,105.87760690571758,2503.344844486416,0.1652696623018144,2402.9849232888505,0.1807339986165364,7.740660151009086e-06,786.19375,0.0979166666666666,0.097,0.1022751347127961,0.0075499177928421,0.0038804691196873,12.1625,12.445833333333333,1.6932,786.19375,76.50833333333334,11.541666666666666,2024-09-17,0.1807339986165364,846.1759835450572,3164.443134511589,0.11863412382864401,0.07991460647507553,0.13041460647507555,0.011780482646431542,3037.5795646309816,R6,2.9876933081239837e-05,0.11953268065347815,0.010881925821597402,0.1059583333333333,0.174,12.79375,13.4625
709,2024-09-18,2024-09-18,5660.833333333333,0.0093987394934672,106.40129398167916,2496.5244083339003,0.1670846093816475,2444.903395545094,0.1661516825358072,3.910105533074169e-06,785.9187499999999,0.0937916666666666,0.092625,0.0983570574951374,0.0029823569685643,0.001532856971154,9.240425531914894,10.66875,3.6536,785.9187499999999,38.16666666666666,12.4,2024-09-18,0.1661516825358072,842.8361405694968,3155.821516756952,0.11996287364169995,0.07685314290558312,0.12735314290558314,0.007390269263883184,3090.5681179390253,R6,5.7818178776630445e-06,0.11299901761408161,0.014354125291501527,0.1024583333333333,0.174,11.960416666666667,13.2375
710,2024-09-19,2024-09-19,5681.083333333333,0.0093826920076682,106.5887107252276,2543.549217476524,0.1510441795876237,2488.8515330500018,0.1528828938802083,4.070308426081609e-06,788.8520833333333,0.0897916666666666,0.089375,0.0948885101342001,0.0010611572765265,0.0005454083283657,8.551063829787234,9.658333333333331,0.0,788.8520833333333,42.75,11.816666666666668,2024-09-19,0.1528828938802083,837.5430784945886,3215.2649189597446,0.11109709629329269,0.07414292797242415,0.12464292797242414,0.013545831679131454,3146.122342642937,R6,6.934479728695885e-06,0.10670380943013748,0.017939118542286664,0.0994166666666666,0.1723333333333333,11.052083333333334,12.8125
711,2024-09-20,2024-09-20,5763.666666666667,0.0093152807112964,107.36042658077064,2564.7702630255694,0.1441014966991564,2507.1444937557367,0.1476402282714843,4.262466268186476e-06,788.1395833333332,0.0882916666666666,0.0875416666666666,0.0931617431983157,0.0030741632921957,0.0015800431278274,10.404255319148936,10.847916666666668,0.0,788.1395833333332,38.48333333333333,14.558333333333332,2024-09-20,0.1476402282714843,834.9942749653169,3242.090145233599,0.10731162905046847,0.07279368604238044,0.12329368604238043,0.015982056991911964,3169.2462179023314,R6,6.898631836809008e-06,0.10422387893343223,0.019069807108948206,0.0970833333333333,0.172,11.389583333333334,12.56875
712,2024-09-21,2024-09-21,5855.395833333333,0.009246847857392,108.19352548482468,2593.000074930977,0.1374100264867969,2531.349325352679,0.1433194478352864,4.540264779387434e-06,787.2458333333334,0.0899148936170212,0.0862978723404255,0.0930699988092657,0.0031811157727093,0.0016350140307291,9.62608695652174,10.659574468085106,0.0,787.2458333333334,45.59166666666667,11.891666666666666,2024-09-21,0.1433194478352864,871.2136898504536,3277.775054833398,0.10246810692006365,0.0727219998327478,0.1232219998327478,0.020753892912684146,3199.843206302732,R6,8.017508609246632e-06,0.10102858387036968,0.022193415962378116,0.0951489361702127,0.172,11.546808510638298,12.548936170212764
713,2024-09-22,2024-09-22,4752.625,0.010258178620834,97.49096049687893,2176.4414656313293,0.3326711093195064,2098.2592606610224,0.3346125284830729,6.899866889880393e-06,790.7333333333332,0.3050416666666666,0.259125,0.2431733387947234,0.1718042398555078,0.0883030869584718,9.89375,10.041666666666666,24.052599,790.7333333333332,84.30833333333334,8.408333333333333,2024-09-22,0.3346125284830729,869.7511916582625,2751.2091547244972,0.20550824909924026,0.19000807703242434,0.24050807703242436,0.0349998279331841,2652.380125114706,R6,2.9318229354011558e-05,0.1869200228043346,0.053588054228089765,0.094875,0.1717499999999999,10.866666666666667,12.275
714,2024-09-23,2024-09-23,4869.0,0.0101357361139689,98.6744454168663,2216.5844794176915,0.3047187807676793,2146.4641838669736,0.3016077677408854,6.053381242808307e-06,791.0979166666666,0.2712916666666666,0.2478749999999999,0.226082021439452,0.1518797648514431,0.0780624045960021,9.460416666666667,10.016666666666667,0.0,791.0979166666666,66.04166666666667,10.775,2024-09-23,0.3016077677408854,865.7422910195019,2801.9533758631233,0.19151259932376608,0.17665345369780208,0.2271534536978021,0.035640854374036024,2713.315292966112,R6,1.8248942958168965e-05,0.17318502313027467,0.053968430567527426,0.101125,0.1712083333333333,10.820833333333333,12.13125
715,2024-09-24,2024-09-24,5005.833333333333,0.0099951269591361,100.05513078173028,2242.3220177858907,0.2874331997062904,2176.6356998917,0.2821706136067708,5.588543407708336e-06,791.5895833333334,0.2539583333333333,0.2332916666666666,0.2150881629858169,0.1390634995276868,0.071475164418936,9.6625,10.175,0.0,791.5895833333334,55.21666666666667,12.366666666666667,2024-09-24,0.2821706136067708,850.2417690765701,2834.4878374127807,0.1831648886656515,0.1680631949371357,0.21856319493713572,0.035398306271484214,2751.4546835309143,R6,1.307370170883638e-05,0.1653160129003445,0.05324718203679121,0.1079166666666666,0.171,10.783333333333331,11.95
716,2024-09-25,2024-09-25,5091.9375,0.009910558125425,100.91094580663984,2296.179578491509,0.2561608967722423,2223.7144851530647,0.2562726338704427,6.034755748552693e-06,792.4875000000001,0.24025,0.222,0.2063537279430195,0.1288811929759236,0.0662417132443063,10.0125,10.28125,0.0,792.4875000000001,52.325,14.566666666666668,2024-09-25,0.2562726338704427,853.3672537438583,2902.5684251080006,0.16708865362954234,0.16123837929463006,0.21173837929463007,0.044649725665087736,2810.966316188953,R6,1.349586510714853e-05,0.1539655617808089,0.057772817513821184,0.112625,0.1710833333333333,10.775,11.825
717,2024-09-26,2024-09-26,5176.75,0.0098292707167363,101.74708358561166,2336.943593731742,0.2351883799009155,2266.6991510590938,0.2353808085123697,5.739621655514725e-06,791.50625,0.227625,0.2129166666666666,0.1985665974768424,0.1198032217990041,0.0615758628618233,10.720833333333331,10.916666666666666,0.0,791.50625,46.75833333333333,15.658333333333331,2024-09-26,0.2353808085123697,851.5293924677827,2954.0976454813713,0.15602820822967545,0.1551537579590323,0.20565375795903232,0.04962554972935687,2865.3026299474013,R6,1.1166985663113608e-05,0.1445704404759832,0.06108331748304913,0.1159583333333333,0.1715833333333333,11.170833333333334,11.875
718,2024-09-27,2024-09-27,5219.5625,0.0097884667351612,102.16837770946309,2356.9410311586685,0.2250132578545124,2290.070017825546,0.2244122823079427,5.410570976284519e-06,793.1541666666667,0.2148333333333333,0.2045833333333333,0.1905197989762863,0.1104225384815988,0.0567544260020381,10.845833333333331,11.0125,0.0,793.1541666666667,43.958333333333336,15.483333333333334,2024-09-27,0.2244122823079427,844.856896731639,2979.3761258764466,0.15091345480341173,0.1488662401047467,0.1993662401047467,0.04845278530133498,2894.845415093272,R6,9.641963071675527e-06,0.13980134336693462,0.059564896737812095,0.1170833333333333,0.172,11.3375,11.975
719,2024-09-28,2024-09-28,5208.875,0.0097984334126518,102.06396164098672,2380.626930449987,0.2140572901348017,2311.012208747268,0.2153269449869791,5.577714971706353e-06,794.4812499999999,0.2031666666666667,0.1969583333333333,0.182955854765897,0.1016047502316158,0.0522223031436354,11.372916666666669,11.495833333333332,0.0,794.4812499999999,42.99166666666667,16.5,2024-09-28,0.2153269449869791,849.8505663542238,3009.3171392219424,0.14509958372731108,0.14295600956171073,0.19345600956171075,0.04835642583439967,2921.3181451407654,R6,9.79889882239566e-06,0.13569991985315286,0.05775608970855789,0.1170833333333333,0.172,11.675,12.10625
720,2024-09-29,2024-09-29,5323.770833333333,0.0096922299790373,103.1830914548592,2408.3516568570035,0.2017444027933308,2336.0986263352847,0.2049853006998697,5.728720788136731e-06,793.6479166666667,0.191375,0.1892916666666666,0.1750298905430736,0.092364931395062,0.0474732671076741,11.808333333333332,11.725,0.0,793.6479166666667,43.083333333333336,16.816666666666666,2024-09-29,0.2049853006998697,844.0724327865294,3044.3635773218016,0.1386092421824508,0.13676290785051629,0.1872629078505163,0.048653665668065504,2953.0295340373987,R6,1.0032140303027407e-05,0.13097851371519476,0.05628439413532155,0.1155833333333333,0.172,11.829166666666666,12.20625
721,2024-09-30,2024-09-30,5535.0,0.0095044324752033,105.21406750050107,2475.41852922123,0.174466074186628,2401.269310211226,0.180328369140625,5.718366030545964e-06,790.8,0.186,0.186,0.1713078844808258,0.0880259436382544,0.0452431358051908,14.8,14.5,0.0,790.8,27.2,23.4,2024-09-30,0.180328369140625,839.808230031068,3129.141870761307,0.12417216388872439,0.1338546481782348,0.18435464817823483,0.06018248428951044,3035.4108821832065,R6,6.090732464722778e-06,0.11977113550893058,0.06458351266930425,0.114,0.172,12.6,12.0
