,date,Date (aggregated based on UTC),Raw_Moderated_cph,Raw_Mod_Coeff_of_Var,Raw_Mod_sqrt,Corrected_Mod_cph_for_Des,SWC_Des_cm3_cm3,Corrected_Mod_cph_for_UTS,SWC_UTS_cm3_cm3,Rhov_g_cm3,BaroPress_mb,SWC_5,SWC_10,SWC_20,SWC_50,WeightedTDR_SWC,WeightedTDR_SD,WeightedTDR_SE,sT_5,sT_10,sT_20,sT_50,PRISM_ppt_mm,BaroPress,airRH,airT,date.1,CRNS,Bare,scaled_stationary_N_Des,scaled_stationary_N_UTS,N0,TDR_pore_swc_g,TDR_tot_swc_g,NewName,ND
0,2023-07-01,2023-07-01,5676.108695652174,0.0093868953448807,106.5416971172248,2069.791066941073,0.1394664700491503,2000.437795409664,0.1321676503057065,6.416977913933188e-06,768.3282608695652,0.178391304347826,0.1353695652173913,0.1978043478260869,0.1685869565217391,0.1674571270725262,0.0,0.0,12.434782608695652,11.952173913043476,11.85,10.52391304347826,,768.3282608695652,71.62173913043478,11.093478260869563,2023-07-01,0.1321676503057065,816.7739577395549,2631.2417232780667,2543.0757124115835,4489.682892183412,0.17543472478196095,0.27043472478196096,F3,6903.610581842413
1,2023-07-02,2023-07-02,5735.3125,0.0093379669163635,107.09723723324818,2080.894843903424,0.1343378105877879,2008.6931578694296,0.128729502360026,6.658086045838385e-06,767.7416666666667,0.1750624999999999,0.1324583333333333,0.1938333333333333,0.1667083333333333,0.1641979197993964,0.0038079418773335,0.0019692611030353,14.497916666666669,13.004166666666668,12.172916666666666,10.53125,0.0323,767.7416666666667,63.208333333333336,13.514583333333333,2023-07-02,0.128729502360026,816.5676113337835,2645.3575061200954,2553.5704210282465,4499.45435935896,0.17202025003869575,0.2670202500386958,F3,6908.141241747218
2,2023-07-03,2023-07-03,5772.625,0.0093081129804234,107.4436166081516,2091.9074080768323,0.1299117129170038,2023.2310943401465,0.1233901977539062,6.288472775846147e-06,767.1437500000001,0.1701666666666667,0.1294375,0.1895833333333333,0.1646041666666667,0.1601555234641616,0.0085309340038631,0.0044117365883045,14.752083333333331,13.35625,12.547916666666666,10.677083333333334,0.77,767.1437500000001,60.208333333333336,14.297916666666666,2023-07-03,0.1233901977539062,819.2645585661376,2659.3573338303263,2572.051912045912,4505.196662935776,0.16778527538620228,0.2627852753862023,F3,6927.533019634361
4,2023-07-05,2023-07-05,5870.083333333333,0.0092300886903594,108.34846772714047,2103.748130501636,0.1249709095675173,2030.063927274402,0.1206995646158854,6.721943979764663e-06,765.3895833333332,0.1590833333333333,0.1228124999999999,0.1798958333333333,0.1604583333333333,0.1510857763350101,0.0191277040205045,0.0098918115694373,14.425,13.589583333333332,12.90625,10.997916666666669,0.4671,765.3895833333332,55.68333333333334,15.279166666666669,2023-07-05,0.1206995646158854,817.6390665537655,2674.4099656517315,2580.7382163748666,4489.000799991968,0.15828344874399827,0.2532834487439983,F3,6880.9611366722465
5,2023-07-06,2023-07-06,5949.833333333333,0.0091692003728321,109.07727048258197,2110.6769619089205,0.1224414958461935,2045.154664632628,0.1155192057291666,5.936148731563075e-06,765.2229166666666,0.1542708333333333,0.1198333333333333,0.1756666666666666,0.1584166666666666,0.1471000095634221,0.0237845321786717,0.0123000706371467,14.28125,13.270833333333334,12.770833333333334,11.116666666666667,0.0,765.2229166666666,53.77708333333334,15.091666666666669,2023-07-06,0.1155192057291666,813.2486757134416,2683.218308959228,2599.922460816833,4484.983551086323,0.15410780146733274,0.24910780146733275,F3,6900.191942697011
6,2023-07-07,2023-07-07,6098.9375,0.0090557738744016,110.43822594913507,2124.756346292104,0.1170254415588353,2066.812245831086,0.1082013448079427,5.197185217893698e-06,763.5020833333333,0.1486875,0.1165625,0.1704999999999999,0.1547083333333333,0.1424369059909274,0.0292327365682607,0.0151175865897056,15.2875,13.760416666666666,13.05625,11.191666666666668,0.0,763.5020833333333,49.18333333333334,14.48125,2023-07-07,0.1082013448079427,814.2345205942908,2701.1168612425035,2627.4548684036936,4492.4206614117,0.14922254930654488,0.24422254930654488,F3,6935.150862037136
7,2023-07-08,2023-07-08,6116.729166666667,0.0090424519245345,110.5997993171448,2130.21077717065,0.1147413942730567,2066.026958137348,0.108245849609375,5.7564935037792615e-06,762.8479166666666,0.1434375,0.1139791666666666,0.1658333333333333,0.15175,0.1382727939667829,0.0340979369773838,0.017633604489345,15.322916666666666,13.920833333333334,13.21875,11.327083333333334,0.0,762.8479166666666,48.88541666666666,15.833333333333334,2023-07-08,0.108245849609375,812.9900766097979,2708.050858752493,2626.4565638996582,4483.512740649195,0.14486006047320518,0.23986006047320518,F3,6897.460083038614
8,2023-07-09,2023-07-09,6124.020833333333,0.0090368776748769,110.66647951090778,2155.673332057473,0.1055339754891675,2106.1818988129826,0.0955543518066406,4.35406711304459e-06,765.13125,0.1376875,0.1108333333333333,0.1607708333333333,0.1486666666666666,0.1336221123585758,0.0395316279856363,0.0204436149078752,15.23125,13.816666666666668,13.333333333333334,11.454166666666666,0.0,765.13125,41.07291666666666,14.395833333333334,2023-07-09,0.0955543518066406,817.5740374040333,2740.420375593863,2677.503916934008,4513.639731751053,0.1399878220546458,0.2349878220546458,F3,6990.794467917329
9,2023-07-10,2023-07-10,6080.125,0.0090691296000292,110.27040612432116,2162.5387804357374,0.103054440697544,2103.0658403084594,0.0964673360188802,5.243122844817476e-06,766.4499999999999,0.1329375,0.1080625,0.1560625,0.1454166666666666,0.1295949852758443,0.0442367800605305,0.0228768644855825,15.59375,14.029166666666669,13.40625,11.541666666666666,0.0,766.4499999999999,44.32083333333333,15.05625,2023-07-10,0.0964673360188802,814.7171534275283,2749.148142618483,2673.5425977070418,4507.313873070498,0.13576884407638992,0.23076884407638992,F3,6944.698599878096
10,2023-07-11,2023-07-11,5980.666666666667,0.0091440739433402,109.36540043867768,2151.073077639662,0.1070299255788448,2085.3958542780106,0.1018409729003906,5.8337546811405145e-06,767.4020833333334,0.1292708333333333,0.1059375,0.152375,0.1425416666666666,0.1264669288583833,0.047891489941953,0.0247668823073366,15.2625,13.864583333333334,13.3375,11.641666666666666,0.0,767.4020833333334,50.35833333333333,15.84375,2023-07-11,0.1018409729003906,817.6645284363465,2734.572258092937,2651.079458680275,4467.215368540138,0.13249176816870376,0.22749176816870376,F3,6858.527234698499
11,2023-07-12,2023-07-12,5967.708333333333,0.0091542686520389,109.24576821196324,2153.26130555592,0.1064087690993894,2077.4452392567355,0.104583740234375,6.764322302348861e-06,767.2312499999999,0.1260416666666666,0.1039791666666666,0.1488958333333333,0.1390416666666666,0.123602054449367,0.0512387073237178,0.0264978816780332,16.085416666666667,14.352083333333333,13.572916666666666,11.697916666666666,0.0,767.2312499999999,53.39166666666667,16.310416666666665,2023-07-12,0.104583740234375,820.8596765942531,2737.3540637955816,2640.9721631643956,4456.745235447315,0.12949041216632245,0.22449041216632246,F3,6806.466448069278
12,2023-07-13,2023-07-13,6088.625,0.0090628342679535,110.34730365596972,2163.882318172011,0.1027002622371055,2090.534424651453,0.1003252665201823,6.496992598013657e-06,766.5604166666667,0.123125,0.1021666666666666,0.1460833333333333,0.1358958333333333,0.1210641453347272,0.054203910082738,0.0280313237956005,16.329166666666666,14.583333333333334,13.8125,11.810416666666669,0.0,766.5604166666667,51.35416666666666,16.89375,2023-07-13,0.1003252665201823,815.3746156784256,2750.856127837351,2657.61191549708,4465.229994777887,0.1268315979681329,0.2218315979681329,F3,6825.893257384326
13,2023-07-14,2023-07-14,6144.041666666667,0.0090218465782136,110.84843320059086,2156.5119126881805,0.1051569424432547,2091.2477185076937,0.1000137329101562,5.780425733400229e-06,766.7875,0.1199583333333333,0.1004166666666666,0.1431666666666666,0.132625,0.1184130313325181,0.0573013774067179,0.0296331659758462,16.452083333333334,14.704166666666666,13.970833333333331,11.954166666666666,0.0,766.7875,46.85,16.83125,2023-07-14,0.1000137329101562,813.2876056570494,2741.4864292545885,2658.5186971454677,4435.835007782704,0.12405418584197286,0.21905418584197286,F3,6804.245621030343
14,2023-07-15,2023-07-15,5997.9375,0.0091321104827277,109.51836016299042,2168.614253293513,0.1012660133140174,2111.805048044823,0.0940831502278645,4.9861959158648565e-06,768.6750000000001,0.1167916666666666,0.0983541666666666,0.140375,0.1295,0.1156875780361198,0.0604857001184507,0.0312799250540384,16.054166666666667,14.491666666666667,14.00625,12.089583333333332,0.0,768.6750000000001,43.65833333333333,15.041666666666666,2023-07-15,0.0940831502278645,818.6176035448923,2756.871645694398,2684.652399267012,4445.918079481092,0.12119889292420628,0.21619889292420627,F3,6844.890852288512
15,2023-07-16,2023-07-16,5938.25,0.0091772063623025,108.97478823521426,2178.366872423531,0.0979256949162342,2122.347403830832,0.0909144083658854,4.889556629898404e-06,770.2062500000001,0.1137916666666666,0.0967083333333333,0.1377916666666666,0.1265,0.1132184215493049,0.0633705747520308,0.0327718258198718,16.039583333333333,14.377083333333331,13.958333333333334,12.147916666666667,0.0,770.2062500000001,45.68958333333333,15.3125,2023-07-16,0.0909144083658854,818.2455304734352,2769.2697561974396,2698.0544700599758,4452.304172003726,0.11861210670446924,0.21361210670446926,F3,6854.726104548643
16,2023-07-17,2023-07-17,5890.333333333333,0.0092148959407358,108.53247709428234,2183.217616668516,0.0961551883730184,2121.031367574459,0.0911801656087239,5.43268902881333e-06,769.9166666666666,0.1116041666666666,0.095375,0.135625,0.1235208333333333,0.111289258114415,0.0656245407064217,0.0339374548196127,16.5125,14.5875,14.014583333333334,12.20625,0.0,769.9166666666666,44.575,17.141666666666666,2023-07-17,0.0911801656087239,823.9334393885898,2775.4363112909537,2696.3814463609065,4451.475819190663,0.1165910386127376,0.21159103861273762,F3,6832.101536982535
17,2023-07-18,2023-07-18,5959.020833333333,0.0091607727093094,109.16688774908978,2186.0112781156186,0.0952038184594466,2117.479246304449,0.0921300252278645,5.993600498280822e-06,768.4791666666666,0.1094166666666666,0.0943958333333333,0.13375,0.1205625,0.1095349654562718,0.0676741938638373,0.0349974243169514,17.145833333333332,15.15625,14.29375,12.297916666666666,0.0,768.4791666666666,42.93333333333334,18.072916666666668,2023-07-18,0.0921300252278645,822.3923135818493,2778.987780169981,2691.865778165659,4447.32345626889,0.11475317207908405,0.20975317207908403,F3,6803.090902491355
18,2023-07-19,2023-07-19,5788.270833333333,0.0092955226815089,107.58910822309464,2158.591772103538,0.1046608310601106,2061.841526761829,0.1099268595377604,8.700903572889758e-06,770.3083333333334,0.1083333333333333,0.0939375,0.1325833333333333,0.1179583333333333,0.1085861816835695,0.0687827190841859,0.0355706934656115,17.216666666666665,15.55,14.564583333333331,12.429166666666667,0.0,770.3083333333334,62.50416666666666,17.822916666666668,2023-07-19,0.1099268595377604,824.8653511002221,2744.13047046225,2621.1357941654164,4386.253786816404,0.11375918858640457,0.20875918858640458,F3,6614.921706320887
19,2023-07-20,2023-07-20,5675.333333333333,0.0093876010771314,106.5341455169044,2108.473736050867,0.1233977137988093,2006.913799664291,0.1295852661132812,9.369116593667727e-06,770.4291666666667,0.1219166666666666,0.0931666666666666,0.1317291666666666,0.1167291666666666,0.114051267057283,0.0623975076773084,0.0322686082806805,16.662499999999998,15.475,14.708333333333334,12.6125,3.8272998,770.4291666666667,70.31041666666667,16.866666666666667,2023-07-20,0.1295852661132812,835.8538748143148,2680.4174369793895,2551.3083948629983,4313.907626726658,0.11948462867491215,0.21448462867491216,F3,6489.55223016508
20,2023-07-21,2023-07-21,5803.875,0.0092836668973702,107.73151712068886,2150.177156861393,0.107862617242738,2064.2894264809515,0.1094245910644531,7.723041739048573e-06,770.6374999999999,0.1222708333333333,0.092875,0.1312083333333333,0.115375,0.1139574431259859,0.0625071282221653,0.0323252980837379,16.491666666666667,15.5625,14.845833333333331,12.75,0.59139997,770.6374999999999,59.04166666666666,17.352083333333333,2023-07-21,0.1094245910644531,839.4506852323244,2733.433310220282,2624.2477101352133,4398.721007399943,0.11938633500504679,0.2143863350050468,F3,6674.494999587333
21,2023-07-22,2023-07-22,5947.541666666667,0.0091696867627035,109.06137691537532,2167.5120695494056,0.1014847776488553,2098.458240129682,0.0979016621907552,6.0937038117533614e-06,770.28125,0.11975,0.0928958333333333,0.1300833333333333,0.1137291666666666,0.1125843408911506,0.0641114120444913,0.0331549467053045,15.58125,15.039583333333333,14.689583333333331,12.860416666666667,0.0,770.28125,51.42291666666667,16.122916666666665,2023-07-22,0.0979016621907552,822.7886517699385,2755.470484050339,2667.685141837112,4426.6212359192305,0.1179478186702867,0.2129478186702867,F3,6771.8876577148485
22,2023-07-23,2023-07-23,5989.333333333333,0.0091376714737331,109.4437532646469,2181.977263927134,0.0964329578141344,2119.36532346574,0.0915438334147135,5.473196255680063e-06,770.2604166666666,0.117625,0.0923125,0.1286458333333333,0.1124375,0.1111361922298409,0.0658033774427859,0.0340299394845736,15.372916666666669,14.833333333333334,14.53125,12.885416666666666,0.0,770.2604166666666,44.81875,16.59375,2023-07-23,0.0915438334147135,830.8062485527415,2773.8595009853952,2694.2634718263257,4448.091632840767,0.11643068072410541,0.2114306807241054,F3,6824.662263917578
23,2023-07-24,2023-07-24,5930.229166666667,0.0091831409416638,108.90221842044645,2189.8692940427422,0.0939410249489267,2117.9731585814748,0.0920422871907552,6.289212095299952e-06,771.2375000000001,0.1159375,0.0917708333333333,0.1276041666666666,0.1103958333333333,0.1099411164662622,0.0671996614668908,0.0347520218865731,16.014583333333334,15.141666666666666,14.577083333333334,12.864583333333334,0.0,771.2375000000001,47.70416666666667,18.2,2023-07-24,0.0920422871907552,826.2118551768948,2783.8923198786783,2692.493668879705,4457.462250819467,0.11517867197809235,0.21017867197809234,F3,6809.064784691298
24,2023-07-25,2023-07-25,5906.229166666667,0.009201921485749,108.68106521144698,2187.159866726181,0.0948560549120665,2108.428255844478,0.0948893229166666,6.916918017334328e-06,770.9666666666667,0.1142083333333333,0.0913333333333333,0.1266041666666666,0.1084166666666666,0.1087728855449705,0.0685645809318964,0.0354578842389401,16.660416666666666,15.68125,14.891666666666666,12.94375,0.0,770.9666666666667,49.92916666666667,17.98125,2023-07-25,0.0948893229166666,823.1141524341142,2780.4479344450983,2680.3596198312985,4445.359578409246,0.1139547869530625,0.2089547869530625,F3,6766.810183986813
25,2023-07-26,2023-07-26,5849.520833333333,0.0092465648311831,108.15748207281187,2185.400366786861,0.0960828037144349,2099.587698208012,0.0979588826497395,7.559456460810755e-06,770.86875,0.1121666666666666,0.0906458333333333,0.1257083333333333,0.1071249999999999,0.1074309971993912,0.0701323955560122,0.0362686729682584,15.852083333333333,15.383333333333333,14.88125,13.054166666666667,0.0,770.86875,55.9375,17.433333333333334,2023-07-26,0.0979588826497395,815.7362703757848,2778.2111532905224,2669.1209762398507,4434.1871105217815,0.11254897152609135,0.20754897152609134,F3,6725.421291685537
26,2023-07-27,2023-07-27,5834.9375,0.009257729050728,108.0240810352654,2167.349877439844,0.101424393366576,2083.159930416233,0.102612813313802,7.485701692914932e-06,769.8874999999999,0.110625,0.0900416666666666,0.1248958333333333,0.1058333333333333,0.1063512854215407,0.0713938924016482,0.0369210507486284,15.88125,15.2,14.73125,13.095833333333331,0.5944,769.8874999999999,57.52291666666667,17.131249999999998,2023-07-27,0.102612813313802,811.9314146724449,2755.2642957771936,2648.237019049942,4391.473400357492,0.11141782266487264,0.20641782266487266,F3,6659.716571900447
27,2023-07-28,2023-07-28,5890.125,0.0092141203212334,108.53426665682902,2168.5864331740063,0.1009589052110065,2093.681057492403,0.0993143717447916,6.629035217617389e-06,769.7895833333333,0.1091041666666666,0.0894166666666666,0.1237708333333333,0.1041666666666666,0.1051993247489884,0.0727398022866125,0.0376170823767443,15.9125,15.247916666666669,14.74375,13.108333333333333,0.0,769.7895833333333,50.302083333333336,17.866666666666667,2023-07-28,0.0993143717447916,811.2304518574186,2756.8362791009476,2661.612102642144,4387.451304867951,0.11021098299741956,0.20521098299741955,F3,6683.888479604267
28,2023-07-29,2023-07-29,5910.520833333333,0.009198236709734,108.72190948422195,2194.453293033103,0.0923694492967484,2121.0353138481714,0.0910860697428385,6.413484884960212e-06,770.93125,0.1074791666666666,0.0887916666666666,0.1229374999999999,0.1028958333333333,0.1040730514918751,0.0740556999088475,0.0382975932895996,16.510416666666668,15.43125,14.841666666666669,13.139583333333333,0.0052,770.93125,48.10625,18.09375,2023-07-29,0.0910860697428385,810.3284833839597,2789.7197725117244,2696.38646309917,4433.298885549676,0.10903105448470013,0.20403105448470013,F3,6760.268987758064
29,2023-07-30,2023-07-30,5812.5625,0.0092760453744497,107.81476580887109,2169.173210364196,0.1010621385602265,2084.686176224596,0.1023178100585937,7.503083381704795e-06,771.2166666666667,0.1055208333333333,0.0883333333333333,0.1217708333333333,0.1017708333333333,0.1027978083810826,0.0755456486106078,0.0390681139851385,16.625,15.647916666666667,14.935416666666669,13.15625,0.4303,771.2166666666667,51.86875,18.304166666666667,2023-07-30,0.1023178100585937,815.706266220823,2757.5822252255375,2650.1772736558705,4374.93529819303,0.10769505924769193,0.20269505924769193,F3,6631.750131018476
31,2023-08-01,2023-08-01,5546.0625,0.0094975528768392,105.30954962341956,2072.0847498209228,0.1392476374764739,1962.7553084163403,0.1485608418782552,1.0309035932793535e-05,769.7770833333334,0.1375416666666666,0.0877291666666666,0.1209583333333333,0.1,0.1163586499177966,0.0597016435958705,0.0308744535257861,15.822916666666666,15.145833333333334,14.645833333333334,13.195833333333333,6.8152,769.7770833333334,77.91458333333334,16.377083333333335,2023-08-01,0.1485608418782552,853.5970878298768,2634.157589613478,2495.17148980797,4251.518698659627,0.12190193443058477,0.21690193443058478,F3,6367.642455021798
32,2023-08-02,2023-08-02,5316.833333333333,0.0096543088467742,103.6121921133044,2049.227496439907,0.1499726761830007,1946.4029105288168,0.1565960823221409,9.780781387582482e-06,769.4395833333333,0.1582708333333333,0.0880208333333333,0.1215833333333333,0.0998958333333333,0.1256259118479885,0.0488741043095126,0.025275037188806,16.335416666666667,15.714583333333332,14.958333333333334,13.247916666666669,10.0126,769.4395833333333,73.60416666666667,16.808333333333334,2023-08-02,0.1565960823221409,859.8086970979635,2605.1000872711998,2474.38334733092,4251.5294007863595,0.1316106854083883,0.2266106854083883,F3,6394.409338394285
33,2023-08-03,2023-08-03,5174.125,0.0098330573559691,101.7167428198922,1938.164905098299,0.2081392623665512,1849.7081861830948,0.2076975504557291,8.866365818431751e-06,768.6958333333333,0.2752083333333333,0.0954791666666666,0.1220416666666666,0.0998125,0.1792652035538338,0.0137961366540363,0.0071346139621171,15.79375,15.51875,15.122916666666669,13.3625,10.4864,768.6958333333333,74.52916666666667,14.96875,2023-08-03,0.2076975504557291,848.3490603030183,2463.9107040039753,2351.4592526321485,4251.269532199967,0.18780533380838568,0.2828053338083857,F3,6460.872145394011
34,2023-08-04,2023-08-04,5265.854166666667,0.0097456310445705,102.61944115143125,1962.558843622944,0.1934975786958271,1889.2134920362173,0.1842562357584635,7.192616539060384e-06,768.4145833333333,0.2708958333333333,0.0970833333333333,0.1220416666666666,0.0996666666666666,0.1779098127885806,0.0122125462829329,0.0063156668716907,14.672916666666666,14.579166666666666,14.641666666666666,13.402083333333335,0.82299995,768.4145833333333,66.79375,13.922916666666666,2023-08-04,0.1842562357584635,844.8903311073458,2494.9217320571533,2401.680751174618,4299.396210339131,0.1863853727112911,0.2813853727112911,F3,6589.398373994603
35,2023-08-05,2023-08-05,5330.0625,0.0096863021253022,103.2447741663264,2010.1353403878247,0.1671029995899359,1937.549665031706,0.1590461730957031,6.9370097041307085e-06,768.4708333333333,0.2468749999999999,0.0971875,0.1222708333333333,0.0998125,0.167502947144168,5.353454229978903e-05,2.768516306598625e-05,14.872916666666669,14.535416666666668,14.429166666666667,13.300000000000002,0.0,768.4708333333333,58.50625,15.272916666666667,2023-08-05,0.1590461730957031,840.1078527815398,2555.403809371444,2463.128574175072,4360.474115758685,0.17548272770544648,0.27048272770544646,F3,6686.255360103027
36,2023-08-06,2023-08-06,5420.854166666667,0.0096059680851691,104.11630429946068,2043.9992975571304,0.1509205264734941,1972.9919795988403,0.1434733072916666,6.668284813206311e-06,767.93125,0.2251666666666666,0.0967708333333333,0.1229166666666666,0.0999583333333333,0.1580132239790552,0.011033920540001,0.0057061455330359,14.779166666666669,14.564583333333331,14.460416666666667,13.26875,0.0,767.93125,58.44375,15.191666666666668,2023-08-06,0.1434733072916666,847.7591378662212,2598.4536893532263,2508.1849561201416,4392.564452943878,0.16554091751896502,0.260540917518965,F3,6739.1498324558825
37,2023-08-07,2023-08-07,5554.541666666667,0.0094891849021288,105.39415510293944,2082.4356616441005,0.1337863199258732,2018.6286605222228,0.1251309712727864,5.859003082790739e-06,767.8645833333334,0.2051666666666667,0.0959583333333333,0.1229374999999999,0.0999375,0.1490110856659903,0.0215516988201624,0.0111453702703566,14.5875,14.385416666666666,14.33125,13.233333333333334,0.0,767.8645833333334,50.87291666666667,15.385416666666666,2023-08-07,0.1251309712727864,833.3483858514995,2647.316285434583,2566.2010239617134,4433.900054666669,0.1561099205526926,0.2511099205526926,F3,6826.295288895477
38,2023-08-08,2023-08-08,5704.875,0.0093640254555096,106.80813712838562,2101.9996533512926,0.1259448785487207,2044.930653780533,0.115765889485677,5.174977254928163e-06,766.3833333333333,0.1847916666666666,0.0945416666666666,0.1227499999999999,0.099,0.139569478054602,0.0325829374005275,0.0168501288392631,14.147916666666667,14.008333333333333,14.14375,13.199999999999998,0.0,766.3833333333333,51.35625,13.95625,2023-08-08,0.115765889485677,833.3333233757154,2672.1871973232446,2599.6376848749933,4430.448524221024,0.1462185181277257,0.2412185181277257,F3,6838.027457475349
39,2023-08-09,2023-08-09,5803.3125,0.0092835213781625,107.72860863277825,2122.5905241962328,0.1179256405843674,2068.7705152671365,0.1076151529947916,4.820871603615774e-06,765.50625,0.1657916666666666,0.093,0.1221875,0.09875,0.1306403626951073,0.0430153982585048,0.0222452320310533,13.289583333333333,13.410416666666668,13.75,13.09375,0.0,765.50625,50.13125,12.55,2023-08-09,0.1076151529947916,830.0260311844232,2698.3635391536823,2629.9443371852803,4429.353514839575,0.13686402290244404,0.23186402290244404,F3,6841.124360282049
40,2023-08-10,2023-08-10,5892.8125,0.0092120728204906,108.55881196270184,2135.065910855687,0.1129360848229104,2072.415973230932,0.106091817220052,5.5978358044356924e-06,765.4645833333334,0.1503125,0.0915624999999999,0.1214791666666666,0.0982708333333333,0.1232468714068086,0.0516536905599874,0.0267124885107849,13.78125,13.410416666666668,13.51875,12.908333333333331,0.0,765.4645833333334,52.41041666666666,14.116666666666667,2023-08-10,0.106091817220052,825.8506637671777,2714.2229939637255,2634.578660546706,4417.228496360895,0.12911830833050622,0.22411830833050622,F3,6787.062504805298
41,2023-08-11,2023-08-11,5705.833333333333,0.0093624444591657,106.82015167838286,2102.221823259781,0.1257985598042518,2016.358600573274,0.1259091695149739,7.882889304962334e-06,767.4499999999999,0.1397708333333333,0.0914375,0.12125,0.0977916666666666,0.1185389019399684,0.0571543146650546,0.0295571130984146,14.008333333333333,13.695833333333333,13.625,12.81875,1.8009,767.4499999999999,74.92708333333333,13.289583333333333,2023-08-11,0.1259091695149739,844.4429768389674,2672.4696329478875,2563.3151885035268,4324.8226712624055,0.12418605288019464,0.21918605288019463,F3,6561.250435690136
42,2023-08-12,2023-08-12,5612.375,0.0094399024872264,105.94235707320826,2071.2472611508088,0.1386347336076503,1976.357964654963,0.1418279012044271,8.889942993293116e-06,768.3604166666668,0.1381875,0.0906874999999999,0.121,0.097,0.1175198445675105,0.0583449450603599,0.0301728425924814,14.277083333333332,13.98125,13.727083333333333,12.800000000000002,0.0,768.3604166666668,83.55416666666666,12.485416666666666,2023-08-12,0.1418279012044271,840.2476990457222,2633.0929241181184,2512.463996870226,4255.829679425584,0.12311844797857256,0.21811844797857258,F3,6421.745714583641
43,2023-08-13,2023-08-13,5744.729166666667,0.0093305095873613,107.18435746944856,2093.9489575604184,0.1291009021317328,2013.067457788928,0.1272570292154947,7.4456097861344335e-06,768.3645833333334,0.1362083333333333,0.0904999999999999,0.12125,0.097,0.1166413006093129,0.0593714045792373,0.0307036718092816,13.75625,13.645833333333334,13.635416666666666,12.800000000000002,0.7643,768.3645833333334,68.37291666666667,14.295833333333334,2023-08-13,0.1272570292154947,831.8620531056231,2661.9526731701985,2559.131291708458,4297.865948659626,0.12219805050006753,0.21719805050006755,F3,6533.398364615223
44,2023-08-14,2023-08-14,5786.25,0.0092971926751119,107.5701546635312,2125.006939099614,0.1168815142979476,2055.7420854488587,0.1117973327636718,6.237955815800082e-06,770.4625,0.1314583333333333,0.0900624999999999,0.1207916666666666,0.096875,0.1143280418278647,0.0620741338777416,0.032101376882266,13.98125,13.779166666666669,13.66875,12.747916666666669,0.0,770.4625,54.74791666666667,15.139583333333334,2023-08-14,0.1117973327636718,822.0268759732536,2701.4354297498307,2613.3818209612073,4349.223756732818,0.11977458889668618,0.21477458889668619,F3,6650.29494875069
45,2023-08-15,2023-08-15,5749.666666666667,0.0093262817751897,107.23124945899004,2138.725134170977,0.1115635971478623,2065.7837412724443,0.1082204182942708,6.5377918618404815e-06,772.2333333333332,0.1261666666666666,0.0895208333333333,0.1205625,0.0967708333333333,0.1117885593851045,0.0650411748573886,0.033635769627888,14.102083333333333,13.835416666666667,13.691666666666668,12.741666666666667,0.0,772.2333333333332,55.65416666666667,15.477083333333333,2023-08-15,0.1082204182942708,817.5726952602631,2718.8748166601163,2626.147372130034,4363.488735758046,0.11711412641758666,0.21211412641758667,F3,6658.629422298844
46,2023-08-16,2023-08-16,5819.1875,0.0092706286529207,107.87670726753127,2144.041779569137,0.1098007618731128,2054.927094599923,0.1121571858723958,8.041917945793413e-06,770.6625,0.1218958333333333,0.0887916666666666,0.1202083333333333,0.0957916666666666,0.1095754927195015,0.0676268432506688,0.0349729371467893,14.491666666666667,14.114583333333334,13.820833333333333,12.758333333333333,0.0,770.6625,64.875,15.166666666666666,2023-08-16,0.1121571858723958,827.2288346590204,2725.633653058124,2612.345756036558,4362.162610135933,0.11479563004665559,0.2097956300466556,F3,6602.825102117119
47,2023-08-17,2023-08-17,5830.5,0.0092612406764714,107.98303999709132,2135.280991542019,0.1129123231979938,2042.448763697628,0.1162363688151041,8.41845877118954e-06,769.3416666666667,0.1208541666666666,0.0886874999999999,0.1198333333333333,0.0949791666666666,0.1089829371165611,0.0683191641452888,0.0353309679814271,13.910416666666668,13.802083333333334,13.739583333333334,12.797916666666667,0.6448,769.3416666666667,71.0625,14.804166666666667,2023-08-17,0.1162363688151041,845.5651747824019,2714.4964173467843,2596.482558329597,4341.075232652044,0.11417484530648245,0.20917484530648245,F3,6556.856254702743
48,2023-08-18,2023-08-18,5608.104166666667,0.0094431600308849,105.90332763600584,2051.920156635148,0.1468881648007786,1953.0267357897008,0.1517244974772135,9.37690117362109e-06,768.4625,0.1633958333333333,0.0907708333333333,0.1195625,0.0948333333333333,0.128198481172014,0.0458684057943971,0.0237206528615398,14.333333333333334,13.970833333333331,13.683333333333332,12.775,0.0,768.4625,76.00625000000001,15.170833333333334,2023-08-18,0.1517244974772135,847.1573359562525,2608.5231573411656,2482.8039486527236,4269.876939459026,0.13430581101595626,0.22930581101595626,F3,6438.127622478735
49,2023-08-19,2023-08-19,5665.8125,0.0093952263187198,106.4457545462489,2073.891665828644,0.1377995095061633,1987.7727034980585,0.1373672485351562,8.020743685130192e-06,768.4562500000001,0.1531666666666666,0.0902916666666666,0.1201041666666666,0.0949791666666666,0.1236814553571144,0.0511459381266795,0.0264499064785232,14.51875,14.197916666666666,13.891666666666666,12.7625,1.2997,768.4562500000001,65.28541666666666,15.989583333333334,2023-08-19,0.1373672485351562,843.9098671135312,2636.4546488992746,2526.975092982291,4292.871539960956,0.12957359570494886,0.22457359570494886,F3,6513.469812817617
50,2023-08-20,2023-08-20,5766.645833333333,0.0093128853847285,107.3881429817482,2119.64294277654,0.1187873866468966,2051.258484590672,0.1134694417317708,6.190389821874572e-06,768.69375,0.1433541666666666,0.0900833333333333,0.1202708333333333,0.0949375,0.1193570839939721,0.0561983798485091,0.0290627554343794,14.50625,14.175,13.895833333333334,12.825,0.0,768.69375,49.33958333333334,17.797916666666666,2023-08-20,0.1134694417317708,843.7569820832568,2694.616398034885,2607.6820004155416,4364.978130580585,0.12504321283495437,0.22004321283495437,F3,6682.139321007377
51,2023-08-21,2023-08-21,5785.416666666667,0.0092976910411331,107.56307328877324,2147.8377916599857,0.1083892747207773,2086.602529463528,0.101636250813802,5.435143030462839e-06,770.6208333333334,0.132625,0.0891666666666666,0.1197708333333333,0.0949375,0.1142696711644057,0.0621423320852094,0.0321366452980111,14.064583333333331,13.970833333333331,13.902083333333332,12.852083333333333,0.0,770.6208333333334,44.78541666666666,16.810416666666665,2023-08-21,0.101636250813802,831.0524305574738,2730.459369795935,2652.6134560702963,4395.634001214129,0.11971343747567299,0.21471343747567298,F3,6749.879934222797
52,2023-08-22,2023-08-22,5753.208333333333,0.0093231992660364,107.26507511892471,2151.0215128044224,0.1070784106630518,2075.833589802656,0.1049690246582031,6.7133148410062245e-06,771.2395833333334,0.125375,0.088625,0.1192916666666666,0.094,0.110795258084054,0.0662017127747725,0.0342359369237455,14.466666666666669,14.11875,13.841666666666669,12.860416666666667,0.0,771.2395833333334,50.74583333333334,16.495833333333334,2023-08-22,0.1049690246582031,823.8922030596864,2734.5067058021264,2638.923338355649,4383.107003328043,0.11607350459741242,0.21107350459741242,F3,6681.096123826768
53,2023-08-23,2023-08-23,5728.958333333333,0.0093432680702942,107.0373974123722,2151.7415264181595,0.1069108939424429,2057.2388107609067,0.1112009684244791,8.511714958005719e-06,770.6687499999999,0.1207291666666666,0.08825,0.1189374999999999,0.0938125,0.1085660298005043,0.0688062638277385,0.0355828695305707,14.641666666666666,14.266666666666666,13.94375,12.8625,3.3465,770.6687499999999,70.29166666666667,15.2125,2023-08-23,0.1112009684244791,834.5083136277525,2735.4220300066095,2615.2845473533775,4372.221980231323,0.11373807667482945,0.20873807667482944,F3,6599.552550572401
54,2023-08-24,2023-08-24,5702.8125,0.0093652061801403,106.79081091654466,2120.294000566036,0.1186891798998733,2015.4995240366989,0.1261876424153646,9.626227404460475e-06,768.9,0.1205833333333333,0.0881874999999999,0.119,0.093,0.108463009116574,0.0689266295313267,0.035645116147208,14.714583333333332,14.347916666666668,13.99375,12.897916666666667,3.8291998,768.9,77.15416666666667,15.197916666666666,2023-08-24,0.1261876424153646,849.2926721221576,2695.444061487177,2562.2230792261075,4307.757369405459,0.113630148122321,0.208630148122321,F3,6465.65072896102
55,2023-08-25,2023-08-25,5613.25,0.0094389526188651,105.9514393828142,2099.573798925808,0.1266553397135463,1981.612264110432,0.1395619710286458,1.102479271099777e-05,769.3562499999999,0.1217708333333333,0.0884583333333333,0.1191041666666666,0.093,0.1090918444223718,0.0681919207220297,0.0352651645810305,15.458333333333334,14.822916666666666,14.210416666666667,12.941666666666668,7.3282,769.3562499999999,88.79375,14.577083333333334,2023-08-25,0.1395619710286458,854.9709406486148,2669.1033066441883,2519.143575391289,4269.071928456102,0.11428894091743468,0.2092889409174347,F3,6362.737028531502
56,2023-08-26,2023-08-26,5497.0,0.0095380636059373,104.84921553360266,2067.935337474192,0.1397475290434487,1966.2055801161,0.1458943684895833,9.58256441290378e-06,770.3145833333333,0.1229583333333333,0.0887083333333333,0.1190208333333333,0.093,0.109677571864666,0.0675075776074926,0.0349112594217606,15.247916666666669,14.820833333333333,14.391666666666666,13.054166666666667,12.572599,770.3145833333333,79.98541666666667,15.0,2023-08-26,0.1458943684895833,858.5291983790852,2628.8826094146607,2499.557680761277,4207.863862244272,0.1149025722058278,0.20990257220582778,F3,6318.914264103236
57,2023-08-27,2023-08-27,5546.1875,0.0094968471581718,105.31292985827076,2077.665458590379,0.1362846321223597,1978.8457648589765,0.1412239074707031,9.247274606150702e-06,770.3291666666668,0.1255625,0.0886874999999999,0.1190208333333333,0.093,0.1108080253078748,0.0661867960044751,0.0342282227788147,15.44375,15.05625,14.5375,13.141666666666666,3.1058,770.3291666666668,76.39166666666667,14.908333333333331,2023-08-27,0.1412239074707031,858.2990179084258,2641.2521191020796,2515.6266367137023,4233.698402122614,0.11608688004721494,0.21108688004721496,F3,6369.5252528222145
58,2023-08-28,2023-08-28,5657.75,0.0094017043864559,106.37078764049176,2106.333406652213,0.124230262654189,2013.318927693856,0.1273714701334635,8.565107201023468e-06,770.0208333333334,0.1266666666666666,0.0885416666666666,0.1190208333333333,0.093,0.1112417660699611,0.0656800287222983,0.033966150213311,14.741666666666667,14.59375,14.383333333333333,13.199999999999998,1.5179,770.0208333333334,72.88541666666667,14.895833333333334,2023-08-28,0.1273714701334635,854.7034628330956,2677.6965227261358,2559.4509752342806,4294.456523674586,0.11654128406425253,0.21154128406425252,F3,6484.606223816032
59,2023-08-29,2023-08-29,5654.0625,0.0094051165432347,106.3347938429078,2109.527284199867,0.1226191671318431,2040.0760902103905,0.1170972188313802,6.30855206972793e-06,771.0645833333333,0.1243958333333333,0.087625,0.1186875,0.0930833333333333,0.1098838708115635,0.0672665452541295,0.034786610555433,13.016666666666666,13.458333333333334,13.910416666666668,13.185416666666669,0.4464,771.0645833333333,64.63541666666667,13.24375,2023-08-29,0.1170972188313802,847.786919924787,2681.7567701572198,2593.466274427782,4293.6159961644025,0.1151186991608549,0.2101186991608549,F3,6557.768074752304
60,2023-08-30,2023-08-30,5874.895833333333,0.0092263822287079,108.39258229848316,2145.0763473546463,0.1093852377460565,2079.851907733501,0.1037928263346354,5.80838446240067e-06,768.8041666666667,0.1213541666666666,0.0869375,0.1177708333333333,0.093,0.1081467100939818,0.0692961820614214,0.035836228681613,12.520833333333334,12.735416666666666,13.229166666666666,12.970833333333331,0.0,768.8041666666667,55.16666666666666,14.020833333333334,2023-08-30,0.1037928263346354,838.0536062993683,2726.948857267027,2644.031663522334,4356.350979667678,0.11329878072729078,0.20829878072729077,F3,6669.097853556594
61,2023-08-31,2023-08-31,6031.625,0.0091055210658189,109.82970688954484,2160.829354581323,0.1036425845630595,2098.0671406670303,0.0979461669921875,5.541400907099864e-06,766.0500000000001,0.1184166666666666,0.08675,0.117375,0.0921874999999999,0.1066943997096692,0.0709930098688777,0.0367137360352999,12.533333333333331,12.622916666666669,12.977083333333333,12.7125,0.0,766.0500000000001,50.6625,15.422916666666666,2023-08-31,0.0979461669921875,838.0635444410306,2746.9750186240726,2667.187952898326,4380.193431188778,0.11177728279510951,0.2067772827951095,F3,6712.985474468968
62,2023-09-01,2023-09-01,6050.395833333333,0.0090915686629154,109.99973090338484,2163.5345106875025,0.1027017424419646,2101.7665181388857,0.0968068440755208,5.443833369220442e-06,766.5354166666666,0.1156875,0.0862083333333333,0.1165833333333333,0.0918958333333333,0.1051585081219598,0.0727874909821536,0.0376417443847814,12.720833333333331,12.5625,12.795833333333334,12.570833333333333,0.0,766.5354166666666,48.74583333333334,15.05625,2023-09-01,0.0968068440755208,841.4953119299115,2750.4139742405346,2671.890821950943,4376.999065542001,0.11016822188086113,0.20516822188086112,F3,6709.382783336636
63,2023-09-02,2023-09-02,5750.895833333333,0.0093252295153339,107.24292016397165,2118.7851253499407,0.1191650519816797,2028.982227214301,0.1210734049479166,8.194483322744956e-06,769.4291666666667,0.1271666666666666,0.0864375,0.1164375,0.092,0.1102241081930789,0.0668690239967402,0.0345810341115104,13.533333333333331,13.2625,13.108333333333334,12.479166666666666,0.0,769.4291666666667,78.89583333333333,12.597916666666668,2023-09-02,0.1210734049479166,849.2448726950755,2693.525889413085,2579.363094810343,4314.312695867943,0.1154751453296754,0.2104751453296754,F3,6525.46824696981
64,2023-09-03,2023-09-03,5656.25,0.0094036918092509,106.35386974687572,2090.0951592999704,0.1304659178034027,1997.6948371520105,0.1329167683919271,8.56506857336128e-06,768.4979166666667,0.1239374999999999,0.0864166666666666,0.1165416666666666,0.092,0.1088269216139988,0.0685014471104191,0.0354252348490791,13.2,13.077083333333334,13.075,12.5,0.0,768.4979166666667,81.27708333333334,12.566666666666668,2023-09-03,0.1329167683919271,844.6477703956266,2657.0534952106696,2539.5887004479005,4248.3692540867,0.11401139728111485,0.20901139728111487,F3,6411.850267308942
65,2023-09-04,2023-09-04,6059.729166666667,0.009086107891988,110.07831358050328,2118.649145274416,0.1190709955223551,2043.157466713588,0.1161918640136718,6.857509700104507e-06,762.0333333333333,0.1211458333333333,0.0863541666666666,0.1165416666666666,0.092,0.1075868566756799,0.0699502948864315,0.0361745003739821,12.870833333333332,12.8875,12.985416666666666,12.46875,0.9891,762.0333333333333,68.76458333333333,12.614583333333334,2023-09-04,0.1161918640136718,840.9057530455472,2693.3530234393306,2597.3835038282955,4299.605838968531,0.11271225609214942,0.2077122560921494,F3,6545.830842039118
66,2023-09-05,2023-09-05,6069.0,0.0090778044216631,110.16798421387372,2138.822833590027,0.1117082909206321,2076.0671268395777,0.1051203409830729,5.603278987487624e-06,764.8333333333334,0.1167291666666666,0.0854791666666666,0.1158125,0.092,0.1052261037673157,0.0727085146338869,0.037600902098919,11.252083333333331,11.785416666666668,12.485416666666666,12.370833333333335,0.0,764.8333333333334,63.64375,11.322916666666666,2023-09-05,0.1051203409830729,831.5368312160937,2718.999017982583,2639.2202245512135,4327.384017140405,0.11023903775861314,0.20523903775861316,F3,6628.467532805622
67,2023-09-06,2023-09-06,6091.020833333333,0.009061317189475,110.3679316787466,2168.904019853568,0.1008727138971549,2118.37009874549,0.0919240315755208,4.423014331744189e-06,767.7875,0.1135833333333333,0.0849375,0.115375,0.0908333333333333,0.1035436166729467,0.0746742727240646,0.0386174856155967,10.639583333333333,11.083333333333334,11.860416666666666,12.108333333333333,0.0,767.7875,50.80416666666667,12.197916666666666,2023-09-06,0.0919240315755208,829.3945777243313,2757.2400142099486,2692.998282866056,4378.660739727886,0.10847639758013934,0.20347639758013933,F3,6746.063733830095
68,2023-09-07,2023-09-07,6141.229166666667,0.0090239631203666,110.8228431268564,2179.514893613294,0.0973298922400885,2132.2994458297017,0.0879084269205729,4.102942674884907e-06,768.1999999999999,0.1111666666666666,0.0843749999999999,0.1145416666666666,0.0907708333333333,0.1021378713996565,0.0763166955117031,0.0394668576424356,10.425,10.785416666666668,11.525,11.85,0.0,768.1999999999999,46.33125,12.36875,2023-09-07,0.0879084269205729,830.1375342714854,2770.72918913343,2710.706098795596,4391.987637929537,0.10700368310423412,0.20200368310423414,F3,6776.136596161282
69,2023-09-11,2023-09-11,5847.604166666667,0.0092495341286293,108.13408169920756,2118.115427688944,0.1199277151847429,2038.6715876165863,0.1182810465494791,7.226396122162533e-06,768.1333333333333,0.1187916666666666,0.0837708333333333,0.1130208333333333,0.0887916666666666,0.1048991877862429,0.073090471640721,0.0377984295562228,12.05,11.835416666666667,11.702083333333334,11.297916666666667,3.9759,768.1333333333333,73.10625,12.072916666666666,2023-09-11,0.1182810465494791,855.9489018336026,2692.6745298455703,2591.6807870497096,4283.673448618681,0.10989654761699323,0.20489654761699325,F3,6505.409684049347
70,2023-09-12,2023-09-12,5914.395833333333,0.0091956931585889,108.75567385397994,2110.494145095512,0.1223147729134335,2053.285075914164,0.1125564575195312,5.16246368266641e-06,766.8229166666666,0.1222083333333333,0.0832708333333333,0.1128125,0.089,0.1061927631155463,0.0715791042267641,0.0370168322638858,10.166666666666666,10.733333333333334,11.404166666666669,11.383333333333333,1.0353,766.8229166666666,64.66250000000001,10.029166666666669,2023-09-12,0.1125564575195312,836.3751411378558,2682.985901333724,2610.258324051089,4275.400024578513,0.111251748412853,0.20625174841285301,F3,6564.508331397608
71,2023-09-13,2023-09-13,6014.75,0.0091182321743067,109.6761810740952,2143.8769479744046,0.1096628669475991,2081.2998000886146,0.1031786600748698,5.568250734803449e-06,764.8916666666668,0.118875,0.0831666666666666,0.11275,0.088875,0.1046854960170082,0.073340141504807,0.03792754527484,10.222916666666666,10.433333333333334,10.9625,11.220833333333331,0.0,764.8916666666668,61.23333333333333,10.275,2023-09-13,0.1031786600748698,832.5967739704089,2725.4241093141677,2645.8723105501617,4334.571992293798,0.1096726756482139,0.2046726756482139,F3,6639.650227981124
72,2023-09-14,2023-09-14,5933.354166666667,0.009180709464814,108.93096659976868,2130.9262364727,0.1145705260045414,2054.68524805532,0.1121406555175781,6.874304284310551e-06,765.4833333333332,0.1160625,0.0833541666666666,0.1128541666666666,0.0887708333333333,0.1035356678672863,0.0746835598259309,0.0386222884012102,10.58125,10.629166666666666,10.889583333333334,11.05625,1.1567,765.4833333333332,78.97708333333334,9.064583333333331,2023-09-14,0.1121406555175781,857.7201132647448,2708.960393244611,2612.0383062997444,4301.945203632999,0.108468070096217,0.203468070096217,F3,6543.339914071387
73,2023-09-15,2023-09-15,5638.25,0.0094176498502784,106.18844653862676,2039.887226667253,0.1524897963219297,1957.8731358975133,0.1496378580729166,7.756451568062748e-06,767.46875,0.1307916666666666,0.0832916666666666,0.113,0.089,0.1099846867165617,0.0671487555358415,0.0347256960987438,10.63125,10.65,10.858333333333334,10.96875,10.2206,767.46875,93.225,8.1875,2023-09-15,0.1496378580729166,874.8469019388094,2593.2261798391796,2488.9649812202383,4152.403528221558,0.1152243178995506,0.2102243178995506,F3,6228.867441083102
74,2023-09-16,2023-09-16,5576.083333333333,0.00947043117893,105.59980764255248,2034.6815554104548,0.1548566468200094,1973.2876939141784,0.1428489685058593,5.761522620188501e-06,769.8333333333334,0.1484375,0.0831875,0.1127708333333333,0.089,0.1176127294559625,0.0582364216597698,0.0301167201729604,8.929166666666667,9.68125,10.579166666666667,10.883333333333333,5.0706997,769.8333333333334,78.15208333333334,7.741666666666667,2023-09-16,0.1428489685058593,864.3109187521092,2586.608420381555,2508.560885776577,4181.170141488583,0.12321575786992717,0.21821575786992717,F3,6412.980633870749
75,2023-09-17,2023-09-17,5676.4375,0.009385947327348,106.54733361955545,2066.4377460151686,0.140434628543781,2014.727274974983,0.126312255859375,4.752166111881602e-06,769.7833333333333,0.1447291666666666,0.0833541666666666,0.1124375,0.089,0.115984218999636,0.0601391153655206,0.0311006902088552,8.314583333333333,8.829166666666667,9.860416666666667,10.627083333333331,0.0,769.7833333333333,62.85625,8.793750000000001,2023-09-17,0.126312255859375,848.432379009596,2626.97878192485,2561.2413502079453,4237.986983813518,0.12150966575724897,0.21650966575724898,F3,6532.754567465976
76,2023-09-18,2023-09-18,5687.333333333333,0.009377234330975,106.6484612724058,2082.281079912801,0.1338232174518435,2024.979504197648,0.122589111328125,5.238694524150559e-06,767.6708333333332,0.1384375,0.0836458333333333,0.1121875,0.089,0.1132850830916746,0.0632926897764757,0.0327315479328104,8.316666666666666,8.704166666666667,9.533333333333331,10.3375,0.0,767.6708333333332,67.77291666666666,8.362499999999999,2023-09-18,0.122589111328125,846.2362970547956,2647.1197719277134,2574.2745948277293,4256.269801027204,0.1186819439789025,0.2136819439789025,F3,6539.182895421299
77,2023-09-19,2023-09-19,5633.875,0.0094219432673356,106.14484605010938,2068.9057233187464,0.139585305657779,2003.322363324263,0.1309216817220052,6.063116558338495e-06,765.5229166666667,0.1346458333333333,0.0837291666666666,0.112,0.0886874999999999,0.1116088269163632,0.065251167882404,0.0337443666362964,8.516666666666667,8.6625,9.341666666666669,10.1125,3.8251998,765.5229166666667,77.23958333333333,8.356250000000001,2023-09-19,0.1309216817220052,840.5950924073768,2630.1162217162364,2546.742747008336,4220.090760382661,0.11692583155824421,0.2119258315582442,F3,6453.462344259327
78,2023-09-20,2023-09-20,5654.5,0.0094055919424434,106.33574606324272,2062.8770394670614,0.1422875229184402,2006.671232680439,0.1297454833984375,5.19277287819353e-06,764.5104166666666,0.1308541666666667,0.0837708333333333,0.1123125,0.0880624999999999,0.1100034172526811,0.0671268714435157,0.034714378832572,7.90625,8.456249999999999,9.272916666666667,9.945833333333336,0.0,764.5104166666666,73.88333333333334,7.8,2023-09-20,0.1297454833984375,844.9135611202428,2622.452199612571,2551.0000292608875,4199.301077015249,0.11524394075171922,0.21024394075171923,F3,6451.774113083271
79,2023-09-21,2023-09-21,5867.041666666667,0.0092329215292219,108.31867717977364,2101.5230070550847,0.1257435305684252,2046.008874378266,0.1150283813476562,5.031457858100819e-06,762.5187500000001,0.128375,0.0841041666666666,0.1121458333333333,0.0884375,0.1090134711767623,0.0682834892351707,0.0353125188519202,8.939583333333333,8.883333333333333,9.235416666666667,9.791666666666666,1.0299,762.5187500000001,56.34791666666666,10.702083333333334,2023-09-21,0.1150283813476562,847.6484269746632,2671.5812561527273,2601.0083831396473,4272.610137064183,0.1142068339984033,0.2092068339984033,F3,6568.706860314365
80,2023-09-22,2023-09-22,5998.729166666667,0.0091305440872951,109.5294491596696,2124.925860036895,0.1166642578087129,2084.850425108844,0.1021054585774739,3.563398098526178e-06,762.8458333333333,0.123875,0.0835833333333333,0.1123541666666666,0.0887916666666666,0.1069283579605646,0.0707196613683153,0.0365723750095619,7.266666666666667,8.052083333333334,9.083333333333334,9.697916666666666,0.6096,762.8458333333333,52.34375,8.129166666666666,2023-09-22,0.1021054585774739,839.4790659704264,2701.3323572145787,2650.386076623541,4308.7078508663635,0.11202238673349565,0.20702238673349566,F3,6672.628988647254
81,2023-09-23,2023-09-23,5996.041666666667,0.0091327679655937,109.50419346580856,2133.6165519719384,0.1135210419261401,2095.9457798565554,0.0987052917480468,3.330403131231944e-06,764.8208333333333,0.12,0.0829583333333333,0.11175,0.0887083333333333,0.1049083209522578,0.0730798007743335,0.0377929111626156,6.48125,7.175,8.404166666666667,9.502083333333331,0.0,764.8208333333333,47.19166666666666,7.962499999999999,2023-09-23,0.0987052917480468,835.4731712808156,2712.38048259732,2664.4911526445217,4315.073984520985,0.10990611588377425,0.20490611588377425,F3,6688.637363111626
82,2023-09-24,2023-09-24,6034.333333333333,0.00910335971344,109.85484361485004,2145.7550634896647,0.108991293099756,2113.4742114775186,0.0933100382486979,2.828926382451656e-06,766.8520833333333,0.1167708333333333,0.0826458333333333,0.1115208333333333,0.088,0.1033231245572407,0.0749318878711407,0.0387507102038472,5.6875,6.572916666666667,7.95,9.220833333333331,0.0,766.8520833333333,46.50416666666666,6.4437500000000005,2023-09-24,0.0933100382486979,822.6408747124647,2727.8116816560423,2686.7743392720818,4330.6795995606135,0.10824540129881223,0.20324540129881222,F3,6728.367110100317
83,2023-09-25,2023-09-25,5759.104166666667,0.0093207676841436,107.31095217302682,2167.867602210747,0.1014754441408637,2135.693190659969,0.0870844523111979,2.7893893697523035e-06,770.1479166666667,0.1147291666666666,0.0826666666666666,0.1108958333333333,0.0870833333333333,0.1022832337281553,0.0761468593363113,0.0393790275796717,5.164583333333334,5.95625,7.377083333333334,8.910416666666666,0.0,770.1479166666667,44.739583333333336,7.212499999999999,2023-09-25,0.0870844523111979,824.5483191286504,2755.922458352215,2715.020429424511,4369.351478434767,0.10715597044213171,0.2021559704421317,F3,6788.2833061151205
84,2023-09-26,2023-09-26,5781.145833333333,0.0093009930164922,107.523871814297,2152.744851998332,0.1066362086143097,2115.172511717816,0.0929094950358073,3.28945411537768e-06,769.69375,0.1137291666666666,0.0827083333333333,0.111,0.087125,0.1018820063256875,0.0766156391653167,0.0396214550937687,5.708333333333333,6.15625,7.212499999999999,8.616666666666665,0.0,769.69375,45.06666666666666,9.035416666666666,2023-09-26,0.0929094950358073,821.1659120226725,2736.697517262665,2688.9333197229585,4336.58292440366,0.10673562870954942,0.20173562870954942,F3,6719.133195844714
85,2023-09-27,2023-09-27,5891.125,0.0092140022551275,108.54085599747792,2157.0551533086905,0.1049657691173213,2115.8404145010627,0.0926017761230468,3.6076785180749616e-06,767.4479166666666,0.1129166666666666,0.0828958333333333,0.111,0.0878541666666666,0.1016169709314843,0.0769252970949865,0.0397815933878364,6.3125,6.591666666666666,7.354166666666667,8.445833333333335,0.0,767.4479166666666,46.92083333333333,10.10625,2023-09-27,0.0926017761230468,825.7834106687422,2742.177029097875,2689.782397534937,4343.749118863348,0.10645796712385064,0.20145796712385064,F3,6718.274578357803
86,2023-09-28,2023-09-28,6111.625,0.0090463066561496,110.553296003319,2168.86955518733,0.1008580120796118,2130.407438633774,0.0883700052897135,3.344158376738864e-06,764.3270833333332,0.111625,0.0828958333333333,0.111,0.08775,0.1010489061172856,0.077589003822957,0.0401248265267126,6.36875,6.7375,7.485416666666667,8.397916666666667,0.0,764.3270833333332,43.62708333333333,10.225,2023-09-28,0.0883700052897135,822.4703841975984,2757.196200672808,2708.3008665215843,4364.266548961876,0.1058628399048455,0.20086283990484552,F3,6758.865228837517
90,2023-10-02,2023-10-02,6393.333333333333,0.0088441039124361,113.0753171626497,2185.436554635658,0.0952742042869976,2126.186136171488,0.0895919799804687,5.1666204316681564e-06,761.9979166666667,0.108625,0.0832291666666666,0.11175,0.0877916666666666,0.0999958006002592,0.0788194148595907,0.0407611284118887,7.954166666666667,8.137500000000001,8.345833333333333,8.418750000000001,0.24589999,761.9979166666667,59.83958333333334,9.560416666666669,2023-10-02,0.0895919799804687,840.4657925896912,2778.2571574399994,2702.934495324632,4391.4690599871155,0.10475956481721142,0.19975956481721144,F3,6734.906128943745
91,2023-10-03,2023-10-03,6017.104166666667,0.0091168088332329,109.69620027072538,2056.528261143488,0.1449872963684584,1999.375243792947,0.1324437459309896,5.295026454430032e-06,762.0458333333332,0.186875,0.0825208333333333,0.1113958333333333,0.0875208333333333,0.1338577435302753,0.039256324903897,0.0203012430787142,6.33125,7.060416666666666,7.933333333333334,8.5,6.1902,762.0458333333332,90.15208333333334,3.014583333333333,2023-10-03,0.1324437459309896,868.0502788887446,2614.381254344884,2541.7249334891612,4307.188710521489,0.1402346786111855,0.2352346786111855,F3,6638.4522243136325
92,2023-10-04,2023-10-04,5883.458333333333,0.009219283230473,108.4730446010625,2046.0118010395072,0.1495189480582656,1997.272439524132,0.1330515543619791,4.520301610217053e-06,764.9020833333334,0.1906458333333333,0.0830833333333333,0.111,0.0877291666666666,0.1356232537001008,0.0371935656047375,0.0192344957953749,5.925,6.435416666666666,7.422916666666667,8.370833333333334,1.9043,764.9020833333334,76.07916666666667,4.39375,2023-10-04,0.1330515543619791,854.3763369145773,2601.012103685789,2539.051723416721,4293.6539203953835,0.14208429705477044,0.23708429705477044,F3,6645.895119297938
93,2023-10-05,2023-10-05,5744.333333333333,0.0093303439163569,107.18253396856052,2076.7700865639777,0.1359138511880062,2031.2742941747504,0.1201553344726562,4.147496556450539e-06,769.56875,0.1863125,0.083375,0.111,0.0879166666666666,0.1338347280610671,0.0392832153596673,0.0203151493646548,5.6937500000000005,6.185416666666666,7.147916666666667,8.170833333333333,0.0,769.56875,65.77083333333333,5.477083333333333,2023-10-05,0.1201553344726562,850.8821747078447,2640.1138688354936,2582.2769068927355,4349.470439123176,0.14021056669324652,0.23521056669324653,F3,6743.510228725099
94,2023-10-06,2023-10-06,5675.5,0.0093877039129857,106.53480875704388,2076.829215612536,0.1361287901772794,2032.2188101541333,0.1200726826985677,4.0687755787740586e-06,770.4541666666668,0.1810625,0.0832916666666666,0.1110208333333333,0.0879791666666666,0.1315204165559646,0.0419871746230533,0.0217134905087972,4.908333333333333,5.595833333333334,6.791666666666667,7.977083333333333,0.0,770.4541666666668,66.08333333333333,5.7625,2023-10-06,0.1200726826985677,841.7720325903919,2640.189037204953,2583.477631880368,4338.21298907672,0.1377860022148321,0.2327860022148321,F3,6727.196071979185
95,2023-10-07,2023-10-07,5727.4375,0.009344347706369,107.02383022510628,2092.857293996963,0.1292492500754656,2051.13308213549,0.1131871541341145,3.767506393634607e-06,770.0124999999999,0.176875,0.0831041666666666,0.1110625,0.088,0.1296379583325438,0.0441865718692467,0.022850899530934,4.447916666666667,5.066666666666666,6.325,7.739583333333333,0.0,770.0124999999999,59.7875,6.260416666666667,2023-10-07,0.1131871541341145,844.3978095780342,2660.5648854065807,2607.5225813429856,4362.294178361759,0.1358138643541584,0.2308138643541584,F3,6773.591714036222
96,2023-10-08,2023-10-08,5868.020833333333,0.0092319702134114,108.3284183552282,2103.0146997337933,0.1251353897961617,2063.700585734342,0.108917236328125,3.528690744792919e-06,768.3708333333334,0.1735833333333333,0.0832083333333333,0.1110833333333333,0.088,0.1282389753225241,0.0458210938689525,0.0236961856985711,4.320833333333334,4.889583333333333,6.060416666666666,7.5,0.0,768.3708333333334,54.69791666666666,6.691666666666666,2023-10-08,0.108917236328125,834.8688599783658,2673.47758476155,2623.499140694755,4376.405379902101,0.13434823429333007,0.22934823429333007,F3,6802.4608145013935
97,2023-10-09,2023-10-09,6048.8125,0.0090929298546011,109.98465620026847,2114.4468932089085,0.1207645241666006,2076.535575945145,0.104773203531901,3.380683646668494e-06,764.6416666666668,0.1703958333333333,0.0832083333333333,0.1111875,0.0879791666666666,0.1268661323223692,0.0474250748106966,0.0245256776867205,4.14375,4.702083333333333,5.847916666666666,7.3,0.0,764.6416666666668,53.23125,6.710416666666667,2023-10-09,0.104773203531901,837.249787562448,2688.010870241793,2639.8157449645964,4393.194744088053,0.13290998954309796,0.22790998954309796,F3,6832.923426260027
98,2023-10-10,2023-10-10,6285.583333333333,0.0089197135416705,112.1178789828242,2117.5663562322084,0.1194691519711993,2081.1140503517468,0.1033032735188802,3.2474904977644154e-06,760.1625,0.1674166666666666,0.0832291666666666,0.1109583333333333,0.0875624999999999,0.125511987684315,0.0490072092510943,0.0253438718487148,3.66875,4.360416666666667,5.6125,7.106249999999999,0.0,760.1625,50.92083333333333,5.241666666666666,2023-10-10,0.1033032735188802,833.1140776430167,2691.9765174958707,2645.6361744176115,4392.725908684915,0.131491333938257,0.226491333938257,F3,6835.658007842081
99,2023-10-11,2023-10-11,6575.979166666667,0.0087208865348208,114.6770735573103,2121.7192977910017,0.1180117085077084,2070.4923036555856,0.1068585713704427,4.586512063570642e-06,753.3125,0.1670625,0.0835416666666666,0.111,0.087,0.1254481103990828,0.0490818411996211,0.02538246744655,4.3875,4.583333333333333,5.427083333333333,6.9125000000000005,0.0,753.3125,71.83749999999999,4.429166666666666,2023-10-11,0.1068585713704427,844.0409887646757,2697.255984239334,2632.13317716952,4401.011524954919,0.13142441356197657,0.22642441356197657,F3,6800.39339351007
100,2023-10-13,2023-10-13,5657.5625,0.0094019214211227,106.36877862422736,1949.1112274744085,0.200821145869182,1900.8852377604387,0.1773007710774739,4.699060752624893e-06,762.0604166666667,0.3038541666666666,0.1034375,0.1106041666666666,0.0873958333333333,0.1917492404781232,0.0283820414518397,0.0146776531933263,3.9375,4.347916666666666,5.352083333333333,6.741666666666667,5.9028,762.0604166666667,85.03333333333333,2.2729166666666667,2023-10-13,0.1773007710774739,850.917113708952,2477.826321194767,2416.5185697465436,4323.395182292449,0.20088410579180802,0.295884105791808,F3,6718.882433409809
101,2024-04-30,2024-04-30,5401.416666666667,0.0096224201261916,103.93243333082296,1842.3835365109808,0.2781062570217745,1802.9631710407336,0.2397321065266927,4.055484568704623e-06,758.5625,0.3071666666666666,0.2771666666666667,0.3278333333333333,0.292,0.3006039777213333,0.1555640454661168,0.0804492908861745,5.825,4.827083333333333,4.1375,3.2000000000000006,0.0,758.5625,56.63333333333333,7.325,2024-04-30,0.2397321065266927,815.3216788000193,2342.14772156339,2292.034204296414,4417.113364191937,0.3149246438287726,0.4099246438287726,F3,6892.041865316703
102,2024-05-01,2024-05-01,5517.5,0.0095205171067137,105.04384263714516,1864.0957701932407,0.2597777112220246,1826.3023152147427,0.222601572672526,3.842180572110244e-06,757.3166666666666,0.2993333333333333,0.269,0.323,0.2913333333333333,0.2935084887298744,0.1472739284510094,0.076162091789298,6.2625,5.575,4.860416666666667,3.49375,0.0,757.3166666666666,61.51666666666667,4.408333333333333,2024-05-01,0.222601572672526,810.684101687038,2369.7496066438766,2321.704314925992,4450.451654369609,0.3074911282766343,0.40249112827663425,F3,6953.458623301176
103,2024-05-02,2024-05-02,5424.4375,0.0096021262532893,104.153148514422,1830.9486681561311,0.2876204294869053,1796.062736444882,0.2449671427408854,3.612265198746677e-06,759.3541666666666,0.312,0.272,0.32,0.29,0.2994095816212176,0.1541685555366326,0.0797276191468634,6.6,6.0,4.7,3.8,2.0841,759.3541666666666,70.45833333333333,2.3583333333333334,2024-05-02,0.2449671427408854,807.9615814016755,2327.6110356166587,2283.261960707504,4386.628803199307,0.31367334712514716,0.40867334712514714,F3,6861.018288944665
104,2024-05-03,2024-05-03,5586.854166666667,0.0094613704281345,105.70149683321488,1860.4740843793309,0.2626432520330921,1834.3143711531416,0.2167523701985677,2.641562844577914e-06,758.2291666666666,,,,,,,,,,,,0.0,758.2291666666666,44.65,5.441666666666666,2024-05-03,0.2167523701985677,801.5778757426388,2365.14550385574,2331.8897177963936,,,,F3,
105,2024-05-04,2024-05-04,5462.791666666667,0.0095679533177518,104.52219484270228,1858.8822542458547,0.2636569611838925,1827.597990291516,0.2210108439127604,3.16982688559742e-06,760.6645833333333,,,,,,,,,,,,0.0,760.6645833333333,53.55,5.641666666666667,2024-05-04,0.2210108439127604,795.1047317553541,2363.121874548187,2323.351454280428,,,,F3,
106,2024-05-05,2024-05-05,5630.166666666667,0.0094259206221302,106.10660250450304,1860.488149823652,0.2625222844359271,1824.947634633049,0.2229105631510416,3.605283390659815e-06,755.63125,,,,,,,,,,,,0.0,755.63125,49.16666666666666,8.441666666666666,2024-05-05,0.2229105631510416,803.2324046935556,2365.1633846865857,2319.98216425813,,,,F3,
107,2024-05-06,2024-05-06,5718.75,0.0093525762973404,106.93826274625025,1843.1944682860303,0.2775980844802844,1805.9844975163976,0.237280527750651,3.814948007955745e-06,751.775,,,,,,,,,,,,5.2651997,751.775,69.19166666666666,2.6833333333333336,2024-05-06,0.237280527750651,829.7338449777338,2343.1786263514737,2295.875094524122,,,,F3,
108,2024-05-09,2024-05-09,5362.25,0.009657325788649,103.55554367998116,1832.960762617404,0.2860522726071884,1804.2456100702616,0.2382164001464843,2.948416099970613e-06,761.0145833333332,,,,,,,,,,,,0.0,761.0145833333332,58.8,1.4,2024-05-09,0.2382164001464843,801.7518996718263,2330.1689299772243,2293.6645171989817,,,,F3,
109,2024-05-16,2024-05-16,5192.395833333333,0.0098139097780468,101.90259771014512,1842.042245390233,0.2785743084448903,1804.633702086889,0.2384783426920572,3.841287043944505e-06,760.8312500000001,,,,,,,,,,,,0.0,760.8312500000001,52.45,8.633333333333333,2024-05-16,0.2384783426920572,794.0887308248515,2341.7138519564332,2294.1578828931965,,,,F3,
110,2024-05-17,2024-05-17,5211.729166666667,0.0097965972758371,102.08895661010358,1834.5771506166468,0.2852437960802474,1798.0937316309703,0.2434883117675781,3.757908651672677e-06,760.1770833333334,,,,,,,,,,,,0.0,760.1770833333334,46.74166666666667,9.933333333333334,2024-05-17,0.2434883117675781,784.9847381367663,2332.2237787069075,2285.843882795568,,,,F3,
111,2024-05-18,2024-05-18,5165.645833333333,0.009841260440008,101.6329400862736,1860.0548132900085,0.26344529299344,1818.2748592028247,0.2284075419108072,4.258693451736129e-06,762.3395833333334,0.284108108108108,0.2545945945945946,0.3151351351351351,0.2911351351351351,0.2805420175747739,0.1321243646537584,0.068327558680623,9.167567567567568,8.78918918918919,8.337837837837839,6.364864864864865,0.0,762.3395833333334,50.69166666666666,9.441666666666666,2024-05-18,0.2284075419108072,785.4168266200417,2364.6125014666536,2311.4993345645908,4405.707245441035,0.29390693906799537,0.38890693906799534,F3,6870.504066949255
112,2024-05-19,2024-05-19,5150.270833333333,0.0098544541720761,101.48671367041146,1856.6009822484448,0.2657067139239399,1807.250644455048,0.2359212239583333,5.062960133617291e-06,761.7020833333332,0.281125,0.2506666666666666,0.3125416666666666,0.2895833333333333,0.2773737055361477,0.1284226215360956,0.0664132178188484,9.59375,8.9,8.231250000000001,6.599999999999999,0.5374,761.7020833333332,63.00833333333333,9.541666666666666,2024-05-19,0.2359212239583333,785.5750224237546,2360.221785665978,2297.484695950077,4388.770660972565,0.29058768977573307,0.3855876897757331,F3,6815.697041908679
113,2024-05-20,2024-05-20,5371.270833333333,0.0096502882220828,103.63876139638478,1872.313042497799,0.2535554214779821,1838.8532749542776,0.2140553792317708,3.372746925573069e-06,758.6020833333333,0.2766666666666666,0.247125,0.3094583333333333,0.2877083333333333,0.2735828769941038,0.123993552273134,0.0641227433044876,9.504166666666666,8.833333333333334,8.28125,6.75,0.0,758.6020833333333,44.81666666666666,9.658333333333331,2024-05-20,0.2140553792317708,792.7559100852133,2380.1958927858136,2337.659842738108,4415.242170547147,0.2866162675162251,0.3816162675162251,F3,6918.592866137027
114,2024-05-21,2024-05-21,5316.9375,0.0097015764394149,103.10571417316568,1868.040180217292,0.2573383753932067,1825.8620088383493,0.2239023844401041,4.297805388045086e-06,758.2125,0.2978333333333333,0.2454166666666666,0.3069583333333333,0.286,0.2817125684863861,0.1334919947129533,0.0690348228053582,9.177083333333334,8.987499999999999,8.450000000000001,6.900000000000001,2.4515998,758.2125,67.72500000000001,5.633333333333333,2024-05-21,0.2239023844401041,819.4871010764947,2374.763975675983,2321.1445712266905,4427.856224011194,0.29513325460685574,0.3901332546068558,F3,6903.929083758027
115,2024-05-23,2024-05-23,5368.8125,0.0096519233285083,103.61710814341002,1862.2089378228327,0.2613414790062712,1827.9608788802727,0.2211596171061197,3.4717625369509355e-06,756.9375,0.3087916666666666,0.2704166666666667,0.3152916666666667,0.2834583333333333,0.2963268385140918,0.1505667881156202,0.0778649802955198,8.129166666666666,7.772916666666667,7.541666666666667,6.900000000000001,0.042099997,756.9375,53.01666666666667,6.458333333333333,2024-05-23,0.2211596171061197,813.4393563831078,2367.350952916384,2323.812779875503,4453.4176589953795,0.3104437432377123,0.40544374323771226,F3,6971.052687644475
116,2024-05-25,2024-05-25,5387.229166666667,0.0096356102765777,103.79396541544136,1845.8937727658888,0.2749196018498255,1801.5972124486743,0.2402992248535156,4.554217867791712e-06,757.09375,0.3098333333333333,0.2725833333333333,0.31875,0.2816249999999999,0.2981007516378949,0.1526393651273898,0.0789368047675838,8.275,7.6875,7.399999999999999,6.599999999999999,0.0254,757.09375,65.2,6.233333333333333,2024-05-25,0.2402992248535156,810.9300529714523,2346.610143031914,2290.2977163498267,4419.031914944179,0.3123021649490003,0.4073021649490003,F3,6877.346173499049
117,2024-05-28,2024-05-28,4979.625,0.0100216897656774,99.79189335603898,1849.7848546476173,0.2717253422896379,1809.7720866755108,0.2343266805013021,4.095902438702922e-06,768.0500000000001,0.3047083333333333,0.273,0.3265416666666667,0.2851666666666666,0.2976377426536446,0.1520984018952431,0.0786570479105845,10.954166666666666,9.791666666666666,8.795833333333333,7.15,0.0,768.0500000000001,50.30833333333334,10.633333333333333,2024-05-28,0.2343266805013021,796.2792153584375,2351.5567181521874,2300.690103529269,4427.137862672837,0.311817098382151,0.40681709838215097,F3,6906.635218744087
118,2024-05-29,2024-05-29,5063.0,0.0099392189719491,100.62251709156614,1853.7058828060744,0.2682314902347235,1809.0664917691824,0.2346661885579427,4.573261089501688e-06,765.4958333333334,0.2957083333333333,0.26425,0.3209583333333333,0.284375,0.2896892479347341,0.1428116633218974,0.0738544501725765,10.747916666666669,10.008333333333333,9.2125,7.4875,0.0,765.4958333333334,53.71666666666667,10.608333333333333,2024-05-29,0.2346661885579427,797.6339972013684,2356.54136276365,2299.7931092447166,4415.475296880144,0.3034899402144428,0.39848994021444284,F3,6872.838651442882
119,2024-05-30,2024-05-30,5206.166666666667,0.0098010347919517,102.0372385408242,1876.651114761376,0.250036783738135,1832.784347797229,0.2178243001302083,4.432737798253878e-06,763.9083333333333,0.289375,0.257125,0.3165416666666666,0.284,0.2836867691116165,0.1357985805189716,0.0702276639397365,10.002083333333331,9.570833333333333,9.11875,7.75,0.0,763.9083333333333,51.93333333333334,10.333333333333334,2024-05-30,0.2178243001302083,802.155605356872,2385.710708711359,2329.944660946952,4453.723685866176,0.2972015054445861,0.3922015054445861,F3,6939.376935800093
120,2024-05-31,2024-05-31,5260.5,0.0097499847627755,102.56937093761516,1901.8040162175407,0.2319987534368527,1863.4576930231715,0.1986529032389322,3.811233549743533e-06,764.6604166666666,0.2823333333333333,0.2502083333333333,0.3121666666666666,0.2822083333333333,0.2773989133483878,0.1284520734475025,0.0664284487507828,9.941666666666666,9.54375,9.1,7.900000000000001,0.0,764.6604166666666,49.59166666666667,9.175,2024-05-31,0.1986529032389322,804.9490008543576,2417.686575662401,2368.9384449283907,4495.696612718115,0.2906140984791427,0.38561409847914274,F3,7027.82095618262
121,2024-06-01,2024-06-01,5241.625,0.0097677299362652,102.38446668885548,1892.716381788303,0.2377470209139692,1846.703505505268,0.2083651224772135,4.61441969917122e-06,764.3583333333332,0.2750833333333333,0.2438749999999999,0.3072499999999999,0.2814583333333333,0.2711488186294181,0.1211496850373262,0.0626520493416914,10.060416666666669,9.489583333333334,9.058333333333334,7.900000000000001,0.0,764.3583333333332,54.29166666666666,10.7,2024-06-01,0.2083651224772135,793.1324470482381,2406.133833331047,2347.6395235344144,4456.369428477932,0.28406625148061665,0.3790662514806167,F3,6937.506988084945
122,2024-06-02,2024-06-02,5442.5625,0.0095859401339537,104.32768420390538,1909.4441846313125,0.2262296163672942,1866.963447216137,0.1963857014973958,4.221585317322791e-06,760.7875,0.2680416666666667,0.2375833333333333,0.3030833333333333,0.2795,0.2651027834678647,0.1140857125574779,0.0589989457267753,10.920833333333334,10.002083333333331,9.310416666666669,7.96875,0.0276,760.7875,45.63333333333333,12.425,2024-06-02,0.1963857014973958,800.4533273529024,2427.3992129542885,2373.3951685327306,4478.030691819287,0.2777321853639217,0.3727321853639217,F3,6986.616918412244
123,2024-06-03,2024-06-03,5470.6875,0.009561029557543,104.59776416633837,1931.2539035383943,0.2116254214559254,1881.8574163609792,0.1873881022135416,4.862091625047677e-06,760.7125,0.259625,0.230875,0.299125,0.2770416666666667,0.2583389794013361,0.1061831244136194,0.0549121555534163,11.297916666666666,10.5375,9.75,8.2,0.0,760.7125,48.75,12.383333333333333,2024-06-03,0.1873881022135416,802.8900778479959,2455.1250270607775,2392.329269498314,4508.749429777005,0.27064615608804243,0.3656461560880424,F3,7010.910200191616
124,2024-06-04,2024-06-04,5361.8125,0.0096588823457829,103.547162083375,1905.1451225757064,0.2296947050192746,1842.2889222229644,0.2126134236653646,6.336536921700956e-06,761.1229166666667,0.2543499999999999,0.22465,0.295,0.27535,0.2531048025502706,0.1000676983132714,0.0517495887034371,12.05,10.965,10.0925,8.3875,1.0934,761.1229166666667,60.79166666666666,13.325,2024-06-04,0.2126134236653646,799.9573251999676,2421.933989129359,2342.0274422433063,4431.924613022566,0.2651626249217094,0.36016262492170936,F3,6839.361731321224
125,2024-06-05,2024-06-05,5245.354166666667,0.0097647604228706,102.41913437987829,1922.0776548170231,0.2181540524243172,1866.3327655828973,0.1968968709309896,5.5315289103242505e-06,766.2854166666666,0.2496666666666666,0.2189583333333333,0.2905833333333333,0.2734166666666667,0.2482410692573464,0.0943850852929214,0.0488108493147955,12.277083333333332,11.389583333333334,10.5625,8.61875,0.0,766.2854166666666,59.10833333333333,12.275,2024-06-05,0.1968968709309896,795.421048318551,2443.4596329615883,2372.5934084642913,4456.213697233803,0.260067185112286,0.35506718511228597,F3,6905.090983670114
126,2024-06-06,2024-06-06,5230.375,0.0097788135798917,102.27250827243618,1947.9446274908112,0.201445708052611,1891.483910047316,0.1823094685872396,5.530672681751188e-06,767.3916666666668,0.2409583333333333,0.2125416666666666,0.2845833333333333,0.2700833333333333,0.2410200106459918,0.085948257199306,0.044447779201607,13.358333333333334,11.997916666666669,10.9375,8.89375,0.0,767.3916666666668,52.958333333333336,14.658333333333331,2024-06-06,0.1823094685872396,800.5623501056775,2476.3432697891226,2404.5670418227432,4493.052000236005,0.2525021178484201,0.3475021178484201,F3,6962.540258238321
127,2024-06-07,2024-06-07,5366.416666666667,0.0096533022931016,103.5967562348692,1965.733795830983,0.1909823091353407,1905.952514073737,0.1745821634928385,5.808947659493097e-06,765.4791666666666,0.2300833333333333,0.2049166666666666,0.276875,0.2674166666666667,0.2321461947497773,0.0755804062677223,0.039086088761118,13.9,12.633333333333333,11.48125,9.233333333333333,0.0,765.4791666666666,50.29166666666666,15.266666666666666,2024-06-07,0.1745821634928385,805.550866041934,2498.957920468939,2422.960393306365,4504.696725994133,0.24320555653309348,0.3382055565330935,F3,6969.285313364008
128,2024-06-08,2024-06-08,5370.708333333333,0.009650069489302,103.63592292831066,1955.6920396567311,0.1967158838205826,1882.225783163696,0.1873753865559896,7.232878411774048e-06,764.7666666666668,0.22125,0.198125,0.2710416666666667,0.26525,0.2248218939278219,0.0670229536466348,0.0346606381816107,13.375,12.527083333333332,11.616666666666667,9.5875,0.8911,764.7666666666668,69.69166666666666,13.116666666666667,2024-06-08,0.1873753865559896,804.4199487977942,2486.1922417283668,2392.7975593253695,4456.953741374144,0.23553232863659715,0.3305323286365972,F3,6843.557831137501
129,2024-06-09,2024-06-09,5429.291666666667,0.0095982129062762,104.19837031265108,1967.2066535579552,0.1904331248142667,1897.1708707492908,0.1796429951985677,6.843962929203044e-06,765.4333333333334,0.2163749999999999,0.1929583333333333,0.266375,0.2625833333333333,0.2199732319428088,0.0613579494064975,0.031731005099489,13.022916666666667,12.26875,11.585416666666667,9.8,1.0881,765.4333333333334,66.56666666666666,13.6,2024-06-09,0.1796429951985677,801.1053231843351,2500.8303049649207,2411.796645098495,4466.417029757029,0.23045267812680953,0.32545267812680956,F3,6871.598755581673
130,2024-06-10,2024-06-10,5490.1875,0.0095448019890474,104.78121167562256,1977.7939813071823,0.1844573248905577,1909.5641531277315,0.1731224060058593,6.621518501506881e-06,765.1791666666667,0.2113333333333333,0.1874166666666666,0.25975,0.259125,0.2145193678782087,0.0549858485781474,0.0284356999950224,14.310416666666669,13.066666666666668,11.9375,9.89375,0.59499997,765.1791666666667,54.5,15.666666666666666,2024-06-10,0.1731224060058593,801.1258207935892,2514.2895467969756,2427.5517240547074,4471.176365487158,0.22473899392657268,0.3197389939265727,F3,6885.386379479058
131,2024-06-11,2024-06-11,5440.458333333333,0.0095885906252209,104.30462635632192,1973.2334430873293,0.1871533039608591,1901.7616947848608,0.177374521891276,6.96647220366487e-06,766.3958333333334,0.204375,0.1814166666666666,0.2542083333333333,0.2553333333333333,0.2082724055967399,0.0476871199965546,0.024661193250868,13.975,13.033333333333331,12.185416666666669,10.1,0.3302,766.3958333333334,62.74166666666667,14.75,2024-06-11,0.177374521891276,800.5630405869615,2508.4919188932004,2417.6327741356504,4438.429688131773,0.21819442859375102,0.313194428593751,F3,6821.500293462652
132,2024-06-12,2024-06-12,5553.875,0.0094891383888607,105.39008775709456,2010.479182065908,0.1667236634355404,1949.5543295739449,0.153387705485026,5.790387134658759e-06,766.9916666666667,0.1963333333333333,0.1749583333333333,0.246375,0.251125,0.2009419676375862,0.0391224969626071,0.0202320345225516,14.429166666666667,13.383333333333333,12.48125,10.2875,0.0,766.9916666666667,51.55,15.141666666666666,2024-06-12,0.153387705485026,805.497001624226,2555.8409213988484,2478.3896189838983,4494.802266119953,0.21051477118903278,0.3055147711890328,F3,6948.514012134824
134,2024-06-14,2024-06-14,5517.604166666667,0.0095208312920374,105.04335131919372,2015.5875527828616,0.1642979808567213,1947.0666690842056,0.1547190348307291,6.523072247875836e-06,767.7916666666666,0.1810416666666666,0.1621666666666666,0.2314166666666667,0.2408333333333333,0.1867345006228978,0.0225229977340376,0.0116476734126132,14.25,13.395833333333334,12.55625,10.58125,0.0,767.7916666666666,55.6,14.391666666666666,2024-06-14,0.1547190348307291,809.6885386197459,2562.3349866130175,2475.2271567535313,4451.105145926789,0.1956304655214027,0.2906304655214027,F3,6850.046693216921
135,2024-06-15,2024-06-15,5484.145833333333,0.0095502659808267,104.72276164960574,1984.2548795704813,0.1808447800638031,1912.5828331543144,0.1714909871419271,6.945615134521375e-06,765.2312499999999,0.1955416666666667,0.1572916666666666,0.2268333333333333,0.237375,0.1904312578593801,0.0268421574288484,0.0138813086567375,13.04375,12.564583333333331,12.216666666666669,10.699999999999998,0.9034,765.2312499999999,73.76666666666667,11.691666666666668,2024-06-15,0.1714909871419271,824.6331715417199,2522.503025612193,2431.3892499586673,4396.2707966206635,0.19950333495195915,0.29450333495195913,F3,6752.171434885324
136,2024-06-16,2024-06-16,5703.166666666667,0.0093650879624417,106.7934494154285,2008.603857191628,0.1677877907204002,1951.2728968876345,0.1526896158854166,5.445586801453992e-06,761.1458333333334,0.1905,0.1535,0.221625,0.233,0.1857983363017868,0.0214292166321684,0.0110820291227233,13.152083333333332,12.535416666666668,12.114583333333334,10.699999999999998,0.0,761.1458333333334,55.30833333333334,13.75,2024-06-16,0.1526896158854166,819.928311295576,2553.456896686055,2480.5743641459912,4431.9740887315365,0.19464970266648005,0.28964970266648005,F3,6858.936032598112
137,2024-06-17,2024-06-17,6017.375,0.0091166533348102,109.6984515052837,2039.538106185091,0.152566049090977,1992.2866803553704,0.1351064046223958,4.394230441948531e-06,756.6541666666667,0.1817916666666666,0.1481249999999999,0.2146249999999999,0.2268333333333333,0.1786241317413457,0.0130471311454645,0.0067472689181264,13.697916666666666,12.839583333333332,12.304166666666667,10.699999999999998,0.0,756.6541666666667,43.65833333333333,14.116666666666667,2024-06-17,0.1351064046223958,821.0709750663732,2592.782357081517,2532.7135293078586,4470.985237105137,0.18713372156377447,0.2821337215637745,F3,6954.777012219143
138,2024-06-18,2024-06-18,6079.9375,0.0090705573611098,110.26346776151848,2065.334542735279,0.1408368960408939,2016.008743692624,0.1257921854654947,4.531348750508662e-06,757.0729166666666,0.1735,0.143375,0.2071666666666666,0.2208333333333333,0.1717576490753407,0.005024576977329,0.0025984388206024,13.63125,12.875,12.3875,10.699999999999998,0.0,757.0729166666666,43.03333333333333,13.05,2024-06-18,0.1257921854654947,820.7086043345893,2625.57632418616,2562.870429592231,4498.525856585506,0.17994012211662183,0.27494012211662183,F3,6988.535075525729
140,2024-06-20,2024-06-20,5645.979166666667,0.0094119812385394,106.2582679277686,2033.848164619366,0.1552866863070065,1957.466088949365,0.1499455769856771,7.233985859635914e-06,766.5583333333334,0.1615833333333333,0.135875,0.19675,0.2095,0.1616215264501755,0.0068181082475014,0.0035259559627236,13.25,12.708333333333334,12.2375,10.699999999999998,0.5771,766.5583333333334,63.96666666666667,13.825,2024-06-20,0.1499455769856771,826.0398184986686,2585.548964354165,2488.447518887732,4386.557621769126,0.1693211182307382,0.26432111823073823,F3,6713.0471074051275
141,2024-06-21,2024-06-21,5321.458333333333,0.0096945039818196,103.16007283728752,1961.9370649294856,0.193632536112286,1875.630385364368,0.1915982564290364,8.520353102188076e-06,768.5854166666667,0.2042916666666666,0.134,0.1937916666666666,0.2073749999999999,0.17900008837155,0.0134863855028105,0.0069744274589143,13.289583333333333,12.7625,12.24375,10.699999999999998,7.8542,768.5854166666667,80.14166666666667,12.45,2024-06-21,0.1915982564290364,852.5265288365578,2494.1312899362047,2384.4130966864154,4302.362447268552,0.18752758863353064,0.28252758863353067,F3,6549.159337455253
142,2024-06-22,2024-06-22,5139.645833333333,0.0098664081864763,101.3758004095749,1884.6816409998364,0.2468204480208269,1810.6109460284065,0.235846201578776,7.564952506358287e-06,769.03125,0.3027916666666667,0.1493333333333333,0.1932083333333333,0.2042916666666666,0.226892274704842,0.0694419129217441,0.035911592782219,13.233333333333334,12.716666666666669,12.302083333333334,10.8625,11.3168,769.03125,74.46666666666667,12.525,2024-06-22,0.235846201578776,840.6037874086396,2395.919592127667,2301.756511518247,4301.914641128732,0.237701341614188,0.33270134161418796,F3,6593.887492022083
143,2024-06-23,2024-06-23,5110.895833333333,0.0098930302774882,101.09563436078372,1842.8341435634468,0.2786643391503424,1771.4898412172436,0.2663218180338542,7.464978940770778e-06,770.3104166666667,0.29975,0.1627916666666666,0.1949583333333333,0.2014583333333333,0.2302715374872977,0.0733901233868829,0.0379533931946348,13.15625,12.691666666666668,12.252083333333331,10.90625,2.7654,770.3104166666667,74.45,12.75,2024-06-23,0.2663218180338542,828.3312001967726,2342.7205600958337,2252.023432231169,4217.143328883111,0.24124159126835337,0.3362415912683534,F3,6468.495691597946
144,2024-06-24,2024-06-24,5300.541666666667,0.0097136776481095,102.95690416689818,1920.271601119063,0.2191851277062849,1848.1979615921675,0.207953135172526,7.2244827212491e-06,767.8729166666667,0.2807083333333333,0.1623333333333333,0.1960833333333333,0.19725,0.2218611232494498,0.0635636944739196,0.0328716968706376,14.4375,13.508333333333333,12.63125,10.99375,0.0,767.8729166666667,61.45,15.358333333333334,2024-06-24,0.207953135172526,833.0882650537136,2441.163669895337,2349.5393651523746,4366.2599994246,0.23243050790084702,0.32743050790084705,F3,6703.879280966748
145,2024-06-25,2024-06-25,5386.104166666667,0.0096358793864894,103.78576063533178,1942.2345369740424,0.2055422124784841,1870.8886855550409,0.1944618225097656,7.064270223796432e-06,768.0729166666666,0.2599583333333333,0.157625,0.19475,0.1931666666666666,0.2108212459589276,0.0506650944364839,0.0262012401894239,15.0375,14.104166666666666,13.13125,11.13125,0.0,768.0729166666666,58.01666666666667,16.099999999999998,2024-06-25,0.1944618225097656,829.2138057405585,2469.084262514721,2378.385165376421,4377.766169660674,0.22086469480021642,0.3158646948002164,F3,6726.041086717224
146,2024-06-26,2024-06-26,5358.645833333333,0.0096603179896532,103.52165241452563,1967.298211204954,0.1900698688616728,1885.8939780418025,0.1852506001790364,7.99385706670505e-06,768.3854166666666,0.2408749999999999,0.1520833333333333,0.1917083333333333,0.1889583333333333,0.1998977672077296,0.037902490313149,0.0196011132223807,15.060416666666669,14.354166666666666,13.475,11.36875,0.0,768.3854166666666,62.16666666666666,15.966666666666669,2024-06-26,0.1852506001790364,823.0166841237644,2500.946698500827,2397.460787206942,4394.392203786956,0.2094208254237399,0.30442082542373994,F3,6715.525294943196
147,2024-06-27,2024-06-27,5385.6875,0.0096370129425557,103.77898476377102,1968.618440969329,0.1893952109232619,1874.350283508668,0.1919784545898437,9.316771712265122e-06,765.56875,0.227875,0.14825,0.1896666666666666,0.1855416666666667,0.192422234661533,0.0291683439234058,0.0150842862046369,14.716666666666669,14.127083333333331,13.4,11.6,1.7033,765.56875,76.58333333333333,14.783333333333331,2024-06-27,0.1919784545898437,825.8451365320967,2502.62505323712,2382.7857549384676,4369.2290052685785,0.2015891611776873,0.2965891611776873,F3,6629.168812566809
148,2024-06-28,2024-06-28,5475.854166666667,0.0095573152021071,104.64425082110073,1928.4647288337303,0.2139605024992644,1841.872609715644,0.2124303181966146,8.716052303223085e-06,763.7354166666668,0.2267916666666667,0.1449166666666666,0.1877083333333333,0.1825416666666666,0.1903494575830452,0.0267465848948764,0.0138318837233398,14.760416666666666,14.160416666666668,13.5,11.6,6.1979,763.7354166666668,77.40833333333333,13.75,2024-06-28,0.2124303181966146,833.667081860129,2451.5792619960603,2341.498200979934,4272.356398219409,0.19941763773968293,0.294417637739683,F3,6501.77213744148
149,2024-06-29,2024-06-29,5351.291666666667,0.0096682499807163,103.44595371703784,1972.4744815432225,0.1881443435424175,1888.378997089896,0.184881846110026,8.244316637061286e-06,767.5041666666666,0.2257916666666667,0.141875,0.1855416666666667,0.1793333333333333,0.1883620534489224,0.0244245725785978,0.0126310648341559,15.283333333333331,14.5625,13.720833333333331,11.791666666666666,1.8022,767.5041666666666,63.76666666666667,16.358333333333334,2024-06-29,0.184881846110026,835.4815541314247,2507.5270817590986,2400.619891479311,4362.2020792720095,0.19733555438261355,0.2923355543826136,F3,6653.943405683871
150,2024-06-30,2024-06-30,5338.041666666667,0.009679586325504,103.32014925830896,1985.5360105171349,0.1801307300797289,1896.459047458611,0.1798756917317708,8.701054662589456e-06,769.63125,0.2129583333333333,0.1387083333333333,0.1828333333333333,0.1755416666666666,0.1810383185484188,0.0158677811600098,0.0082059561927363,15.8,14.910416666666668,13.977083333333333,12.0,0.0914,769.63125,61.625,17.466666666666665,2024-06-30,0.1798756917317708,832.1788601279803,2524.131675601875,2410.891732920665,4362.259888922626,0.1896629193678648,0.2846629193678648,F3,6642.16150293523
151,2024-07-01,2024-07-01,5275.104166666667,0.0097373512748712,102.70856353037388,1929.255748183789,0.213806920245393,1826.539487811516,0.2229499816894531,1.0418371455610888e-05,767.6416666666668,0.2416666666666666,0.1364166666666666,0.179875,0.1723749999999999,0.1921244813809878,0.0288204595788139,0.0149043792810996,15.891666666666666,15.308333333333332,14.375,12.16875,6.6617,767.6416666666668,85.40833333333335,14.591666666666669,2024-07-01,0.2229499816894531,854.819964601918,2452.5848529231052,2322.005822861849,4280.754796289935,0.20127722303722972,0.2962772230372297,F3,6458.22746614907
152,2024-07-02,2024-07-02,5197.3125,0.0098110363002525,101.9447056237057,1856.946014841648,0.2674817394583034,1774.8645236467712,0.2644882202148437,8.570920793636156e-06,765.7770833333334,0.3318333333333333,0.2287083333333333,0.2285833333333333,0.1715416666666666,0.2715718531025253,0.1216439434721859,0.0629076530094916,15.252083333333331,14.791666666666666,14.210416666666667,12.300000000000002,17.796799,765.7770833333334,77.04166666666667,13.758333333333333,2024-07-02,0.2644882202148437,834.8374318781722,2360.660411655638,2256.3135296005185,4373.343563500388,0.284509439164893,0.379509439164893,F3,6669.389702269729
153,2024-07-03,2024-07-03,5338.0,0.0096794968540927,103.32019790688678,1904.414342111687,0.2302189903186751,1842.826819083284,0.2120958964029947,6.203592462661459e-06,766.6833333333334,0.299375,0.2465,0.2638333333333333,0.168125,0.2699864835055375,0.1197916540123554,0.0619497493170748,14.904166666666669,14.497916666666669,14.160416666666668,12.4,1.1705999,766.6833333333334,62.9,13.075,2024-07-03,0.2120958964029947,847.2071970063605,2421.004977463304,2342.711248780255,4480.537455403395,0.2828485431266803,0.37784854312668026,F3,6917.854920696989
154,2024-07-04,2024-07-04,5404.4375,0.0096202548465664,103.95959154168246,1944.3096439396616,0.2039169620038475,1894.78120002224,0.1806144714355468,4.839232466327712e-06,768.1708333333332,0.27205,0.2185,0.2412,0.1653,0.2442648085895184,0.0897393637283409,0.0464083339751792,13.605,13.71,13.830000000000002,12.3375,0.0,768.1708333333332,50.15,12.825,2024-07-04,0.1806144714355468,841.6622138012568,2471.722262125122,2408.758753292727,4495.104422196253,0.25590149680676755,0.3509014968067675,F3,6990.61347679187
155,2024-07-05,2024-07-05,5416.833333333333,0.0096091301518186,104.0791631274359,1971.808100916184,0.1882538433295356,1922.571009988812,0.1668027242024739,4.742119148096338e-06,769.8520833333333,0.25075,0.1987083333333333,0.22475,0.1616666666666666,0.2250676197985879,0.067310051015786,0.03480910937683,13.670833333333334,13.45,13.475,12.300000000000002,0.0,769.8520833333333,53.0,11.3,2024-07-05,0.1668027242024739,839.8054330713616,2506.679939002782,2444.0868154502655,4494.5273134079,0.23578976080006053,0.3307897608000605,F3,6991.635353204461
156,2024-07-06,2024-07-06,5577.458333333333,0.0094697856202238,105.61088567742348,1993.0344964025967,0.1761464198216705,1942.786552239297,0.1567204793294271,4.789456811328401e-06,767.8604166666668,0.2295833333333333,0.1821249999999999,0.2110833333333333,0.1580416666666666,0.2075332352798057,0.0468234996838665,0.0242145756436795,13.547916666666666,13.222916666666668,13.175,12.29375,0.0,767.8604166666668,51.35833333333333,12.1,2024-07-06,0.1567204793294271,838.5758622829788,2533.664197622273,2469.7860172092037,4480.257582369666,0.21742004446698773,0.3124200444669878,F3,6964.386337664135
157,2024-07-07,2024-07-07,5732.770833333333,0.0093397751744884,107.07449251554904,2028.175974473285,0.1578737054621637,1974.849847609884,0.1421279907226562,5.000316886682487e-06,765.9395833333333,0.2112083333333333,0.1684166666666666,0.1999583333333333,0.1551666666666666,0.1926931163825117,0.0294848324933789,0.0152479569355672,13.666666666666666,13.26875,13.10625,12.01875,0.0,765.9395833333333,50.93333333333334,13.058333333333332,2024-07-07,0.1421279907226562,831.2412748174486,2578.338138289101,2510.5467886283022,4502.475015693472,0.20187294760708052,0.2968729476070805,F3,6986.533443917273
158,2024-07-08,2024-07-08,5679.3125,0.0093838408687181,106.5732958071642,2029.0958658815723,0.1575566700186301,1972.5815459663816,0.1432533264160156,5.307331177626127e-06,767.2624999999999,0.1944583333333333,0.156375,0.1902083333333333,0.1510416666666666,0.179335355374586,0.013878099546736,0.0071770007268539,13.789583333333333,13.34375,13.1,12.0,0.0,767.2624999999999,52.65,13.316666666666668,2024-07-08,0.1432533264160156,834.0746270145845,2579.5075590548154,2507.66318843276,4451.009361037916,0.18787882763681668,0.2828788276368167,F3,6890.1439360206405
159,2024-07-09,2024-07-09,5705.166666666667,0.0093625374559094,106.81564545392864,2056.710430104205,0.1447812832486076,1994.424467569912,0.1342074076334635,5.78205737414137e-06,768.3895833333332,0.179625,0.1459166666666666,0.1810833333333333,0.1475,0.1674839462104354,3.133452701832166e-05,1.620451866833661e-05,13.620833333333332,13.25625,13.075,12.0,0.0,768.3895833333332,56.96666666666667,12.808333333333332,2024-07-09,0.1342074076334635,828.2391261372188,2614.6128383814466,2535.431211785204,4461.424832604766,0.175462821574019,0.270462821574019,F3,6882.960947191186
160,2024-07-10,2024-07-10,5633.104166666667,0.009422301046978,106.13865421113944,2062.259272245325,0.1422257261160267,1994.449095374974,0.1341451009114583,6.296203877914583e-06,770.1458333333334,0.1696666666666666,0.138625,0.1750416666666666,0.1448333333333333,0.1594429500884108,0.0093634793962857,0.0048422839313635,13.14375,12.858333333333334,12.83125,12.0,0.0,770.1458333333334,60.083333333333336,13.666666666666666,2024-07-10,0.1341451009114583,833.7711203526823,2621.6668571134805,2535.4625201183335,4438.179952774821,0.1670387552693986,0.26203875526939857,F3,6824.078587222036
161,2024-07-11,2024-07-11,5612.083333333333,0.009456376067839,105.88853542519736,2076.133591456869,0.4946087606201563,2005.048812129496,0.2047500610351562,6.573895801621314e-06,770.1,0.15875,0.1315416666666666,0.169,0.1410833333333333,0.1510119011353502,0.0192140171767129,0.0099364480546246,14.04375,13.422916666666666,12.95625,12.0,0.0,770.1,55.43333333333334,15.441666666666668,2024-07-11,0.2047500610351562,837.9066278879454,2639.304718332703,2548.9375115920607,4429.736125072111,0.1582060541562186,0.2532060541562186,F3,6795.859898829849
162,2024-07-12,2024-07-12,5743.125,0.00933153141455,107.17045857270364,2101.6546434700813,0.1257320794832486,2030.9667772521243,0.1203473409016927,6.449499831331207e-06,769.7520833333333,0.1454166666666666,0.124625,0.16275,0.1365833333333333,0.1415123594854205,0.030312943827519,0.0156762112240614,14.9875,14.116666666666667,13.40625,12.0,0.0,769.7520833333333,51.74166666666667,16.925,2024-07-12,0.1203473409016927,835.0903456702764,2671.7486002064215,2581.8859730587114,4439.124233175241,0.14825395773581124,0.24325395773581124,F3,6807.062317268228
163,2024-07-13,2024-07-13,5754.75,0.0093223231100991,107.27801378236371,2124.6494419768096,0.1168865275773062,2058.0954049492,0.1109364827473958,5.991118498137176e-06,770.9875000000001,0.1369166666666666,0.1192916666666666,0.1568333333333333,0.133,0.134749314833324,0.0382146446985605,0.0197625425480203,14.34375,13.870833333333332,13.4375,12.0,0.0,770.9875000000001,48.24166666666667,16.758333333333333,2024-07-13,0.1109364827473958,829.1167936528482,2700.9809581074996,2616.3735009217617,4454.321133581014,0.1411687240525963,0.2361687240525963,F3,6840.84253179259
164,2024-07-14,2024-07-14,5693.291666666667,0.0093723720857267,106.7041401503476,2109.39954215218,0.122681402636223,2037.9588204248168,0.1178029378255208,6.4915985203292014e-06,771.6520833333334,0.1295833333333333,0.1144166666666666,0.151,0.127625,0.128596886994856,0.0454029225986883,0.0234799301874669,15.408333333333331,14.579166666666666,13.78125,12.15,0.0,771.6520833333334,46.81666666666666,18.05,2024-07-14,0.1178029378255208,834.1018580046921,2681.5943768552775,2590.774674928577,4391.507578469937,0.1347231967498674,0.2297231967498674,F3,6720.904158563124
165,2024-07-15,2024-07-15,5683.979166666667,0.0093803605588036,106.6156550377289,2103.0529416371896,0.125158890912079,2012.94584070268,0.1270179748535156,8.291061736562007e-06,770.6083333333332,0.1245833333333333,0.1111666666666666,0.146875,0.1239166666666666,0.1243964755642065,0.0503105339435294,0.0260178807238805,15.408333333333331,14.679166666666667,13.933333333333332,12.300000000000002,2.2377,770.6083333333332,63.65833333333333,16.849999999999998,2024-07-15,0.1270179748535156,825.9149278920977,2673.526200147616,2558.976684822425,4356.90737358535,0.1303226792192648,0.2253226792192648,F3,6602.290264987422
166,2024-07-16,2024-07-16,5684.5625,0.0093800254009403,106.62057895609358,2086.8183277550856,0.1320698558706163,1994.648374043175,0.1343994140625,8.557658733671138e-06,769.4541666666668,0.1210833333333333,0.1087083333333333,0.143375,0.1215416666666666,0.1212853386922827,0.0539454756296218,0.0278976755066822,15.55625,14.9625,14.208333333333334,12.43125,3.6476998,769.4541666666668,68.875,15.433333333333332,2024-07-16,0.1343994140625,842.6013621782731,2652.8877917158734,2535.715855034454,4307.345699068875,0.1270633288982207,0.2220633288982207,F3,6515.0482532734195
167,2024-07-17,2024-07-17,5708.041666666667,0.0093609736632769,106.83952163192303,2099.866971305816,0.1266454361364422,2020.811037082496,0.1242993672688802,7.2490455678302e-06,770.9458333333333,0.1191666666666666,0.106375,0.1410416666666666,0.1196666666666666,0.1191512463219016,0.0564388732647677,0.0291871255916534,14.233333333333334,14.077083333333334,13.86875,12.59375,3.3964999,770.9458333333333,69.39166666666667,13.733333333333334,2024-07-17,0.1242993672688802,840.531511259056,2669.4760048409826,2568.975391072004,4323.179106357669,0.12482756912972223,0.21982756912972223,F3,6581.343236361097
168,2024-07-18,2024-07-18,5772.708333333333,0.0093075120615944,107.44644153687756,2108.856101258582,0.1229102646835088,2028.1338322359843,0.1213696797688802,7.370151144260608e-06,770.7229166666666,0.11675,0.1046666666666666,0.1375833333333333,0.1168333333333333,0.1167535198684791,0.059240291587454,0.0306358672778211,15.26875,14.558333333333332,13.93125,12.51875,0.0,770.7229166666666,59.333333333333336,16.283333333333335,2024-07-18,0.1213696797688802,828.6535185332167,2680.9035224129093,2578.2845645661932,4329.056905810942,0.12231561584464991,0.2173156158446499,F3,6583.321713613527
169,2024-07-19,2024-07-19,5751.854166666667,0.0093247456772881,107.2507236680671,2120.074199297368,0.118708184867343,2028.606135047262,0.1214688618977864,8.356607282468933e-06,771.43125,0.114875,0.1029583333333333,0.135875,0.1137916666666666,0.1149221842031828,0.0613799590547026,0.031742387296355,15.389583333333334,14.766666666666666,14.129166666666668,12.59375,0.8947,771.43125,67.05,15.691666666666668,2024-07-19,0.1214688618977864,825.8004241323703,2695.164637018598,2578.8849840398802,4342.3127399250925,0.12039703600250622,0.21539703600250623,F3,6567.655086315975
170,2024-07-20,2024-07-20,5791.770833333333,0.0092923584348379,107.6230040134015,2121.7102355805773,0.1178545492381715,2044.8886107283383,0.1153577168782552,6.960791839234168e-06,771.0166666666668,0.1124166666666666,0.1014999999999999,0.1340416666666666,0.11175,0.1129327730712848,0.0637043162758109,0.0329444188431949,15.014583333333334,14.558333333333332,14.097916666666668,12.6,0.5719,771.0166666666668,60.9,15.325,2024-07-20,0.1153577168782552,823.8146346005879,2697.244463817512,2599.5842372421016,4334.96409633776,0.1183128500350046,0.21331285003500458,F3,6602.408385511783
171,2024-07-21,2024-07-21,5836.104166666667,0.0092567201298541,108.03519863686392,2124.2035082357224,0.1168717821848688,2044.216378217543,0.1155624389648437,7.249821028898742e-06,769.9520833333332,0.1102916666666666,0.10025,0.132,0.109625,0.1111149109705754,0.0658282417093294,0.0340427979352898,15.191666666666665,14.714583333333332,14.1625,12.6,0.0,769.9520833333332,59.96666666666667,15.283333333333331,2024-07-21,0.1155624389648437,833.2982993447267,2700.414060566918,2598.7296552224957,4330.200577755571,0.11640838563325125,0.21140838563325123,F3,6583.12926515597
172,2024-07-22,2024-07-22,5846.5625,0.0092486296706246,108.13119860779658,2108.432640069111,0.1229033289241631,2035.386263692815,0.118695576985677,6.652102268417985e-06,769.4604166666667,0.1092916666666666,0.09875,0.1311666666666666,0.1079166666666666,0.1099540758082015,0.0671845202326158,0.0347441916610418,14.18125,13.95625,13.829166666666666,12.6,0.252,769.4604166666667,64.10000000000001,13.558333333333332,2024-07-22,0.118695576985677,834.7065716816979,2680.365193318866,2587.5042875368936,4291.768854957865,0.1151922486984519,0.2101922486984519,F3,6543.353428466665
173,2024-07-23,2024-07-23,5883.854166666667,0.0092198698531787,108.47316350857264,2132.9494351929,0.1138680858723899,2066.1795205149933,0.1083882649739583,5.992253028056072e-06,769.81875,0.1079166666666666,0.09775,0.1294166666666666,0.105875,0.1086063546304771,0.0687591497303887,0.035558504673568,14.527083333333332,14.104166666666666,13.745833333333332,12.6,0.0,769.81875,55.10833333333333,14.883333333333333,2024-07-23,0.1083882649739583,831.3506487537728,2711.5324040007213,2626.6505102838482,4334.259864812352,0.11378032256529605,0.20878032256529605,F3,6629.792898859473
174,2024-07-24,2024-07-24,5771.375,0.009309174839493,107.43174918526154,2153.658364121868,0.1063053181735053,2086.508798317245,0.1016896565755208,5.963675726798826e-06,771.8625000000001,0.1062083333333333,0.09675,0.1275,0.1051249999999999,0.1071295309873796,0.0704846179576937,0.0364508232997479,14.572916666666666,14.0625,13.733333333333334,12.6,0.0,771.8625000000001,51.68333333333334,15.291666666666666,2024-07-24,0.1016896565755208,829.8896915573475,2737.8588283015233,2652.494299452602,4368.095484917063,0.11223314357143875,0.20723314357143877,F3,6680.539646425974
175,2024-07-25,2024-07-25,5706.25,0.0093618312550988,106.82510632712987,2128.742261170816,0.1154283289331798,2052.3281356121715,0.1129468282063802,6.895150892889927e-06,772.3791666666666,0.1052083333333333,0.0957916666666666,0.1258333333333333,0.1035833333333333,0.1059943607013568,0.0718109105521195,0.0371367099286887,14.820833333333333,14.302083333333334,13.816666666666668,12.6,0.0,772.3791666666666,55.18333333333334,16.716666666666665,2024-07-25,0.1129468282063802,818.7178035858028,2706.183993718731,2609.041804524309,4311.264445472057,0.11104389417853106,0.20604389417853106,F3,6559.603274262135
176,2024-07-26,2024-07-26,5795.958333333333,0.0092889295723917,107.6621934435736,2127.361007122469,0.115768662311755,2037.2694620847333,0.1180826822916666,8.192118143841668e-06,769.2770833333334,0.104625,0.09525,0.1255416666666666,0.102,0.105443506687245,0.0724545087933015,0.037469544048318,15.704166666666666,14.910416666666668,14.160416666666668,12.6,0.5112,769.2770833333334,61.575,16.483333333333334,2024-07-26,0.1180826822916666,829.1742780729331,2704.4280612768016,2589.898321534416,4305.40431512003,0.11046679767598037,0.2054667976759804,F3,6506.128324039032
177,2024-07-27,2024-07-27,5704.0,0.0093656884092291,106.79637428514876,2057.564387679791,0.1457404262423156,1962.8151655143947,0.1489245096842447,8.945266496767977e-06,766.0395833333333,0.1178333333333333,0.095,0.1247083333333333,0.1013333333333333,0.110943260178853,0.0660287923903081,0.0341465118752502,15.5625,14.88125,14.25625,12.69375,8.404799,766.0395833333333,71.875,15.975,2024-07-27,0.1489245096842447,860.960829017455,2615.6984401306663,2495.2475837173265,4193.451426960959,0.1162285574591337,0.2112285574591337,F3,6319.097720623014
178,2024-07-28,2024-07-28,5910.1875,0.0091993813112554,108.71533728059596,2075.23840523233,0.1368326407098309,2009.8716407266647,0.1287409464518229,6.046923200851025e-06,764.2708333333334,0.1207499999999999,0.09525,0.12525,0.1,0.1123545933863575,0.0643798408590461,0.0332937635361451,15.516666666666666,15.075,14.508333333333333,12.85625,1.8045,764.2708333333334,53.54166666666666,16.058333333333334,2024-07-28,0.1287409464518229,859.3201217437962,2638.1667042685144,2555.0685786508457,4236.959394896189,0.11770712607644289,0.2127071260764429,F3,6483.811166981809
179,2024-07-29,2024-07-29,5971.229166666667,0.0091518648268673,109.2768198395172,2130.764535518693,0.114487291916469,2077.4907981066904,0.1044044494628906,4.748400729420012e-06,767.1041666666666,0.113,0.0944583333333333,0.124375,0.1,0.1085375712355114,0.0688395138030619,0.0356000646152622,14.420833333333334,14.241666666666667,14.189583333333331,12.9,0.0,767.1041666666666,45.25833333333333,15.083333333333334,2024-07-29,0.1044044494628906,849.0782380259715,2708.754829357669,2641.030080288873,4329.4410633409925,0.11370826235396715,0.20870826235396714,F3,6665.002733006028
180,2024-07-30,2024-07-30,5953.604166666667,0.009165063933527,109.11676051642895,2147.4592267374496,0.1085464638250088,2095.8749123791417,0.0987561543782552,4.557737248595984e-06,767.13125,0.1079166666666666,0.093625,0.1235,0.0999166666666666,0.1058682316454622,0.0719582752557545,0.037212918964482,14.258333333333333,14.01875,13.922916666666666,12.9,0.0,767.13125,43.46666666666667,15.058333333333332,2024-07-30,0.0987561543782552,831.6476454779777,2729.978115511357,2664.401061684921,4348.463902721145,0.11091175637947343,0.20591175637947343,F3,6697.6062175821835
181,2024-07-31,2024-07-31,5901.4375,0.0092055247923284,108.63749114056658,2141.1334592571,0.1105621566302301,2092.1589762359813,0.0996920267740885,4.336694557474095e-06,767.8125,0.1044166666666666,0.0927916666666666,0.1220416666666666,0.099375,0.1037606081162654,0.0744207476381186,0.0384863761852325,14.2625,13.929166666666667,13.795833333333334,12.85,0.0,767.8125,42.46666666666667,15.091666666666669,2024-07-31,0.0996920267740885,827.8599768451168,2721.9364229985713,2659.677142262768,4323.820290058874,0.10870372641829724,0.20370372641829723,F3,6662.692159275484
182,2024-08-01,2024-08-01,5639.8125,0.0094167116385203,106.20176989579691,2153.659801874113,0.1061179467475963,2104.778000222278,0.0958366394042968,4.300788022425468e-06,771.2270833333333,0.102125,0.0922083333333333,0.1214583333333333,0.0978333333333333,0.1023950629733743,0.0760162020229545,0.0393114587003902,14.3,13.872916666666669,13.714583333333332,12.63125,0.0,771.2270833333333,39.5,16.075,2024-08-01,0.0958366394042968,824.978078707144,2737.8606560578387,2675.719197400663,4341.353075928482,0.10727312719264179,0.2022731271926418,F3,6691.295566748713
183,2024-08-02,2024-08-02,5534.958333333333,0.0095061599712828,105.20742282920492,2158.4940880506488,0.1044795593449508,2092.6208979292664,0.0997174580891927,5.838886665927753e-06,772.9708333333333,0.1008333333333333,0.091875,0.1202916666666666,0.096,0.101425895898014,0.0771485423692785,0.0398970437411406,15.375,14.525,13.916666666666666,12.6125,0.0,772.9708333333333,45.03333333333333,18.391666666666666,2024-08-02,0.0997174580891927,820.8327916437338,2744.006288674162,2660.2643646407523,4345.551660235543,0.10625778934404766,0.20125778934404767,F3,6642.825071335432
184,2024-08-03,2024-08-03,5660.645833333333,0.0094001429562032,106.39481348077128,2167.8199888607405,0.1014502354822621,2102.653618500691,0.096753438313802,5.743773222641261e-06,771.3312500000001,0.0993333333333333,0.0912083333333333,0.1195833333333333,0.0958333333333333,0.10040605567952,0.0783400874140534,0.0405132462423281,15.8875,15.120833333333332,14.420833333333334,12.7875,0.0,771.3312500000001,42.95,18.491666666666667,2024-08-03,0.096753438313802,823.8651158737972,2755.8619294248642,2673.018556784666,4358.443181949758,0.105189364301884,0.200189364301884,F3,6664.449938615136
185,2024-08-04,2024-08-04,5761.083333333333,0.0093171477442314,107.3372318878778,2155.8986587099234,0.1055232956675596,2076.6950514996643,0.1048901875813802,7.069721767888843e-06,769.2125,0.09805,0.09075,0.1190499999999999,0.09515,0.0995644552210407,0.0793233834616071,0.0410217536517353,16.29,15.63,14.8675,12.9975,0.0,769.2125,44.69166666666666,20.166666666666668,2024-08-04,0.1048901875813802,828.5094533597904,2740.70682425951,2640.0184797911193,4329.629375030581,0.10430767029822571,0.19930767029822571,F3,6573.295335666699
186,2024-08-05,2024-08-05,5403.5,0.009623796879044,103.94081281035416,2079.7593363722985,0.1358848291486113,1974.2067786394696,0.1440976460774739,9.91960839398345e-06,770.9916666666667,0.1143829787234042,0.0918333333333333,0.118,0.094,0.106812425547346,0.0708551126772502,0.0366424230834646,16.381249999999998,15.883333333333333,15.1125,13.199999999999998,5.5308,770.9916666666667,79.31666666666666,15.591666666666669,2024-08-05,0.1440976460774739,865.0331980870967,2643.9139812925346,2509.729281038804,4216.496340418309,0.11190093134152834,0.20690093134152834,F3,6318.047022971385
187,2024-08-06,2024-08-06,5168.666666666667,0.0098379890499205,101.66403537878968,1984.285854022861,0.1813273051533922,1892.509749858788,0.1827685038248697,8.991939821898528e-06,771.8729166666667,0.243375,0.1035,0.118,0.094,0.1670311501558266,0.000497696281317,0.0002573815356155,15.641666666666666,15.297916666666666,14.89375,13.35625,5.3410997,771.8729166666667,71.89166666666667,16.333333333333332,2024-08-06,0.1827685038248697,860.1590354586111,2522.5424021815284,2405.871150511034,4302.433937215958,0.17498845447713063,0.2699884544771306,F3,6529.687698794796
188,2024-08-07,2024-08-07,5358.5,0.0096615844101035,103.51616680924452,2024.215289404745,0.1603074130094407,1930.7009016191787,0.1624272664388021,8.96657583984862e-06,770.1291666666666,0.1956666666666666,0.1009999999999999,0.1199166666666666,0.0940416666666666,0.1457340768074001,0.025380439436906,0.0131253873538748,16.466666666666665,15.885416666666666,15.13125,13.43125,1.189,770.1291666666666,66.7,17.108333333333334,2024-08-07,0.1624272664388021,852.5815933943253,2573.3030794507667,2454.4220180729944,4295.023607015316,0.1526767961627953,0.2476767961627953,F3,6503.805614405022
189,2024-08-08,2024-08-08,5496.208333333333,0.0095403306973544,104.83582680060344,2049.204024663592,0.1488101050632087,1965.5954435973656,0.1470158894856771,7.887316089813777e-06,768.975,0.1678297872340425,0.0987234042553191,0.12,0.094,0.1328334003103833,0.0404531310953743,0.0209201663597592,15.408510638297871,15.212765957446807,14.97872340425532,13.5,3.4491,768.975,71.55,14.566666666666668,2024-08-08,0.1470158894856771,848.2121258218434,2605.0702485506904,2498.782038866483,4286.890207782675,0.13916153604624593,0.23416153604624593,F3,6517.647839807438
190,2024-08-09,2024-08-09,5562.104166666667,0.0094821385454826,105.4680521821962,2082.4037906612616,0.1337986417502104,1994.8847396915544,0.1342252095540364,8.125730240141043e-06,769.0083333333333,0.145375,0.0967916666666666,0.12,0.094,0.1223835838895633,0.0526623249957902,0.0272340995609513,15.68125,15.33125,14.85625,13.5,0.0,769.0083333333333,66.54166666666667,15.033333333333331,2024-08-09,0.1342252095540364,856.9053093678268,2647.275769142312,2536.016337129434,4303.865197765643,0.12821389410435008,0.22321389410435008,F3,6525.522615155598
191,2024-08-10,2024-08-10,5439.0625,0.0095896659592351,104.29177193293928,2063.3846136639418,0.1420682179364737,1969.1359835030944,0.1449877421061197,8.86525846409267e-06,770.2125,0.13175,0.0948333333333333,0.12,0.094,0.1157813764635801,0.0603761093713697,0.0312232506607753,14.8,14.710416666666667,14.6375,13.5,4.8192997,770.2125,79.10833333333333,14.091666666666669,2024-08-10,0.1449877421061197,859.0784204963065,2623.09745817312,2503.2829841414346,4230.672099222959,0.12129715987524116,0.21629715987524115,F3,6383.356113658829
192,2024-08-11,2024-08-11,4948.145833333333,0.0100611431267942,99.45005737427516,1902.4192736821608,0.2377976650910567,1816.332658192948,0.2370185852050781,8.790341917178546e-06,770.3874999999999,0.27675,0.1618333333333333,0.1197916666666666,0.094,0.2013574782937761,0.039607964837335,0.0204830921892049,15.227083333333333,14.88125,14.6,13.5,17.3823,770.3874999999999,77.26666666666667,14.125,2024-08-11,0.2370185852050781,843.8772084553897,2418.4687276087125,2309.0302929237196,4254.700198969195,0.21095007662444176,0.30595007662444174,F3,6476.258823968959
193,2024-08-12,2024-08-12,4965.208333333333,0.010036680856691,99.64583171386629,1893.367787469425,0.2382004327569177,1806.1702122111508,0.2375729878743489,8.945487186947905e-06,769.2604166666666,0.282875,0.1756666666666666,0.12,0.094,0.2086743033500802,0.048156683039681,0.0249040258008489,15.8125,15.385416666666666,14.8125,13.5,3.8992,769.2604166666666,73.86666666666666,15.141666666666666,2024-08-12,0.2375729878743489,837.027844785776,2406.961939043901,2296.111186109048,4260.184196137511,0.21861547261248188,0.3136154726124819,F3,6480.834288713604
194,2024-08-13,2024-08-13,5060.104166666667,0.009941386053392,100.5960284611174,1962.1157890211805,0.2003888704050658,1869.827629208412,0.2016385396321614,9.122995729406456e-06,768.06875,0.2512916666666666,0.1536249999999999,0.12,0.0949166666666666,0.1875827258280455,0.023514033900016,0.0121601835916627,15.472916666666668,15.285416666666665,14.90625,13.5,0.7069,768.06875,81.56666666666666,13.108333333333334,2024-08-13,0.2016385396321614,853.9275181217293,2494.3584946500205,2377.0362873304234,4336.2942421019625,0.196519099872294,0.29151909987229396,F3,6583.800457173443
195,2024-08-16,2024-08-16,5323.3125,0.0096925526247314,103.17897609239886,2045.0389176952583,0.1592434474755894,1973.8119832917992,0.1508305867513021,6.668128613039188e-06,768.7145833333334,0.2269166666666666,0.1311666666666666,0.122,0.096,0.1698929998845267,0.0028459871715269,0.0014717902786242,14.364583333333334,14.18125,14.127083333333331,13.20625,0.0031,768.7145833333334,60.525,14.975,2024-08-16,0.1508305867513021,856.942902550886,2599.7753164137994,2509.22739367078,4446.405423526562,0.17798664170450607,0.27298664170450604,F3,6828.743647943965
196,2024-08-17,2024-08-17,5343.895833333333,0.0096738849341739,103.37821423555958,2001.7485495464875,0.171515333390597,1933.75052976398,0.1609242757161458,6.511335133842171e-06,770.00625,0.1971666666666666,0.1219583333333333,0.122,0.096,0.1538364839898802,0.0159138750144029,0.008229793435391,14.21875,14.077083333333334,14.04375,13.199999999999998,0.0,770.00625,58.958333333333336,14.4,2024-08-17,0.1609242757161458,847.8988551681151,2544.7420211655713,2458.298887068735,4283.5165544183,0.1611651991288521,0.2561651991288521,F3,6575.038692212515
197,2024-08-18,2024-08-18,5203.3125,0.0098040195526748,102.0082515730814,2006.0769663745004,0.1692177601149904,1915.74102830408,0.1698125203450521,8.73616486404416e-06,771.3729166666667,0.1774166666666666,0.1156249999999999,0.122,0.096,0.1431038565879603,0.0284534952081015,0.0147146052024181,14.5875,14.254166666666668,13.9875,13.199999999999998,1.2968999,771.3729166666667,72.85833333333333,15.091666666666669,2024-08-18,0.1698125203450521,849.4861003114935,2550.244562526153,2435.404135799584,4244.551111282541,0.14992127319175136,0.24492127319175136,F3,6433.001381101828
198,2024-08-19,2024-08-19,5334.8125,0.0096826377415837,103.28845299494164,2041.580894964687,0.1518650247530694,1952.799873605004,0.1522254943847656,8.425565645658478e-06,771.5916666666667,0.16,0.1104166666666666,0.122,0.0957916666666666,0.1337566979502344,0.0393743829663373,0.0203622963084516,15.035416666666668,14.64375,14.227083333333333,13.199999999999998,0.519,771.5916666666667,68.56666666666666,15.675,2024-08-19,0.1522254943847656,840.3389488352236,2595.379271888315,2482.515547926997,4275.396457144965,0.14012881925581014,0.23512881925581014,F3,6482.84084398707
199,2024-08-20,2024-08-20,5463.645833333333,0.0095675029741477,104.52927207093244,2061.7139291359567,0.1425389737799843,1980.3684525815688,0.1400121053059896,7.6090707578689315e-06,771.8020833333334,0.1399999999999999,0.104375,0.1217083333333333,0.096,0.1229634699131651,0.0519848067871268,0.026883723873008,14.689583333333331,14.635416666666666,14.389583333333334,13.199999999999998,0.0,771.8020833333334,64.075,15.2,2024-08-20,0.1400121053059896,845.5872590333676,2620.9735844610905,2517.5623680690073,4264.038793390821,0.12882140569095116,0.22382140569095116,F3,6482.621045615076
200,2024-08-21,2024-08-21,5474.520833333333,0.0095599783373413,104.6260962127911,2057.167800121363,0.1455547064302446,1962.7507823194585,0.1491228739420572,8.936896494508727e-06,771.1041666666666,0.12825,0.1007083333333333,0.12125,0.0957916666666666,0.1165156406924961,0.0595182211574568,0.030779597384325,14.579166666666666,14.30625,14.13125,13.199999999999998,1.7686,771.1041666666666,72.81666666666666,14.733333333333334,2024-08-21,0.1491228739420572,863.7859735839073,2615.1942743975474,2495.165735963947,4221.723099358151,0.12206640418970577,0.21706640418970577,F3,6368.675461497199
201,2024-08-22,2024-08-22,5356.0625,0.0096642805960455,103.49086930201892,1998.3216267509704,0.1746666613143865,1900.5535994871789,0.179052988688151,9.52531009833896e-06,770.0166666666668,0.13425,0.0998333333333333,0.1214166666666666,0.09525,0.118856873642251,0.0567828078354918,0.0293649899062711,14.6125,14.395833333333334,14.1625,13.199999999999998,10.8441,770.0166666666668,84.95833333333333,13.141666666666666,2024-08-22,0.179052988688151,866.7323830563486,2540.385512730474,2416.0969714144344,4112.655312766164,0.12451917264077815,0.21951917264077817,F3,6187.302332577559
202,2024-08-23,2024-08-23,5306.520833333333,0.0097080484360884,103.01552791664596,1978.5017851204057,0.1842960998708696,1880.7776959531247,0.188635508219401,9.620134241141282e-06,768.4520833333332,0.1394583333333333,0.0994166666666666,0.121875,0.096,0.1211097188812365,0.0541506635716363,0.0280037875866554,14.477083333333333,14.302083333333334,14.145833333333334,13.199999999999998,5.0379,768.4520833333332,87.29166666666667,12.891666666666666,2024-08-23,0.188635508219401,863.5130238934165,2515.1893491755804,2390.956664585674,4082.9148561203406,0.1268793426221167,0.2218793426221167,F3,6141.953395728141
203,2024-08-24,2024-08-24,5349.958333333333,0.0096685452184846,103.43631411416534,1991.2961916663928,0.1767514989037158,1897.578738013948,0.1790568033854166,9.151266929874987e-06,769.0395833333333,0.136625,0.0992083333333333,0.122,0.096,0.1198270645963175,0.0556492712256976,0.0287787862229058,14.883333333333333,14.48125,14.15,13.199999999999998,1.7493999,769.0395833333333,80.70833333333333,13.758333333333333,2024-08-24,0.1790568033854166,864.977899280936,2531.454361072717,2412.315150266222,4102.997224244438,0.12553558314529425,0.22053558314529426,F3,6185.658200705941
204,2024-08-25,2024-08-25,5339.104166666667,0.009678749545724,103.3300026013061,2007.59252857182,0.1681505506274302,1917.874784327364,0.1683883666992187,8.66564694397779e-06,770.2791666666667,0.1352916666666666,0.0989166666666666,0.122,0.096,0.1191477046754002,0.0564430111985956,0.0291892655067038,14.372916666666669,14.35625,14.214583333333332,13.199999999999998,1.0066,770.2791666666667,80.97500000000001,12.233333333333334,2024-08-25,0.1683883666992187,872.7796847568188,2552.1712354891897,2438.116693586423,4133.187990319257,0.12482385876044676,0.21982385876044677,F3,6245.50284872338
205,2024-08-26,2024-08-26,5225.958333333333,0.0097827854178155,102.22985249863753,1977.0365304270333,0.1846874528640285,1894.3256390378936,0.1810328165690104,8.094933819441103e-06,771.6958333333333,0.1498333333333333,0.0982916666666666,0.12125,0.096,0.1251462429338199,0.0494345324113326,0.025564860221172,13.489583333333334,13.527083333333332,13.63125,13.175,3.3177998,771.6958333333333,78.875,12.45,2024-08-26,0.1810328165690104,873.3876170141825,2513.3266301089025,2408.1796170269195,4099.449700912425,0.13110816523851113,0.22610816523851113,F3,6218.723165564082
206,2024-08-27,2024-08-27,5337.291666666667,0.0096800641588494,103.31361247701489,2015.5481791260484,0.1644155139213454,1944.7736709406813,0.1557744344075521,6.74238997870208e-06,771.8229166666666,0.1424583333333333,0.0976666666666666,0.1208333333333333,0.0959166666666666,0.1216337405062765,0.05353841533966,0.0276871659922425,13.364583333333334,13.358333333333334,13.425,12.9,0.0,771.8229166666666,67.79166666666667,12.975,2024-08-27,0.1557744344075521,858.6352088261443,2562.2849324745785,2472.3121608957335,4161.970390956702,0.1274283284501661,0.2224283284501661,F3,6354.92751782091
207,2024-08-28,2024-08-28,5539.4375,0.0095039687496074,105.24378040702096,2024.0115431158536,0.1612081287778117,1959.669194251264,0.1499443054199218,6.083249285150417e-06,769.3458333333333,0.1324166666666666,0.0967916666666666,0.12,0.0940833333333333,0.116727102126085,0.0592711571382265,0.0306518292673992,12.95,12.977083333333333,13.19375,12.89375,0.0,769.3458333333333,61.99166666666667,12.925,2024-08-28,0.1499443054199218,855.0195471981151,2573.0440650290425,2491.248237609404,4154.753973253398,0.12228793957044594,0.21728793957044593,F3,6360.801443184286
208,2024-08-29,2024-08-29,5689.416666666667,0.0093754636268409,106.668205966039,2087.440189231607,0.1315717033066506,2024.6876950127923,0.1227760314941406,5.745874441327791e-06,768.0229166666667,0.1240833333333333,0.095625,0.1197499999999999,0.095,0.1126856787924202,0.0639930124443226,0.0330937168507694,12.839583333333332,12.847916666666668,13.025,12.6,0.0,768.0229166666667,58.24166666666667,12.983333333333334,2024-08-29,0.1227760314941406,863.4938840292572,2653.6783390755836,2573.9036296058325,4263.632496586956,0.11805398427296966,0.21305398427296965,F3,6534.622281736862
209,2024-08-30,2024-08-30,5642.270833333333,0.0094151667317365,106.22302823926584,2101.545239289028,0.1263519333319886,2045.7518617260685,0.1154861450195312,5.046798416062478e-06,771.3249999999999,0.1166666666666666,0.094625,0.1192083333333333,0.095625,0.1090327940874489,0.0682609130334661,0.0353008436642982,12.0375,12.24375,12.675,12.58125,0.0307,771.3249999999999,56.75833333333333,12.0,2024-08-30,0.1154861450195312,849.6960010091043,2671.6095190931214,2600.681653343257,4272.760164408755,0.11422707744565187,0.20922707744565186,F3,6567.93541375828
210,2024-08-31,2024-08-31,5655.458333333333,0.0094035246567099,106.34956006186864,2114.8853383331675,0.120565764473497,2060.4956904726755,0.1100387573242187,4.887886960978112e-06,771.7062500000001,0.11125,0.0932083333333333,0.1179583333333333,0.094,0.1058934193398647,0.0719288468493136,0.0371977001880419,11.997916666666669,12.05625,12.43125,12.300000000000002,0.0,771.7062500000001,51.74166666666667,12.8,2024-08-31,0.1100387573242187,829.4346780739083,2688.5682478064873,2619.4248868891787,4282.6430546899865,0.11093814400663891,0.20593814400663893,F3,6585.2298330894755
211,2024-09-01,2024-09-01,5695.958333333333,0.0093712299386282,106.72511054192384,2119.7144448398017,0.1191074065918936,2064.6421406186755,0.1091206868489583,4.9471942672123904e-06,771.4145833333333,0.1071249999999999,0.0924999999999999,0.1179583333333333,0.094,0.1038561849515557,0.0743090790625708,0.0384286272517295,12.35,12.28125,12.4125,12.28125,0.0,771.4145833333333,50.175,13.4,2024-09-01,0.1091206868489583,838.6536581681656,2694.7072957178248,2624.696101361938,4281.099888697899,0.10880385649987581,0.2038038564998758,F3,6578.08072638837
212,2024-09-02,2024-09-02,5788.520833333333,0.0092950467396534,107.59249159813032,2146.1137386603787,0.1089469888437222,2084.81287764382,0.1021194458007812,5.4434984654341055e-06,771.2624999999999,0.1037083333333333,0.0909583333333333,0.1165833333333333,0.094,0.1015858154248242,0.0769616980810479,0.0398004180044593,12.054166666666667,12.0625,12.235416666666666,12.00625,0.0,771.2624999999999,53.75833333333333,13.3,2024-09-02,0.1021194458007812,833.0320894915101,2728.267650903065,2650.3383440489097,4321.538467802519,0.10642532737998361,0.20142532737998362,F3,6619.949077615766
213,2024-09-03,2024-09-03,5754.833333333333,0.0093222370404286,107.27886864773215,2137.309588087748,0.112131466089934,2071.500008982968,0.106421152750651,5.884835905033783e-06,770.2520833333333,0.1015416666666666,0.0904583333333333,0.1161249999999999,0.0930833333333333,0.1003502390098502,0.0784053016260004,0.0405469714973581,12.472916666666668,12.2875,12.295833333333334,12.0,0.0,770.2520833333333,60.39166666666667,13.191666666666668,2024-09-03,0.106421152750651,840.2380163803906,2717.0752901403116,2633.4142322211765,4296.783308596113,0.1051308885460117,0.20013088854601171,F3,6565.125517518401
214,2024-09-04,2024-09-04,5756.958333333333,0.0093208111417158,107.29754605117093,2149.782726271348,0.1077299826047967,2082.314599740272,0.103033701578776,6.001471237732472e-06,770.5770833333332,0.0994,0.08935,0.116,0.0921999999999999,0.0989887977804176,0.0799959611442907,0.0413695743674774,11.8625,12.08,12.3225,12.0,0.0,770.5770833333332,59.48333333333333,12.45,2024-09-04,0.103033701578776,839.652232163285,2732.9318865538835,2647.1623843295197,4314.0329177863,0.10370458874278578,0.19870458874278576,F3,6586.221304027894
215,2024-09-05,2024-09-05,5230.25,0.0097850251127163,102.24943596012244,2057.389647530236,0.147805498514333,1977.8365475427672,0.1443201700846354,7.461630414484048e-06,773.0666666666666,0.2031063829787233,0.0892916666666666,0.1229166666666666,0.0922916666666666,0.1456017133017586,0.0255350882499221,0.0132053633361544,11.645833333333334,11.827083333333334,12.010416666666666,11.983333333333334,5.1998997,773.0666666666666,78.78333333333333,10.75,2024-09-05,0.1443201700846354,865.5346730347968,2615.476300041464,2514.3436595317644,4364.797748009531,0.1525381269070321,0.2475381269070321,F3,6661.492705862347
216,2024-09-06,2024-09-06,5100.166666666667,0.0099031685057622,100.99035622886927,2023.3377248276668,0.1607784860368415,1955.729375017288,0.1509882609049479,6.40527864309657e-06,773.8979166666667,0.19725,0.0897083333333333,0.1242083333333333,0.0927083333333333,0.1434474228769559,0.0280520845735917,0.0145070173834994,11.458333333333334,11.56875,11.839583333333335,11.6,0.4053,773.8979166666667,70.59166666666667,11.225,2024-09-06,0.1509882609049479,856.518293783586,2572.187467074735,2486.2397046631622,4282.657697842147,0.15028120685601515,0.24528120685601515,F3,6569.662132532373
217,2024-09-07,2024-09-07,5247.395833333333,0.0097631040545463,102.43821018114828,2051.256371469935,0.1475892671536177,1987.2512735827625,0.1374384562174479,5.9631323693207245e-06,771.2479166666667,0.167625,0.09025,0.1235416666666666,0.0920833333333333,0.1305365600791989,0.0431366775436099,0.0223079511025242,11.639583333333334,11.5875,11.735416666666666,11.6,0.0,771.2479166666667,63.88333333333333,12.116666666666667,2024-09-07,0.1374384562174479,846.1193153739771,2607.67931409056,2526.3122202069626,4279.987728501459,0.1367552751669974,0.2317552751669974,F3,6570.104175720281
218,2024-09-08,2024-09-08,5395.333333333333,0.0096279779656747,103.87340274359237,2076.2627459981786,0.1366128279519902,2013.314288374413,0.1272315979003906,5.790337614759552e-06,769.1291666666666,0.14325,0.090375,0.1216666666666666,0.092,0.1195673141197043,0.0559527544455921,0.0289357312918207,11.408333333333331,11.50625,11.641666666666666,11.5875,0.0,769.1291666666666,61.85,11.75,2024-09-08,0.1272315979003906,845.233299879919,2639.468907280695,2559.445077454992,4276.7295009304335,0.12526345824877141,0.22026345824877142,F3,6560.10656607236
219,2024-09-09,2024-09-09,5427.125,0.0095994278507124,104.18011442494736,2121.9581091478144,0.1179982664694246,2059.134997614349,0.1105740865071614,5.646836001348203e-06,769.2666666666668,0.1260416666666666,0.089625,0.1207083333333333,0.092125,0.1116218034537034,0.0652360065576341,0.0337365260210502,11.04375,11.127083333333331,11.389583333333334,11.30625,0.0,769.2666666666668,61.74166666666667,11.591666666666669,2024-09-09,0.1105740865071614,853.3466233311234,2697.5595754645906,2617.695093057047,4328.37579740166,0.1169394262931874,0.2119394262931874,F3,6635.956550000241
220,2024-09-10,2024-09-10,5407.854166666667,0.009617353610813,103.9919666242498,2106.6005157873456,0.1240584808097572,2031.253265804813,0.1203943888346354,6.86746148459384e-06,768.4916666666667,0.11525,0.0896666666666666,0.1196666666666666,0.092625,0.1067401869124789,0.0709395137293524,0.036686070732067,11.460416666666667,11.420833333333334,11.425,11.300000000000002,0.78779995,768.4916666666667,74.00833333333334,11.008333333333333,2024-09-10,0.1203943888346354,842.6355899197313,2678.0360877731855,2582.250174375992,4270.5178969594435,0.11182525128390353,0.20682525128390353,F3,6500.0871254088315
221,2024-09-11,2024-09-11,5617.5,0.0094359823450916,105.9892610916039,2094.250344959305,0.1288584502081956,2026.2732691092544,0.1220944722493489,6.209891358968737e-06,764.7395833333334,0.1091666666666666,0.0894999999999999,0.119125,0.0924166666666666,0.1039154602873267,0.0742398238681448,0.0383928122196309,11.220833333333331,11.310416666666669,11.35625,11.300000000000002,1.4576,764.7395833333334,65.77499999999999,11.35,2024-09-11,0.1220944722493489,844.8314210888827,2662.3358147884455,2575.9193058663964,4229.997778324538,0.10886595569146675,0.20386595569146673,F3,6456.340231500675
222,2024-09-12,2024-09-12,6005.875,0.0091263938332958,109.58951299446817,2113.695126739756,0.1220066386138019,2057.4376923012355,0.1119842529296875,5.068985626102515e-06,758.8458333333333,0.1044166666666666,0.0888333333333333,0.1175,0.0920833333333333,0.1012930196517719,0.0773037902501787,0.0399773295288532,10.39375,10.641666666666667,11.04375,11.15,1.4096999,758.8458333333333,61.025,11.241666666666667,2024-09-12,0.1119842529296875,830.719807700439,2687.055179915658,2615.5373774168856,4254.614711228082,0.10611858292090481,0.20111858292090481,F3,6531.490917045729
223,2024-09-13,2024-09-13,5928.625,0.0091854984193516,108.88307227149204,2156.275158311509,0.1053549836793539,2107.3223683985966,0.0952250162760416,4.302885726272785e-06,761.6687499999999,0.1017916666666666,0.08875,0.116,0.0924583333333333,0.0998435156544911,0.0789973391748249,0.0408531412221053,10.74375,10.785416666666668,10.9875,11.0,0.0,761.6687499999999,46.825,12.1,2024-09-13,0.0952250162760416,841.5246117904014,2741.1854529850434,2678.9537498208765,4331.9942516211195,0.10460002507103094,0.19960002507103095,F3,6672.591411504704
224,2024-09-14,2024-09-14,5782.041666666667,0.0093002142425211,107.5324172333432,2156.6391235072856,0.1051832936062758,2111.250142046697,0.0940093994140625,3.981354166694732e-06,766.11875,0.0989999999999999,0.08725,0.11525,0.092,0.0979633114462908,0.0811941029097895,0.0419891883350023,9.775,10.147916666666667,10.6625,10.9625,0.0,766.11875,51.79166666666666,9.925,2024-09-14,0.0940093994140625,829.7668399512075,2741.6481472271066,2683.946969700672,4321.851340396757,0.10263024860605764,0.19763024860605763,F3,6666.6010490954895
225,2024-09-15,2024-09-15,5777.6875,0.0093042422151289,107.48992864559412,2161.9866842179063,0.1033375756664503,2107.0865723992542,0.0955174763997395,4.84358255457052e-06,766.1958333333333,0.0972083333333333,0.0868333333333333,0.114,0.092,0.0968010062690861,0.0825520989461292,0.0426914702653958,9.547916666666667,9.891666666666667,10.39375,10.699999999999998,0.0,766.1958333333333,59.36666666666667,8.225,2024-09-15,0.0955174763997395,835.3507731261654,2748.4462850122613,2678.653991897692,4325.78975505172,0.10141257162544612,0.19641257162544612,F3,6641.044871309525
226,2024-09-16,2024-09-16,5706.875,0.0093609132138998,106.83249668819217,2133.833867238756,0.113388268943547,2062.846571402351,0.1092503865559895,6.372926273775874e-06,764.6583333333333,0.0968333333333333,0.0865833333333333,0.1135,0.092,0.0964575890131251,0.0829533354557412,0.042898968036357,9.5125,9.579166666666667,10.08125,10.5,1.1154,764.6583333333333,75.66666666666667,9.283333333333331,2024-09-16,0.1092503865559895,833.195374916791,2712.6567467122295,2622.4134667934113,4267.478230655991,0.10105279409409745,0.19605279409409745,F3,6498.451906212765
227,2024-09-17,2024-09-17,5679.270833333333,0.0093840714676936,106.5721727599467,2110.865235859934,0.122192581167756,2036.764499050666,0.118438720703125,6.743377368573014e-06,761.6125000000001,0.0978333333333333,0.0869583333333333,0.1134583333333333,0.092,0.0970110442146721,0.0823066980796608,0.0425645622409157,10.127083333333331,10.08125,10.2375,10.4,0.66679996,761.6125000000001,77.50833333333334,9.466666666666669,2024-09-17,0.118438720703125,838.5670065427319,2683.4576540231938,2589.2563824396098,4224.701952266766,0.10163261570372349,0.1966326157037235,F3,6421.751661850907
228,2024-09-18,2024-09-18,5633.333333333333,0.0094219595422937,106.14137306887812,2083.326072286331,0.1332032963910192,2035.884046416352,0.1186498006184895,4.322634825920728e-06,761.3770833333333,0.1044583333333333,0.0864999999999999,0.1136666666666666,0.092,0.0997922858900523,0.0790571942098147,0.0408840950013444,8.314583333333333,9.035416666666666,9.864583333333334,10.375,2.2633,761.3770833333333,66.84166666666667,6.75,2024-09-18,0.1186498006184895,847.444999306466,2648.44822849401,2588.1370985931485,4185.15304952759,0.1045463547389162,0.19954635473891622,F3,6446.21558095487
229,2024-09-19,2024-09-19,5603.1875,0.0094476610642603,105.85553798275322,2096.985767113856,0.1275621677684799,2052.83275298189,0.1126111348470052,3.984690559130673e-06,764.2458333333334,0.1029166666666666,0.0863333333333333,0.1129583333333333,0.092,0.0989268430962431,0.0800683467941111,0.0414070083013979,8.0375,8.464583333333334,9.3125,10.1,0.0,764.2458333333334,56.99166666666667,8.141666666666667,2024-09-19,0.1126111348470052,836.9007927101133,2665.813246408861,2609.6833041900004,4207.7353605483395,0.1036396825595906,0.1986396825595906,F3,6491.298129964178
230,2024-09-20,2024-09-20,5689.041666666667,0.009376428917535,106.66217658621434,2122.8022571656925,0.1175410551284979,2072.197613852529,0.1062533060709635,4.527143719519807e-06,763.7062500000001,0.1012083333333333,0.0866666666666666,0.1129583333333333,0.092,0.0982915991324447,0.0808105432515178,0.0417908320732579,8.827083333333333,8.808333333333334,9.175,9.80625,0.0,763.7062500000001,54.93333333333334,10.508333333333333,2024-09-20,0.1062533060709635,830.2843253722482,2698.632706719595,2634.30106909494,4255.917474510612,0.10297417580029868,0.19797417580029866,F3,6546.498903394344
231,2024-09-21,2024-09-21,5783.125,0.0092999885828423,107.5400255706172,2143.003468837338,0.1100730170263813,2093.628541245503,0.0995407104492187,4.379245549252079e-06,762.81875,0.0988333333333333,0.0865833333333333,0.1128333333333333,0.092,0.0972024669741718,0.0820830465346415,0.0424489017864162,8.220833333333333,8.731250000000001,9.260416666666666,9.8,0.0,762.81875,58.13333333333333,7.858333333333333,2024-09-21,0.0995407104492187,851.8260617945563,2724.313690592891,2661.5453408601456,4290.131298218619,0.10183315777509969,0.1968331577750997,F3,6603.1312315588875
232,2024-09-22,2024-09-22,5276.833333333333,0.009735377630684,102.72672848917286,2005.005852018644,0.1699759460249626,1941.210741265736,0.1574974060058593,6.083230934676362e-06,765.59375,0.209,0.0863333333333333,0.112,0.0919166666666666,0.1450712465765441,0.0261548667077483,0.0135258791551487,7.952083333333333,8.25,8.8125,9.53125,14.267099,765.59375,86.325,6.058333333333334,2024-09-22,0.1574974060058593,857.7566847539857,2548.882898139565,2467.782752412163,4251.256008144495,0.1519823889365384,0.2469823889365384,F3,6535.802727215329
233,2024-09-23,2024-09-23,5336.541666666667,0.00968083892517,103.3060161867531,2021.3180980788363,0.1615676733596141,1966.0284664915264,0.1461982727050781,5.207730506559512e-06,766.3874999999999,0.1955416666666667,0.086875,0.113,0.092,0.1395695152301411,0.0325828939659496,0.0168501063772541,7.825,8.160416666666666,8.731250000000001,9.5,0.5652,766.3874999999999,74.75833333333334,7.233333333333333,2024-09-23,0.1461982727050781,861.005036534697,2569.6199972214495,2499.332523369218,4260.393732850141,0.1462185570742942,0.2412185570742942,F3,6574.10974269914
234,2024-09-24,2024-09-24,5432.333333333333,0.0095946928224379,104.23057177075108,2028.2113871772256,0.1580812387050177,1973.299484005173,0.1429926554361979,5.152517281240679e-06,766.8458333333333,0.177625,0.0874583333333333,0.113875,0.092,0.1321071867147641,0.0413016132356315,0.0213589553248363,8.247916666666667,8.339583333333334,8.7125,9.108333333333333,0.0,766.8458333333333,66.09166666666667,9.033333333333331,2024-09-24,0.1429926554361979,846.1367339323239,2578.3831570282537,2508.575874042708,4239.4837386423205,0.1384007258943723,0.2334007258943723,F3,6537.168771607304
235,2024-09-25,2024-09-25,5459.5,0.0095710555013523,104.48988768564776,2053.8378767799086,0.1460987271663389,1995.764520561564,0.1337712605794271,5.389625972297406e-06,768.0166666666668,0.164375,0.0880833333333333,0.114,0.092,0.1265521976597521,0.0477918649066755,0.0247153616399577,8.575000000000001,8.535416666666666,8.775,9.1,0.0,768.0166666666668,63.76666666666667,11.025,2024-09-25,0.1337712605794271,844.3656400506271,2610.961077447721,2537.1347669890874,4265.707304284892,0.13258109914530736,0.22758109914530736,F3,6564.53264225685
236,2024-09-26,2024-09-26,5523.479166666667,0.0095152251940138,105.10124226086224,2086.841418528916,0.131761970369855,2029.2761381046453,0.1210072835286458,5.25684428028165e-06,767.38125,0.1536666666666666,0.0891666666666666,0.114,0.092,0.1222356356147031,0.0528351824989518,0.0273234920906457,9.104166666666666,9.004166666666666,9.047916666666667,9.1,0.0,767.38125,58.30833333333334,11.891666666666666,2024-09-26,0.1210072835286458,847.906444845844,2652.9171460833245,2579.736731845477,4312.277857014621,0.12805889762653028,0.22305889762653028,F3,6636.458246240021
237,2024-09-27,2024-09-27,5511.041666666667,0.0095259742741813,104.98277838793494,2083.663930771595,0.1331487478410898,2027.465967230944,0.1216646830240885,5.133391866269914e-06,768.9125,0.1443333333333333,0.0894583333333333,0.114,0.092,0.1182562730657028,0.057484528191188,0.0297278816326145,9.025,9.052083333333334,9.164583333333333,9.1,0.0,768.9125,55.89166666666667,11.3,2024-09-27,0.1216646830240885,838.1533533171424,2648.8777343302218,2577.4355347801206,4285.175783605285,0.1238899596673286,0.2188899596673286,F3,6594.659306635076
238,2024-09-28,2024-09-28,5499.666666666667,0.0095355947883653,104.87521890850202,2104.7942003546405,0.1244171366253917,2046.8713645563569,0.1146329243977864,5.240942573748248e-06,770.3000000000001,0.1366666666666667,0.089625,0.114,0.092,0.1149632560688368,0.0613319721474281,0.031717571069376,8.8375,8.862499999999999,9.085416666666667,9.1,0.0,770.3000000000001,57.14166666666667,12.058333333333332,2024-09-28,0.1146329243977864,845.5546947029646,2675.7397919741325,2602.1048320415475,4311.234726572821,0.12044006451716699,0.215440064517167,F3,6627.8123694977785
239,2024-09-29,2024-09-29,5575.604166666667,0.0094709129726064,105.59499575170716,2109.77608440059,0.122610467295842,2052.8865843734584,0.112707773844401,5.1338993105167845e-06,769.5187500000001,0.130125,0.09025,0.11425,0.092,0.1123622852863082,0.0643708539166752,0.0332891159767505,9.45625,9.2875,9.225,9.1,0.0,769.5187500000001,53.7,13.008333333333333,2024-09-29,0.112707773844401,835.7090911765374,2682.073059795995,2609.7517378622583,4307.515437224673,0.1177151844157593,0.2127151844157593,F3,6622.673662705968
240,2024-09-30,2024-09-30,5788.0,0.0092943867700848,107.59182125050212,2155.199179122618,0.1052634738202998,2103.992697739622,0.095855712890625,4.506993654388268e-06,766.5,0.128,0.09,0.114,0.092,0.1113027835633999,0.065608738052806,0.0339292825438552,12.9,10.4,9.1,9.1,0.0,766.5,26.4,19.8,2024-09-30,0.095855712890625,829.2035585161206,2739.8176041328525,2674.7208740960737,4394.422186417693,0.11660520840928015,0.21160520840928015,F3,6777.1979886358295
241,2023-06-28,,,,,,,,,,,,,,,,,,,,,,,,,,,,840.3445599699982,,,,,,F3,
242,2023-06-29,,,,,,,,,,,,,,,,,,,,,,,,,,,,807.9115610224036,,,,,,F3,
243,2023-06-30,,,,,,,,,,,,,,,,,,,,,,,,,,,,819.9317819957214,,,,,,F3,
244,2024-05-07,,,,,,,,,,,,,,,,,,,,,,,,,,,,831.7045803949741,,,,,,F3,
245,2024-05-08,,,,,,,,,,,,,,,,,,,,,,,,,,,,816.3217609018619,,,,,,F3,
246,2024-05-10,,,,,,,,,,,,,,,,,,,,,,,,,,,,793.0191582667511,,,,,,F3,
247,2024-05-11,,,,,,,,,,,,,,,,,,,,,,,,,,,,794.8937591193973,,,,,,F3,
248,2024-05-12,,,,,,,,,,,,,,,,,,,,,,,,,,,,808.224577696048,,,,,,F3,
249,2024-05-13,,,,,,,,,,,,,,,,,,,,,,,,,,,,784.9437141800993,,,,,,F3,
250,2024-05-14,,,,,,,,,,,,,,,,,,,,,,,,,,,,786.4533158591212,,,,,,F3,
251,2024-05-15,,,,,,,,,,,,,,,,,,,,,,,,,,,,795.0410006375555,,,,,,F3,
252,2024-05-22,,,,,,,,,,,,,,,,,,,,,,,,,,,,807.2945709912591,,,,,,F3,
253,2024-05-24,,,,,,,,,,,,,,,,,,,,,,,,,,,,805.4371412893869,,,,,,F3,
254,2024-05-26,,,,,,,,,,,,,,,,,,,,,,,,,,,,807.1062019583782,,,,,,F3,
255,2024-05-27,,,,,,,,,,,,,,,,,,,,,,,,,,,,802.5325669919058,,,,,,F3,
256,2024-08-15,,,,,,,,,,,,,,,,,,,,,,,,,,,,854.7532583847773,,,,,,F3,
