,date,Date (aggregated based on UTC),Raw_Moderated_cph,Raw_Mod_Coeff_of_Var,Raw_Mod_sqrt,Corrected_Mod_cph_for_Des,SWC_Des_cm3_cm3,Corrected_Mod_cph_for_UTS,SWC_UTS_cm3_cm3,Rhov_g_cm3,BaroPress_mb,SWC_5,SWC_10,SWC_20,SWC_50,WeightedTDR_SWC,WeightedTDR_SD,WeightedTDR_SE,sT_5,sT_10,sT_20,sT_50,PRISM_ppt_mm,BaroPress,airRH,airT,date.1,CRNS,Bare,scaled_stationary_N_Des,scaled_stationary_N_UTS,N0,TDR_pore_swc_g,TDR_tot_swc_g,NewName,ND
0,2023-07-01,2023-07-01,7688.391304347826,0.0080648546612629,124.00036860431524,1915.401303617368,0.212041570710976,1861.857976464912,0.2200994076936141,5.3239134567220215e-06,716.8282608695652,0.0730227272727272,0.0729090909090909,0.1291590909090909,0.2107272727272727,0.0958972091158779,0.0,0.0,13.34772727272727,13.275,13.147727272727272,11.338636363636365,,716.8282608695652,66.76739130434783,8.428260869565218,2023-07-01,0.2200994076936141,696.1117079081776,2523.4850971451715,2452.943332416488,3988.2393023575323,0.10951067967899866,0.20851067967899867,R1,6188.769984801477
1,2023-07-02,2023-07-02,7669.375,0.008074651463448,123.84792337668988,1910.521288095513,0.2149800401654037,1855.948097724016,0.2239367167154947,5.444362188840355e-06,716.9583333333334,0.0753260869565217,0.0738478260869565,0.1282608695652174,0.2080217391304347,0.0966731472502303,0.0008883732708528,0.0004325818766704,17.280434782608694,15.802173913043475,14.030434782608696,11.221739130434784,0.0,716.9583333333334,57.0,11.16875,2023-07-02,0.2239367167154947,702.2184260658834,2517.0558196773213,2445.1572403320656,3982.1765927420997,0.11039676920407657,0.20939676920407657,R1,6173.894491772252
2,2023-07-03,2023-07-03,7746.0,0.0080347732697258,124.46424832438645,1928.647153650296,0.2035816354795511,1877.4396744304715,0.209814707438151,5.054338788500483e-06,716.5020833333333,0.0744782608695652,0.0739782608695652,0.126891304347826,0.2048260869565217,0.0958440584459566,6.085231849762064e-05,2.9631249609945467e-05,17.817391304347826,16.62608695652174,14.943478260869565,11.402173913043478,0.0,716.5020833333333,50.927083333333336,12.389583333333334,2023-07-03,0.209814707438151,700.4797043262536,2540.936116466286,2473.4717629495817,4015.535900733479,0.10944998379387189,0.2084499837938719,R1,6239.876504809017
3,2023-07-04,2023-07-04,7752.6875,0.0080312413728384,124.51830835587094,1912.5967164291224,0.2138597740085287,1859.8584586918464,0.2214978535970052,5.250056206531857e-06,715.2291666666666,0.0734565217391304,0.0941739130434782,0.1253043478260869,0.2011086956521739,0.1012680719903633,0.0061491126777671,0.0029942309041474,17.445652173913043,16.81304347826087,15.369565217391305,11.66304347826087,0.0,715.2291666666666,49.0,12.708333333333334,2023-07-04,0.2214978535970052,698.4723023821716,2519.790135697763,2450.309026335418,4010.553764669928,0.11564398480091188,0.21464398480091187,R1,6234.536231891709
4,2023-07-05,2023-07-05,7804.770833333333,0.0080045468236584,124.93510140009334,1921.7916980738603,0.2079598624805778,1868.513310681099,0.2157300313313802,5.282008719282687e-06,714.9145833333333,0.0725217391304347,0.0941086956521739,0.1229999999999999,0.1974782608695652,0.1001021916449872,0.0048142937147716,0.0023442580706858,16.639130434782608,15.732608695652177,14.7,11.839130434782607,0.1478,714.9145833333333,50.97291666666666,12.716666666666669,2023-07-05,0.2157300313313802,705.4484606455723,2531.9042546060036,2461.711540248105,4023.742518827619,0.11431259726394774,0.21331259726394775,R1,6252.237759546852
5,2023-07-06,2023-07-06,7976.916666666667,0.0079180355378981,126.3036280441505,1944.5919018371244,0.1941052559618955,1897.65448464537,0.1974360148111979,4.585890146568834e-06,714.6666666666666,0.0723043478260869,0.0937391304347826,0.121695652173913,0.1928043478260869,0.0992572915383935,0.003846965730737,0.0018732302173964,17.795652173913044,16.680434782608696,15.204347826086956,11.910869565217393,0.0,714.6666666666666,45.85625,12.510416666666666,2023-07-06,0.1974360148111979,706.7635453642147,2561.942855028698,2500.1041831231373,4066.99597276589,0.1133477559949789,0.2123477559949789,R1,6340.522257095142
6,2023-07-07,2023-07-07,8132.208333333333,0.0078419377865652,127.5278597307253,1950.8788901571693,0.1908094787674179,1909.2046041202336,0.1911913553873697,4.048240236938764e-06,713.1270833333333,0.0712391304347826,0.093195652173913,0.1196304347826087,0.1878478260869565,0.0978418529083774,0.002226426940633,0.0010841298087727,18.506521739130434,17.391304347826086,15.791304347826086,12.097826086956522,0.0,713.1270833333333,40.56875,12.754166666666668,2023-07-07,0.1911913553873697,701.4224411919508,2570.2257779345123,2515.3211271181212,4072.5757961969393,0.1117313831323477,0.2107313831323477,R1,6366.114602237401
7,2023-07-08,2023-07-08,8171.895833333333,0.0078226603262371,127.83980747940748,1955.8646097363544,0.187470680448281,1914.767193227345,0.1874618530273437,3.979497890008026e-06,712.6125000000001,0.0699148936170212,0.0921063829787234,0.117531914893617,0.182531914893617,0.0961185080644981,0.0002533656513557,0.0001233731276517,18.98936170212766,17.663829787234043,16.01276595744681,12.334042553191493,0.0,712.6125000000001,38.07083333333333,13.272916666666667,2023-07-08,0.1874618530273437,709.8539401462299,2576.794317400815,2522.649675285457,4073.689683315092,0.10976339400196047,0.20876339400196048,R1,6366.862984318708
8,2023-07-09,2023-07-09,8152.4375,0.0078321028058779,127.6869025738535,1976.9838391890328,0.1757170945522457,1940.8077615377128,0.1733118693033854,3.4554160337671675e-06,714.6104166666668,0.0678333333333333,0.0909583333333333,0.1152916666666666,0.1763958333333333,0.0939932685419326,0.00217982573649,0.0010614379550163,19.08333333333333,17.8625,16.289583333333333,12.545833333333334,0.0,714.6104166666668,32.266666666666666,12.941666666666668,2023-07-09,0.1733118693033854,708.4323112345758,2604.6182834210813,2556.957361057781,4106.006778091313,0.10733645763183534,0.20633645763183536,R1,6432.368088435163
9,2023-07-10,2023-07-10,8014.395833333333,0.0078997070416846,126.5988970368947,1967.371882060348,0.1809512106658394,1920.4744666316749,0.1844469706217447,4.535313812408633e-06,716.0583333333334,0.0656666666666666,0.0897083333333333,0.1133333333333333,0.1704166666666666,0.0918775823301021,0.004602079517935,0.0022409231116819,19.275,18.32708333333333,16.741666666666667,12.7625,0.0,716.0583333333334,37.9875,13.98125,2023-07-10,0.1844469706217447,706.4008925291439,2591.9548115299294,2530.1688407751953,4074.3886738359474,0.10492043075074979,0.2039204307507498,R1,6342.466131341592
10,2023-07-11,2023-07-11,7979.041666666667,0.0079165076720426,126.32298154627388,1976.6077200008524,0.1758708569053607,1926.5496357498585,0.1805763244628906,4.8096179224457164e-06,716.9499999999999,0.0636170212765957,0.0879787234042553,0.1108936170212765,0.1646382978723404,0.0895614430037231,0.0072538325096135,0.0035321599411122,18.627659574468087,17.32127659574468,16.06595744680851,12.94255319148936,0.0,716.9499999999999,41.475,14.491666666666667,2023-07-11,0.1805763244628906,704.1173881046766,2604.1227574107716,2538.172698088762,4080.587669889138,0.10227549463424057,0.20127549463424058,R1,6338.235447024749
11,2023-07-12,2023-07-12,7898.166666666667,0.0079569830190075,125.68090192783954,1965.103768317556,0.1821752199062953,1905.264090149215,0.1928126017252604,5.822391075535882e-06,716.8854166666666,0.0623749999999999,0.0873958333333333,0.1097083333333333,0.1576458333333333,0.0881079316157177,0.008917960883794,0.0043424857340441,19.5875,18.34583333333333,16.743750000000002,13.00625,0.0,716.8854166666666,48.5875,14.520833333333334,2023-07-12,0.1928126017252604,707.3538500381214,2588.966638128483,2510.1296154165375,4048.713902230465,0.10061564424350296,0.19961564424350295,R1,6252.782847413122
12,2023-07-13,2023-07-13,8072.708333333333,0.0078705640178389,127.06164641613434,1979.5069497524464,0.1745301767871254,1922.694915062372,0.1829236348470052,5.471440314220011e-06,716.3395833333334,0.0604166666666666,0.0857916666666666,0.1078124999999999,0.150875,0.0859128950467492,0.0114310630630597,0.0055662083432662,18.979166666666668,17.752083333333335,16.48125,13.183333333333332,0.0,716.3395833333334,45.31458333333333,14.827083333333334,2023-07-13,0.1829236348470052,711.7684658400038,2607.9424076624086,2533.0942165245287,4065.9423414769244,0.098109002509044,0.197109002509044,R1,6286.780714216367
13,2023-07-14,2023-07-14,8184.708333333333,0.0078164715366453,127.94033012940164,1979.754187031388,0.1742613119495003,1930.9095907583217,0.1784820556640625,4.68781417423462e-06,716.4479166666666,0.0594893617021276,0.0849787234042553,0.1064893617021276,0.1434255319148936,0.0844410112832741,0.013116226010187,0.0063867766494962,20.18723404255319,18.638297872340427,17.004255319148935,13.302127659574468,0.0,716.4479166666666,42.65,14.147916666666667,2023-07-14,0.1784820556640625,706.6501658799169,2608.268135533476,2543.9168110677506,4058.0437494272346,0.09642817161904521,0.19542817161904522,R1,6297.962543572419
14,2023-07-15,2023-07-15,8051.229166666667,0.0078817154423369,126.88895747022752,1999.830353063919,0.1643101115312735,1959.5325410383523,0.1644185384114583,3.812007150594354e-06,717.9458333333333,0.0576458333333333,0.0836041666666666,0.104875,0.136375,0.0824047464054085,0.0154475501322863,0.0075219847843566,20.07708333333333,18.70833333333333,17.2375,13.516666666666666,0.0,717.9458333333333,35.639583333333334,13.147916666666667,2023-07-15,0.1644185384114583,713.1699922281201,2634.717896058973,2581.62670942251,4087.367334998331,0.09410284064395834,0.19310284064395836,R1,6368.908306425544
15,2023-07-16,2023-07-16,7959.583333333333,0.0079263742043243,126.1678063191054,2006.3246739770743,0.1607730101819324,1964.9213108479123,0.161529541015625,3.906950262182472e-06,719.4270833333334,0.056,0.0824583333333333,0.1034583333333333,0.1300625,0.0806169226163934,0.0174944335071853,0.0085186881754763,20.32708333333333,18.872916666666665,17.377083333333335,13.69375,0.0,719.4270833333334,37.87291666666667,13.497916666666669,2023-07-16,0.161529541015625,704.4815800380172,2643.2739735814616,2588.7262557581466,4090.1443732553053,0.09206121920276762,0.1910612192027676,R1,6366.12375301098
16,2023-07-17,2023-07-17,7817.458333333333,0.0079981696488247,125.03596269865729,1996.2219065147733,0.1658822886905173,1950.2902898035736,0.1685829162597656,4.361019854508784e-06,719.5500000000001,0.0547872340425531,0.0814468085106383,0.1023617021276595,0.1242553191489361,0.0791470481242792,0.0191772960351273,0.0093381363223308,21.227659574468085,19.41489361702128,17.672340425531914,13.863829787234042,0.0,719.5500000000001,35.09583333333333,16.014583333333334,2023-07-17,0.1685829162597656,709.7768119114398,2629.963873456286,2569.4503142143676,4060.90753656646,0.09038268281825465,0.18938268281825466,R1,6302.7972480519675
17,2023-07-18,2023-07-18,7967.5625,0.0079223448799327,126.23135892701026,2017.8185583834293,0.1553198170777985,1965.8494067422407,0.1609484354654947,4.893327971987356e-06,718.4208333333332,0.0525,0.0801666666666666,0.1011666666666666,0.1189791666666666,0.0771987791411382,0.021407873464472,0.0104242871579117,21.141666666666666,19.7,18.079166666666666,14.079166666666666,0.0,718.4208333333332,35.547916666666666,16.589583333333334,2023-07-18,0.1609484354654947,711.9860022483105,2658.4168295213467,2589.9489949061444,4093.1863249356634,0.08815783954587669,0.1871578395458767,R1,6330.188805701832
18,2023-07-19,2023-07-19,7804.458333333333,0.0080046237380412,124.93303900297065,1992.7894488197144,0.1676664956019021,1922.9290733140472,0.1829554239908854,6.728299995287309e-06,719.6875,0.0508541666666666,0.0785208333333333,0.1002083333333333,0.1154583333333333,0.0755643640012566,0.0232791189407111,0.0113354659454559,20.30208333333333,18.866666666666667,17.6125,14.254166666666668,0.0,719.6875,53.60416666666666,15.360416666666666,2023-07-19,0.1829554239908854,710.7768110058255,2625.441711012466,2533.402713160382,4032.689650260364,0.08629140449008899,0.185291404490089,R1,6174.369544119065
19,2023-07-20,2023-07-20,7712.833333333333,0.0080523850854071,124.19567883102462,1963.392028702824,0.1837305671556039,1885.1407385256705,0.2055130004882812,7.687285250393867e-06,719.7083333333334,0.0495833333333333,0.0774166666666666,0.0990208333333333,0.1119583333333333,0.0741968368978264,0.0248448037190063,0.0120978559023476,19.71875,18.85,17.741666666666667,14.333333333333334,2.2333,719.7083333333334,67.48958333333333,13.71875,2023-07-20,0.2055130004882812,733.2563040417131,2586.711471339251,2483.6176892573963,3965.1355971759667,0.08472974462577394,0.18372974462577393,R1,6037.265637484959
20,2023-07-21,2023-07-21,7747.041666666667,0.0080345269464421,124.47110313075008,1974.8619559194528,0.1771497789364329,1903.079850762241,0.1945711771647135,6.993986653297758e-06,719.8041666666667,0.0490416666666666,0.075875,0.098,0.1103541666666666,0.0731488118551378,0.0260446898876196,0.0126821249564033,18.402083333333334,17.270833333333332,16.58125,14.3125,0.8402,719.8041666666667,64.24374999999999,13.441666666666668,2023-07-21,0.1945711771647135,726.8151805183,2601.8227643836067,2507.2519440214014,3982.053469184876,0.08353294301075763,0.18253294301075765,R1,6083.485584914654
21,2023-07-22,2023-07-22,7964.583333333333,0.0079237125833407,126.20835129763653,1993.865758202346,0.1669659838156518,1941.4232835207229,0.1730206807454427,5.005014968442076e-06,719.4916666666667,0.0508958333333333,0.075875,0.0980416666666666,0.1076041666666666,0.0736592105483837,0.025460333304944,0.0123975800747953,20.354166666666668,18.779166666666665,17.275000000000002,14.229166666666666,0.0,719.4916666666667,44.87916666666666,14.25,2023-07-22,0.1730206807454427,716.1517665183312,2626.8597170887165,2557.7682932358875,4023.446596470714,0.08411579738493541,0.1831157973849354,R1,6211.13498664764
22,2023-07-23,2023-07-23,7960.958333333333,0.0079257213470788,126.17855066611304,1997.7641246155104,0.1651744936046528,1949.951706018676,0.168768564860026,4.538874549525248e-06,719.7312499999999,0.0519787234042553,0.0756595744680851,0.0975744680851063,0.1046808510638297,0.0736794732292749,0.0254371345171764,0.0123862837250759,21.14680851063829,19.50851063829787,17.82127659574468,14.357446808510636,0.0,719.7312499999999,36.525,15.6125,2023-07-23,0.168768564860026,718.9093922336149,2631.995700617731,2569.0042399981135,4031.43532240267,0.0841389365354589,0.1831389365354589,R1,6238.134240986995
23,2023-07-24,2023-07-24,7872.729166666667,0.0079698706258714,125.47810960777676,2002.811938543242,0.1623943345000892,1946.908460872652,0.1701304117838541,5.319030314413879e-06,720.7583333333333,0.0514375,0.0750833333333333,0.0970208333333333,0.1026666666666666,0.073012979340198,0.0262002048317149,0.0127578509474639,20.93125,19.45625,17.979166666666668,14.529166666666669,0.0,720.7583333333333,40.68958333333333,16.60625,2023-07-24,0.1701304117838541,714.2327070471434,2638.646047568908,2564.9948536838992,4037.5880701613814,0.08337782784973567,0.1823778278497357,R1,6221.354567327741
24,2023-07-25,2023-07-25,7882.375,0.0079649349753991,125.55526865995864,2011.160617624576,0.1581930757026586,1949.353370357884,0.1687889099121093,5.87317497423517e-06,720.5604166666667,0.0502499999999999,0.0748333333333333,0.0966875,0.1007708333333333,0.0722615670575246,0.0270604984012207,0.0131767597766624,21.68125,20.1375,18.466666666666665,14.714583333333332,0.0,720.5604166666667,43.98333333333333,16.364583333333332,2023-07-25,0.1687889099121093,712.6787087038715,2649.645187646137,2568.215950295977,4049.8393214861644,0.08251974584137108,0.18151974584137107,R1,6220.540935496626
25,2023-07-26,2023-07-26,7824.979166666667,0.007994335809188,125.09604871143388,2007.3109275876543,0.1610065172245313,1942.1226726199948,0.1734237670898437,6.214341996082941e-06,720.225,0.0478085106382978,0.0733191489361702,0.0953191489361702,0.0995106382978723,0.0704444963345607,0.0291408666549061,0.0141897681965137,19.96382978723404,18.92978723404256,17.93404255319149,14.893617021276595,0.0,720.225,51.38125,15.029166666666669,2023-07-26,0.1734237670898437,705.8490753595692,2644.573333816627,2558.689717882402,4030.978058803306,0.08044472560114554,0.17944472560114555,R1,6176.6200625694355
26,2023-07-27,2023-07-27,7845.333333333333,0.0079836606907979,125.26020392182912,1997.77426314806,0.164898450817179,1935.9321169634247,0.1757698059082031,5.91757386241672e-06,719.18125,0.0467708333333333,0.0725833333333333,0.095,0.0983333333333333,0.069652698514249,0.0300473977149778,0.0146311917738455,20.222916666666663,19.0625,17.85625,14.910416666666668,0.0,719.18125,49.22083333333333,14.84375,2023-07-27,0.1757698059082031,705.8082676476107,2632.009057837311,2550.533842185283,4006.9840314204857,0.07954052496517182,0.17854052496517184,R1,6147.72797865534
27,2023-07-28,2023-07-28,7817.125,0.0079980442605477,125.03484925735891,1987.898096975776,0.1699005077933485,1924.88125242111,0.1816622416178385,6.067957955958304e-06,719.38125,0.045375,0.0715,0.0937291666666666,0.0977083333333333,0.0684427558063658,0.0314326637733911,0.0153057291680884,19.00625,18.02083333333333,17.23125,14.891666666666667,0.0,719.38125,48.78333333333333,15.741666666666667,2023-07-28,0.1816622416178385,704.8434304131935,2618.9974982724198,2535.974651935994,3979.781697114649,0.0781588200173998,0.1771588200173998,R1,6098.89057259488
28,2023-07-29,2023-07-29,7834.229166666667,0.0079893951986939,125.17112272996371,2005.6255096405864,0.1613697387692011,1947.601988325732,0.170141855875651,5.517219837988277e-06,720.5500000000001,0.0456808510638297,0.0715106382978723,0.0935744680851063,0.0959361702127659,0.0683947048868572,0.0314876773764627,0.0153325173307222,20.66808510638298,19.21276595744681,17.772340425531915,14.834042553191493,0.0,720.5500000000001,42.32708333333333,16.375,2023-07-29,0.170141855875651,704.5084875674823,2642.35284505333,2565.908555783299,4014.975079803926,0.07810394783808298,0.177103947838083,R1,6169.62590032408
29,2023-07-30,2023-07-30,7766.583333333333,0.0080239534947719,124.630363662943,1997.1502415184327,0.1650770648837941,1927.9773684572729,0.1797370910644531,6.64473162229278e-06,720.6916666666666,0.0441041666666666,0.0706041666666666,0.0931666666666666,0.0952916666666666,0.0673628392747769,0.0326690625775516,0.0159077775778783,19.620833333333334,18.6,17.547916666666666,14.929166666666667,0.9759,720.6916666666666,51.92083333333333,15.433333333333332,2023-07-30,0.1797370910644531,713.6777536038978,2631.1869276238217,2540.0536940988736,3991.644441217416,0.07692559963005792,0.1759255996300579,R1,6099.55200909982
30,2023-07-31,2023-07-31,7743.833333333333,0.0080359969751522,124.44632319417109,1979.7288542990364,0.1747122273370376,1892.6526401849933,0.2005043029785156,8.516752098866155e-06,719.63125,0.0422708333333333,0.0690625,0.0916666666666666,0.095,0.0658134043344369,0.0344430140370613,0.016771580302087,17.085416666666667,17.008333333333333,16.702083333333334,14.877083333333331,1.4971,719.63125,78.02916666666667,12.739583333333334,2023-07-31,0.2005043029785156,725.7577544900452,2608.2347604008405,2493.5143995983162,3947.3023574237823,0.07515620847676598,0.17415620847676597,R1,5965.657929731236
31,2023-08-01,2023-08-01,7550.791666666667,0.008138710174916,122.88220412981282,1932.128856569368,0.2028848040301094,1845.3804442948856,0.2336756388346354,8.699899298694892e-06,718.9208333333332,0.042063829787234,0.0686808510638297,0.0942553191489361,0.0954042553191489,0.0662195077149788,0.0339780653865127,0.016545179568962,16.66595744680851,16.085106382978722,15.740425531914893,14.619148936170212,5.8371,718.9208333333332,79.25625000000001,12.94375,2023-08-01,0.2336756388346354,736.6596219051207,2545.5231580498807,2431.2346665665355,3854.8360314729125,0.07561996188140721,0.17461996188140722,R1,5821.107758273329
32,2023-08-02,2023-08-02,7339.416666666667,0.0082554824876206,121.14797356387142,1918.0711403369696,0.2114432177973604,1834.7329005798383,0.241546630859375,8.410934460795843e-06,718.4395833333333,0.0435625,0.0696458333333333,0.0933333333333333,0.0954999999999999,0.0669025692764685,0.0331960267075128,0.0161643759467798,18.035416666666663,17.141666666666666,16.216666666666665,14.404166666666669,4.7422,718.4395833333333,77.62083333333334,13.125,2023-08-02,0.241546630859375,745.1710742995748,2527.002528798268,2417.206839690058,3830.8567832790604,0.07639999016951879,0.1753999901695188,R1,5795.731102274893
33,2023-08-03,2023-08-03,7360.291666666667,0.0082428038365357,121.32492590497375,1884.3207856515053,0.2332511793005968,1813.4310669993995,0.2574030558268229,7.240444493206318e-06,717.5791666666668,0.0452083333333333,0.0701458333333333,0.0938125,0.0951666666666666,0.0677730675680583,0.0321993913053657,0.0156790772252154,19.016666666666666,18.072916666666668,16.8625,14.416666666666666,9.3111,717.5791666666668,70.85416666666667,12.225,2023-08-03,0.2574030558268229,740.6170248824288,2482.537425369923,2389.1422980816837,3768.5258280431344,0.07739406351586837,0.17639406351586837,R1,5737.929161418352
34,2023-08-04,2023-08-04,7481.625,0.0081755883120685,122.32135279259838,1910.8768684224904,0.2153184245466785,1849.6707555403093,0.2293612162272135,6.130811827238087e-06,717.30625,0.0453404255319148,0.0697872340425532,0.0937021276595744,0.0952340425531914,0.0676895711513126,0.0322949865359195,0.0157256260865899,17.131914893617022,17.061702127659576,16.504255319148935,14.495744680851065,0.67109996,717.30625,63.9375,11.15625,2023-08-04,0.2293612162272135,727.6963127866043,2517.5242863397752,2436.88702592825,3821.1433271447445,0.0772987140324696,0.1762987140324696,R1,5852.011812745788
35,2023-08-05,2023-08-05,7494.166666666667,0.0081686133976726,122.42450222679514,1939.170383326845,0.1970965666653042,1879.55046745253,0.2082392374674479,5.873426922713993e-06,717.5604166666667,0.0464999999999999,0.0696458333333333,0.0933125,0.0949375,0.067978597680151,0.031964079429515,0.0155644951500922,16.91875,16.427083333333332,15.84375,14.377083333333331,0.0,717.5604166666667,56.9875,12.208333333333334,2023-08-05,0.2082392374674479,724.9195633917078,2554.8001632393853,2476.252670910886,3879.452538862592,0.07762877047425937,0.17662877047425937,R1,5949.13002701564
36,2023-08-06,2023-08-06,7574.625,0.0081253595439086,123.07869225267262,1960.7214661087264,0.1845754615849726,1903.8408379569048,0.1935920715332031,5.538822276728549e-06,717.1291666666666,0.048375,0.0701458333333333,0.0933541666666666,0.0939375,0.0687888898054272,0.0310363741991505,0.0151127610843399,17.683333333333334,16.947916666666668,16.039583333333333,14.225,0.0,717.1291666666666,53.927083333333336,12.925,2023-08-06,0.1935920715332031,726.8444445620145,2583.193083367774,2508.2545223537986,3927.4637227651497,0.07855409084797653,0.17755409084797655,R1,6036.030342618611
37,2023-08-07,2023-08-07,7708.041666666667,0.0080545607193342,124.15877240914764,1982.12309417374,0.1731073466592254,1932.2102945482147,0.1778691609700521,4.785564840025521e-06,716.9145833333333,0.0501914893617021,0.0706595744680851,0.093531914893617,0.0934255319148936,0.0696483919635008,0.0300523282943693,0.0146335926557227,18.49148936170213,17.61063829787234,16.45957446808511,14.212765957446807,0.0,716.9145833333333,45.5875,12.970833333333331,2023-08-07,0.1778691609700521,716.9523519759961,2611.3891012856434,2545.630450200916,3975.5659282837605,0.07953560706084638,0.1785356070608464,R1,6135.919283388631
38,2023-08-08,2023-08-08,7866.4375,0.0079735910705293,125.4251648089226,1987.8874553904848,0.1702118264876241,1946.1901173862043,0.1708475748697916,3.972001048151696e-06,715.4916666666667,0.0505208333333333,0.0703958333333333,0.0931458333333333,0.0920833333333333,0.0695026657004064,0.0302191706124136,0.0147148343650532,17.7375,17.443749999999998,16.589583333333334,14.295833333333334,0.0,715.4916666666667,39.94791666666666,12.30625,2023-08-08,0.1708475748697916,712.4091139135878,2618.983478295592,2564.048457187636,3986.238978459938,0.0793691936452144,0.1783691936452144,R1,6178.43305623824
39,2023-08-09,2023-08-09,7884.75,0.0079637853607442,125.5739189715118,1982.424935152768,0.1730079931819053,1937.6767122585493,0.1751314798990885,4.280509524842629e-06,714.4479166666666,0.0494791666666666,0.0697291666666666,0.0923125,0.0917083333333333,0.0686775360303095,0.0311638633803668,0.0151748402925682,16.308333333333334,16.077083333333334,15.7375,14.277083333333335,0.0,714.4479166666666,46.61666666666667,11.027083333333332,2023-08-09,0.1751314798990885,713.0075756966943,2611.786767931712,2552.832295370776,3970.2578882816715,0.07842692940385956,0.17742692940385957,R1,6144.615341856615
40,2023-08-10,2023-08-10,7999.25,0.0079065834028694,126.48241218600764,1992.513783521788,0.1678049421258944,1943.992866719539,0.1718597412109375,4.6235892565959335e-06,714.7270833333333,0.0502978723404255,0.0703829787234042,0.0923404255319148,0.0903404255319148,0.069102194443925,0.03067767103178,0.0149380952153862,17.96382978723404,17.342553191489362,16.238297872340425,14.140425531914897,0.0,714.7270833333333,44.50416666666666,12.325,2023-08-10,0.1718597412109375,706.3788106004706,2625.078530059313,2561.153643812731,3993.065686773285,0.07891187189525412,0.17791187189525412,R1,6167.148587075991
41,2023-08-11,2023-08-11,7830.979166666667,0.0079911443001241,125.14467125756342,1971.0517673627928,0.1787862560581309,1905.4553789535964,0.1924451192220052,6.377749184946691e-06,716.225,0.0486666666666666,0.0695833333333333,0.0917708333333333,0.0899791666666666,0.0680689664050329,0.0318606160783122,0.0155141150091105,16.685416666666665,16.366666666666667,15.852083333333333,14.166666666666666,0.42949998,716.225,65.17708333333333,11.491666666666667,2023-08-11,0.1924451192220052,707.5500325376255,2596.8029525969664,2510.381632811637,3943.78335982013,0.0777319678516886,0.1767319678516886,R1,6032.644305160163
42,2023-08-12,2023-08-12,7875.75,0.0079682780589807,125.50252779086505,1979.878046133924,0.1741947587075563,1910.55319777598,0.1895968119303385,6.719275439456001e-06,717.19375,0.0484791666666666,0.0699791666666666,0.0918541666666666,0.089125,0.068077680406349,0.0318506393991046,0.015509256994179,17.752083333333335,17.175,16.179166666666667,14.1125,0.0,717.19375,62.95,12.397916666666667,2023-08-12,0.1895968119303385,703.8760037078688,2608.431316272053,2517.0978597463977,3961.496679572781,0.07774191888379524,0.17674191888379523,R1,6048.754616911466
43,2023-08-13,2023-08-13,7962.208333333333,0.0079248582866074,126.1897355724127,1988.09506081752,0.1700961646892064,1923.963131128472,0.1823565165201822,6.172791905158204e-06,717.3208333333333,0.0467021276595744,0.0689574468085106,0.0909787234042553,0.0888510638297872,0.0668562535020569,0.0332490537391594,0.0161901967741466,16.174468085106383,15.865957446808512,15.55744680851064,14.102127659574467,0.8491,717.3208333333333,62.54166666666666,11.95625,2023-08-13,0.1823565165201822,699.9941700756306,2619.256992362968,2534.765054033472,3970.4261498281894,0.07634709945473746,0.17534709945473745,R1,6077.106420429471
44,2023-08-14,2023-08-14,7937.270833333333,0.0079375334779103,125.99071297122414,1996.679121614488,0.1654958946862062,1943.9511399784808,0.1716168721516927,5.022672829313243e-06,719.3874999999999,0.0469375,0.0691666666666666,0.0910624999999999,0.0884583333333333,0.0670020385677842,0.0330821440978518,0.0161089222826236,17.4875,16.7625,15.895833333333334,14.041666666666666,0.0,719.3874999999999,47.10416666666666,13.102083333333333,2023-08-14,0.1716168721516927,699.4382846263535,2630.566240953969,2561.0986700539606,3988.4717784796485,0.07651358002056448,0.17551358002056447,R1,6141.533555812798
45,2023-08-15,2023-08-15,7831.6875,0.0079907455110124,125.150527713619,2000.3079061028432,0.1636773759105575,1941.5394782081669,0.1728706359863281,5.605993555706675e-06,721.2875,0.0469166666666666,0.0696041666666666,0.091125,0.0876041666666666,0.0670831444180537,0.0329892858320967,0.0160637061508661,19.089583333333334,18.0375,16.7,14.116666666666667,0.0,721.2875,49.68333333333334,13.927083333333334,2023-08-15,0.1728706359863281,698.6833332183363,2635.347058195673,2557.9213763321445,3996.2231868874705,0.07660619957509421,0.1756061995750942,R1,6135.126350657892
46,2023-08-16,2023-08-16,7910.895833333333,0.0079505631709455,125.78221685395026,1996.6870132384183,0.1652969436136743,1931.426330900517,0.1779289245605468,6.258557433901087e-06,719.9812499999999,0.0462340425531914,0.0697234042553191,0.0914255319148936,0.0865106382978723,0.0668445035518182,0.0332625062829432,0.0161967473163871,20.15106382978724,18.96595744680851,17.41063829787234,14.355319148936172,0.0,719.9812499999999,51.71875,15.033333333333331,2023-08-16,0.1779289245605468,695.2825419747379,2630.5766379372767,2544.597601064846,3987.512390248991,0.07633368149347772,0.17533368149347772,R1,6100.497323857911
47,2023-08-17,2023-08-17,8000.729166666667,0.0079057427377872,126.49469258540022,2003.8312035766469,0.1618029445168544,1937.6185316389567,0.1747411092122396,6.328587568378231e-06,718.6875,0.0435833333333333,0.0685,0.0908333333333333,0.0866041666666666,0.0653154759488058,0.0350130933372143,0.0170491730455904,17.885416666666668,17.6375,17.033333333333335,14.6,0.6153,718.6875,52.65208333333334,14.795833333333334,2023-08-17,0.1747411092122396,699.4430087117792,2639.988899386426,2552.755644109128,3992.2488859934424,0.07458759468242666,0.17358759468242665,R1,6101.886821449137
48,2023-08-18,2023-08-18,8017.395833333333,0.007897594927333,126.62598095344288,2001.9164577388112,0.1626925680526064,1929.22946131634,0.1792043050130208,6.981696227634274e-06,717.6979166666666,0.0427708333333333,0.0679166666666666,0.0903541666666666,0.0864166666666666,0.0646976360591838,0.0357204595811289,0.0173936158910984,17.908333333333335,17.510416666666668,16.764583333333334,14.60625,0.0,717.6979166666666,56.92083333333333,14.510416666666666,2023-08-18,0.1792043050130208,694.515834444838,2637.4662778462434,2541.703289754954,3984.569954728797,0.0738820468685842,0.1728820468685842,R1,6067.9270229737685
49,2023-08-19,2023-08-19,8003.145833333333,0.0079046884583941,126.5130500861418,2008.7722182084217,0.1598067377700061,1942.1409059757027,0.1729698181152343,6.356447549061489e-06,717.8312500000001,0.0417659574468085,0.067063829787234,0.0893191489361702,0.0864255319148936,0.0638112142632478,0.0367353258383058,0.0178877918917761,17.102127659574467,16.625531914893617,16.161702127659574,14.580851063829789,0.73149997,717.8312500000001,58.94166666666666,13.847916666666668,2023-08-19,0.1729698181152343,696.6395114861873,2646.49854139435,2558.713739794318,3992.6356522853007,0.07286978953335839,0.17186978953335838,R1,6097.481424732084
50,2023-08-20,2023-08-20,8015.3125,0.0078988450869579,126.6083348282475,2027.8350206334208,0.1504915809822842,1977.9312072822047,0.1555404663085937,4.6826622159687625e-06,718.4979166666667,0.04175,0.0666875,0.0892708333333333,0.0850208333333333,0.063568012849219,0.0370137676703175,0.0180233755413377,17.46875,16.704166666666666,16.016666666666666,14.410416666666668,0.0,718.4979166666667,36.922916666666666,16.289583333333333,2023-08-20,0.1555404663085937,698.4750471644747,2671.6132250580076,2605.8664131263895,4028.975915601496,0.0725920634932084,0.1715920634932084,R1,6206.80633548687
51,2023-08-21,2023-08-21,7939.583333333333,0.0079366946240582,126.00737112745048,2031.086064108662,0.1491021535564154,1984.4462783637844,0.1526769002278646,4.359183832288742e-06,720.2895833333333,0.0419791666666666,0.0669791666666666,0.08925,0.085,0.0637425604477117,0.0368139277422001,0.0179260660724748,18.91875,17.966666666666665,16.76875,14.3875,0.0,720.2895833333333,30.41458333333333,17.5125,2023-08-21,0.1526769002278646,700.0038952711676,2675.8963795825707,2614.4498283878065,4036.548845941316,0.07279138969178606,0.17179138969178606,R1,6228.962218349727
52,2023-08-22,2023-08-22,7867.479166666667,0.0079724017495006,125.43694797859108,2021.8080816379752,0.1531254235198464,1963.2383607774,0.1620381673177083,5.527648673487347e-06,720.625,0.0407234042553191,0.0662340425531914,0.0892340425531914,0.0849787234042553,0.0630193038999194,0.037641985749124,0.0183292782113127,18.493617021276595,17.72553191489362,16.8,14.52127659574468,0.0,720.625,41.25416666666667,15.98125,2023-08-22,0.1620381673177083,696.1527556158131,2663.6729095180285,2586.5090183499037,4013.5114226325873,0.07196546037787542,0.17096546037787544,R1,6156.404971291626
53,2023-08-23,2023-08-23,7881.979166666667,0.0079652151035289,125.55169697776,2023.991310018616,0.1521141199452348,1953.890117895078,0.1665051778157552,6.6434112062967936e-06,719.7687500000001,0.03975,0.065875,0.0886041666666666,0.0849583333333333,0.0623906260709221,0.0383617603735858,0.0186797631572753,18.23125,17.422916666666666,16.602083333333333,14.575,2.1773999,719.7687500000001,55.99375,14.275,2023-08-23,0.1665051778157552,702.1220710954332,2666.5492489419426,2574.1929822516295,4013.832926374891,0.07124753608177395,0.17024753608177395,R1,6116.716003517764
54,2023-08-24,2023-08-24,7988.25,0.0079121444297665,126.39478746391234,2030.6493539970943,0.1490589467962479,1947.607962369763,0.1695976257324218,7.893904995218803e-06,717.9208333333332,0.0386666666666666,0.0649375,0.0881666666666666,0.0842916666666666,0.0615291998189799,0.0393480091776547,0.0191600042592148,17.277083333333334,16.954166666666666,16.360416666666666,14.572916666666666,2.368,717.9208333333332,73.83541666666666,12.475,2023-08-24,0.1695976257324218,719.8317509460204,2675.3210268059843,2565.9164264112733,4021.503982086441,0.070263822632621,0.169263822632621,R1,6087.251051230012
55,2023-08-25,2023-08-25,7774.416666666667,0.0080202769281839,124.69129854056008,1984.230696920904,0.1722128066005527,1890.0789119925344,0.2020098368326822,9.222010930043789e-06,718.1395833333332,0.0379574468085106,0.064,0.0873617021276595,0.0832978723404255,0.0607042500340036,0.040292495994739,0.0196199099016173,15.75531914893617,15.880851063829788,15.719148936170212,14.480851063829787,4.8262997,718.1395833333332,95.3,10.447916666666666,2023-08-25,0.2020098368326822,743.0611027390547,2614.165806153248,2490.123588113795,3924.381287269621,0.06932176381269607,0.16832176381269606,R1,5897.6740598986
56,2023-08-26,2023-08-26,7590.25,0.0081166265378355,123.20741168507357,1956.8754933566745,0.1866410043284734,1869.2850293560844,0.2148551940917968,8.679536536855344e-06,719.0875,0.0383125,0.06325,0.086625,0.0835416666666666,0.0604548488585428,0.0405780359472039,0.0197589498891476,15.304166666666667,14.89375,14.814583333333331,14.25,8.2605,719.0875,83.57916666666667,12.258333333333333,2023-08-26,0.2148551940917968,743.2590248516204,2578.126126952165,2462.7282569913987,3868.7262675700504,0.06903695789926796,0.16803695789926795,R1,5829.522988588136
57,2023-08-27,2023-08-27,7634.708333333333,0.0080935667003411,123.56461908185128,1959.2388557999843,0.1859681501224914,1878.0751181644607,0.2099711100260416,8.004229219428238e-06,719.275,0.0400416666666666,0.064125,0.0874166666666666,0.0836875,0.0615827776517235,0.0392866677995055,0.0191301348683316,17.431250000000002,16.672916666666666,15.720833333333331,14.05625,5.0768,719.275,76.23125,12.441666666666668,2023-08-27,0.2099711100260416,745.0346959737544,2581.2397877258013,2474.3089414509054,3880.41497853997,0.07032500632017116,0.16932500632017117,R1,5870.467904127272
58,2023-08-28,2023-08-28,7662.604166666667,0.0080790691168825,123.78891222872184,1951.6482342395384,0.1905319801602968,1878.359543046912,0.2104746500651041,7.235487323666967e-06,718.8541666666666,0.0397446808510638,0.0643829787234042,0.0911702127659574,0.0856595744680851,0.0625366793359973,0.0381945436702569,0.0185983391458716,16.395744680851063,15.993617021276595,15.497872340425532,14.127659574468083,2.6654,718.8541666666666,70.27291666666666,12.495833333333332,2023-08-28,0.2104746500651041,753.1279389358498,2571.2393662216086,2474.6836629000177,3871.2671039887864,0.07141432292025635,0.17041432292025635,R1,5882.137478853501
59,2023-08-29,2023-08-29,7621.291666666667,0.0081001100491406,123.4589359304623,1947.070445425912,0.1922760223696872,1892.6352243139484,0.1999193827311197,5.327836035112039e-06,719.7624999999999,0.0400208333333333,0.0651041666666666,0.0918125,0.0885833333333333,0.0632365965583211,0.037393206908221,0.0182081385716989,15.60625,15.5125,15.33125,14.102083333333333,1.129,719.7624999999999,56.67291666666667,11.58125,2023-08-29,0.1999193827311197,734.5928653367887,2565.2082635867473,2493.4914546984915,3866.480844224141,0.07221359968172182,0.1712135996817218,R1,5937.151107953713
60,2023-08-30,2023-08-30,7835.75,0.0079884913418078,125.18393845678708,1966.3207972974608,0.1813418862885967,1915.8967480832555,0.186431884765625,4.87537692862608e-06,717.9958333333334,0.0417083333333333,0.0657291666666666,0.0914375,0.0883958333333333,0.0639837154941319,0.0365378288009491,0.0177916232632732,16.341666666666665,16.10625,15.55,14.052083333333334,0.0,717.9958333333334,45.9625,13.102083333333333,2023-08-30,0.186431884765625,721.3443432838086,2590.5700381511224,2524.137830712685,3909.323655357376,0.0730667788640568,0.1720667788640568,R1,6017.363167083169
61,2023-08-31,2023-08-31,8081.041666666667,0.0078664126314277,127.12770927288987,1995.013038582208,0.1663148465515386,1946.6913607713504,0.1702283223470052,4.597458422499105e-06,715.6062499999999,0.0432127659574468,0.0658085106382978,0.0907021276595744,0.0869574468085106,0.0643117859539999,0.0361622202123258,0.0176087255180447,16.631914893617022,15.938297872340426,15.327659574468084,14.02127659574468,0.0,715.6062499999999,41.02708333333333,14.314583333333331,2023-08-31,0.1702283223470052,717.3447453801781,2628.3712253744015,2564.708830661367,3968.4197637472403,0.07344142187373327,0.17244142187373326,R1,6117.773725659695
62,2023-09-01,2023-09-01,8094.395833333333,0.0078600183311011,127.23218251628036,1995.6759190913865,0.1658666774954242,1946.3929973946872,0.1702880859375,4.69071014841251e-06,716.0208333333334,0.0450416666666666,0.0664791666666666,0.0907083333333333,0.0858749999999999,0.0651448179365657,0.0352084800695053,0.01714431408833,17.527083333333334,16.910416666666666,15.952083333333334,14.008333333333333,0.0,716.0208333333334,40.24791666666666,14.458333333333334,2023-09-01,0.1702880859375,710.5708251990136,2629.2445510231523,2564.315745654522,3974.93798385711,0.07439271023182188,0.17339271023182187,R1,6127.249151322441
63,2023-09-02,2023-09-02,7946.333333333333,0.0079332800892377,126.06118355718564,1998.1301885806408,0.164918325731701,1932.4143767080257,0.1778437296549479,6.299500827830955e-06,718.31875,0.0452083333333333,0.0662708333333333,0.0901458333333333,0.0853541666666666,0.0649773674207463,0.0354001945321134,0.0172376669668337,16.510416666666668,16.427083333333332,15.922916666666666,14.145833333333334,0.0,718.31875,60.49166666666667,12.202083333333334,2023-09-02,0.1778437296549479,701.496350081606,2632.477979166286,2545.8993224669543,3978.781259082212,0.07420148861057717,0.1732014886105772,R1,6079.497011401077
64,2023-09-03,2023-09-03,7888.041666666667,0.0079623109295451,125.59914791424522,1991.759099395884,0.1678731152186376,1919.499648135756,0.1844507853190104,6.972258873047389e-06,717.3458333333333,0.0445106382978723,0.0655531914893617,0.0891489361702127,0.084531914893617,0.0641972474259572,0.0362933556241468,0.0176725802111165,15.261702127659571,15.219148936170212,15.095744680851064,14.089361702127658,0.0,717.3458333333333,68.89791666666666,11.689583333333331,2023-09-03,0.1844507853190104,709.5653485525152,2624.08425583533,2528.884545968552,3961.232235215782,0.07331062357239551,0.17231062357239552,R1,6031.243286695742
65,2023-09-04,2023-09-04,8376.708333333334,0.007727327439711,129.42695626750478,2008.491349064393,0.1595858302077912,1950.6607343403264,0.168402353922526,5.500099485219391e-06,711.21875,0.0441458333333333,0.0652916666666666,0.0883333333333333,0.0840416666666666,0.0637555356744281,0.0367990723766912,0.0179188324443352,14.8,14.704166666666666,14.639583333333334,13.9,0.8842,711.21875,56.12916666666666,11.4,2023-09-04,0.168402353922526,709.9434738154156,2646.128504526428,2569.9383640376864,3991.726292708499,0.07280620686852979,0.1718062068685298,R1,6122.796227936254
66,2023-09-05,2023-09-05,8363.458333333334,0.0077323244704968,129.33079098249814,2018.1836196376305,0.1548409769325804,1967.3980266925507,0.16015625,4.78541821243696e-06,713.40625,0.0436875,0.0649166666666666,0.0877083333333333,0.0842291666666666,0.0633355024404975,0.0372799693469186,0.0181529990054997,14.175,14.220833333333331,14.275,13.710416666666667,0.0,713.40625,61.64791666666667,8.762500000000001,2023-09-05,0.16015625,704.7398144608973,2658.8977870276312,2591.989256316831,4008.3249225644095,0.07232654614263812,0.17132654614263812,R1,6170.774221028404
67,2023-09-06,2023-09-06,8316.270833333334,0.0077546022709084,128.9633704377446,2030.461292438187,0.1494439803631948,1992.107682981171,0.1493136088053385,3.5708328195943663e-06,716.5916666666667,0.0442765957446808,0.0652978723404255,0.0877446808510638,0.0838085106382978,0.0636587830247738,0.0369098446973594,0.0179727715934856,15.425531914893616,15.0,14.529787234042551,13.565957446808511,0.0,716.5916666666667,38.84375,11.502083333333331,2023-09-06,0.1493136088053385,702.3357955308733,2675.07326121224,2624.543504495608,4034.7729344487484,0.07269571931084098,0.171695719310841,R1,6252.021590084929
68,2023-09-07,2023-09-07,8341.979166666666,0.0077423312954337,129.1642850445111,2034.0330399582265,0.1475293063807072,1997.080602500125,0.1467603047688802,3.4271543472223107e-06,717.1520833333334,0.0440833333333333,0.0653541666666666,0.0877291666666666,0.083,0.0635383025009677,0.0370477831131546,0.0180399389213729,15.735416666666666,15.385416666666666,14.866666666666667,13.554166666666667,0.0,717.1520833333334,34.608333333333334,12.05625,2023-09-07,0.1467603047688802,699.8683331952569,2679.778933919345,2631.0951802575923,4041.100454574326,0.07255813549404665,0.17155813549404667,R1,6266.911169891234
70,2023-09-11,2023-09-11,8106.208333333333,0.0078545377844819,127.32363678300582,2002.8847307897463,0.1626063066060524,1938.911609586848,0.1745719909667968,6.115163693660237e-06,716.3937500000001,0.0396666666666666,0.0637291666666666,0.0863541666666666,0.082,0.0609488009988947,0.0400125090589869,0.0194835738837691,14.7125,14.666666666666666,14.683333333333332,13.699999999999998,4.0627,716.3937500000001,75.18124999999999,8.68125,2023-09-11,0.1745719909667968,725.4258787461556,2638.7419492208987,2554.45923641889,3962.8313013726215,0.06960103098458027,0.16860103098458026,R1,5997.1081455114945
71,2023-09-12,2023-09-12,8225.666666666666,0.0077971458597425,128.25919485824087,2007.765879276767,0.1600813950156976,1960.351371245539,0.1636695861816406,4.481367335553653e-06,715.1708333333332,0.0389148936170212,0.0629148936170212,0.0861489361702127,0.082,0.0603556193225822,0.0406916440604334,0.0198142698908161,13.608510638297872,13.76595744680851,14.004255319148935,13.574468085106384,0.68979996,715.1708333333332,59.145833333333336,8.18125,2023-09-12,0.1636695861816406,704.1759110351604,2645.1727193371594,2582.7054942291325,3968.7019969676667,0.06892364183900446,0.16792364183900446,R1,6111.606193477084
72,2023-09-13,2023-09-13,8304.875,0.0077597523217968,128.87590230820507,2026.5502728794463,0.1509572629869625,1975.958177050624,0.1561508178710937,4.744145249347047e-06,713.49375,0.0394583333333333,0.063125,0.086,0.082,0.0605973295937899,0.0404149094411061,0.0196795175463952,14.266666666666666,14.158333333333331,13.958333333333334,13.335416666666667,0.0,713.49375,57.364583333333336,8.44375,2023-09-13,0.1561508178710937,702.7086231658275,2669.9206075346606,2603.2670036051536,4007.3913150793996,0.06919966505521052,0.16819966505521053,R1,6163.5491140103595
73,2023-09-14,2023-09-14,8211.208333333334,0.0078038973300831,128.14703540761582,2010.4118099292343,0.1586966843797206,1949.2365856588813,0.1689872741699218,5.812539275754236e-06,713.6625,0.0389791666666666,0.0624166666666666,0.0851458333333333,0.0815,0.0599598842349746,0.0411447220296746,0.0200348903491784,12.929166666666667,13.404166666666669,13.575,13.204166666666666,1.6592,713.6625,78.97083333333333,6.352083333333333,2023-09-14,0.1689872741699218,731.9361453137427,2648.658655447243,2568.062089876779,3971.3972901939605,0.06847172859964866,0.16747172859964868,R1,6072.630260185482
74,2023-09-15,2023-09-15,7817.541666666667,0.0079980689798107,125.03694536729954,1918.0445358970385,0.2106435212960299,1854.4815559409967,0.225805918375651,6.347777979155908e-06,715.1291666666666,0.0375,0.06175,0.0849375,0.0820625,0.0591775336193468,0.0420404369643957,0.0204710471541342,10.829166666666666,11.433333333333332,12.233333333333334,12.95625,10.6468,715.1291666666666,92.81458333333336,5.16875,2023-09-15,0.225805918375651,753.3393723564797,2526.9674782281563,2443.2251145019327,3784.141070640962,0.06757831628395597,0.16657831628395597,R1,5768.165502818665
75,2023-09-16,2023-09-16,7745.229166666667,0.0080353943372146,124.45690573117434,1923.0346957053623,0.207187731540063,1871.1551417928704,0.213965098063151,5.135463765438882e-06,717.40625,0.0369375,0.0616875,0.0847291666666666,0.0826666666666666,0.0589417577380238,0.0423103772877361,0.0206024911039814,9.347916666666666,10.052083333333334,11.135416666666666,12.497916666666669,5.7574,717.40625,79.17708333333333,5.483333333333333,2023-09-16,0.213965098063151,746.6698996062551,2533.5418675662527,2465.1920753334366,3792.5351519206,0.06730906989760496,0.16630906989760497,R1,5817.0680974079805
76,2023-09-17,2023-09-17,7851.895833333333,0.0079803333652573,125.31252907037276,1953.576529621704,0.1886107860062314,1909.647876343448,0.1900202433268229,4.259937708035125e-06,717.8874999999999,0.0387291666666666,0.063,0.0853333333333333,0.0829166666666666,0.0601994021491765,0.0408704974446888,0.0199013602335228,11.23125,11.19375,11.341666666666669,12.070833333333333,0.023799999,717.8874999999999,56.052083333333336,7.65625,2023-09-17,0.1900202433268229,725.831573365203,2573.7798388894503,2515.905125284535,3860.615351274929,0.06874524823407151,0.16774524823407153,R1,5952.382569022421
77,2023-09-18,2023-09-18,7839.75,0.0079870380006668,125.21283484350865,1962.228412420384,0.1841166372273539,1914.8939998077656,0.1874821980794271,4.5780471376798696e-06,715.9291666666667,0.0392127659574468,0.0634680851063829,0.0856808510638297,0.0828085106382978,0.0606030138760288,0.0404084014939109,0.0196763485856629,11.114893617021275,11.546808510638298,11.661702127659575,11.893617021276595,0.0,715.9291666666667,61.76458333333333,7.079166666666667,2023-09-18,0.1874821980794271,725.6266592357031,2585.178440980554,2522.816739239787,3880.2338597959133,0.069206156272392,0.16820615627239202,R1,5973.223381245903
78,2023-09-19,2023-09-19,7728.3125,0.0080441175796814,124.32126372649869,1936.4698578658497,0.1991248731450092,1882.2620120917024,0.2071736653645833,5.336706035726745e-06,713.5729166666666,0.0391666666666666,0.062875,0.0853541666666666,0.0826875,0.060314088282072,0.0407391930397483,0.0198374232514367,9.64375,10.10625,10.75625,11.73125,4.2703,713.5729166666666,77.72708333333334,5.789583333333333,2023-09-19,0.2071736653645833,727.6636622716463,2551.2423000686686,2479.8250515259942,3827.516829631705,0.06887621509409729,0.1678762150940973,R1,5868.317427869025
79,2023-09-20,2023-09-20,7797.666666666667,0.0080087658883323,124.8752427348849,1939.8339308119089,0.1971226556610562,1894.2554322816584,0.1998443603515625,4.462388758244151e-06,712.4875000000001,0.0396041666666666,0.0627916666666666,0.0852708333333333,0.0818958333333333,0.0603763659823512,0.0406678911641878,0.0198027037251385,9.147916666666667,9.639583333333333,10.327083333333333,11.44375,0.44239998,712.4875000000001,68.88333333333334,6.147916666666667,2023-09-20,0.1998443603515625,725.135661495443,2555.6743676093233,2495.626031224607,3834.5506834700864,0.06894733367355646,0.16794733367355646,R1,5906.703323127573
80,2023-09-21,2023-09-21,7986.416666666667,0.0079128961444567,126.38110837957925,1956.551761016936,0.1869793869213573,1916.2994457298191,0.1862996419270833,3.890151602466387e-06,711.2104166666667,0.0413191489361702,0.0634893617021276,0.0852765957446808,0.0810212765957446,0.0611900877965321,0.0397362592754785,0.0193490576238808,10.65531914893617,10.529787234042551,10.55531914893617,11.193617021276596,0.75119996,711.2104166666667,47.82291666666666,8.85,2023-09-21,0.1862996419270833,722.9921912333016,2577.6996190797677,2524.668373063178,3872.6572287959143,0.06987657061133741,0.1688765706113374,R1,5984.864647711147
81,2023-09-22,2023-09-22,8196.3125,0.0078109359684624,128.0309998110862,1986.7412233455984,0.1704640090004572,1957.8813039621955,0.1646296183268229,2.731987360509729e-06,711.3874999999999,0.0418125,0.0637083333333333,0.0855208333333333,0.081,0.0615014410082985,0.0393797903008503,0.0191754796661926,10.352083333333333,10.56875,10.8,11.125,0.6543,711.3874999999999,36.333333333333336,7.931249999999999,2023-09-22,0.1646296183268229,717.6113651686316,2617.473351160522,2579.4512529551544,3934.3734437144412,0.07023212320932362,0.16923212320932363,R1,6118.657890855568
82,2023-09-23,2023-09-23,8175.1875,0.0078212399178632,127.86471842695607,1987.9756929828643,0.1702436209418816,1958.1678683941093,0.1649805704752604,2.822420037436789e-06,712.9520833333332,0.0425625,0.0638958333333333,0.0855625,0.081,0.0618573657946506,0.0389722912327795,0.0189770532643736,10.264583333333333,10.483333333333333,10.714583333333332,11.075,0.0,712.9520833333332,43.37708333333333,6.14375,2023-09-23,0.1649805704752604,712.4227069801132,2619.0997287382315,2579.8287931979958,3939.0585924516854,0.07063857471742667,0.1696385747174267,R1,6123.749676299512
83,2023-09-24,2023-09-24,8249.104166666666,0.0077858398245725,128.44300171106588,2000.4793113098287,0.1634907526273899,1974.754014435651,0.1566543579101562,2.4129948753289225e-06,714.6062499999999,0.0433125,0.0638958333333333,0.0854166666666666,0.081,0.0621116539360158,0.0386811561823386,0.0188352888162342,10.002083333333331,10.333333333333334,10.629166666666666,11.004166666666668,0.0,714.6062499999999,40.52291666666667,4.983333333333333,2023-09-24,0.1566543579101562,701.8223212358172,2635.5728795337836,2601.680554641333,3965.4425805122182,0.0709289613454834,0.1699289613454834,R1,6178.827551813982
84,2023-09-25,2023-09-25,7835.125,0.0079899784766768,125.17277404661084,2014.093860687437,0.1570238345614182,1987.2847133435787,0.1511573791503906,2.4973485366872987e-06,718.0166666666668,0.0440416666666666,0.0639583333333333,0.0853333333333333,0.0810208333333333,0.0623934296807002,0.0383585505146054,0.0186782001579515,10.03125,10.26875,10.522916666666667,10.93125,0.0,718.0166666666668,36.65,6.7125,2023-09-25,0.1511573791503906,698.0619889865055,2653.5096494387935,2618.1893833088557,3994.222850646923,0.0712507376891532,0.1702507376891532,R1,6221.504211156247
85,2023-09-26,2023-09-26,7827.229166666667,0.0079931243180321,125.1143655410134,1994.55226910604,0.1665948258587471,1963.809529536669,0.1618728637695312,2.898673925368925e-06,717.9458333333333,0.045,0.0643541666666666,0.0855208333333333,0.081,0.0629264471043426,0.0377482976979192,0.0183810454400568,10.935416666666669,10.860416666666666,10.760416666666666,10.877083333333331,0.0,717.9458333333333,35.50625,8.916666666666666,2023-09-26,0.1618728637695312,697.4005954139953,2627.764175089882,2587.261516455261,3958.8222452297578,0.07185942172575843,0.17085942172575844,R1,6154.891817409399
86,2023-09-27,2023-09-27,7986.5625,0.007912934095808,126.3816779099742,2006.2861481313405,0.1606724998409726,1972.2677991133853,0.1578420003255208,3.193967824423692e-06,716.0208333333334,0.0444042553191489,0.065,0.0856170212765957,0.081,0.0629263171956983,0.0377484464306108,0.0183811178635177,11.668085106382978,11.48723404255319,11.22340425531915,10.92127659574468,0.0,716.0208333333334,38.04583333333333,9.7125,2023-09-27,0.1578420003255208,697.0084055718518,2643.223216908497,2598.405038799205,3982.1110325100703,0.07185927337541471,0.1708592733754147,R1,6181.179881724144
87,2023-09-28,2023-09-28,8255.104166666666,0.0077832313799415,128.48848505191185,2012.8622584182303,0.1573663477649935,1982.3259169534888,0.1531600952148437,2.853092516812121e-06,713.1770833333334,0.0436666666666666,0.0651666666666666,0.0858958333333333,0.081,0.0627596149935333,0.0379393041472757,0.018474053560663,11.85,11.766666666666666,11.566666666666668,11.04375,0.0,713.1770833333334,32.99375,10.227083333333333,2023-09-28,0.1531600952148437,697.5364526766634,2651.88704953449,2611.656314355349,3994.1058976931713,0.07166890629767196,0.17066890629767198,R1,6210.957286030729
88,2023-09-29,2023-09-29,8486.5,0.0076761697260501,130.2780817293171,2033.159647426528,0.1478917854185429,2003.230081433441,0.1440836588541666,2.7663661664946352e-06,711.9666666666667,0.0431875,0.0650833333333333,0.0857916666666666,0.081,0.062526588937863,0.0382060961891987,0.0186039644955845,11.60625,11.654166666666669,11.6,11.141666666666666,0.0,711.9666666666667,32.520833333333336,9.8,2023-09-29,0.1440836588541666,694.5252291438417,2678.6282648488286,2639.1969385753528,4032.8874727965463,0.07140280009943491,0.1704028000994349,R1,6273.175805439749
89,2023-09-30,2023-09-30,8567.6875,0.0076399144155687,130.89860632303566,2027.354309164295,0.1505853087100012,1996.613417157084,0.1469243367513021,2.850601620969944e-06,711.6270833333333,0.0427021276595744,0.0650425531914893,0.085531914893617,0.0809787234042553,0.0622685170006808,0.0385015633157644,0.0187478383921747,11.702127659574469,11.704255319148936,11.591489361702129,11.18936170212766,0.0,711.6270833333333,30.777083333333334,10.708333333333334,2023-09-30,0.1469243367513021,696.7182196490638,2670.979901782058,2630.47967725645,4019.720356640586,0.07110809253174387,0.1701080925317439,R1,6248.759901271093
90,2023-10-01,2023-10-01,8657.625,0.0075999014741298,131.58516391393837,2031.105832715209,0.1488088646166414,1985.4037234037776,0.1519610087076822,4.269901159555513e-06,710.1374999999999,0.0420625,0.0649583333333333,0.0855,0.0809583333333333,0.0619884056954177,0.0388222633631556,0.0189039991332735,11.870833333333332,11.76875,11.589583333333332,11.185416666666669,0.51489997,710.1374999999999,47.04166666666666,10.358333333333333,2023-10-01,0.1519610087076822,695.1466256261768,2675.9224241424854,2615.7112341753013,4025.3604109097546,0.07078821690962783,0.16978821690962784,R1,6211.172433620844
92,2023-10-03,2023-10-03,8265.125,0.0077784292989683,128.56690073913185,1913.5144759536588,0.2134795508180492,1868.9605322289165,0.2156473795572916,4.414395770295992e-06,709.1729166666668,0.0373617021276595,0.063063829787234,0.0844042553191489,0.0792553191489361,0.0592132691537455,0.0419995232727314,0.020451124761034,6.176595744680851,7.895744680851064,9.668085106382978,11.01063829787234,8.8972,709.1729166666668,89.26875,0.3520833333333333,2023-10-03,0.2156473795572916,773.7686574730009,2520.9992569814112,2462.3007415339703,3775.4223669771795,0.06761912479858088,0.1666191247985809,R1,5812.974035664588
93,2023-10-04,2023-10-04,8133.5625,0.0078411575660079,127.53915227770092,1921.503340206728,0.2082344612509334,1879.0085528800648,0.2088864644368489,4.188070448577516e-06,712.0458333333332,0.0321,0.06355,0.0841,0.0788,0.0572544767770513,0.0442421489584222,0.0215431423392464,5.115,6.0200000000000005,7.602500000000001,10.3175,2.7242,712.0458333333332,78.375,2.020833333333333,2023-10-04,0.2088864644368489,738.3679888655448,2531.5243515648085,2475.538714339509,3779.0980978467874,0.06538226424237198,0.16438226424237198,R1,5821.1405088962865
94,2023-10-05,2023-10-05,7858.604166666667,0.0079773578427866,125.36379208008763,1930.504114822048,0.2024380278184741,1890.9378493882384,0.2012354532877604,3.875251640250629e-06,716.7375000000001,0.0305,0.0633333333333333,0.086,0.0780416666666666,0.0569393879811243,0.0446028948115443,0.0217188028676128,6.625,6.910416666666666,7.641666666666667,9.79375,0.0,716.7375000000001,67.8125,3.25,2023-10-05,0.2012354532877604,731.9121358835012,2543.382608401967,2491.255212966167,3794.837852552391,0.06502244576048574,0.16402244576048575,R1,5854.06657080302
95,2023-10-06,2023-10-06,7775.425531914893,0.008019616212438,124.70012086654869,1938.294600219,0.1976565706385632,1899.0140139478872,0.1964338586685505,3.833554788312162e-06,717.8937500000001,0.0314042553191489,0.0637446808510638,0.0862978723404255,0.0784255319148936,0.0575118520596246,0.0439474794332452,0.0213996568243386,7.453191489361703,7.64468085106383,8.078723404255319,9.5,0.0,717.8937500000001,64.02083333333333,4.416666666666667,2023-10-06,0.1964338586685505,723.0656337627129,2553.6463446548387,2501.895323145625,3813.72971065254,0.06567617625907227,0.16467617625907227,R1,5886.317563288544
96,2023-10-07,2023-10-07,7833.833333333333,0.0079895255895404,125.1683245819839,1951.899498895272,0.1895998499367311,1916.0150042616808,0.1864356994628906,3.467793611447123e-06,717.65,0.0319583333333333,0.0638333333333333,0.0866666666666666,0.0791666666666666,0.057890174177863,0.0435143376108035,0.0211887440148656,7.802083333333333,7.979166666666667,8.28125,9.4,0.0,717.65,54.770833333333336,5.3125,2023-10-07,0.1864356994628906,716.8523456948823,2571.5704000436,2524.2936297629094,3842.874787997587,0.06610820460158454,0.16510820460158454,R1,5943.764143664729
97,2023-10-08,2023-10-08,8014.854166666667,0.0078989133533509,126.60555397907478,1960.12441388118,0.1848123065981944,1928.8931029212583,0.179358164469401,3.000377540768692e-06,716.2624999999999,0.0326666666666666,0.0643555555555555,0.0872,0.08,0.058509545800514,0.0428052176823865,0.020843447235366,8.679545454545455,8.584090909090909,8.615909090909092,9.263636363636364,0.0,716.2624999999999,47.083333333333336,5.729166666666667,2023-10-08,0.179358164469401,713.652647237084,2582.4064845513353,2541.260147424579,3862.9670123266155,0.06681550159172359,0.1658155015917236,R1,5991.26060901764
98,2023-10-09,2023-10-09,8242.36170212766,0.0077891785903609,128.38963741187698,1970.976276746714,0.1788250044823304,1939.942535660502,0.1735300916306515,2.963091724546748e-06,712.8083333333334,0.0332173913043478,0.0643478260869565,0.0874782608695652,0.08,0.058779629679823,0.04249599805695,0.0206928767372845,8.488888888888889,8.504444444444443,8.697777777777777,9.295555555555556,0.0,712.8083333333334,46.625,5.6875,2023-10-09,0.1735300916306515,711.9422193549309,2596.7034959221223,2555.8174513152726,3886.060170822418,0.06712392630466524,0.16612392630466524,R1,6029.047475571036
99,2023-10-10,2023-10-10,8569.645833333334,0.0076388955112587,130.91440978778584,1977.05212154924,0.1755558958770033,1946.352775120452,0.1703262329101562,2.923059970911841e-06,708.3916666666668,0.033375,0.0645,0.0874583333333333,0.08,0.0588840482957629,0.042376448954678,0.0206346638478248,7.56875,8.231250000000001,8.725,9.341666666666669,0.0,708.3916666666668,46.16666666666666,4.1875,2023-10-10,0.1703262329101562,709.5450905470781,2604.7082434300128,2564.262753986711,3898.700875170217,0.06724316808144,0.16624316808144,R1,6049.716175350848
101,2023-10-16,2023-10-16,6846.458333333333,0.0085467084646592,117.01252514033976,1710.5178128000846,0.4102286273851606,1672.91481294424,0.4490000406901042,4.163858330384471e-06,719.275,0.0397916666666666,0.0836666666666666,0.0897083333333333,0.0917916666666666,0.0688503768588882,0.0309659775368652,0.0150784823399406,2.1104166666666666,2.4,3.4625,6.877083333333334,0.0743,719.275,72.1875,3.7291666666666665,2023-10-16,0.4490000406901042,769.4684827012953,2253.557100984751,2204.0162504251484,3426.611706173326,0.07862430654119693,0.17762430654119693,R1,5302.831825553842
102,2023-10-17,2023-10-17,7274.0625,0.0082916435371512,120.61150643414874,1764.3939552200854,0.3411977161585954,1729.5802854910671,0.3482564290364583,3.728832889395576e-06,715.6833333333334,0.0494166666666666,0.09275,0.096375,0.1585,0.0819577530985465,0.0159593137491084,0.0077711814599431,3.983333333333333,3.9,4.14375,6.3812500000000005,0.0,715.6833333333334,60.958333333333336,4.770833333333333,2023-10-17,0.3482564290364583,744.9351850932427,2324.537340077092,2278.671350233503,3603.8671533947936,0.09359239262052033,0.19259239262052033,R1,5617.024343195946
103,2023-10-18,2023-10-18,7442.326086956522,0.0081969854897607,122.00046865396538,1789.458389079026,0.3141977155274351,1755.8350544403436,0.314445163892663,3.5460201408768983e-06,715.1062499999999,0.0547234042553191,0.0942978723404255,0.0997446808510638,0.1404255319148936,0.0838656141944834,0.0137749993983965,0.0067075578322738,5.1,5.23404255319149,5.276595744680851,6.402127659574467,0.0,715.1062499999999,56.99583333333334,4.454166666666667,2023-10-18,0.314445163892663,741.1040271056402,2357.5589973099472,2313.261239071609,3664.9986307996346,0.09577109174300164,0.19477109174300164,R1,5721.352930298595
104,2024-06-03,2024-06-03,7044.854166666667,0.00842512286379,118.69759226253724,1708.457869266409,0.412960988833278,1672.8549901367385,0.4474067687988281,3.940854997392341e-06,709.85,0.1955,0.2515833333333333,0.316125,0.257,0.2449241319469615,0.1706212506118119,0.0830818116788326,11.286363636363635,10.758333333333333,9.395833333333334,5.4750000000000005,0.0,709.85,47.35,9.333333333333334,2024-06-03,0.4474067687988281,693.641998809728,2250.843185734524,2203.9374356290455,4106.898738288332,0.27969331335691144,0.3786933133569114,R1,6511.397274790227
105,2024-06-05,2024-06-05,6798.604166666667,0.0085763111912391,116.60479418626537,1707.9774454809192,0.4144948137742761,1665.1957843411465,0.469434102376302,4.759407750990657e-06,715.0354166666666,0.1849545454545454,0.244,0.3126666666666666,0.254,0.2374733680985018,0.1620908547498615,0.0789280457205646,13.65681818181818,12.089583333333332,10.191666666666666,6.1625000000000005,0.0,715.0354166666666,58.55833333333334,9.283333333333331,2024-06-05,0.469434102376302,681.3252825623027,2250.2102414733354,2193.846656404534,4084.0915991376196,0.27118484662784753,0.3701848466278475,R1,6447.7750705876615
106,2024-06-06,2024-06-06,6742.645833333333,0.0086119602136383,116.12331736070104,1725.6190719458052,0.3897054273801836,1683.5736769939642,0.4272499084472656,4.6257691018205465e-06,716.5645833333333,0.1725909090909091,0.24125,0.3117916666666666,0.2520416666666666,0.2315249547786218,0.155280503301189,0.0756118331474157,16.345454545454547,14.329166666666666,11.71875,6.675,0.0,716.5645833333333,50.325,11.775,2024-06-06,0.4272499084472656,683.7041544498665,2273.4525674493416,2218.0589915108817,4108.457983169707,0.2643920025849669,0.3633920025849669,R1,6489.42995934493
107,2024-06-07,2024-06-07,6941.0,0.0084881838732157,117.81821180324263,1749.7373407723817,0.3587850520351477,1706.128113109615,0.3851458231608073,4.73434355188123e-06,714.9833333333332,0.1568181818181818,0.2357916666666666,0.3106666666666666,0.2516666666666666,0.223472170061757,0.1460608524273901,0.0711224433738975,16.979545454545455,15.547916666666666,13.125,7.524999999999999,0.0,714.9833333333332,47.75,12.15,2024-06-07,0.3851458231608073,677.4769855497578,2305.2276799742544,2247.773800258724,4140.8984819454045,0.25519605271548834,0.3541960527154883,R1,6537.899190245226
108,2024-06-08,2024-06-08,7041.270833333333,0.0084274153184638,118.66670613012693,1749.8907929292757,0.3582073513584567,1701.8139888345247,0.3919652303059895,5.235638363442918e-06,713.7624999999999,0.1450454545454545,0.22725,0.3080833333333333,0.2504166666666667,0.2155732723002015,0.1370173870660403,0.0667188448574084,16.020454545454545,14.814583333333331,12.941666666666668,8.1625,0.261,713.7624999999999,55.75833333333333,11.4,2024-06-08,0.3919652303059895,679.5542670215177,2305.429848694885,2242.090067928135,4116.150743740202,0.24617583543744828,0.34517583543744823,R1,6481.115711424063
109,2024-06-09,2024-06-09,7082.854166666667,0.0084025653962805,119.01694592899308,1756.8377305334295,0.350525528760434,1707.307094690532,0.383588155110677,5.3738197809093495e-06,714.4333333333334,0.1368181818181818,0.219,0.3054583333333333,0.249125,0.2091107219605126,0.1296183990164158,0.0631160033030968,15.138636363636364,14.072916666666666,12.579166666666666,8.518749999999999,0.9316,714.4333333333334,58.78333333333333,11.183333333333332,2024-06-09,0.383588155110677,677.2963250096215,2314.582235446305,2249.327073947968,4111.402685140001,0.23879586800477878,0.3377958680047788,R1,6467.923659208389
110,2024-06-10,2024-06-10,7145.520833333333,0.0083655076621178,119.54292310097584,1767.5090369236468,0.3375804442509362,1716.791501994225,0.3670234680175781,5.472986419177441e-06,714.3708333333334,0.1294090909090909,0.2113749999999999,0.303375,0.248,0.203293835607764,0.1229586330807151,0.0598731163982655,17.356818181818184,15.716666666666669,13.5125,8.78125,0.0,714.3708333333334,52.8,12.583333333333334,2024-06-10,0.3670234680175781,673.709826618728,2328.641368951083,2261.822502681844,4116.9091836609,0.2321532223639108,0.33115322236391076,R1,6471.987370905731
111,2024-06-11,2024-06-11,7121.5625,0.0083796543292803,119.34193433589876,1767.7269098983004,0.3377045473810301,1716.0375132150737,0.369000752766927,5.580766516999035e-06,715.3416666666667,0.1208181818181818,0.2027083333333333,0.2999583333333333,0.2462083333333333,0.1963450729995561,0.1150029795391006,0.0559992137808814,17.206818181818182,15.7125,13.81875,9.283333333333331,0.63699996,715.3416666666667,59.0,11.466666666666669,2024-06-11,0.369000752766927,670.7529578240238,2328.928410211612,2260.829144556834,4093.6859406734898,0.22421802046211878,0.3232180204621188,R1,6430.440947441196
112,2024-06-12,2024-06-12,7139.645833333333,0.0083690869853684,119.49311430806264,1781.1897562496745,0.3227994704895584,1733.5614411248418,0.3427696228027344,5.089476239336499e-06,716.3854166666666,0.1116363636363636,0.19275,0.2965,0.2456249999999999,0.1888399443289687,0.1064103412731301,0.0518151396888335,18.31590909090909,16.929166666666667,14.695833333333333,9.6625,0.0,716.3854166666666,47.55833333333334,13.325,2024-06-12,0.3427696228027344,673.0547596554577,2346.6653158243876,2283.9164061349857,4098.435084340427,0.21564747133590567,0.31464747133590565,R1,6451.204292501714
113,2024-06-13,2024-06-13,7275.833333333333,0.0082904672751705,120.6270169712542,1813.1653905922312,0.2914485079306778,1772.829714223325,0.2960179646809895,4.213513773432197e-06,717.11875,0.1038181818181818,0.1814583333333333,0.2900833333333333,0.2436666666666666,0.1806676079650596,0.0970538154565766,0.0472591004318734,17.561363636363637,16.227083333333333,14.502083333333331,10.05625,0.0,717.11875,39.025,13.891666666666666,2024-06-13,0.2960179646809895,674.7525635499707,2388.7922771994354,2335.65120540003,4141.964904070202,0.20631499838879774,0.3053149983887977,R1,6549.09892210637
114,2024-06-14,2024-06-14,7233.395833333333,0.0083149022477359,120.27400364018548,1811.0932896166007,0.2932022122761881,1760.8066902175103,0.3096656799316406,5.29422409621951e-06,716.8312500000001,0.095695652173913,0.1707916666666666,0.28275,0.242,0.1723963570670392,0.0875840421731015,0.042647916785301,17.125,16.545833333333334,15.029166666666669,10.35,0.0,716.8312500000001,50.41666666666666,12.333333333333334,2024-06-14,0.3096656799316406,673.9102179478297,2386.0623448756405,2319.8112235414014,4106.030450450112,0.19686956910061873,0.2958695691006187,R1,6450.053243242715
115,2024-06-15,2024-06-15,7393.1875,0.0082243028421843,121.59644167883654,1825.062176091392,0.2803295559850185,1773.7786587338526,0.2948150634765625,5.35673985895393e-06,713.8666666666667,0.0932173913043478,0.1630416666666666,0.2731666666666667,0.24075,0.16674497615808,0.0811137637827782,0.0394972983904242,14.752272727272729,14.26875,13.533333333333331,10.63125,0.75229996,713.8666666666667,62.39166666666667,9.808333333333334,2024-06-15,0.2948150634765625,680.4292493316458,2404.465943524277,2336.9014119890153,4115.71720821065,0.19041592388851244,0.28941592388851245,R1,6459.776198186139
116,2024-06-16,2024-06-16,7543.208333333333,0.0081422343335381,122.8233260141766,1827.9353908515047,0.2779196962223575,1786.937753323882,0.2813669840494792,4.248329710238277e-06,710.6729166666668,0.092391304347826,0.1554583333333333,0.2630833333333333,0.2387083333333333,0.1616073435227534,0.0752316769170575,0.036633092252537,15.13181818181818,13.916666666666666,12.93125,10.4,0.0,710.6729166666668,41.708333333333336,12.716666666666669,2024-06-16,0.2813669840494792,677.4053687530457,2408.2513197868643,2354.238133556005,4101.81638692626,0.1845489581340058,0.28354895813400577,R1,6472.647549066282
120,2024-06-20,2024-06-20,7456.791666666667,0.0081894747684352,122.11677112752452,1842.5818231278683,0.2650699382379385,1783.5099285218075,0.2844568888346354,6.136687647438307e-06,715.5500000000001,0.0738695652173913,0.1237083333333333,0.2200833333333333,0.2297916666666667,0.1341352783689978,0.0437788493045874,0.021317544563748,14.740909090909092,14.366666666666667,13.620833333333332,11.0,1.0997,715.5500000000001,56.79166666666666,12.375,2024-06-20,0.2844568888346354,692.0088810476182,2427.547565177294,2349.7220748129503,4018.495179213792,0.15317698646861358,0.2521769864686136,R1,6257.299893128786
121,2024-06-21,2024-06-21,7179.229166666667,0.0083461502039744,119.82308816269328,1803.586754606452,0.3006012614019047,1736.84170327004,0.3388964335123698,7.115795388781448e-06,716.8895833333332,0.1120454545454545,0.1217083333333333,0.213875,0.2275,0.1465375472024934,0.0579782340774544,0.028231751366385,13.572727272727274,13.308333333333332,12.88125,10.75,10.2934,716.8895833333332,79.76666666666667,9.441666666666666,2024-06-21,0.3388964335123698,729.3091277036631,2376.1727049377673,2288.238055401123,3986.132552022135,0.16733986880939786,0.26633986880939786,R1,6187.864210589296
122,2024-06-22,2024-06-22,7008.479166666667,0.0084478597088567,118.38653245863772,1754.6236772035993,0.355046452086408,1695.9953197971424,0.4074859619140625,6.3973195335239e-06,717.4562500000001,0.2401363636363636,0.1949166666666666,0.2502916666666666,0.226,0.2268897970858968,0.1499737010986627,0.0730277544372543,13.695454545454544,13.185416666666669,12.579166666666666,10.699999999999998,12.188499,717.4562500000001,75.06666666666666,9.583333333333334,2024-06-22,0.4074859619140625,729.401386218664,2311.6652850549904,2234.4241419556906,4163.169218939212,0.2590988426063872,0.3580988426063872,R1,6516.039671122722
123,2024-06-23,2024-06-23,6998.5,0.008452913733333,118.30674120767644,1720.5880246166437,0.3989833464044394,1666.9961701955872,0.4752464294433594,5.955381830717174e-06,718.7791666666667,0.2295909090909091,0.2110416666666666,0.2645416666666667,0.2253333333333333,0.2311303866786183,0.1548287614186136,0.0753918632791784,13.99318181818182,13.097916666666668,12.347916666666668,10.69375,0.030199999,718.7791666666667,62.60833333333333,11.333333333333334,2024-06-23,0.4752464294433594,708.3171383582268,2266.824310000527,2196.2186120172883,4095.290023271806,0.26394142199759213,0.3629414219975921,R1,6425.201462171954
124,2024-06-24,2024-06-24,7084.479166666667,0.0084016294860849,119.03046905067062,1764.6768394810586,0.3412249478321625,1707.7433375287144,0.382642110188802,6.17711221640845e-06,717.1854166666667,0.1999545454545454,0.204375,0.2606666666666666,0.2232083333333333,0.2166460767647957,0.1382456432491092,0.06731692832315,16.88181818181818,15.43125,13.691666666666668,10.575,0.0,717.1854166666667,56.34166666666667,13.475,2024-06-24,0.382642110188802,707.8021809668519,2324.910031802546,2249.9018111055602,4154.4065112727185,0.24740093413597672,0.3464009341359767,R1,6509.289584294577
125,2024-06-25,2024-06-25,7209.4375,0.0083285546829847,120.07537465566703,1785.077393639404,0.3197183076927362,1731.6692306665025,0.3477694193522135,5.715582157738196e-06,717.4145833333333,0.1735,0.1932916666666666,0.25025,0.22,0.2004290785652479,0.1196787664632777,0.0582760277609211,18.17727272727273,16.527083333333334,14.585416666666667,10.86875,0.0,717.4145833333333,50.725,14.258333333333333,2024-06-25,0.3477694193522135,705.6630827824983,2351.7871641793818,2281.423474297013,4148.014092060432,0.2288817873165983,0.3278817873165983,R1,6512.023543344579
126,2024-06-26,2024-06-26,7140.1875,0.0083687661087955,119.49765858386836,1803.9828484889945,0.3000066381056148,1739.2152799875075,0.3354276021321614,6.897722416688087e-06,717.8604166666668,0.1508636363636363,0.1806666666666666,0.236625,0.2176666666666666,0.1845312327995909,0.1014772879985802,0.0494130531861958,17.161363636363635,16.570833333333333,15.141666666666666,11.19375,0.0,717.8604166666668,58.325,14.125,2024-06-26,0.3354276021321614,707.0299587472284,2376.69454702265,2291.3651731816885,4135.219576954612,0.21072709948699464,0.3097270994869946,R1,6446.668010006594
127,2024-06-27,2024-06-27,7149.5625,0.0083638619179371,119.57326986595687,1792.4071976632597,0.312319827570448,1717.9277505049702,0.3674494425455729,8.027249398682183e-06,714.7041666666668,0.1408636363636363,0.1745833333333333,0.22875,0.2154166666666666,0.1768409815517756,0.0926727024881585,0.0451257741241562,15.404545454545454,14.595833333333331,13.864583333333334,11.4125,2.0407,714.7041666666668,78.60833333333333,11.741666666666667,2024-06-27,0.3674494425455729,714.6757614546638,2361.44396622095,2263.319476803196,4080.363713879815,0.2019451479702108,0.30094514797021077,R1,6320.8970975536495
128,2024-06-28,2024-06-28,7268.208333333333,0.0082960383827532,120.55786950112532,1752.5349091160062,0.3562030257767717,1686.3819887743202,0.4257074991861979,7.269852132254868e-06,712.7583333333333,0.1713636363636363,0.1751666666666666,0.2205833333333333,0.212125,0.1866214798781938,0.103870416460631,0.0505783561452024,14.97272727272727,14.670833333333334,13.954166666666666,11.38125,6.3374,712.7583333333333,78.96666666666667,10.083333333333334,2024-06-28,0.4257074991861979,729.2212152507296,2308.9133942995236,2221.758859999267,4024.69438052945,0.21311407592129572,0.3121140759212957,R1,6228.942084388535
129,2024-06-29,2024-06-29,6927.166666666667,0.0084968763496189,117.69972404521724,1755.3131784699226,0.3525015832563062,1689.8551955594487,0.4169654846191406,7.178375398193461e-06,716.8208333333333,0.2410909090909091,0.2093333333333333,0.2215416666666666,0.2094583333333333,0.2242047676067316,0.1468996049624632,0.0715308630749267,15.34772727272727,14.414583333333333,13.520833333333334,11.300000000000002,4.354,716.8208333333333,69.99166666666666,12.5,2024-06-29,0.4169654846191406,737.3321655664853,2312.5736827713035,2226.334708175324,4156.3995697107885,0.2560326490650692,0.35503264906506915,R1,6479.168400562192
130,2024-06-30,2024-06-30,6842.979166666667,0.0085485176093907,116.98444534063448,1754.568430022927,0.3528175098266349,1682.9798418971757,0.4276593526204427,7.878768813558233e-06,719.1020833333333,0.2248181818181818,0.2121666666666666,0.2231666666666666,0.2056249999999999,0.2189597265429726,0.1408945459515942,0.0686067772411146,16.643181818181816,15.597916666666668,14.26875,11.39375,0.86079997,719.1020833333333,66.72500000000001,13.941666666666668,2024-06-30,0.4276593526204427,734.5865436423704,2311.5924985131714,2217.276631169956,4138.022998403529,0.25004302729054556,0.34904302729054554,R1,6426.555436793953
131,2024-07-03,2024-07-03,7066.416666666667,0.008412278185486,118.87901878318144,1729.7291867273364,0.3843074537206425,1681.3852569553867,0.4338798522949219,5.331410153729329e-06,715.5749999999999,,,,,,,,,,,,2.1807,715.5749999999999,59.675,10.45,2024-07-03,0.4338798522949219,749.9994905929781,2278.8675232495502,2215.175812229749,,,,R1,
132,2024-07-04,2024-07-04,7114.8125,0.0083837703178011,119.28469158226852,1755.0780134802062,0.3525001482382247,1718.3934213448397,0.3648681640625,3.950610881063259e-06,716.9979166666667,,,,,,,,,,,,0.0,716.9979166666667,43.61666666666667,10.633333333333333,2024-07-04,0.3648681640625,734.3274292449072,2312.2638597875775,2263.9329844907843,,,,R1,
133,2024-07-05,2024-07-05,7131.833333333333,0.008373669167398,119.42771876663907,1773.5493062561484,0.3319265864818712,1740.0760519936648,0.3354822794596354,3.5609002685342743e-06,718.3895833333332,,,,,,,,,,,,0.0,718.3895833333332,44.11666666666667,8.975,2024-07-05,0.3354822794596354,724.7259536286506,2336.5992468195614,2292.4992150795797,,,,R1,
134,2024-07-06,2024-07-06,7319.5,0.0082654070127042,120.98988425945244,1793.698826798758,0.3098754180646222,1755.4353524136477,0.3149261474609375,4.037584314213332e-06,716.59375,,,,,,,,,,,,0.0,716.59375,45.44166666666666,9.866666666666667,2024-07-06,0.3149261474609375,721.615256837756,2363.145649762834,2312.7346433625216,,,,R1,
135,2024-07-07,2024-07-07,7491.958333333333,0.008169765424592,122.4067157483672,1820.8703111100624,0.2841836504628314,1781.534135493858,0.2868296305338542,4.089753847595575e-06,715.0354166666666,,,,,,,,,,,,0.0,715.0354166666666,43.925,11.016666666666666,2024-07-07,0.2868296305338542,718.5050740503114,2398.9432842310766,2347.119025388447,,,,R1,
136,2024-07-08,2024-07-08,7440.645833333333,0.008197916756504,121.98667169452312,1823.633285005668,0.2814673980527784,1779.862304604175,0.288238525390625,4.556142977522007e-06,716.0395833333333,,,,,,,,,,,,0.0,716.0395833333333,51.98333333333333,10.1,2024-07-08,0.288238525390625,709.3759528074567,2402.5834213846824,2344.9164371751604,,,,R1,
137,2024-07-09,2024-07-09,7408.270833333333,0.0082158674476367,121.72070951880396,1830.8606134076977,0.2753067758260411,1784.3411973784189,0.2840385437011719,4.829321422572032e-06,717.2395833333334,,,,,,,,,,,,0.0,717.2395833333334,52.05,10.958333333333334,2024-07-09,0.2840385437011719,711.4278795151141,2412.105214796983,2350.8172471757434,,,,R1,
138,2024-07-10,2024-07-10,7312.125,0.0082808768258052,120.88096162113412,1833.59159785026,0.19391416175334,1795.4652456278916,0.2731992031665558,5.302123909250077e-06,718.9250000000001,,,,,,,,,,,,0.0,718.9250000000001,53.31666666666666,11.908333333333331,2024-07-10,0.2731992031665558,714.7080669237605,2415.7032067834803,2365.472854814964,,,,R1,
139,2024-07-11,2024-07-11,7394.8125,0.0082233385437093,121.61010127868138,1878.7575804164744,0.2375036881488181,1823.8346629939624,0.2489891052246093,5.57757395764066e-06,719.2312499999999,,,,,,,,,,,,0.0,719.2312499999999,51.93333333333334,13.208333333333334,2024-07-11,0.2489891052246093,721.2983172415428,2475.208065472106,2402.8487309839784,,,,R1,
140,2024-07-12,2024-07-12,7510.291666666667,0.0081598943366633,122.55586657787832,1891.161709564962,0.2281451399840172,1838.559613368928,0.2368278503417968,5.30156162427762e-06,719.2479166666667,,,,,,,,,,,,0.0,719.2479166666667,44.175,15.5,2024-07-12,0.2368278503417968,717.4037091870498,2491.550142190001,2422.248421668772,,,,R1,
141,2024-07-13,2024-07-13,7505.5625,0.0081625661577161,122.51675994654182,1908.7280130663369,0.2163825478067352,1857.3539122370364,0.2232297261555989,5.122414019800304e-06,720.4270833333334,,,,,,,,,,,,0.0,720.4270833333334,41.25,15.566666666666668,2024-07-13,0.2232297261555989,714.1356194800354,2514.693232368509,2447.0093597632563,,,,R1,
142,2024-07-14,2024-07-14,7438.75,0.0081990800234104,121.97054067876724,1900.1801244318165,0.2220576549870906,1842.4557686476385,0.233954111735026,5.803035552046644e-06,721.0895833333334,,,,,,,,,,,,0.0,721.0895833333334,46.36666666666667,15.308333333333332,2024-07-14,0.233954111735026,719.9813076868528,2503.431639541705,2427.381492092929,,,,R1,
143,2024-07-15,2024-07-15,7433.75,0.0082017796169966,121.92982632606416,1888.0637697862064,0.2305781600615908,1817.13730329552,0.2541961669921875,7.228587539217489e-06,719.6916666666666,,,,,,,,,,,,1.9772999,719.6916666666666,65.77499999999999,13.375,2024-07-15,0.2541961669921875,727.888422639127,2487.468697299691,2394.0251558108166,,,,R1,
144,2024-07-16,2024-07-16,7454.0,0.0081907743170431,122.09507375828018,1871.694108895197,0.2423191585566205,1802.298005475384,0.2669143676757812,7.131746866136222e-06,718.3270833333332,,,,,,,,,,,,3.5054998,718.3270833333332,71.76666666666667,11.7,2024-07-16,0.2669143676757812,743.7117507343078,2465.902148699265,2374.4748157173376,,,,R1,
145,2024-07-17,2024-07-17,7470.270833333333,0.0081818623169812,122.22819920443752,1878.7418422760832,0.2371930100709381,1816.9640207373425,0.254309336344401,6.298372008196505e-06,719.3666666666667,,,,,,,,,,,,1.3529999,719.3666666666667,66.50833333333334,11.241666666666667,2024-07-17,0.254309336344401,740.1941289867663,2475.1873309332605,2393.796861117516,,,,R1,
146,2024-07-18,2024-07-18,7543.333333333333,0.0081420176386761,122.82509494958454,1891.806625121193,0.2278766496659987,1829.7322748252543,0.2438977559407552,6.283222061452947e-06,719.8541666666666,,,,,,,,,,,,0.0,719.8541666666666,56.025,13.858333333333334,2024-07-18,0.2438977559407552,731.1251947412237,2492.399799539609,2410.6186617744115,,,,R1,
147,2024-07-19,2024-07-19,7497.645833333333,0.0081669115209933,122.45195428463468,1893.674897108827,0.226804620588931,1822.5512642959984,0.2500953674316406,7.229025988185675e-06,720.3145833333333,,,,,,,,,,,,2.0042999,720.3145833333333,65.35000000000001,13.116666666666667,2024-07-19,0.2500953674316406,737.1811003436769,2494.8611931438127,2401.157890802398,,,,R1,
148,2024-07-20,2024-07-20,7394.666666666667,0.0082234937271392,121.6085346146935,1864.3971159485488,0.2480189764968545,1798.4715183894905,0.2704785664876302,6.789262987653593e-06,719.8458333333333,,,,,,,,,,,,0.87619996,719.8458333333333,67.71666666666667,12.025,2024-07-20,0.2704785664876302,731.0351657309959,2456.2885742905687,2369.433531095972,,,,R1,
149,2024-07-21,2024-07-21,7518.895833333333,0.0081551960812671,122.6261878692621,1878.1289919210303,0.2374853928794586,1815.383440120546,0.2553037007649739,6.400902516245051e-06,718.8458333333333,,,,,,,,,,,,0.0,718.8458333333333,62.56666666666666,12.025,2024-07-21,0.2553037007649739,727.1258539581289,2474.3799185467096,2391.7144924651666,,,,R1,
150,2024-07-22,2024-07-22,7673.041666666667,0.0080727939777337,123.87716251494048,1893.8674114392093,0.2262369859766201,1836.9918315867403,0.2379252115885416,5.734192295656143e-06,718.0166666666668,,,,,,,,,,,,0.41419998,718.0166666666668,62.25,10.566666666666666,2024-07-22,0.2379252115885416,725.1713915800934,2495.1148251335107,2420.1829151060197,,,,R1,
151,2024-07-23,2024-07-23,7685.229166666667,0.0080664258746946,123.97531630108422,1913.3831297425788,0.2130244248781731,1858.6905025616527,0.2220700581868489,5.451869970878778e-06,718.6041666666666,,,,,,,,,,,,0.0,718.6041666666666,53.80833333333334,12.391666666666666,2024-07-23,0.2220700581868489,722.1893220679503,2520.8262121966964,2448.770278354461,,,,R1,
152,2024-07-24,2024-07-24,7512.166666666667,0.0081590323384418,122.5703829020932,1926.606562606855,0.2049109346437621,1873.7851114503253,0.2122357686360677,5.222457530999543e-06,720.8937500000001,,,,,,,,,,,,0.0,720.8937500000001,47.4,13.708333333333334,2024-07-24,0.2122357686360677,725.4319548377441,2538.2476975549243,2468.656983300241,,,,R1,
153,2024-07-25,2024-07-25,7448.041666666667,0.0081940183197949,122.04642483806931,1909.3658446637444,0.2159873979251589,1848.6310094797648,0.2296257019042968,6.0856430079781685e-06,721.4291666666667,,,,,,,,,,,,0.0,721.4291666666667,49.708333333333336,15.183333333333332,2024-07-25,0.2296257019042968,714.3475179757512,2515.5335568099235,2435.51719095756,,,,R1,
154,2024-07-26,2024-07-26,7597.458333333333,0.0081133257638529,123.2631027268327,1914.453541339172,0.2125732380090436,1844.2876888889928,0.2324854532877604,7.043796463870785e-06,718.4583333333334,,,,,,,,,,,,0.5513,718.4583333333334,59.88333333333333,13.858333333333334,2024-07-26,0.2324854532877604,729.6598902840714,2522.236448112644,2429.794993336499,,,,R1,
155,2024-07-27,2024-07-27,7636.979166666667,0.0080924048890059,123.58278754988564,1887.4948281862069,0.2314727157156851,1814.1754600751285,0.2575594584147135,7.48552436499799e-06,715.15625,,,,,,,,,,,,7.0186996,715.15625,72.50833333333334,12.408333333333331,2024-07-27,0.2575594584147135,746.7053993095167,2486.719133411417,2390.123014148585,,,,R1,
156,2024-07-28,2024-07-28,7913.770833333333,0.0079490424568438,125.80548014424032,1913.662632499974,0.2128395604089168,1864.3095608953683,0.2183634440104166,4.911235675750144e-06,713.8604166666668,,,,,,,,,,,,1.3321999,713.8604166666668,44.93333333333334,13.925,2024-07-28,0.2183634440104166,741.2232062393359,2521.194448890263,2456.173223073326,,,,R1,
157,2024-07-29,2024-07-29,7929.5625,0.0079411715045968,125.9306829646573,1947.2346900342145,0.192233196198556,1907.0420577050224,0.1915054321289062,3.904333622123206e-06,716.4166666666666,,,,,,,,,,,,0.0,716.4166666666666,35.2,13.683333333333332,2024-07-29,0.1915054321289062,732.6705469924482,2565.4246510458947,2512.4720355776885,,,,R1,
158,2024-07-30,2024-07-30,7877.770833333333,0.0079674127763472,125.5178068182872,1957.1056199670663,0.1867873381703862,1918.4019793463165,0.1853981018066406,3.738908237334424e-06,716.5291666666667,,,,,,,,,,,,0.0,716.5291666666667,32.74166666666667,14.025,2024-07-30,0.1853981018066406,721.1394696877518,2578.4293120187535,2527.438399499653,,,,R1,
159,2024-07-31,2024-07-31,7784.5,0.0080156754286983,124.76906333424638,1943.932260403914,0.1944840473731435,1907.197129295404,0.19171142578125,3.567582543572533e-06,717.0958333333333,,,,,,,,,,,,0.0,717.0958333333333,33.00833333333333,13.625,2024-07-31,0.19171142578125,718.3175142655367,2561.0737967676314,2512.67633785449,,,,R1,
160,2024-08-01,2024-08-01,7442.875,0.008197132336341,122.00275048907366,1955.780912109757,0.1876029038989842,1918.7736090006035,0.18511962890625,3.5711292926173497e-06,720.4770833333333,0.0735813953488372,0.0746363636363636,0.0991818181818181,0.070590909090909,0.0793942672867239,0.0188942542741475,0.00920031279684,16.304761904761904,15.736363636363636,15.018181818181818,12.729545454545455,0.0,720.4770833333333,30.975,14.775,2024-08-01,0.18511962890625,713.0182375957717,2576.684048230075,2527.928010680599,3980.0658724339805,0.09066499696231153,0.18966499696231154,R1,6203.172012673284
161,2024-08-02,2024-08-02,7288.354166666667,0.008283408346489,120.73043996431184,1958.037733324825,0.1860356739125056,1907.348561304069,0.1914990743001302,4.928907610209047e-06,722.4604166666667,0.0711304347826087,0.0737083333333333,0.0985416666666666,0.0699583333333333,0.0779703793590748,0.0205244666836321,0.0099941236493313,17.854545454545455,17.010416666666668,15.66875,12.84375,0.0,722.4604166666667,39.85,16.291666666666668,2024-08-02,0.1914990743001302,716.1145333518991,2579.657344057111,2512.875845089019,3976.409266677149,0.08903897534832322,0.18803897534832323,R1,6150.831519349975
162,2024-08-03,2024-08-03,7421.75,0.0082084163520226,121.83132813935146,1961.5887654278577,0.1840419625078152,1909.799379950123,0.1899248758951822,5.023008914255656e-06,720.9583333333334,0.067695652173913,0.0727083333333333,0.0972916666666666,0.068625,0.0759585413270829,0.0228278244563477,0.0111157139319926,18.4,17.604166666666668,16.2375,13.06875,0.0,720.9583333333334,38.88333333333333,16.325,2024-08-03,0.1899248758951822,715.4803169541605,2584.335724809261,2516.1047268473444,3971.864922904828,0.08674153882938064,0.18574153882938063,R1,6136.464736695213
163,2024-08-04,2024-08-04,7550.063829787234,0.0081385855909551,122.87888264616096,1954.087803949088,0.1886031864246823,1889.217426943972,0.202484130859375,6.359672547814983e-06,719.0999999999999,0.0637948717948718,0.071,0.09635,0.068,0.0736645415147851,0.0254542298698256,0.0123946080859881,18.026315789473685,17.4775,16.65,13.3725,0.0,719.0999999999999,45.94893617021276,16.897872340425533,2024-08-04,0.202484130859375,730.5339874202368,2574.453427835678,2488.988606803427,3943.209604814927,0.08412188512992139,0.1831218851299214,R1,6044.603258918167
164,2024-08-05,2024-08-05,7270.791666666667,0.0082937428822496,120.58326980129448,1912.5542640310084,0.2140479248496043,1829.513401200281,0.2443758646647135,8.406448480199101e-06,719.8104166666667,0.0756,0.0735416666666666,0.0970833333333333,0.0700416666666666,0.079307621168623,0.0189934556046868,0.0092486176019718,16.068181818181817,16.245833333333334,15.90625,13.50625,5.2843,719.8104166666667,80.29166666666667,12.366666666666667,2024-08-05,0.2443758646647135,749.6056378345496,2519.734205907084,2410.330302186405,3891.609461170498,0.09056605064914708,0.18956605064914708,R1,5920.5909804640205
165,2024-08-06,2024-08-06,6993.791666666667,0.0084559836561973,118.26588809694836,1842.786114183553,0.2655500699508548,1765.5766948363346,0.304089864095052,8.098500452624822e-06,720.8375,0.2117727272727272,0.1149583333333333,0.1149166666666666,0.0914583333333333,0.1501908791687421,0.0621609418536056,0.0302684668313092,14.525,14.385416666666666,14.364583333333334,13.3625,4.7560997,720.8375,74.875,13.125,2024-08-06,0.304089864095052,744.5630504253378,2427.8167126575254,2326.0955648677773,4088.1855113924394,0.17151182407697474,0.2705118240769747,R1,6314.877314125943
166,2024-08-07,2024-08-07,7155.541666666667,0.0083601542474282,119.6242925304154,1858.9484815760104,0.2531294431486431,1782.3233492092638,0.2869911193847656,7.955013458692127e-06,719.4625,0.1639545454545454,0.1122916666666666,0.1132916666666666,0.0815833333333333,0.1299473139531551,0.0389840396649978,0.0189827740115232,15.284090909090908,15.214583333333332,14.772916666666667,13.199999999999998,1.2741,719.4625,68.19166666666666,13.933333333333332,2024-08-07,0.2869911193847656,750.2225382536448,2449.1101581472117,2348.158791334898,4035.3116827717436,0.14839450287103348,0.24739450287103348,R1,6220.343936397629
167,2024-08-08,2024-08-08,7305.958333333333,0.0082734311741939,120.87610996861774,1867.5541479693047,0.2464314858768378,1799.83611435924,0.2708244323730469,6.972710483015998e-06,717.7916666666666,0.1384545454545454,0.1072916666666666,0.1111666666666666,0.076125,0.1177146526878183,0.0249788389686905,0.012163122633969,14.38181818181818,14.458333333333334,14.327083333333334,13.1875,2.5657,717.7916666666666,70.28333333333333,12.058333333333332,2024-08-08,0.2708244323730469,750.3517185700314,2460.447871478339,2371.231346304087,3996.940261353843,0.1344253054167961,0.2334253054167961,R1,6179.453688171064
168,2024-08-09,2024-08-09,7294.5,0.0082796768103332,120.78251050171,1876.1208851522208,0.2392540711562523,1805.014426084392,0.2647272745768229,7.295093784249759e-06,718.0291666666667,0.1183181818181818,0.1000833333333333,0.1093333333333333,0.074,0.1071445302234081,0.0128770825897987,0.0062703288533061,14.463636363636365,14.483333333333334,14.177083333333334,12.9,0.0,718.0291666666667,67.2,12.475,2024-08-09,0.2647272745768229,746.0949615422111,2471.734296715401,2378.0536202798407,3963.6527421057635,0.12235465908579503,0.22135465908579502,R1,6104.396758681146
169,2024-08-10,2024-08-10,7315.25,0.0082681837136674,120.95292325613468,1891.8162616127745,0.2279154660569728,1821.4165636848377,0.2508443196614583,7.161018995049927e-06,718.7687500000001,0.1021363636363636,0.0927916666666666,0.1070833333333333,0.0733333333333333,0.098077269137977,0.0024959554979268,0.0012153732544681,13.21818181818182,13.391666666666666,13.558333333333332,12.9,5.1919,718.7687500000001,76.94166666666666,10.533333333333331,2024-08-10,0.2508443196614583,747.6816657597246,2492.4124953349224,2399.662955993396,3950.502536741984,0.11200021881118136,0.21100021881118136,R1,6075.444156918218
170,2024-08-11,2024-08-11,6749.8125,0.0086114176106595,116.16648343376951,1771.1102051642822,0.339981839454049,1701.761404558437,0.4111595153808594,7.564139027105109e-06,718.7687500000001,0.2262222222222222,0.118125,0.1129166666666666,0.072,0.1548109096336395,0.0674504248598336,0.032844112182788,13.686363636363636,13.660416666666668,13.535416666666668,12.6,12.767799,718.7687500000001,79.60000000000001,10.708333333333334,2024-08-11,0.4111595153808594,736.9999537551446,2333.3858025955597,2242.0207896850843,3947.6485516496728,0.17678770938180396,0.27578770938180397,R1,6118.499389552355
171,2024-08-12,2024-08-12,6870.020833333333,0.0085317154675145,117.21518420333004,1789.6511847702088,0.3142640291243742,1722.0207323287152,0.3594754536946614,7.273391852565942e-06,718.1437500000001,0.2115454545454545,0.1299166666666666,0.115625,0.072,0.1535677835548686,0.0660271670873541,0.032151075214652,14.329545454545457,14.247916666666669,13.808333333333332,12.6,2.7069,718.1437500000001,69.51666666666667,12.108333333333334,2024-08-12,0.3594754536946614,730.5310063290704,2357.8129999842563,2268.711860433509,3983.9806925933894,0.17536811038546207,0.27436811038546205,R1,6182.903053374909
172,2024-08-13,2024-08-13,6963.791666666667,0.0084739538315187,118.01301408821524,1847.279426611605,0.2704979737366408,1771.1851784829114,0.3118120829264323,7.942866700113195e-06,716.84375,0.174590909090909,0.1244166666666666,0.114,0.072,0.1373195977069776,0.0474245834945721,0.0230927876845039,13.3,13.56875,13.5,12.6,1.2078999,716.84375,83.38333333333334,10.35,2024-08-13,0.3118120829264323,748.2559951518097,2433.7365201295115,2333.48457774617,4042.8187416197406,0.15681334855080695,0.25581334855080695,R1,6239.154445849271
173,2024-08-16,2024-08-16,7161.604166666667,0.0083561374122703,119.67724306313644,1890.4229720392232,0.2433728297087266,1834.0731330373549,0.2590548197428385,5.683322099297093e-06,717.9354166666667,0.1856818181818181,0.135875,0.1164999999999999,0.0712083333333333,0.1457163120941924,0.0570380002018381,0.0277739166388355,12.938636363636364,12.841666666666669,12.65,12.0,0.0,717.9354166666667,53.975,13.033333333333331,2024-08-16,0.2590548197428385,748.5831578647823,2490.5768771445078,2416.3376152837195,4174.467533195643,0.16640205199788224,0.26540205199788225,R1,6525.915000591182
174,2024-08-17,2024-08-17,7174.416666666667,0.0083491213209475,119.78210390915164,1848.765698722264,0.2608522960993115,1793.715028483776,0.2756996154785156,5.683301443077913e-06,719.25,0.1428181818181818,0.1222083333333333,0.112875,0.0708333333333333,0.1241270528258377,0.0323204099424959,0.0157380056856717,13.465909090909092,13.325,12.96875,12.0,0.0,719.25,51.23333333333333,13.308333333333332,2024-08-17,0.2756996154785156,733.7735501262623,2435.6946400882207,2363.166995008143,3986.6455572471505,0.14174800337602106,0.24074800337602106,R1,6212.139677659533
175,2024-08-18,2024-08-18,7058.5,0.008416997738674,118.81239676276812,1860.407221988905,0.2508184478543893,1790.9716321396756,0.2773577372233073,7.182232727426005e-06,720.2854166666666,0.1153181818181818,0.1080833333333333,0.1094583333333333,0.07,0.1082776298723821,0.0141743708616291,0.006902026602015,13.622727272727271,13.55625,13.14375,12.0,1.4483,720.2854166666666,67.27499999999999,12.508333333333333,2024-08-18,0.2773577372233073,746.0207118032687,2451.032005900782,2359.5526507050326,3936.038159693111,0.12364861241193653,0.22264861241193654,R1,6066.89416182143
176,2024-08-19,2024-08-19,7018.666666666667,0.0084410322562162,118.47580580126368,1846.5828796503567,0.261966416443021,1770.13573627147,0.2985877990722656,7.99991525251089e-06,720.4541666666668,0.1038181818181818,0.09725,0.107625,0.07,0.1000127321112155,0.0047118712984638,0.0022943847994909,13.379545454545456,13.170833333333334,12.96875,12.05,1.2595,720.4541666666668,78.03333333333333,12.191666666666665,2024-08-19,0.2985877990722656,754.552702119301,2432.81883991657,2332.1019683807667,3865.824160840989,0.11421043814547678,0.21321043814547677,R1,5921.837205100457
177,2024-08-20,2024-08-20,7187.770833333333,0.0083410499067362,119.89502638944025,1864.8421324650808,0.2477579269144782,1797.6331490333905,0.2714729309082031,6.924080221447263e-06,720.8520833333333,0.0966521739130434,0.0901666666666666,0.106,0.07,0.094648872507165,0.0014292233196315,0.000695941814181,13.822727272727274,13.777083333333332,13.385416666666666,12.15625,0.0,720.8520833333333,63.95,13.016666666666666,2024-08-20,0.2714729309082031,742.671293631647,2456.8748705123216,2368.3290040331435,3876.5045133253248,0.10808513047116784,0.20708513047116786,R1,5963.170092942652
178,2024-08-21,2024-08-21,7178.604166666667,0.0083486837645592,119.80752222906504,1847.2710914436088,0.2654855087848459,1774.714061136017,0.3036219278971354,7.595510612185096e-06,720.0395833333333,0.1546222222222222,0.0913333333333333,0.104,0.07,0.1167413700597681,0.0238645255544297,0.0116205221261023,13.725,13.708333333333334,13.34375,12.300000000000002,2.7977998,720.0395833333333,70.88333333333334,12.441666666666668,2024-08-21,0.3036219278971354,771.5180421006623,2433.725538789893,2338.13377724701,3948.9322281559716,0.13331385657380895,0.23231385657380896,R1,6084.946499389553
179,2024-08-22,2024-08-22,7019.166666666667,0.0084417557568796,118.47520706452536,1788.5678281252333,0.3179434787310252,1711.013708389608,0.3844045003255208,8.400706791632463e-06,718.4645833333334,0.2518181818181818,0.1245833333333333,0.1120833333333333,0.07,0.1663233534928299,0.0806310470691492,0.0392622457287414,13.186363636363636,13.314583333333331,13.16875,12.300000000000002,12.4045,718.4645833333334,89.51666666666667,10.033333333333331,2024-08-22,0.3844045003255208,757.8217877594448,2356.385709346349,2254.2104288944365,4031.794835175722,0.1899344480972429,0.2889344480972429,R1,6228.7133312176675
180,2024-08-23,2024-08-23,6903.854166666667,0.0085108754710534,117.5030413805203,1758.283630194944,0.348848948968834,1682.301782287753,0.4297955830891927,8.362759479596326e-06,717.0229166666667,0.2441818181818181,0.14025,0.119,0.0702916666666666,0.1699689716092959,0.0848049232417757,0.0412946607585309,12.61818181818182,12.827083333333334,12.825,12.300000000000002,4.9258,717.0229166666667,87.89999999999999,10.4,2024-08-23,0.4297955830891927,763.7574710688839,2316.4871658861603,2216.383307501374,3977.25489403003,0.194097594464744,0.293097594464744,R1,6147.384340728532
181,2024-08-24,2024-08-24,6963.125,0.0084744224023616,118.00707286285996,1768.963698255863,0.3363253957586112,1698.9477959786816,0.3972460428873698,7.632802159469988e-06,717.6520833333334,0.2384545454545454,0.1392916666666666,0.1191666666666666,0.0704166666666666,0.1675196370233537,0.0820006747054632,0.0399291681955639,12.811363636363636,12.810416666666669,12.71875,12.03125,2.6945999,717.6520833333334,81.2,10.333333333333334,2024-08-24,0.3972460428873698,762.8712034680038,2330.557842635375,2238.313942818684,3992.153394034925,0.19130055482468844,0.2903005548246884,R1,6193.26770779509
182,2024-08-25,2024-08-25,6919.375,0.0085016775482418,117.6334351703114,1773.568244728912,0.331395401691926,1707.3655097461378,0.382703145345052,7.181043860931099e-06,718.7083333333334,0.2407727272727272,0.138,0.118375,0.0703333333333333,0.1678109198284436,0.0823341650274937,0.0400915569955071,12.211363636363636,12.38125,12.49375,12.0,2.0326,718.7083333333334,77.40833333333333,9.866666666666667,2024-08-25,0.382703145345052,764.3189430333232,2336.6241977025393,2249.4040340721945,4003.6528839742264,0.19163318784141842,0.2906331878414184,R1,6224.859439529883
183,2024-08-26,2024-08-26,6834.958333333333,0.0085534836809646,116.9160908339393,1763.4137499026444,0.3425000351242964,1701.909880812252,0.3917249043782552,6.692906821411228e-06,720.1208333333334,0.2508636363636363,0.1377916666666666,0.118125,0.07,0.1715218732517447,0.0865828437361287,0.0421603961529329,11.738636363636363,11.8875,12.075,11.983333333333334,3.8521,720.1208333333334,71.875,10.233333333333333,2024-08-26,0.3917249043782552,761.2271966623623,2323.245948290925,2242.2164027992,3994.6728720778488,0.19587094444966077,0.2948709444496608,R1,6228.761432697276
184,2024-08-27,2024-08-27,6913.791666666667,0.0085047938534015,117.58740396786914,1786.6725721160328,0.3177476111540894,1731.3771700335135,0.346936543782552,5.915179156643525e-06,720.3249999999999,0.2339090909090909,0.1349166666666666,0.1168333333333333,0.07,0.1638333681620826,0.0777802574060041,0.0378740905658875,11.606818181818182,11.708333333333334,11.860416666666666,11.6,0.0,720.3249999999999,67.2,10.1,2024-08-27,0.346936543782552,758.2280514109406,2353.8887650843503,2281.0386929702913,4017.8974327712262,0.1870909869738709,0.28609098697387086,R1,6285.847521121798
185,2024-08-28,2024-08-28,7154.3125,0.0083613889192988,119.61152457873978,1794.50733104968,0.3107131222501416,1743.3972760930371,0.3326594034830729,5.429530721947706e-06,718.15625,0.1966363636363636,0.1287083333333333,0.1145,0.07,0.1470795617740552,0.058598787748515,0.0285339219521168,12.163636363636364,12.260416666666666,12.11875,11.6,0.0,718.15625,58.075,10.908333333333331,2024-08-28,0.3326594034830729,750.5239506846503,2364.210830424624,2296.8748305201757,3968.3054726986275,0.16795882721991773,0.2669588272199177,R1,6212.6137809493985
186,2024-08-29,2024-08-29,7356.4375,0.0082448816564314,121.29355951000696,1854.6249618125305,0.2558760006712953,1805.1519105799823,0.2649523417154948,5.077087747039753e-06,717.0020833333333,0.1664545454545454,0.1224166666666666,0.1131249999999999,0.07,0.1332238721758327,0.0427353783562579,0.0208094398786013,11.404545454545454,11.697916666666666,11.854166666666666,11.6,0.0,717.0020833333333,55.75,10.291666666666666,2024-08-29,0.2649523417154948,756.5988742718895,2443.4140475359527,2378.234752074549,4040.685220565482,0.15213619797646305,0.251136197976463,R1,6327.360704337681
187,2024-08-30,2024-08-30,7294.75,0.008279723693581,120.78365643709708,1861.497822494946,0.2511849462716958,1817.2227632763263,0.2551383972167969,4.508994661198841e-06,719.8145833333333,0.1409090909090909,0.11475,0.1104166666666666,0.07,0.1204048859024678,0.0280588928730524,0.0136629150544633,10.347727272727273,10.71875,11.210416666666667,11.44375,0.0,719.8145833333333,52.61666666666667,9.866666666666667,2024-08-30,0.2551383972167969,740.0908840743855,2452.4688401134017,2394.137746831591,3996.701207963993,0.137497441410611,0.236497441410611,R1,6262.133363898361
188,2024-08-31,2024-08-31,7319.104166666667,0.0082658898006218,120.98533762924244,1876.9824283300595,0.2386089606816966,1834.8765531166985,0.2400487263997396,4.251347083625813e-06,720.3708333333334,0.114590909090909,0.1031666666666666,0.1074583333333333,0.0697083333333333,0.1059619993685934,0.0115232004220495,0.0056110734387964,11.25,11.304166666666667,11.335416666666667,11.300000000000002,0.0,720.3708333333334,45.19166666666666,10.95,2024-08-31,0.2400487263997396,726.0075963984524,2472.8693546093878,2417.3960976984185,3959.5686362611154,0.12100425734995655,0.22000425734995657,R1,6184.899094793418
189,2024-09-01,2024-09-01,7368.854166666667,0.0082382381321921,121.39434476910526,1887.6732427660984,0.2311861187755213,1840.3580947029943,0.2361030578613281,4.761159182580383e-06,720.2791666666667,0.0958695652173913,0.090125,0.104625,0.068,0.0938789176491456,0.0023107463242956,0.0011251880423117,11.604545454545455,11.835416666666667,11.752083333333331,11.300000000000002,0.0,720.2791666666667,51.34166666666667,10.6,2024-09-01,0.2361030578613281,731.3791291048508,2486.9541893929595,2424.6178681317347,3919.915073372899,0.10720587360226393,0.20620587360226392,R1,6097.648857622653
190,2024-09-02,2024-09-02,7501.0,0.0081648090209668,122.4807141009964,1906.309305333116,0.2177323817362998,1859.368772382845,0.221655527750651,4.676875206034358e-06,719.9666666666667,0.0888260869565217,0.083125,0.1015833333333333,0.068,0.0882729840369316,0.0087289920049563,0.0042504697820542,11.05,11.060416666666669,11.2625,11.300000000000002,0.0,719.9666666666667,49.05833333333334,11.083333333333334,2024-09-02,0.221655527750651,737.1907563406943,2511.5066557970067,2449.6638789708904,3928.4765472417735,0.10080412733906371,0.19980412733906372,R1,6104.256555979715
191,2024-09-03,2024-09-03,7393.395833333333,0.0082242720855482,121.59772660651528,1891.288122082656,0.2284090092245753,1832.72458694491,0.2417653401692708,5.920511154324995e-06,719.0437499999999,0.0869130434782608,0.080375,0.1001666666666666,0.068,0.086347817088202,0.0109331198644644,0.0053237413416231,11.947727272727274,11.914583333333333,11.65625,11.18125,0.0,719.0437499999999,69.20833333333333,10.15,2024-09-03,0.2417653401692708,742.840455840284,2491.716686978235,2414.5609453186994,3887.103551713566,0.09860566564247598,0.19760566564247597,R1,5996.789588719846
192,2024-09-04,2024-09-04,7421.916666666667,0.0082085989739497,121.83133346881084,1903.907009991033,0.219694560652908,1848.062152074279,0.2299715677897135,5.594633538993092e-06,719.3166666666666,0.0848717948717948,0.0784,0.0999,0.068,0.0848772518669559,0.0126167732097036,0.0061435745667343,11.321052631578947,11.645,11.905,11.2925,0.0,719.3166666666666,59.41666666666666,10.433333333333334,2024-09-04,0.2299715677897135,737.219875842781,2508.3417020699526,2434.767737993091,3904.975237101709,0.09692634047362397,0.19592634047362398,R1,6031.941899086498
193,2024-09-05,2024-09-05,7077.791666666667,0.0084066214849555,118.96941372497916,1895.9674564703628,0.2260479789651917,1831.255384430996,0.2442957560221354,6.5473264538164814e-06,720.9770833333333,0.0835652173913043,0.0769166666666666,0.0986666666666666,0.0662083333333333,0.0834938822433211,0.0142005961241074,0.0069147966544595,11.206818181818182,11.55625,11.64375,11.300000000000002,2.2103999,720.9770833333333,81.74166666666666,7.708333333333333,2024-09-05,0.2442957560221354,744.6843104544167,2497.8815729317093,2412.6253140535705,3881.0953106674765,0.09534658910100094,0.19434658910100094,R1,5963.833920793171
194,2024-09-06,2024-09-06,6917.375,0.0085027367515503,117.61719851988128,1871.6337500496672,0.2429301610562283,1816.5095828751244,0.2554842631022135,5.624672870516336e-06,721.9416666666666,0.0893478260869565,0.0774583333333333,0.0987083333333333,0.0670416666666666,0.085950151796878,0.0113884077281716,0.0055454378795194,10.259090909090908,10.510416666666666,10.925,11.21875,0.81869996,721.9416666666666,71.91666666666667,8.408333333333333,2024-09-06,0.2554842631022135,740.161404110999,2465.8226276887663,2393.1981525488627,3844.569456208281,0.0981515481896415,0.1971515481896415,R1,5940.8844176060875
195,2024-09-07,2024-09-07,7030.354166666667,0.0084339060328064,118.57490192908404,1883.982436847599,0.2333810481009689,1830.3851543102749,0.2433357238769531,5.42373947623863e-06,719.8458333333333,0.0854782608695652,0.0775833333333333,0.099125,0.066,0.0845245798440484,0.0130205481817767,0.0063401875681636,11.53181818181818,11.53125,11.295833333333334,11.0,0.0,719.8458333333333,59.89166666666667,10.425,2024-09-07,0.2433357238769531,730.4456707339941,2482.0916607342397,2411.4788113668596,3862.188965138991,0.09652360348796574,0.19552360348796574,R1,5970.594430026188
196,2024-09-08,2024-09-08,7227.5,0.0083183346168403,120.22476801668353,1906.683375157995,0.2183334208479193,1855.615832834509,0.2253087361653646,5.096956647362391e-06,717.8354166666667,0.081695652173913,0.0764166666666666,0.098375,0.0660833333333333,0.0825449599031424,0.015287019391387,0.0074438164159016,11.629545454545454,11.664583333333333,11.50625,11.0,0.0,717.8354166666667,56.675,10.475,2024-09-08,0.2253087361653646,728.567948344805,2511.999481831212,2444.719491075348,3897.7676120406722,0.09426295870764936,0.19326295870764937,R1,6032.4199421875755
197,2024-09-09,2024-09-09,7269.125,0.0082943427895475,120.57115480771,1946.99171156157,0.1926749040911687,1896.7810790473245,0.1977882385253906,4.900898255567734e-06,717.94375,0.0794782608695652,0.0748333333333333,0.0972083333333333,0.066,0.0809253603112199,0.0171413025142924,0.0083467356048306,11.222727272727273,11.33125,11.370833333333332,11.0,0.0,717.94375,55.8,9.891666666666667,2024-09-09,0.1977882385253906,733.5904066688738,2565.104534027342,2498.9534968380917,3970.949071921028,0.09241344239998557,0.19141344239998556,R1,6151.690035787552
198,2024-09-10,2024-09-10,7257.520833333333,0.0083009159299308,120.47514824864726,1927.0473238062675,0.205032908966526,1870.8428705640529,0.214483896891276,5.560812057608853e-06,716.8333333333334,0.0776086956521739,0.0734583333333333,0.096125,0.066,0.0795301418132698,0.0187386912308722,0.0091245633845057,11.222727272727273,11.36875,11.325,11.0,0.478,716.8333333333334,64.53333333333333,9.466666666666669,2024-09-10,0.214483896891276,725.37486055138,2538.8283875210514,2464.7806671388716,3922.364624632182,0.09082016009886458,0.18982016009886457,R1,6050.090444999505
199,2024-09-11,2024-09-11,7511.208333333333,0.0081597623957217,122.56150925480766,1919.92893421176,0.2089683709847879,1864.933879991535,0.2178522745768229,5.46043869561124e-06,713.49375,0.0764782608695652,0.0728333333333333,0.0952916666666666,0.066,0.078712718119416,0.0196745614097334,0.0095802732663474,11.222727272727273,11.397916666666667,11.35,11.0,3.1137998,713.49375,64.44166666666666,8.875,2024-09-11,0.2178522745768229,723.8233779413405,2529.4501177958045,2456.995745190265,3903.24007957727,0.0898866957663262,0.1888866957663262,R1,6023.312009137344
200,2024-09-12,2024-09-12,7910.208333333333,0.0079516953570526,125.77259407780832,1919.9449266004497,0.2104730117320746,1875.454574935294,0.2128753662109375,4.3972991255830334e-06,708.3312500000001,0.0753478260869565,0.071625,0.094,0.06575,0.0775880383167178,0.0209622097811066,0.0102072769901823,10.081818181818182,10.316666666666666,10.68125,10.9875,1.8899,708.3312500000001,47.775,10.941666666666668,2024-09-12,0.2128753662109375,716.1791638882269,2529.4711872993335,2470.8564525271804,3896.8701740452334,0.0886023575592998,0.1876023575592998,R1,6043.8049079972025
201,2024-09-13,2024-09-13,7896.104166666667,0.0079584242568615,125.6623578722289,1972.374891160447,0.17826644594907,1936.185847066729,0.1756718953450521,3.4614839949205164e-06,710.7312499999999,0.0744782608695652,0.0710833333333333,0.0935416666666666,0.064,0.0768482336460651,0.0218092137701664,0.0106197146300305,11.084090909090907,11.09375,10.95,10.699999999999998,0.0,710.7312499999999,41.98333333333333,9.5,2024-09-13,0.1756718953450521,720.3122519637199,2598.5461294334614,2550.868124162212,3998.943785293965,0.08775753096778786,0.18675753096778788,R1,6231.29139631491
202,2024-09-14,2024-09-14,7682.541666666667,0.0080680803968016,123.95239494919646,1963.6476022209167,0.1831574222789395,1928.232450194867,0.1800448099772135,3.402575124562566e-06,714.6999999999999,0.0729565217391304,0.0702916666666666,0.0933333333333333,0.064,0.0759671758541473,0.0228179387673851,0.0111109002235843,11.072727272727272,11.135416666666666,11.066666666666668,10.699999999999998,0.0,714.6999999999999,42.266666666666666,9.05,2024-09-14,0.1800448099772135,716.3532105261087,2587.0481819611523,2540.389756814377,3976.0844044284686,0.08675139910515141,0.1857513991051514,R1,6186.367351455241
203,2024-09-15,2024-09-15,7697.895833333333,0.00806015687014,124.07556204558068,1973.0980099223784,0.1777361499493277,1929.3242142063807,0.179541269938151,4.214151460316384e-06,714.7354166666668,0.0715652173913043,0.0698333333333333,0.092875,0.064,0.0751867521105705,0.0237114476220714,0.0115459828063941,11.177272727272728,11.547916666666666,11.377083333333331,10.75,0.0,714.7354166666668,49.74166666666667,8.566666666666666,2024-09-15,0.179541269938151,721.14836564679,2599.4988172152616,2541.8281239113667,3990.6078627236498,0.08586018719831215,0.18486018719831215,R1,6190.620965156874
204,2024-09-16,2024-09-16,7329.260869565217,0.0081268740674984,123.05253885085594,1937.0957796601024,0.1982182660635391,1880.855242365964,0.2072803586028343,5.537472416743165e-06,713.1541666666667,0.0703181818181818,0.0687826086956521,0.0921304347826086,0.064,0.0742085691841643,0.0248313713986612,0.0120913152076492,9.52142857142857,10.002173913043478,10.504347826086956,10.7,1.8944999,713.1541666666667,65.72500000000001,8.575,2024-09-16,0.2072803586028343,715.4996271994853,2552.066933693378,2477.9716736300347,3912.097887588785,0.08474314241558344,0.18374314241558345,R1,6023.99559477304
205,2024-09-17,2024-09-17,7556.708333333333,0.0081350323999402,122.93281052559117,1923.9960639113808,0.2068391350850051,1866.2125074012329,0.2176106770833333,5.734086724761313e-06,710.4604166666667,0.0709166666666666,0.0686666666666666,0.0918333333333333,0.063875,0.0743247607763998,0.0246983433900223,0.0120265389390301,9.797916666666667,10.0,10.225,10.5625,1.3772,710.4604166666667,66.43333333333334,8.950000000000001,2024-09-17,0.2176106770833333,714.3973291026498,2534.808442010039,2458.6802993393517,3886.3151711227474,0.08487582844843054,0.18387582844843056,R1,5978.129304801132
206,2024-09-18,2024-09-18,7648.895833333333,0.0080854201981186,123.6826309222188,1929.931183804948,0.2025461741167954,1896.0037510790191,0.1978848775227864,3.3143613714366257e-06,709.69375,0.0702499999999999,0.0678333333333333,0.0913333333333333,0.063,0.0736262485618862,0.0254980715555366,0.0124159562279274,8.122916666666667,8.725,9.5,10.3875,2.7972999,709.69375,48.79166666666666,6.508333333333333,2024-09-18,0.1978848775227864,722.0108455323967,2542.6277885735512,2497.929390015199,3894.240220548556,0.08407815614825928,0.18307815614825929,R1,6065.6135218614545
207,2024-09-19,2024-09-19,7563.458333333333,0.0081311004441324,122.9892155054936,1938.2558091281653,0.1974855937754818,1901.3723751824416,0.1947148640950521,3.5929737877187715e-06,712.5895833333334,0.07075,0.0680416666666666,0.0912083333333333,0.062,0.073780536105658,0.0253214274084786,0.0123299416447063,8.822916666666666,9.066666666666666,9.402083333333334,10.1,0.0,712.5895833333334,49.45,7.425,2024-09-19,0.1947148640950521,713.3787362090148,2553.595238529225,2505.002394973259,3911.940127264002,0.08425434619529222,0.1832543461952922,R1,6083.11849538001
208,2024-09-20,2024-09-20,7636.125,0.0080927227877182,123.57654615871006,1954.572653173,0.1879823024116879,1914.6841803843995,0.1872507731119791,3.863007430601678e-06,712.4958333333334,0.0719583333333333,0.0688333333333333,0.0917083333333333,0.062,0.0746067233315881,0.0243755238425339,0.0118693461347662,11.0875,10.627083333333331,10.11875,10.0875,0.0,712.4958333333334,44.91666666666666,10.308333333333334,2024-09-20,0.1872507731119791,712.8628026714476,2575.0922024823244,2522.5403082971143,3949.7353530075256,0.08519781812203395,0.18419781812203395,R1,6136.924709671895
209,2024-09-21,2024-09-21,7711.0,0.0080533496899045,124.1809227868891,1959.8753188442672,0.1852332906565057,1920.1126745381143,0.1846872965494791,3.843646858199725e-06,711.5020833333333,0.0704583333333333,0.0685,0.0918333333333333,0.062,0.0739545814843757,0.0251221624728826,0.0122329121610164,10.360416666666667,10.86875,10.804166666666667,10.11875,0.0,711.5020833333333,51.36666666666667,7.3,2024-09-21,0.1846872965494791,741.2385926319665,2582.078309138572,2529.69219029227,3956.602930762585,0.08445309887948485,0.18345309887948485,R1,6146.757492138084
210,2024-09-22,2024-09-22,6977.020833333333,0.0084660574975211,118.12439793232092,1797.6566875793887,0.3063246313920753,1749.0456695686753,0.3231480916341145,5.145951979129376e-06,712.9979166666667,0.2483333333333333,0.1305833333333333,0.1130833333333333,0.0637916666666666,0.1666603915633192,0.0810169226948296,0.0394501428749016,6.33125,7.270833333333333,8.685416666666667,10.075,17.4012,712.9979166666667,88.825,2.7916666666666665,2024-09-22,0.3231480916341145,745.5638370489297,2368.360015377828,2304.316423429017,4053.5876104368235,0.190319331750451,0.289319331750451,R1,6369.325834707884
211,2024-09-23,2024-09-23,7028.958333333333,0.0084349777319002,118.56204100368512,1817.381981080924,0.2878356276545113,1770.625445126555,0.2992731730143229,4.894511645747377e-06,714.2312499999999,0.231625,0.1424166666666666,0.11725,0.0659166666666666,0.1651392018726261,0.0792753092835533,0.0386020867451163,7.354166666666667,7.633333333333333,8.25,9.69375,0.0008,714.2312499999999,77.05833333333334,5.166666666666667,2024-09-23,0.2992731730143229,747.6436203316921,2394.3475116241407,2332.7471454490988,4092.1019300109883,0.1885821955138042,0.28758219551380415,R1,6437.474944450398
212,2024-09-24,2024-09-24,7154.604166666667,0.0083601400185586,119.61914124253047,1828.397632387857,0.2771814422794145,1782.9203731583336,0.2848904927571614,4.723413231009853e-06,715.1416666666668,0.2095833333333333,0.141625,0.116,0.066,0.1561864391547124,0.0690252716236291,0.0336109634500452,8.612499999999999,8.674999999999999,8.768749999999999,9.5,0.0,715.1416666666668,65.91666666666667,6.958333333333333,2024-09-24,0.2848904927571614,734.5696283438983,2408.8603094675454,2348.945352895272,4080.957627151033,0.17835850767885553,0.2773585076788555,R1,6420.342753516077
213,2024-09-25,2024-09-25,7205.270833333333,0.0083308012008609,120.0414349245306,1862.166606778831,0.2498444130627938,1812.433814040425,0.2584126790364583,5.082700161164997e-06,716.7166666666667,0.1887916666666666,0.139,0.114625,0.066,0.1470920457477642,0.058613080677379,0.028540881709005,9.625,9.483333333333333,9.3125,9.5,0.0,716.7166666666667,59.91666666666666,10.025,2024-09-25,0.2584126790364583,731.3042763650551,2453.349943812351,2387.8284465272845,4117.97810417534,0.16797308340587527,0.2669730834058753,R1,6459.092696201834
214,2024-09-26,2024-09-26,7242.395833333333,0.0083094655964928,120.3500823576456,1882.5720305057137,0.2344498185298649,1834.341384043,0.2403297424316406,4.870533528202134e-06,716.3270833333332,0.1699583333333333,0.13525,0.1135416666666666,0.066,0.1384521554109005,0.0487212512923256,0.0237241833013844,10.575,10.4375,10.08125,9.5625,0.0,716.3270833333332,52.53333333333333,11.166666666666666,2024-09-26,0.2403297424316406,731.3605326897863,2480.233491703058,2416.691028124027,4125.1217843748445,0.15810668299792746,0.25710668299792744,R1,6471.029146033323
215,2024-09-27,2024-09-27,7233.020833333333,0.0083147484021923,120.27264758233991,1878.373044698291,0.2374344129622016,1832.1467665940409,0.2418708801269531,4.6722131038776935e-06,717.6979166666666,0.1535833333333333,0.1311666666666666,0.1120416666666666,0.066,0.1305529842191931,0.0396774728801956,0.0193204323488658,10.54375,10.595833333333331,10.40625,9.8,0.0,717.6979166666666,50.333333333333336,10.841666666666669,2024-09-27,0.2418708801269531,717.0508471308266,2474.7014509301175,2413.7996839362977,4080.2537766161286,0.14908615347386836,0.24808615347386836,R1,6399.340196336071
216,2024-09-28,2024-09-28,7220.333333333333,0.0083220355339328,120.16719030827134,1895.0119368098296,0.2255091204705196,1848.3244231489923,0.2296460469563802,4.678966738198093e-06,718.9812499999999,0.139875,0.126875,0.1109166666666666,0.066,0.1236904354091114,0.0318205257050338,0.015494593520252,10.6125,10.5625,10.40625,9.925,0.0,718.9812499999999,47.88333333333333,11.958333333333334,2024-09-28,0.2296460469563802,722.2506136088892,2496.62270377524,2435.1132724496047,4084.304665338593,0.1412494041935609,0.24024940419356092,R1,6397.633716561776
217,2024-09-29,2024-09-29,7354.708333333333,0.0082458859434811,121.27913655472572,1916.60204963156,0.2112301665125474,1868.0701306307865,0.2161064147949218,4.815020851521301e-06,718.5583333333334,0.1272083333333333,0.121625,0.1092083333333333,0.066,0.1167902257514608,0.0239204605429389,0.0116477589454605,11.35,11.1875,10.8,10.09375,0.0,718.5583333333334,47.84166666666667,12.45,2024-09-29,0.2161064147949218,717.1670686875758,2525.0670448375677,2461.1276635167883,4097.3816819338945,0.13336964776995303,0.23236964776995303,R1,6405.454887035379
218,2024-09-30,2024-09-30,7415.0,0.0082116309795662,121.77848742696716,1920.6116442928603,0.2079681524382031,1875.9394542079565,0.209930419921875,4.4098586310684185e-06,716.7,0.124,0.12,0.108,0.066,0.1147754422027861,0.0216137304417167,0.0105245265510405,16.0,13.5,11.0,10.1,0.0,716.7,32.0,16.2,2024-09-30,0.209930419921875,714.8292464440152,2530.349568324565,2471.4952667621756,4096.004488645036,0.1310688475917662,0.2300688475917662,R1,6414.511340588021
219,2023-06-27,,,,,,,,,,,,,,,,,,,,,,,,,,,,686.6837592100563,,,,,,R1,
220,2023-06-28,,,,,,,,,,,,,,,,,,,,,,,,,,,,697.821506508045,,,,,,R1,
221,2023-06-29,,,,,,,,,,,,,,,,,,,,,,,,,,,,694.9784929956232,,,,,,R1,
222,2023-06-30,,,,,,,,,,,,,,,,,,,,,,,,,,,,699.3156000612672,,,,,,R1,
223,2023-10-13,,,,,,,,,,,,,,,,,,,,,,,,,,,,811.2144257908568,,,,,,R1,
224,2023-10-14,,,,,,,,,,,,,,,,,,,,,,,,,,,,814.3036675617732,,,,,,R1,
225,2023-10-15,,,,,,,,,,,,,,,,,,,,,,,,,,,,802.5028062942853,,,,,,R1,
226,2024-05-30,,,,,,,,,,,,,,,,,,,,,,,,,,,,694.8899767823658,,,,,,R1,
227,2024-05-31,,,,,,,,,,,,,,,,,,,,,,,,,,,,694.8179882875775,,,,,,R1,
228,2024-06-01,,,,,,,,,,,,,,,,,,,,,,,,,,,,687.1132340115378,,,,,,R1,
229,2024-06-02,,,,,,,,,,,,,,,,,,,,,,,,,,,,687.7911804879815,,,,,,R1,
230,2024-06-04,,,,,,,,,,,,,,,,,,,,,,,,,,,,695.6188151261795,,,,,,R1,
231,2024-07-01,,,,,,,,,,,,,,,,,,,,,,,,,,,,739.5243831224961,,,,,,R1,
232,2024-07-02,,,,,,,,,,,,,,,,,,,,,,,,,,,,736.5065918347931,,,,,,R1,
233,2024-08-15,,,,,,,,,,,,,,,,,,,,,,,,,,,,755.5672982467075,,,,,,R1,
