,date,Unnamed: 0,Date (aggregated based on UTC),Raw_Moderated_cph,Raw_Mod_Coeff_of_Var,Raw_Mod_sqrt,Corrected_Mod_cph_for_Des,SWC_Des_cm3_cm3,Corrected_Mod_cph_for_UTS,SWC_UTS_cm3_cm3,Rhov_g_cm3,BaroPress_mb,SWC_5,SWC_10,WeightedTDR_SWC,WeightedTDR_SD,WeightedTDR_SE,sT_5,sT_10,PRISM_ppt_mm,BaroPress,airRH,airT,date.1,CRNS,Bare,scaled_stationary_N_Des,scaled_stationary_N_UTS,N0,TDR_pore_swc_g,TDR_tot_swc_g,NewName,ND,doy_x,doy_y,min_temp_x,mean_temp,mean_P_mb,mean_RH,cumulative_GSI,GSI,VPD,year,min_temp_y,max_temp,GDD,cumulative_GDD,Bare_norm,Bare_norm7,VPD_kPa,N0_7,ND_7,VPD_7
186,2024-01-01,,,,,,,,,,,,,,,,,,,,,,,,,,,,,,,,,,,,,,,,,,,,,,,,,,,,
187,2024-01-02,,,,,,,,,,,,,,,,,,,,,,,,,,,,,,,,,,,,,,,,,,,,,,,,,,,,
188,2024-01-03,,,,,,,,,,,,,,,,,,,,,,,,,,,,,,,,,,,,,,,,,,,,,,,,,,,,
189,2024-01-04,,,,,,,,,,,,,,,,,,,,,,,,,,,,,,,,,,,,,,,,,,,,,,,,,,,,
190,2024-01-05,,,,,,,,,,,,,,,,,,,,,,,,,,,,,,,,,,,,,,,,,,,,,,,,,,,,
191,2024-01-06,,,,,,,,,,,,,,,,,,,,,,,,,,,,,,,,,,,,,,,,,,,,,,,,,,,,
192,2024-01-07,,,,,,,,,,,,,,,,,,,,,,,,,,,,,,,,,,,,,,,,,,,,,,,,,,,,
193,2024-01-08,,,,,,,,,,,,,,,,,,,,,,,,,,,,,,,,,,,,,,,,,,,,,,,,,,,,
194,2024-01-09,,,,,,,,,,,,,,,,,,,,,,,,,,,,,,,,,,,,,,,,,,,,,,,,,,,,
195,2024-01-10,,,,,,,,,,,,,,,,,,,,,,,,,,,,,,,,,,,,,,,,,,,,,,,,,,,,
196,2024-01-11,,,,,,,,,,,,,,,,,,,,,,,,,,,,,,,,,,,,,,,,,,,,,,,,,,,,
197,2024-01-12,,,,,,,,,,,,,,,,,,,,,,,,,,,,,,,,,,,,,,,,,,,,,,,,,,,,
198,2024-01-13,,,,,,,,,,,,,,,,,,,,,,,,,,,,,,,,,,,,,,,,,,,,,,,,,,,,
199,2024-01-14,,,,,,,,,,,,,,,,,,,,,,,,,,,,,,,,,,,,,,,,,,,,,,,,,,,,
200,2024-01-15,,,,,,,,,,,,,,,,,,,,,,,,,,,,,,,,,,,,,,,,,,,,,,,,,,,,
201,2024-01-16,,,,,,,,,,,,,,,,,,,,,,,,,,,,,,,,,,,,,,,,,,,,,,,,,,,,
202,2024-01-17,,,,,,,,,,,,,,,,,,,,,,,,,,,,,,,,,,,,,,,,,,,,,,,,,,,,
203,2024-01-18,,,,,,,,,,,,,,,,,,,,,,,,,,,,,,,,,,,,,,,,,,,,,,,,,,,,
204,2024-01-19,,,,,,,,,,,,,,,,,,,,,,,,,,,,,,,,,,,,,,,,,,,,,,,,,,,,
205,2024-01-20,,,,,,,,,,,,,,,,,,,,,,,,,,,,,,,,,,,,,,,,,,,,,,,,,,,,
206,2024-01-21,,,,,,,,,,,,,,,,,,,,,,,,,,,,,,,,,,,,,,,,,,,,,,,,,,,,
207,2024-01-22,,,,,,,,,,,,,,,,,,,,,,,,,,,,,,,,,,,,,,,,,,,,,,,,,,,,
208,2024-01-23,,,,,,,,,,,,,,,,,,,,,,,,,,,,,,,,,,,,,,,,,,,,,,,,,,,,
209,2024-01-24,,,,,,,,,,,,,,,,,,,,,,,,,,,,,,,,,,,,,,,,,,,,,,,,,,,,
210,2024-01-25,,,,,,,,,,,,,,,,,,,,,,,,,,,,,,,,,,,,,,,,,,,,,,,,,,,,
211,2024-01-26,,,,,,,,,,,,,,,,,,,,,,,,,,,,,,,,,,,,,,,,,,,,,,,,,,,,
212,2024-01-27,,,,,,,,,,,,,,,,,,,,,,,,,,,,,,,,,,,,,,,,,,,,,,,,,,,,
213,2024-01-28,,,,,,,,,,,,,,,,,,,,,,,,,,,,,,,,,,,,,,,,,,,,,,,,,,,,
214,2024-01-29,,,,,,,,,,,,,,,,,,,,,,,,,,,,,,,,,,,,,,,,,,,,,,,,,,,,
215,2024-01-30,,,,,,,,,,,,,,,,,,,,,,,,,,,,,,,,,,,,,,,,,,,,,,,,,,,,
216,2024-01-31,,,,,,,,,,,,,,,,,,,,,,,,,,,,,,,,,,,,,,,,,,,,,,,,,,,,
217,2024-02-01,,,,,,,,,,,,,,,,,,,,,,,,,,,,,,,,,,,,,,,,,,,,,,,,,,,,
218,2024-02-02,,,,,,,,,,,,,,,,,,,,,,,,,,,,,,,,,,,,,,,,,,,,,,,,,,,,
219,2024-02-03,,,,,,,,,,,,,,,,,,,,,,,,,,,,,,,,,,,,,,,,,,,,,,,,,,,,
220,2024-02-04,,,,,,,,,,,,,,,,,,,,,,,,,,,,,,,,,,,,,,,,,,,,,,,,,,,,
221,2024-02-05,,,,,,,,,,,,,,,,,,,,,,,,,,,,,,,,,,,,,,,,,,,,,,,,,,,,
222,2024-02-06,,,,,,,,,,,,,,,,,,,,,,,,,,,,,,,,,,,,,,,,,,,,,,,,,,,,
223,2024-02-07,,,,,,,,,,,,,,,,,,,,,,,,,,,,,,,,,,,,,,,,,,,,,,,,,,,,
224,2024-02-08,,,,,,,,,,,,,,,,,,,,,,,,,,,,,,,,,,,,,,,,,,,,,,,,,,,,
225,2024-02-09,,,,,,,,,,,,,,,,,,,,,,,,,,,,,,,,,,,,,,,,,,,,,,,,,,,,
226,2024-02-10,,,,,,,,,,,,,,,,,,,,,,,,,,,,,,,,,,,,,,,,,,,,,,,,,,,,
227,2024-02-11,,,,,,,,,,,,,,,,,,,,,,,,,,,,,,,,,,,,,,,,,,,,,,,,,,,,
228,2024-02-12,,,,,,,,,,,,,,,,,,,,,,,,,,,,,,,,,,,,,,,,,,,,,,,,,,,,
229,2024-02-13,,,,,,,,,,,,,,,,,,,,,,,,,,,,,,,,,,,,,,,,,,,,,,,,,,,,
230,2024-02-14,,,,,,,,,,,,,,,,,,,,,,,,,,,,,,,,,,,,,,,,,,,,,,,,,,,,
231,2024-02-15,,,,,,,,,,,,,,,,,,,,,,,,,,,,,,,,,,,,,,,,,,,,,,,,,,,,
232,2024-02-16,,,,,,,,,,,,,,,,,,,,,,,,,,,,,,,,,,,,,,,,,,,,,,,,,,,,
233,2024-02-17,,,,,,,,,,,,,,,,,,,,,,,,,,,,,,,,,,,,,,,,,,,,,,,,,,,,
234,2024-02-18,,,,,,,,,,,,,,,,,,,,,,,,,,,,,,,,,,,,,,,,,,,,,,,,,,,,
235,2024-02-19,,,,,,,,,,,,,,,,,,,,,,,,,,,,,,,,,,,,,,,,,,,,,,,,,,,,
236,2024-02-20,,,,,,,,,,,,,,,,,,,,,,,,,,,,,,,,,,,,,,,,,,,,,,,,,,,,
237,2024-02-21,,,,,,,,,,,,,,,,,,,,,,,,,,,,,,,,,,,,,,,,,,,,,,,,,,,,
238,2024-02-22,,,,,,,,,,,,,,,,,,,,,,,,,,,,,,,,,,,,,,,,,,,,,,,,,,,,
239,2024-02-23,,,,,,,,,,,,,,,,,,,,,,,,,,,,,,,,,,,,,,,,,,,,,,,,,,,,
240,2024-02-24,,,,,,,,,,,,,,,,,,,,,,,,,,,,,,,,,,,,,,,,,,,,,,,,,,,,
241,2024-02-25,,,,,,,,,,,,,,,,,,,,,,,,,,,,,,,,,,,,,,,,,,,,,,,,,,,,
242,2024-02-26,,,,,,,,,,,,,,,,,,,,,,,,,,,,,,,,,,,,,,,,,,,,,,,,,,,,
243,2024-02-27,,,,,,,,,,,,,,,,,,,,,,,,,,,,,,,,,,,,,,,,,,,,,,,,,,,,
244,2024-02-28,,,,,,,,,,,,,,,,,,,,,,,,,,,,,,,,,,,,,,,,,,,,,,,,,,,,
245,2024-02-29,,,,,,,,,,,,,,,,,,,,,,,,,,,,,,,,,,,,,,,,,,,,,,,,,,,,
246,2024-03-01,,,,,,,,,,,,,,,,,,,,,,,,,,,,,,,,,,,,,,,,,,,,,,,,,,,,
247,2024-03-02,,,,,,,,,,,,,,,,,,,,,,,,,,,,,,,,,,,,,,,,,,,,,,,,,,,,
248,2024-03-03,,,,,,,,,,,,,,,,,,,,,,,,,,,,,,,,,,,,,,,,,,,,,,,,,,,,
249,2024-03-04,,,,,,,,,,,,,,,,,,,,,,,,,,,,,,,,,,,,,,,,,,,,,,,,,,,,
250,2024-03-05,,,,,,,,,,,,,,,,,,,,,,,,,,,,,,,,,,,,,,,,,,,,,,,,,,,,
251,2024-03-06,,,,,,,,,,,,,,,,,,,,,,,,,,,,,,,,,,,,,,,,,,,,,,,,,,,,
252,2024-03-07,,,,,,,,,,,,,,,,,,,,,,,,,,,,,,,,,,,,,,,,,,,,,,,,,,,,
253,2024-03-08,,,,,,,,,,,,,,,,,,,,,,,,,,,,,,,,,,,,,,,,,,,,,,,,,,,,
254,2024-03-09,,,,,,,,,,,,,,,,,,,,,,,,,,,,,,,,,,,,,,,,,,,,,,,,,,,,
255,2024-03-10,,,,,,,,,,,,,,,,,,,,,,,,,,,,,,,,,,,,,,,,,,,,,,,,,,,,
256,2024-03-11,,,,,,,,,,,,,,,,,,,,,,,,,,,,,,,,,,,,,,,,,,,,,,,,,,,,
257,2024-03-12,,,,,,,,,,,,,,,,,,,,,,,,,,,,,,,,,,,,,,,,,,,,,,,,,,,,
258,2024-03-13,,,,,,,,,,,,,,,,,,,,,,,,,,,,,,,,,,,,,,,,,,,,,,,,,,,,
259,2024-03-14,,,,,,,,,,,,,,,,,,,,,,,,,,,,,,,,,,,,,,,,,,,,,,,,,,,,
260,2024-03-15,,,,,,,,,,,,,,,,,,,,,,,,,,,,,,,,,,,,,,,,,,,,,,,,,,,,
261,2024-03-16,,,,,,,,,,,,,,,,,,,,,,,,,,,,,,,,,,,,,,,,,,,,,,,,,,,,
262,2024-03-17,,,,,,,,,,,,,,,,,,,,,,,,,,,,,,,,,,,,,,,,,,,,,,,,,,,,
263,2024-03-18,,,,,,,,,,,,,,,,,,,,,,,,,,,,,,,,,,,,,,,,,,,,,,,,,,,,
264,2024-03-19,,,,,,,,,,,,,,,,,,,,,,,,,,,,,,,,,,,,,,,,,,,,,,,,,,,,
265,2024-03-20,,,,,,,,,,,,,,,,,,,,,,,,,,,,,,,,,,,,,,,,,,,,,,,,,,,,
266,2024-03-21,,,,,,,,,,,,,,,,,,,,,,,,,,,,,,,,,,,,,,,,,,,,,,,,,,,,
267,2024-03-22,,,,,,,,,,,,,,,,,,,,,,,,,,,,,,,,,,,,,,,,,,,,,,,,,,,,
268,2024-03-23,,,,,,,,,,,,,,,,,,,,,,,,,,,,,,,,,,,,,,,,,,,,,,,,,,,,
269,2024-03-24,,,,,,,,,,,,,,,,,,,,,,,,,,,,,,,,,,,,,,,,,,,,,,,,,,,,
270,2024-03-25,,,,,,,,,,,,,,,,,,,,,,,,,,,,,,,,,,,,,,,,,,,,,,,,,,,,
271,2024-03-26,,,,,,,,,,,,,,,,,,,,,,,,,,,,,,,,,,,,,,,,,,,,,,,,,,,,
272,2024-03-27,,,,,,,,,,,,,,,,,,,,,,,,,,,,,,,,,,,,,,,,,,,,,,,,,,,,
273,2024-03-28,,,,,,,,,,,,,,,,,,,,,,,,,,,,,,,,,,,,,,,,,,,,,,,,,,,,
274,2024-03-29,295.0,,,,,,,,,,,,,,,,,,,,,,,,804.877355631917,,,,,,F4,,89.0,,,,,,,,,,,,,,,,,,,
275,2024-03-30,296.0,,,,,,,,,,,,,,,,,,,,,,,,803.33579554698,,,,,,F4,,90.0,,,,,,,,,,,,,,,,,,,
276,2024-03-31,297.0,,,,,,,,,,,,,,,,,,,,,,,,804.3356541246915,,,,,,F4,,91.0,,,,,,,,,,,,,,0.9550164619738437,,,,,
277,2024-04-01,298.0,,,,,,,,,,,,,,,,,,,,,,,,796.8898275178623,,,,,,F4,,92.0,92.0,-3.4,0.6651162790697674,780.339534883721,78.24186046511628,0.0,0.0,139.47107479666676,2024.0,-3.4,7.0,1.0,1.0,0.9518545691148759,,0.13947107479666676,,,
278,2024-04-02,299.0,,,,,,,,,,,,,,,,,,,,,,,,788.3352405886094,,,,,,F4,,93.0,93.0,-4.6,1.6833333333333331,789.3312500000001,68.48333333333333,0.0,0.0,217.4048008201671,2024.0,-4.6,11.0,3.0,4.0,0.9459165433669635,,0.2174048008201671,,,
279,2024-04-03,300.0,,,,,,,,,,,,,,,,,,,,,,,,789.3491060199211,,,,,,F4,,94.0,94.0,-3.8,4.258333333333334,793.2145833333334,55.18333333333334,0.0,0.0,371.1570422229695,2024.0,-3.8,15.8,5.4,9.4,0.9399840622844028,,0.37115704222296947,,,
280,2024-04-04,,,,,,,,,,,,,,,,,,,,,,,,,,,,,,,,,,95.0,-0.6,7.6,787.5020833333333,41.18333333333333,0.1999999999999999,0.1999999999999999,613.9821458471695,2024.0,-0.6,19.0,7.0,16.4,,,0.6139821458471695,,,
281,2024-04-05,119.0,2024-04-05,5345.791666666667,0.0096735910093902,103.39143904005805,2086.6658991690406,0.2442534827847868,2052.7740465830743,0.1656913757324218,3.0594827742620323e-06,781.3874999999999,0.2386041666666666,0.2665833333333333,0.2513294260995198,0.2569075544207884,0.1487303077511353,9.245833333333334,8.222916666666666,0.0,781.3874999999999,39.735416666666666,9.129166666666666,2024-04-05,0.1656913757324218,794.5246858788967,2703.3226006229947,2659.414943384186,4791.169828489347,0.1866711747779253,0.2406711747779253,F4,6990.794645496011,96.0,96.0,0.6,8.941666666666666,780.6875,39.54166666666666,0.5714285714285714,0.3714285714285714,691.3677053099972,2024.0,0.6,17.8,6.4,22.8,,,0.6913677053099971,,,
282,2024-04-06,301.0,,,,,,,,,,,,,,,,,,,,,,,,819.073114009334,,,,,,F4,,97.0,97.0,-3.8,1.4,777.6437500000001,70.68333333333334,0.5714285714285714,0.0,198.15427469960767,2024.0,-5.8,2.2,0.0,22.8,,,0.19815427469960767,,,
283,2024-04-07,302.0,,,,,,,,,,,,,,,,,,,,,,,,808.9798000197368,,,,,,F4,,98.0,98.0,-7.4,-2.2916666666666665,785.05625,67.31666666666666,0.5714285714285714,0.0,168.68912141006876,2024.0,-7.4,4.6,0.0,22.8,0.9589863978026574,,0.16868912141006875,,,
284,2024-04-08,,,,,,,,,,,,,,,,,,,,,,,,,,,,,,,,,,99.0,-5.8,0.3916666666666666,785.28125,52.39166666666667,0.5714285714285714,0.0,299.18574120575187,2024.0,-5.8,8.6,1.7999999999999998,24.6,,,0.29918574120575187,,,
285,2024-04-09,121.0,2024-04-09,5037.479166666667,0.0099644755591861,100.36821091960805,2070.5811612908087,0.2544999316417138,2044.120041946543,0.1694386800130208,2.3996414652209183e-06,788.7125,0.2567916666666667,0.2736458333333333,0.2644571431232401,0.2730076656810085,0.1580510710426576,6.885416666666667,6.379166666666666,0.0,788.7125,50.9625,1.7166666666666666,2024-04-09,0.1694386800130208,795.5597460050926,2682.4844609626703,2648.203485752589,4803.804962456323,0.1964215903858441,0.2504215903858441,F4,7038.635171652945,100.0,100.0,-6.2,1.4833333333333334,788.0854166666667,50.78333333333333,0.5714285714285714,0.0,334.6595551277991,2024.0,-6.2,11.8,3.4000000000000004,28.0,,,0.3346595551277991,,,
286,2024-04-10,122.0,2024-04-10,5007.979166666667,0.0099929413523863,100.07671784868931,2093.4421277561764,0.2407606982146986,2060.651154771253,0.1629981994628906,2.951232654961558e-06,790.6875,0.2500833333333333,0.2664166666666667,0.2575119285644255,0.2644899068870787,0.1531199241574393,8.24375,7.539583333333333,0.0,790.6875,50.38333333333333,4.2125,2024-04-10,0.1629981994628906,798.4306668228438,2712.101357152196,2669.6199141948628,4830.584674303271,0.1912631360778901,0.2452631360778901,F4,7054.790908718841,101.0,101.0,-3.4,4.025,789.9270833333334,50.19166666666666,0.5714285714285714,0.0,405.78511774873255,2024.0,-3.4,11.4,3.1999999999999997,31.2,,,0.40578511774873255,,,
287,2024-04-11,123.0,2024-04-11,5016.3125,0.0099851274558488,100.15829588343132,2114.986297510202,0.2285776061107252,2084.437324617026,0.1540883382161458,2.7149548445252023e-06,791.8895833333332,0.241,0.2583958333333333,0.2489118329310739,0.2539425667596744,0.1470138010944509,7.679166666666667,7.102083333333333,0.0,791.8895833333332,48.21041666666667,4.572916666666667,2024-04-11,0.1540883382161458,792.4279539198217,2740.0123135879667,2700.435432171144,4846.643739935912,0.184875543586255,0.238875543586255,F4,7083.494188063056,102.0,102.0,-5.0,4.3500000000000005,791.1895833333333,48.025,0.5714285714285714,0.0,433.2191245009322,2024.0,-5.0,15.4,5.199999999999999,36.4,0.9446726302036618,,0.4332191245009322,,,
288,2024-04-12,124.0,2024-04-12,5094.458333333333,0.0099077448736196,100.93715817869288,2127.827132821412,0.2210873057888623,2098.6202877196265,0.1486994425455729,2.576698490252013e-06,791.2645833333332,0.2301041666666666,0.2511875,0.2396931186741479,0.2426365396001536,0.1404684548407396,9.108333333333333,8.235416666666667,0.0,791.2645833333332,34.95,8.366666666666667,2024-04-12,0.1486994425455729,794.6495998706432,2756.6479045186925,2718.809779839513,4838.742634979751,0.1780284813580503,0.2320284813580503,F4,7073.41793061291,103.0,103.0,-0.2,8.15,790.4895833333334,34.74166666666667,0.8285714285714285,0.2571428571428572,707.255312414861,2024.0,-0.2,19.8,7.4,43.8,0.9443123454544827,,0.7072553124148611,,,
289,2024-04-13,125.0,2024-04-13,5133.833333333333,0.0098699678569172,101.32547308234554,2140.811840489636,0.2145227601086013,2100.854695119769,0.1480852762858072,3.522310931342191e-06,790.34375,0.2127916666666666,0.2438958333333333,0.2269382134524073,0.2269936526600609,0.1314123903199373,11.1875,9.633333333333333,0.0,790.34375,38.00625,11.289583333333333,2024-04-13,0.1480852762858072,799.2585233440963,2773.46988532356,2721.704504877292,4814.448032548185,0.1685549661438763,0.2225549661438763,F4,6997.2793949300985,104.0,104.0,1.4,11.083333333333334,789.4666666666667,37.775,1.3142857142857145,0.4857142857142857,821.3721085893901,2024.0,1.4,19.4,7.199999999999999,51.0,0.9446400555527036,,0.8213721085893901,,,
290,2024-04-14,126.0,2024-04-14,5198.375,0.0098090923170517,101.95836262314864,2168.5165356636885,0.2006160811609347,2135.2510228160795,0.136511484781901,2.8843870185546736e-06,789.6145833333334,0.1950625,0.234875,0.2131697008757872,0.2101076561101062,0.1216366580756224,11.3125,10.245833333333334,0.0,789.6145833333334,34.666666666666664,10.372916666666669,2024-04-14,0.136511484781901,792.4615290250349,2809.361940988634,2766.2657209669874,4815.29729864278,0.1583286092165956,0.2123286092165957,F4,7016.405342427062,105.0,105.0,1.4,10.183333333333334,788.8833333333333,34.483333333333334,1.8,0.4857142857142857,814.4574401991893,2024.0,1.4,21.4,8.2,59.2,0.9446533463835958,,0.8144574401991892,,,0.44401146892095017
291,2024-04-15,127.0,2024-04-15,5581.395833333333,0.0094660737263186,105.64952849002428,2205.016453584699,0.183182993014027,2172.61062225695,0.1246744791666666,2.762911914169152e-06,782.2708333333334,0.1755208333333333,0.2245833333333333,0.1978350447736677,0.1913009078434247,0.1107489538825404,9.354166666666666,9.670833333333333,0.0,782.2708333333334,40.39791666666667,6.541666666666667,2024-04-15,0.1246744791666666,807.7692174609251,2856.648405523299,2814.665922244512,4823.280992409744,0.1469390225938791,0.200939022593879,F4,7025.202695105421,106.0,106.0,-0.6,6.3500000000000005,781.6645833333333,40.21666666666667,2.0,0.1999999999999999,572.7312569407624,2024.0,-0.6,13.8,4.4,63.6,0.9498467960439622,,0.5727312569407623,,,0.4749586247883855
292,2024-04-16,128.0,2024-04-16,5086.395833333333,0.0099217097851509,100.83635631483764,2107.72111767002,0.23348864049883,2052.221668466209,0.1668866475423177,5.015541388373369e-06,786.0124999999999,0.2130208333333333,0.2275208333333333,0.2196156066507315,0.2180130519959239,0.1262132925215929,7.129166666666666,7.295833333333333,7.0667,786.0124999999999,84.56875000000001,3.4125,2024-04-16,0.1668866475423177,816.7252282949779,2730.6001097141334,2658.699325111032,4708.600676414581,0.1631162093881736,0.2171162093881736,F4,6786.893328154795,107.0,107.0,-0.2,3.2416666666666667,785.3125,84.375,2.257142857142857,0.2571428571428572,120.4471699416426,2024.0,-0.2,12.2,3.6,67.2,0.9567610564841496,,0.1204471699416426,,,0.4680330797256338
293,2024-04-17,129.0,2024-04-17,5014.6875,0.0099881259195879,100.1374504856018,2108.0764184625964,0.2324319250433807,2061.1472547874696,0.1628863016764322,4.223905240817389e-06,788.1395833333332,0.2317083333333333,0.2439375,0.2372703045076332,0.2396651487960067,0.1387482412419374,8.670833333333333,8.166666666666666,0.5168,788.1395833333332,56.97083333333333,7.962499999999999,2024-04-17,0.1628863016764322,804.5743128353351,2731.060409881484,2670.262622922955,4783.928468320319,0.1762289723480993,0.2302289723480993,F4,6931.678075052392,108.0,108.0,1.4,7.733333333333333,787.3041666666667,56.75,2.742857142857143,0.4857142857142857,455.6129034815395,2024.0,1.4,17.8,6.4,73.60000000000001,0.9615559472294629,,0.4556129034815395,,,0.4740656412441031
294,2024-04-18,130.0,2024-04-18,5082.3125,0.0099198921347171,100.81569445558148,2128.547454954426,0.220780012471303,2083.780723082697,0.1540946960449218,3.981280370710564e-06,787.7854166666666,0.2143541666666666,0.2374791666666666,0.2248716930780344,0.2244592281375946,0.1299451475989193,9.225,8.654166666666667,0.0,787.7854166666666,47.225,9.504166666666666,2024-04-18,0.1540946960449218,803.13694607358,2757.581098041758,2699.5847901167244,4777.986304176493,0.1670200890227471,0.2210200890227471,F4,6926.678439480696,109.0,109.0,1.0,9.333333333333334,786.9250000000001,47.05,3.1714285714285717,0.4285714285714285,621.7233607262973,2024.0,1.0,16.2,5.6,79.2,0.9597222452867209,,0.6217233607262973,,,0.4746185851640408
295,2024-04-19,131.0,2024-04-19,5142.625,0.0098615952036037,101.41197813403296,2165.8954694602025,0.2019836063934445,2113.127376195272,0.1438929239908854,4.6238797769859305e-06,788.0958333333333,0.2037083333333333,0.2304375,0.2158650778250314,0.213413323705824,0.123550392998453,9.608333333333333,9.15,1.9575,788.0958333333333,51.34791666666666,10.166666666666666,2024-04-19,0.1438929239908854,810.2593925309428,2805.966290775328,2737.6040392181067,4821.714319140001,0.1603305601596003,0.2143305601596003,F4,6962.214157282532,110.0,110.0,4.6,9.983333333333333,787.2062500000001,51.125,4.114285714285714,0.9428571428571428,599.4967695950754,2024.0,4.6,14.6,4.800000000000001,84.0,0.9571627200321444,,0.5994967695950755,,,0.46805637547011786
296,2024-04-20,132.0,2024-04-20,4951.770833333333,0.0100494192988197,99.51377459351696,2122.004125218638,0.224256071351858,2058.883848288649,0.163360595703125,5.68105046013241e-06,789.8874999999999,0.2331666666666666,0.2316875,0.2324939239862998,0.2338072941762229,0.1353569804348112,9.210416666666667,8.658333333333333,0.31,789.8874999999999,74.32916666666667,7.454166666666667,2024-04-20,0.163360595703125,820.5637250108376,2749.1040672122763,2667.330328900661,4795.659585638027,0.1726813871053325,0.2266813871053326,F4,6893.558716391019,111.0,111.0,2.6,7.274999999999999,789.0208333333334,74.14166666666667,4.771428571428571,0.6571428571428571,263.996724053389,2024.0,2.2,14.2,4.6,88.6,0.9634921886055143,,0.26399672405338903,,,0.47275940756681656
297,2024-04-21,133.0,2024-04-21,4953.25,0.0100487043064382,99.52603935669404,2143.5285973325867,0.2132327128120567,2103.4461710101327,0.1473464965820312,3.534559676133433e-06,793.1458333333334,0.2284791666666666,0.2340833333333333,0.2310280086528449,0.2320094644451248,0.134316171145286,9.702083333333333,8.81875,0.40089998,793.1458333333334,53.69791666666666,7.202083333333333,2024-04-21,0.1473464965820312,814.9521857764447,2776.989504912336,2725.061820174474,4838.0800204065545,0.1715926004014921,0.2255926004014921,F4,7033.035102266231,112.0,112.0,-3.4,7.025,792.3479166666666,53.50833333333333,4.771428571428571,0.0,466.5808695874741,2024.0,-3.4,17.8,6.4,95.0,0.9681692954037674,,0.46658086958747413,,,0.4940373895794883
298,2024-04-22,134.0,2024-04-22,5153.0,0.0098520915722072,101.51272723260188,2163.411291217031,0.2032173831879108,2124.900355712593,0.1399879455566406,3.356691473703797e-06,789.1708333333332,0.20475,0.2264166666666666,0.2146042589800202,0.2118670286686149,0.1226552035312664,10.552083333333334,10.06875,0.0,789.1708333333332,38.7625,10.372916666666669,2024-04-22,0.1399879455566406,801.9013998678286,2802.7479819931614,2752.856198952216,4810.480043335958,0.1593941058071076,0.2133941058071076,F4,6992.220372694433,113.0,113.0,2.2,10.175,788.38125,38.575,5.371428571428571,0.6,763.1670288027958,2024.0,2.6,19.8,7.4,102.4,0.9648607527683671,0.9545167816329365,0.7631670288027959,4807.803696621993,6986.821701630889,0.5271789101221344
299,2024-04-23,135.0,2024-04-23,5263.5625,0.009747855619798,102.5967247088236,2184.214254293936,0.1931789512698114,2134.3439089239696,0.1369514465332031,4.331830825672743e-06,788.1041666666666,0.1860416666666666,0.2179791666666666,0.2005672234131773,0.1946517098145076,0.1126888182415152,11.935416666666669,10.716666666666669,0.0,788.1041666666666,41.69791666666666,12.745833333333332,2024-04-23,0.1369514465332031,804.4360522865389,2829.6986885092924,2765.0905345191445,4790.950358697169,0.1489683074422774,0.2029683074422774,F4,6922.041309005873,114.0,114.0,6.2,12.575,787.2624999999999,41.49166666666667,6.371428571428571,1.0,852.2536036210078,2024.0,6.2,21.4,8.799999999999999,111.2,0.9584765532399793,0.9552697214226195,0.8522536036210078,4806.885510639196,6978.493568584669,0.564149913585935
300,2024-04-24,136.0,2024-04-24,5299.375,0.0097145596802189,102.94623855281736,2218.162350807361,0.177592737422295,2173.534510851675,0.1245930989583333,3.8069350648102015e-06,788.5375,0.1694166666666666,0.2089583333333333,0.1874006893052036,0.1785039924568872,0.1033404945711899,13.041666666666666,11.491666666666667,0.0,788.5375,36.25833333333333,13.697916666666666,2024-04-24,0.1245930989583333,796.9282059526839,2873.6792110210267,2815.8628406968487,4799.775897756596,0.1391890610252031,0.1931890610252031,F4,6947.449351089628,115.0,115.0,3.0,13.508333333333333,787.71875,36.05833333333333,7.065621941331765,0.6941933699031935,990.0137028336932,2024.0,3.0,21.0,8.0,119.2,0.951341693458434,0.9551422739759323,0.9900137028336932,4804.684883743005,6970.826314468296,0.6058805268062892
301,2024-04-25,137.0,2024-04-25,5524.3125,0.0095156832057462,105.10482819226856,2235.796184314227,0.1702159689894544,2195.6456134260907,0.118200937906901,3.387693430861301e-06,784.6125000000001,0.1483124999999999,0.1971875,0.1705414341991611,0.157827443557999,0.0913703153061376,13.204166666666666,12.297916666666666,0.0,784.6125000000001,35.770833333333336,11.570833333333333,2024-04-25,0.118200937906901,797.3285869089025,2896.5242389067644,2844.5082713515185,4748.649409729262,0.1266671012795125,0.1806671012795125,F4,6880.827637341734,116.0,116.0,3.0,11.35,783.8791666666666,35.55833333333333,7.779907655617479,0.7142857142857143,865.8179868684089,2024.0,3.0,18.2,6.6,125.8,0.9495315283568198,0.9555579740943277,0.8658179868684088,4797.685288728244,6956.350132273917,0.6367804455468232
302,2024-04-26,138.0,2024-04-26,5646.208333333333,0.0094113284819609,106.26215825817484,2238.6759478482613,0.1689938028912532,2175.635610380937,0.1239916483561198,5.3650569053201e-06,780.8833333333333,0.1347916666666666,0.1882083333333333,0.1590862051520243,0.1437785071102555,0.0832370292057738,10.620833333333334,10.84375,0.7051,780.8833333333333,73.14999999999999,6.589583333333334,2024-04-26,0.1239916483561198,801.4845612612864,2900.255037329792,2818.584862389864,4690.86877221658,0.1181589011186109,0.1721589011186109,F4,6720.284780471099,117.0,117.0,3.0,6.391666666666667,780.1687499999999,72.97500000000001,8.494193369903194,0.7142857142857143,259.64827606781216,2024.0,1.0,11.8,3.4000000000000004,129.2,0.9483631696026722,0.9561377551686601,0.25964827606781216,4787.122869959446,6931.126335835215,0.6048085143791769
303,2024-04-27,139.0,2024-04-27,5600.395833333333,0.0094505909327507,105.82705496914171,2222.99077911879,0.1757202343019672,2160.72431016958,0.1286087036132812,5.340179300753378e-06,779.8791666666666,0.15325,0.1847916666666666,0.1675955270151449,0.1542145203559493,0.0892787023096511,7.702083333333333,8.572916666666666,3.5372999,779.8791666666666,92.87708333333336,2.53125,2024-04-27,0.1286087036132812,844.2039928631727,2879.9345484878318,2799.266937617101,4705.385411586927,0.1244790727491435,0.1784790727491435,F4,6746.675775527923,118.0,118.0,-1.4,2.4608695652173918,779.2652173913043,92.36521739130436,8.579907655617479,0.0857142857142857,55.6771895404361,2024.0,-1.4,5.4,0.2000000000000001,129.39999999999998,0.9670774665541085,0.9599502906190903,0.0556771895404361,4779.332682747928,6913.226077306487,0.5501160201613945
304,2024-04-28,140.0,2024-04-28,5268.979166666667,0.0097421853293287,102.65183653147498,2171.8716054546007,0.1987627985051839,2113.36772270695,0.1437060038248697,5.130397801163693e-06,785.06875,0.2217916666666667,0.1934375,0.208895852751467,0.2048661179061286,0.1186021984937525,8.69375,8.487499999999999,9.9978,785.06875,76.47708333333334,5.11875,2024-04-28,0.1437060038248697,843.8619197600566,2813.708509356887,2737.915413529279,4803.0623826176325,0.1551542724006854,0.2091542724006854,F4,6915.628120799899,119.0,119.0,2.2,4.933333333333334,784.2020833333332,76.3,9.17990765561748,0.6,205.7775881111685,2024.0,2.2,9.8,2.4000000000000004,131.79999999999998,0.9854978602910835,0.9643103699316465,0.2057775881111685,4778.4587601747035,6906.027704333121,0.506638887869393
305,2024-04-29,141.0,2024-04-29,5093.145833333333,0.0099095415097187,100.92238412973678,2154.872035520477,0.2072528815333066,2097.05293016036,0.1494178771972656,5.10946789779746e-06,788.4270833333334,0.2431041666666666,0.2088124999999999,0.2275079067809807,0.2276923366702101,0.1318168762373894,9.395833333333334,8.939583333333333,4.3747,788.4270833333334,77.62708333333333,5.454166666666667,2024-04-29,0.1494178771972656,839.0289674662403,2791.685184193961,2716.7792328722626,4848.53563180211,0.1689780973488386,0.2229780973488386,F4,6987.475934346451,120.0,120.0,-0.2,5.976744186046512,787.5418604651163,74.83720930232558,9.437050512760337,0.2571428571428572,234.92104818022784,2024.0,-1.0,13.4,4.199999999999999,135.99999999999997,1.0003599538172088,0.9669620032629274,0.23492104818022785,4780.262662988444,6903.332935707478,0.4825095872436406
306,2024-04-30,142.0,2024-04-30,5334.291666666667,0.0096831513147985,103.28326039460006,2189.909428243203,0.1904880191763993,2140.99267247656,0.1348864237467447,4.243649338255844e-06,785.5,0.2208958333333333,0.2126875,0.2171625852197486,0.2150046143604107,0.124471631571261,11.7375,10.36875,0.0,785.5,47.29166666666666,10.470833333333331,2024-04-30,0.1348864237467447,831.8731254303816,2837.076914442665,2773.7041572294565,4881.0908546970295,0.1612942643840272,0.2152942643840272,F4,7063.24312156862,121.0,121.0,4.6,10.275,784.6,47.1,10.37990765561748,0.9428571428571428,661.6602429897748,2024.0,2.2,17.4,6.199999999999999,142.19999999999996,0.9954787338548003,0.9682469357699443,0.6616602429897748,4792.583390008619,6923.072206665609,0.5211676638899357
307,2024-05-01,143.0,2024-05-01,5455.1875,0.0095750758795186,104.44777758116824,2216.097469916536,0.1786947181379868,2168.10173828046,0.1264228820800781,4.109369892050825e-06,784.1062499999999,0.1884130434782608,0.2020434782608695,0.1946123281409425,0.1873484996483603,0.1084608044019408,9.27608695652174,10.113043478260868,0.0,784.1062499999999,54.61666666666667,7.225,2024-05-01,0.1264228820800781,825.0551640864018,2871.004111388649,2808.8245616500403,4831.593984535732,0.1445453979827722,0.1985453979827722,F4,6985.964421212802,122.0,122.0,2.2,7.058333333333334,783.3666666666667,54.4,10.97990765561748,0.6,458.6805893550193,2024.0,2.6,14.2,4.6,146.79999999999995,0.9880340093272897,0.9699842403811808,0.4586805893550193,4795.9880697382905,6926.949802819924,0.52138678430947
308,2024-05-02,144.0,2024-05-02,5382.0625,0.0096402680258288,103.74403814663388,2186.381251364676,0.1921312861286901,2143.5772168348435,0.1340611775716146,3.712508218150705e-06,786.6125000000001,0.1882708333333333,0.1973958333333333,0.1924209924037649,0.1846609989113086,0.1069049419727324,8.714583333333334,8.31875,1.9415,786.6125000000001,63.0375,4.679166666666666,2024-05-02,0.1340611775716146,812.6711549789405,2832.5060819493,2777.052492570942,4756.022178518768,0.1429178161164538,0.1969178161164538,F4,6889.719698086744,123.0,123.0,-4.2,4.466666666666667,785.86875,62.825,10.97990765561748,0.0,312.40520966679964,2024.0,-4.2,13.8,4.4,151.19999999999996,0.977600170736479,0.9707929872878754,0.31240520966679963,4794.419203619882,6924.309892720356,0.499292630662363
309,2024-05-03,145.0,2024-05-03,5581.958333333333,0.0094654872515245,105.65528579337084,2230.736296235197,0.1722259888549907,2196.631827109998,0.1178538004557291,2.877123690187538e-06,785.0645833333333,0.1685208333333333,0.19075,0.1786309240368733,0.1677485658818772,0.0971139049790602,9.95,9.616666666666667,0.0,785.0645833333333,37.239583333333336,8.53125,2024-05-03,0.1178538004557291,805.2121324301914,2889.9690401056,2845.785933358557,4781.30975472225,0.1326754489481293,0.1866754489481293,F4,6950.447183026641,124.0,124.0,0.6,8.333333333333334,784.2583333333333,37.05,11.351336227046051,0.3714285714285714,690.793226818458,2024.0,0.6,17.0,6.0,157.19999999999996,0.9670463170064412,0.9703648494072935,0.690793226818458,4791.533163304329,6923.469394559222,0.505813806178319
310,2024-05-04,146.0,2024-05-04,5480.729166666667,0.0095528112987247,104.69173784514766,2247.7470597340066,0.165083864041194,2206.0030635670705,0.115155537923177,3.504013584435488e-06,787.9125,0.1466041666666666,0.1820416666666666,0.1627215652484113,0.1482369900221768,0.0858181581923786,10.797916666666666,9.833333333333334,0.0,787.9125,51.88333333333333,7.225,2024-05-04,0.115155537923177,800.5938484197026,2912.006866783314,2857.9265809439103,4730.5263383581305,0.1208590104948391,0.1748590104948391,F4,6846.005047968665,125.0,125.0,-4.2,7.025,787.1979166666666,51.66666666666666,11.351336227046051,0.0,485.0634600479208,2024.0,-4.2,19.4,7.199999999999999,164.39999999999995,0.9573632137706097,0.968670888630844,0.4850634600479208,4786.880788498621,6920.072703957624,0.5216042873207855
311,2024-05-05,147.0,2024-05-05,5732.145833333333,0.0093422185318267,107.0612622866446,2266.9213577808,0.1573484362132628,2218.839129429932,0.1115976969401041,4.012940415822439e-06,781.9375,0.1271666666666666,0.172625,0.1478416600266707,0.1299879579034406,0.0752533300412591,11.775,11.329166666666666,0.0,781.9375,41.51041666666666,11.870833333333332,2024-05-05,0.1115976969401041,807.1153037315136,2936.847601124935,2874.5559929470382,4683.840698518382,0.1098071832916583,0.1638071832916583,F4,6752.265633692847,126.0,126.0,3.4,11.65,781.1604166666666,41.3,12.122764798474623,0.7714285714285715,804.4955659208863,2024.0,3.4,18.2,6.6,170.99999999999994,0.955163909288186,0.9680061188345366,0.8044955659208863,4775.863694078037,6900.017741916668,0.5457410513446007
312,2024-05-06,148.0,2024-05-06,5551.583333333333,0.0094978232482522,105.34310095470396,2158.4750281215843,0.2084973476642146,2112.1460584447323,0.1459032694498697,4.053571743448457e-06,779.3583333333332,0.2116666666666666,0.1822291666666666,0.198278139802466,0.1918443290071817,0.1110635541951169,9.0375,9.6125,11.5032,779.3583333333332,62.22916666666666,4.816666666666666,2024-05-06,0.1459032694498697,837.7383626832805,2796.352942138504,2736.332720002854,4723.5950279704175,0.1472681248038657,0.2012681248038658,F4,6833.357130170947,127.0,127.0,-1.8,4.641666666666667,778.7083333333334,62.0,12.151336227046052,0.0285714285714285,323.2776735351739,2024.0,-1.8,9.4,2.2,173.19999999999993,0.9680395391073068,0.971046017908495,0.3232776735351739,4769.657621551928,6888.670367450705,0.5143203831111991
313,2024-05-07,149.0,2024-05-07,5329.3125,0.0096869980818001,103.23745685315498,2116.086621909222,0.22801725808794,2071.1581287399763,0.1591059366861979,4.023627796272504e-06,781.6354166666666,0.2471666666666666,0.2061458333333333,0.2285099013477629,0.2289212041098555,0.1325282988068654,5.4375,6.7,2.695,781.6354166666666,72.85833333333333,2.11875,2024-05-07,0.1591059366861979,841.2268014660708,2741.437808592736,2683.231935268825,4765.518520154992,0.1697223138371548,0.2237223138371548,F4,6908.7418228503975,128.0,128.0,-1.8,1.9333333333333331,780.9020833333334,72.64999999999999,12.17990765561748,0.0285714285714285,192.0740921485129,2024.0,-1.8,5.0,0.0,173.19999999999993,0.9841242454446815,0.9741668226747088,0.1920740921485129,4767.841061656058,6887.720404153885,0.46716470372030655
314,2024-05-08,150.0,2024-05-08,5279.104166666667,0.0097332064556078,102.74911877033776,2103.212488218772,0.2353587976390324,2070.9530911365905,0.1591682434082031,2.886197170012304e-06,783.75,0.2540416666666666,0.2289583333333333,0.2426334668474893,0.2462426451133242,0.14255612090399,6.275,6.360416666666667,2.9982,783.75,55.50833333333333,1.5104166666666667,2024-05-08,0.1591682434082031,831.6018242080377,2724.7590788628377,2682.9663044424283,4794.653507406352,0.1802123810163276,0.2342123810163276,F4,6998.732161457967,129.0,129.0,-6.2,1.3166666666666669,782.96875,55.333333333333336,12.17990765561748,0.0,300.1016659933778,2024.0,-6.2,6.6,0.7999999999999998,173.99999999999994,0.9938173260986903,0.9771080401145915,0.30010166599337784,4767.475176631041,6891.383462037338,0.4178852725174269
315,2024-05-09,151.0,2024-05-09,5205.3125,0.0098018458639601,102.02883803177046,2148.8963671726538,0.210368359683465,2112.749449228781,0.1440035502115885,3.169227679597409e-06,788.5166666666668,0.2284791666666666,0.2211875,0.225162829509929,0.2248162840473874,0.1301518563329912,7.452083333333333,7.445833333333333,0.0,788.5166666666668,53.58958333333334,3.764583333333333,2024-05-09,0.1440035502115885,821.3036100412334,2783.943571459057,2737.114426333597,4824.93058319404,0.1672363262561099,0.2212363262561099,F4,7024.570976233283,130.0,130.0,-2.2,3.5666666666666664,787.69375,53.375,12.17990765561748,0.0,367.7723719313939,2024.0,-2.2,10.6,2.8,176.79999999999995,0.9873115678370876,0.9791417406542665,0.3677723719313939,4772.923831878524,6901.650843386735,0.3823105857362115
316,2024-05-10,152.0,2024-05-10,5030.354166666667,0.0099723848063966,100.29445377055612,2147.2618217159747,0.211534134683148,2099.556152201382,0.148779551188151,4.20875624450618e-06,792.3041666666667,0.2101666666666666,0.2123333333333333,0.2111520925646686,0.2076332183819118,0.12020414323325,8.918750000000001,8.310416666666667,0.0,792.3041666666667,54.59583333333333,7.470833333333334,2024-05-10,0.148779551188151,809.4697497229582,2781.825981059681,2720.0222133228303,4758.947218532664,0.1568300607993917,0.2108300607993917,F4,6884.801199246275,131.0,131.0,1.8,7.258333333333333,791.3520833333333,54.39166666666667,12.722764798474625,0.5428571428571428,465.099926507968,2024.0,1.8,13.4,4.199999999999999,180.99999999999997,0.9747404202061026,0.979819090661158,0.465099926507968,4777.78657804396,6913.402016156389,0.3969857036247942
317,2024-05-11,153.0,2024-05-11,4696.8125,0.010320159070092,96.91298974547487,2147.445370235389,0.2119154126961284,2095.206987011072,0.1506309509277343,4.618999769247653e-06,789.5958333333333,0.1921874999999999,0.2031666666666667,0.1971809562331448,0.1904987197510531,0.1102845468232707,9.075,8.964583333333334,3.6381998,789.5958333333333,61.87291666666667,6.991666666666667,2024-05-11,0.1506309509277343,815.2498111986569,2782.063772294512,2714.3877720078654,4694.230875562898,0.1464532081066417,0.2004532081066417,F4,6770.495177004756,132.0,132.0,1.4,6.791666666666667,788.7375000000001,61.68333333333334,13.208479084188909,0.4857142857142857,378.42166299076194,2024.0,1.4,13.0,4.0,184.99999999999997,0.9682674147373473,0.9773630290109999,0.37842166299076196,4776.989825470814,6915.103401976165,0.42003888029981745
318,2024-05-12,154.0,2024-05-12,4604.604166666667,0.0104234488117386,95.95555992431112,2090.0397212777875,0.2443047213401844,2028.0642860263024,0.1769981384277343,5.665948277428613e-06,787.15,0.237625,0.2074583333333333,0.2239048394201256,0.223273458255706,0.1292586753001465,9.5625,8.897916666666667,2.5008,787.15,78.44791666666667,6.672916666666667,2024-05-12,0.1769981384277343,828.8951774414949,2707.6934630407345,2627.4028928706343,4687.447354545739,0.1663019729192682,0.2203019729192682,F4,6735.084529571502,133.0,133.0,2.2,6.5,786.3041666666667,78.26666666666667,13.808479084188908,0.6,210.37369556151447,2024.0,2.2,15.8,5.4,190.39999999999995,0.9712725650677764,0.9760934631064151,0.21037369556151447,4768.731609179965,6902.207431174135,0.4203671736891278
319,2024-05-13,155.0,2024-05-13,4707.458333333333,0.0103075754642372,97.02567411372505,2094.165166476863,0.2407870242056308,2037.7366315570264,0.1723658243815104,5.135986151789939e-06,789.3479166666666,0.230125,0.2165,0.2239281871414102,0.2233020923974747,0.1292752523320172,11.29375,10.13125,0.38889998,789.3479166666666,57.37916666666666,10.8375,2024-05-13,0.1723658243815104,820.3677365101489,2713.038070075686,2639.9336340327213,4696.799074043881,0.1663193140902891,0.2203193140902891,F4,6766.353573549664,134.0,134.0,3.4,10.608333333333333,788.4604166666667,57.2,14.57990765561748,0.7714285714285715,547.3805034032733,2024.0,3.4,20.6,7.800000000000001,198.2,0.9755865738709396,0.9745105092441003,0.5473805034032734,4757.893283625805,6886.412976831509,0.44268570620505965
320,2024-05-14,156.0,2024-05-14,4869.395833333333,0.0101351861631894,98.67892386473106,2127.07768942322,0.2218155047007058,2069.505755859284,0.1595191955566406,5.154763670697625e-06,788.525,0.1988333333333333,0.204,0.2011831950901074,0.1954071505749841,0.1131261620831423,13.177083333333334,11.879166666666668,0.0,788.525,50.64791666666667,12.43125,2024-05-14,0.1595191955566406,813.7695044807086,2755.676983741664,2681.091249040708,4668.500086323011,0.1494258111987891,0.2034258111987891,F4,6716.005483211733,135.0,135.0,5.0,12.208333333333334,787.6729166666668,50.45,15.57990765561748,1.0,704.5752751937151,2024.0,5.0,19.8,7.4,205.6,0.9750005889236907,0.9729748550971906,0.7045752751937151,4742.708228741947,6861.610288377445,0.4457510656481983
321,2024-05-15,157.0,2024-05-15,5042.6875,0.0099598430473387,100.41835722636095,2191.3706871539,0.1898209337569093,2135.748278104624,0.1364771525065104,4.829594598874564e-06,788.1854166666667,0.172125,0.1908333333333333,0.1806337736192867,0.1702049031914091,0.0985359410293855,13.847916666666668,12.39375,0.2654,788.1854166666667,55.552083333333336,10.45,2024-05-15,0.1364771525065104,814.2831226035939,2838.9700082245786,2766.909926376362,4707.303802910093,0.1341630355401765,0.1881630355401766,F4,6773.831829386625,136.0,136.0,0.6,10.233333333333333,787.3625000000001,55.333333333333336,15.951336227046053,0.3714285714285714,557.1252061278813,2024.0,0.6,18.6,6.800000000000001,212.4,0.9692163524005651,0.9720611080506883,0.5571252061278813,4733.830358625831,6846.45796038986,0.45278282398911696
322,2024-05-16,158.0,2024-05-16,5201.291666666667,0.0098055507051557,101.98971663071376,2233.6533923855686,0.1712969011449942,2183.128162265846,0.1219673156738281,4.289361245195892e-06,787.7791666666667,0.1432916666666666,0.17525,0.1578266986621965,0.1422338215733449,0.0823427715191853,14.710416666666667,13.397916666666667,0.0,787.7791666666667,50.31458333333333,10.722916666666668,2024-05-16,0.1219673156738281,802.0180763048227,2893.748203772687,2828.291631861144,4673.171062847817,0.1172234214983158,0.1712234214983158,F4,6732.401253324081,137.0,137.0,1.0,10.525,787.0187500000001,50.1,16.37990765561748,0.4285714285714285,634.6466502364068,2024.0,1.0,20.6,7.800000000000001,220.2,0.9619525708226799,0.971157452119715,0.6346466502364068,4727.912421792191,6835.220928621099,0.47580006974408884
323,2024-05-17,159.0,2024-05-17,5278.375,0.0097339065964307,102.74191267972786,2241.3716179486896,0.1676996581384968,2192.710567854358,0.118927001953125,4.110929635333758e-06,786.8354166666667,0.116375,0.1583541666666666,0.1354676267737892,0.1148121804434998,0.0664676870613612,15.14375,14.070833333333333,0.0,786.8354166666667,40.84791666666667,12.910416666666668,2024-05-17,0.118927001953125,793.2969375135792,2903.747338569398,2840.705853805383,4555.746390812173,0.1006165550397088,0.1546165550397087,F4,6557.354869569094,138.0,138.0,3.8,12.691666666666668,786.0812500000001,40.625,17.20847908418891,0.8285714285714285,871.5229588686958,2024.0,3.8,21.8,8.4,228.6,0.9538484286683371,0.9701467361675967,0.8715229588686958,4711.800752941471,6807.1429062312745,0.4887093363191059
324,2024-05-18,160.0,2024-05-18,5291.270833333333,0.0097234600616063,102.862264950003,2297.682729733462,0.1457776591337858,2242.544974029047,0.1054522196451823,4.555471596636035e-06,788.8083333333334,0.0989375,0.1427708333333333,0.1188734239365025,0.0944606972821677,0.0546856966072416,14.083333333333334,13.658333333333331,0.0,788.8083333333334,41.56458333333334,13.4125,2024-05-18,0.1054522196451823,801.1586871424304,2976.699650300089,2905.267447759792,4560.7412564571405,0.0882914589050727,0.1422914589050727,F4,6539.28507607641,139.0,139.0,4.6,13.146938775510206,787.9571428571429,41.42857142857143,18.15133622704605,0.9428571428571428,885.7335784095716,2024.0,4.6,19.4,7.199999999999999,235.8,0.9486530718357747,0.9701946490646522,0.8857335784095716,4699.673247091399,6785.234336810398,0.5173286304877952
325,2024-05-19,161.0,2024-05-19,5228.1875,0.0097821283912829,102.2466895093675,2278.9464312576565,0.1531666348229073,2211.029262751654,0.114301045735677,5.707644931780388e-06,788.2895833333333,0.091375,0.1338125,0.1106760822522127,0.0844073031606586,0.0488655314314583,13.36875,12.733333333333334,0.0755,788.2895833333333,58.38125,12.54375,2024-05-19,0.114301045735677,803.941487865201,2952.426354253111,2864.438135024671,4467.243334301303,0.0822030058894019,0.1362030058894019,F4,6361.760568188383,140.0,140.0,4.2,12.35,787.4562500000001,58.19166666666666,19.037050512760334,0.8857142857142858,600.0596918914028,2024.0,4.2,21.4,8.2,244.0,0.9494144614910943,0.9699254275917669,0.6000596918914028,4684.20200679018,6757.3411178457945,0.5027260680571178
326,2024-05-20,162.0,2024-05-20,5566.729166666667,0.0094792036218349,105.5081361188328,2338.437884964456,0.1311244265836246,2291.974486152364,0.0931752522786458,3.7595796093601872e-06,785.0645833333333,0.0849375,0.1223124999999999,0.1019360967405349,0.0736883991123409,0.0426600856575672,14.2125,13.0875,0.0,785.0645833333333,35.86875,13.64375,2024-05-20,0.0931752522786458,808.586873922045,3029.4988704683574,2969.304492364749,4520.120098870906,0.0757115122814831,0.1297115122814831,F4,6496.952294200269,141.0,141.0,4.6,13.466666666666669,784.3000000000001,35.675000000000004,19.95243263187817,0.9153821191178348,993.248565418258,2024.0,4.6,21.0,8.0,252.0,0.9554670399676488,0.9674526292090986,0.9932485654182579,4669.668083283072,6733.312200990746,0.5505811317630523
327,2024-05-21,163.0,2024-05-21,5359.479166666667,0.009667995127175,103.49931907823336,2282.1927081452272,0.1526289304584342,2228.7035767470866,0.1102244059244791,4.483402361455499e-06,785.5208333333334,0.1349583333333333,0.112375,0.124687163396466,0.1015907909590969,0.0588134889146922,12.454166666666666,12.783333333333331,4.7281,785.5208333333334,60.57083333333333,8.379166666666666,2024-05-21,0.1102244059244791,856.4585094125887,2956.631978968378,2887.335606293735,4568.889427279215,0.0926095269947775,0.1466095269947775,F4,6560.471557966509,142.0,142.0,2.6,8.110204081632652,784.8265306122449,60.734693877551024,20.60957548902103,0.6571428571428571,424.39803415964286,2024.0,-1.0,12.6,3.8000000000000007,255.8,0.9773576813076831,0.9687446710352955,0.42439803415964283,4655.62314807766,6708.43575349904,0.5671756990495617
328,2024-05-22,164.0,2024-05-22,5015.041666666667,0.0099898967481237,100.13374682901872,2189.1237475919547,0.1913209986457354,2143.2504321741894,0.1343790690104166,3.970383146809175e-06,790.05625,0.2101875,0.1114791666666666,0.1652937701467922,0.1513915967960117,0.0876444401690378,9.716666666666669,10.027083333333334,6.0151997,790.05625,69.17916666666666,4.3187500000000005,2024-05-22,0.1343790690104166,841.3494179458813,2836.059047489341,2776.629135693813,4621.219679925601,0.1227694772380376,0.1767694772380376,F4,6673.040149302422,143.0,143.0,-3.0,4.1000000000000005,789.3645833333334,68.97500000000001,20.60957548902103,0.0,254.09567329318773,2024.0,-3.0,17.0,6.0,261.79999999999995,0.9921657502499074,0.9695715184813132,0.2540956732931877,4643.235017543319,6685.172038345072,0.5638895567138339
329,2024-05-23,165.0,2024-05-23,5392.791666666667,0.0096304098652426,103.84836067769888,2258.310587388545,0.1608495895007461,2212.9760628218896,0.113257090250651,3.794588317012588e-06,783.5895833333334,0.1696666666666666,0.1137083333333333,0.1442161478009604,0.1255415526294881,0.0726791931060017,10.629166666666666,10.941666666666668,0.0,783.5895833333334,43.77291666666667,10.19375,2024-05-23,0.113257090250651,845.416271840435,2925.6921544291185,2866.9602582983857,4644.185652263447,0.1071143882741855,0.1611143882741855,F4,6700.747441960759,144.0,144.0,-0.6,9.991666666666667,782.7937499999999,43.6,20.80957548902103,0.1999999999999999,692.1842671203382,2024.0,-0.6,17.0,6.0,267.79999999999995,1.0067448050733068,0.9716168943311456,0.6921842671203382,4630.324665333991,6662.041785897034,0.5870618349416156
330,2024-05-24,166.0,2024-05-24,5290.416666666667,0.0097229412702932,102.85861798355396,2265.16824334193,0.1581350325218275,2212.203482162907,0.1135470072428385,4.440076729442675e-06,788.0354166666666,0.1463541666666666,0.1125,0.1309568870103849,0.1092801132969056,0.0632650328962554,9.785416666666666,9.65625,1.8622999,788.0354166666666,68.29791666666667,6.0875,2024-05-24,0.1135470072428385,824.1319160978234,2934.5764019425637,2865.959362679656,4575.466651257907,0.0972662704995341,0.1512662704995341,F4,6571.783054153604,145.0,145.0,-2.2,5.891666666666667,787.28125,68.075,20.80957548902103,0.0,296.3020255180878,2024.0,-2.2,15.4,5.199999999999999,272.99999999999994,0.9939482022824052,0.9728606243373602,0.2963020255180878,4617.2189105286525,6639.683346961844,0.575004842013767
331,2024-05-25,167.0,2024-05-25,5540.333333333333,0.0095015413294961,105.25854665798128,2282.2673543941605,0.1514883593314066,2225.898893210376,0.1097691853841145,4.6912114461980095e-06,783.7020833333332,0.1256458333333333,0.1114375,0.1191837135022046,0.0948412430024679,0.0549060041891701,10.69375,10.714583333333332,0.0,783.7020833333332,54.458333333333336,9.372916666666669,2024-05-25,0.1097691853841145,834.4652322032979,2956.7286848626345,2883.702075695759,4532.241360883688,0.0885219218423016,0.1425219218423016,F4,6493.793027286774,146.0,146.0,3.8,9.183333333333334,782.8916666666668,54.25833333333333,21.638146917592454,0.8285714285714285,531.6815260079835,2024.0,3.0,15.4,5.199999999999999,278.19999999999993,0.9912230716251517,0.9744905878144142,0.5316815260079835,4605.648230908709,6619.918907696273,0.5859519750864256
332,2024-05-26,168.0,2024-05-26,5175.395833333333,0.009830714071527,101.73319136642674,2213.6164111487383,0.1795532423854784,2148.618690576988,0.1322046915690104,5.606667874317128e-06,788.9979166666667,0.1745,0.1106666666666666,0.1454678370050171,0.1270766508809295,0.0735679004695506,11.48125,10.7,6.6500998,788.9979166666667,72.95208333333333,7.95,2024-05-26,0.1322046915690104,842.7851939920515,2867.7898439569863,2783.5838351845405,4559.7046645104365,0.1080440617223141,0.1620440617223141,F4,6517.3256787547325,147.0,147.0,3.0,7.733333333333333,788.1041666666666,72.75833333333334,22.352432631878173,0.7142857142857143,286.9746785127461,2024.0,3.0,16.2,5.6,283.79999999999995,0.9901815496246776,0.9756688195933388,0.2869746785127461,4596.523753049044,6604.364704066505,0.5914234738686565
333,2024-05-27,169.0,2024-05-27,5139.333333333333,0.0098645163637226,101.3803175894648,2264.397480233246,0.1583705095005579,2208.400559587029,0.1145909627278645,4.703895964209615e-06,793.5666666666666,0.1594166666666666,0.1108958333333333,0.1373488117008328,0.11711930563303,0.0678033404259844,13.9625,12.597916666666668,0.0,793.5666666666666,51.708333333333336,11.535416666666668,2024-05-27,0.1145909627278645,830.889211076988,2933.5778610011207,2861.0325909564563,4614.345758615393,0.1020137770274226,0.1560137770274226,F4,6622.435804212128,148.0,148.0,0.6,11.35,792.6750000000001,51.51666666666667,22.723861203306743,0.3714285714285714,651.4068340360018,2024.0,0.6,21.4,8.2,291.99999999999994,0.9928564500989516,0.9765613121005057,0.6514068340360017,4590.634230518438,6594.0848633995365,0.5988539260567085
334,2024-05-28,170.0,2024-05-28,5168.520833333333,0.0098368626851344,101.66697703105466,2323.1994060600387,0.1366301857321243,2267.9461553172146,0.0990676879882812,4.513232561528871e-06,794.9041666666667,0.1178541666666666,0.1077916666666666,0.1132776213903687,0.0875978860698154,0.0507126409065155,15.077083333333334,14.083333333333334,0.0,794.9041666666667,41.84375,13.96875,2024-05-28,0.0990676879882812,822.2908710864966,3009.7570783406227,2938.175249380631,4572.410140119408,0.0841352602007535,0.1381352602007535,F4,6553.804451062603,149.0,149.0,5.0,13.733333333333334,794.0208333333334,41.641666666666666,23.71858091109577,0.9947197077890296,916.8969350751056,2024.0,5.0,23.8,9.4,301.3999999999999,0.988037183746702,0.9772841438479167,0.9168969350751056,4583.770662932467,6582.499075388885,0.6140197589053793
335,2024-05-29,171.0,2024-05-29,5321.604166666667,0.0096950190660394,103.159164763793,2344.333901523163,0.1291648864064246,2287.9609535290406,0.0941073099772135,4.5640674206574255e-06,791.9708333333333,0.0901041666666666,0.1027916666666666,0.09587459331939,0.0662544424458237,0.0383563793484535,15.51875,14.402083333333332,0.0,791.9708333333333,38.610416666666666,15.185416666666669,2024-05-29,0.0941073099772135,820.6176989423344,3037.1372925191267,2964.1048705885514,4485.8388636374575,0.0712094212127775,0.1252094212127775,F4,6414.479318979462,150.0,150.0,6.2,15.025,791.1,38.41666666666666,24.67111198069276,0.952531069596986,1051.9005772896448,2024.0,6.2,23.4,9.8,311.19999999999993,0.9792620979757265,0.9778214793594447,1.0519005772896448,4567.951738698707,6556.831038931231,0.6493608568455053
336,2024-05-30,172.0,2024-05-30,5524.145833333333,0.0095145347623496,105.10800954725757,2396.905265648729,0.1121303143074223,2339.759486134221,0.0823656717936198,4.525005216548382e-06,790.4729166666666,0.0747083333333333,0.0977708333333333,0.0851974339976433,0.0531597472514797,0.0307755277438637,15.489583333333334,14.35,0.0,790.4729166666666,41.797916666666666,14.0,2024-05-30,0.0823656717936198,816.5237975795437,3105.244677051944,3031.2110345060496,4501.247277181322,0.0632791207111072,0.1172791207111072,F4,6429.27070302524,151.0,151.0,1.4,13.8,789.6520833333334,41.6,25.153557231395,0.4824452507022388,921.5371718440732,2024.0,1.4,23.0,9.0,320.19999999999993,0.973575495349093,0.9790519387847371,0.9215371718440732,4555.671468293957,6535.178856767028,0.6698530369603385
337,2024-05-31,173.0,2024-05-31,5647.416666666667,0.0094102554578963,106.27378200594886,2459.4861020574344,0.0941104439902152,2408.6331747271283,0.0685755411783854,3.909829887394122e-06,791.2833333333333,0.0634583333333333,0.0927708333333333,0.0767900087034184,0.0428487021242555,0.0248062018574941,15.497916666666669,14.704166666666666,0.0,791.2833333333333,38.25208333333333,13.254166666666668,2024-05-31,0.0685755411783854,818.6005836981598,3186.319558036444,3120.438447018815,4547.104769280107,0.0570346312341402,0.1110346312341402,F4,6508.481938336323,152.0,152.0,3.8,13.033333333333331,790.4770833333333,38.05,25.974388200487613,0.8208309690926142,929.8941883319724,2024.0,3.8,21.0,8.0,328.19999999999993,0.9721146812932162,0.9811983408389623,0.9298941883319723,4555.054209613095,6531.687933107544,0.6740224104934297
338,2024-06-01,174.0,2024-06-01,5603.604166666667,0.0094469987559623,105.86063293427893,2433.121545210815,0.101289122775016,2372.286215854486,0.0755195617675781,4.750068962617122e-06,790.7895833333333,0.05625,0.089375,0.0713156459406079,0.0361348272440459,0.0209193691818747,15.320833333333333,14.366666666666667,0.0,790.7895833333333,41.06458333333333,14.920833333333334,2024-06-01,0.0755195617675781,801.3703405187864,3152.1636817137137,3073.350144371296,4450.797491473386,0.052968630113803,0.106968630113803,F4,6335.801036770981,153.0,153.0,6.2,14.741666666666667,789.9083333333333,40.88333333333333,26.945794923527647,0.9714067230400336,991.498486271892,2024.0,6.2,25.4,10.8,338.99999999999994,0.9644955425203177,0.9812162945061326,0.9914984862718921,4547.201083542827,6517.153358871443,0.6815770467693099
339,2024-06-02,175.0,2024-06-02,5831.1875,0.009260828209696,107.98887473639066,2452.009350000704,0.0961402974571074,2397.4373142782647,0.0707232157389323,4.220182168578722e-06,786.9854166666668,0.0511875,0.0877916666666666,0.0678355125268227,0.0318667176358703,0.0184484521355827,17.358333333333334,15.51875,0.0,786.9854166666668,32.52916666666667,16.95625,2024-06-02,0.0707232157389323,804.5940819138939,3176.633257597901,3105.9339580170604,4454.274992424493,0.050383813036005,0.104383813036005,F4,6354.805294616945,154.0,154.0,7.0,16.775000000000002,786.1395833333332,32.30833333333333,27.822952796664225,0.8771578731365784,1293.0948059629488,2024.0,7.0,24.6,10.8,349.79999999999995,0.9597731199843186,0.9812716513189995,1.2930948059629488,4546.274773408769,6516.65655361634,0.7310795549172775
340,2024-06-03,176.0,2024-06-03,5901.583333333333,0.0092053636016834,108.63901754635472,2496.8738741747607,0.0840268619466033,2434.7215603227164,0.0636520385742187,4.726099278868354e-06,786.9520833333332,0.0445,0.085625,0.063204141564,0.0261867058216252,0.015160149045129,16.631249999999998,15.689583333333331,0.0,786.9520833333332,36.82083333333333,16.09375,2024-06-03,0.0636520385742187,816.8422548209625,3234.756257649908,3154.2365372748573,4492.90624821933,0.0469439314754585,0.1009439314754585,F4,6386.654714682683,155.0,155.0,7.4,15.883333333333333,786.0958333333333,36.6,28.74663052746788,0.923677730803652,1144.2312614283137,2024.0,8.2,23.0,10.6,360.4,0.9590770789261663,0.9819719206157874,1.1442312614283137,4544.330926933656,6508.778155079369,0.7418640332037099
341,2024-06-04,177.0,2024-06-04,5742.666666666667,0.0093343631795708,107.15666045305598,2459.1266476933724,0.0943986655339696,2374.634533762345,0.0756340026855468,6.62251886874073e-06,787.9145833333333,0.0423958333333333,0.0842291666666666,0.0614221333639878,0.0240012130786768,0.0138949117928442,17.53125,15.666666666666666,1.7281,787.9145833333333,55.84791666666666,15.8375,2024-06-04,0.0756340026855468,820.8034355557627,3185.853876823822,3076.3924430336224,4408.505430121979,0.0456203715194172,0.0996203715194172,F4,6203.707687842008,156.0,156.0,7.4,15.666666666666666,787.0166666666668,55.68333333333334,29.74663052746788,1.0,788.8067995634179,2024.0,7.4,23.0,10.2,370.6,0.9667697422317194,0.9789474504184261,0.7888067995634179,4532.874927136711,6483.295021499047,0.767893230732551
342,2024-06-05,178.0,2024-06-05,5644.625,0.0094131739933207,106.24530777313318,2492.608491523742,0.085365027950925,2417.470563935051,0.0670216878255208,5.759054933396464e-06,792.96875,0.0435208333333333,0.0830833333333333,0.0615143312208895,0.0241142864905571,0.0139603728626261,18.175,16.439583333333335,0.0,792.96875,50.11875,15.429166666666667,2024-06-05,0.0670216878255208,802.9246741679038,3229.230358498829,3131.887483486892,4469.396137640812,0.0456888500996095,0.0996888500996095,F4,6315.513834367617,157.0,157.0,4.2,15.258333333333333,792.1,49.925,30.632344813182165,0.8857142857142858,868.2587745847609,2024.0,4.2,26.6,10.8,381.4,0.9661089009357166,0.9756880407516728,0.8682587745847609,4522.030388402083,6457.757427575133,0.811762023681949
343,2024-06-06,179.0,2024-06-06,5612.916666666667,0.009439343248648,105.9478735649442,2517.263322633919,0.0788590620116739,2444.628730371494,0.0619125366210937,5.505044411711893e-06,793.9375,0.0415416666666666,0.0822291666666666,0.0600468280012624,0.0223145093420981,0.0129184361637334,20.758333333333333,18.29583333333333,0.0,793.9375,40.88541666666666,18.3,2024-06-06,0.0619125366210937,815.2139229848498,3261.171246678976,3167.0714988811887,4499.617720593912,0.0445988840170478,0.0985988840170478,F4,6365.236089515864,158.0,158.0,7.0,18.133333333333333,793.0083333333333,40.66666666666666,31.527676655576027,0.8953318423938615,1234.9381043396431,2024.0,7.0,29.8,13.4,394.8,0.9654643196921682,0.973126102319829,1.2349381043396432,4511.704107568546,6433.792330971926,0.8505301549118994
344,2024-06-07,180.0,2024-06-07,5783.645833333333,0.0092984262295602,107.54925695165105,2540.8853236941686,0.0731199766909339,2465.151329643886,0.0583597819010416,5.688868519814597e-06,791.7062500000001,0.0361458333333333,0.0812291666666666,0.0566502722109909,0.0181489011083049,0.0105068597662253,21.03333333333333,19.18958333333333,0.0,791.7062500000001,37.75208333333333,19.097916666666663,2024-06-07,0.0583597819010416,830.8953169783945,3291.774080301523,3193.658987783308,4508.808697634319,0.0420761429699342,0.0960761429699342,F4,6367.929370866502,159.0,159.0,10.2,18.90833333333333,790.7354166666668,37.55833333333333,32.38259480381158,0.8549181482355517,1364.2619256462349,2024.0,10.2,27.8,14.0,408.8,0.9694592286737869,0.9736998132165794,1.364261925646235,4506.94282516686,6419.231353594276,0.9268130049210528
345,2024-06-08,181.0,2024-06-08,5582.833333333333,0.0094652674401899,105.66159482933914,2443.388566534839,0.0985752387563236,2345.730688434424,0.0812543233235677,7.72163071660772e-06,791.0541666666667,0.0519375,0.0866041666666666,0.0677043143680324,0.0317058134245864,0.0183553006013016,18.072916666666668,17.341666666666665,1.9455999,791.0541666666667,59.89166666666667,16.660416666666666,2024-06-08,0.0812543233235677,844.8355441952982,3165.4648387400325,3038.9468613758227,4437.43803740125,0.0502863675644971,0.1042863675644971,F4,6216.076685887952,160.0,160.0,9.4,16.458333333333332,790.0479166666668,59.66666666666666,33.38259480381158,1.0,755.1228357483167,2024.0,9.4,26.2,12.8,421.6,0.9860498032245767,0.9745794832372638,0.7551228357483166,4500.171159203828,6399.394472065789,0.9427730984739336
346,2024-06-09,182.0,2024-06-09,5709.25,0.0093595209149203,106.85260491946298,2479.852216468437,0.0886110541412907,2390.6615703037173,0.0720850626627604,6.914912718470435e-06,791.7854166666666,0.0529791666666666,0.08,0.0652685646446342,0.0287185581784608,0.01662590267414,18.23125,16.995833333333334,0.0219,791.7854166666666,49.43958333333333,18.002083333333335,2024-06-09,0.0720850626627604,829.466823331234,3212.7043172813524,3097.155829314366,4481.363577244571,0.0484772508630102,0.1024772508630102,F4,6299.327833221065,161.0,161.0,8.6,17.791666666666668,790.7375000000001,49.23333333333333,34.340666272476746,0.9580714686651658,1034.1713002714696,2024.0,8.6,28.2,13.4,435.0,0.991691867099822,0.9734497417787886,1.0341713002714696,4494.575367256267,6383.8231973848115,0.996144285742414
347,2024-06-10,183.0,2024-06-10,5799.104166666667,0.0092871645850116,107.6884695509978,2500.2619578807903,0.0834168774884588,2415.755849008543,0.0674146016438802,6.486939810700018e-06,791.525,0.0507916666666666,0.0795208333333333,0.0638580350642127,0.0269886547124138,0.0156244176245275,19.80208333333333,18.089583333333334,0.0,791.525,42.50625,19.09375,2024-06-10,0.0674146016438802,817.49620104685,3239.145596287665,3129.6660317363744,4505.117141453605,0.0474296010994205,0.1014296010994205,F4,6348.056970679564,162.0,162.0,11.4,18.9,790.5124999999999,42.275,35.22799332466868,0.8873270521919367,1260.5534329858026,2024.0,11.4,26.6,14.0,449.0,0.9863877769763848,0.9723136689760293,1.2605534329858026,4486.773323173283,6364.224709275344,1.039654757095971
348,2024-06-11,184.0,2024-06-11,5786.1875,0.0092973975706345,107.56895877495184,2514.100591996965,0.0798040850986878,2424.4653524894,0.0657323201497395,6.8565590490761895e-06,792.9104166666666,0.0467499999999999,0.0790208333333333,0.0614271607308186,0.0240073787482426,0.0138984812555409,21.085416666666667,18.9625,0.1734,792.9104166666666,47.95208333333333,18.579166666666666,2024-06-11,0.0657323201497395,816.0838551804443,3257.073858010303,3140.9493893689414,4507.105585621534,0.04562410552099,0.09962410552099,F4,6333.440170505799,163.0,163.0,9.4,18.391666666666666,791.8645833333334,47.73333333333333,36.16373296408009,0.9357396394114116,1105.6331538834827,2024.0,9.4,27.8,13.6,462.6,0.9750063134145389,0.9717871538803718,1.1056331538834827,4482.1087121377195,6348.484403521286,1.0531359155822837
349,2024-06-12,185.0,2024-06-12,5899.479166666667,0.009207113378754,108.61923114204453,2551.5214625145104,0.070617484622098,2479.14201017355,0.0560544331868489,5.410228844226386e-06,793.3125,0.0396666666666666,0.0787916666666666,0.0574611843248186,0.0191434209651313,0.0110826125684497,22.40833333333333,20.245833333333334,0.0,793.3125,34.927083333333336,20.0375,2024-06-12,0.0560544331868489,817.6796939789677,3305.5534373456208,3211.7842290540816,4535.648308181429,0.0426784358223037,0.0966784358223037,F4,6416.078894571829,164.0,164.0,10.2,19.841666666666665,792.31875,34.7,36.97248418504302,0.8087512209629304,1511.9960929186227,2024.0,10.2,29.4,14.799999999999995,477.4,0.9703403342036383,0.9715379352561984,1.5119960929186227,4485.666529605146,6348.598658920741,1.0859998809843536
350,2024-06-13,186.0,2024-06-13,5987.145833333333,0.0091392733266239,109.42403579062392,2587.37074992863,0.0623664539269757,2521.650172225432,0.0491879781087239,4.827628576099229e-06,793.8895833333332,0.0332916666666666,0.0778541666666666,0.0535592243188429,0.0143579742560329,0.008312195935994,22.9625,20.414583333333333,0.0,793.8895833333332,31.00625,20.629166666666663,2024-06-13,0.0491879781087239,814.6916195369528,3351.996995426199,3266.8545089832064,4560.233433280763,0.0397803133479241,0.0937803133479241,F4,6464.646323412492,165.0,165.0,10.2,20.433333333333334,792.8979166666667,30.808333333333334,37.7344193419144,0.7619351568713795,1661.8074980115855,2024.0,10.2,30.6,15.4,492.8,0.9692301301302487,0.971382519286277,1.6618074980115856,4489.879826469392,6351.125488948402,1.1388763328534617
351,2024-06-14,187.0,2024-06-14,5937.6875,0.0091777953346988,108.9690069229473,2599.249094100488,0.0597137930994393,2511.22189604557,0.0508626302083333,6.501227895618867e-06,794.2583333333333,0.0284583333333333,0.0773333333333333,0.0506872675324944,0.010835745393908,0.0062730881961892,21.3125,20.464583333333334,0.0,794.2583333333333,44.13541666666666,18.006249999999998,2024-06-14,0.0508626302083333,840.9595300056371,3367.3856574398687,3253.3444426645947,4551.778724275051,0.0376472103701342,0.0916472103701342,F4,6390.980831698248,166.0,166.0,12.6,17.808333333333334,793.1916666666666,43.958333333333336,38.65853572983833,0.9241163879239224,1142.8275586434484,2024.0,9.4,23.8,11.6,504.4,0.9790772589877219,0.9732791348149087,1.1428275586434484,4490.213680397602,6342.732552759968,1.1540858593042813
352,2024-06-15,188.0,2024-06-15,5661.875,0.0093999122322698,106.40333242372094,2465.2893943355,0.0926281469856866,2368.981044570231,0.0765711466471354,7.545977214098833e-06,791.7666666666668,0.058125,0.0748541666666666,0.0657336249624579,0.0292889180396725,0.0169560984828158,18.214583333333334,17.58125,2.201,791.7666666666668,65.79791666666667,15.027083333333332,2024-06-15,0.0765711466471354,857.2206909053272,3193.837853696311,3069.0682206406145,4459.297440703091,0.0488226674631196,0.1028226674631197,F4,6249.053993815229,167.0,167.0,7.4,14.808333333333332,790.74375,65.60000000000001,39.65853572983833,1.0,579.4392376081153,2024.0,7.4,25.8,11.6,516.0,0.9947297104135816,0.9780166855190406,0.5794392376081152,4490.820819628296,6336.5363354059855,1.1246530558282974
353,2024-06-16,189.0,2024-06-16,6017.229166666667,0.0091176690907592,109.6934509882501,2528.9986946009503,0.0759780708063357,2461.85902836337,0.0589892069498697,5.061689614385866e-06,787.1479166666667,0.0574583333333333,0.0754375,0.0656354732369463,0.0291685426767464,0.0168864101281312,19.49375,18.225,0.0,787.1479166666667,36.64375,18.691666666666663,2024-06-16,0.0589892069498697,840.5938184649862,3276.374684985907,3189.3937374319103,4573.617437464696,0.0487497667360059,0.1027497667360059,F4,6493.578107595502,168.0,168.0,9.0,18.48333333333333,786.1750000000001,36.458333333333336,40.51732197890314,0.8587862490648139,1351.8840029925957,2024.0,9.0,28.6,13.8,529.8,1.004983192674008,0.981070392005496,1.3518840029925956,4499.34527998831,6346.448679190167,1.1288522841875577
354,2024-06-17,190.0,2024-06-17,6358.1875,0.0088693659874893,112.76045888053802,2566.6509221768947,0.0670213169650055,2513.0032113076672,0.0505091349283854,3.954588477643822e-06,782.5895833333334,0.0504583333333333,0.0762083333333333,0.0621697411211266,0.0249180951265751,0.0144257180957684,20.89583333333333,19.558333333333334,0.0,782.5895833333334,28.45208333333333,18.916666666666668,2024-06-17,0.0505091349283854,832.4400742691398,3325.1539925935044,3255.652176647682,4608.497409563815,0.046175646007025,0.100175646007025,F4,6576.42639381837,169.0,169.0,7.8,18.73333333333333,781.7416666666667,28.25,41.3140125279321,0.796690549028956,1550.5902431073407,2024.0,7.8,27.8,12.8,542.5999999999999,1.001610734277508,0.9823934895330533,1.5505902431073406,4507.601791512917,6360.003799128432,1.1578779257360596
355,2024-06-18,191.0,2024-06-18,6412.833333333333,0.008831494913136,113.24398774117306,2611.6586608136136,0.0570518591393046,2556.4689927615887,0.0439554850260416,3.997771330485274e-06,783.9520833333332,0.0416874999999999,0.0764791666666666,0.0575111658621479,0.0192047193851463,0.0111180997805484,22.339583333333334,20.53333333333333,0.0,783.9520833333332,29.879166666666663,16.879166666666666,2024-06-18,0.0439554850260416,829.3298979831693,3383.4625302027243,3311.963074048612,4643.051269988207,0.0427155588621135,0.0967155588621135,F4,6618.0182960504135,170.0,170.0,7.0,16.675,783.0083333333333,29.666666666666668,42.17805877210912,0.8640462441770201,1335.0520186335357,2024.0,7.0,22.6,9.8,552.3999999999999,0.9905700596517307,0.9831167535376143,1.3350520186335357,4524.3550657890755,6389.597414000461,1.1968954413839252
356,2024-06-19,192.0,2024-06-19,6230.958333333333,0.0089587295637666,111.62962637898283,2625.639532138543,0.0542558224288366,2557.19522782421,0.0440266927083333,4.961473526104573e-06,789.5791666666668,0.03225,0.0754166666666666,0.0518827159678865,0.01230186877095,0.0071218642532429,20.122916666666665,19.66875,0.0,789.5791666666668,44.78958333333333,14.483333333333334,2024-06-19,0.0440266927083333,822.3186354116651,3401.575063428161,3312.9039279049625,4610.398551638361,0.0385351118279313,0.0925351118279313,F4,6528.924415941878,171.0,171.0,3.0,14.3,788.5749999999999,44.60833333333333,42.891701448358525,0.7136426762494092,902.8808104026468,2024.0,3.0,25.0,10.0,562.3999999999999,0.9833357601328403,0.9847618618334513,0.9028808104026468,4534.426666788901,6404.84102697005,1.1993684439423458
357,2024-06-20,193.0,2024-06-20,6074.3125,0.009073738546003,110.21658008919395,2604.518677313587,0.0585671300321832,2513.9781232687365,0.0503679911295572,6.670490904466828e-06,792.6666666666666,0.0294583333333333,0.0744583333333333,0.0499248712149139,0.0099007263410712,0.0057317819204935,20.775,19.010416666666668,0.0,792.6666666666666,43.03958333333333,18.89375,2024-06-20,0.0503679911295572,843.590879639256,3374.2125210031763,3256.9151970186126,4553.123794571515,0.0370809519002932,0.0910809519002932,F4,6386.095912994455,172.0,172.0,11.0,18.691666666666663,791.53125,42.86666666666667,43.788108740441885,0.8964072920833615,1231.4966653332433,2024.0,11.0,27.0,14.0,576.3999999999999,0.9877498481170159,0.9871689599098062,1.2314966653332433,4538.248529215872,6406.331014361378,1.19912262687046
358,2024-06-21,194.0,2024-06-21,5636.0,0.009420473551746,106.16369543442784,2501.1799083831665,0.0833210791930882,2384.0776740529154,0.0735384623209635,9.097509389179166e-06,795.3291666666668,0.0477083333333333,0.0736041666666666,0.0594860678642614,0.0216267811880177,0.0125202928695975,18.2125,18.120833333333334,6.2584996,795.3291666666668,75.81666666666666,14.416666666666666,2024-06-21,0.0735384623209635,890.6994231161298,3240.334821807819,3088.62624365236,4465.534226161885,0.0441823878066074,0.0981823878066074,F4,6199.812680372757,173.0,173.0,9.8,14.208333333333334,794.1750000000001,75.59166666666667,44.788108740441885,1.0,395.4994453724772,2024.0,9.4,22.2,10.8,587.1999999999998,1.0120432040220457,0.9922418911122413,0.3954994453724772,4535.15749553927,6394.322679326111,1.1299253068509059
359,2024-06-22,195.0,2024-06-22,5217.3125,0.0097953214504315,102.12947087339552,2306.37158967557,0.1449161661314369,2205.313689431581,0.1170603434244791,8.480429419458314e-06,795.8145833333333,0.173,0.0920625,0.1361886575602127,0.1156964679294721,0.0669796235446058,18.28333333333333,17.577083333333334,12.1851,795.8145833333333,71.17083333333333,15.039583333333333,2024-06-22,0.1170603434244791,887.2097788687472,2987.956263763941,2857.033481247646,4692.479357107969,0.1011520898795465,0.1551520898795466,F4,6602.213779537725,174.0,174.0,7.4,14.791666666666666,794.6770833333334,70.96666666666667,45.788108740441885,1.0,488.5169262860547,2024.0,7.4,27.4,12.4,599.5999999999998,1.0377306057034479,0.9958363195074952,0.4885169262860547,4553.374732661178,6421.903900301094,1.1108820276036016
360,2024-06-23,196.0,2024-06-23,5175.979166666667,0.0098313312926407,101.7348361886064,2229.052780077608,0.1737593304138106,2139.2020725757848,0.1359977722167968,7.798475327051706e-06,796.8208333333333,0.1748541666666666,0.0965208333333333,0.1392272303542856,0.1194230382058161,0.0691370297186145,18.241666666666667,17.777083333333334,4.5394998,796.8208333333333,62.24166666666667,16.408333333333335,2024-06-23,0.1359977722167968,860.9618017923011,2887.788007061864,2771.384394788154,4553.834478349765,0.1034089444067726,0.1574089444067726,F4,6432.613431611245,175.0,175.0,8.6,16.191666666666666,795.6770833333334,62.075,46.788108740441885,1.0,698.0728222355049,2024.0,8.6,28.2,13.4,612.9999999999998,1.0446069501651036,0.9985079062809382,0.6980728222355048,4558.5512255972635,6431.424300186108,1.0868749934581754
361,2024-06-24,197.0,2024-06-24,5430.25,0.0095971718711657,104.20825647671954,2356.558410949118,0.125259590985421,2263.9420250281164,0.1000887552897135,7.580020167597753e-06,794.28125,0.1234374999999999,0.0926458333333333,0.1094330819495481,0.0828828611626152,0.0479829932436307,20.2125,19.022916666666667,0.0,794.28125,49.69166666666666,19.322916666666668,2024-06-24,0.1000887552897135,853.5144551090681,3052.974419404591,2932.9878085398773,4610.382996633257,0.081279785992915,0.135279785992915,F4,6500.155972365673,176.0,176.0,10.2,19.1,793.2270833333333,49.50833333333333,47.720470848711614,0.9323621082697318,1116.4412535368583,2024.0,10.2,29.0,14.6,627.5999999999998,1.029887141593088,1.0015631835301062,1.1164412535368584,4566.070215252953,6442.288514592258,1.0765812663546794
362,2024-06-25,198.0,2024-06-25,5599.1875,0.0094511904220808,105.81715474231304,2411.8726677458794,0.1080891330257665,2324.0503977793173,0.0862197875976562,7.007927622842829e-06,794.5104166666666,0.0819583333333333,0.0875,0.0844787495724539,0.0522783373928096,0.0302652571921454,21.69375,20.4375,0.0,794.5104166666666,44.58958333333334,20.12708333333333,2024-06-25,0.0862197875976562,832.1096184522941,3124.63528307946,3010.8595572513987,4523.445780078381,0.0627453285960066,0.1167453285960066,F4,6377.599472315311,177.0,177.0,11.4,19.941666666666663,793.4708333333333,44.41666666666666,48.59703057350946,0.8765597247978516,1295.0088806468748,2024.0,11.4,30.6,16.0,643.5999999999998,1.0080755371441197,1.0029225817352623,1.2950088806468747,4567.23737199987,6445.442750435795,1.090108103980636
363,2024-06-26,199.0,2024-06-26,5619.729166666667,0.0094331461191862,106.01393500845543,2467.735562923448,0.09178880358368,2367.6574975314284,0.0765571594238281,7.828250432202497e-06,794.8166666666666,0.0596458333333333,0.0825416666666666,0.0700591320054893,0.034593811839854,0.0200272362283248,21.575,20.714583333333334,0.0,794.8166666666666,47.92291666666667,19.9625,2024-06-26,0.0765571594238281,829.0797541080793,3197.0069201153133,3067.3535356858224,4502.879351731886,0.0520353731687903,0.1060353731687903,F4,6306.076594611699,178.0,178.0,11.0,19.758333333333333,793.7937499999999,47.725,49.501977534453154,0.9049469609436868,1204.169724980202,2024.0,11.0,29.8,15.4,658.9999999999998,0.995454909402649,1.0038896009664404,1.2041697249802021,4564.8967322534745,6437.585443295785,1.0681205062707488
364,2024-06-27,200.0,2024-06-27,5678.083333333333,0.0093853852136886,106.55975612397924,2482.434055597109,0.0881322306553877,2365.830088529357,0.0771624247233073,9.129195308503755e-06,791.8958333333334,0.0494791666666666,0.0792916666666666,0.0630382480132138,0.0259832504439548,0.0150423635599853,21.504166666666663,20.204166666666666,1.4819,791.8958333333334,60.675,18.55625,2024-06-27,0.0771624247233073,826.8910645680053,3216.049147937037,3064.9860862259693,4465.3800939453,0.0468207165201151,0.1008207165201151,F4,6203.708569257546,179.0,179.0,11.0,18.383333333333333,790.8604166666668,60.48333333333333,50.501977534453154,1.0,835.4869766548529,2024.0,11.0,27.0,14.0,672.9999999999998,0.9849159407466038,1.0049244286621823,0.8354869766548529,4558.121493729513,6418.947032284718,1.009097611888125
365,2024-06-28,201.0,2024-06-28,5851.041666666667,0.0092456581258522,108.17039985810726,2460.785788577596,0.0939437135482341,2350.8543976904866,0.080237070719401,8.66100901479158e-06,790.2583333333333,0.045625,0.0775416666666666,0.0601410814974914,0.0224301038337534,0.0129853567506231,20.70833333333333,19.825,4.0013,790.2583333333333,63.40625,17.095833333333335,2024-06-28,0.080237070719401,830.3316135516884,3188.003331152723,3045.584741947145,4399.54474308856,0.0446688893926261,0.0986688893926261,F4,6122.871521259543,180.0,180.0,9.4,16.900000000000002,789.2333333333332,63.2,51.501977534453154,1.0,708.5779657074982,2024.0,9.4,25.8,12.6,685.5999999999998,0.9842121108610421,1.0040229071366882,0.7085779657074982,4547.247637930478,6399.7963672533815,0.9780797838212714
366,2024-06-29,202.0,2024-06-29,5720.9375,0.0093498905506773,106.96215177386408,2519.611181495812,0.0785374324236556,2419.18760275916,0.066754659016927,7.692885948581733e-06,793.9020833333334,0.0475833333333333,0.0767708333333333,0.0608581572093029,0.0233095407321346,0.0134944851055243,22.047916666666666,20.304166666666667,1.2751,793.9020833333334,48.38958333333333,20.31875,2024-06-29,0.066754659016927,830.9948423754211,3264.212950636929,3134.111945899016,4511.565452397578,0.0452014866599098,0.0992014866599098,F4,6311.757494963129,181.0,181.0,12.2,20.091666666666665,792.8375,48.208333333333336,52.402626333818034,0.9006487993648794,1217.923842032386,2024.0,12.2,30.2,16.2,701.7999999999998,0.9849702057097034,1.0017982785298951,1.217923842032386,4550.981067337227,6404.275188763946,1.0236858269944336
367,2024-06-30,203.0,2024-06-30,5706.354166666667,0.0093614905773588,106.8270349437147,2542.349044115917,0.0729107044618241,2430.755914026958,0.0645319620768229,8.502018188773695e-06,796.2062500000001,0.0440625,0.0772291666666666,0.0591470964386464,0.0212110594249286,0.0122796209831577,24.110416666666666,22.1625,0.22299999,796.2062500000001,48.770833333333336,21.0625,2024-06-30,0.0645319620768229,824.8384044326524,3293.670363026363,3149.098953312964,4535.752186727116,0.0439306218466173,0.0979306218466173,F4,6314.814247947855,182.0,182.0,13.4,20.85,795.1125000000001,48.56666666666666,53.28781025303091,0.8851839192128791,1267.411458518787,2024.0,13.4,29.4,16.4,718.1999999999998,0.984157652522887,1.0004618129155136,1.267411458518787,4548.276406570257,6391.506341646257,1.017652073817733
368,2024-07-01,204.0,2024-07-01,5694.833333333333,0.0093713267376255,106.71776853850996,2489.6105487164727,0.0861781631409237,2354.326466301393,0.0794652303059895,1.064300895276808e-05,793.9812499999999,0.0428333333333333,0.076125,0.0579747812660952,0.0197733071732603,0.0114472696911039,22.183333333333334,21.37291666666667,6.4188,793.9812499999999,73.0125,17.739583333333332,2024-07-01,0.0794652303059895,862.2168167270132,3225.3464561695228,3050.082884917955,4430.5019883960495,0.0430599022740374,0.0970599022740374,F4,6100.298575213856,183.0,183.0,13.8,17.575,792.9020833333334,72.85000000000001,54.28781025303091,1.0,545.5724871413894,2024.0,12.2,25.8,14.0,732.1999999999998,0.9967795293773053,1.0029876489437877,0.5455724871413894,4535.562447915417,6357.497211745935,0.9458650912487364
369,2024-07-02,205.0,2024-07-02,5427.0,0.0096050774244998,104.15861006738628,2321.563220978275,0.1392600415873811,2216.93174113336,0.113995869954427,8.757149367889598e-06,792.4666666666667,0.1357916666666666,0.1432127659574468,0.1391668713279494,0.119349012612652,0.0690941744227569,20.48958333333333,19.7875,16.7076,792.4666666666667,69.58749999999999,16.227083333333333,2024-07-02,0.113995869954427,874.1292924914891,3007.637363770075,2872.084928512458,4742.444332324431,0.1033641136421085,0.1573641136421085,F4,6665.328060199329,184.0,184.0,9.0,16.0,791.4250000000001,69.375,55.28781025303091,1.0,556.8502958986999,2024.0,9.0,24.2,11.6,743.7999999999998,1.0138544626795771,1.0067877934644336,0.5568502958986998,4542.661952368004,6360.876480613714,0.890279253910534
370,2024-07-03,206.0,2024-07-03,5599.3125,0.0094515704812988,105.81651361586556,2388.9727064170675,0.1151909142270124,2313.089164269241,0.088879903157552,6.099217941726611e-06,793.2541666666666,0.1197708333333333,0.1184166666666666,0.119154942147082,0.0948059572008511,0.0548855763424859,20.56458333333333,19.98333333333333,0.0,793.2541666666666,48.14791666666667,17.127083333333335,2024-07-03,0.088879903157552,866.061380624222,3094.967868167364,2996.6590327255053,4743.938647157049,0.088500552348311,0.142500552348311,F4,6748.171552347344,185.0,185.0,6.2,16.891666666666666,792.2125,47.958333333333336,56.25608391561327,0.9682736625823524,1001.5242797364727,2024.0,6.2,26.2,11.2,754.9999999999999,1.0301727318843117,1.0104983068622573,1.0015242797364727,4552.200530619339,6376.536990356962,0.8973252160058073
371,2024-07-04,207.0,2024-07-04,5754.5625,0.0093226869445544,107.2754670267751,2481.771295219078,0.0881099806170713,2418.8121530516864,0.06671142578125,4.825345057711431e-06,794.8520833333333,0.0771875,0.0949583333333333,0.0852698874134204,0.0532486056609874,0.030826970133801,20.504166666666663,19.92708333333333,0.0,794.8520833333333,44.42291666666667,15.708333333333334,2024-07-04,0.06671142578125,842.4931519424925,3215.1905269620925,3133.625542359276,4661.232681732399,0.0633329344027616,0.1173329344027616,F4,6647.993789280114,186.0,186.0,4.2,15.5,793.8416666666667,44.23333333333333,57.11908412226445,0.8630002066511834,982.0637695183054,2024.0,4.2,25.8,10.4,765.3999999999999,1.0223650454581295,1.0104051912311691,0.9820637695183054,4559.922593987973,6395.243981520223,0.8795085805904544
372,2024-07-05,208.0,2024-07-05,5826.229166666667,0.0092652939429684,107.94092047051758,2542.2491850068504,0.0730867141142663,2482.633548814288,0.0556284586588541,4.447107199160259e-06,796.6770833333334,0.0565833333333333,0.0840625,0.0690811867897244,0.0333944390355982,0.0193328888523301,20.83125,20.133333333333333,0.0,796.6770833333334,43.45625,14.545833333333334,2024-07-05,0.0556284586588541,831.1587731333163,3293.540993304777,3216.3075958864124,4629.791195337498,0.0513090189764921,0.1053090189764921,F4,6598.350406616566,187.0,187.0,2.6,14.341666666666669,795.6604166666666,43.29166666666666,57.77071545233103,0.6516313300665733,926.8387405453824,2024.0,2.6,25.0,10.0,775.3999999999999,1.0053550047590953,1.005354607908087,0.9268387405453824,4571.655234643375,6423.71096196621,0.9174613873885191
373,2024-07-06,209.0,2024-07-06,6014.833333333333,0.0091182660025683,109.67655099339576,2568.012705814724,0.0668198170688201,2508.365824998427,0.0513229370117187,4.405068718304649e-06,794.4604166666667,0.0440625,0.0798333333333333,0.0603315025660527,0.0226636402806914,0.0131205569307132,22.23333333333333,20.839583333333334,0.0,794.4604166666667,35.65,16.527083333333334,2024-07-06,0.0513229370117187,827.0880846256498,3326.9182139222607,3249.644338391169,4593.107548088387,0.0448103217952002,0.0988103217952002,F4,6536.03336185854,188.0,188.0,4.6,16.341666666666665,793.4041666666667,35.44166666666667,58.62526241600182,0.8545469636707917,1199.7193960264035,2024.0,4.6,26.6,10.8,786.1999999999998,0.9899272798673984,1.0002547370402466,1.1997193960264034,4564.557248284832,6418.983789274839,0.968261563798544
374,2024-07-07,210.0,2024-07-07,6143.770833333333,0.0090219242199382,110.84648338129632,2594.778225879016,0.0607408115506535,2531.6996502255383,0.0476290384928385,4.612165904571338e-06,792.4104166666666,0.0341666666666666,0.077875,0.0540457391090537,0.0149546463383136,0.0086576245576794,23.24791666666667,21.504166666666663,0.0,792.4104166666666,37.76458333333333,17.2,2024-07-07,0.0476290384928385,825.9796589195605,3361.5935471109824,3279.873833740931,4578.221372642262,0.0401416649367329,0.0941416649367329,F4,6498.204614401736,189.0,189.0,5.8,16.966666666666665,791.3791666666666,37.54166666666666,59.52910015341139,0.903837737409571,1207.719240289373,2024.0,5.8,26.6,11.2,797.3999999999999,0.9833903519317141,0.9972873487525856,1.2077192402893728,4566.299169305726,6423.668873759874,1.0046648793738204
375,2024-07-08,211.0,2024-07-08,6136.020833333333,0.0090282348222204,110.77405812833616,2622.737001828526,0.0547349411345116,2553.385307789389,0.0445035298665364,5.038844699198208e-06,793.9625,0.0280416666666666,0.0766041666666666,0.050128472130539,0.0101504268326589,0.005876339876538,23.495833333333334,21.70208333333333,0.0,793.9625,44.5,16.154166666666665,2024-07-08,0.0445035298665364,823.3296304701901,3397.814770134832,3307.9680908163327,4587.095018134182,0.0372321734372833,0.0912321734372833,F4,6490.467891107204,190.0,190.0,4.2,15.933333333333332,792.94375,44.28333333333333,60.38470491087886,0.8556047574674696,1008.782811730433,2024.0,4.2,27.4,11.2,808.5999999999999,0.9802911565454943,0.99472689682646,1.008782811730433,4564.635742270077,6422.976867955697,0.9969749906733615
376,2024-07-09,212.0,2024-07-09,6117.770833333333,0.0090410463974162,110.61180545205094,2631.789236221038,0.0527678311220201,2558.1394275791213,0.0437024434407552,5.3320848646794215e-06,794.84375,0.0246666666666666,0.0760416666666666,0.0480326307481378,0.0075800424025662,0.0043882790517471,23.854166666666668,22.1125,0.0,794.84375,40.3625,17.641666666666666,2024-07-09,0.0437024434407552,816.3265347159197,3409.542143371324,3314.1271599221104,4580.906212444532,0.035675518575683,0.089675518575683,F4,6467.024740892151,191.0,191.0,7.8,17.441666666666666,793.8208333333333,40.175,61.29342566905385,0.908720758174994,1192.0935738400194,2024.0,7.8,27.8,12.8,821.3999999999999,0.9760311567902346,0.9933880841072713,1.1920935738400193,4568.740058867659,6429.364387139758,0.9896238973300147
377,2024-07-10,213.0,2024-07-10,6039.104166666667,0.0091000317160637,109.89717216771982,2638.443952910928,0.0513764904348847,2559.9414872719403,0.0434417724609375,5.680451213452923e-06,796.65,0.0225833333333333,0.07525,0.046536762853998,0.0057454782142366,0.0033262032520119,23.566666666666663,21.854166666666668,0.0,796.65,39.82083333333333,18.558333333333334,2024-07-10,0.0434417724609375,821.9757940422562,3418.1634785048914,3316.4617687817317,4576.601906329071,0.0345644850550753,0.0885644850550753,F4,6446.354836390921,192.0,192.0,8.2,18.325,795.5270833333334,39.61666666666667,62.17717488202165,0.8837492129678016,1272.0025185030347,2024.0,8.2,29.0,13.6,834.9999999999999,0.9744462119132902,0.9927854850048657,1.2720025185030348,4574.0059556246015,6439.384261552559,0.9944690968673598
378,2024-07-11,214.0,2024-07-11,6058.511111111111,0.0090850176294867,110.07533409809778,2675.865756101148,0.0439210891232673,2592.522085153072,0.0389004177517361,5.956046752372762e-06,796.5708333333333,0.021,0.0741951219512195,0.0451937773006651,0.0040984121790335,0.0023726748948778,22.041463414634148,21.134146341463413,0.22739999,796.5708333333333,38.175,19.99375,2024-07-11,0.0389004177517361,836.448718587365,3466.6442661386336,3358.670666060854,4626.951868830501,0.033567002608069,0.087567002608069,F4,6505.412271383993,193.0,193.0,10.2,19.83333333333333,795.475,38.0,63.01003595228678,0.8328610702651262,1434.8445751515962,2024.0,10.2,31.0,15.6,850.5999999999999,0.9796394519797479,0.9935962206621336,1.4348445751515961,4585.54679668783,6460.934525990163,1.0372803539028415
379,2024-07-12,215.0,2024-07-12,6142.041666666667,0.0090232994975776,110.83045110013218,2675.1538502107232,0.0439818251576104,2594.431972809616,0.0385983784993489,5.77014147475864e-06,795.9625,,,,,,,,0.0,795.9625,34.766666666666666,21.875,2024-07-12,0.0385983784993489,830.3279958982445,3465.7219760471207,3361.1449684724867,,,,F4,,194.0,194.0,11.8,21.875,794.9479166666666,34.766666666666666,63.75640235769055,0.7463664054037684,1711.6275027079412,2024.0,11.8,33.0,17.4,867.9999999999999,0.985181982722095,0.9935959137917827,1.7116275027079413,,,1.1089267494028732
380,2024-07-13,216.0,2024-07-13,6144.291666666667,0.009022064002823,110.8490534851091,2697.456451284603,0.0397804563101939,2626.6436102436,0.0343399047851562,4.993675602234854e-06,797.2291666666666,,,,,,,,0.0,797.2291666666666,29.066666666666663,22.3,2024-07-13,0.0343399047851562,825.6790817455184,3494.6154973145685,3402.875869194562,,,,F4,,195.0,195.0,12.2,22.3,796.1833333333334,29.066666666666663,64.44077838176743,0.6843760240768786,1909.9967229539889,2024.0,12.2,34.2,18.200000000000003,886.1999999999999,0.9866479430012262,0.9931450001387636,1.909996722953989,,,1.158360526611559
381,2024-07-14,217.0,2024-07-14,6092.458333333333,0.0090597224467479,110.38309266470732,2688.8806038012967,0.0412947117776257,2607.563398592812,0.0367685953776041,5.775741444173509e-06,797.9520833333332,,,,,,,,0.0,797.9520833333332,31.116666666666664,22.741666666666664,2024-07-14,0.0367685953776041,828.7934562927001,3483.5052940326964,3378.1570258949296,,,,F4,,196.0,196.0,13.4,22.741666666666664,796.8333333333334,31.116666666666664,65.12665290242795,0.6858745206605206,1905.201533886334,2024.0,13.4,31.8,17.6,903.8,0.9836175788087751,0.9934804905805381,1.905201533886334,,,1.2039169605663838
382,2024-07-15,218.0,2024-07-15,6043.166666666667,0.0090980580228126,109.92976067802972,2671.890390370449,0.0447940851604882,2557.7583155361463,0.0439554850260416,8.277469497084995e-06,796.9812499999999,,,,,,,,1.6424999,796.9812499999999,52.73333333333333,19.98333333333333,2024-07-15,0.0439554850260416,834.2567458309543,3461.494090430189,3313.6334206993847,,,,F4,,197.0,197.0,12.2,19.98333333333333,795.84375,52.73333333333333,66.06287544940618,0.9362225469782276,1104.0878496696714,2024.0,12.2,29.8,16.0,919.8,0.9851727891541444,0.991108755172534,1.1040878496696713,,,1.2438109150326897
383,2024-07-16,219.0,2024-07-16,5897.041666666667,0.009215961106305,108.56958048518676,2590.7399296250314,0.0629464170198052,2473.882089533215,0.0582440694173177,8.784134502084967e-06,795.9708333333333,,,,,,,,4.4405,795.9708333333333,61.98333333333333,18.183333333333334,2024-07-16,0.0582440694173177,896.3466981368404,3356.361843494339,3204.9698835710974,,,,F4,,198.0,198.0,11.0,18.183333333333334,794.8520833333333,61.98333333333333,67.06287544940618,1.0,793.7507206231767,2024.0,11.0,27.0,14.0,933.8,1.0131468292373138,0.9929933644011358,0.7937507206231766,,,1.2607323739415808
384,2024-07-17,220.0,2024-07-17,5369.291666666667,0.0096522561368962,103.61893812427884,2371.6191974104754,0.1202400121673229,2276.664998143494,0.0969594319661458,7.734388936263766e-06,797.6458333333334,,,,,,,,6.4536,797.6458333333334,62.04166666666666,16.491666666666667,2024-07-17,0.0969594319661458,892.2126763185074,3072.486006976113,2949.47070634523,,,,F4,,199.0,199.0,6.6,16.491666666666667,796.4645833333334,62.04166666666666,68.06287544940618,1.0,712.1669692012509,2024.0,6.6,29.8,13.2,947.0,1.0382515645268309,0.9952116690039351,0.7121669692012509,,,1.2400639946176366
385,2024-07-18,221.0,2024-07-18,5584.270833333333,0.0094636000382917,105.67687856014592,2438.287610009679,0.100027459669179,2342.976709341105,0.0817921956380208,7.539275637643193e-06,797.1958333333333,,,,,,,,0.0,797.1958333333333,48.8,19.933333333333334,2024-07-18,0.0817921956380208,874.0638343427235,3158.856434843294,3035.379019524582,,,,F4,,200.0,200.0,11.4,19.933333333333334,796.0395833333333,48.8,68.97154162284644,0.9086661734402632,1192.2682449911576,2024.0,11.4,30.6,16.0,963.0,1.0540093493013467,0.997889677424652,1.1922682449911577,,,1.2550786000085545
386,2024-07-19,222.0,2024-07-19,5622.770833333333,0.0094310870568254,106.04077235475712,2473.806883838981,0.0901745041741413,2366.7941475759417,0.0767771402994791,8.377544834574507e-06,797.7958333333332,,,,,,,,0.2654,797.7958333333332,54.88333333333333,19.08333333333333,2024-07-19,0.0767771402994791,866.6415881758234,3204.872452902872,3066.2350464021074,,,,F4,,201.0,201.0,13.0,19.08333333333333,796.6083333333332,54.88333333333333,69.94136771628366,0.9698260934372164,996.5565010009072,2024.0,11.8,28.2,15.0,978.0,1.0422504704943565,1.0008995356301202,0.9965565010009072,,,1.2600584400410921
387,2024-07-20,223.0,2024-07-20,5709.1875,0.0093594338008291,106.85254872295133,2505.76853244618,0.0818233477556539,2410.5790614250664,0.0682029724121093,7.317501825878654e-06,797.6,,,,,,,,0.1708,797.6,51.05,18.441666666666663,2024-07-20,0.0682029724121093,845.691644623342,3246.2794874777023,3122.9593869981777,,,,F4,,202.0,202.0,9.0,18.441666666666663,796.4145833333333,51.05,70.89801670563992,0.9566489893562494,1038.723234060002,2024.0,9.0,29.0,14.0,992.0,1.0238349462159577,1.002477597507198,1.0387232340600019,,,1.2485587141863488
388,2024-07-21,224.0,2024-07-21,5867.895833333333,0.0092316847280147,108.32876901930248,2547.9456800956937,0.0713696188657435,2455.191355981968,0.0600560506184895,7.000089656378109e-06,796.4229166666668,,,,,,,,0.0,796.4229166666668,51.9,17.866666666666667,2024-07-21,0.0600560506184895,838.5061150321507,3300.9209308041823,3180.7556179086214,,,,F4,,203.0,203.0,8.2,17.866666666666667,795.2833333333333,51.9,71.87161474044348,0.973598034803564,984.486288628595,2024.0,8.2,27.8,13.0,1005.0,1.0097592901226218,1.0035401641798465,0.984486288628595,,,1.2326135033534362
389,2024-07-22,225.0,2024-07-22,6012.333333333333,0.0091200394179695,109.65424299199267,2591.916971185916,0.0613442614531796,2505.1531742967104,0.0517845153808593,6.416688434392997e-06,796.2208333333333,,,,,,,,0.0,796.2208333333333,48.13333333333333,17.400000000000002,2024-07-22,0.0517845153808593,839.1743137632968,3357.8867273076407,3245.482277155915,,,,F4,,204.0,204.0,7.0,17.400000000000002,795.05625,48.13333333333333,72.83074077940893,0.9591260389654456,1030.7966753105743,2024.0,7.0,27.0,12.0,1017.0,0.9988862668818691,1.004884202130772,1.0307966753105744,,,1.2341859221805893
390,2024-07-23,226.0,2024-07-23,6057.666666666667,0.0090859838567147,110.0663243744932,2625.255206735228,0.0541300313560089,2545.797925456592,0.045575459798177,5.789141821919671e-06,796.44375,,,,,,,,0.0,796.44375,39.525,19.308333333333334,2024-07-23,0.045575459798177,833.4001709788205,3401.0771612248477,3298.1384663671165,,,,F4,,205.0,205.0,8.2,19.308333333333334,795.2770833333334,39.525,73.68866206993867,0.8579212905297514,1354.6518703047957,2024.0,8.2,29.8,14.0,1031.0,0.9940206410977895,1.0063324870016739,1.3546518703047956,,,1.2457972290709305
391,2024-07-24,227.0,2024-07-24,5938.9375,0.0091764654938945,108.98190816306844,2652.0240772032325,0.0486958035128291,2573.578981419478,0.0415293375651041,5.6427343754120765e-06,798.3291666666668,,,,,,,,0.0,798.3291666666668,36.3,19.8,2024-07-24,0.0415293375651041,829.8031951518572,3435.756834936927,3334.129449151447,,,,F4,,206.0,206.0,11.4,19.8,797.1395833333332,36.3,74.51017956527441,0.821517495335741,1471.1440149256289,2024.0,11.4,31.4,16.4,1047.4,0.9905755577342328,1.0069964525700486,1.471144014925629,,,1.2600216216725444
392,2024-07-25,228.0,2024-07-25,5928.4375,0.0091845312162994,108.88575912366366,2639.663120068284,0.05116814578669,2550.7830632532346,0.0447934468587239,6.4517556880657806e-06,798.7416666666667,,,,,,,,0.0,798.7416666666667,37.75833333333333,21.383333333333336,2024-07-25,0.0447934468587239,827.8539688650396,3419.742936975809,3304.5968244963456,,,,F4,,207.0,207.0,12.2,21.383333333333336,797.5479166666668,37.75833333333333,75.29618613390572,0.7860065686313127,1584.7789803797996,2024.0,12.2,32.2,17.200000000000003,1064.6,0.9860943568941543,1.006267396041002,1.5847789803797996,,,1.2707312220459872
393,2024-07-26,229.0,2024-07-26,6012.583333333333,0.0091203430958929,109.65453310220155,2636.8120452889184,0.0517665437471889,2527.0714694174326,0.0483652750651041,8.042659877255631e-06,795.6770833333334,,,,,,,,0.011,795.6770833333334,48.45,20.133333333333333,2024-07-26,0.0483652750651041,858.5936897342119,3416.049305479653,3273.877921418166,,,,F4,,208.0,208.0,14.2,20.133333333333333,794.4833333333332,48.45,76.19763336479537,0.9014472308896512,1215.368861153116,2024.0,14.2,27.8,16.0,1080.6,0.9960673054594031,1.0086650561596684,1.2153688611531162,,,1.2352841762206428
394,2024-07-27,230.0,2024-07-27,5535.145833333333,0.0095104512139272,105.19257290933592,2396.133240600729,0.1149026251549928,2276.6917060735445,0.0985628763834635,9.71020201572543e-06,792.4708333333333,,,,,,,,10.4035,792.4708333333333,70.5,17.791666666666668,2024-07-27,0.0985628763834635,901.4137671898224,3104.244501239737,2949.505307069261,,,,F4,,209.0,209.0,10.2,17.791666666666668,791.34375,70.5,77.19763336479537,1.0,600.9465533422526,2024.0,10.2,28.2,14.2,1094.8000000000002,1.024414618059786,1.0150893115111683,0.6009465533422527,,,1.1417805926769473
395,2024-07-28,231.0,2024-07-28,5835.791666666667,0.0092576628979997,108.02959912328303,2446.0966210980337,0.0979116492966486,2368.4188802339013,0.0766792297363281,6.100445352986879e-06,790.5291666666667,,,,,,,,1.1128,790.5291666666667,43.64166666666667,19.45,2024-07-28,0.0766792297363281,883.7619081893491,3168.9731843296736,3068.339924100057,,,,F4,,210.0,210.0,8.6,19.45,789.4416666666666,43.64166666666667,78.08087975774038,0.8832463929450142,1273.611542575955,2024.0,8.6,28.6,13.6,1108.4,1.0465459848086676,1.0197520544695504,1.2736115425759549,,,1.096667021869063
396,2024-07-29,232.0,2024-07-29,5950.291666666667,0.0091679580367335,109.08504443047448,2533.2628212018826,0.0750661743730854,2473.626555209275,0.0569941202799479,4.46421670105954e-06,793.3916666666668,,,,,,,,0.0,793.3916666666668,31.25,19.416666666666668,2024-07-29,0.0569941202799479,862.8535216267625,3281.898956895852,3204.6388331075723,,,,F4,,211.0,211.0,10.2,19.416666666666668,792.2916666666666,31.25,78.87762117619039,0.7967414184500183,1550.4274609599415,2024.0,10.2,29.8,15.0,1123.4,1.0482322551853265,1.022177798880636,1.5504274609599416,,,1.128548422675511
397,2024-07-30,233.0,2024-07-30,6006.770833333333,0.0091241273322367,109.60404539573636,2589.081085019682,0.0620144036600537,2530.8444823212844,0.0477739969889322,4.258888670307164e-06,793.3770833333333,,,,,,,,0.0,793.3770833333333,29.10833333333333,19.575,2024-07-30,0.0477739969889322,846.5080461044123,3354.212773001383,3278.765944488599,,,,F4,,212.0,212.0,9.8,19.575,792.3000000000001,29.10833333333333,79.65432916826443,0.7767079920740404,1614.5344253630708,2024.0,9.8,30.2,15.0,1138.4,1.0264976202723084,1.0179501953043815,1.614534425363071,,,1.187175830156932
398,2024-07-31,234.0,2024-07-31,6014.291666666667,0.0091187641701771,109.67125962284956,2612.171821836791,0.0570833916912613,2555.6036506027813,0.0442288716634114,4.105813264277065e-06,794.1645833333333,,,,,,,,0.0,794.1645833333333,30.183333333333334,19.15,2024-07-31,0.0442288716634114,841.0857926230926,3384.127341849029,3310.8420038206905,,,,F4,,213.0,213.0,6.2,19.15,793.0854166666667,30.183333333333334,80.45165346140209,0.797324293137659,1548.5622619594917,2024.0,6.2,31.0,13.6,1152.0,1.0096041204146986,1.013613316445522,1.5485622619594916,,,1.246918351068235
399,2024-08-01,235.0,2024-08-01,5798.354166666667,0.0092871140949509,107.68402978729117,2664.654949288834,0.0461648497152948,2608.61903662277,0.036712646484375,3.977588858857927e-06,797.7104166666667,0.0317272727272727,0.0753181818181818,0.0515529392206422,0.0118974235568984,0.0068877206474234,23.138636363636365,22.01136363636364,0.0,797.7104166666667,27.28333333333333,20.08333333333333,2024-08-01,0.036712646484375,841.1261960125339,3452.1204137868917,3379.524628703601,4675.440215544956,0.0382901750778742,0.0922901750778742,F4,6653.795509826913,214.0,214.0,8.2,20.21632653061225,796.5163265306123,27.03673469387755,81.1925699742619,0.7409165128598172,1729.067158848585,2024.0,8.2,33.0,15.6,1167.6,1.0010032773599846,1.0108193548932014,1.729067158848585,,,1.2852611306294794
400,2024-08-02,236.0,2024-08-02,5695.645833333333,0.0093710028876486,106.72404971747156,2672.8272118599966,0.0445328893293894,2597.2922929304464,0.0382741292317708,5.393743526497871e-06,799.4354166666667,0.0256666666666666,0.0753333333333333,0.0482556603285593,0.007853570621724,0.0045466314844176,25.495833333333334,23.48958333333333,0.0,799.4354166666667,33.141666666666666,21.78333333333333,2024-08-02,0.0382741292317708,838.6352210901083,3462.707763738624,3364.850577516434,4654.727290727701,0.035841170463063,0.089841170463063,F4,6569.720566869588,215.0,215.0,10.2,21.78333333333333,798.2833333333333,33.141666666666666,81.92867056001359,0.7361005857516835,1744.478125594613,2024.0,10.2,34.2,17.200000000000003,1184.8,0.9978867901517792,1.0084436923738294,1.744478125594613,,,1.3386841038147443
401,2024-08-03,237.0,2024-08-03,5836.458333333333,0.0092567838934418,108.03714574415164,2688.553759215562,0.0414332232593559,2609.43165511418,0.0366007486979166,5.62059824820854e-06,797.6958333333333,0.0216666666666666,0.075,0.0459233041559473,0.0049931194244852,0.0028906436415081,25.81875,23.89583333333333,0.0,797.6958333333333,35.40833333333333,21.316666666666663,2024-08-03,0.0366007486979166,835.4049311383537,3483.081859521278,3380.577394234675,4656.849893010908,0.0341088477760664,0.0881088477760664,F4,6560.224512929583,216.0,216.0,7.8,21.316666666666663,796.6270833333333,35.40833333333333,82.69807328998209,0.7694027299685047,1637.911264100785,2024.0,7.8,33.0,15.4,1200.2,0.9956379998996638,1.007571113663459,1.6379112641007851,,,1.3814832488176574
402,2024-08-04,238.0,2024-08-04,5975.75,0.0091479437702377,109.3200042544736,2678.2299172652133,0.0434494826096468,2583.506790056764,0.040130615234375,6.791775792991009e-06,795.4770833333333,0.0195,0.07425,0.0337697875046079,0.0099122117870226,0.0057384311368424,25.915384615384617,23.9475,0.0,795.4770833333333,34.38333333333333,23.53333333333333,2024-08-04,0.040130615234375,857.0352862614036,3469.7070900956837,3346.991148513344,4503.297342949741,0.025082004933994,0.079082004933994,F4,6279.182242918335,217.0,217.0,15.4,23.53333333333333,794.3770833333333,34.38333333333333,83.38439516101855,0.6863218710364501,1903.7700126833597,2024.0,14.6,31.8,18.2,1218.4,1.0019356727381565,1.0091428654536732,1.9037700126833597,,,1.4471463719644262
403,2024-08-05,239.0,2024-08-05,5414.770833333333,0.0096141742886475,104.0474715837188,2511.495626425497,0.0813532435490073,2378.186031525143,0.0754165649414062,1.040351291464386e-05,797.5,0.0585833333333333,0.073,0.0651402056546545,0.0285611359841684,0.0165347669679255,23.664583333333336,23.589583333333334,6.0534997,797.5,71.825,18.3,2024-08-05,0.0754165649414062,892.6169463043187,3253.6990665278727,3080.993488257037,4537.349961071477,0.0483819141417012,0.1023819141417012,F4,6266.311594200987,218.0,218.0,11.4,18.3,796.3604166666668,71.825,84.38439516101855,1.0,592.589302654982,2024.0,11.4,29.4,15.4,1233.8000000000002,1.0233045404319365,1.0136761795631293,0.592589302654982,,,1.4158458453461695
404,2024-08-06,240.0,2024-08-06,5490.041666666667,0.0095456290708491,104.77719686889304,2525.088967368436,0.0773283399945692,2413.687122100953,0.0679639180501302,8.561330647632316e-06,798.2895833333333,0.065625,0.0721666666666666,0.0686002281920445,0.032804581185965,0.0189914051629806,22.075,21.75625,1.7231,798.2895833333333,51.78333333333333,20.73333333333333,2024-08-06,0.0679639180501302,886.1495001002698,3271.309545428043,3126.985949502782,4594.1034812257085,0.0509517941666408,0.1049517941666408,F4,6408.182116148752,219.0,219.0,12.6,20.73333333333333,797.0854166666667,51.78333333333333,85.29700478421223,0.9126096231936917,1179.6492057801872,2024.0,12.6,31.0,16.8,1250.6,1.0433919677237127,1.0181506836547283,1.1796492057801873,,,1.4033456550229833
405,2024-08-07,241.0,2024-08-07,5628.208333333333,0.009427670166407,106.0877118090835,2545.563255070509,0.0722157983990041,2429.667951675297,0.0648714701334635,8.845811113182458e-06,796.3979166666667,0.06075,0.0729166666666666,0.0662835454272421,0.0299633521892888,0.0173465455401492,22.33333333333333,22.133333333333336,2.3927,796.3979166666667,55.40833333333333,20.55,2024-08-07,0.0648714701334635,892.0877988772138,3297.834445604306,3147.689473618565,4609.677546556964,0.0492311126690345,0.1032311126690345,F4,6417.896271914972,220.0,220.0,13.0,20.55,795.2687500000001,55.40833333333333,86.24115756503184,0.944152780819604,1078.7111013772676,2024.0,12.6,30.2,16.4,1267.0000000000002,1.0572676358586135,1.0234340250517546,1.0787111013772677,,,1.375314732626672
406,2024-08-08,242.0,2024-08-08,5707.041666666667,0.0093622553848419,106.8284116800026,2560.85617671102,0.0686607741768411,2449.596246492832,0.0614217122395833,8.43321479570488e-06,795.4812499999999,0.05575,0.0725833333333333,0.0634060012075542,0.0264342707801247,0.0153034706868341,20.60625,20.76458333333333,3.1022,795.4812499999999,62.333333333333336,17.641666666666666,2024-08-08,0.0614217122395833,870.306503017859,3317.646769521045,3173.507027733757,4609.972015985146,0.0470938597086436,0.1010938597086436,F4,6427.929341981242,221.0,221.0,9.8,17.641666666666666,794.3208333333333,62.333333333333336,87.24115756503184,1.0,760.0915001045892,2024.0,9.8,29.4,14.6,1281.6,1.0484359634938252,1.027035095263059,0.7600915001045891,,,1.3164084840355856
407,2024-08-09,243.0,2024-08-09,5792.1875,0.0092928200810635,107.62385911199397,2604.077266183692,0.0589209648221017,2495.361407345371,0.0535990397135416,8.07680786474955e-06,795.5437499999999,0.0509583333333333,0.0732083333333333,0.0610778992858926,0.023579037086699,0.0136505033893873,20.522916666666667,20.75,0.0,795.5437499999999,55.425,17.849999999999998,2024-08-09,0.0535990397135416,891.6853418021784,3373.6406629572443,3232.796822857683,4664.973386554071,0.0453646968029549,0.0993646968029549,F4,6514.05758494119,222.0,222.0,12.2,17.849999999999998,794.3375,55.425,88.23760076900372,0.996443203971872,911.38174729001,2024.0,11.8,25.0,13.4,1295.0000000000002,1.0506273471228658,1.0298421211540416,0.91138174729001,,,1.2946951187596494
408,2024-08-10,244.0,2024-08-10,5437.375,0.0095922584249756,104.27153013016918,2489.795409207402,0.08627235035359,2370.331168181489,0.0764325459798177,9.349380885333284e-06,796.9916666666667,0.0739583333333333,0.071625,0.0728971054431773,0.0380743628006772,0.0220422155726024,18.504166666666663,18.73333333333333,6.2405,796.9916666666667,74.94166666666666,15.916666666666666,2024-08-10,0.0764325459798177,901.3460535163298,3225.585947092957,3070.8173361427184,4568.648299323363,0.0541432355222896,0.1081432355222896,F4,6352.492040506772,223.0,223.0,8.6,15.916666666666666,795.74375,74.94166666666666,89.23760076900372,1.0,453.2127561719393,2024.0,8.6,27.4,13.0,1308.0000000000002,1.0542922618263797,1.0298363772874533,0.4532127561719393,,,1.2841427046760554
409,2024-08-11,245.0,2024-08-11,4715.770833333333,0.0103166420383422,97.05179406961253,2192.380206351149,0.1975582269141893,2086.5208865064915,0.1597607930501302,9.427426112413176e-06,797.1083333333332,0.1933333333333333,0.1821666666666666,0.1882545998590152,0.1795512465146796,0.1039467765416063,19.92083333333333,19.60833333333333,21.866,797.1083333333332,73.325,16.208333333333332,2024-08-11,0.1597607930501302,860.3941151606275,2840.2778630482826,2703.134733457388,4748.284751006787,0.1398232903262009,0.1938232903262009,F4,6673.500298654652,224.0,224.0,9.0,16.208333333333332,795.9416666666666,73.325,90.23760076900372,1.0,491.5199731303646,2024.0,9.0,26.2,12.6,1320.6,1.050368406043518,1.0278541855276697,0.49151997313036455,,,1.2282790211442278
410,2024-08-12,246.0,2024-08-12,4789.375,0.0102190371654767,97.86625334121446,2201.3063518932804,0.1853132158763436,2099.0125034498337,0.1488914489746093,9.03023739348628e-06,795.9666666666667,0.1739583333333333,0.1825,0.1778431854312259,0.1667824665081644,0.0965546055162849,20.02083333333333,20.079166666666666,2.0772,795.9666666666667,61.98333333333333,18.116666666666667,2024-08-12,0.1488914489746093,857.6972107678085,2851.84188534342,2719.317904138765,4714.113137451635,0.1320903678726013,0.1860903678726013,F4,6635.629562363382,225.0,225.0,9.0,18.116666666666667,794.8208333333333,61.98333333333333,91.23760076900372,1.0,790.434355816354,2024.0,9.0,25.0,12.0,1332.6,1.0369140773359742,1.0274167973291803,0.790434355816354,,,1.173993799348257
411,2024-08-13,247.0,2024-08-13,4883.604166666667,0.0101198109428521,98.824826844836,2298.478760555093,0.1498338244011185,2180.512053811512,0.125640869140625,9.999864198151176e-06,794.7583333333333,0.1489583333333333,0.1654166666666666,0.156443780058541,0.1405377807962279,0.0813608904401809,18.04375,18.772916666666667,0.9345,794.7583333333333,78.77499999999999,15.2,2024-08-13,0.125640869140625,874.7972858937123,2977.730926131914,2824.902404523361,4800.651895419603,0.1161962793750358,0.1701962793750357,F4,6711.80944400036,226.0,226.0,11.4,15.2,793.63125,78.77499999999999,92.23760076900372,1.0,366.6467760585928,2024.0,11.4,18.6,10.0,1342.6,1.026404648441114,1.0298164547521975,0.3666467760585928,,,1.0848589672550801
412,2024-08-14,,,,,,,,,,,,,,,,,,,,,,,,,,,,,,,,,,227.0,7.8,15.266666666666666,794.38125,75.19166666666666,93.23760076900372,1.0,430.3861914829854,2024.0,7.8,24.6,11.2,1353.8000000000002,,,0.4303861914829854,,,1.0049892479353297
413,2024-08-15,,,,,,,,,,,,,,,,,,,,,,,,,,,,,,,,,,228.0,9.4,17.491666666666667,795.11875,55.025,94.23760076900372,1.0,899.0210905949654,2024.0,9.4,27.4,13.4,1367.2000000000005,,,0.8990210905949654,,,0.945700243060071
414,2024-08-16,248.0,2024-08-16,5087.770833333333,0.0099142347160869,100.87094423632308,2358.918858984028,0.1320969905115888,2275.2606666866227,0.102698008219401,6.795356025780894e-06,795.1395833333332,0.15525,0.1759166666666666,0.1646494470270962,0.1506013852233602,0.0871869666211932,19.247916666666665,18.735416666666666,0.0,795.1395833333332,46.74166666666667,19.05,2024-08-16,0.102698008219401,863.9934629578439,3056.032432919313,2947.6513633600225,4975.871080533462,0.1222909158711621,0.176290915871162,F4,7077.893032570673,229.0,229.0,11.0,19.05,794.0229166666667,46.74166666666667,95.15199120778638,0.9143904387826628,1173.9505958954787,2024.0,11.0,29.4,15.2,1382.4000000000003,,,1.1739505958954788,,,0.90494827665299
415,2024-08-17,249.0,2024-08-17,5180.104166666667,0.0098257330063449,101.78125772509122,2328.2790571357227,0.1348369189567544,2250.4076162927604,0.1034138997395833,6.4063717786739935e-06,796.4187499999999,0.1212083333333333,0.1545416666666666,0.1363687317641337,0.1159173147616353,0.0671074773844337,20.0125,19.710416666666667,0.0,796.4187499999999,42.54166666666666,19.03333333333333,2024-08-17,0.1034138997395833,858.2804045317567,3016.337880548415,2915.453677639992,4738.213429788798,0.1012858373030568,0.1552858373030568,F4,6738.686132181208,230.0,230.0,11.0,19.03333333333333,795.2875,42.54166666666666,96.03786195969224,0.8858707519058531,1265.21359390127,2024.0,11.0,29.8,15.4,1397.8000000000004,,,1.26521359390127,,,0.8783270144958818
416,2024-08-18,250.0,2024-08-18,4946.479166666667,0.0100560312420808,99.45648675842828,2309.7351274331504,0.1415410974046721,2196.779284248624,0.1180737813313802,9.530153070744048e-06,798.2333333333332,0.1051666666666666,0.1371666666666667,0.119720649160235,0.0954997523090176,0.0552872319504204,19.335416666666667,19.391666666666666,1.4934,798.2333333333332,70.77499999999999,16.891666666666666,2024-08-18,0.1180737813313802,857.8493807240808,2992.3138025734543,2845.9769673978967,4590.457214005885,0.0889207227770755,0.1429207227770755,F4,6414.573292186694,231.0,231.0,9.4,16.891666666666666,797.0020833333333,70.77499999999999,97.03786195969224,1.0,562.4252440409628,2024.0,9.4,26.2,12.8,1410.6000000000004,1.021351431543546,,0.5624252440409627,,,0.7825166738785677
417,2024-08-19,251.0,2024-08-19,5084.395833333333,0.0099181339799846,100.83541582965304,2350.010150827416,0.1273599888653458,2242.129836761827,0.1055768330891927,8.914521808457508e-06,798.4333333333334,0.092875,0.124125,0.1070878735288753,0.0800066476951089,0.0463178802221603,19.06458333333333,18.95625,0.4806,798.4333333333334,64.10000000000001,17.400000000000002,2024-08-19,0.1055768330891927,855.2311285002628,3044.491001149276,2904.7296280938435,4580.520810024469,0.0795379174907654,0.1335379174907655,F4,6412.536372204633,232.0,232.0,9.8,17.400000000000002,797.2020833333332,64.10000000000001,98.03786195969224,1.0,713.4755908158666,2024.0,9.8,27.4,13.6,1424.2000000000005,1.017882828697496,,0.7134755908158665,,,0.7911514087472024
418,2024-08-20,252.0,2024-08-20,5263.583333333333,0.0097480408564476,102.59618173114715,2395.692645830137,0.1127882662947647,2290.82612285544,0.0935211181640625,8.476158228447639e-06,798.4291666666667,0.0810416666666666,0.112875,0.095519847168081,0.0658193742237642,0.0381045073055876,18.61458333333333,18.675,0.14649999,798.4291666666667,58.19166666666666,18.066666666666663,2024-08-20,0.0935211181640625,851.4337720912238,3103.6737008056416,2967.8167618873704,4581.344622353802,0.0709459388110528,0.1249459388110528,F4,6418.690129289495,233.0,233.0,9.8,18.066666666666663,797.21875,58.19166666666666,99.03786195969224,1.0,866.5432871521907,2024.0,9.8,28.6,14.200000000000005,1438.4000000000003,1.0151725636552222,,0.8665432871521908,,,0.7687867002737742
419,2024-08-21,253.0,2024-08-21,5285.291666666667,0.0097319512972136,102.79383433639798,2380.90077882098,0.1185144432407316,2271.682155129672,0.0994898478190104,8.945780754187865e-06,797.6791666666667,0.077375,0.103375,0.0892001107760243,0.0580687151515487,0.0336174539307514,19.204166666666666,18.922916666666666,2.7324998,797.6791666666667,61.15,18.075,2024-08-21,0.0994898478190104,882.3407353327522,3084.510504432333,2943.015321158754,4503.3585921025415,0.0662520490628428,0.1202520490628428,F4,6290.64258951515,234.0,234.0,11.8,18.075,796.4895833333334,61.15,100.03786195969224,1.0,805.6489805534545,2024.0,11.8,25.8,13.8,1452.2000000000005,1.0248675579185103,,0.8056489805534546,,,0.7492822630720731
420,2024-08-22,254.0,2024-08-22,5094.083333333333,0.0099116461009428,100.921286990232,2289.307676154905,0.1506255282404003,2168.757312289684,0.1274846394856771,1.030209570839618e-05,796.78125,0.1449583333333333,0.1010416666666666,0.1249845084007537,0.1019554611940702,0.0590246057749868,17.78125,18.09375,9.9612,796.78125,80.39999999999999,15.291666666666666,2024-08-22,0.1274846394856771,887.066126380597,2965.849580037592,2809.6738725225773,4585.105034310396,0.0928303755524898,0.1468303755524898,F4,6384.946885327071,235.0,235.0,11.4,15.291666666666666,795.55625,80.39999999999999,101.03786195969224,1.0,340.57618140293243,2024.0,11.4,19.8,10.6,1462.8000000000002,1.037469560819254,,0.34057618140293244,,,0.7193168831648119
421,2024-08-23,255.0,2024-08-23,5064.708333333333,0.0099368057348477,100.64199559023534,2275.1342252426216,0.1542825613605035,2154.693696666231,0.1303329467773437,1.0351680120322016e-05,795.1083333333332,0.1590416666666666,0.1034166666666666,0.1337427517852684,0.1126967570858072,0.0652430147557029,17.131249999999998,17.333333333333332,2.0483,795.1083333333332,81.20833333333333,15.233333333333334,2024-08-23,0.1303329467773437,884.6070839175696,2947.4875556257034,2791.45414219752,4613.427218026286,0.0993354299225697,0.1533354299225697,F4,6427.441669622931,236.0,236.0,11.4,15.233333333333334,793.8854166666666,81.20833333333333,102.03786195969224,1.0,325.30885044143366,2024.0,11.8,23.0,12.4,1475.2000000000005,1.0506013402977483,,0.32530885044143365,,,0.6774545333899137
422,2024-08-24,256.0,2024-08-24,5073.625,0.0099288763273409,100.72779268966735,2272.994354709148,0.155149866488666,2162.175332184439,0.1282323201497396,9.50587003820344e-06,795.8666666666667,0.1592083333333333,0.1039166666666666,0.1340610224362431,0.1130870909787679,0.0654689889593678,17.385416666666668,17.508333333333333,3.0135999,795.8666666666667,76.56666666666666,15.291666666666666,2024-08-24,0.1282323201497396,888.269849817219,2944.7153052247886,2801.1467692702336,4611.111005645545,0.0995718206915967,0.1535718206915967,F4,6453.221957051855,237.0,237.0,9.4,15.291666666666666,794.6354166666666,76.56666666666666,103.03786195969224,1.0,407.1854685820773,2024.0,9.4,22.2,10.8,1486.0000000000002,1.0529484024277023,,0.4071854685820773,,,0.6741668699906379
423,2024-08-25,257.0,2024-08-25,5015.9375,0.0099879007313392,100.14656100150188,2272.774526994051,0.15566815817478,2164.935965809431,0.12762451171875,9.232245278184394e-06,797.0187500000001,0.1645,0.1035,0.1367564708716352,0.1163928462466172,0.0673827746378219,16.458333333333332,16.8625,0.9317,797.0187500000001,76.925,14.225,2024-08-25,0.12762451171875,894.8164794020644,2944.4305134760466,2804.7232322169143,4627.69698055644,0.1015738247298693,0.1555738247298693,F4,6487.324522015559,238.0,238.0,9.0,14.225,795.7916666666666,76.925,104.03786195969224,1.0,374.2987467452541,2024.0,9.0,19.0,9.0,1495.0000000000002,1.056016408639779,,0.3742987467452541,,,0.6657939252488443
424,2024-08-26,258.0,2024-08-26,4939.270833333333,0.0100633811189876,99.38391251308664,2246.977834378378,0.1657747479076566,2151.1812539056427,0.1317977905273437,8.261612080309925e-06,798.3895833333332,0.200625,0.1085416666666666,0.1587443993349138,0.1433593091891756,0.0829943448831916,16.183333333333334,16.179166666666667,3.4680998,798.3895833333332,68.09166666666667,15.208333333333334,2024-08-26,0.1317977905273437,884.7222233465667,2911.010318035538,2786.9036936077982,4706.309266783524,0.1179050299567014,0.1719050299567014,F4,6641.7213453279655,239.0,239.0,10.2,15.208333333333334,797.11875,68.09166666666667,105.03786195969224,1.0,551.4890791797092,2024.0,10.2,24.6,12.4,1507.4000000000003,1.0560619870131047,,0.5514890791797091,,,0.6487264054890838
425,2024-08-27,259.0,2024-08-27,5068.708333333333,0.0099337651399444,100.6787337397862,2310.1066815895933,0.1414617298827391,2222.686219971765,0.110992431640625,7.296758164260394e-06,798.6437500000001,0.1603333333333333,0.111875,0.1382939041145572,0.118278387062395,0.0684743621018037,17.022916666666667,16.835416666666667,0.0,798.6437500000001,58.925,16.066666666666666,2024-08-27,0.110992431640625,869.4775200853734,2992.795159339225,2879.539985263451,4713.505211269428,0.1027157302920347,0.1567157302920347,F4,6674.244835998362,240.0,240.0,8.6,16.066666666666666,797.4187499999999,58.925,106.03786195969224,1.0,750.0474964986088,2024.0,8.6,25.8,12.2,1519.6000000000004,1.048622973048579,,0.7500474964986088,,,0.6761121712347993
426,2024-08-28,260.0,2024-08-28,5360.354166666667,0.0096611882718208,103.52946212409717,2350.7624098681777,0.1277373851375147,2273.021647173729,0.0983085632324218,6.342868151071919e-06,795.9583333333334,0.1127916666666666,0.1071666666666666,0.110233349431469,0.0838643262165605,0.0485511882889238,17.508333333333333,17.477083333333333,0.0,795.9583333333334,50.55,16.533333333333335,2024-08-28,0.0983085632324218,857.9279722875349,3045.465569654576,2944.750663226449,4604.827101568958,0.0818741727040341,0.1358741727040341,F4,6535.878308967211,241.0,241.0,8.6,16.533333333333335,794.8020833333334,50.55,107.02841387316629,0.9905519134740292,930.2338768831066,2024.0,8.6,26.6,12.6,1532.2000000000005,1.0340205196289551,,0.9302338768831067,,,0.7118155773348079
427,2024-08-29,261.0,2024-08-29,5550.916666666667,0.0094920574447402,105.3605633267248,2449.394492996366,0.0970518397697331,2372.8285623760744,0.0757344563802083,5.9832719182841134e-06,794.6208333333334,0.0814583333333333,0.1003749999999999,0.0900618594428125,0.0591255820377383,0.034229301011657,18.09375,17.766666666666666,0.0,794.6208333333334,45.875,16.891666666666666,2024-08-29,0.0757344563802083,862.6390480403778,3173.2456515417325,3074.052766487162,4639.962886762535,0.0668921000051029,0.1208921000051029,F4,6582.430939456251,242.0,242.0,8.6,16.891666666666666,793.4499999999999,45.875,107.9841584589905,0.9557445858242398,1041.617325362433,2024.0,8.6,26.6,12.6,1544.8000000000002,1.0252788121436174,1.0347606966227483,1.0416173253624328,4647.979318123719,6538.588000836789,0.7220010226753413
428,2024-08-30,262.0,2024-08-30,5542.1875,0.0094994721966866,105.27789987767072,2486.0827919751514,0.087115068700469,2416.662050320327,0.0671793619791666,5.320002621671274e-06,798.1166666666667,0.0652916666666666,0.0937083333333333,0.078215906328924,0.0445974532875265,0.025818598317691,18.08333333333333,17.891666666666666,0.0,798.1166666666667,43.86666666666667,15.916666666666666,2024-08-30,0.0671793619791666,839.206389846665,3220.7761679733567,3130.840035915882,4608.747411288218,0.05809369538352,0.11209369538352,F4,6548.363516697586,243.0,243.0,7.0,15.916666666666666,796.8895833333332,43.86666666666667,108.9481444577461,0.9639859987555932,1015.2448039821022,2024.0,7.0,26.6,11.8,1556.6,1.0132958720940866,1.0326581132932167,1.0152448039821023,4621.756198891916,6500.764463988712,0.7106648946815287
429,2024-08-31,263.0,2024-08-31,5603.3125,0.0094474309331573,105.8571883398196,2521.1166132629046,0.0779911508030366,2456.731899593298,0.0598500569661458,4.853348993697696e-06,798.4895833333334,0.0555416666666666,0.0879166666666666,0.0702662036425815,0.0348477688980383,0.020174258418873,18.558333333333334,18.245833333333334,0.0,798.4895833333334,40.41666666666666,16.183333333333334,2024-08-31,0.0598500569661458,835.8400228758896,3266.163271347733,3182.751426803285,4602.17987879486,0.0521891725322755,0.1061891725322755,F4,6546.501963734614,244.0,244.0,7.0,16.183333333333334,797.2791666666667,40.41666666666666,109.886848273112,0.9387038153659072,1096.1477908290967,2024.0,7.0,28.2,12.6,1569.2,1.0045522747612596,1.0307545899459336,1.0961477908290966,4612.039516678064,6487.037023385384,0.6985887658906592
430,2024-09-01,264.0,2024-09-01,5676.604166666667,0.0093864140725627,106.5465928702422,2538.351831423452,0.073914394146553,2470.650595596036,0.0575777689615885,5.075995250807408e-06,797.9958333333334,0.0473333333333333,0.0840833333333333,0.0640476726032908,0.0272212302221353,0.0157590614936587,20.008333333333333,19.297916666666666,0.0,797.9958333333334,34.666666666666664,18.341666666666665,2024-09-01,0.0575777689615885,833.5398431886741,3288.4918840876207,3200.7834105005254,4575.546563477868,0.0475704515471818,0.1015704515471818,F4,6493.052002268989,245.0,245.0,9.8,18.341666666666665,796.7604166666666,34.666666666666664,110.73756209116624,0.8507138180542293,1377.7157822264664,2024.0,9.8,28.2,14.0,1583.2,0.9930332457564852,1.0286925139540926,1.3777157822264665,4610.974470211777,6492.64264553412,0.756823804332481
431,2024-09-02,265.0,2024-09-02,5802.25,0.0092841473291853,107.7196142965966,2585.056427901732,0.0630229067457515,2508.7992430038607,0.0512708028157552,5.625526127511487e-06,797.94375,0.0402916666666666,0.0804583333333333,0.0585599467757811,0.0204909665952728,0.0118627409563887,19.435416666666665,18.6125,0.0,797.94375,42.125,17.008333333333333,2024-09-02,0.0512708028157552,834.4484038931536,3348.998739192212,3250.2058411645994,4606.149167577529,0.0434945252102683,0.0974945252102683,F4,6509.679743706214,246.0,246.0,6.6,17.008333333333333,796.6958333333333,42.125,111.66817045279456,0.930608361628329,1122.053242789347,2024.0,6.6,27.4,12.0,1595.2,0.9911497792328425,1.026929602693648,1.122053242789347,4612.805067179853,6499.581457784232,0.7860079223305867
432,2024-09-03,266.0,2024-09-03,5836.166666666667,0.0092567793690819,108.0353579430681,2599.652521345144,0.0596436516563091,2522.494693019245,0.0490709940592447,5.666884290474223e-06,796.8333333333334,0.0347916666666666,0.0788333333333333,0.0548223430933617,0.0159070899756876,0.0092090183678833,20.95,19.785416666666663,0.0,796.8333333333334,41.0,17.974999999999998,2024-09-03,0.0490709940592447,833.6071472802502,3367.908306508232,3267.9486046645134,4594.686975139884,0.040718475938683,0.094718475938683,F4,6486.818615551242,247.0,247.0,9.0,17.974999999999998,795.6374999999999,41.0,112.56947022043396,0.9012997676393808,1215.8407435539818,2024.0,9.0,28.2,13.6,1608.8,0.9902658870824795,1.0254174449660598,1.2158407435539818,4613.758092378858,6504.4477782315,0.8109577406450004
433,2024-09-04,267.0,2024-09-04,5853.958333333333,0.0092435146075541,108.19674366462476,2633.757631380531,0.0524947313891904,2545.907381439677,0.0456250508626302,6.394296308321416e-06,797.28125,0.0288,0.07575,0.0501534211897823,0.0101810248893454,0.0058940538686307,17.932499999999997,18.295,0.0,797.28125,55.458333333333336,14.508333333333333,2024-09-04,0.0456250508626302,847.9514070657492,3412.0922435688367,3298.2802690548224,4606.630856438178,0.0372507039781389,0.0912507039781389,F4,6471.945948519876,248.0,248.0,5.4,14.508333333333333,796.1125000000001,55.458333333333336,113.56947022043396,1.0,735.8767839115321,2024.0,5.4,25.4,10.4,1619.2,0.9959707585093862,1.0225003426521375,0.7358767839115321,4621.1346826885465,6517.398018160408,0.8059740123134345
434,2024-09-05,268.0,2024-09-05,5411.229166666667,0.0096161416557508,104.0178080837366,2584.8376527248142,0.0636723449976697,2479.813085073074,0.0565134684244791,7.84754717598429e-06,800.1666666666666,0.03225,0.0745,0.0514658050110395,0.0117905603097215,0.0068258547997034,17.733333333333334,17.889583333333334,5.3094997,800.1666666666666,72.41666666666667,13.441666666666668,2024-09-05,0.0565134684244791,862.9190637538773,3348.715311030352,3212.653621678611,4534.502463368526,0.0382254574460301,0.0922254574460301,F4,6323.997457398944,249.0,249.0,5.8,13.441666666666668,798.8979166666667,72.41666666666667,114.56947022043396,1.0,425.2234923497278,2024.0,5.8,23.4,9.6,1628.8,1.007240975630166,1.0204520487245579,0.4252234923497278,4617.520213335556,6513.044487594115,0.8120202488096341
435,2024-09-06,269.0,2024-09-06,5403.270833333333,0.0096207756139735,103.95023919955408,2599.339962534404,0.0598053882526056,2511.279003832121,0.0508944193522135,6.497243883299057e-06,800.85,0.0364583333333333,0.0735833333333333,0.0533432270856373,0.014093070657012,0.0081588365149541,17.058333333333334,17.068749999999998,1.3356999,800.85,55.75,15.1,2024-09-06,0.0508944193522135,851.9517680243126,3367.5033795396,3253.418427086402,4579.13200114886,0.0396198846313308,0.0936198846313308,F4,6434.390480900411,250.0,250.0,6.2,15.1,799.5729166666666,55.75,115.56947022043396,1.0,759.4877104081083,2024.0,6.2,25.8,11.0,1639.8,1.0145027623184735,1.0176820353990723,0.7594877104081084,4615.070554987168,6513.5408312567915,0.8430330245215394
436,2024-09-07,270.0,2024-09-07,5570.354166666667,0.0094753486514394,105.54536182981302,2636.950509060501,0.0517430536102708,2552.065343275118,0.0446383158365885,6.160884846805381e-06,797.9125,0.037375,0.0738333333333333,0.0539566857836879,0.0148454294467634,0.0085943961254579,18.33125,17.952083333333334,0.5868,797.9125,51.083333333333336,15.841666666666669,2024-09-07,0.0446383158365885,847.9796966419345,3416.228688409731,3306.2580471026404,4651.713395454916,0.0400755219103396,0.0940755219103396,F4,6549.079412501754,251.0,251.0,6.6,15.841666666666669,796.7229166666666,51.083333333333336,116.56947022043396,1.0,880.4897883842511,2024.0,6.6,26.2,11.4,1651.2,1.0145139608529448,1.014264390886118,0.8804897883842512,4617.970725687837,6520.387792360356,0.8768404759359802
437,2024-09-08,271.0,2024-09-08,5734.5625,0.0093389642110963,107.08875326780156,2666.236682906149,0.0460518296834646,2584.663189118165,0.040143330891927,5.84617291667536e-06,795.6145833333334,0.0341249999999999,0.0735,0.052033220646383,0.0124864509084685,0.0072287235403526,19.072916666666668,18.541666666666668,0.0,795.6145833333334,46.95,16.008333333333333,2024-09-08,0.040143330891927,847.0186258021312,3454.169585260656,3348.489289504324,4683.264740795078,0.038646896928389,0.092646896928389,F4,6599.8650715763815,252.0,252.0,7.4,16.008333333333333,794.4250000000001,46.95,117.54912189555128,0.9796516751173066,965.114639624619,2024.0,7.4,27.0,12.2,1663.4,1.0082197130586081,1.01020989967145,0.9651146396246191,4621.939851419169,6528.426403043272,0.9190416111416493
438,2024-09-09,272.0,2024-09-09,5735.75,0.0093377169017003,107.10091174571214,2718.068413964415,0.0360012209111674,2635.259020887854,0.0332794189453125,5.819203690084672e-06,795.80625,0.0295,0.07275,0.0491706169639635,0.0089756928918543,0.0051962565643307,18.797916666666666,18.447916666666668,0.0,795.80625,47.01666666666667,15.883333333333333,2024-09-09,0.0332794189453125,861.6935791794757,3521.318758520745,3414.0373274412004,4743.460128603316,0.0365207408287476,0.0905207408287476,F4,6681.432432079151,253.0,253.0,7.0,15.883333333333333,794.5958333333333,47.01666666666667,118.53154901338114,0.982427117829866,956.233222944429,2024.0,7.0,27.0,12.0,1675.4,1.0120760454163904,1.0082564764854909,0.956233222944429,4624.593484406297,6531.262909239785,0.9479519071248436
439,2024-09-10,273.0,2024-09-10,5712.4375,0.0093577744132359,106.87914702480155,2692.1443604745946,0.0409003020940747,2594.3937425317868,0.0386848449707031,6.973772657525648e-06,794.9354166666667,0.0274583333333333,0.07175,0.0476027127482593,0.0070527818272273,0.0040830345142246,17.979166666666668,17.8625,0.0106,794.9354166666667,57.833333333333336,14.958333333333334,2024-09-10,0.0386848449707031,841.0061516088359,3487.733564203486,3361.0954402877755,4681.313034706584,0.035356203406978,0.089356203406978,F4,6551.193063596213,254.0,254.0,7.4,14.958333333333334,793.71875,57.833333333333336,119.53154901338114,1.0,717.160955302547,2024.0,7.4,25.0,11.2,1686.6,1.0093155415499881,1.0058413698507056,0.717160955302547,4622.294043223236,6522.473496925346,0.945602868467982
440,2024-09-11,274.0,2024-09-11,5949.666666666667,0.0091691535766685,109.07644454325428,2673.00360939627,0.0444782024815056,2588.003141436218,0.0395113627115885,6.083180963639777e-06,791.2208333333333,0.026625,0.0712916666666666,0.0469399338972725,0.0062399357533419,0.0036124572787835,18.047916666666666,17.758333333333333,0.0705,791.2208333333333,48.16666666666666,15.708333333333334,2024-09-11,0.0395113627115885,840.6799319541276,3462.936290713973,3352.8162728465013,4640.89761630452,0.0348639343215321,0.0888639343215321,F4,6524.114950646278,255.0,255.0,8.2,15.708333333333334,790.0229166666667,48.16666666666666,120.52371677887828,0.9921677654971446,925.0631504091372,2024.0,8.2,24.2,11.2,1697.8000000000002,1.0068063458980914,1.0043782910148364,0.9250631504091371,4624.870508561491,6521.633257045279,0.9452335308626986
441,2024-09-12,275.0,2024-09-12,6308.4375,0.0089044409867496,112.31774028870936,2662.6866160569,0.0470047859380213,2592.622684815952,0.0392710367838541,5.013114590623108e-06,784.9708333333333,0.0248333333333333,0.0705833333333333,0.0456409801796069,0.0046468712975416,0.0026901918074051,18.079166666666666,17.458333333333332,0.6419,784.9708333333333,42.56666666666667,16.033333333333335,2024-09-12,0.0392710367838541,828.9311910889002,3449.5703938179245,3358.8009951865592,4608.998177629431,0.0338991558623524,0.0878991558623524,F4,6513.208595229008,256.0,256.0,6.6,16.033333333333335,783.86875,42.56666666666667,121.47792672806688,0.9542099491886056,1046.5281625964624,2024.0,6.6,25.8,11.2,1709.0000000000002,0.9938372321163133,1.0015189950510683,1.0465281625964624,4622.658743623412,6516.68880388619,0.9455843049508434
442,2024-09-13,276.0,2024-09-13,6239.875,0.0089534469500133,111.70478006807568,2738.882059401248,0.0320925994181967,2680.806862998026,0.027570088704427,4.01422127659588e-06,788.3916666666668,0.0222083333333333,0.0706666666666666,0.0442477625521094,0.0029381995786221,0.0017009983554121,18.835416666666667,18.20833333333333,0.0,788.3916666666668,37.675,14.95,2024-09-13,0.027570088704427,847.0802728229797,3548.283304274405,3473.045581246982,4725.361481059344,0.0328643642930466,0.0868643642930466,F4,6709.276846448997,257.0,257.0,1.4,14.95,787.3020833333334,37.675,121.93944022497438,0.4615134969074799,1059.4404909624852,2024.0,1.4,24.2,9.6,1718.6,0.996241695702202,1.002186903481016,1.0594404909624853,4630.988320035635,6528.1826131541475,0.9487411397351565
443,2024-09-14,277.0,2024-09-14,6070.354166666667,0.0090765995162857,110.18107614889546,2733.9689049772164,0.0330097244329016,2675.7993566382847,0.0281766255696614,4.025752504001847e-06,792.6541666666667,0.0199166666666666,0.0697916666666666,0.0317420842144883,0.0123990302120885,0.0071781134790574,17.954166666666666,17.6125,0.0,792.6541666666667,39.15833333333333,13.866666666666667,2024-09-14,0.0281766255696614,839.7721243953085,3541.918202223269,3466.558244141198,4573.128900990627,0.0235759586220202,0.0775759586220202,F4,6465.42546815128,258.0,258.0,3.4,13.866666666666667,791.5270833333334,39.15833333333333,122.6953837912705,0.7559435662961291,964.234095364205,2024.0,3.4,26.2,10.6,1729.2,0.9958823366869272,1.0025204471417648,0.964234095364205,4628.913250192476,6522.391434898195,0.9393187329162356
444,2024-09-15,278.0,2024-09-15,6084.416666666667,0.0090657129670413,110.31019858304316,2740.0115523479853,0.0318876838714197,2673.382992039778,0.0284372965494791,4.616167485835188e-06,792.4875000000001,0.0179166666666666,0.069375,0.0315525792341033,0.0126314431490106,0.0073126632306663,16.897916666666667,17.445833333333333,0.0,792.4875000000001,41.91666666666666,12.958333333333334,2024-09-15,0.0284372965494791,832.6012656884224,3549.7465877887303,3463.427789460796,4580.986910719986,0.0234352066302469,0.0774352066302469,F4,6454.326151537527,259.0,259.0,5.8,12.958333333333334,791.2958333333332,41.91666666666666,123.6953837912705,1.0,867.5869778564199,2024.0,5.8,19.4,7.6,1736.8,0.9973351494348022,1.0024408315535651,0.8675869778564199,4629.301846424056,6519.625302703092,0.9028809611755182
445,2024-09-16,279.0,2024-09-16,6046.8125,0.0090937839955461,109.96908879939812,2725.821782493007,0.0343972900308852,2634.161326881968,0.0332895914713541,6.445332806472383e-06,791.0166666666668,0.0180833333333333,0.0685833333333333,0.0311925197713718,0.0130730277291624,0.0075683077587232,16.282978723404256,16.239583333333332,0.3599,791.0166666666668,55.61666666666667,13.858333333333334,2024-09-16,0.0332895914713541,835.6762672847368,3531.363421819575,3412.6152401698923,4553.005589079578,0.0231677778458778,0.0771677778458778,F4,6353.715079339692,260.0,260.0,7.8,13.858333333333334,789.7104166666667,55.61666666666667,124.6953837912705,1.0,703.0175730104216,2024.0,7.8,21.8,9.8,1746.6,0.9928208312176864,1.0025449860491968,0.7030175730104217,4625.505876531345,6508.484969534054,0.8729498419055949
446,2024-09-17,280.0,2024-09-17,5912.895833333333,0.0091977392719739,108.7384683222678,2666.1881114243124,0.046104867546595,2563.255015666321,0.0432828267415364,7.444572201168671e-06,788.1875,0.020375,0.06775,0.0419217162697751,8.548696497142216e-05,4.949057507310619e-05,14.954166666666666,15.879166666666668,1.158,788.1875,74.125,11.408333333333331,2024-09-17,0.0432828267415364,867.5606614622351,3454.1066598135835,3320.754519336529,4574.48786526037,0.0311367281827439,0.0851367281827439,F4,6375.193732014426,261.0,261.0,6.2,11.408333333333331,786.9499999999999,74.125,125.6953837912705,1.0,348.99487549784936,2024.0,5.4,18.6,7.0,1753.6,1.003821027480968,1.0054251200842983,0.34899487549784936,4624.063082968522,6500.511763567139,0.8110322799015853
447,2024-09-18,281.0,2024-09-18,5823.791666666667,0.0092670653289531,107.91897705359976,2609.67353477539,0.0576079688674922,2549.4361985293394,0.0450986226399739,4.379544147668748e-06,788.0604166666667,0.0330416666666666,0.0655416666666666,0.047823055136697,0.007323014417005,0.0042394790233503,11.941666666666668,13.2,3.1938,788.0604166666667,55.2,10.208333333333334,2024-09-18,0.0450986226399739,868.460893749776,3380.890754775546,3302.851930956111,4540.216410065676,0.0355198594226757,0.0895198594226757,F4,6440.448401798134,262.0,262.0,0.6,10.208333333333334,786.90625,55.2,126.06681236269908,0.3714285714285714,557.854602112263,2024.0,0.6,20.6,7.800000000000001,1761.4,1.0180161952817466,1.007164853719071,0.557854602112263,4619.319193941915,6498.2619388013,0.7983164097730661
448,2024-09-19,282.0,2024-09-19,5844.479166666667,0.0092503318227302,108.11173344364067,2649.652196047147,0.0490686011973548,2593.451088140832,0.0387051900227864,4.015044786886372e-06,790.9250000000001,0.0354166666666666,0.0658333333333333,0.049250530234772,0.009073700226173,0.0052529954991898,13.264583333333334,13.7875,0.0,790.9250000000001,44.36666666666667,11.95,2024-09-19,0.0387051900227864,852.0442363398673,3432.684009556596,3359.874210324388,4624.907820675522,0.0365800952162289,0.0905800952162289,F4,6577.804557349294,263.0,263.0,1.4,11.95,789.7624999999999,44.36666666666667,126.55252664841336,0.4857142857142857,777.724150732402,2024.0,1.4,23.8,9.4,1770.8,1.024495517010851,1.0062423877736295,0.777724150732402,4625.776719463844,6516.391017369182,0.8234950282289714
449,2024-09-20,283.0,2024-09-20,5940.666666666667,0.0091754321466823,108.99657182138002,2678.6249428076367,0.0433493651313201,2616.5351154014525,0.0356369018554687,4.397672966695286e-06,790.2166666666667,0.0360833333333333,0.067,0.0501446028779007,0.0101702099241716,0.0058877928106317,15.022916666666667,15.008333333333333,0.0,790.2166666666667,43.73333333333333,13.775,2024-09-20,0.0356369018554687,852.4062892898894,3470.218854569853,3389.7800867907085,4685.01315902456,0.0372441543087904,0.0912441543087904,F4,6650.51251921597,264.0,264.0,3.8,13.775,789.0520833333334,43.73333333333333,127.38109807698476,0.8285714285714285,886.432002350232,2024.0,3.8,25.8,10.4,1781.2,1.0184966021438633,1.0062809429040247,0.886432002350232,4633.339659312108,6531.828305820293,0.8325624776534089
450,2024-09-21,,,,,,,,,,,,,,,,,,,,,,,,,,,,,,,,,,265.0,2.6,11.075,788.225,49.39166666666667,128.03824093412763,0.6571428571428571,667.6620098954878,2024.0,2.6,21.8,8.4,1789.6,,,0.6676620098954879,,,0.81736049347564
451,2024-09-22,284.0,2024-09-22,4824.979166666667,0.0101810595570989,98.22998182837246,2235.5748525365702,0.1704444485698548,2155.636202496405,0.130194346110026,6.867760644590069e-06,792.7229166666666,0.2100833333333333,0.2237916666666666,0.2163180471879999,0.213968854962941,0.123872004151627,11.39375,12.05625,20.0403,792.7229166666666,85.075,8.183333333333334,2024-09-22,0.130194346110026,893.4684877581581,2896.2374986111504,2792.675179697075,4978.946077815303,0.1606669963837066,0.2146669963837066,F4,7102.610455905025,266.0,266.0,4.6,9.03076923076923,791.3846153846154,81.63076923076923,128.98109807698478,0.9428571428571428,211.3286423487476,2024.0,4.2,16.6,5.800000000000001,1795.4,,,0.2113286423487476,,,0.7635186365273635
452,2024-09-23,285.0,2024-09-23,4961.958333333333,0.010040078562975,99.61283162946268,2287.231949638151,0.1498135573720558,2214.856161677435,0.1129531860351562,6.056477189985711e-06,793.2479166666667,0.179875,0.1905833333333333,0.1847452779958946,0.1752473395716769,0.1014551355090636,12.04375,12.3125,0.0,793.2479166666667,67.45,10.725,2024-09-23,0.1129531860351562,889.1215119390805,2963.160429652909,2869.395968648387,4935.204119881041,0.1372167939639199,0.1912167939639198,F4,7058.168301257276,267.0,267.0,3.0,10.725,791.9833333333332,67.45,129.6953837912705,0.7142857142857143,419.5401952712835,2024.0,3.0,21.0,8.0,1803.4,,,0.4195401952712835,,,0.7251834202649959
453,2024-09-24,286.0,2024-09-24,5088.645833333333,0.0099136711021271,100.8786477515994,2302.979214012889,0.1437953299249715,2234.0501261226977,0.1076520284016927,5.716500376038337e-06,793.7041666666668,0.1527083333333333,0.1717083333333333,0.1613497604388895,0.1465545794384707,0.0848441679784959,12.66875,12.977083333333333,0.0,793.7041666666668,62.625,11.525,2024-09-24,0.1076520284016927,868.908926252633,2983.5613647998184,2894.2621812515144,4838.8150894630135,0.1198401229760412,0.1738401229760412,F4,6920.662152497144,268.0,268.0,2.6,11.525,792.4958333333334,62.625,130.35252664841337,0.6571428571428571,508.01347859974766,2024.0,2.6,23.4,9.2,1812.6,1.0496057603566056,,0.5080134785997477,,,0.7102443147862246
454,2024-09-25,287.0,2024-09-25,5201.4375,0.0098054317085237,101.99108389161306,2369.637268712601,0.120802246647625,2294.452628250068,0.0925827026367187,6.070064976722723e-06,794.6666666666666,0.1285833333333333,0.1566666666666666,0.1413559690112826,0.1220337685528869,0.0706484478193803,13.63125,13.652083333333332,0.0,794.6666666666666,55.11666666666667,14.225,2024-09-25,0.0925827026367187,868.8127660426496,3069.9183737752637,2972.514981184711,4854.806322317641,0.1049900332273847,0.1589900332273847,F4,6919.92254033191,269.0,269.0,4.2,14.225,793.4395833333333,55.11666666666667,131.23824093412762,0.8857142857142858,728.0509389562798,2024.0,4.2,27.0,11.0,1823.6,1.0398457007597204,,0.7280509389562798,,,0.6961720139681634
455,2024-09-26,288.0,2024-09-26,5283.125,0.0097294846344978,102.78830271337849,2414.442053686063,0.1070588033102989,2340.594032914067,0.0823631286621093,5.847455718519253e-06,793.7541666666666,0.104625,0.1415,0.1213961907640729,0.0975546721548806,0.0564768772365163,14.75625,14.547916666666666,0.0,793.7541666666666,48.30833333333334,15.841666666666669,2024-09-26,0.0823631286621093,876.8222259198516,3127.9639803493906,3032.292208627951,4810.471926694744,0.0901652062600954,0.1441652062600954,F4,6852.191450121058,270.0,270.0,8.2,15.841666666666669,792.5437499999999,48.30833333333334,132.22872868128758,0.9904877471599496,930.4392090881618,2024.0,8.2,27.0,12.6,1836.2,1.0349769824179127,,0.9304392090881618,,,0.6878799458604277
456,2024-09-27,289.0,2024-09-27,5346.458333333333,0.0096712497601188,103.40412994444108,2443.105317735531,0.098706600478373,2370.818425018562,0.075958251953125,5.643428534206634e-06,795.38125,0.0837083333333333,0.1267916666666666,0.1033031483051428,0.0753649802154281,0.0436307010370724,14.810416666666669,14.777083333333332,0.0,795.38125,50.44166666666666,14.325,2024-09-27,0.075958251953125,856.3916546377237,3165.097883550381,3071.4485883333505,4733.01153474273,0.0767268693986648,0.1307268693986648,F4,6736.681108790971,271.0,271.0,5.8,14.325,794.1916666666666,50.44166666666666,133.22872868128758,1.0,809.1061680646618,2024.0,5.8,27.8,11.8,1848.0,1.030021973663289,,0.8091061680646618,,,0.6699989227962975
457,2024-09-28,290.0,2024-09-28,5379.0,0.0096424412202763,103.71657997572623,2485.9544202509483,0.0871015402338424,2414.437605830048,0.0675849914550781,5.488096513967027e-06,796.7937499999999,0.071,0.1155416666666666,0.091258082403157,0.0605926553086487,0.0350786269863949,15.635416666666666,15.310416666666669,0.0,796.7937499999999,42.11666666666667,16.724999999999998,2024-09-28,0.0675849914550781,863.3543099511339,3220.609859517625,3127.958218051893,4719.111537282174,0.067780576729732,0.121780576729732,F4,6712.615311426756,272.0,272.0,7.0,16.724999999999998,795.5291666666667,42.11666666666667,134.16553366953474,0.936804988247148,1102.2240376091268,2024.0,7.0,27.4,12.2,1860.2,1.027861223417367,,1.1022240376091268,,,0.6798553472423633
458,2024-09-29,291.0,2024-09-29,5509.541666666667,0.0095273099210622,104.96834806321291,2515.872139794131,0.079249421380666,2442.8891234304583,0.0622660319010416,5.535831893933205e-06,795.9354166666667,0.0605,0.1037916666666666,0.080189567462002,0.0470179932622313,0.0272199103817657,16.08125,15.7125,0.0,795.9354166666667,43.2,16.808333333333334,2024-09-29,0.0622660319010416,850.399846941291,3259.368938022906,3164.8177989660394,4681.3122100266455,0.0595596026910842,0.1135596026910842,F4,6646.049908941119,273.0,273.0,8.2,16.808333333333334,794.725,43.2,135.10699223575256,0.9414585662178058,1087.3325881030214,2024.0,8.2,27.8,13.0,1873.2,1.01740182593966,,1.0873325881030214,,,0.6955514622599777
459,2024-09-30,292.0,2024-09-30,5700.0,0.0093658581158169,106.7707825203131,2580.0957881771506,0.0637859587137064,2501.922209993798,0.052154541015625,5.78618651477117e-06,793.1,0.058,0.1,0.0771021020228085,0.0432314600064274,0.0250277901161109,22.3,19.5,0.0,793.1,31.6,21.0,2024-09-30,0.052154541015625,847.8376966335113,3342.5721188662887,3241.296490238447,4772.927825676323,0.0572664338824613,0.1112664338824613,F4,6764.7675136988855,274.0,274.0,8.6,15.95,794.00625,41.25833333333333,136.05552800438343,0.9485357686308662,1064.685540381228,2024.0,8.6,27.0,12.8,1886.0,1.0140157096915254,,1.064685540381228,,,0.7213848885007496
460,2024-10-01,,,,,,,,,,,,,,,,,,,,,,,,,,,,,,,,,,275.0,25.0,25.0,794.2,15.2,136.49731690924412,0.4417889048606853,2686.2755044458067,,,,,,,,2.6862755044458067,,,0.8883335048541751
