,date,Unnamed: 0,Date (aggregated based on UTC),Raw_Moderated_cph,Raw_Mod_Coeff_of_Var,Raw_Mod_sqrt,Corrected_Mod_cph_for_Des,SWC_Des_cm3_cm3,Corrected_Mod_cph_for_UTS,SWC_UTS_cm3_cm3,Rhov_g_cm3,BaroPress_mb,SWC_5,SWC_10,SWC_20,SWC_50,WeightedTDR_SWC,WeightedTDR_SD,WeightedTDR_SE,sT_5,sT_10,sT_20,sT_50,PRISM_ppt_mm,BaroPress,airRH,airT,date.1,CRNS,Bare,scaled_stationary_N_Des,scaled_stationary_N_UTS,N0,TDR_pore_swc_g,TDR_tot_swc_g,NewName,ND,doy_x,doy_y,min_temp_x,mean_temp,mean_P_mb,mean_RH,cumulative_GSI,GSI,VPD,year,min_temp_y,max_temp,GDD,cumulative_GDD,Bare_norm,Bare_norm7,VPD_kPa,N0_7,ND_7,VPD_7
76,2024-01-01,,,,,,,,,,,,,,,,,,,,,,,,,,,,,,,,,,,,,,,,,,,,,,,,,,,,,,,,
77,2024-01-02,,,,,,,,,,,,,,,,,,,,,,,,,,,,,,,,,,,,,,,,,,,,,,,,,,,,,,,,
78,2024-01-03,,,,,,,,,,,,,,,,,,,,,,,,,,,,,,,,,,,,,,,,,,,,,,,,,,,,,,,,
79,2024-01-04,,,,,,,,,,,,,,,,,,,,,,,,,,,,,,,,,,,,,,,,,,,,,,,,,,,,,,,,
80,2024-01-05,,,,,,,,,,,,,,,,,,,,,,,,,,,,,,,,,,,,,,,,,,,,,,,,,,,,,,,,
81,2024-01-06,,,,,,,,,,,,,,,,,,,,,,,,,,,,,,,,,,,,,,,,,,,,,,,,,,,,,,,,
82,2024-01-07,,,,,,,,,,,,,,,,,,,,,,,,,,,,,,,,,,,,,,,,,,,,,,,,,,,,,,,,
83,2024-01-08,,,,,,,,,,,,,,,,,,,,,,,,,,,,,,,,,,,,,,,,,,,,,,,,,,,,,,,,
84,2024-01-09,,,,,,,,,,,,,,,,,,,,,,,,,,,,,,,,,,,,,,,,,,,,,,,,,,,,,,,,
85,2024-01-10,,,,,,,,,,,,,,,,,,,,,,,,,,,,,,,,,,,,,,,,,,,,,,,,,,,,,,,,
86,2024-01-11,,,,,,,,,,,,,,,,,,,,,,,,,,,,,,,,,,,,,,,,,,,,,,,,,,,,,,,,
87,2024-01-12,,,,,,,,,,,,,,,,,,,,,,,,,,,,,,,,,,,,,,,,,,,,,,,,,,,,,,,,
88,2024-01-13,,,,,,,,,,,,,,,,,,,,,,,,,,,,,,,,,,,,,,,,,,,,,,,,,,,,,,,,
89,2024-01-14,,,,,,,,,,,,,,,,,,,,,,,,,,,,,,,,,,,,,,,,,,,,,,,,,,,,,,,,
90,2024-01-15,,,,,,,,,,,,,,,,,,,,,,,,,,,,,,,,,,,,,,,,,,,,,,,,,,,,,,,,
91,2024-01-16,,,,,,,,,,,,,,,,,,,,,,,,,,,,,,,,,,,,,,,,,,,,,,,,,,,,,,,,
92,2024-01-17,,,,,,,,,,,,,,,,,,,,,,,,,,,,,,,,,,,,,,,,,,,,,,,,,,,,,,,,
93,2024-01-18,,,,,,,,,,,,,,,,,,,,,,,,,,,,,,,,,,,,,,,,,,,,,,,,,,,,,,,,
94,2024-01-19,,,,,,,,,,,,,,,,,,,,,,,,,,,,,,,,,,,,,,,,,,,,,,,,,,,,,,,,
95,2024-01-20,,,,,,,,,,,,,,,,,,,,,,,,,,,,,,,,,,,,,,,,,,,,,,,,,,,,,,,,
96,2024-01-21,,,,,,,,,,,,,,,,,,,,,,,,,,,,,,,,,,,,,,,,,,,,,,,,,,,,,,,,
97,2024-01-22,,,,,,,,,,,,,,,,,,,,,,,,,,,,,,,,,,,,,,,,,,,,,,,,,,,,,,,,
98,2024-01-23,,,,,,,,,,,,,,,,,,,,,,,,,,,,,,,,,,,,,,,,,,,,,,,,,,,,,,,,
99,2024-01-24,,,,,,,,,,,,,,,,,,,,,,,,,,,,,,,,,,,,,,,,,,,,,,,,,,,,,,,,
100,2024-01-25,,,,,,,,,,,,,,,,,,,,,,,,,,,,,,,,,,,,,,,,,,,,,,,,,,,,,,,,
101,2024-01-26,,,,,,,,,,,,,,,,,,,,,,,,,,,,,,,,,,,,,,,,,,,,,,,,,,,,,,,,
102,2024-01-27,,,,,,,,,,,,,,,,,,,,,,,,,,,,,,,,,,,,,,,,,,,,,,,,,,,,,,,,
103,2024-01-28,,,,,,,,,,,,,,,,,,,,,,,,,,,,,,,,,,,,,,,,,,,,,,,,,,,,,,,,
104,2024-01-29,,,,,,,,,,,,,,,,,,,,,,,,,,,,,,,,,,,,,,,,,,,,,,,,,,,,,,,,
105,2024-01-30,,,,,,,,,,,,,,,,,,,,,,,,,,,,,,,,,,,,,,,,,,,,,,,,,,,,,,,,
106,2024-01-31,,,,,,,,,,,,,,,,,,,,,,,,,,,,,,,,,,,,,,,,,,,,,,,,,,,,,,,,
107,2024-02-01,,,,,,,,,,,,,,,,,,,,,,,,,,,,,,,,,,,,,,,,,,,,,,,,,,,,,,,,
108,2024-02-02,,,,,,,,,,,,,,,,,,,,,,,,,,,,,,,,,,,,,,,,,,,,,,,,,,,,,,,,
109,2024-02-03,,,,,,,,,,,,,,,,,,,,,,,,,,,,,,,,,,,,,,,,,,,,,,,,,,,,,,,,
110,2024-02-04,,,,,,,,,,,,,,,,,,,,,,,,,,,,,,,,,,,,,,,,,,,,,,,,,,,,,,,,
111,2024-02-05,,,,,,,,,,,,,,,,,,,,,,,,,,,,,,,,,,,,,,,,,,,,,,,,,,,,,,,,
112,2024-02-06,,,,,,,,,,,,,,,,,,,,,,,,,,,,,,,,,,,,,,,,,,,,,,,,,,,,,,,,
113,2024-02-07,,,,,,,,,,,,,,,,,,,,,,,,,,,,,,,,,,,,,,,,,,,,,,,,,,,,,,,,
114,2024-02-08,,,,,,,,,,,,,,,,,,,,,,,,,,,,,,,,,,,,,,,,,,,,,,,,,,,,,,,,
115,2024-02-09,,,,,,,,,,,,,,,,,,,,,,,,,,,,,,,,,,,,,,,,,,,,,,,,,,,,,,,,
116,2024-02-10,,,,,,,,,,,,,,,,,,,,,,,,,,,,,,,,,,,,,,,,,,,,,,,,,,,,,,,,
117,2024-02-11,,,,,,,,,,,,,,,,,,,,,,,,,,,,,,,,,,,,,,,,,,,,,,,,,,,,,,,,
118,2024-02-12,,,,,,,,,,,,,,,,,,,,,,,,,,,,,,,,,,,,,,,,,,,,,,,,,,,,,,,,
119,2024-02-13,,,,,,,,,,,,,,,,,,,,,,,,,,,,,,,,,,,,,,,,,,,,,,,,,,,,,,,,
120,2024-02-14,,,,,,,,,,,,,,,,,,,,,,,,,,,,,,,,,,,,,,,,,,,,,,,,,,,,,,,,
121,2024-02-15,,,,,,,,,,,,,,,,,,,,,,,,,,,,,,,,,,,,,,,,,,,,,,,,,,,,,,,,
122,2024-02-16,,,,,,,,,,,,,,,,,,,,,,,,,,,,,,,,,,,,,,,,,,,,,,,,,,,,,,,,
123,2024-02-17,,,,,,,,,,,,,,,,,,,,,,,,,,,,,,,,,,,,,,,,,,,,,,,,,,,,,,,,
124,2024-02-18,,,,,,,,,,,,,,,,,,,,,,,,,,,,,,,,,,,,,,,,,,,,,,,,,,,,,,,,
125,2024-02-19,,,,,,,,,,,,,,,,,,,,,,,,,,,,,,,,,,,,,,,,,,,,,,,,,,,,,,,,
126,2024-02-20,,,,,,,,,,,,,,,,,,,,,,,,,,,,,,,,,,,,,,,,,,,,,,,,,,,,,,,,
127,2024-02-21,,,,,,,,,,,,,,,,,,,,,,,,,,,,,,,,,,,,,,,,,,,,,,,,,,,,,,,,
128,2024-02-22,,,,,,,,,,,,,,,,,,,,,,,,,,,,,,,,,,,,,,,,,,,,,,,,,,,,,,,,
129,2024-02-23,,,,,,,,,,,,,,,,,,,,,,,,,,,,,,,,,,,,,,,,,,,,,,,,,,,,,,,,
130,2024-02-24,,,,,,,,,,,,,,,,,,,,,,,,,,,,,,,,,,,,,,,,,,,,,,,,,,,,,,,,
131,2024-02-25,,,,,,,,,,,,,,,,,,,,,,,,,,,,,,,,,,,,,,,,,,,,,,,,,,,,,,,,
132,2024-02-26,,,,,,,,,,,,,,,,,,,,,,,,,,,,,,,,,,,,,,,,,,,,,,,,,,,,,,,,
133,2024-02-27,,,,,,,,,,,,,,,,,,,,,,,,,,,,,,,,,,,,,,,,,,,,,,,,,,,,,,,,
134,2024-02-28,,,,,,,,,,,,,,,,,,,,,,,,,,,,,,,,,,,,,,,,,,,,,,,,,,,,,,,,
135,2024-02-29,,,,,,,,,,,,,,,,,,,,,,,,,,,,,,,,,,,,,,,,,,,,,,,,,,,,,,,,
136,2024-03-01,,,,,,,,,,,,,,,,,,,,,,,,,,,,,,,,,,,,,,,,,,,,,,,,,,,,,,,,
137,2024-03-02,,,,,,,,,,,,,,,,,,,,,,,,,,,,,,,,,,,,,,,,,,,,,,,,,,,,,,,,
138,2024-03-03,,,,,,,,,,,,,,,,,,,,,,,,,,,,,,,,,,,,,,,,,,,,,,,,,,,,,,,,
139,2024-03-04,,,,,,,,,,,,,,,,,,,,,,,,,,,,,,,,,,,,,,,,,,,,,,,,,,,,,,,,
140,2024-03-05,,,,,,,,,,,,,,,,,,,,,,,,,,,,,,,,,,,,,,,,,,,,,,,,,,,,,,,,
141,2024-03-06,,,,,,,,,,,,,,,,,,,,,,,,,,,,,,,,,,,,,,,,,,,,,,,,,,,,,,,,
142,2024-03-07,,,,,,,,,,,,,,,,,,,,,,,,,,,,,,,,,,,,,,,,,,,,,,,,,,,,,,,,
143,2024-03-08,,,,,,,,,,,,,,,,,,,,,,,,,,,,,,,,,,,,,,,,,,,,,,,,,,,,,,,,
144,2024-03-09,,,,,,,,,,,,,,,,,,,,,,,,,,,,,,,,,,,,,,,,,,,,,,,,,,,,,,,,
145,2024-03-10,,,,,,,,,,,,,,,,,,,,,,,,,,,,,,,,,,,,,,,,,,,,,,,,,,,,,,,,
146,2024-03-11,,,,,,,,,,,,,,,,,,,,,,,,,,,,,,,,,,,,,,,,,,,,,,,,,,,,,,,,
147,2024-03-12,,,,,,,,,,,,,,,,,,,,,,,,,,,,,,,,,,,,,,,,,,,,,,,,,,,,,,,,
148,2024-03-13,,,,,,,,,,,,,,,,,,,,,,,,,,,,,,,,,,,,,,,,,,,,,,,,,,,,,,,,
149,2024-03-14,,,,,,,,,,,,,,,,,,,,,,,,,,,,,,,,,,,,,,,,,,,,,,,,,,,,,,,,
150,2024-03-15,,,,,,,,,,,,,,,,,,,,,,,,,,,,,,,,,,,,,,,,,,,,,,,,,,,,,,,,
151,2024-03-16,,,,,,,,,,,,,,,,,,,,,,,,,,,,,,,,,,,,,,,,,,,,,,,,,,,,,,,,
152,2024-03-17,,,,,,,,,,,,,,,,,,,,,,,,,,,,,,,,,,,,,,,,,,,,,,,,,,,,,,,,
153,2024-03-18,,,,,,,,,,,,,,,,,,,,,,,,,,,,,,,,,,,,,,,,,,,,,,,,,,,,,,,,
154,2024-03-19,,,,,,,,,,,,,,,,,,,,,,,,,,,,,,,,,,,,,,,,,,,,,,,,,,,,,,,,
155,2024-03-20,,,,,,,,,,,,,,,,,,,,,,,,,,,,,,,,,,,,,,,,,,,,,,,,,,,,,,,,
156,2024-03-21,,,,,,,,,,,,,,,,,,,,,,,,,,,,,,,,,,,,,,,,,,,,,,,,,,,,,,,,
157,2024-03-22,,,,,,,,,,,,,,,,,,,,,,,,,,,,,,,,,,,,,,,,,,,,,,,,,,,,,,,,
158,2024-03-23,,,,,,,,,,,,,,,,,,,,,,,,,,,,,,,,,,,,,,,,,,,,,,,,,,,,,,,,
159,2024-03-24,,,,,,,,,,,,,,,,,,,,,,,,,,,,,,,,,,,,,,,,,,,,,,,,,,,,,,,,
160,2024-03-25,,,,,,,,,,,,,,,,,,,,,,,,,,,,,,,,,,,,,,,,,,,,,,,,,,,,,,,,
161,2024-03-26,,,,,,,,,,,,,,,,,,,,,,,,,,,,,,,,,,,,,,,,,,,,,,,,,,,,,,,,
162,2024-03-27,,,,,,,,,,,,,,,,,,,,,,,,,,,,,,,,,,,,,,,,,,,,,,,,,,,,,,,,
163,2024-03-28,,,,,,,,,,,,,,,,,,,,,,,,,,,,,,,,,,,,,,,,,,,,,,,,,,,,,,,,
164,2024-03-29,,,,,,,,,,,,,,,,,,,,,,,,,,,,,,,,,,,,,,,,,,,,,,,,,,,,,,,,
165,2024-03-30,,,,,,,,,,,,,,,,,,,,,,,,,,,,,,,,,,,,,,,,,,,,,,,,,,,,,,,,
166,2024-03-31,,,,,,,,,,,,,,,,,,,,,,,,,,,,,,,,,,,,,,,,,,,,,,,,,,,,,,,,
167,2024-04-01,,,,,,,,,,,,,,,,,,,,,,,,,,,,,,,,,,,,,,92.0,-3.4,0.2651162790697673,775.3255813953489,79.67441860465117,0.0,0.0,126.56455608023242,2024.0,-3.4,8.2,1.5999999999999996,1.5999999999999996,,,0.12656455608023243,,,
168,2024-04-02,,,,,,,,,,,,,,,,,,,,,,,,,,,,,,,,,,,,,,93.0,-4.2,2.125,784.2854166666666,62.06666666666666,0.0,0.0,270.07732554536807,2024.0,-4.2,11.0,3.0,4.6,,,0.27007732554536806,,,
169,2024-04-03,,,,,,,,,,,,,,,,,,,,,,,,,,,,,,,,,,,,,,94.0,-2.6,4.88936170212766,787.9787234042553,48.263829787234044,0.0,0.0,447.8267139416176,2024.0,-2.6,15.4,5.199999999999999,9.8,,,0.4478267139416176,,,
170,2024-04-04,,,,,,,,,,,,,,,,,,,,,,,,,,,,,,,,,,,,,,95.0,-3.4,7.433333333333334,782.2104166666667,41.56666666666667,0.0,0.0,603.0686114171862,2024.0,-3.4,19.4,7.199999999999999,17.0,,,0.6030686114171862,,,
171,2024-04-05,,,,,,,,,,,,,,,,,,,,,,,,,,,,,,,,,,,,,,96.0,3.8,11.441666666666668,775.1625,26.45833333333333,0.8042056121855353,0.8042056121855353,994.1024632834492,2024.0,0.6,19.4,7.199999999999999,24.2,,,0.9941024632834492,,,
172,2024-04-06,,,,,,,,,,,,,,,,,,,,,,,,,,,,,,,,,,,,,,97.0,-4.2,0.4083333333333334,772.7083333333334,80.59166666666667,0.8042056121855353,0.0,122.11560427943256,2024.0,-5.0,1.4,0.0,24.2,,,0.12211560427943256,,,
173,2024-04-07,,,,,,,,,,,,,,,,,,,,,,,,,,,,,,,,,,,,,,98.0,-5.4,-2.191666666666667,779.9208333333332,69.21666666666667,0.8042056121855353,0.0,160.06545673552253,2024.0,-5.4,5.0,0.0,24.2,,,0.16006545673552253,,,
174,2024-04-08,,,,,,,,,,,,,,,,,,,,,,,,,,,,,,,,,,,,,,99.0,-7.4,0.2583333333333333,780.1,48.958333333333336,0.8042056121855353,0.0,317.67281820676493,2024.0,-7.4,8.6,1.7999999999999998,26.0,,,0.3176728182067649,,,
175,2024-04-09,,,,,,,,,,,,,,,,,,,,,,,,,,,,,,,,,,,,,,100.0,-6.2,2.3666666666666667,782.8791666666666,41.24166666666667,0.8042056121855353,0.0,425.6300841021208,2024.0,-6.2,11.4,3.1999999999999997,29.2,,,0.42563008410212083,,,
176,2024-04-10,12.0,2024-04-10,5151.8125,0.0098529149319563,101.50209755873988,2110.322793336611,0.3572293860728328,2079.991983134241,0.323370615641276,2.703827050649101e-06,788.2895833333333,0.2875416666666666,0.3084375,0.2893333333333333,0.3515416666666666,0.2974212218943078,0.23504457226369,0.1208070378308074,4.235416666666667,3.889583333333333,3.4916666666666667,3.41875,0.0,788.2895833333333,41.025,5.33125,2024-04-10,0.323370615641276,822.1023784953105,2667.629467704203,2629.2887156018865,4880.907578249082,0.2323956841686366,0.2828956841686366,R6,7224.842067974292,101.0,101.0,-1.8,5.15,784.7791666666667,40.81666666666667,0.8327770407569639,0.0285714285714285,521.6933398829995,2024.0,-1.8,12.2,3.6,32.8,,,0.5216933398829995,,,
177,2024-04-11,13.0,2024-04-11,5176.916666666667,0.0098288959173506,101.74945865278526,2137.637393398561,0.3354185768172292,2109.1290383208584,0.3029619852701823,2.5041816241192084e-06,789.3854166666666,0.2846875,0.3065,0.2874791666666667,0.351,0.2951611349755986,0.2324098399968442,0.1194528512713415,4.5,4.554166666666666,4.175,3.7375,0.0,789.3854166666666,39.489583333333336,5.59375,2024-04-11,0.3029619852701823,819.0386219679428,2702.1574708390244,2666.1204587188017,4936.3483287458,0.2306297226060799,0.2811297226060799,R6,7313.35425216313,102.0,102.0,-4.6,5.358333333333333,785.9166666666666,39.29166666666666,0.8327770407569639,0.0,542.9586077616925,2024.0,-4.6,15.4,5.199999999999999,38.0,,,0.5429586077616925,,,
178,2024-04-12,14.0,2024-04-12,5232.270833333333,0.0097767071937656,102.29219791405306,2140.0152266379314,0.3335962783203114,2110.9826108890425,0.301672617594401,2.54679214266629e-06,788.6104166666668,0.2815833333333333,0.3037916666666666,0.2852499999999999,0.3507291666666666,0.2924748391251179,0.2292782478899363,0.1178432911675436,5.142553191489362,4.935416666666667,4.447916666666667,3.9979166666666655,0.0,788.6104166666668,34.52916666666667,8.18125,2024-04-12,0.301672617594401,817.8658978410459,2705.163256512505,2668.463533825145,4932.56869800144,0.2285307346519732,0.2790307346519732,R6,7305.44154550715,103.0,103.0,-3.4,8.157446808510638,785.1659574468085,33.95744680851064,0.8327770407569639,0.0,716.1171691392501,2024.0,-3.4,20.6,7.800000000000001,45.8,0.9900809982004708,,0.71611716913925,,,
179,2024-04-13,15.0,2024-04-13,5287.729166666667,0.0097253038286202,102.83287950111968,2157.53708485185,0.3205980846138372,2117.390560646602,0.2974866231282552,3.512316308340077e-06,787.5645833333333,0.2809375,0.3035833333333333,0.2845208333333333,0.3505,0.2919747104438276,0.2286952149263531,0.1175436267906561,8.441666666666666,7.495833333333334,5.922916666666667,4.425,0.0,787.5645833333333,33.729166666666664,12.727083333333333,2024-04-13,0.2974866231282552,817.9069021447345,2727.3123919186964,2676.563733308754,4971.206878679918,0.2281399496692455,0.2786399496692455,R6,7324.523522242429,104.0,104.0,4.6,12.5,784.0437499999999,33.55833333333333,1.7570541767149337,0.9242771359579696,963.0594173547704,2024.0,4.6,19.8,7.4,53.2,0.9883917547030373,,0.9630594173547704,,,
180,2024-04-14,16.0,2024-04-14,5296.354166666667,0.0097186677536581,102.91211590450382,2163.3601752912564,0.3168047949209719,2130.249075725081,0.2897249857584635,2.880143645343681e-06,786.9499999999999,0.2763125,0.3010833333333333,0.283,0.3507291666666666,0.2888605411908856,0.225064822596207,0.1156776958340518,7.691666666666666,7.524999999999999,6.622916666666666,5.139583333333333,0.0,786.9499999999999,33.94375,10.535416666666666,2024-04-14,0.2897249857584635,818.5010535034468,2734.673278934804,2692.8180020123755,4973.649348652098,0.2257066347580064,0.2762066347580064,R6,7351.720491794795,105.0,105.0,-0.6,10.316666666666666,783.6020833333333,33.74166666666667,1.9570541767149332,0.1999999999999999,831.054627575805,2024.0,-0.6,21.4,8.2,61.39999999999999,0.9881753110963535,,0.831054627575805,,,0.5030004853790151
181,2024-04-15,17.0,2024-04-15,5622.854166666667,0.009431404220814,106.04008282889876,2177.7545931591853,0.3064021097095248,2147.366272631085,0.2791837056477864,2.6272972875377387e-06,779.8312500000001,0.271625,0.2978333333333333,0.280375,0.3505416666666667,0.2852370601944557,0.220840692001686,0.1135065982434123,6.66875,7.077083333333333,6.729166666666667,5.566666666666666,0.0,779.8312500000001,33.9,8.308333333333334,2024-04-15,0.2791837056477864,822.8389196101056,2752.8690608294887,2714.455610730402,4993.758609674315,0.2228753595051039,0.2733753595051039,R6,7390.292602687159,106.0,106.0,1.0,8.1,776.5604166666667,33.725,2.385625605286362,0.4285714285714285,715.8343706895438,2024.0,-0.2,13.4,4.199999999999999,65.6,0.9901776211999074,,0.7158343706895438,,,0.5450911864225374
182,2024-04-16,18.0,2024-04-16,5175.75,0.0098345680578939,101.72217044176976,2105.7102838953765,0.3617943490910791,2050.896339118615,0.3464266459147135,4.9568797587255375e-06,783.6999999999999,0.2773333333333334,0.2958541666666666,0.2775,0.349625,0.2864423244359745,0.2222457479581262,0.1142287619013489,5.664583333333333,5.702083333333333,5.795833333333333,5.579166666666667,5.8431,783.6999999999999,84.05208333333333,3.2458333333333336,2024-04-16,0.3464266459147135,840.786694808492,2661.798859162063,2592.5093197658607,4832.746527993265,0.2238171154639684,0.2743171154639685,R6,7064.868649214345,107.0,107.0,-0.2,3.025,780.2791666666667,83.80833333333334,2.642768462429219,0.2571428571428572,122.91286431120596,2024.0,-0.2,12.6,3.8000000000000007,69.39999999999999,0.9993898149415247,,0.12291286431120596,,,0.5345794391915257
183,2024-04-17,19.0,2024-04-17,5134.416666666667,0.0098695886598532,101.33060510650364,2113.107890238024,0.3543198163587668,2066.315203140543,0.3327611287434895,4.195262919063175e-06,785.4291666666667,0.2883541666666666,0.3014166666666666,0.2812291666666667,0.348,0.2937089545986808,0.2307169376289429,0.1185827417494187,6.708333333333333,6.383333333333333,5.870833333333334,5.435416666666668,0.2774,785.4291666666667,53.24375,8.608333333333333,2024-04-17,0.3327611287434895,825.4116798916313,2671.1500696652297,2612.0000896866018,4874.763902931223,0.2294950340654282,0.2799950340654282,R6,7157.210237289896,108.0,108.0,1.0,8.4,781.9,53.05,3.0713398910006475,0.4285714285714285,517.5519690787451,2024.0,1.0,18.2,6.6,75.99999999999999,1.0021722715004397,,0.517551969078745,,,0.5395598145584635
184,2024-04-18,20.0,2024-04-18,5200.604166666667,0.0098064070755661,101.9822498868378,2136.1185620242813,0.3365656112781134,2092.3328238860254,0.3142967224121094,3.876416107405977e-06,785.3770833333333,0.2820625,0.2997291666666666,0.2808333333333333,0.348,0.2903566136070777,0.226808892806892,0.1165741043487969,7.522916666666667,7.175,6.516666666666667,5.6000000000000005,0.0,785.3770833333333,43.93958333333333,10.025,2024-04-18,0.3142967224121094,817.3905027975021,2700.2375373846285,2644.888599444137,4916.238222696929,0.226875619171803,0.277375619171803,R6,7229.125814622746,109.0,109.0,2.6,9.841666666666669,781.8395833333334,43.75,3.728482748143505,0.6571428571428571,683.4344544724095,2024.0,2.6,16.2,5.6,81.59999999999998,0.9999785509540864,,0.6834344544724095,,,0.5453002319195509
185,2024-04-19,21.0,2024-04-19,5254.375,0.0097560391239692,102.5083304443284,2165.9737693956,0.3145524899029068,2114.122571262666,0.2996470133463542,4.545346001520671e-06,785.40625,0.2778125,0.2975833333333333,0.2790208333333333,0.348,0.2874552523195948,0.2234265847466893,0.1148356825088493,8.200000000000001,7.69375,6.891666666666667,5.8375,0.0,785.40625,49.68333333333334,10.170833333333333,2024-04-19,0.2996470133463542,818.0742633741945,2737.9770866136005,2672.43271372812,4974.666331443493,0.2246085857801353,0.2751085857801353,R6,7288.1627010893235,110.0,110.0,4.6,9.975,781.84375,49.50833333333333,4.671339891000647,0.9428571428571428,618.9808654591162,2024.0,4.6,16.2,5.6,87.19999999999997,0.9908337426164051,,0.6189808654591162,,,0.5185058320749556
186,2024-04-20,22.0,2024-04-20,5155.9375,0.009849165891801,101.54208917478128,2157.8916330530715,0.3207583807848778,2099.791766270025,0.3098500569661458,5.132739499893839e-06,787.2375000000001,0.2747083333333334,0.2958541666666666,0.2776458333333333,0.348,0.2852723782932493,0.2208818646370058,0.1135277599493168,9.13125,8.4,7.372916666666666,6.135416666666667,0.4935,787.2375000000001,60.89791666666667,9.15625,2024-04-20,0.3098500569661458,819.9633316428555,2727.7605713310054,2654.317343977577,4948.337391107508,0.222902955968061,0.273402955968061,R6,7226.849799311606,111.0,111.0,2.2,8.950000000000001,783.6374999999999,60.69166666666666,5.271339891000647,0.6,449.7613668112441,2024.0,2.2,14.6,4.800000000000001,91.99999999999996,0.988640049676214,,0.4497613668112441,,,0.5419091008272279
187,2024-04-21,23.0,2024-04-21,5127.166666666667,0.0098763009444965,101.2599460353099,2173.7136898755853,0.3089680875531044,2136.322318613615,0.2854410807291667,3.242637208814446e-06,790.7145833333334,0.2706666666666666,0.2935208333333333,0.2755416666666667,0.3479375,0.2823389493702313,0.217462173220718,0.1117701239983206,8.464583333333334,8.260416666666666,7.527083333333334,6.458333333333333,0.0,790.7145833333334,41.50416666666667,8.6625,2024-04-21,0.2854410807291667,816.3324397259271,2747.761011620377,2700.495103233636,4974.02529164569,0.2206108659242406,0.2711108659242406,R6,7335.791979131975,112.0,112.0,-1.0,8.458333333333334,787.1895833333333,41.28333333333333,5.41419703385779,0.1428571428571428,649.8291137826131,2024.0,-1.0,18.2,6.6,98.59999999999997,0.9882140369867878,,0.6498291137826131,,,0.5768922191877344
188,2024-04-22,24.0,2024-04-22,5317.8125,0.0096977345120285,103.12505752712654,2186.916712703196,0.3003679746874939,2149.1640198962964,0.2781155904134114,3.2555856169473218e-06,786.5833333333334,0.2664375,0.2911249999999999,0.2736458333333333,0.3476041666666666,0.2793337666406043,0.2139588336633003,0.1099694949926344,8.966666666666667,8.664583333333333,7.877083333333334,6.704166666666667,0.0,786.5833333333334,33.975,11.23125,2024-04-22,0.2781155904134114,808.7738878686833,2764.450767741533,2716.728117853628,4993.220031218045,0.2182627096896071,0.2687627096896071,R6,7362.540492736613,113.0,113.0,3.0,11.05,783.1083333333332,33.81666666666667,6.1284827481435045,0.7142857142857143,871.6897178278822,2024.0,3.0,19.4,7.199999999999999,105.79999999999995,0.9844693850012705,,0.8716897178278822,,,0.616464854874957
189,2024-04-23,25.0,2024-04-23,5392.3125,0.0096306761810802,103.84431068275325,2190.901704488804,0.2978507151369589,2141.0012287600007,0.2830963134765625,4.318590704871471e-06,785.4270833333334,0.26325,0.2894166666666666,0.2722291666666667,0.3470208333333333,0.2770900202381849,0.2113431506131769,0.1086250992546415,11.210416666666667,10.229166666666666,8.700000000000001,7.045833333333333,0.0,785.4270833333334,38.51458333333333,13.729166666666666,2024-04-23,0.2830963134765625,808.4211365543571,2769.4881400096115,2706.409647976577,4994.0123662617625,0.2165095160978046,0.2670095160978046,R6,7322.228179428386,114.0,114.0,4.2,13.516666666666666,781.9229166666668,38.325,6.998852785368722,0.8703700372252183,955.4372848637274,2024.0,4.2,22.2,8.6,114.39999999999996,0.9798220991223553,0.989912080215496,0.9554372848637275,4942.603536235755,7278.353738228131,0.654308226357929
190,2024-04-24,26.0,2024-04-24,5426.770833333333,0.0096000504523036,104.17559501595292,2228.3521732433223,0.2739858610738946,2179.382316831672,0.2609163920084635,4.164262116831817e-06,785.8625000000001,0.2588125,0.287375,0.2704166666666667,0.3473333333333332,0.2741549870027625,0.2079215889441907,0.1068665020404845,12.233333333333334,11.254166666666668,9.629166666666666,7.579166666666667,0.0,785.8625000000001,36.20208333333333,14.63125,2024-04-24,0.2609163920084635,815.8876193611577,2816.8287527084544,2754.9266435119657,5068.239901320265,0.2142161724942131,0.2647161724942131,R6,7435.474617471496,115.0,115.0,5.0,14.433333333333332,782.3937500000001,36.00833333333333,7.951322139699601,0.9524693543308792,1052.0980661411868,2024.0,5.0,21.8,8.4,122.79999999999995,0.9796429990998726,0.9893758781299514,1.0520980661411867,4955.984416455125,7293.398920335074,0.6921942782335136
191,2024-04-25,27.0,2024-04-25,5663.541666666667,0.009397219408618,106.42397611695463,2243.916320955284,0.2647573569065358,2204.476128879621,0.2476183573404947,3.313545281153364e-06,781.9479166666666,0.2528958333333333,0.2841458333333333,0.2678541666666666,0.347,0.2700143915059458,0.2030946238973554,0.1043855626024666,11.952083333333334,11.414583333333333,10.125,8.137500000000001,0.0,781.9479166666666,29.402083333333334,13.4375,2024-04-25,0.2476183573404947,812.7334164699295,2836.5031737056725,2786.647379641768,5087.644935794824,0.2109808400683036,0.2614808400683036,R6,7495.295799200338,116.0,116.0,8.2,13.225,778.5437499999999,29.20833333333333,8.896320984975874,0.9449988452762734,1076.0036951159252,2024.0,5.0,18.2,6.6,129.39999999999998,0.9812372418946483,0.9888318724388471,1.0760036951159253,4966.791316958626,7306.394745123447,0.7302689273302446
192,2024-04-26,28.0,2024-04-26,5712.854166666667,0.0093563135753155,106.8873251209034,2222.3385203575567,0.2782739882070479,2160.7673520747608,0.272131601969401,5.286054187852478e-06,778.5,0.2466249999999999,0.279875,0.2648541666666666,0.346875,0.2652979857888149,0.1975963989292829,0.1015596123355741,9.58125,10.01875,9.8375,8.472916666666666,0.46699998,778.5,72.32291666666667,6.24375,2024-04-26,0.272131601969401,829.5821820878083,2809.2269783745623,2731.39572744424,5020.431156905884,0.2072955874610131,0.2577955874610131,R6,7318.516556085809,117.0,117.0,3.4,6.033333333333334,775.0979166666666,72.125,9.667749556404448,0.7714285714285715,261.26389461650336,2024.0,1.4,9.8,2.4000000000000004,131.79999999999998,0.9897574087551694,0.9898427396200744,0.26126389461650334,4973.067206880373,7307.328674450494,0.697779407721477
193,2024-04-27,29.0,2024-04-27,5436.979166666667,0.0095929649899842,104.26658840790763,2119.8042145414206,0.3511529402981927,2059.8393320995083,0.340344746907552,5.39646474226725e-06,777.5812500000001,0.2790416666666667,0.2851875,0.2629583333333333,0.3454375,0.280617907700967,0.2154558415256579,0.110738919632902,5.779166666666666,6.789583333333333,7.9375,8.195833333333335,6.8118,777.5812500000001,92.6,2.672916666666667,2024-04-27,0.340344746907552,865.8742686810409,2679.6147993707746,2603.814031860442,4844.562312217445,0.2192660975393083,0.2697660975393083,R6,7063.575887837256,118.0,118.0,-0.2,2.466666666666667,774.1729166666668,92.4,9.924892413547305,0.2571428571428572,55.446444535499296,2024.0,-0.2,5.4,0.2000000000000001,131.99999999999997,1.0098837580100068,0.9939813074100161,0.055446444535499295,4964.021166418767,7288.689557707267,0.6329499096629576
194,2024-04-28,30.0,2024-04-28,5191.625,0.009814716964981,101.89475574192198,2106.3367362593026,0.3602818736079127,2046.141666671034,0.348920186360677,5.4502680004300735e-06,782.8416666666667,0.316125,0.316625,0.2896041666666666,0.3433541666666667,0.3121923256525101,0.2522642213694376,0.1296575072584422,7.210416666666667,6.933333333333334,6.9375,7.454166666666667,9.904799,782.8416666666667,84.31875000000001,4.5375000000000005,2024-04-28,0.348920186360677,852.7529930249058,2662.5907488158155,2586.4990049597577,4920.276845387503,0.2439373648259543,0.2944373648259544,R6,7182.214192833651,119.0,119.0,1.4,4.358333333333333,779.2125,84.10000000000001,10.41060669926159,0.4857142857142857,132.60632202648804,2024.0,1.4,10.6,2.8,134.79999999999998,1.02599701996565,0.9969365243394104,0.13260632202648803,4960.208844757011,7276.5819649243285,0.5830607449808636
195,2024-04-29,31.0,2024-04-29,5082.458333333333,0.0099197910960698,100.81699555567567,2113.291632253618,0.3545188949157261,2053.830815392574,0.3425992329915364,5.360951077426543e-06,786.0354166666666,0.3102499999999999,0.31525,0.2919375,0.3441666666666667,0.309691789972026,0.2493491821347814,0.1281592499206623,8.339583333333334,8.014583333333333,7.470833333333334,7.25,4.0039997,786.0354166666666,80.49374999999999,5.270833333333333,2024-04-29,0.3425992329915364,848.0612399916143,2671.382335372069,2596.218750098229,4928.416821208836,0.2419835240860333,0.2924835240860334,R6,7197.030590721891,120.0,120.0,-0.6,5.091666666666667,782.4145833333333,80.3,10.61060669926159,0.1999999999999999,172.9479599026371,2024.0,-0.6,14.2,4.6,139.39999999999998,1.0334373260940393,0.9991126763831026,0.17294795990263712,4955.541574152334,7262.777535498238,0.5442831442103702
196,2024-04-30,32.0,2024-04-30,5306.354166666667,0.0097084309979708,103.0130858340278,2136.160988612673,0.3367672817513623,2087.41650262385,0.3180618286132812,4.328206247272239e-06,782.9499999999999,0.3002291666666666,0.3120416666666666,0.2910624999999999,0.3461458333333333,0.3042120056093284,0.2429610363708998,0.1248759025983503,9.622916666666669,9.35625,8.529166666666667,7.491666666666666,0.0928,782.9499999999999,45.95,10.789583333333333,2024-04-30,0.3180618286132812,834.2996945052,2700.291168240422,2638.673946636951,4963.5853101305975,0.2377017911688098,0.2882017911688098,R6,7285.907221113939,121.0,121.0,6.2,10.566666666666666,779.3020833333334,45.73333333333333,11.61060669926159,1.0,692.1047817767969,2024.0,5.0,17.0,6.0,145.39999999999998,1.020724313398008,0.9985529856506913,0.6921047817767969,4964.8872014478575,7278.566004919638,0.5849397097436267
197,2024-05-01,33.0,2024-05-01,5442.583333333333,0.0095859932216093,104.3276351777519,2165.6968710676147,0.3148616534998178,2120.8546412799747,0.2956759134928385,3.925734395449873e-06,781.5854166666667,0.2899166666666666,0.3064166666666666,0.2870416666666666,0.347625,0.2971671477434253,0.2347483812818477,0.1206548030661244,8.577083333333333,8.862499999999999,8.664583333333333,7.839583333333334,0.0,781.5854166666667,49.802083333333336,7.795833333333333,2024-05-01,0.2956759134928385,833.6983457785253,2737.6270633178165,2680.9426290896586,5008.1024574463545,0.2321971585363773,0.2826971585363773,R6,7365.286663195856,122.0,122.0,3.8,7.616666666666667,778.0958333333333,49.59166666666667,12.43917812783302,0.8285714285714285,526.8078398864086,2024.0,2.2,13.8,4.4,149.79999999999998,1.0130522551459291,0.999267949406301,0.5268078398864086,4974.411383913224,7293.428606770064,0.5856008433727455
198,2024-05-02,34.0,2024-05-02,5405.9375,0.0096185465027048,103.97537712284598,2151.221609801707,0.325400112509966,2112.132389552686,0.3015645345052083,3.4417078038242063e-06,784.1687499999999,0.2822083333333333,0.3012916666666667,0.2830416666666667,0.3477916666666666,0.2913627254088345,0.2279817836396289,0.1171769409335231,7.710416666666667,7.8625,7.81875,7.777083333333334,1.2386999,784.1687499999999,55.12083333333334,5.172916666666667,2024-05-02,0.3015645345052083,827.4713590036044,2719.3290884167354,2669.9169529201563,4954.518695085067,0.227661763613784,0.278161763613784,R6,7303.047006347578,123.0,123.0,-3.0,4.991666666666666,780.6791666666667,54.89166666666667,12.43917812783302,0.0,393.2561026552092,2024.0,-3.0,14.6,4.800000000000001,154.6,1.004762058833143,1.0001377137857574,0.3932561026552092,4977.14570336952,7298.708691893266,0.5648738182429456
199,2024-05-03,35.0,2024-05-03,5589.458333333333,0.0094593077537195,105.72559585151537,2188.333644784607,0.2996348244916967,2155.4633629836944,0.2745717366536458,2.825162843187241e-06,782.475,0.2771875,0.2982291666666666,0.2801875,0.347,0.2875881701572969,0.2235815358297357,0.1149153234942642,8.929166666666667,8.69375,8.227083333333333,7.69375,0.0,782.475,32.87916666666667,9.35,2024-05-03,0.2745717366536458,820.286022881027,2766.241891727893,2724.691029167566,5026.4989463011925,0.2247124436408295,0.2752124436408295,R6,7431.592914434027,124.0,124.0,0.6,9.158333333333331,778.9166666666666,32.7,12.81060669926159,0.3714285714285714,780.9481328518153,2024.0,0.6,17.0,6.0,160.6,0.9991196712498944,1.000328541786439,0.7809481328518153,4980.848033002212,7308.953707132173,0.5764429087709955
200,2024-05-04,36.0,2024-05-04,5401.5,0.0096225067116573,103.93262733495408,2176.3428187656705,0.3071659713809034,2135.8841323449446,0.285675048828125,3.50835864106515e-06,785.65625,0.27075,0.2947083333333333,0.27725,0.3467499999999999,0.283055882546834,0.2182979494724766,0.112199692110836,9.745833333333334,9.297916666666667,8.475,7.797916666666667,0.0,785.65625,47.29583333333333,7.677083333333333,2024-05-04,0.285675048828125,816.4493013637997,2751.0844566041155,2699.9411981124194,4982.642426124838,0.2211710551905566,0.2716710551905566,R6,7338.420659922582,125.0,125.0,-1.8,7.491666666666667,782.1875,47.09166666666667,12.83917812783302,0.0285714285714285,548.2304529379765,2024.0,-1.8,19.0,7.0,167.6,0.9921746109802739,1.0000253554000282,0.5482304529379765,4983.298392646307,7316.923054318671,0.5834764149229049
201,2024-05-05,37.0,2024-05-05,5687.75,0.0093777176406156,106.64920194914014,2206.779870672097,0.2872743092391015,2158.3402119993493,0.2725207010904948,4.156120158109845e-06,779.3833333333333,0.2655208333333334,0.2921458333333333,0.2749583333333333,0.3465208333333333,0.2794904829633556,0.2141415282087518,0.1100633954245877,10.7375,10.360416666666667,9.447916666666666,8.077083333333333,0.0,779.3833333333333,42.12291666666667,11.679166666666667,2024-05-05,0.2725207010904948,822.9412995683014,2789.559507355593,2728.327613690336,5039.154310062602,0.2183851629456801,0.2688851629456801,R6,7394.870992372401,126.0,126.0,4.2,11.45,775.8791666666666,41.925,13.724892413547304,0.8857142857142858,785.4645840446387,2024.0,4.2,18.6,6.800000000000001,174.4,0.990350652791826,1.0005955600296943,0.7854645840446387,4987.950465390372,7321.1429838358445,0.5931646627987639
202,2024-05-06,38.0,2024-05-06,5596.833333333333,0.0094554325566984,105.7864639621106,2144.964612303101,0.3317938502547523,2094.4196331004555,0.3144747416178385,4.465394673128188e-06,777.24375,0.2699583333333333,0.2893125,0.2717708333333333,0.3463958333333333,0.2798347886744175,0.2145429080667938,0.1102696946436166,8.083333333333334,8.9375,9.141666666666667,8.335416666666667,9.2792,777.24375,74.96875,3.45,2024-05-06,0.3144747416178385,855.7533415014458,2711.4197055681325,2647.5265057262795,4899.242360755662,0.2186541927101865,0.2691541927101865,R6,7177.719338160912,127.0,127.0,-2.6,3.2416666666666667,773.9375,74.75,13.724892413547304,0.0,194.6426266256944,2024.0,-2.6,5.4,0.2000000000000001,174.6,1.0046310186775067,1.0046488918599181,0.1946426266256944,4981.237774643059,7307.941472794722,0.5448041562843219
203,2024-05-07,39.0,2024-05-07,5397.354166666667,0.0096258257247382,103.89413685648316,2106.803371646148,0.3602953450040134,2060.534136857912,0.3382771809895833,4.165993443743206e-06,779.3729166666667,0.2822916666666666,0.2899791666666666,0.2706875,0.344875,0.2851035142583826,0.220685008702975,0.1134265809174394,4.327083333333333,5.525,6.897916666666667,7.854166666666667,2.9733,779.3729166666667,79.52916666666667,1.19375,2024-05-07,0.3382771809895833,853.9805866017269,2663.1806160686137,2604.692324818122,4830.59645655752,0.222771010867895,0.273271010867895,R6,7090.4879317067935,128.0,128.0,-1.4,0.975,775.9770833333333,79.325,13.81060669926159,0.0857142857142857,135.52985178848363,2024.0,-1.4,3.4,0.0,174.6,1.0197424087178266,1.0085797074562006,0.13552985178848362,4969.565209664185,7291.388597957467,0.48623933963609023
204,2024-05-08,40.0,2024-05-08,5356.645833333333,0.0096621786128364,103.50212728083612,2096.82603710542,0.3689587036888341,2063.7338477459334,0.335760752360026,2.972719738545672e-06,781.4479166666666,0.3021875,0.3002499999999999,0.2769166666666667,0.3430416666666667,0.2982437791639005,0.2360034814815541,0.1212998932115684,5.014893617021277,5.289583333333334,5.810416666666666,7.04375,7.0506,781.4479166666666,59.14791666666667,0.8895833333333334,2024-05-08,0.335760752360026,834.6674360620849,2650.56840730414,2608.737034508967,4852.44000321611,0.2330384048131736,0.2835384048131736,R6,7172.232191846081,129.0,129.0,-5.8,0.6666666666666666,777.96875,58.925,13.81060669926159,0.0,263.3229373584272,2024.0,-5.8,6.6,0.7999999999999998,175.4,1.0244637557513816,1.010200007883589,0.2633229373584272,4954.150931228173,7272.585567555651,0.4298982590087502
205,2024-05-09,41.0,2024-05-09,5242.583333333333,0.0097669843876331,102.39332712268094,2126.252929153063,0.3449371328973933,2089.425131713511,0.3169428507486979,3.2633475852659814e-06,786.1916666666666,0.28975,0.2986875,0.2781666666666667,0.3424583333333333,0.2925802549034005,0.2294011380098589,0.1179064536189185,6.858333333333333,6.727083333333333,6.477083333333333,6.747916666666666,0.0,786.1916666666666,54.05625,3.741666666666666,2024-05-09,0.3169428507486979,827.779770941523,2687.7665291351263,2641.213026519036,4901.210513780984,0.2286131032595666,0.2791131032595666,R6,7231.08418977637,130.0,130.0,-2.2,3.5500000000000003,782.6166666666667,53.85,13.81060669926159,0.0,363.59728614949097,2024.0,-2.2,12.2,3.6,179.0,1.0132006313240778,1.0114981895947959,0.363597286149491,4940.834186798615,7253.713309739654,0.3790120869397192
206,2024-05-10,42.0,2024-05-10,5066.3125,0.0099374719713874,100.65056773632644,2121.800888187451,0.3483714995577191,2073.557811053743,0.3282572428385417,4.307006737684177e-06,789.8312500000001,0.2835,0.29675,0.2772083333333333,0.3428333333333334,0.2890678041377911,0.2253064426725912,0.1158018825167193,8.700000000000001,8.220833333333333,7.495833333333334,6.891666666666667,0.0,789.8312500000001,56.75416666666666,7.2875,2024-05-10,0.3282572428385417,801.3813403868705,2682.138766544117,2621.155368847347,4878.822407628641,0.2258685835726946,0.2763685835726946,R6,7157.434150776057,131.0,131.0,0.6,7.1000000000000005,786.13125,56.54166666666666,14.182035270690164,0.3714285714285714,438.38969583072,2024.0,0.6,13.8,4.4,183.4,0.9920223604404501,1.0090650542459036,0.43838969583071996,4930.719276135954,7242.207423646099,0.39166392988359183
207,2024-05-11,43.0,2024-05-11,4726.0,0.0102880699004237,97.21426176167826,2121.8853377166547,0.3492091577004816,2069.43919940456,0.3323224385579427,4.692470565752997e-06,787.2020833333332,0.2760208333333333,0.29375,0.275125,0.3432708333333333,0.284454294277306,0.21992817018572,0.1130375848282922,8.46875,8.4375,7.995833333333334,7.222916666666666,0.0116,787.2020833333332,64.40416666666667,6.55625,2024-05-11,0.3323224385579427,816.167366673219,2682.2455180104566,2615.9490895823537,4862.8951275162135,0.2222637305846748,0.2727637305846748,R6,7117.819498410419,132.0,132.0,-0.2,6.341666666666666,783.6708333333332,64.20833333333333,14.43917812783302,0.2571428571428572,342.6911064441505,2024.0,-0.2,12.2,3.6,187.0,0.9845735943634061,1.004776401387889,0.34269110644415046,4932.028762943009,7246.0819672584685,0.41218140573420975
208,2024-05-12,44.0,2024-05-12,4714.708333333333,0.010301212328878,97.09541540682324,2098.3027094541653,0.3694893800975857,2036.94619528462,0.3595987955729167,5.588219945835634e-06,784.7041666666668,0.2745625,0.29175,0.2730625,0.3432291666666667,0.282755164845498,0.2179473830299372,0.1120195097178618,10.247916666666669,9.4,8.200000000000001,7.322916666666667,3.4524999,784.7041666666668,73.63541666666667,7.589583333333334,2024-05-12,0.3595987955729167,828.4484588077961,2652.4350481252004,2574.8751384511443,4802.921772164502,0.2209360837399705,0.2714360837399705,R6,6996.625910929987,133.0,133.0,2.2,7.383333333333333,781.0979166666666,73.425,15.03917812783302,0.6,273.33373799906167,2024.0,2.2,17.0,6.0,193.0,0.9848428311640759,1.0026794348516013,0.2733337379990617,4923.646257712795,7232.8256614082065,0.422233364017965
209,2024-05-13,45.0,2024-05-13,4853.104166666667,0.0101513665612556,98.51636391465928,2118.9323083421173,0.3512111961447914,2060.6514747901856,0.3386065165201823,5.23684516043255e-06,786.88125,0.272625,0.2909375,0.2720833333333333,0.3438333333333332,0.2814819855510487,0.2164631540205142,0.1112566530887379,10.997916666666669,10.329166666666667,9.072916666666666,7.729166666666667,0.57129997,786.88125,61.11041666666667,10.008333333333333,2024-05-13,0.3386065165201823,820.4506348019503,2678.512634963661,2604.840650053864,4845.636983091637,0.2199412610729181,0.2704412610729181,R6,7071.091985345058,134.0,134.0,1.0,9.833333333333334,783.3395833333334,60.875,15.46774955640445,0.4285714285714285,475.1009027529307,2024.0,1.0,21.4,8.2,201.2,0.9925207868715122,1.0002972244125052,0.4751009027529307,4917.733412132994,7223.830046738433,0.4438157170787003
210,2024-05-14,46.0,2024-05-14,4987.4375,0.0100142105798969,99.86886301627874,2136.198752636367,0.3364454805161481,2077.7957863197303,0.3246625264485677,5.208434913253439e-06,785.9604166666667,0.2677083333333334,0.2893125,0.2710208333333333,0.3446249999999999,0.2786450002273162,0.2131558932638018,0.1095568036878155,12.114893617021275,11.877083333333331,10.472916666666666,8.358333333333333,0.0,785.9604166666667,48.54166666666666,12.854166666666666,2024-05-14,0.3246625264485677,821.1078747915863,2700.3389052135253,2626.512533987508,4874.9392971117095,0.2177245290553235,0.2682245290553235,R6,7114.35723236272,135.0,135.0,5.8,12.65,782.4145833333333,48.333333333333336,16.46774955640445,1.0,756.3082437958616,2024.0,5.8,19.8,7.800000000000001,209.0,0.994510005857772,0.999159049772124,0.7563082437958616,4911.401554060217,7211.576476113346,0.4484016786514906
211,2024-05-15,47.0,2024-05-15,5073.1875,0.0099299966637307,100.72113091281297,2166.88007301517,0.3146691738477511,2108.334079038242,0.3041674296061198,5.146431557180851e-06,785.7729166666667,0.2618541666666666,0.2854791666666667,0.2680416666666667,0.345,0.2742779007336958,0.2080648775806797,0.1069401488197414,12.452083333333334,11.725,10.433333333333334,8.85,0.5252,785.7729166666667,57.92291666666667,10.575,2024-05-15,0.3041674296061198,824.5663848682175,2739.1227323176067,2665.115561830692,4928.881191934121,0.2143122134573025,0.2648122134573025,R6,7193.592367277391,136.0,136.0,2.6,10.4,782.2270833333333,57.73333333333333,17.124892413547308,0.6571428571428571,533.0957693224625,2024.0,2.6,18.6,6.800000000000001,215.8,0.9929469489815036,0.9983711549592246,0.5330957693224625,4905.742892237914,7199.312597833456,0.4488508164683517
212,2024-05-16,48.0,2024-05-16,5233.0,0.0097767435598819,102.29680626100796,2208.4909911868795,0.2874608366767364,2155.6745385355894,0.2753893534342448,4.541228371243271e-06,785.4,0.2564166666666667,0.2825,0.2651041666666667,0.3453541666666666,0.2703813204821519,0.2035223771865089,0.1046054171061777,13.4375,12.775,11.320833333333333,9.3375,0.0,785.4,48.00416666666666,11.554166666666667,2024-05-16,0.2753893534342448,820.703656625576,2791.7225108176413,2724.957973223173,5008.7279567507885,0.2112675469479391,0.2617675469479391,R6,7331.781392897045,137.0,137.0,2.6,11.35,781.9416666666666,47.79166666666666,17.782035270690166,0.6571428571428571,701.4547637049762,2024.0,2.6,21.0,8.0,223.8,0.9930488242954258,0.9977872455829944,0.7014547637049763,4909.614982356894,7201.36505401556,0.47086500654333496
213,2024-05-17,49.0,2024-05-17,5303.291666666667,0.0097115888015629,102.98206203654968,2209.7626359067804,0.285975488818152,2161.2901813180274,0.2714474995930989,4.1552708871202615e-06,784.3708333333334,0.2485416666666666,0.2784583333333333,0.26175,0.3453958333333333,0.264986046367777,0.197232750588546,0.1013727061737622,13.9375,13.2875,11.8875,9.845833333333331,0.0,784.3708333333334,38.75,13.377083333333331,2024-05-17,0.2714474995930989,808.8277453267364,2793.329979086462,2732.056628563405,4990.809081477509,0.2070518477079802,0.2575518477079802,R6,7318.18256273757,138.0,138.0,3.4,13.175,780.9458333333333,38.56666666666667,18.546058909214423,0.7640236385242565,930.7167587141952,2024.0,3.4,21.4,8.2,232.0,0.9881044205822951,0.9967986389147814,0.9307167587141951,4907.06570629806,7193.26431460867,0.48156276553350497
214,2024-05-18,50.0,2024-05-18,5304.770833333333,0.0097102861150573,102.99626514098452,2259.809895469717,0.2561740446650435,2202.315216432313,0.2490234375,4.833035123870014e-06,786.15,0.23875,0.2736041666666667,0.2579583333333333,0.345,0.2583906047714298,0.1895440096626361,0.0974208854320111,13.88125,13.3625,12.258333333333333,10.266666666666667,0.0,786.15,42.1375,13.7625,2024-05-18,0.2490234375,813.7651870957567,2856.5940185071063,2783.9158005014733,5077.349363390654,0.2018983749584059,0.2523983749584059,R6,7415.741866694505,139.0,139.0,5.8,13.566666666666668,782.6750000000001,41.95,19.545367033882897,0.9993081246684729,902.214001060887,2024.0,5.8,20.2,8.0,240.0,0.9837554857827657,0.9965670567026155,0.902214001060887,4913.830487531332,7198.787257949522,0.5068473046851414
215,2024-05-19,51.0,2024-05-19,5250.25,0.009760773206172,102.4649014059065,2241.812227086235,0.266395477905801,2174.8381052809737,0.2638943990071614,5.712029001489583e-06,785.6291666666666,0.2299583333333333,0.2680625,0.2536666666666666,0.3447499999999999,0.2519063767544964,0.1819849177355179,0.0935357010365109,13.372916666666669,12.775,11.858333333333334,10.3875,0.41169998,785.6291666666666,55.47708333333333,12.772916666666667,2024-05-19,0.2638943990071614,812.8726476727052,2833.8434181338644,2749.182369376084,5010.540933494951,0.1968318010377454,0.2473318010377454,R6,7282.015058615533,140.0,140.0,4.6,12.591666666666669,782.1,55.25833333333333,20.48822417674004,0.9428571428571428,652.4366322013933,2024.0,4.6,20.6,7.800000000000001,247.8,0.980602451455647,0.99569834529667,0.6524366322013934,4911.786674919357,7190.726119824031,0.4973453081249096
216,2024-05-20,52.0,2024-05-20,5526.479166666667,0.0095139539571326,105.1249242482499,2282.820905012894,0.2434885022680179,2231.7955742918425,0.2345873514811197,4.242071519621934e-06,782.59375,0.2206666666666666,0.2629583333333333,0.2488541666666666,0.3437083333333333,0.245217286464225,0.174187004355404,0.0895277683808445,14.8,13.45625,11.975,10.433333333333334,0.0,782.59375,38.83125,14.114583333333334,2024-05-20,0.2345873514811197,820.1711767612609,2885.681913180293,2821.181507715963,5073.913808047766,0.1916051541139902,0.2421051541139902,R6,7428.084697721057,141.0,141.0,5.0,13.958333333333334,779.1458333333334,38.61666666666667,21.463653301688712,0.9754291249486704,978.6268001642552,2024.0,5.0,21.8,8.4,256.2,0.9851697082313223,0.9926283581048847,0.9786268001642552,4924.2632068687935,7208.609359792614,0.5533441776633782
217,2024-05-21,53.0,2024-05-21,5384.375,0.009644750381161,103.74251066052784,2258.288898306454,0.2581069903599054,2200.4333256426003,0.2518882751464844,4.899565762044141e-06,783.30625,0.2124374999999999,0.2575624999999999,0.2453541666666666,0.343,0.2391608766324693,0.1671266482810977,0.0858989217533597,11.764583333333334,12.691666666666668,12.5625,10.810416666666669,3.9355998,783.30625,70.18333333333334,7.079166666666667,2024-05-21,0.2518882751464844,876.9185331402132,2854.6713473092086,2781.5369287281646,4993.535659991739,0.1868728640053957,0.2373728640053957,R6,7283.256510951504,142.0,142.0,0.2,6.891666666666667,779.9229166666668,69.98333333333333,21.777939015974425,0.3142857142857143,298.49477738877584,2024.0,-2.2,9.8,2.4000000000000004,258.6,1.0105974237592914,0.9946074170686438,0.29849477738877583,4935.901721399809,7222.378544024379,0.5649845294919705
218,2024-05-22,54.0,2024-05-22,4956.979166666667,0.0100471779950724,99.55602326660636,2129.575532067812,0.3426038512601881,2081.894783959942,0.3223711649576823,4.237469992194709e-06,787.8333333333334,0.2563333333333333,0.2548958333333333,0.2410416666666666,0.3412916666666667,0.2563014969148464,0.1871085989564828,0.096169145174926,9.091489361702129,9.572916666666666,9.864583333333334,10.339583333333334,8.2764,787.8333333333334,79.43541666666667,2.46875,2024-05-22,0.3223711649576823,855.5169687933353,2691.966584914674,2631.6940194586423,4776.7228384236405,0.2002660111124753,0.2507660111124753,R6,6997.565169790625,143.0,143.0,-5.8,2.283333333333333,784.4291666666667,79.24166666666666,21.777939015974425,0.0,149.47628754809926,2024.0,-5.8,16.6,5.800000000000001,264.4,1.0277674984149623,0.9964062901531517,0.14947628754809927,4930.493352486061,7209.902328163274,0.5568526259340899
219,2024-05-23,55.0,2024-05-23,5341.208333333333,0.0096761455279857,103.35283148269195,2188.055952495637,0.2991359981476874,2145.539672415057,0.2797317504882812,3.66978171909328e-06,780.8604166666668,0.2793958333333333,0.2607083333333334,0.2396249999999999,0.3393125000000001,0.2678231106538747,0.2005401033968914,0.1030726028869242,10.997916666666669,11.177083333333334,10.58125,9.9625,0.0,780.8604166666668,36.802083333333336,11.54375,2024-05-23,0.2797317504882812,849.0661681701212,2765.890864797156,2712.146630996412,4952.658129807553,0.2092686414243088,0.2597686414243088,R6,7282.115506079838,144.0,144.0,3.8,11.341666666666669,777.3645833333334,36.59166666666667,22.60651044454585,0.8285714285714285,851.4639740387912,2024.0,2.6,18.2,6.6,271.0,1.0394016186595239,0.998242855391052,0.8514639740387913,4934.168182202245,7213.547422184951,0.5917002464976114
220,2024-05-24,56.0,2024-05-24,5247.645833333333,0.0097623474552409,102.44248792461732,2202.1486927064884,0.2902251298660377,2154.155290090888,0.27508544921875,4.130336668973714e-06,785.6708333333332,0.26475,0.259125,0.2385,0.3377708333333333,0.2606950292480081,0.1922304291426523,0.0988016379277022,11.145833333333334,11.204166666666666,10.5875,9.9375,0.0,785.6708333333332,57.77708333333334,6.516666666666667,2024-05-24,0.27508544921875,831.7348868466456,2783.705300193424,2723.0375125559017,4956.87642551475,0.2036989805084688,0.2541989805084688,R6,7267.8765425365345,145.0,145.0,-1.8,6.325,782.2312499999999,57.55833333333334,22.635081873117283,0.0285714285714285,405.894900707596,2024.0,-1.8,16.2,5.6,276.6,1.0212091240977879,1.0008617235666446,0.405894900707596,4939.74346919411,7221.436164453556,0.5893791897031025
221,2024-05-25,57.0,2024-05-25,5491.333333333333,0.0095434938355622,104.79329513993628,2221.066223410636,0.2782582941284831,2165.066803332297,0.2686335245768229,4.792167071846584e-06,781.2979166666668,0.2534166666666667,0.2572083333333333,0.2370624999999999,0.3369583333333333,0.2548539279955909,0.1854210724686857,0.0953017987210667,12.0375,11.966666666666669,11.2125,10.010416666666666,0.0,781.2979166666668,53.364583333333336,9.764583333333333,2024-05-25,0.2686335245768229,844.7425520387281,2807.6186856347067,2736.830603523755,4976.115345221147,0.1991349258212879,0.249634925821288,R6,7267.846811311872,146.0,146.0,3.4,9.566666666666666,777.7604166666666,53.15,23.40651044454585,0.7714285714285715,558.8067485490772,2024.0,3.4,16.6,5.800000000000001,282.40000000000003,1.0168709722598301,1.0033271568452427,0.5588067485490772,4947.830627601606,7232.1524010893745,0.6048160212820258
222,2024-05-26,58.0,2024-05-26,5123.145833333333,0.0098809302883393,101.21760531614956,2152.779519701904,0.3242812783278282,2087.5467720690854,0.3178037007649739,5.7877078426159166e-06,786.6270833333333,0.2474375,0.2546666666666666,0.235375,0.3359583333333333,0.2510590875262554,0.1809971768435559,0.0930280268955891,11.408333333333331,11.29375,10.760416666666666,10.04375,7.7296996,786.6270833333333,75.325,7.6,2024-05-26,0.3178037007649739,844.4040961875327,2721.2984204880736,2638.838618416997,4808.201901924488,0.196169755610618,0.246669755610618,R6,6984.531384073292,147.0,147.0,3.0,7.425,783.03125,75.125,24.12079615883157,0.7142857142857143,256.5792388133537,2024.0,3.0,15.4,5.199999999999999,287.6,1.0149938612662064,1.0047037904129368,0.2565792388133537,4948.207779727318,7231.2885063138965,0.6036192713401897
223,2024-05-27,59.0,2024-05-27,5090.520833333333,0.0099120475996204,100.89653895920743,2200.3191212585725,0.2919864486290934,2146.1358702415714,0.2803243001302083,4.679114359488201e-06,791.1354166666666,0.2445625,0.2531041666666667,0.2326666666666667,0.334875,0.2487249038058356,0.1782760650517809,0.0916294434184007,12.820833333333333,12.360416666666666,11.152083333333332,10.054166666666664,0.0,791.1354166666666,49.45625,11.535416666666668,2024-05-27,0.2803243001302083,837.9656598024102,2781.392564566845,2712.9002763134285,4904.90827484466,0.1943458971138123,0.2448458971138123,R6,7165.594184268808,148.0,148.0,2.6,11.333333333333334,787.5416666666666,49.26666666666667,24.77793901597443,0.6571428571428571,680.8844575504492,2024.0,2.6,21.4,8.2,295.8,1.0175025853823763,1.0062149661046869,0.6808844575504491,4952.441443423963,7238.038663379878,0.6183180966828695
224,2024-05-28,60.0,2024-05-28,5093.833333333333,0.009908988164774,100.9288136922256,2247.3635213263588,0.2633681454849785,2192.2533044502607,0.2545305887858073,4.65754726168283e-06,792.4187499999999,0.2360833333333333,0.2502708333333333,0.2293541666666666,0.33475,0.2434712635769021,0.1721515504081248,0.0884815959053705,13.94375,13.627083333333331,12.322916666666666,10.470833333333331,0.0,792.4187499999999,42.9375,13.708333333333334,2024-05-28,0.2545305887858073,828.4162840022601,2840.8607313835764,2771.1966785787413,4987.738558101861,0.1902408661829235,0.2407408661829236,R6,7284.444417627285,149.0,149.0,3.4,13.508333333333333,788.8979166666667,42.775,25.549367587403,0.7714285714285715,886.0190404481913,2024.0,3.4,23.4,9.2,305.0,1.0109290667128754,1.006845527028479,0.8860190404481912,4960.498533494688,7250.187748041632,0.6275831535866073
225,2024-05-29,61.0,2024-05-29,5231.520833333333,0.0097776383227437,102.2840486360734,2261.0772121737814,0.2549560376159107,2204.072872396778,0.2477289835611979,4.790358977328756e-06,789.3583333333332,0.2250625,0.2450625,0.2246458333333333,0.3341041666666667,0.2360379773640673,0.1634860787965988,0.0840277599936823,13.866666666666667,13.7,12.645833333333334,10.845833333333331,0.0,789.3583333333332,40.59583333333333,14.772916666666667,2024-05-29,0.2477289835611979,826.2012190257725,2858.196015791764,2786.1376287732896,4986.156487148926,0.1844327277318384,0.2349327277318385,R6,7273.9961204846495,150.0,150.0,5.0,14.541666666666666,785.8520833333333,40.375,26.52211942818481,0.9727518407818068,987.1941094982184,2024.0,5.0,23.8,9.4,314.4,1.0035999604778079,1.0069865785907164,0.9871941094982184,4964.589626010032,7255.930873270722,0.6600187493134471
226,2024-05-30,62.0,2024-05-30,5402.854166666667,0.0096213430934956,103.94552979509292,2299.468875412274,0.2348628594754089,2243.9994673781152,0.2287419637044271,4.5807003004385935e-06,787.9770833333333,0.2151666666666666,0.2390624999999999,0.2191666666666666,0.3337291666666667,0.2286872182607339,0.1549168144753734,0.0796233722255824,14.997916666666669,14.01875,12.497916666666669,10.9625,0.0,787.9770833333333,37.92083333333333,15.172916666666666,2024-05-30,0.2287419637044271,829.0120514329584,2906.726379247324,2836.6082779335084,5037.839644832454,0.1786890733950774,0.2291890733950775,R6,7353.714033327241,151.0,151.0,5.4,14.941666666666668,784.4583333333334,37.73333333333333,27.47278163191519,0.950662203730382,1057.8809480627776,2024.0,5.4,23.0,9.2,323.6,0.9999949289026481,1.0077034170919488,1.0578809480627775,4966.669032301578,7257.497490444308,0.6854777624818613
227,2024-05-31,63.0,2024-05-31,5533.4375,0.0095067083344755,105.19576779324396,2364.0882411264006,0.2043791377210747,2314.209953844407,0.198889414469401,3.9908476973888615e-06,788.7833333333333,0.2019791666666666,0.2321041666666666,0.2124791666666666,0.3327916666666666,0.2193383208683329,0.144018188667983,0.0740217508499561,15.045833333333334,14.64375,13.383333333333333,11.360416666666666,0.0,788.7833333333333,37.25833333333333,13.435416666666669,2024-05-31,0.198889414469401,830.4385686359782,2988.410813831291,2925.3603699029063,5135.094402501114,0.1713841360005916,0.2218841360005916,R6,7514.38695490545,152.0,152.0,2.6,13.258333333333333,785.3229166666666,37.06666666666667,28.11788146311664,0.6450998312014496,958.6443002364192,2024.0,2.6,21.4,8.2,331.79999999999995,1.0008091704528355,1.009567973429309,0.9586443002364192,4976.975126660407,7271.512089884871,0.6874725868763061
228,2024-06-01,64.0,2024-06-01,5497.583333333333,0.0095380867566844,104.85280795874998,2341.9187154038395,0.2141751954120849,2280.581814907466,0.2124303181966146,4.982169443174799e-06,788.2104166666667,0.18975,0.2239583333333333,0.2051666666666666,0.331875,0.2098871741311576,0.1330003640608868,0.0683588642693232,15.447916666666666,14.65625,13.358333333333334,11.583333333333334,0.0,788.2104166666667,42.74166666666667,14.760416666666666,2024-06-01,0.2124303181966146,815.5353411718621,2960.386627062676,2882.8515107579983,5041.148886795018,0.1639993041510857,0.2144993041510857,R6,7333.446377099477,153.0,153.0,3.8,14.575,784.6895833333333,42.575,28.93277652310261,0.8148950599859748,952.8190786748556,2024.0,3.8,25.4,10.2,341.99999999999994,0.9965147201202376,1.0097207002344604,0.9528190786748556,4974.389378332147,7265.633840628083,0.6910872352773038
229,2024-06-02,65.0,2024-06-02,5736.979166666667,0.0093364237525971,107.11349726550702,2367.953951783808,0.2026141080607739,2310.482062374705,0.2003072102864583,4.606653710581959e-06,784.3520833333333,0.1783333333333333,0.216125,0.1975416666666667,0.3307916666666666,0.2008222354727117,0.1224327676632996,0.0629273837399545,16.866666666666667,15.64375,13.9,11.816666666666668,0.0,784.3520833333333,34.59375,17.027083333333334,2024-06-02,0.2003072102864583,821.08811778662,2993.297404496889,2920.647994541004,5051.37486763594,0.1569162432717753,0.2074162432717753,R6,7357.450999764508,154.0,154.0,6.2,16.849999999999998,780.9125,34.416666666666664,29.82065232253579,0.8878757994331737,1258.797441813844,2024.0,6.2,25.0,10.6,352.6,0.9933242711061858,1.0104295213027785,1.258797441813844,4977.3060879136465,7271.022122138725,0.7343987216781931
230,2024-06-03,66.0,2024-06-03,5793.333333333333,0.0092914393779442,107.6362233179464,2408.335235365807,0.1857803427952468,2344.442827252499,0.1874313354492187,5.047524722054798e-06,784.4895833333334,0.1638333333333333,0.2061666666666666,0.1890625,0.3298125,0.1895584765295185,0.1093018615517093,0.0561784260588725,15.991666666666667,15.289583333333333,14.245833333333332,12.179166666666667,0.0,784.4895833333334,39.56041666666667,15.85,2024-06-03,0.1874313354492187,827.0254871322273,3044.342819144921,2963.5773214761207,5077.559287260326,0.1481150926704769,0.198615092670477,R6,7371.563396202916,155.0,155.0,9.4,15.641666666666666,780.9562500000001,39.391666666666666,30.76532060038893,0.944668277853142,1077.061510869946,2024.0,9.4,23.4,11.4,364.0,0.9919500467619989,1.0110209031144541,1.077061510869946,4977.566479285973,7266.9848863160005,0.7414297724428854
231,2024-06-04,67.0,2024-06-04,5704.625,0.0093639151467609,106.80700100924189,2396.472258692568,0.1904476976445119,2314.985525276867,0.1987800598144531,6.535505403923388e-06,785.5,0.1528125,0.1973958333333333,0.1811249999999999,0.3285833333333333,0.1802860678223037,0.0984924036454472,0.0506226347566708,17.568749999999998,15.96875,14.108333333333334,12.235416666666666,0.41059998,785.5,53.80625,15.772916666666667,2024-06-04,0.1987800598144531,811.4458178692145,3029.346996587281,2926.340758881347,5001.642056536831,0.1408699211535293,0.1913699211535293,R6,7199.926431540613,156.0,156.0,7.8,15.566666666666668,781.9645833333334,53.61666666666667,31.76532060038893,1.0,820.3196503365253,2024.0,7.8,22.6,10.2,374.19999999999993,0.9903034636164042,1.0053719944895558,0.8203196503365253,4978.145507610622,7261.03273778665,0.7787029776534389
232,2024-06-05,68.0,2024-06-05,5579.4375,0.009467821258805,105.63068434902635,2418.0180364220555,0.1820043366883269,2343.594644269522,0.1878178914388021,5.880161665452144e-06,790.49375,0.1400833333333333,0.1872916666666666,0.1722291666666666,0.3270416666666667,0.1696334745476584,0.0860739736311174,0.0442398719892017,17.735416666666666,16.454166666666666,14.68125,12.5375,0.0,790.49375,46.73541666666667,16.158333333333335,2024-06-05,0.1878178914388021,808.5655462038471,3056.5827122594364,2962.5051452542943,4985.471927264912,0.1325463163802588,0.1830463163802588,R6,7193.964721120316,157.0,157.0,5.0,15.991666666666667,786.9833333333332,46.51666666666667,32.742832220016595,0.9775116196276596,971.9628171914892,2024.0,5.0,26.2,10.6,384.8,0.9852614443438032,1.001321081144673,0.9719628171914892,4993.05615681357,7275.061277167343,0.8374520154851094
233,2024-06-06,69.0,2024-06-06,5582.479166666667,0.0094653809771411,105.65898240559908,2454.716849554125,0.1678411903932491,2383.0316686226383,0.1737721761067708,5.573780007732256e-06,791.3666666666667,0.1271458333333333,0.1757916666666666,0.1625416666666666,0.3257708333333333,0.1582835449762925,0.0728426127393937,0.0374392830608758,19.1875,17.660416666666666,15.558333333333332,12.945833333333333,0.0,791.3666666666667,38.79583333333333,18.879166666666663,2024-06-06,0.1737721761067708,817.0148636462377,3102.9731676201027,3012.3569350445214,4992.319200780565,0.123677834732568,0.1741778347325681,R6,7207.357550953132,158.0,158.0,7.4,18.666666666666668,787.9125,38.60833333333333,33.61120200950823,0.8683697894916413,1321.2166736267477,2024.0,7.4,29.4,13.4,398.19999999999993,0.9812308220220632,0.9985557324064268,1.3212166736267477,4995.889090454499,7269.72142322972,0.8710057797413923
234,2024-06-07,70.0,2024-06-07,5743.854166666667,0.0093307931828867,107.17782222507968,2472.8622249856585,0.1613376591936403,2399.5348000972817,0.1682701110839843,5.660343565206565e-06,789.1479166666667,0.1138958333333333,0.1623125,0.1526041666666666,0.3243541666666666,0.1460871542527757,0.0586244762985787,0.0301315161537459,19.335416666666667,18.0625,16.179166666666667,13.472916666666668,0.0,789.1479166666667,36.27916666666667,19.527083333333334,2024-06-07,0.1682701110839843,805.8908136878731,3125.91048240273,3033.218312256653,4951.407987526949,0.114147954690629,0.164647954690629,R6,7136.039635300685,159.0,159.0,9.4,19.291666666666668,785.7479166666667,36.06666666666667,34.4453787668574,0.8341767573491693,1430.6343764826584,2024.0,9.4,28.2,13.8,412.0,0.9789941857244332,0.9963259362666942,1.4306343764826583,4995.498487741085,7260.304501284304,0.944201456582468
235,2024-06-08,71.0,2024-06-08,5767.645833333333,0.0093116392278109,107.39913021955626,2469.621517766606,0.1624143840588023,2374.865214985737,0.1764513651529947,7.389981435532406e-06,788.4625,0.1038541666666666,0.1494375,0.1436458333333333,0.322375,0.1356448628768812,0.0464512090670741,0.0238747609315446,19.54583333333333,18.10625,16.118750000000002,13.733333333333334,0.7267,788.4625,55.552083333333336,17.008333333333333,2024-06-08,0.1764513651529947,810.9795253460264,3121.813949824376,3002.033835451784,4875.477244109981,0.1059886732744171,0.1564886732744171,R6,6955.019782358042,160.0,160.0,7.8,16.863829787234042,784.9936170212766,55.182978723404254,35.4453787668574,1.0,860.9668044517584,2024.0,7.8,27.4,12.599999999999998,424.6,0.9799661369948311,0.9934129021593161,0.8609668044517584,4988.31005194743,7237.959713501887,0.9657843177183738
236,2024-06-09,72.0,2024-06-09,5865.520833333333,0.0092349170500269,108.30147239032964,2494.3977137394727,0.1543710729216618,2405.391119788778,0.1669108072916666,6.857307735226143e-06,789.1374999999999,0.0960833333333333,0.138375,0.13575,0.3196875,0.1269634930501933,0.0363307641348679,0.0186731050838273,20.085416666666667,18.60833333333333,16.545833333333334,14.00625,0.0,789.1374999999999,49.25833333333333,18.01458333333333,2024-06-09,0.1669108072916666,808.0760323711334,3153.1331919249333,3040.6212039046327,4863.891154747773,0.0992053211398776,0.1497053211398776,R6,6950.848874991185,161.0,161.0,6.6,17.849999999999998,785.6645833333333,49.075,36.40124938182695,0.9558706149695474,1041.2140320974484,2024.0,6.6,28.6,12.6,437.2,0.9763670551875764,0.990278559675292,1.0412140320974483,4992.287855720521,7235.553819996022,1.021829660095809
237,2024-06-10,73.0,2024-06-10,5911.166666666667,0.0091980045472353,108.7267840304255,2498.681875329286,0.1525184514369525,2414.757022197712,0.1635157267252604,6.440617278799185e-06,789.0375,0.0899166666666666,0.1286041666666666,0.1285833333333333,0.3175,0.119566182870963,0.0277072321566304,0.0142408250958369,20.404166666666665,18.9875,16.9875,14.33125,0.0,789.0375,42.19375,18.95833333333333,2024-06-10,0.1635157267252604,801.7864498846529,3158.548740549759,3052.460509880289,4818.952950025991,0.0934252932415296,0.1439252932415296,R6,6894.876834339063,162.0,162.0,10.6,18.75,785.5291666666667,42.00833333333333,37.29044777678182,0.889198394954869,1254.5651361444193,2024.0,10.6,26.6,13.6,450.8,0.974714496744543,0.9871570601300156,1.2545651361444192,4986.148189662046,7216.216866429611,1.06280685142395
238,2024-06-11,74.0,2024-06-11,5846.541666666667,0.0092500282893353,108.12560435334302,2493.7805961715057,0.1545500340114136,2401.3914679490526,0.1682548522949218,7.13378498350638e-06,790.3791666666666,0.0851041666666666,0.1203958333333333,0.1223958333333333,0.3144583333333333,0.1134290528734209,0.0205527752653943,0.0105636129994487,20.42708333333333,18.97083333333333,16.858333333333334,14.49375,0.46109998,790.3791666666666,50.80833333333334,18.222916666666663,2024-06-11,0.1682548522949218,800.2576564427708,3152.3531022559287,3035.5653000676,4764.169949755711,0.0886299309081804,0.1391299309081804,R6,6785.777661397604,163.0,163.0,8.6,18.016666666666666,786.8333333333334,50.61666666666667,38.25284299859241,0.9623952218105944,1020.335290206098,2024.0,8.6,28.2,13.4,464.2,0.9703975024841242,0.9847275669674409,1.020335290206098,4970.179003351607,7180.597812413206,1.0724008692638003
239,2024-06-12,75.0,2024-06-12,5952.645833333333,0.0091660583726385,109.1069629427282,2524.316782733995,0.1439974057574683,2451.1417509751104,0.1522865295410156,5.532484905581417e-06,790.7208333333333,0.0812291666666666,0.1136041666666666,0.1169999999999999,0.3111666666666666,0.108311644972854,0.0145870756249859,0.0074973924302814,21.116666666666667,19.65833333333333,17.495833333333334,14.795833333333334,0.0,790.7208333333333,34.1,20.429166666666667,2024-06-12,0.1522865295410156,804.0139054897885,3190.953467736801,3098.453935609986,4783.368610393292,0.0846313476778121,0.1351313476778121,R6,6854.179530801077,164.0,164.0,9.0,20.20833333333333,787.275,33.9,39.0448275513101,0.7919845527176845,1565.6494313034093,2024.0,9.0,30.6,14.8,479.0,0.9687619500827573,0.9828132717334952,1.5656494313034093,4955.694155011918,7150.610913150093,1.1137191065355998
240,2024-06-13,76.0,2024-06-13,6037.229166666667,0.0091012422992221,109.88093069882176,2556.2111108713893,0.1339666412147997,2490.328401104705,0.1410242716471354,4.899177271293183e-06,791.2375000000001,0.0773541666666666,0.1076666666666666,0.1119791666666666,0.3068958333333333,0.1035115005509393,0.0089912309301449,0.0046212680627441,21.43541666666667,19.866666666666667,17.614583333333332,15.04375,0.0,791.2375000000001,31.4125,20.666666666666668,2024-06-13,0.1410242716471354,806.9245928558443,3231.270640948686,3147.989230853156,4805.871703693812,0.0808806642533605,0.1313806642533605,R6,6914.422100303074,165.0,165.0,9.0,20.475,787.8354166666667,31.2,39.80837344796375,0.7635458966536468,1656.6531307083303,2024.0,9.0,32.2,15.6,494.6,0.9708307436779775,0.9809075918675862,1.6566531307083303,4939.1250163591585,7119.232917934082,1.156488548153139
241,2024-06-14,77.0,2024-06-14,5958.708333333333,0.009161627690894,109.16157489540484,2553.2736209247414,0.135002209524526,2469.8295519223543,0.1469764709472656,6.263443509403805e-06,791.6833333333334,0.0734583333333333,0.1030833333333333,0.1085833333333333,0.3020416666666666,0.0994467905460118,0.0042527306022593,0.0021857972800793,19.8875,19.40625,18.035416666666663,15.354166666666666,0.0,791.6833333333334,39.35416666666666,18.977083333333333,2024-06-14,0.1469764709472656,816.9694492513532,3227.557401074907,3122.0769228851395,4767.673908233312,0.0777046263885241,0.1282046263885241,R6,6806.682554752808,166.0,166.0,15.0,18.8,788.0812500000001,39.19166666666667,40.677243214408406,0.8688697664446626,1319.6167473770795,2024.0,9.4,23.8,11.6,506.2000000000001,0.9775594879190166,0.9797454921387655,1.3196167473770795,4912.88069534003,7068.682603637464,1.1822722943774722
242,2024-06-15,78.0,2024-06-15,5907.9375,0.0092012067374837,108.69433505082,2522.1089032019986,0.1448155035996273,2425.1058329668485,0.1603609720865885,7.416970630781244e-06,789.3083333333334,0.0709166666666666,0.0991666666666666,0.105375,0.2972499999999999,0.0962268998221366,0.0004990917861218,0.0002565207088442,18.15,17.64375,16.402083333333334,15.15,1.5514,789.3083333333334,65.68124999999999,14.66875,2024-06-15,0.1603609720865885,820.4860900750164,3188.162518162977,3065.5422965389994,4683.523911161142,0.0751887040109705,0.1256887040109705,R6,6642.7228626822825,167.0,167.0,5.8,14.516666666666666,785.71875,65.49166666666666,41.677243214408406,1.0,570.4223416049365,2024.0,5.8,26.6,11.2,517.4000000000001,0.9841917576242913,0.9801726369129354,0.5704223416049365,4887.336054223323,7019.345209750522,1.1549582417296207
243,2024-06-16,79.0,2024-06-16,6218.979166666667,0.0089681618841355,111.51887709684388,2560.4708896746383,0.1327157502811938,2492.021853261598,0.1406911214192708,5.094276888481617e-06,784.4958333333334,0.0715833333333333,0.0974583333333333,0.1035416666666666,0.2914583333333333,0.0953532635296502,0.0005193636149721,0.0002669399224054,20.15217391304348,19.1625,17.072916666666668,15.033333333333331,0.0,784.4958333333334,35.9125,19.085416666666667,2024-06-16,0.1406911214192708,818.3267635641215,3236.655367634731,3150.129899991612,4747.550565548982,0.0745060718080167,0.1250060718080167,R6,6814.569303734951,168.0,168.0,8.2,18.891666666666666,780.99375,35.708333333333336,42.5199866946708,0.8427434802623937,1403.2208631603403,2024.0,8.2,29.8,14.0,531.4000000000001,0.9887826648577309,0.9799343905286317,1.4032208631603402,4865.634318359969,6980.56794574841,1.1652742003972276
244,2024-06-17,80.0,2024-06-17,6568.916666666667,0.0087256236300659,114.61525192593837,2595.343918520406,0.1225515986039344,2545.507321035862,0.1266988118489583,3.623868897453114e-06,780.0604166666667,0.0700416666666666,0.0951875,0.1019166666666666,0.2857083333333333,0.0933826795505096,0.0028166032261532,0.0014476636887174,21.230434782608697,20.141666666666666,17.88125,15.297916666666666,0.0,780.0604166666667,22.472916666666663,20.497916666666665,2024-06-17,0.1266988118489583,813.4653072992677,3280.73787466674,3217.7401302270446,4795.625738842062,0.0729663188303126,0.1234663188303126,R6,6934.393497586948,169.0,169.0,9.8,20.325,776.6750000000001,22.28333333333333,43.221825029964,0.701838335293197,1854.1173270617696,2024.0,9.8,28.6,14.200000000000005,545.6000000000001,0.9873717764360069,0.9787644342117673,1.8541173270617697,4845.496207758666,6949.341524418698,1.2207781872680723
245,2024-06-18,81.0,2024-06-18,6524.166666666667,0.0087566864362323,114.2189964916637,2610.200948893764,0.1183400680645926,2558.2240751552604,0.1235911051432291,3.763509943060737e-06,781.8937500000001,0.0672083333333333,0.0931666666666666,0.1004166666666666,0.2799375,0.0909613769763932,0.0056392752070455,0.00289844656575,21.26458333333333,20.35625,18.297916666666666,15.629166666666668,0.0,781.8937500000001,28.316666666666663,16.577083333333334,2024-06-18,0.1235911051432291,815.7912432301069,3299.5184385462026,3233.8152008890165,4802.3927280848975,0.0710743883732082,0.1215743883732082,R6,6935.8261299933765,170.0,170.0,6.6,16.366666666666667,778.4187499999999,28.1,44.08486172699698,0.8630366970329922,1338.282569494425,2024.0,6.6,21.4,9.0,554.6000000000001,0.9854814691522773,0.9791393523849082,1.338282569494425,4831.264112869241,6930.477217165325,1.2577755386364937
246,2024-06-19,82.0,2024-06-19,6334.770833333333,0.0088851312656969,112.55522668031853,2615.050287941518,0.1172611652311007,2554.265244991517,0.124975840250651,4.422614923225805e-06,787.3479166666666,0.0639375,0.0905833333333333,0.098625,0.2740833333333333,0.0881040702923324,0.0089702259127239,0.0046104720085754,19.67234042553192,19.070833333333333,17.722916666666666,15.7375,0.0,787.3479166666666,33.57083333333333,16.004166666666666,2024-06-19,0.124975840250651,809.2878079997508,3305.6484200748696,3228.8108991604927,4786.584880397435,0.06884177787725,0.11934177787725,R6,6885.416901321614,171.0,171.0,6.2,15.8,783.7604166666666,33.375,44.99234791678643,0.907486189789445,1196.0441926737765,2024.0,6.2,25.4,10.8,565.4000000000001,0.9818420738524782,0.9792016682804905,1.1960441926737764,4817.05789523585,6908.438087179703,1.2737813511709426
247,2024-06-20,83.0,2024-06-20,6133.770833333333,0.0090296900122355,110.75455088187134,2570.9081565201345,0.1296004003448488,2482.93627213101,0.14312744140625,6.563194019835588e-06,789.8395833333334,0.0633541666666666,0.0899583333333333,0.0978958333333333,0.2675416666666667,0.0872367035463772,0.0099813724902469,0.0051301760871119,21.92708333333333,20.2125,17.837500000000002,15.635416666666666,0.0,789.8395833333334,40.91875,19.322916666666668,2024-06-20,0.14312744140625,828.6228952139392,3249.84897037989,3138.644944215319,4698.348358896913,0.0681640445027869,0.1186640445027869,R6,6681.791484339204,172.0,172.0,11.8,19.133333333333333,786.2395833333334,40.69166666666667,45.86293618826885,0.8705882714824258,1314.1175312562375,2024.0,11.8,29.0,15.4,580.8000000000001,0.9879450415925113,0.9802031955482916,1.3141175312562374,4796.059977958446,6870.897653850137,1.2732742695730492
248,2024-06-21,84.0,2024-06-21,5639.541666666667,0.0094172940835564,106.19788649859538,2456.3694756371315,0.1674431306234936,2340.9294357279955,0.188818613688151,9.13360618769037e-06,792.9375,0.064875,0.0878958333333333,0.0970833333333333,0.2620625,0.0868270552081739,0.0104589265549996,0.0053756269452671,16.8,17.875,17.53125,15.75,7.1021,792.9375,77.46458333333334,13.939583333333331,2024-06-21,0.188818613688151,877.0289773002656,3105.06222909072,2959.1360924888118,4485.662425866438,0.0678439580435256,0.1183439580435256,R6,6294.864600157875,173.0,173.0,9.4,13.741666666666667,789.2291666666666,77.26666666666667,46.86293618826885,1.0,357.36837024772484,2024.0,9.4,21.8,10.6,591.4000000000001,1.0126014656625404,0.9863409123716456,0.35736837024772483,4762.792437839838,6810.813722768507,1.1966124119848396
249,2024-06-22,85.0,2024-06-22,5269.645833333333,0.0097459358165259,102.64266928741588,2290.357944814946,0.2429116894955581,2186.1628333954704,0.2606404622395833,8.823727820175888e-06,793.4479166666666,0.1948124999999999,0.0872916666666666,0.0961458333333333,0.2574583333333333,0.1423228478091504,0.0542361761994924,0.0278760395393423,16.650000000000002,16.920833333333334,16.006249999999998,15.277083333333332,15.0526,793.4479166666666,76.44375000000001,13.939583333333331,2024-06-22,0.2606404622395833,889.3679145115757,2895.209379565388,2763.4977994739625,4563.059457897184,0.1112066428171353,0.1617066428171354,R6,6466.37017200928,174.0,174.0,5.8,13.75,789.7583333333333,76.26666666666667,47.86293618826885,1.0,373.29061030217423,2024.0,5.8,25.8,10.8,602.2,1.0448444788260667,0.9931041701014697,0.37329061030217425,4740.476881681782,6775.910179172168,1.161778398117012
250,2024-06-23,86.0,2024-06-23,5112.895833333333,0.0098908500746685,101.11625057811864,2165.948726297319,0.3159862809510732,2072.703830472819,0.3300971984863281,8.341085755922883e-06,794.3666666666667,0.2418749999999999,0.09125,0.0966875,0.2537083333333333,0.1638974206578529,0.0793870775906463,0.0408029744886476,16.839583333333334,17.09375,16.266666666666666,15.064583333333331,5.3515997,794.3666666666667,66.85625,15.860416666666666,2024-06-23,0.3300971984863281,854.0700305583632,2737.9454299840327,2620.0758639632063,4435.38217556124,0.1280643424321347,0.1785643424321347,R6,6315.4976706580055,175.0,175.0,6.2,15.65,790.7083333333334,66.64999999999999,48.86293618826885,1.0,592.9742253367964,2024.0,6.2,27.4,11.8,614.0,1.0550903732887962,0.9970724779985531,0.5929742253367964,4709.869097454172,6730.527950291225,1.1297612690626797
251,2024-06-24,87.0,2024-06-24,5407.270833333333,0.0096173684782358,103.98816196372375,2303.086067328677,0.2331349755539553,2210.286803190564,0.2449480692545572,7.776893507937953e-06,791.7604166666666,0.2149375,0.0955625,0.0979166666666666,0.2503958333333333,0.1538117825648693,0.0676295845954258,0.0347599168362652,19.22083333333333,19.31875,17.479166666666668,15.239583333333334,0.0,791.7604166666666,48.89166666666667,19.68958333333333,2024-06-24,0.2449480692545572,848.895184209051,2911.298820855312,2793.992571603893,4657.748590650766,0.1201837387886963,0.1706837387886963,R6,6644.823982058932,176.0,176.0,9.8,19.5,788.2020833333332,48.71666666666667,49.78089503875235,0.9179588504834976,1162.531678452808,2024.0,9.8,29.4,14.6,628.6,1.043762737743681,1.001136964014318,1.162531678452808,4698.354500355942,6712.667032271217,1.1231874506561361
252,2024-06-25,88.0,2024-06-25,5559.895833333333,0.0094838454827687,105.44776263150256,2352.839267427876,0.2097047862059855,2263.388656225113,0.2202733357747396,7.318155467393609e-06,792.0520833333334,0.1803333333333333,0.0961458333333333,0.0986666666666666,0.2472708333333333,0.139094358045014,0.0504725129154229,0.0259416106420397,20.160416666666663,20.13958333333333,18.35833333333333,15.7125,0.0,792.0520833333334,46.175,19.660416666666663,2024-06-25,0.2202733357747396,832.3394920351167,2974.1911438289744,2861.1178798230635,4667.075560038764,0.1086840014172068,0.1591840014172068,R6,6662.647201418629,177.0,177.0,10.2,19.466666666666665,788.4916666666667,45.958333333333336,50.68010616053061,0.8992111217782642,1222.5244103095545,2024.0,10.2,29.4,14.799999999999995,643.4,1.0208011277171996,1.0039049469371286,1.2225244103095545,4691.419186804732,6703.871999415576,1.1376295306635258
253,2024-06-26,89.0,2024-06-26,5590.75,0.0094577593803768,105.73950851291106,2408.911262465426,0.1855224363199353,2309.793556451695,0.2005615234375,7.945289283437512e-06,792.3375,0.145125,0.0952708333333333,0.0987916666666666,0.2429583333333333,0.123461624490033,0.0322484051718876,0.016574874569802,20.95208333333333,20.59375,18.797916666666666,16.09375,0.0,792.3375,46.64166666666667,20.49375,2024-06-26,0.2005615234375,825.8709003921449,3045.070966928753,2919.77766385287,4673.064152903749,0.0964690700589232,0.1469690700589232,R6,6636.867292680771,178.0,178.0,10.6,20.3,788.8083333333334,46.44166666666666,51.56267138551277,0.8825652249821565,1275.7912800570991,2024.0,10.6,29.8,15.2,658.6,1.009447185211952,1.0057907426690946,1.2757912800570992,4683.54029698405,6688.349696692697,1.1169253770030751
254,2024-06-27,90.0,2024-06-27,5636.229166666667,0.0094203474508359,106.16559657483197,2420.868988562473,0.1809469449541273,2302.522659769281,0.2038370768229166,9.526244049727469e-06,789.4,0.1180208333333333,0.0939166666666666,0.0986041666666666,0.2378541666666666,0.1110733787511806,0.0178066106959428,0.0091521530204488,20.68125,20.36458333333333,18.85833333333333,16.345833333333335,0.7209,789.4,62.56666666666666,18.5125,2024-06-27,0.2038370768229166,816.067838666127,3060.186560905154,2910.586625255417,4607.696702258529,0.086789280480381,0.137289280480381,R6,6481.1815435036,179.0,179.0,12.6,18.316666666666663,785.7833333333333,62.375,52.56267138551277,1.0,792.1736808470743,2024.0,12.6,26.6,14.6,673.2,0.9962297635504582,1.0065796111298495,0.7921736808470743,4669.384939738672,6657.40394263559,1.0551768448701282
255,2024-06-28,91.0,2024-06-28,5869.979166666667,0.0092302238872491,108.34730632955198,2423.118960813215,0.1801042427264633,2313.143724587544,0.1994578043619791,8.803956481355824e-06,787.7875,0.1020625,0.0924166666666666,0.0979791666666666,0.2321875,0.1033374390949739,0.0087883160198157,0.0045169748684257,19.6,19.6375,18.5,16.431250000000002,2.984,787.7875,62.65833333333333,17.21875,2024-06-28,0.1994578043619791,812.4260953983425,3063.030719294831,2924.0125644420937,4554.331042207212,0.0807446580501419,0.131244658050142,R6,6420.823930413151,180.0,180.0,10.2,17.0,784.1625,62.44166666666666,53.56267138551277,1.0,727.7788490733412,2024.0,10.2,27.0,13.6,686.8000000000001,0.9882119431721197,1.0061876159199363,0.7277788490733412,4654.14616359395,6629.842612325616,1.0129027092770042
256,2024-06-29,92.0,2024-06-29,5750.041666666667,0.0093269234001187,107.23108769674047,2490.264600900021,0.1555727123233336,2385.146060373252,0.1733919779459635,8.166464327474742e-06,791.4645833333334,0.0927916666666666,0.0916458333333333,0.09725,0.2249583333333333,0.0986452322900841,0.003318301318515,0.0017055239738534,20.68125,20.183333333333334,18.54583333333333,16.441666666666666,1.5288,791.4645833333334,52.98333333333333,19.36875,2024-06-29,0.1733919779459635,821.3472898105896,3147.90858190855,3015.029708024095,4643.670465804977,0.0770783137195729,0.1275783137195729,R6,6563.315306159911,181.0,181.0,11.0,19.175,787.8666666666667,52.78333333333333,54.516134627057,0.953463241544224,1048.917627058483,2024.0,11.0,29.4,15.2,702.0000000000001,0.986390581514637,1.006261919217026,1.048917627058483,4651.299488925653,6624.170644002589,1.0470809439522575
257,2024-06-30,93.0,2024-06-30,5696.75,0.0093698398160597,106.73535045034164,2496.050780699843,0.1535580015915415,2381.3641420413405,0.1746368408203125,8.923555859380644e-06,793.8104166666667,0.0881458333333333,0.0909375,0.0970208333333333,0.2183541666666666,0.0960928368065717,0.0003428056937704,0.0001761935620001,21.629166666666663,20.785416666666663,18.991666666666667,16.579166666666666,0.5804,793.8104166666667,53.56666666666666,20.14583333333333,2024-06-30,0.1746368408203125,820.0479981229646,3155.222810702447,3010.2490380628387,4634.0572518105255,0.0750839513439433,0.1255839513439433,R6,6521.392146547799,182.0,182.0,13.4,19.95,790.1604166666666,53.35,55.45756069815933,0.9414260711023376,1087.4365724725194,2024.0,13.4,28.2,15.8,717.8000000000001,0.9879931310035143,1.0064104253039456,1.0874365724725195,4643.192823658621,6603.229418489222,1.0245249231888418
258,2024-07-01,94.0,2024-07-01,5490.125,0.0095456996488772,104.7776182625404,2357.0758947054665,0.2092496894279845,2223.8524607439927,0.2401034037272135,1.1091638768374418e-05,791.36875,0.1230625,0.0900416666666666,0.0966875,0.2129375,0.1105768069383603,0.0172277242083422,0.0088546198286214,19.620833333333334,20.085416666666667,19.09375,16.83125,6.1663,791.36875,77.59791666666666,17.304166666666667,2024-07-01,0.2401034037272135,872.0252659078,2979.5466049958936,2811.1407291997707,4482.731051212254,0.0864012747239517,0.1369012747239517,R6,6253.067207704114,183.0,183.0,13.4,17.108333333333334,787.6895833333333,77.40833333333333,56.45756069815933,1.0,440.7797976902872,2024.0,11.8,25.0,13.4,731.2,1.0119898128634206,1.0114629094400964,0.4407797976902872,4620.843203113634,6554.563254926163,0.9235722425194501
259,2024-07-02,95.0,2024-07-02,5390.145833333333,0.0096344073444515,103.81696572589397,2261.659469931541,0.2561271512977092,2160.771388699866,0.2730331420898437,8.662442701104773e-06,790.05625,0.225625,0.1141875,0.0961458333333333,0.2100625,0.1626200552431596,0.0778979685449785,0.0400376096428159,18.254166666666663,18.72083333333333,18.070833333333333,16.7125,16.1954,790.05625,66.89166666666667,16.441666666666666,2024-07-02,0.2730331420898437,877.0475862061113,2858.9320396632315,2731.4008300854634,4624.2230319338905,0.1270662488610361,0.1775662488610361,R6,6573.320804815821,184.0,184.0,9.8,16.25,786.4020833333334,66.71666666666667,57.45756069815933,1.0,614.9181259149448,2024.0,9.8,24.2,12.0,743.2,1.0344166735173577,1.0167480344381146,0.6149181259149448,4608.116796245706,6528.670017413479,0.8719033536923444
260,2024-07-03,96.0,2024-07-03,5645.458333333333,0.0094128380032094,106.25172488733168,2361.746947411405,0.2059914119749449,2287.9587069320028,0.2103424072265625,5.987253922985299e-06,790.8312500000001,0.2111666666666666,0.1189374999999999,0.0965208333333333,0.2075208333333333,0.1579279132259137,0.072428029370904,0.037226197567351,17.860416666666666,18.516666666666666,17.908333333333335,16.610416666666666,0.0,790.8312500000001,46.18958333333333,17.308333333333334,2024-07-03,0.2103424072265625,860.330911168699,2985.451217258485,2892.1765365819447,4801.120628364877,0.1233999551535152,0.1738999551535152,R6,6916.7733552665,185.0,185.0,6.6,17.083333333333332,787.2479166666667,45.99166666666667,58.41003729853431,0.95247660037497,1052.0748788000958,2024.0,6.6,27.4,12.0,755.2,1.0506359638277045,1.02115197315578,1.0520748788000958,4609.155063957665,6530.909764123828,0.8616198312727956
261,2024-07-04,97.0,2024-07-04,5826.916666666667,0.0092648499603469,107.94689635793873,2460.641460757336,0.1659893473353011,2404.1936037734445,0.1670214335123697,4.350141229016456e-06,792.4958333333334,0.175625,0.1097083333333333,0.09675,0.2049166666666666,0.1394692418051245,0.0509095396204153,0.0261662314498065,18.7125,19.23958333333333,18.3625,16.650000000000002,0.0,792.4958333333334,32.072916666666664,17.666666666666668,2024-07-04,0.1670214335123697,843.4370447934685,3110.462385610962,3039.1074406923703,4883.410025828601,0.1089769239173556,0.1594769239173556,R6,7081.468532123213,186.0,186.0,6.2,17.466666666666665,788.8958333333334,31.891666666666666,59.266507831487495,0.8564705329531883,1359.294294549797,2024.0,6.2,26.2,11.2,766.4000000000001,1.0391253598854497,1.0224301205028692,1.359294294549797,4622.373754452786,6559.458124679828,0.8648467429366214
262,2024-07-05,98.0,2024-07-05,5875.958333333333,0.00922574917937,108.40159368979792,2509.6339333052,0.1488738295935015,2457.3544258818906,0.1506017049153646,3.946671558403107e-06,794.30625,0.1397291666666666,0.1011875,0.0964375,0.2017083333333333,0.1209620089968484,0.029334438660209,0.0150771685848319,18.604166666666668,19.01875,18.25625,16.695833333333333,0.0,794.30625,31.954166666666666,16.541666666666668,2024-07-05,0.1506017049153646,828.0725225310299,3172.393083548282,3106.307290891425,4850.295357955712,0.0945159483247129,0.1450159483247129,R6,7032.13331254676,187.0,187.0,4.6,16.333333333333332,790.7166666666667,31.775,60.101176243997344,0.8346684125098525,1267.185993905955,2024.0,4.6,25.8,10.4,776.8000000000001,1.019406309904828,1.018206215347176,1.267185993905955,4648.418963887734,6612.120175564749,0.9298337160550664
263,2024-07-06,99.0,2024-07-06,6063.729166666667,0.0090814245827924,110.12145894870568,2537.660327898984,0.139882545984259,2482.2078216768364,0.1435025533040364,4.1408506934481645e-06,792.1,0.1102291666666666,0.0948541666666666,0.09575,0.1971875,0.1058135219799454,0.011674849019239,0.0060005807134907,19.195833333333333,19.18125,18.2,16.66875,0.0,792.1,32.50416666666667,16.997916666666665,2024-07-06,0.1435025533040364,818.8785123862923,3207.820856175272,3137.724120205148,4789.147277036989,0.0826793921368564,0.1331793921368565,R6,6920.860687109073,188.0,188.0,4.6,16.791666666666668,788.5020833333333,32.291666666666664,60.927713589532544,0.8265373455351981,1294.7823424259943,2024.0,4.6,27.4,11.2,788.0000000000001,1.0027161442966752,1.012124472899482,1.2947823424259943,4664.568093826292,6644.583783786163,0.9956545540639107
264,2024-07-07,100.0,2024-07-07,6221.333333333333,0.0089655447205505,111.54383713465931,2575.132410009025,0.1284795043050272,2516.0771966555835,0.1342633565266927,4.34495323245425e-06,790.03125,0.092375,0.0913333333333333,0.095625,0.1931874999999999,0.0967547261167017,0.0011144136828454,0.0005727807906648,20.22553191489362,19.891666666666666,18.558333333333334,16.724999999999998,0.0,790.03125,30.641666666666666,18.50625,2024-07-07,0.1342633565266927,811.5668156857099,3255.188790013928,3180.5379224496737,4786.356743024934,0.075601131046494,0.126101131046494,R6,6897.912626359007,189.0,189.0,7.4,18.316666666666663,786.4645833333334,30.45,61.75135827804655,0.8236446885140032,1464.3369967551898,2024.0,7.4,27.8,12.6,800.6000000000001,0.9898840907267376,1.0084573456681423,1.4643369967551898,4689.6377057879845,6686.18485205052,1.0578947520223674
265,2024-07-08,101.0,2024-07-08,6122.479166666667,0.0090378831244654,110.65307860884252,2571.51956881642,0.1293807938699125,2502.9325252575613,0.1376431783040364,5.076145110559827e-06,791.6999999999999,0.0834791666666666,0.0895416666666666,0.0950416666666666,0.18975,0.092067982381392,0.0043492323582149,0.0022353967716573,21.24375,20.516666666666666,18.96875,16.883333333333333,0.0,791.6999999999999,35.268750000000004,18.48125,2024-07-08,0.1376431783040364,810.3357766586429,3250.621848094919,3163.921927552887,4740.564157981633,0.0719390553884314,0.1224390553884314,R6,6800.978662586004,190.0,190.0,7.4,18.28333333333333,788.0979166666666,35.09166666666667,62.60643493149068,0.8550766534441401,1363.7547089787518,2024.0,7.4,27.0,12.2,812.8000000000002,0.9827426650274965,1.0051304854794223,1.3637547089787518,4695.553103454475,6697.338757802454,1.0722678256313634
266,2024-07-09,102.0,2024-07-09,6172.695652173913,0.0090013401343251,111.10474131394746,2599.315713715823,0.1214701447673355,2531.4032852821924,0.1303352687669837,4.970832686043391e-06,792.4333333333334,0.0777291666666666,0.0881041666666666,0.094125,0.1867083333333333,0.0888068048597843,0.0081510019153784,0.0041894113412897,21.7375,20.60625,19.035416666666663,17.014583333333334,0.0,792.4333333333334,34.10208333333333,19.05208333333333,2024-07-09,0.1303352687669837,813.4690307392374,3285.7585653101023,3199.9114162934025,4763.857517453938,0.0693908727923734,0.1198908727923734,R6,6833.964598896416,191.0,191.0,7.0,18.891666666666666,788.88125,33.96666666666667,63.43729923318857,0.8308643016978882,1441.2342345667578,2024.0,7.0,29.0,13.0,825.8000000000002,0.9805646211218221,1.0035023643433296,1.4412342345667577,4702.466100412702,6709.575714765152,1.0878899559354493
267,2024-07-10,103.0,2024-07-10,6054.020833333333,0.0090888976865421,110.03248151687195,2592.0634973533047,0.1234260826324097,2515.268341493196,0.1343828837076822,5.655384041238863e-06,794.1041666666666,0.0727083333333333,0.08675,0.0930416666666666,0.1835,0.0858484516183751,0.0115997492521933,0.0059619813095087,21.45531914893617,20.560416666666665,19.11875,17.068749999999998,0.0,794.1041666666666,39.375,18.375,2024-07-10,0.1343828837076822,804.8965948237474,3276.5911402432325,3179.51545997469,4724.9479997788485,0.0670793076620475,0.1175793076620475,R6,6749.623372592796,192.0,192.0,7.8,18.375,790.5104166666666,39.375,64.31820436023753,0.8809051270489614,1281.1035934433237,2024.0,7.8,29.8,13.8,839.6000000000001,0.9778789601203081,1.001692726005647,1.2811035934433237,4706.172089475208,6717.6297204731545,1.0882694068916081
268,2024-07-11,104.0,2024-07-11,6076.520833333333,0.0090717781298593,110.23787495250612,2632.646141777053,0.1124243957748266,2551.988392715771,0.1252670288085937,5.853545080874848e-06,794.06875,0.069125,0.0858333333333333,0.0924166666666666,0.1815416666666666,0.0837961217335057,0.013992285452954,0.0071916851419912,22.629166666666663,20.9375,19.079166666666666,17.099999999999998,0.0,794.06875,36.9,20.175,2024-07-11,0.1252670288085937,813.9000836055329,3327.891092309326,3225.932762107921,4780.679683617654,0.0654756809783287,0.1159756809783287,R6,6819.176291006474,193.0,193.0,9.4,20.175,790.4791666666666,36.9,65.13335592561567,0.8151515653781413,1491.514990789948,2024.0,9.4,31.0,15.2,854.8000000000002,0.9793140730442709,1.001505694656668,1.4915149907899479,4718.528016715146,6741.772202437646,1.1382223576018136
269,2024-07-12,105.0,2024-07-12,6166.541666666667,0.0090055608970696,111.05044130548352,2631.6882025212585,0.1125157081684508,2554.179959000118,0.1246210734049479,5.624576061758292e-06,793.4333333333334,0.0659166666666666,0.0854166666666666,0.0920833333333333,0.179625,0.0821304015129916,0.015934125289376,0.0081897423033233,23.585416666666664,21.945833333333336,19.789583333333333,17.243750000000002,0.0,793.4333333333334,32.65,22.325,2024-07-12,0.1246210734049479,804.4147902293934,3326.680174721222,3228.703090334014,4764.0194818183545,0.0641741390513122,0.1146741390513122,R6,6800.984468587083,194.0,194.0,10.2,22.325,789.9166666666666,32.65,65.84702204078702,0.7136661151713448,1816.2684314516969,2024.0,10.2,33.8,17.0,871.8000000000002,0.9756685234981857,1.0008144886989152,1.8162684314516968,4733.505762401656,6768.926526592926,1.2159716134859817
270,2024-07-13,,,,,,,,,,,,,,,,,,,,,,,,,,,,,,,,,,,,,,195.0,11.4,22.90833333333333,791.1645833333333,26.241666666666664,66.48429294881414,0.6372709080271208,2060.7330943132133,2024.0,11.4,33.4,17.4,889.2000000000002,,,2.060733094313213,,,1.2882441468613197
271,2024-07-14,107.0,2024-07-14,6092.104166666667,0.0090603999754481,110.37819391366185,2636.0274411656374,0.1113768143424546,2555.069349943507,0.1243947347005208,5.869957349782162e-06,795.3791666666666,0.064,0.086,0.092,0.176,0.0813335848795576,0.016863026951294,0.0086671745500315,29.8,27.3,22.0,17.6,0.0,795.3791666666666,31.5,22.48333333333333,2024-07-14,0.1243947347005208,799.9689073667773,3332.1653454788407,3229.827356961085,4764.687419792468,0.0635515313385726,0.1140515313385726,R6,6792.333795088365,196.0,196.0,11.8,22.48333333333333,791.7895833333333,31.5,67.18268701126382,0.698394062449675,1865.1390001610405,2024.0,11.8,31.0,16.4,905.6,,,1.8651390001610404,,,1.3437943202676426
272,2024-07-15,108.0,2024-07-15,6053.895833333333,0.0090888453809727,110.03193375658805,2614.989215721642,0.1170711798565797,2511.615683879993,0.1353925069173177,7.622680184949107e-06,794.4187499999999,,,,,,,,,,,,0.29839998,794.4187499999999,44.775,20.95833333333333,2024-07-15,0.1353925069173177,804.9647930507731,3305.5712195376277,3174.8981866764148,,,,R6,,197.0,197.0,12.2,20.95833333333333,790.7645833333332,44.775,68.03583153607332,0.8531445248094928,1369.937520609623,2024.0,12.2,31.4,16.799999999999997,922.4,,,1.3699375206096231,,,1.410162729047595
273,2024-07-16,109.0,2024-07-16,5978.083333333333,0.0091484455882382,109.33220393585349,2580.98864370287,0.1270094416261437,2459.937561986571,0.1501846313476562,9.1252926759835e-06,793.49375,,,,,,,,,,,,3.4345999,793.49375,62.48333333333333,18.40833333333333,2024-07-16,0.1501846313476562,828.9259326146968,3262.5915729534813,3109.5725970397048,,,,R6,,198.0,198.0,9.8,18.40833333333333,789.8291666666668,62.48333333333333,69.03583153607332,1.0,794.4456414050971,2024.0,9.8,29.0,14.4,936.8,0.9799558417725915,,0.7944456414050971,,,1.4229861230111773
274,2024-07-17,110.0,2024-07-17,5970.5,0.0091523065961889,109.27060926885514,2586.853996892642,0.1249846520905058,2483.304256570004,0.1430524190266927,7.723987062916932e-06,795.1791666666667,,,,,,,,,,,,2.0630999,795.1791666666667,59.15,17.349999999999998,2024-07-17,0.1430524190266927,808.3742346509025,3270.0058837200304,3139.110108187492,,,,R6,,199.0,199.0,7.8,17.349999999999998,791.4812499999999,59.15,70.03583153607332,1.0,809.2909358740196,2024.0,7.8,30.6,14.2,951.0,0.9833401164704003,,0.8092909358740197,,,1.405644412802172
275,2024-07-18,111.0,2024-07-18,6119.75,0.0090400073409478,110.62797741624786,2607.4733555726625,0.1191195094309268,2517.9100074717085,0.1337750752766927,6.591424345085311e-06,794.7041666666668,,,,,,,,,,,,0.0,794.7041666666668,39.4,21.15,2024-07-18,0.1337750752766927,803.7934744446037,3296.070526055157,3182.854752916207,,,,R6,,200.0,200.0,10.6,21.15,791.0979166666666,39.4,70.84174795616659,0.8059164200932739,1521.0674557015236,2024.0,10.6,31.4,16.0,967.0,0.982868503196112,,1.5210674557015236,,,1.417199638598724
276,2024-07-19,112.0,2024-07-19,6076.083333333333,0.0090723571721969,110.23286916444248,2611.140491275117,0.118160324164238,2507.5929821376403,0.1365038553873697,7.648834720432006e-06,795.2854166666666,,,,,,,,,,,,0.2501,795.2854166666666,47.98333333333333,19.691666666666663,2024-07-19,0.1365038553873697,802.6636208690347,3300.7061009031504,3169.8131457805057,,,,R6,,201.0,201.0,12.2,19.691666666666663,791.56875,47.98333333333333,71.75009992126404,0.9083519650974584,1193.273711688133,2024.0,12.2,28.2,15.2,982.2000000000002,0.9722943905955628,,1.1932737116881331,,,1.4119201898688793
277,2024-07-20,113.0,2024-07-20,6074.25,0.0090735253956041,110.2170708496776,2617.099983685555,0.1164759693331673,2517.7297889911174,0.1337801615397135,7.310336277715616e-06,795.25625,,,,,,,,,,,,1.0687,795.25625,46.61666666666667,19.825,2024-07-20,0.1337801615397135,798.4594016645975,3308.239411739218,3182.6269412605834,,,,R6,,202.0,202.0,9.8,19.825,791.5375,46.61666666666667,72.64547678139252,0.8953768601284728,1234.794047588887,2024.0,9.8,29.8,14.8,997.0,0.9683023368331917,,1.234794047588887,,,1.407635311666229
278,2024-07-21,114.0,2024-07-21,6188.25,0.0089901104625094,111.2442425990794,2628.1889600035256,0.1134855728298828,2542.5149455005244,0.1275482177734375,6.2463987275963215e-06,794.1270833333333,,,,,,,,,,,,0.0,794.1270833333333,37.0,20.78333333333333,2024-07-21,0.1275482177734375,794.9114940135656,3322.256831295078,3213.957510249803,,,,R6,,203.0,203.0,11.4,20.78333333333333,790.4520833333332,37.0,73.44357611617986,0.7980993347873332,1546.0821286805335,2024.0,11.4,29.4,15.4,1012.4,0.9647261451367702,,1.5460821286805335,,,1.4134742496608965
279,2024-07-22,115.0,2024-07-22,6235.666666666667,0.0089554120215997,111.67151774765163,2635.0279230154865,0.1116512227866289,2550.5394245659586,0.1255276997884114,6.137675096228596e-06,793.8729166666667,,,,,,,,,,,,0.0,793.8729166666667,42.958333333333336,18.308333333333334,2024-07-22,0.1255276997884114,795.213871434506,3330.901868593093,3224.101141776467,,,,R6,,204.0,204.0,7.8,18.308333333333334,790.1625,42.958333333333336,74.34971569718516,0.9061395810053116,1200.353340783003,2024.0,7.8,27.4,12.599999999999998,1025.0,0.9617266190428956,,1.200353340783003,,,1.4018027233611998
280,2024-07-23,116.0,2024-07-23,6229.458333333333,0.0089603007810544,111.61415230606588,2648.972234660139,0.1080162856298914,2569.066012754416,0.1210734049479166,5.762371627058791e-06,794.0604166666667,,,,,,,,,,,,0.0,794.0604166666667,37.80833333333333,19.566666666666663,2024-07-23,0.1210734049479166,799.4971845554049,3348.528677518997,3247.5203422625736,,,,R6,,205.0,205.0,9.0,19.566666666666663,790.3645833333334,37.80833333333333,75.18857136224118,0.8388556650560196,1415.6618718207374,2024.0,9.0,29.8,14.4,1039.4,0.9621444662320003,,1.4156618718207374,,,1.3999761260221983
281,2024-07-24,117.0,2024-07-24,6118.645833333333,0.009040533493454,110.61917316605296,2678.950268831728,0.1004120649027516,2601.2513224427244,0.1135965983072916,5.530570258733064e-06,795.8937500000001,,,,,,,,,,,,0.0,795.8937500000001,34.06666666666667,20.258333333333333,2024-07-24,0.1135965983072916,796.1064137617146,3386.423490384821,3288.2053411749757,,,,R6,,206.0,206.0,10.6,20.258333333333333,792.2041666666668,34.06666666666667,75.98027944145983,0.7917080792186493,1566.5341465003223,2024.0,10.6,31.8,16.2,1055.6,0.962625582140147,,1.5665341465003224,,,1.420364022669127
282,2024-07-25,118.0,2024-07-25,6042.333333333333,0.0090975398557048,109.92679487068438,2636.2548539592667,0.1113104266236657,2546.481985169464,0.1265093485514322,6.531145837935407e-06,796.1062499999999,,,,,,,,,,,,0.0,796.1062499999999,37.60833333333333,21.65833333333333,2024-07-25,0.1265093485514322,790.0091991987774,3332.452814804166,3218.972189498793,,,,R6,,207.0,207.0,11.4,21.65833333333333,792.4625,37.60833333333333,76.75666987872825,0.7763904372684141,1615.550600741075,2024.0,11.4,32.2,16.8,1072.4,0.9605300015681649,,1.615550600741075,,,1.4292237090942075
283,2024-07-26,119.0,2024-07-26,6099.104166666667,0.0090550981802953,110.44200302160864,2620.290315234008,0.115594348008482,2514.536963628026,0.1345837910970052,7.789595162101915e-06,793.2083333333334,,,,,,,,,,,,0.2917,793.2083333333334,44.15,20.966666666666665,2024-07-26,0.1345837910970052,815.0992920965288,3312.2722651383638,3178.5909354653045,,,,R6,,208.0,208.0,14.6,20.966666666666665,789.43125,44.15,77.60474765344142,0.8480777747131746,1386.1511209178414,2024.0,14.2,29.0,16.6,1089.0,0.9668119482430602,,1.3861511209178414,,,1.398501044056075
284,2024-07-27,120.0,2024-07-27,5939.770833333333,0.0091776344038032,108.98236196184509,2520.5494158577094,0.146453054430881,2394.716968546954,0.1710751851399739,9.729148684168636e-06,789.9229166666668,,,,,,,,,,,,8.4803,789.9229166666668,66.425,18.141666666666666,2024-07-27,0.1710751851399739,849.1925634634832,3186.1911920666694,3027.128158913918,,,,R6,,209.0,209.0,11.8,18.141666666666666,786.1583333333333,66.425,78.60474765344142,1.0,699.181257005395,2024.0,11.8,29.0,15.4,1104.4,0.9881862632657593,0.9738446061607144,0.699181257005395,,,1.3012473413912307
285,2024-07-28,121.0,2024-07-28,6201.625,0.0089801451133002,111.36550035949044,2548.9811127048856,0.1362917843369048,2468.8959171876427,0.1473274230957031,6.024279599050702e-06,788.0729166666666,,,,,,,,,,,,3.4673998,788.0729166666666,38.45,20.766666666666666,2024-07-28,0.1473274230957031,829.859165572181,3222.131301592019,3120.896728301518,,,,R6,,210.0,210.0,11.4,20.766666666666666,784.3854166666666,38.45,79.41445095434572,0.8097033009042978,1508.9494371062472,2024.0,11.4,29.8,15.6,1120.0,1.0042312343117707,0.9764235023723355,1.508949437106247,,,1.2758052297444598
286,2024-07-29,122.0,2024-07-29,6308.375,0.0089038835536361,112.3197253898854,2627.8611908706084,0.1136777482357144,2571.657311917074,0.120459238688151,4.044831024959652e-06,790.90625,,,,,,,,,,,,0.0,790.90625,27.133333333333336,20.075,2024-07-29,0.120459238688151,814.4042218522824,3321.842502927714,3250.79596721804,,,,R6,,211.0,211.0,8.6,20.075,787.2770833333334,27.133333333333336,80.1607778055369,0.7463268511911717,1711.7540761882506,2024.0,8.6,31.0,14.8,1134.8,1.0039513750556956,0.9772379251521188,1.7117540761882506,,,1.3002206980000763
287,2024-07-30,123.0,2024-07-30,6310.5,0.0089025427012786,112.33797435528652,2662.8089347511527,0.1046322519183106,2607.58462727426,0.112372080485026,3.923211286087447e-06,790.8770833333333,,,,,,,,,,,,0.0,790.8770833333333,25.40833333333333,20.35,2024-07-30,0.112372080485026,803.4643062886486,3366.019456188081,3296.2111830537174,,,,R6,,212.0,212.0,7.4,20.35,787.2541666666666,25.40833333333333,80.88505534520236,0.7242775396654708,1782.3118730704932,2024.0,7.4,31.4,14.4,1149.2,0.9855396013673627,0.9750411260738797,1.7823118730704932,,,1.3707825716904618
288,2024-07-31,124.0,2024-07-31,6263.479166666667,0.0089356180799951,111.91982101991816,2659.9271340886703,0.1052363150948624,2610.6547353569977,0.1115506490071614,3.494870269435989e-06,791.7166666666667,,,,,,,,,,,,0.0,791.7166666666667,23.141666666666666,20.28333333333333,2024-07-31,0.1115506490071614,801.1970781981407,3362.376612357952,3300.092063654736,,,,R6,,213.0,213.0,8.2,20.28333333333333,788.0833333333334,23.141666666666666,81.59476550857548,0.7097101633731163,1828.927477206028,2024.0,8.2,31.8,15.0,1164.2,0.9739992563210077,0.9744218894831802,1.828927477206028,,,1.4436137532141764
289,2024-08-01,,,,,,,,,,,,,,,,,,,,,,,,,,,,,,,,,,,,,,214.0,7.8,21.220408163265304,791.5897959183674,23.175510204081636,82.27081247626855,0.6760469676930734,1936.649703382165,2024.0,7.8,33.4,15.599999999999998,1179.8,,,1.936649703382165,,,1.4732981994770795
290,2024-08-02,,,,,,,,,,,,,,,,,,,,,,,,,,,,,,,,,,,,,,215.0,11.0,23.225,793.3791666666666,25.041666666666668,82.88495697835839,0.6141445020898473,2134.737593312489,2024.0,11.0,34.2,17.6,1197.4,,,2.1347375933124892,,,1.5405456195931049
291,2024-08-03,,,,,,,,,,,,,,,,,,,,,,,,,,,,,,,,,,,,,,216.0,11.4,23.391666666666666,791.7291666666666,25.1,83.49288304245637,0.6079260640979767,2154.6365948864745,2024.0,11.4,33.8,17.599999999999998,1214.9999999999998,,,2.1546365948864747,,,1.6062486586857896
292,2024-08-04,126.0,2024-08-04,6044.3125,0.0090962639515329,109.94394200416458,2651.987827692478,0.1073159885970963,2562.501138150913,0.1227912902832031,6.475845660568717e-06,792.9895833333334,0.05415,0.0764,0.08745,0.17,0.0727623585528717,0.0268550703467998,0.0138028352158465,24.16153846153846,22.58,20.8925,18.86,0.0,792.9895833333334,30.6,24.366666666666664,2024-08-04,0.1227912902832031,826.4337979329945,3352.3406464088143,3239.221776280448,4714.157058748971,0.0568542419062057,0.1073542419062057,R6,6685.739675501531,217.0,217.0,15.8,24.366666666666664,789.3770833333333,30.6,84.11261619945411,0.6197331569977349,2116.853897607248,2024.0,14.6,32.2,18.4,1233.4,,,2.1168538976072484,,,1.6470180707519835
293,2024-08-05,127.0,2024-08-05,5498.5,0.0095409546090034,104.8478437679827,2497.7094657089606,0.1538349256009815,2366.546729606935,0.1811230977376302,1.0298377654938596e-05,794.9166666666666,0.0657083333333333,0.0760833333333333,0.0874166666666666,0.17,0.0776380691089731,0.0211711332293293,0.0108814335439634,21.37659574468085,22.05208333333333,20.825,19.04375,6.1106997,794.9166666666666,69.14999999999999,19.1,2024-08-05,0.1811230977376302,851.3314957204256,3157.319531176648,2991.518554664776,4482.781905141985,0.0606639703555632,0.1111639703555632,R6,6241.505974388896,218.0,218.0,11.8,19.1,791.2062500000001,69.14999999999999,85.11261619945411,1.0,682.1365770908485,2024.0,11.8,31.0,16.4,1249.8,,,0.6821365770908485,,,1.6100025876311155
294,2024-08-06,128.0,2024-08-06,5602.4375,0.0094490042028141,105.84575246459804,2521.457318319624,0.1452499698793665,2413.21217136475,0.1643155415852864,8.314919362196148e-06,795.6916666666666,0.0710833333333333,0.0749583333333333,0.0871666666666666,0.17,0.0795350280946504,0.0189597231251101,0.0097448239998803,20.041666666666668,20.372916666666665,19.74375,18.78333333333333,0.5451,795.6916666666666,49.575,21.058333333333334,2024-08-06,0.1643155415852864,830.3025562321412,3187.338858844876,3050.5076855928246,4541.994199083506,0.0621461950552956,0.1126461950552956,R6,6390.443531040114,219.0,219.0,11.4,21.058333333333334,791.9416666666666,49.575,86.00056214592387,0.8879459464697538,1258.572971296788,2024.0,11.4,31.4,16.4,1266.2,1.0098346296147371,,1.258572971296788,,,1.5987819518794046
295,2024-08-07,129.0,2024-08-07,5820.5,0.009270166141287,107.88659059887998,2567.4529805177185,0.1307886770276983,2461.61938270305,0.149389902750651,7.967206354043272e-06,793.78125,0.0719166666666666,0.0760833333333333,0.0874999999999999,0.17,0.0803332562823328,0.0180291759213796,0.0092665459857924,21.83125,21.641666666666666,20.33125,18.691666666666663,0.0,793.78125,42.93333333333334,22.55,2024-08-07,0.149389902750651,816.1745678612011,3245.481330818183,3111.698563037344,4631.915103181462,0.0627699057125837,0.1132699057125837,R6,6529.966923357712,220.0,220.0,13.4,22.55,790.1083333333332,42.93333333333334,86.79427144563823,0.7937092997143698,1560.130240914017,2024.0,13.4,30.2,16.8,1283.0,1.0057039097061211,,1.560130240914017,,,1.5983245300518116
296,2024-08-08,130.0,2024-08-08,5925.416666666667,0.0091874635321876,108.85564872677186,2597.765107164026,0.1221496040595969,2494.910398357935,0.1402575174967447,7.645617800669493e-06,793.0229166666667,0.069875,0.0757916666666666,0.0871666666666666,0.17,0.0792901332379712,0.0192452131987599,0.0098915587651019,20.516666666666666,20.635416666666668,20.0125,18.741666666666664,0.8254,793.0229166666667,55.125,18.141666666666666,2024-08-08,0.1402575174967447,807.9907472741925,3283.798465299123,3153.781269366056,4677.2514767176335,0.0619548418377785,0.1124548418377785,R6,6603.07902824536,221.0,221.0,8.6,18.141666666666666,789.2791666666667,55.125,87.78349092713378,0.9892194814955594,934.49765921421,2024.0,8.6,30.2,14.4,1297.4,0.9882534293866096,,0.93449765921421,,,1.5496778913713212
297,2024-08-09,131.0,2024-08-09,5923.291666666667,0.0091912035427734,108.8282040115778,2608.6777472513736,0.119560420113508,2505.4921268020034,0.1380844116210937,7.646627985725483e-06,793.225,0.0723333333333333,0.0760833333333333,0.0870416666666666,0.17,0.0804231316470423,0.0179244022857134,0.0092126949547063,20.640425531914893,20.808333333333334,20.008333333333333,18.65833333333333,0.0,793.225,50.54166666666666,18.45833333333333,2024-08-09,0.1380844116210937,863.3323034364357,3297.5929806971358,3167.1574839933974,4707.095223935522,0.0628401315247788,0.1133401315247788,R6,6647.340942947824,222.0,222.0,13.0,18.45833333333333,789.3562499999999,50.54166666666666,88.73642635137058,0.9529354242367924,1050.6066424422645,2024.0,12.2,25.4,13.799999999999995,1311.2,1.0015523449386108,,1.0506066424422644,,,1.5257104286230658
298,2024-08-10,132.0,2024-08-10,5251.145833333333,0.0097598255862352,102.47404314148098,2361.104210564459,0.2058617557342946,2247.4706710502664,0.2274144490559896,9.369438605082454e-06,794.6666666666666,0.2027083333333333,0.0757916666666666,0.0858749999999999,0.1697083333333333,0.136341293629831,0.0472630842924165,0.0242920445136211,17.525000000000002,17.98125,18.320833333333333,18.26875,7.6784,794.6666666666666,73.95,16.016666666666666,2024-08-10,0.2274144490559896,889.5182585645005,2984.638742617968,2840.9961778479064,4665.755496177713,0.106532842585124,0.1570328425851241,R6,6589.150152298081,223.0,223.0,9.8,16.016666666666666,790.75,73.95,89.73642635137058,1.0,474.1681569829608,2024.0,9.8,27.4,13.6,1324.8,1.0310830447318096,,0.4741681569829608,,,1.5096380643357488
299,2024-08-11,133.0,2024-08-11,4623.5625,0.0104136092031167,96.1156949476859,2112.189721697196,0.3684660362307776,2008.0474484647384,0.3988876342773437,9.617290218788196e-06,794.74375,0.3068333333333333,0.2453749999999999,0.092125,0.1698333333333333,0.238767148955192,0.1666676539800001,0.0856630101500293,17.39375,17.7625,17.9375,17.8,25.3792,794.74375,76.46666666666667,15.516666666666666,2024-08-11,0.3988876342773437,834.6859790739323,2669.989425680544,2538.344637600821,4668.892461209665,0.1865652174549774,0.2370652174549774,R6,6643.902842985496,224.0,224.0,8.6,15.516666666666666,790.9229166666668,76.46666666666667,90.73642635137058,1.0,414.87052423897296,2024.0,8.6,26.6,12.6,1337.4,1.0418314658792678,,0.41487052423897297,,,1.4314895705595152
300,2024-08-12,134.0,2024-08-12,4690.041666666667,0.0103264058869474,96.84691235194732,2111.001202594802,0.3567286601437807,2019.1681607140151,0.3718655904134114,8.420864822798222e-06,793.7062500000001,0.2770416666666667,0.2695833333333333,0.1657916666666666,0.17,0.2484025016787532,0.1779002196450879,0.0914362682694168,18.152083333333334,18.38125,18.225,17.587500000000002,0.8455,793.7062500000001,54.88333333333333,18.616666666666667,2024-08-12,0.3718655904134114,827.2905536138722,2668.4870353398405,2552.4021741026777,4704.541968006587,0.1940939821279766,0.2445939821279766,R6,6739.64912302081,225.0,225.0,10.6,18.616666666666667,789.9104166666666,54.88333333333333,91.71519880573304,0.978772454362477,967.9281460400736,2024.0,10.6,25.8,13.2,1350.6,1.027319814177183,,0.9679281460400736,,,1.3783591469775023
301,2024-08-13,135.0,2024-08-13,4713.0625,0.0103017143311906,97.08256622544612,2179.9814353679585,0.3142333465780054,2069.016840275033,0.341094970703125,9.909748928203544e-06,792.5958333333333,0.2680833333333333,0.2530833333333333,0.1858333333333333,0.1719166666666666,0.2430719069621896,0.171685994083697,0.0882423115859929,17.291666666666668,17.758333333333333,18.029166666666665,17.556250000000002,1.0006,792.5958333333333,74.29166666666667,16.116666666666667,2024-08-13,0.341094970703125,859.6550309774223,2755.683980857272,2615.415191325917,4836.552719985943,0.1899288213560202,0.2404288213560202,R6,6872.961358348473,226.0,226.0,12.2,16.116666666666667,788.7791666666667,74.29166666666667,92.71519880573304,1.0,470.9459916874963,2024.0,12.2,19.0,10.6,1361.1999999999998,1.0152958486489485,,0.4709459916874963,,,1.2846901554501458
302,2024-08-14,,,,,,,,,,,,,,,,,,,,,,,,,,,,,,,,,,,,,,227.0,8.6,15.475,789.3645833333334,73.30833333333334,93.71519880573304,1.0,469.2933332699889,2024.0,8.6,24.6,11.6,1372.7999999999995,,,0.4692933332699889,,,1.1875734308832855
303,2024-08-15,,,,,,,,,,,,,,,,,,,,,,,,,,,,,,,,,,,,,,228.0,8.2,16.783333333333335,790.2604166666666,59.40833333333333,94.71519880573304,1.0,775.8214687288852,2024.0,8.2,27.4,12.799999999999995,1385.5999999999997,,,0.7758214687288851,,,1.1046571284080513
304,2024-08-16,136.0,2024-08-16,4968.416666666667,0.0100323555539879,99.6816003633618,2260.043694590664,0.2719427686019321,2180.008954272696,0.2763264973958333,6.790362978612813e-06,792.6687499999999,0.2635416666666667,0.2625833333333333,0.220125,0.174,0.2510757717937352,0.1810166267936946,0.0930380236840262,16.902083333333334,17.493750000000002,17.35833333333333,17.025000000000002,0.0,792.6687499999999,44.475,19.758333333333333,2024-08-16,0.2763264973958333,835.8131435993031,2856.8895606992915,2755.718767119084,5047.844172567005,0.1961827921778512,0.2466827921778512,R6,7294.217921586948,229.0,229.0,9.0,19.758333333333333,788.9187499999999,44.475,95.59675055143173,0.8815517456986746,1279.0344137642414,2024.0,9.0,29.4,14.2,1399.7999999999995,,,1.2790344137642415,,,1.0435354727260335
305,2024-08-17,137.0,2024-08-17,4994.291666666667,0.0100072339414926,99.93783347717084,2199.301421424878,0.2923672046863595,2128.2943102640843,0.2909584045410156,6.183512613089174e-06,793.9729166666666,0.2477083333333333,0.2516666666666666,0.2138333333333333,0.1752916666666666,0.2394399345182946,0.167451964449257,0.086066126136151,16.945833333333333,17.554166666666667,17.55,17.150000000000002,0.0,793.9729166666666,40.391666666666666,19.141666666666666,2024-08-17,0.2909584045410156,824.3509053206302,2780.1061044697385,2690.3470103884065,4864.273191762307,0.1870909111504043,0.2375909111504043,R6,7046.157481554331,230.0,230.0,9.4,19.141666666666666,790.2375000000001,40.391666666666666,96.46504716357518,0.8682966121434574,1321.450841140936,2024.0,9.4,29.0,14.2,1413.9999999999998,,,1.321450841140936,,,0.9840222046013523
306,2024-08-18,138.0,2024-08-18,4760.104166666667,0.0102511304052662,97.56443109874613,2183.114345376437,0.3035286548245984,2075.920682708873,0.3269882202148437,9.56777469786918e-06,795.93125,0.2408333333333333,0.24375,0.2081666666666666,0.176,0.2327638555060596,0.1596692191734278,0.0820659895071297,17.983333333333334,18.383333333333333,18.03333333333333,17.20625,2.9196,795.93125,68.00833333333334,17.291666666666668,2024-08-18,0.3269882202148437,828.4413020809601,2759.6442484924755,2624.1422417918698,4800.378319574065,0.1818744308342701,0.2323744308342701,R6,6830.905699776797,231.0,231.0,10.6,17.291666666666668,792.0666666666666,68.00833333333334,97.46504716357518,1.0,631.4632327309786,2024.0,10.6,26.2,13.4,1427.4,1.001998356224656,,0.6314632327309786,,,0.8779228713959044
307,2024-08-19,139.0,2024-08-19,4845.625,0.010158991940109,98.44108248466988,2207.9377595659043,0.2865102900158849,2099.2283785276177,0.3092816670735677,9.589937921599078e-06,796.1916666666666,0.2367083333333333,0.2365416666666666,0.2031666666666667,0.1766666666666666,0.2276384853469296,0.1536942374034784,0.0789949981552814,17.537499999999998,17.989583333333332,17.95208333333333,17.35,0.85639995,796.1916666666666,67.45833333333333,17.266666666666666,2024-08-19,0.3092816670735677,825.6232762358709,2791.0231784788925,2653.6051734280595,4832.7268301931945,0.1778696261429229,0.228369626142923,R6,6872.403275861502,232.0,232.0,10.6,17.266666666666666,792.2583333333333,67.45833333333333,98.46504716357518,1.0,641.3047405214638,2024.0,10.6,26.2,13.4,1440.8,0.9978955641350223,,0.6413047405214638,,,0.8750063116409483
308,2024-08-20,140.0,2024-08-20,4952.875,0.0100492210149405,99.5218154006405,2213.9339595544207,0.2830701049225851,2116.745218346761,0.2982877095540364,8.508889685799076e-06,796.1166666666667,0.2265833333333333,0.2294166666666666,0.19725,0.1767083333333333,0.2197466509536553,0.1444942059584761,0.0742664118445364,17.212500000000002,17.639583333333334,17.589583333333334,17.225,0.43629998,796.1166666666667,55.03333333333333,19.1,2024-08-20,0.2982877095540364,824.4819918511822,2798.602890849967,2675.747965151746,4810.780207024093,0.1717031924180884,0.2222031924180884,R6,6875.955124986218,233.0,233.0,10.2,19.1,792.28125,55.03333333333333,99.4355859795883,0.9705388160131164,994.2757887580274,2024.0,10.2,29.0,14.6,1455.4,0.9979483440939192,,0.9942757887580274,,,0.8561279414596082
309,2024-08-21,141.0,2024-08-21,5033.5,0.0099711959871559,100.31930222936396,2228.457199436242,0.2759737923666958,2122.4994972850222,0.2981770833333333,9.290199439676448e-06,795.2291666666666,0.2234166666666666,0.2222499999999999,0.191375,0.1775,0.21488203479338,0.1388232023093699,0.071351657652265,17.652083333333334,18.129166666666663,17.935416666666665,17.23125,2.9406,795.2291666666666,64.03333333333333,17.775000000000002,2024-08-21,0.2981770833333333,862.0543850886285,2816.9615148470225,2683.0218685136224,4820.114030790975,0.1679021327842647,0.2184021327842647,R6,6860.921137546101,234.0,234.0,11.8,17.775000000000002,791.4,64.03333333333333,100.4355859795883,1.0,731.9107632597932,2024.0,11.8,23.8,12.8,1468.1999999999998,1.0114821307619342,,0.7319107632597932,,,0.7969694073414495
310,2024-08-22,,,,,,,,,,,,,,,,,,,,,,,,,,,,,,,,,,,,,,235.0,11.8,14.841666666666669,790.5604166666667,83.96666666666667,101.4355859795883,1.0,270.64909545219075,2024.0,11.8,20.2,11.0,1479.1999999999998,,,0.27064909545219074,,,0.7495516527870195
311,2024-08-23,,,,,,,,,,,,,,,,,,,,,,,,,,,,,,,,,,,,,,236.0,10.2,14.958333333333334,788.9583333333334,80.23333333333333,102.4355859795883,1.0,336.1869142248304,2024.0,10.2,21.8,11.0,1490.1999999999998,,,0.3361869142248304,,,0.6985216722000599
312,2024-08-24,,,,,,,,,,,,,,,,,,,,,,,,,,,,,,,,,,,,,,237.0,10.6,15.266666666666666,789.7333333333332,77.72500000000001,103.4355859795883,1.0,386.4367785804568,2024.0,10.6,23.8,12.2,1502.4,,,0.38643677858045683,,,0.6922551451713097
313,2024-08-25,145.0,2024-08-25,4750.541666666667,0.0102609711747862,97.46789260283792,2110.060275255738,0.3572307097482006,2014.8889856448668,0.3755391438802083,8.748903764583475e-06,794.7875,0.2928333333333333,0.27575,0.2279583333333333,0.178,0.2697822818502745,0.2028240383750989,0.1042464884042885,15.977083333333333,16.445833333333333,16.610416666666666,16.443749999999998,1.5963,794.7875,70.425,14.8,2024-08-25,0.3755391438802083,841.6574653003781,2667.2976222772595,2546.9929288687404,4783.303545471386,0.2107994768088551,0.2612994768088552,R6,6849.716911300241,238.0,238.0,9.4,14.8,790.8208333333333,70.425,104.4355859795883,1.0,497.89853441578623,2024.0,9.4,19.4,9.4,1511.8,,,0.49789853441578624,,,0.6981857173267964
314,2024-08-26,146.0,2024-08-26,4747.3125,0.0102643201167109,97.4352094208424,2118.4901385978624,0.3508487075357118,2029.354394570196,0.3635393778483073,8.136775675528794e-06,796.03125,0.2846249999999999,0.2725416666666667,0.2274583333333333,0.178,0.2650778876856382,0.1973398160653625,0.1014277351539407,15.345833333333331,15.60625,15.902083333333332,16.25,3.9332,796.03125,64.38333333333334,15.508333333333333,2024-08-26,0.3635393778483073,837.8445209721962,2677.953694386785,2565.278449564173,4785.009932196616,0.2071236096547685,0.2576236096547685,R6,6872.191495494056,239.0,239.0,9.8,15.508333333333333,791.9979166666667,64.38333333333334,105.4355859795883,1.0,627.5529101051245,2024.0,9.8,24.6,12.200000000000005,1524.0,,,0.6275529101051245,,,0.6738732004742999
315,2024-08-27,147.0,2024-08-27,4815.645833333333,0.0101909414156566,98.13487842163772,2152.9422068473755,0.3243193536288007,2074.2248068992585,0.327679951985677,7.030645668379262e-06,796.3729166666667,0.267,0.2634166666666667,0.2236666666666666,0.1777916666666666,0.2536930254586913,0.1840677318748738,0.0946062154674734,14.529166666666669,15.214583333333332,15.647916666666667,15.925,0.0,796.3729166666667,55.6,16.083333333333332,2024-08-27,0.327679951985677,830.6232921276547,2721.504071028667,2621.998508947976,4818.942564663757,0.1982278327174483,0.2487278327174483,R6,6956.109464211878,240.0,240.0,7.4,16.083333333333332,792.4562500000001,55.6,106.4355859795883,1.0,811.6265044155601,2024.0,7.4,25.8,11.6,1535.6,1.0106630213036474,,0.8116265044155602,,,0.6982075228120187
316,2024-08-28,148.0,2024-08-28,5048.3125,0.009955785410467,100.46921971630952,2171.041097374088,0.3134647325392533,2101.609101357029,0.3105557759602864,6.123970947598146e-06,793.6291666666666,0.2517083333333333,0.254125,0.217875,0.1774583333333333,0.2428622633012443,0.1714415986520613,0.0881166984400651,14.5,15.220833333333331,15.60625,15.84375,0.0,793.6291666666666,46.775,16.616666666666667,2024-08-28,0.3105557759602864,821.0485327279852,2744.382624894578,2656.6146117918147,4815.859355557786,0.1897650123254921,0.2402650123254921,R6,6979.537046965214,241.0,241.0,7.4,16.616666666666667,789.7875,46.775,107.4022837690764,0.9666977894880924,1006.567073638104,2024.0,7.4,27.0,12.2,1547.8,1.0023651541658236,,1.006567073638104,,,0.7365842185525985
317,2024-08-29,149.0,2024-08-29,5189.958333333333,0.0098165621793552,101.87746530100108,2247.1833156344514,0.2633172290103966,2178.273357868686,0.2619476318359375,5.864460264753388e-06,792.3083333333334,0.2385833333333333,0.2459583333333333,0.2122916666666666,0.1777916666666666,0.233407561169308,0.1604196292869824,0.0824516815573809,15.2375,15.879166666666668,15.985416666666666,15.8625,0.0,792.3083333333334,43.64166666666667,17.141666666666666,2024-08-29,0.2619476318359375,839.0941637551267,2840.632935893949,2753.524824028483,4944.073017628333,0.1823774024011982,0.2328774024011982,R6,7170.789998005549,242.0,242.0,7.4,17.141666666666666,788.4520833333332,43.64166666666667,108.33918536457264,0.9369015954962364,1101.914894412044,2024.0,7.4,26.6,12.0,1559.8,1.002868303455389,,1.101914894412044,,,0.7598766061013956
318,2024-08-30,150.0,2024-08-30,5160.729166666667,0.0098448455490954,101.58837640255037,2274.9920896280137,0.2484061499748188,2209.6285529534616,0.2459564208984375,5.48044311810862e-06,795.7958333333332,0.2240416666666666,0.2371666666666666,0.2057916666666666,0.178,0.222949319163045,0.1482277673544685,0.0761853691234277,14.264583333333334,15.195833333333333,15.7125,15.8875,0.0,795.7958333333332,46.05,15.258333333333333,2024-08-30,0.2459564208984375,824.6365104808538,2875.7856173700666,2793.1604867042925,4958.195131076763,0.174205657658954,0.224705657658954,R6,7204.077891193948,243.0,243.0,5.4,15.258333333333333,791.9229166666668,46.05,109.32810785028876,0.9889224857161268,935.4480457083944,2024.0,5.4,26.6,11.0,1570.8,1.00045781865644,,0.9354480457083943,,,0.7353347226688349
319,2024-08-31,151.0,2024-08-31,5231.208333333333,0.0097776743710912,102.28190260126456,2310.5958066348207,0.2292516162869343,2252.8808323547905,0.2246081034342447,4.745637460605249e-06,796.21875,0.2104583333333333,0.2284166666666666,0.1992916666666666,0.178,0.2129099662197387,0.1365242320085406,0.0701700443547131,14.075,14.847916666666668,15.3125,15.75625,0.0,796.21875,36.96666666666667,16.558333333333334,2024-08-31,0.2246081034342447,814.4535230479534,2920.7917770661347,2847.8350869316505,4988.329481007129,0.1663612197906327,0.2168612197906327,R6,7267.18785973093,244.0,244.0,5.0,16.558333333333334,792.3562499999999,36.96666666666667,110.23821878622852,0.9101109359397704,1187.645004992734,2024.0,5.0,28.2,11.6,1582.4,0.9978024402711045,,1.1876450049927338,,,0.7257771629439634
320,2024-09-01,152.0,2024-09-01,5327.083333333333,0.0096901177723987,103.2119546016833,2338.6912462284054,0.2165465920025797,2275.1733106282977,0.215521494547526,5.171425156410788e-06,795.5979166666666,0.1987083333333333,0.2199166666666666,0.192125,0.178,0.2036138451145263,0.1256871309972229,0.0646000451871433,15.35,15.5375,15.577083333333333,15.6375,0.0,795.5979166666666,35.458333333333336,18.25,2024-09-01,0.215521494547526,821.0392146315925,2956.306828509734,2876.014696296784,5003.035293352095,0.1590975201440485,0.2095975201440485,R6,7267.164340118429,245.0,245.0,8.2,18.25,791.7375000000001,35.458333333333336,111.09658827490011,0.8583694886715787,1353.2176362509483,2024.0,8.2,28.2,13.2,1595.6,0.9905328949668541,,1.3532176362509483,,,0.7773310489096755
321,2024-09-02,153.0,2024-09-02,5395.1875,0.0096281533512097,103.87183012266124,2362.302739699872,0.2053035471000198,2291.6837110977594,0.2080408732096354,5.705338938862836e-06,795.6916666666666,0.1864166666666666,0.2110416666666666,0.1857083333333333,0.178,0.1941067088358841,0.11460403569178,0.0589036110982719,15.783333333333331,16.033333333333335,15.96875,15.79375,0.0,795.6916666666666,41.90833333333333,17.075,2024-09-02,0.2080408732096354,816.3339704545461,2986.1537865011232,2896.885262143394,5004.5320410949,0.1516689398097754,0.2021689398097754,R6,7243.422821073141,246.0,246.0,7.4,17.075,791.7916666666666,41.90833333333333,112.02439434652088,0.9278060716207596,1131.0205708135688,2024.0,7.4,26.6,12.0,1607.6,0.9871900059645847,,1.1310205708135688,,,0.8123107510733973
322,2024-09-03,154.0,2024-09-03,5440.8125,0.0095877278370536,104.31000118225649,2383.9963770430354,0.1958322363791254,2308.2624278178346,0.2012736002604166,6.075957358919888e-06,794.4812499999999,0.1735833333333333,0.2007916666666666,0.1779166666666666,0.178,0.1836399022562325,0.1024021894716389,0.052632166989924,15.247916666666669,15.61875,15.833333333333334,15.8375,0.0,794.4812499999999,44.79166666666666,17.341666666666665,2024-09-03,0.2012736002604166,815.6947795259249,3013.5764094387323,2917.8421856049786,4994.112184799103,0.1434905029764975,0.1939905029764975,R6,7207.635300539963,247.0,247.0,7.0,17.341666666666665,790.6625,44.79166666666666,112.96402807741848,0.9396337308976064,1093.1720611276594,2024.0,7.0,27.8,12.4,1620.0,0.9876897786384964,,1.0931720611276594,,,0.819374770528371
323,2024-09-04,155.0,2024-09-04,5411.5,0.0096153211155319,104.02268663563444,2399.6556825318607,0.1893917346169925,2312.078555817443,0.199835459391276,7.022253464256947e-06,795.0604166666667,0.16365,0.18985,0.17025,0.178,0.1742194542303611,0.0914201523754361,0.0469876742957812,13.88,14.6275,15.39,15.82,0.3964,795.0604166666667,55.41666666666666,15.391666666666666,2024-09-04,0.199835459391276,849.4512911025028,3033.371118048085,2922.666099527735,4974.017195044417,0.1361296581443643,0.1866296581443643,R6,7137.791378563293,248.0,248.0,8.6,15.391666666666666,791.1437500000001,55.41666666666666,113.96402807741848,1.0,779.6850313990386,2024.0,8.6,23.4,11.0,1631.0,0.9991294606713795,,0.7796850313990387,,,0.8227872182526028
324,2024-09-05,156.0,2024-09-05,4819.3125,0.0101894632932257,98.1643962315592,2262.684372435928,0.2560621661416707,2170.902575586038,0.2675043741861979,7.83452204493605e-06,798.0020833333333,0.2509166666666667,0.1935416666666667,0.1659166666666666,0.178,0.2122489969758847,0.1357536966013584,0.0697740084063441,13.279166666666669,13.9125,14.641666666666666,15.46875,6.8854,798.0020833333333,68.31666666666666,14.175,2024-09-05,0.2675043741861979,863.1605648309976,2860.227604555417,2744.2075214436327,4881.778804087783,0.1658447589992287,0.2163447589992287,R6,6998.3120027301175,249.0,249.0,7.8,14.175,793.9354166666667,68.31666666666666,114.96402807741848,1.0,512.2719932802406,2024.0,7.8,22.6,10.2,1641.2,1.0179834628031084,,0.5122719932802406,,,0.8400459966688921
325,2024-09-06,157.0,2024-09-06,4874.229166666667,0.0101300990878077,98.7280869341543,2301.80393503242,0.2342085537950557,2225.1119040519466,0.2381261189778646,6.385214896289924e-06,798.5749999999999,0.2443333333333333,0.192,0.1617916666666666,0.178,0.2080876292803101,0.130902516033488,0.0672806227955106,12.604166666666666,13.304166666666667,14.085416666666667,15.03125,0.0,798.5749999999999,53.81666666666666,15.066666666666668,2024-09-06,0.2381261189778646,849.4091237031598,2909.678095388199,2812.732773834748,4946.066338242262,0.1625931958238411,0.2130931958238411,R6,7141.5248319251305,250.0,250.0,5.4,15.066666666666668,794.5812500000001,53.81666666666666,115.96402807741848,1.0,790.9724565536261,2024.0,5.4,25.4,10.4,1651.6,1.031558020710892,,0.7909724565536261,,,0.8725306782638061
326,2024-09-07,158.0,2024-09-07,5040.020833333333,0.0099615921650966,100.39478468997676,2343.7810274928056,0.2135521087111148,2268.122406721542,0.2179590861002604,6.177576395610144e-06,795.625,0.2273333333333333,0.1883333333333333,0.157625,0.1777916666666666,0.198709893598322,0.1199702715314063,0.0616617222507366,13.066666666666668,13.622916666666669,14.183333333333332,14.90625,0.0,795.625,48.525,16.258333333333333,2024-09-07,0.2179590861002604,841.9993137255383,2962.7407496747587,2867.101747483928,4989.038088397396,0.1552657250875978,0.2057657250875978,R6,7209.155521229146,251.0,251.0,6.6,16.258333333333333,791.7125,48.525,116.94792833984796,0.983900262429462,951.519160225722,2024.0,6.6,26.2,11.4,1663.0000000000002,1.028557597570542,1.0065672190823909,0.951519160225722,4920.449498044267,7107.472633077217,0.9128937055241823
327,2024-09-08,159.0,2024-09-08,5226.291666666667,0.0097832213279679,102.23053865739026,2387.374862417872,0.1952877087529775,2313.126467835179,0.2001609802246093,5.9434842409820885e-06,793.3083333333334,0.2101666666666666,0.18275,0.152875,0.1777083333333333,0.1885149501869392,0.1080853541230182,0.0555531716335354,13.760416666666666,14.14375,14.433333333333332,14.89375,0.0,793.3083333333334,46.29166666666666,16.141666666666666,2024-09-08,0.2001609802246093,842.1128229385807,3017.847105452905,2923.990750423276,5027.742889338541,0.1472997136709989,0.197799713670999,R6,7264.451751575842,252.0,252.0,6.2,16.141666666666666,789.4250000000001,46.29166666666666,117.92122730401104,0.97329896416308,985.4433146781436,2024.0,6.2,26.2,11.2,1674.2000000000005,1.0200830506641956,1.0066065068021566,0.9854433146781436,4937.909451177635,7137.096550239759,0.9477183326857792
328,2024-09-09,160.0,2024-09-09,5283.958333333333,0.0097287038171383,102.79645205139369,2459.7778315959945,0.1661303029130895,2384.448019414014,0.1732991536458333,5.847310902865401e-06,793.5020833333333,0.1923333333333333,0.1752083333333333,0.14825,0.178,0.1774223218753225,0.0951539462666179,0.0489067510713912,13.854166666666666,14.258333333333333,14.60625,14.93125,0.0,793.5020833333333,46.575,15.741666666666667,2024-09-09,0.1732991536458333,848.1594776558588,3109.3706840915365,3014.1473242302945,5117.279049491427,0.1386322792179772,0.1891322792179772,R6,7390.330544898296,253.0,253.0,5.8,15.741666666666667,789.5645833333333,46.575,118.90388166011016,0.9826543560991454,955.5060604827348,2024.0,5.8,26.6,11.2,1685.4000000000003,1.0195799000602819,1.0074964690946109,0.9555060604827348,4961.642959555836,7174.106482340062,0.9711435577127514
329,2024-09-10,161.0,2024-09-10,5302.291666666667,0.0097130561466843,102.9703732747757,2446.374447830024,0.1712829914284722,2365.390877485867,0.1802647908528646,6.346999840912412e-06,792.6416666666668,0.1759583333333333,0.165875,0.1426666666666666,0.178,0.1661646721559025,0.0820301620797939,0.0421614538817062,14.233333333333334,14.34375,14.55625,14.9,0.29029998,792.6416666666668,53.43333333333334,15.0,2024-09-10,0.1802647908528646,831.5962936138502,3092.42765451618,2990.0574581973506,5023.277163589257,0.1298359021739572,0.1803359021739572,R6,7228.650331900498,254.0,254.0,5.8,15.0,788.6708333333332,53.43333333333334,119.90388166011016,1.0,794.1228954219113,2024.0,5.8,25.0,10.4,1695.8000000000004,1.0153912853217133,1.0075804185148336,0.7941228954219113,4976.238288050515,7193.573687174964,0.9698932999274907
330,2024-09-11,162.0,2024-09-11,5541.875,0.0095006337081832,105.27161732002337,2449.3434183877853,0.1702730361538651,2367.408379295302,0.1794751485188802,6.408074048604826e-06,788.9083333333333,0.1607916666666666,0.1555833333333333,0.138,0.178,0.1552902688276931,0.0693531534681552,0.035645788175503,14.017021276595743,14.4625,14.69375,14.8625,0.2307,788.9083333333333,53.04166666666666,14.566666666666668,2024-09-11,0.1794751485188802,833.9774282848936,3096.1806885892797,2992.6077539601547,4962.798598280525,0.1213389819297018,0.1718389819297018,R6,7131.4658629688365,255.0,255.0,7.0,14.566666666666668,784.9166666666666,53.04166666666666,120.90388166011016,1.0,778.7325336818137,2024.0,7.0,21.4,9.2,1705.0000000000005,1.0121156948119707,1.008695908369188,0.7787325336818137,4986.733948244995,7204.425745460938,0.9536194042163271
331,2024-09-12,163.0,2024-09-12,5905.020833333333,0.0092038412047455,108.66608674375884,2448.02771407824,0.1716525814503429,2381.7643776231266,0.1754887898763021,5.15852634851979e-06,782.5729166666666,0.1488333333333333,0.1438333333333333,0.1319583333333333,0.1775,0.1450263629788993,0.0573878420016699,0.029495917020991,13.619148936170212,13.647916666666667,14.045833333333334,14.70625,1.0172,782.5729166666666,39.28333333333333,16.925,2024-09-12,0.1754887898763021,819.4595593955152,3094.517525210667,3010.7549702526285,4894.813549783798,0.1133190854112867,0.1638190854112867,R6,7072.443611963707,256.0,256.0,8.6,16.925,778.63125,39.28333333333333,121.8192115369555,0.915329876845335,1170.9443940949282,2024.0,8.6,25.8,12.2,1717.2000000000005,1.0005601177458516,1.0070018578711386,1.1709443940949282,4983.215414827529,7197.401003600805,0.9585500827651046
332,2024-09-13,164.0,2024-09-13,5903.0,0.0092055768579706,108.64686469813591,2550.358629450145,0.1359813606523115,2496.9935683991102,0.139404296875,3.95690772121742e-06,786.40625,0.134875,0.130875,0.1257916666666666,0.1760833333333333,0.1334368739086596,0.0438772108145045,0.0225517901380487,13.525531914893618,13.877083333333331,14.272916666666667,14.60625,0.0,786.40625,33.61666666666667,14.875,2024-09-13,0.139404296875,832.3957632886868,3223.8726012043408,3156.414575420288,5019.331898383828,0.1042634194285802,0.1547634194285802,R6,7288.783601226134,257.0,257.0,4.2,14.875,782.4666666666667,33.61666666666667,122.64320610717849,0.8239945702229822,1122.9873591943872,2024.0,4.2,23.0,9.0,1726.2000000000005,1.0008820118138346,1.0076713170485612,1.122987359194387,4987.582326778033,7203.451411460247,0.971945748014104
333,2024-09-14,165.0,2024-09-14,5736.333333333333,0.0093371154164901,107.1068422531393,2538.602389905352,0.1394593500768328,2486.4643690519256,0.1421610514322916,3.884062897589682e-06,790.5124999999999,0.121,0.1180416666666666,0.1194166666666666,0.176,0.1219380110106227,0.0304722285287802,0.0156619641509333,11.719148936170212,12.329166666666666,13.377083333333331,14.41875,0.0,790.5124999999999,36.375,13.7,2024-09-14,0.1421610514322916,827.1666070019256,3209.011703554889,3143.104762088143,4913.476674728578,0.0952785659156716,0.1457785659156716,R6,7126.863795875801,258.0,258.0,2.6,13.7,786.5875,36.375,123.28033090124876,0.6371247940702558,997.4792636578848,2024.0,2.6,25.8,10.4,1736.6000000000006,0.9981397402329555,1.0087681869324416,0.9974792636578848,4982.235697758137,7193.428264042023,0.9583624807759005
334,2024-09-15,166.0,2024-09-15,5793.791666666667,0.009290711992697,107.64188881089775,2563.1007384561503,0.1319519972816764,2500.971438699265,0.1382319132486979,4.603817195294372e-06,790.2333333333332,0.11025,0.108375,0.1140416666666666,0.176,0.1130377710247654,0.0200966322279078,0.0103291668743789,11.202083333333334,11.935416666666669,12.9875,14.108333333333333,0.0,790.2333333333332,40.94166666666667,13.133333333333333,2024-09-15,0.1382319132486979,825.0990017531135,3239.979722623133,3161.44294551841,4893.591019253509,0.0883241954521094,0.1388241954521094,R6,7062.300678709488,259.0,259.0,5.0,13.133333333333333,786.25625,40.94166666666667,124.28033090124876,1.0,892.3030912811249,2024.0,5.0,21.4,8.2,1744.8000000000006,1.0004103742529558,1.0091184605753034,0.892303091281125,4974.418249608238,7178.795145369957,0.925440013278056
335,2024-09-16,167.0,2024-09-16,5732.0,0.009340225588215,107.0679778416474,2537.4124600484606,0.1397746695990412,2451.670587224592,0.1519953409830729,6.4761015611476656e-06,788.6895833333333,0.10275,0.101625,0.1093333333333333,0.1750416666666666,0.1065995145641639,0.0125911323736529,0.0064715274653954,12.045833333333334,12.277083333333332,12.725,13.69375,0.054899998,788.6895833333333,58.075,13.141666666666666,2024-09-16,0.1519953409830729,824.3469159214598,3207.507529899197,3099.1224301015213,4794.837676646883,0.083293542274488,0.133793542274488,R6,6845.516030952403,260.0,260.0,6.2,13.141666666666666,784.5854166666667,58.075,125.28033090124876,1.0,633.7832571581828,2024.0,6.2,22.6,9.4,1754.2000000000007,0.9971696306661025,1.0098098080560292,0.6337832571581827,4959.440080719093,7150.373231789904,0.8899230623026713
336,2024-09-17,168.0,2024-09-17,5605.791666666667,0.0094461483919121,105.87760690571758,2492.106456240788,0.1551165622103916,2392.189213378009,0.1712137858072916,7.740660151009086e-06,786.19375,0.0979166666666666,0.097,0.1059583333333333,0.174,0.1022751347127961,0.0075499177928421,0.0038804691196873,12.1625,12.445833333333333,12.79375,13.4625,1.6932,786.19375,76.50833333333334,11.541666666666666,2024-09-17,0.1712137858072916,842.115838605742,3150.236845431928,3023.9328590303594,4675.705932180611,0.0799146064750755,0.1304146064750755,R6,6627.369963187081,261.0,261.0,7.4,11.541666666666666,782.0749999999999,76.50833333333334,126.28033090124876,1.0,319.6590035968763,2024.0,7.4,19.0,8.2,1762.4000000000008,1.003188706968346,1.0120893858602666,0.31965900359687627,4936.696776960629,7108.925707693269,0.8346721296219011
337,2024-09-18,169.0,2024-09-18,5660.833333333333,0.0093987394934672,106.40129398167916,2488.501703041059,0.1558229323797957,2437.0475357984587,0.1563898722330729,3.910105533074169e-06,785.9187499999999,0.0937916666666666,0.092625,0.1024583333333333,0.174,0.0983570574951374,0.0029823569685643,0.001532856971154,9.240425531914894,10.66875,11.960416666666667,13.2375,3.6536,785.9187499999999,38.16666666666666,12.4,2024-09-18,0.1563898722330729,839.4389040329007,3145.680127431364,3080.637635730121,4638.0973547067,0.0768531429055831,0.1273531429055831,R6,6702.543505459973,262.0,262.0,1.4,12.4,781.8583333333332,38.16666666666666,126.76604518696304,0.4857142857142857,890.3931672291799,2024.0,1.4,20.2,7.6,1770.000000000001,1.0089624462665396,1.0112255289171233,0.8903931672291798,4912.702502650793,7077.836573900176,0.8425798536097683
338,2024-09-19,170.0,2024-09-19,5681.083333333333,0.0093826920076682,106.5887107252276,2534.513430811039,0.1407813162892834,2480.009185259911,0.1439768473307291,4.070308426081609e-06,788.8520833333333,0.0897916666666666,0.089375,0.0994166666666666,0.1723333333333333,0.0948885101342001,0.0010611572765265,0.0005454083283657,8.551063829787234,9.658333333333331,11.052083333333334,12.8125,0.0,788.8520833333333,42.75,11.816666666666668,2024-09-19,0.1439768473307291,833.7649759115452,3203.8429076689386,3134.944854723546,4695.613138394851,0.0741429279724241,0.1246429279724241,R6,6775.318129225999,263.0,263.0,1.4,11.816666666666668,784.8333333333334,42.75,127.2517594726773,0.4857142857142857,793.312195857041,2024.0,1.4,23.8,9.4,1779.4000000000008,1.0127544820849532,1.008689312187853,0.793312195857041,4899.404955101297,7061.908440078453,0.8626541537938255
339,2024-09-20,171.0,2024-09-20,5763.666666666667,0.0093152807112964,107.36042658077064,2554.5666908303065,0.1344764611580357,2497.1677951026545,0.139258066813151,4.262466268186476e-06,788.1395833333332,0.0882916666666666,0.0875416666666666,0.0970833333333333,0.172,0.0931617431983157,0.0030741632921957,0.0015800431278274,10.404255319148936,10.847916666666668,11.389583333333334,12.56875,0.0,788.1395833333332,38.48333333333333,14.558333333333332,2024-09-20,0.139258066813151,830.652043272945,3229.19195262066,3156.634812954519,4718.439655366978,0.0727936860423804,0.1232936860423804,R6,6799.97077175734,264.0,264.0,5.4,14.558333333333332,784.1354166666666,38.48333333333333,128.21438095038056,0.9626214777032654,1019.6112713495504,2024.0,5.4,25.4,10.4,1789.8000000000009,1.0081387626520029,1.007070973419076,1.0196112713495504,4883.145906324491,7037.511721495039,0.8789854977078201
340,2024-09-21,172.0,2024-09-21,5855.395833333333,0.009246847857392,108.19352548482468,2581.9574599053853,0.1282202256316034,2520.563852984484,0.1352564493815104,4.540264779387434e-06,787.2458333333334,0.0899148936170212,0.0862978723404255,0.0951489361702127,0.172,0.0930699988092657,0.0031811157727093,0.0016350140307291,9.62608695652174,10.659574468085106,11.546808510638298,12.548936170212764,0.0,787.2458333333334,45.59166666666667,11.891666666666666,2024-09-21,0.1352564493815104,867.0922048344167,3263.816239937499,3186.2094418362944,4768.259840531693,0.0727219998327478,0.1232219998327478,R6,6861.817402169974,265.0,265.0,4.2,11.891666666666666,783.2833333333333,45.59166666666667,129.10009523609483,0.8857142857142858,757.6774533845623,2024.0,4.2,23.0,9.0,1798.8000000000009,1.0192729354271926,1.009235958457834,0.7576774533845624,4867.3760314769415,7012.701855847955,0.8651396615048801
341,2024-09-22,173.0,2024-09-22,4752.625,0.010258178620834,97.49096049687893,2168.071676113323,0.3135386454097923,2090.188354306072,0.3160883585611979,6.899866889880393e-06,790.7333333333332,0.3050416666666666,0.259125,0.094875,0.1717499999999999,0.2431733387947234,0.1718042398555078,0.0883030869584718,9.89375,10.041666666666666,10.866666666666667,12.275,24.052599,790.7333333333332,84.30833333333334,8.408333333333333,2024-09-22,0.3160883585611979,865.4101755284163,2740.6290210941283,2642.177805502025,4810.54389807797,0.1900080770324243,0.2405080770324243,R6,6944.007676156988,266.0,266.0,4.2,8.408333333333333,786.59375,84.30833333333334,129.9858095218091,0.8857142857142858,173.07451434869992,2024.0,4.2,17.4,6.199999999999999,1805.000000000001,1.0320143843619354,1.0112460265516545,0.17307451434869991,4851.861817815472,6989.812993318037,0.8071133186242054
342,2024-09-23,174.0,2024-09-23,4869.0,0.0101357361139689,98.6744454168663,2206.7419098567234,0.2879710841208486,2136.930910157781,0.2859433492024739,6.053381242808307e-06,791.0979166666666,0.2712916666666666,0.2478749999999999,0.101125,0.1712083333333333,0.226082021439452,0.1518797648514431,0.0780624045960021,9.460416666666667,10.016666666666667,10.820833333333333,12.13125,0.0,791.0979166666666,66.04166666666667,10.775,2024-09-23,0.2859433492024739,860.6776172325041,2789.511521620885,2701.2644152754424,4823.28669419276,0.176653453697802,0.2271534536978021,R6,6985.495030300349,267.0,267.0,2.2,10.775,787.0270833333334,66.04166666666667,130.5858095218091,0.6,439.1524148829096,2024.0,2.2,20.6,7.800000000000001,1812.8000000000009,1.044103716139704,1.0123260768646665,0.4391524148829096,4830.862363865568,6960.896170846755,0.7702309153670751
343,2024-09-24,175.0,2024-09-24,5005.833333333333,0.0099951269591361,100.05513078173028,2226.499855796309,0.2751214983222524,2161.27529852182,0.2708702087402344,5.588543407708336e-06,791.5895833333334,0.2539583333333333,0.2332916666666666,0.1079166666666666,0.171,0.2150881629858169,0.1390634995276868,0.071475164418936,9.6625,10.175,10.783333333333331,11.95,0.0,791.5895833333334,55.21666666666667,12.366666666666667,2024-09-24,0.2708702087402344,843.1747711800575,2814.487264183193,2732.037815429296,4816.828554932773,0.1680631949371357,0.2185631949371357,R6,6987.466128123067,268.0,268.0,3.4,12.366666666666667,787.5375,55.21666666666667,131.35723809323767,0.7714285714285715,643.4635231138993,2024.0,3.4,23.4,9.2,1822.000000000001,1.0344737323428992,1.0133250542480883,0.6434635231138993,4816.116034675819,6943.668727719795,0.7594695316307886
344,2024-09-25,176.0,2024-09-25,5091.9375,0.009910558125425,100.91094580663984,2279.618966311765,0.2452709879239454,2207.674626532074,0.2462399800618489,6.034755748552693e-06,792.4875000000001,0.24025,0.222,0.112625,0.1710833333333333,0.2063537279430195,0.1288811929759236,0.0662417132443063,10.0125,10.28125,10.775,11.825,0.0,792.4875000000001,52.325,14.566666666666668,2024-09-25,0.2462399800618489,846.6254352423736,2881.6343873421206,2790.6905556985344,4890.0128238063135,0.16123837929463,0.21173837929463,R6,7070.118588112649,269.0,269.0,5.0,14.566666666666668,788.4520833333332,52.325,132.35723809323767,1.0,790.6173602828138,2024.0,5.0,26.2,10.6,1832.6000000000008,1.0269103479432184,1.0144163093654934,0.7906173602828138,4810.917050784803,6939.286779515782,0.7603184478165744
345,2024-09-26,177.0,2024-09-26,5176.75,0.0098292707167363,101.74708358561166,2322.901243369322,0.2237059434683923,2253.081353523869,0.2249323527018229,5.739621655514725e-06,791.50625,0.227625,0.2129166666666666,0.1159583333333333,0.1715833333333333,0.1985665974768424,0.1198032217990041,0.0615758628618233,10.720833333333331,10.916666666666666,11.170833333333334,11.875,0.0,791.50625,46.75833333333333,15.658333333333331,2024-09-26,0.2249323527018229,845.7335646242743,2936.346907186311,2848.088562931256,4943.86584625102,0.1551537579590323,0.2056537579590323,R6,7156.959216582508,270.0,270.0,6.2,15.658333333333331,787.5020833333333,46.75833333333333,133.3425005460299,0.9852624527922236,947.1601510648844,2024.0,6.2,26.6,11.400000000000002,1844.000000000001,1.0208933568832426,1.0166831995369645,0.9471601510648844,4814.420786246747,6945.323608417125,0.744333859028714
346,2024-09-27,178.0,2024-09-27,5219.5625,0.0097884667351612,102.16837770946309,2340.4042179666376,0.2150554220126729,2274.0045215383207,0.2154337565104166,5.410570976284519e-06,793.1541666666667,0.2148333333333333,0.2045833333333333,0.1170833333333333,0.172,0.1905197989762863,0.1104225384815988,0.0567544260020381,10.845833333333331,11.0125,11.3375,11.975,0.0,793.1541666666667,43.958333333333336,15.483333333333334,2024-09-27,0.2154337565104166,837.9429146326981,2958.472172077401,2874.537246388268,4939.400691318523,0.1488662401047467,0.1993662401047467,R6,7157.069628194124,271.0,271.0,5.8,15.483333333333334,789.1416666666668,43.958333333333336,134.3156717025051,0.9731711564752256,985.8522992792778,2024.0,5.8,27.8,11.8,1855.8000000000009,1.0187868309697026,1.01716180121006,0.9858522992792778,4808.711414313511,6935.9154674862675,0.7345384976062063
347,2024-09-28,179.0,2024-09-28,5208.875,0.0097984334126518,102.06396164098672,2365.262619253688,0.2038850314618072,2296.0970388801074,0.2061322530110677,5.577714971706353e-06,794.4812499999999,0.2031666666666667,0.1969583333333333,0.1170833333333333,0.172,0.182955854765897,0.1016047502316158,0.0522223031436354,11.372916666666669,11.495833333333332,11.675,12.10625,0.0,794.4812499999999,42.99166666666667,16.5,2024-09-28,0.2061322530110677,843.641564206894,2989.8953287635427,2902.464087941989,4951.140172602834,0.1429560095617107,0.1934560095617107,R6,7164.084866970319,272.0,272.0,6.6,16.5,790.4604166666667,42.99166666666667,135.26250087226933,0.9468291697642076,1070.1466567545351,2024.0,6.6,27.4,12.0,1867.8000000000009,1.0175854215652207,1.0185832410795501,1.070146656754535,4811.401664161674,6938.574115421589,0.7397290256845384
348,2024-09-29,180.0,2024-09-29,5323.770833333333,0.0096922299790373,103.1830914548592,2390.280865916547,0.1931164654983428,2318.570885749566,0.1971817016601562,5.728720788136731e-06,793.6479166666667,0.191375,0.1892916666666666,0.1155833333333333,0.172,0.1750298905430736,0.092364931395062,0.0474732671076741,11.808333333333332,11.725,11.829166666666666,12.20625,0.0,793.6479166666667,43.083333333333336,16.816666666666666,2024-09-29,0.1971817016601562,836.5712127660618,3021.5205437490727,2930.8729628074543,4959.188095521574,0.1367629078505162,0.1872629078505163,R6,7165.254972011464,273.0,273.0,7.8,16.816666666666666,789.6750000000001,43.083333333333336,136.20308138458492,0.940580512315591,1090.1423605901086,2024.0,7.8,27.4,12.599999999999998,1880.4000000000008,1.0138963426610912,1.0195730499101365,1.0901423605901086,4816.087169609391,6945.927993514588,0.7538604020637515
349,2024-09-30,181.0,2024-09-30,5535.0,0.0095044324752033,105.21406750050107,2459.3230563751285,0.165788307200736,2385.6559646203937,0.172515869140625,5.718366030545964e-06,790.8,0.186,0.186,0.114,0.172,0.1713078844808258,0.0880259436382544,0.0452431358051908,14.8,14.5,12.6,12.0,0.0,790.8,27.2,23.4,2024-09-30,0.172515869140625,832.5979243048085,3108.7958091083374,3015.674270836797,5080.567084942061,0.1338546481782348,0.1843546481782348,R6,7338.267850754525,274.0,274.0,8.2,16.866666666666667,788.8895833333332,38.13333333333333,137.11285747423747,0.9097760896525392,1188.716513111874,2024.0,8.2,26.2,12.2,1892.6000000000008,1.0117442651850752,1.0202849371784113,1.188716513111874,4836.496413059047,6981.124552071883,0.7934984917747295
350,2024-10-01,,,,,,,,,,,,,,,,,,,,,,,,,,,,,,,,,,,,,,275.0,24.2,24.2,789.1,16.4,137.6051518542181,0.4922943799806216,2524.6579840620107,,,,,,,,2.5246579840620105,,,0.9509984189508104
