,Site,Trees (mm),Sagebrush/Grass Estimate (mm),Trees with Grass (mm),Fraction Forest,Fraction Sagebrush/Grass,BWE Representing 200 m Radius Footprint (mm),BWE Uncertainty (mm)
0,RF 8,7.9440532206882635,0.08467022933333333,8.028723450021596,0.4184397163120567,0.5815602836879432,3.4087776053660104,0.41953917329894486
