Date (aggregated based on UTC),Raw_Moderated_cph,Raw_Mod_Coeff_of_Var,Raw_Mod_sqrt,Corrected_Mod_cph_for_Des,SWC_Des_cm3_cm3,Corrected_Mod_cph_for_UTS,SWC_UTS_cm3_cm3,SWC_5,SWC_10,SWC_20,SWC_50,WeightedTDR_SWC,WeightedTDR_SD,WeightedTDR_SE,sT_5,sT_10,sT_20,sT_50,PRISM_ppt_mm,BaroPress,airRH,airT
2023-06-29,,0.0100194522041205,99.81290695337609,2038.2999529286526,0.15032997401241252,1980.5470494861374,0.1270751953125,,,,,,,,,,,,,,,
2023-06-30,,0.010071360164692187,99.29747620384175,2042.3280302433664,0.1481989457431249,1970.2883530587949,0.1301261706229968,,,,,,,,,,,,,,,
2023-07-01,4792.520833333333,0.010205083869394439,98.00515826354821,2032.456464538013,0.15301686057486374,1963.5451689471076,0.13297576904296876,0.06689583333333333,0.04722916666666666,,,0.05773427193661984,0.0,0.0,12.535416666666668,12.166666666666666,,,0.0,793.75,73.09375,12.125
2023-07-02,4870.354166666667,0.010118640138072068,98.83467477209872,2051.388890532668,0.1447907854742781,1975.6974615904905,0.1284271240234375,0.06608333333333334,0.04729166666666667,,,0.057329383778422775,0.000496271619232619,0.0002869688126043552,13.2875,12.714583333333332,,,0.0063,793.1020833333333,68.33749999999999,13.660416666666668
2023-07-03,4915.979166666667,0.010104633632387562,98.96993363932835,2055.938255085551,0.1429907205554435,1985.3925365154369,0.12523709810697115,0.06545833333333334,0.04722916666666666,,,0.05696641996243894,0.0009411565511191119,0.0005442232992631903,13.620833333333332,12.891666666666666,,,1.37,792.2833333333333,64.72916666666667,14.5
2023-07-04,4926.458333333333,0.010052997163221052,99.47824443032518,2061.7774454327373,0.14089386079774507,1970.0690705155866,0.13028423602764422,0.06483333333333334,0.04691666666666666,,,0.0564869956202257,0.0015287872086052568,0.0008840204294909261,14.189583333333333,13.464583333333332,,,0.0,790.6708333333332,64.825,15.710416666666667
2023-07-05,4942.395833333333,0.01004633929621149,99.55045392177841,2066.3269759233153,0.13946679599810988,1988.57936089984,0.12449311047065549,0.0639375,0.046875,,,0.055989069084842844,0.0021390960135692894,0.0012369311870178796,13.958333333333334,13.341666666666667,,,0.8857,790.7916666666666,66.66875,15.116666666666667
2023-07-06,5065.375,0.009894973535314947,101.0856717533501,2086.1759292418556,0.1319600431611442,2022.818211995056,0.11401813786204268,0.06327083333333333,0.04641666666666666,,,0.05541945285670069,0.002837274911021005,0.0016406527810452491,14.289583333333333,13.518749999999999,,,0.0,790.5333333333333,61.106249999999996,15.472916666666668
2023-07-07,5166.854166666667,0.009836966334199424,101.67488754264976,2087.9486202137646,0.13147999168806931,2022.5324553822575,0.1141023181733631,0.06208333333333333,0.04583333333333334,,,0.05451339912842176,0.003947825421678032,0.0022828280516625785,14.30625,13.658333333333333,,,0.0,788.8458333333333,55.14791666666667,15.295833333333334
2023-07-08,5196.083333333333,0.009803956555193866,102.01619489429203,2097.1943822229377,0.12832389647887135,2037.5450655887785,0.10987891220464939,0.0608125,0.04533333333333334,,,0.05360165241762911,0.005065353823866711,0.0029290382845258175,14.456249999999999,13.768749999999999,,,0.0,788.2041666666668,54.06458333333333,15.533333333333333
2023-07-09,5220.4375,0.009811054853833564,101.93010422832883,2132.0543502264286,0.11601291008359758,2073.578983048892,0.09941296699719551,0.059270833333333335,0.044625,,,0.05244818750506047,0.006479156347599296,0.003746568878195345,14.060416666666667,13.602083333333333,,,0.0,790.3791666666666,52.456250000000004,14.229166666666666
2023-07-10,5163.708333333333,0.009864210675108948,101.38154198833867,2122.982084806424,0.11888107873665169,2052.903683098519,0.1049346923828125,0.058125,0.044270833333333336,,,0.05167114583812027,0.0074315767097575276,0.004297305470490069,14.760416666666666,13.975,,,0.0,791.4250000000001,52.18541666666667,16.193749999999998
2023-07-11,5124.5,0.009880286066900505,101.2193780559767,2140.2753413369087,0.11347934092300788,2064.268017283017,0.10200606944949128,0.05695833333333333,0.043604166666666666,,,0.05073740022391242,0.008576069178931561,0.00495910766143815,15.204166666666666,14.310416666666667,,,0.0,792.4729166666666,55.80416666666667,16.852083333333333
2023-07-12,5117.145833333333,0.009857060037850375,101.45884916492325,2159.5633329835027,0.10741398623598944,2066.779777556681,0.10120849609375,0.05620833333333333,0.043104166666666666,,,0.050103860750141824,0.009352598830714775,0.005408135539495891,15.733333333333334,14.722916666666668,,,0.0,792.2624999999999,59.13958333333333,17.83125
2023-07-13,5232.958333333333,0.009758022594923666,102.48788489271267,2160.459873081423,0.10735824296371783,2075.9412609474193,0.09890907689144737,0.05516666666666667,0.042374999999999996,,,0.04920776974126192,0.010450938031191409,0.006043249626182878,15.633333333333333,14.797916666666666,,,0.0,791.6062499999999,60.49166666666667,17.077083333333334
2023-07-14,5287.4375,0.009727545291945562,102.80845331808196,2147.586248717407,0.11117254730863398,2078.2873522328355,0.09830033151726973,0.05391666666666667,0.041875,,,0.04830715131995014,0.011554826483363879,0.006681572564853903,15.439583333333333,14.658333333333333,,,0.0,792.0124999999999,59.92083333333333,16.160416666666666
2023-07-15,5166.541666666667,0.009866337131407927,101.36250571070455,2168.505605008132,0.10545812814617354,2099.2044044837576,0.09328032702934451,0.0526875,0.04127083333333333,,,0.047369135968857,0.012704552371186645,0.007346400977486412,14.995833333333332,14.445833333333333,,,0.0,794.0729166666666,55.06875,14.741666666666667
2023-07-16,5138.1875,0.009901912194729443,100.99841624595622,2178.191328726249,0.10208513542008181,2112.1131206329233,0.08996727353050596,0.05172916666666666,0.040625,,,0.04655637829331043,0.013700749863065185,0.00792245167288155,15.054166666666667,14.308333333333332,,,0.0,795.5479166666668,56.75,15.322916666666666
2023-07-17,5083.75,0.0098855684730011,101.17018771179919,2202.1577867010374,0.09546571050988002,2126.1436450341153,0.08677242963741987,0.050749999999999997,0.0403125,,,0.04588777302992218,0.014520259670827058,0.008396332804377031,15.745833333333332,14.65,,,0.0,794.9208333333332,54.33958333333334,17.322916666666668
2023-07-18,5204.395833333333,0.00981508139302597,101.89147458018941,2221.5632793273794,0.0899894721928817,2138.137016145958,0.08375629625822369,0.049958333333333334,0.03995833333333334,,,0.04529991228415699,0.01524080088270956,0.00881298539540401,16.631249999999998,15.341666666666667,,,0.0,793.4104166666666,51.60208333333333,18.41875
2023-07-19,5083.541666666667,0.009938821166626432,100.62190588004947,2184.809236386355,0.10015041845426728,2085.353893476809,0.0965301513671875,0.0491875,0.0395625,,,0.044703769740167765,0.015971493098842465,0.009235507799500258,17.337500000000002,15.822916666666666,,,0.0063,795.4499999999999,56.57708333333333,19.34375
2023-07-20,5030.645833333333,0.009946522581371624,100.5474429899327,2173.130732210543,0.10362344021281923,2063.7133423026353,0.10222840920472756,0.0484375,0.039125,,,0.04409934539795453,0.016712336319225758,0.00966390001666577,16.98125,15.935416666666667,,,2.9585,795.6833333333334,70.82083333333334,17.595833333333335
2023-07-21,5093.458333333333,0.009865113726712957,101.3922993289224,2203.5848956685477,0.09560138883113248,2115.3720294007676,0.08975946335565477,0.0476875,0.03835416666666667,,,0.04333964035410208,0.017643507173741933,0.010202349091923158,16.316666666666666,15.477083333333333,,,1.1761,796.1374999999999,67.27499999999999,16.83125
2023-07-22,5242.75,0.009776681635340094,102.29766931901162,2200.012799486874,0.09611581159770136,2130.5144759930427,0.08583403796684451,0.04683333333333334,0.03797916666666667,,,0.042708689696041774,0.018416863712806413,0.010649542119157546,15.979166666666666,15.237499999999999,,,0.0,795.6208333333334,58.82083333333333,15.924999999999999
2023-07-23,5267.520833333333,0.00976137726814499,102.44925552464315,2217.670566380605,0.09101810432072982,2144.857817111469,0.08222849776105183,0.04583333333333334,0.03754166666666667,,,0.041970725880057944,0.019321386333384333,0.0111725818666297,16.125,15.202083333333334,,,0.0,795.1895833333333,52.94583333333333,16.724999999999998
2023-07-24,5227.875,0.009780201646668232,102.25432435107831,2237.3749250069395,0.08582351816021956,2152.9642317099037,0.08044508026867378,0.04510416666666667,0.03739583333333333,,,0.04151330044125989,0.019882052923885143,0.011496787038772605,16.910416666666666,15.6,,,0.0,796.1979166666666,53.668749999999996,18.504166666666666
2023-07-25,5179.104166666667,0.009842234459877983,101.60920388426601,2230.3363407239194,0.08776204385208894,2131.86114313497,0.08517892020089286,0.04447916666666666,0.037208333333333336,,,0.04109210636216136,0.02039831071857146,0.011795312847215888,17.095833333333335,16.006249999999998,,,0.0,796.0666666666666,61.25833333333333,17.841666666666665
2023-07-26,5107.291666666667,0.009916078664420855,100.85562622190022,2214.9856241671446,0.09187041338958922,2108.2182048304844,0.09082998880525915,0.043625,0.0368125,,,0.040451450660248606,0.021183562734769238,0.012249384428081017,16.058333333333334,15.460416666666667,,,2.7268999,796.2479166666667,67.85000000000001,17.120833333333334
2023-07-27,5039.270833333333,0.009954062036611653,100.46781206638993,2181.3285665644175,0.10094245488948915,2080.416754527551,0.09762126643483232,0.043666666666666666,0.03635416666666667,,,0.040260196274456456,0.021417983331669516,0.012384938019572907,15.85,15.189583333333333,,,2.5683,795.2166666666667,77.22291666666666,16.004166666666666
2023-07-28,5083.541666666667,0.009897919983554895,101.03943713899334,2191.568593374171,0.09835849754796892,2095.5753251283422,0.09400699013157894,0.044020833333333335,0.03614583333333333,,,0.040352326757106954,0.021305058952726847,0.012319639554612589,15.799999999999999,15.174999999999999,,,0.561,794.7645833333332,67.90208333333334,17.662499999999998
2023-07-29,5113.3125,0.009913764760317512,100.876031468478,2202.5915825222223,0.09541490756115516,2111.32653501787,0.09006989307892628,0.04414583333333333,0.036,,,0.040351161187025086,0.021306487592562682,0.01232046566487447,15.647916666666667,15.13125,,,0.0,795.9916666666667,61.895833333333336,16.891666666666666
2023-07-30,5079.958333333333,0.010001819303962623,100.00781088482314,2178.342201226974,0.10243376712545683,2070.671632041617,0.10125341170873398,0.04495833333333333,0.036,,,0.04078516447677952,0.02077452954193013,0.012012861191377877,16.847916666666666,15.683333333333332,,,0.1836,796.0875,63.55625,19.03125
2023-07-31,4789.744680851064,0.010180148363220594,98.24776557694918,2077.71744459217,0.13491220811877394,1965.8210508425918,0.13196470679306402,0.051702127659574465,0.036,,,0.044387415458952875,0.016359248700509806,0.009459727279879222,16.7,15.827659574468084,,,8.7726,795.6021276595745,82.03829787234044,17.097872340425532
2023-08-01,4867.875,0.010164236721569539,98.39682521151158,2096.6083131204327,0.1282324060615874,1983.210613498157,0.1262668707431891,0.050833333333333335,0.036,,,0.04392334211038841,0.016928063637356383,0.009788644229171804,17.2,16.289583333333333,,,0.7643,794.96875,73.78750000000001,18.035416666666666
2023-08-02,4690.541666666667,0.01029543631733242,97.15146170757268,2084.8374433118647,0.13236177824659673,1977.3362437824985,0.12815616005345395,0.052,0.03602083333333333,,,0.044556231365170285,0.016152330959314818,0.009340077200776736,16.78125,16.041666666666668,,,6.167,794.90625,79.94791666666667,17.158333333333335
2023-08-03,4524.1875,0.01057497677070934,94.57442886878174,1957.5202980205202,0.18692809986952563,1856.6146256912778,0.1762562287159455,0.09879166666666667,0.0363125,,,0.06968624015316693,0.01464953345697926,0.008471085305780054,16.04375,15.875,,,13.223599,794.1583333333333,83.75208333333333,15.268749999999999
2023-08-04,4499.729166666667,0.010525038148924372,95.02477425098378,1963.0594267233569,0.18550654652162216,1877.38885950499,0.16761271158854166,0.14445833333333333,0.03870833333333334,,,0.09519553073829341,0.045916283762861304,0.026551067842661903,14.799999999999999,14.8375,,,5.0889,793.8291666666668,78.09166666666667,14.429166666666667
2023-08-05,4563.1875,0.010484788264116526,95.38413582090291,2008.6431573369132,0.16339001096959288,1921.0572971893125,0.14865738306290063,0.13414583333333333,0.041125,,,0.09081281253214081,0.04054438385229634,0.023444769438679052,15.316666666666668,14.997916666666667,,,0.0,793.8166666666666,69.18541666666667,15.762500000000001
2023-08-06,4638.604166666667,0.010341114098118909,96.71861593679319,2057.200428057311,0.14299949030071313,1980.7907273511541,0.12727115028782895,0.1188125,0.042937499999999997,,,0.08346673028937443,0.03154028715095675,0.01823815507907962,14.799999999999999,14.775,,,0.0039,793.4125,70.175,14.970833333333333
2023-08-07,4746.416666666667,0.010238983340162378,97.68091431065025,2086.3927911215937,0.13198848381072228,2013.5307872837882,0.11681161275724085,0.10485416666666665,0.04408333333333333,,,0.07654455374906786,0.023055771882421822,0.01333198841998296,15.002083333333333,14.702083333333334,,,0.0,793.2458333333334,57.84583333333333,16.472916666666666
2023-08-08,4911.708333333333,0.010050396469774014,99.51817277648487,2117.992335799612,0.12090286661231053,2050.213220192694,0.10593232654389881,0.09166666666666667,0.04420833333333333,,,0.0695585767707839,0.01449305638495508,0.008380602518092094,14.110416666666666,14.310416666666667,,,0.0,791.6062499999999,59.489583333333336,14.362499999999999
2023-08-09,4974.0625,0.010026593851167928,99.75046477340008,2132.904485305532,0.11620119382375238,2064.754385534437,0.10210309709821429,0.08220833333333334,0.044000000000000004,,,0.0644092829079387,0.008181564306258618,0.004730985418516737,13.795833333333334,13.827083333333334,,,0.0,790.9645833333334,61.1,13.5375
2023-08-10,5085.3125,0.009935780909185243,100.65153686915401,2147.4880981276374,0.11106355349371318,2070.9797379273573,0.10013620476973684,0.075625,0.04339583333333333,,,0.06061129716025872,0.0035263712642675674,0.0020391223984836497,14.427083333333334,14.125,,,0.0,790.78125,58.12083333333334,15.137500000000001
2023-08-11,4988.854166666667,0.010014354336229117,99.86177042605794,2138.42418395241,0.11402982000450328,2042.2677130498396,0.10798863002232142,0.07095833333333333,0.043041666666666666,,,0.057953574571049354,0.00026879934936833256,0.00015543308770372567,15.289583333333333,14.793750000000001,,,0.9111,792.7166666666667,62.28541666666666,16.802083333333332
2023-08-12,5018.020833333333,0.00998307631314958,100.1770156938078,2138.0946790960543,0.11415412474188542,2040.6730745630787,0.108502197265625,0.06835416666666667,0.042374999999999996,,,0.0562519769826606,0.0018168496709248135,0.0010505924025075459,15.422916666666666,15.014583333333334,,,0.0,793.40625,69.0625,16.070833333333333
2023-08-13,5046.291666666667,0.009913307200509326,100.88813456026853,2147.2707193958863,0.11160817005066093,2059.823523570474,0.10340808686755952,0.06527083333333333,0.04185416666666667,,,0.054362364043178714,0.004132949201657844,0.002389875783724676,14.616666666666667,14.577083333333334,,,0.1314,793.7458333333334,71.88125000000001,14.983333333333334
2023-08-14,5075.229166666667,0.00994752915172461,100.53498306989162,2167.422692612716,0.10536740650072479,2084.965432697966,0.09657110169876454,0.06289583333333333,0.04122916666666667,,,0.052802587726784575,0.006044767817505965,0.0034953839305600382,14.060416666666667,14.058333333333332,,,0.0,795.9666666666667,66.99166666666666,14.077083333333334
2023-08-15,5025.791666666667,0.009989412870514932,100.11826557351968,2169.756502767255,0.10443981811293093,2081.051214255252,0.09760894775390624,0.0610625,0.04075,,,0.051600082243860534,0.007518679392999263,0.004347672552982485,14.864583333333334,14.4125,,,0.0,797.6166666666667,65.01666666666667,16.408333333333335
2023-08-16,5087.0,0.009925387078489773,100.7604447388662,2174.5251610261657,0.1030767987645066,2066.8858667125032,0.10130662184495193,0.05979166666666667,0.04029166666666667,,,0.05070774562077278,0.008612416840921337,0.004980125678584244,15.629166666666668,15.016666666666666,,,0.0,795.9041666666667,66.3625,17.270833333333332
2023-08-17,4945.895833333333,0.010038378113213986,99.63471058272022,2102.395714647442,0.12637532436253784,2001.5705714141702,0.1204603241711128,0.059541666666666666,0.03975,,,0.050321875006838476,0.009085378646581894,0.005253615603290179,15.664583333333333,15.195833333333333,,,6.509,794.8208333333333,76.86041666666667,16.818749999999998
2023-08-18,4979.875,0.010088724577758121,99.14305313357957,2090.812958398307,0.13103198409558917,1976.0684762157714,0.12979595477764422,0.06381250000000001,0.04004166666666667,,,0.05273904496435372,0.006122652213390731,0.003540420543054662,16.389583333333334,15.8125,,,0.0,793.8333333333334,70.68124999999999,17.599999999999998
2023-08-19,4770.375,0.010235307821657396,97.71045722889946,2034.2835925007882,0.15198719074833958,1936.0255213582768,0.14275251116071427,0.08627083333333334,0.04022916666666667,,,0.06482268641941721,0.008688273198293045,0.005023989578835301,15.522916666666667,15.214583333333332,,,3.9222999,793.8958333333334,76.56666666666666,16.439583333333335
2023-08-20,4870.729166666667,0.010106071872765694,98.96657481921345,2102.6075192840417,0.12626277599728514,2021.0158176213574,0.11465879928234012,0.08337500000000002,0.04102083333333333,,,0.06364464584796767,0.007244348277104222,0.004189040724084918,15.833333333333334,15.424999999999999,,,0.0348,793.7729166666667,65.31458333333333,17.6375
2023-08-21,4904.5,0.010116432470926518,98.85815379379385,2124.299543080879,0.11874738624036983,2042.043712500639,0.10814759789443598,0.07677083333333333,0.04125,,,0.06022373356490483,0.0030513343704291593,0.0017644325550892988,15.220833333333333,15.11875,,,0.0,795.5583333333334,59.91041666666666,16.735416666666666
2023-08-22,4905.479166666667,0.010114283233191848,98.87493603371352,2142.6961571549737,0.11258364713123412,2040.5601152770917,0.1084075927734375,0.07185416666666666,0.04120833333333334,,,0.05757804715971164,0.00019148478766512224,0.00011072598153613181,15.31875,15.110416666666666,,,0.0,796.5541666666667,68.61458333333333,15.966666666666667
2023-08-23,4896.291666666667,0.010103579096746602,98.98516690569647,2138.3799491186337,0.11401858397865909,2035.0168378449603,0.11003265380859376,0.0695,0.041125,,,0.0562817302729621,0.0017803810480310903,0.0010295044397799769,15.247916666666667,14.933333333333332,,,1.2672,796.1166666666667,74.49583333333334,16.10625
2023-08-24,4911.354166666667,0.010187777444425335,98.20758315234875,2088.923925383781,0.13319976894833646,1972.9912829550153,0.13226776123046874,0.066875,0.041,,,0.0548213355352562,0.0035703876128744963,0.002064574829784157,15.647916666666667,15.2875,,,5.3382,794.4854166666668,83.40833333333333,15.910416666666668
2023-08-25,4425.625,0.010666135728080436,93.75914812746038,1925.8001295511915,0.2030734144339454,1804.3862001525592,0.20268132136418268,0.12441666666666666,0.06177083333333333,,,0.0952335998023473,0.04596294503382764,0.026578049698977854,15.847916666666668,15.485416666666666,,,10.4927,795.3541666666666,95.63958333333333,15.229166666666666
2023-08-26,4357.041666666667,0.010672269958388207,93.71334249869581,1929.3579306966394,0.20222134116502705,1818.2807225816996,0.19586181640625,0.16129166666666667,0.06691666666666667,,,0.11732781801506485,0.07304383941446163,0.04223756316600082,15.933333333333332,15.502083333333333,,,5.2587,795.9333333333334,88.20625,16.1125
2023-08-27,4466.395833333333,0.010603039168859154,94.32149529450666,1942.133646685083,0.1949580362746595,1836.0348274998166,0.1865325927734375,0.15395833333333334,0.0681875,,,0.11400266779279368,0.06896820111388419,0.03988082738181462,15.775,15.508333333333333,,,3.5089,795.9333333333334,82.72500000000001,15.666666666666666
2023-08-28,4358.208333333333,0.010723490066882021,93.26753611620067,1888.654495964478,0.22703153409962765,1792.1746911726125,0.21175990960536858,0.22025000000000003,0.08272916666666667,,,0.15618700552997272,0.12067356510454003,0.06977942793571716,15.139583333333334,15.072916666666666,,,3.2131999,795.4333333333334,85.47083333333335,15.035416666666668
2023-08-29,4371.458333333333,0.010662329159739511,93.80216374421406,1912.0814072163776,0.21134995016455696,1836.3636810425883,0.18587820870535715,0.20852083333333335,0.10297916666666666,,,0.15935508117681793,0.12455667701898152,0.07202483543457873,14.139583333333334,14.375,,,1.6951,796.5708333333333,74.95833333333333,13.877083333333333
2023-08-30,4550.270833333333,0.01043964666815515,95.8022881038595,1947.2530823955087,0.1918772668275214,1867.9362149564186,0.17074737548828126,0.18679166666666666,0.10129166666666667,,,0.14696216669620887,0.10936667550426742,0.06324122474800302,14.127083333333333,14.110416666666666,,,0.0012,794.0520833333334,71.51875,14.5875
2023-08-31,4741.0625,0.01026686467410197,97.40775265337412,1977.5862557115527,0.1767331625350022,1905.102107470989,0.15469986353165063,0.1685,0.09645833333333333,,,0.13493995835822536,0.09463104869510032,0.05472035600490154,14.254166666666668,14.195833333333333,,,0.0,791.2583333333333,64.64999999999999,15.614583333333334
2023-09-01,4777.375,0.01021704342700079,97.88436960790779,2008.1524928988183,0.16314530279239792,1927.2995149655142,0.14604894126333842,0.14914583333333334,0.0914375,,,0.12226286186204482,0.07909272514090636,0.045735328275320175,14.183333333333332,14.135416666666666,,,0.0012,791.6979166666666,65.62916666666666,15.427083333333334
2023-09-02,4729.479166666667,0.01031765741879388,96.92738461248007,2009.6376190133021,0.16204751203517193,1921.9295798253254,0.14794996308117378,0.13404166666666667,0.08660416666666666,,,0.11194328181463636,0.06644401068422078,0.03842121554362838,14.529166666666667,14.397916666666667,,,0.0,794.8208333333333,69.98958333333333,15.154166666666667
2023-09-03,4689.5625,0.010279887746759992,97.29218541770183,2012.420456323964,0.16076427154932882,1917.088988472506,0.1497348692358994,0.12241666666666666,0.082625,,,0.10388003290848577,0.05656088244270926,0.03270630164089776,14.533333333333333,14.358333333333334,,,0.8129,793.8770833333333,76.38958333333333,15.00625
2023-09-04,5035.354166666667,0.009916834194751627,100.85098367466347,2050.394699390347,0.1451224569500574,1975.6694360630277,0.12877557216546473,0.11564583333333334,0.08010416666666667,,,0.09908902852105238,0.05068854595430815,0.029310626039106405,14.485416666666666,14.377083333333333,,,1.5396,787.2937499999999,63.418749999999996,15.670833333333334
2023-09-05,5035.770833333333,0.009978213016288755,100.22602626411845,2068.0918044697933,0.1385704834427472,2004.3891075966549,0.11957550048828125,0.10260416666666666,0.07745833333333334,,,0.09089017873675864,0.04063921164822532,0.02349960356367235,13.145833333333334,13.583333333333334,,,0.0,790.7291666666666,62.19375,12.950000000000001
2023-09-06,5040.125,0.009945662445406468,100.55431798896602,2093.971735952239,0.12883254519896925,2033.9771397986422,0.11038990509815705,0.09654166666666668,0.07347916666666666,,,0.08579818312200371,0.034397950061044284,0.019890597210264514,12.554166666666667,12.910416666666668,,,0.0,793.3625000000001,62.050000000000004,12.8125
2023-09-07,5113.645833333333,0.009879106589127728,101.22964956762245,2119.2261575983093,0.12047229626150943,2058.65231154759,0.1035400390625,0.08945833333333332,0.07175,,,0.0812090460587502,0.028773042453465486,0.01663799723355806,12.65,12.879166666666668,,,0.0,793.6145833333334,54.96041666666667,13.508333333333333
2023-09-08,5120.458333333333,0.00988790102265759,101.14128333720238,2146.189970061828,0.1117903114404396,2087.683075599212,0.095928955078125,0.0835,0.069375,,,0.07691998026803841,0.02351593235563007,0.013598075980678491,12.595833333333333,12.8125,,,0.0,795.6770833333334,57.53541666666666,12.841666666666667
2023-09-09,5137.708333333333,0.009864913965035341,101.37639430494313,2163.3374373764564,0.1064439189151043,2099.8498448492765,0.09276275634765625,0.07708333333333334,0.06708333333333334,,,0.07242491228415698,0.01800632526597104,0.01041214847009304,12.018749999999999,12.456249999999999,,,0.0,796.7895833333333,57.22708333333333,11.595833333333333
2023-09-10,5134.208333333333,0.009872665294490232,101.29724752232742,2161.1887817941756,0.10705021477941966,2081.7520774749783,0.09739498975800305,0.07416666666666666,0.06425,,,0.06954706579290013,0.01447894737357087,0.008372443989401276,13.179166666666667,12.889583333333334,,,0.0,794.9583333333334,61.275,13.916666666666666
2023-09-11,5118.583333333333,0.009881563065425085,101.21193470879251,2150.935143922265,0.11015784686450328,2064.080566958887,0.10211639404296875,0.07083333333333333,0.06135416666666666,,,0.06641753838046825,0.010643084049446392,0.0061543579639728755,13.516666666666666,13.358333333333334,,,3.8585,794.0291666666667,72.70625,13.591666666666667
2023-09-12,5176.895833333333,0.009817340544537664,101.87129141053411,2140.685758164824,0.11346530600152725,2075.5414220193506,0.09908015553544207,0.06727083333333334,0.059166666666666666,,,0.06349557127473,0.007061627497675895,0.004083382525875297,11.90625,12.364583333333334,,,0.0,792.6145833333334,72.0625,10.268749999999999
2023-09-13,5225.895833333333,0.009779733763070723,102.25908718691889,2176.253355082784,0.10251978515319636,2098.455114509492,0.09310487259265988,0.06470833333333333,0.05708333333333334,,,0.06115628728333636,0.004194365932350417,0.0024253899771579856,12.7875,12.697916666666666,,,0.0,790.7541666666666,63.07708333333333,12.852083333333333
2023-09-14,5246.416666666667,0.009815666477263132,101.89150796588167,2173.660540777011,0.10347089732619193,2091.0312709766977,0.0952484130859375,0.06264583333333333,0.05483333333333334,,,0.0590064418886643,0.0015592993503477657,0.0009016640600080267,12.029166666666667,12.345833333333333,,,1.4424,791.3937500000001,79.51666666666667,9.908333333333333
2023-09-15,5044.375,0.009973058961240941,100.28119014237969,2117.6084581945283,0.12089017166785648,2027.1614843907785,0.11244945037059295,0.06166666666666667,0.05329166666666666,,,0.057765239037981475,3.795639172089327e-05,2.1948264298758813e-05,12.081249999999999,12.108333333333334,,,5.1155,793.4375,88.29166666666667,10.799999999999999
2023-09-16,4939.5625,0.010053715777012548,99.47794054846881,2102.163880017888,0.12606173383080704,2033.0442939110205,0.11062465569911858,0.06327083333333333,0.05245833333333333,,,0.0582339155739114,0.0006124134576375351,0.0003541277718700133,10.795833333333334,11.460416666666667,,,3.8774,796.0916666666667,82.07291666666667,8.733333333333333
2023-09-17,5011.0625,0.009976103945483284,100.25007857782927,2126.3694292840605,0.11808473930581968,2061.644729871245,0.10275894556290065,0.06281250000000001,0.05175,,,0.057659121714348664,9.211166525165707e-05,5.3263523804063764e-05,10.520833333333334,11.0375,,,0.0,795.7145833333334,73.88541666666667,9.5625
2023-09-18,5020.9375,0.010022496444967641,99.78538671287413,2123.6498664390997,0.11902995294386917,2050.2526432021973,0.10592193603515625,0.06210416666666666,0.051062500000000004,,,0.05696049342486778,0.0009484207112021782,0.0005484237961540439,10.85,11.285416666666668,,,0.0,793.4645833333334,75.13125000000001,9.702083333333333
2023-09-19,4819.354166666667,0.010203747742032983,98.00953270839484,2062.7217794067724,0.14046999689815243,1986.559283769953,0.12499503202216569,0.06539583333333333,0.050875,,,0.05863141776817517,0.00109963209716066,0.0006358617035400487,10.310416666666667,10.739583333333334,,,4.4437,791.6291666666666,88.17708333333333,8.770833333333334
2023-09-20,4914.916666666667,0.010018918416086948,99.83139255719652,2099.2615493068715,0.12721744874800153,2040.9209596186527,0.10863615337171052,0.06635416666666667,0.050833333333333335,,,0.059123908996590875,0.001703278843640133,0.0009849201291206961,9.916666666666666,10.4,,,1.2587,790.1770833333334,75.16458333333334,9.18125
2023-09-21,5060.3125,0.009939764979368895,100.62064666608974,2111.4364426583716,0.12284790896889801,2046.3477005637615,0.10691375732421875,0.0655,0.050625,,,0.058570598689350176,0.0010250861216420958,0.0005927555309322447,10.918750000000001,10.914583333333333,,,2.1158,787.8916666666668,63.543749999999996,11.61875
2023-09-22,5185.145833333333,0.009809349871488382,101.95156595656736,2138.2392847142137,0.11410330266110774,2098.7416890932022,0.09309209779251454,0.06516666666666666,0.0501875,,,0.05818874013675459,0.0005570419015831819,0.00032210919761113536,10.55625,10.864583333333334,,,0.2501,788.40625,41.59166666666667,12.4625
2023-09-23,5157.5,0.00985511708113021,101.48150662389392,2153.528153379355,0.10940022907190947,2104.0280282997614,0.09185086763822116,0.06352083333333333,0.04950000000000001,,,0.05698933882063399,0.0009130648950971887,0.000527979313388748,9.958333333333334,10.477083333333333,,,0.0,790.9479166666666,48.97291666666666,10.595833333333333
2023-09-24,5174.104166666667,0.009834979723469035,101.68678984134677,2158.279029572859,0.10808141861853515,2111.7079170819716,0.09003448486328125,0.06183333333333333,0.04860416666666667,,,0.055670630487027126,0.0025294063631430457,0.0014626279490804917,8.814583333333333,9.729166666666666,,,0.0012,792.9333333333334,61.3375,7.360416666666667
2023-09-25,4964.3125,0.010092220149191767,99.09402529195796,2180.438929988826,0.10162436161700338,2132.8370064709798,0.08519345238095238,0.060458333333333336,0.04808333333333333,,,0.054693537284977604,0.0037270299925461314,0.0021551532065355776,8.439583333333333,9.210416666666667,,,0.0,796.1833333333334,62.15833333333333,7.408333333333334
2023-09-26,4996.166666666667,0.009978055229565463,100.22619557421564,2181.2155551692126,0.10094237952612022,2132.762514924213,0.08486777857730263,0.0593125,0.0474375,,,0.05378062500410308,0.004845987034570652,0.002802189549660703,8.891666666666667,9.310416666666667,,,0.0,795.5229166666667,58.675000000000004,8.933333333333334
2023-09-27,5124.083333333333,0.009832058811144167,101.7236801671674,2198.3791631041063,0.09614030927846384,2149.323317614194,0.08119964599609375,0.05860416666666667,0.047125,,,0.05325668750396632,0.005488177492121666,0.003173535856657315,9.489583333333334,9.722916666666666,,,0.0,793.19375,58.76666666666667,10.002083333333333
2023-09-28,5329.666666666667,0.009661273739431767,103.51958841648259,2202.6855905615494,0.09515157969255342,2157.7617390327273,0.07950897216796875,0.05766666666666667,0.04658333333333333,,,0.052503583337162874,0.006411257648317467,0.003707306489706525,9.916666666666666,10.03125,,,0.0,789.8270833333332,50.80833333333334,10.933333333333332
2023-09-29,5482.895833333333,0.009536968411053932,104.86223241153836,2226.910639410769,0.08862122820725754,2180.954712255984,0.0745592619243421,0.05625,0.04622916666666666,,,0.05158187390697119,0.007540997360686548,0.004360577906500113,10.241666666666667,10.283333333333333,,,0.0,788.6270833333333,45.9125,11.7125
2023-09-30,5564.833333333333,0.009468497940072804,105.62576801833782,2214.932958192347,0.09171239866863956,2164.405306973079,0.07797095889136904,0.05506249999999999,0.04504166666666667,,,0.0503943739069712,0.008996516708209425,0.005202231232408966,10.104166666666666,10.283333333333333,,,0.0,787.8000000000001,51.64166666666667,10.691666666666668
2023-10-01,5647.958333333333,0.009415572670979378,106.21245678474214,2219.0792011341155,0.09056727735210178,2158.702099433033,0.07917230779474432,0.0544375,0.04439583333333333,,,0.04975966886311875,0.009774474999828454,0.005652085220728578,11.03125,10.75625,,,0.1352,786.05625,54.83958333333334,12.666666666666666
2023-10-02,5570.208333333333,0.009561938412661406,104.62231509515246,2173.0912588664755,0.10539909281898546,2100.4655404765904,0.09435216391958841,0.05316666666666667,0.044000000000000004,,,0.048896447371588346,0.010832526016350614,0.00626390268543811,10.633333333333333,10.885416666666666,,,0.0477,787.5979166666666,68.46666666666667,9.975
2023-10-03,5172.854166666667,0.009835520733281242,101.67665826823776,2057.250552709775,0.14242771273218857,1992.526305184842,0.12290445963541667,0.06477083333333333,0.044000000000000004,,,0.05509490461243995,0.0032350738573166567,0.001870679820371506,8.316666666666666,9.247916666666667,,,12.300699,788.3166666666666,91.54166666666667,5.1937500000000005
2023-10-04,5103.375,0.009919025845489345,100.82542811725219,2066.155665524328,0.13936027440941068,2010.7502703441442,0.11747283935546875,0.06479166666666668,0.044000000000000004,,,0.05510603290192084,0.003221433907300429,0.0018627925261792808,7.5687500000000005,8.427083333333334,,,2.0197,791.31875,81.74791666666667,5.341666666666666
2023-10-05,4962.979166666667,0.010067587867965607,99.33583625235175,2088.6085389013647,0.1307745707235764,2036.230336621178,0.10968240877477134,0.06314583333333333,0.044000000000000004,,,0.05422689803293111,0.0042989899585817335,0.0024858887673646743,7.029166666666666,7.925,,,0.0,796.1229166666667,76.66041666666666,5.172916666666667
2023-10-06,4920.020833333333,0.010074218378183031,99.27216245880093,2103.5287127479146,0.12572184661421731,2050.586508462324,0.10574486142113096,0.06195833333333334,0.044041666666666666,,,0.05361199562022571,0.005052676155239601,0.002921707429059735,7.145833333333333,7.816666666666666,,,0.0,796.75625,74.65416666666667,5.9750000000000005
2023-10-07,4955.25,0.010021978262995774,99.7905931015512,2119.384115784967,0.12024495882287876,2065.99806637339,0.10148583388910061,0.06095833333333334,0.044270833333333336,,,0.053184593207520295,0.005576543507551759,0.003224633460348139,7.14375,7.7562500000000005,,,0.0,796.1083333333332,73.16041666666666,6.395833333333333
2023-10-08,5095.854166666667,0.00987666488145393,101.26392695426462,2130.115931579269,0.11678271452003763,2082.960811690517,0.09712001255580358,0.06070833333333333,0.0443125,,,0.0530704638214546,0.0057164319534797866,0.003305523883393302,7.16875,7.73125,,,0.0,794.3354166666667,66.53541666666666,6.810416666666666
2023-10-09,5295.104166666667,0.009695527584461202,103.15044975125043,2148.489360657279,0.11089258001268952,2102.9774520126816,0.0920372939691311,0.059729166666666667,0.04422916666666666,,,0.052508614040443324,0.006405091512775283,0.0037037409249506075,7.04375,7.629166666666666,,,0.0027,790.4458333333333,63.14791666666667,6.866666666666667
2023-10-10,5487.958333333333,0.009510626491073277,105.15375174360706,2148.3547289397625,0.11083844523642856,2101.1857110248297,0.09245452880859376,0.05991666666666667,0.044104166666666667,,,0.05255053838265656,0.006353704825429149,0.003674026599005083,6.879166666666666,7.527083333333334,,,0.0,785.8020833333334,60.99583333333334,5.852083333333333
2023-10-11,5730.75,0.009396533333112295,106.44626177416328,2099.3985236508292,0.1282792443479619,2034.5773728367094,0.11158905029296876,0.059166666666666666,0.04408333333333333,,,0.052140214917492336,0.0068566385031463345,0.003964847743555748,7.183333333333334,7.520833333333333,,,0.5155,778.6875,75.97916666666667,6.5062500000000005
2023-10-12,5238.520833333333,0.00986070968770923,101.43972292978462,1944.1050472328704,0.19353082935976113,1889.1064322817922,0.16123776319550304,0.12027083333333333,0.05333333333333334,,,0.08908852743540914,0.03843092674161144,0.022222663934275442,6.804166666666667,7.360416666666667,,,18.9966,778.4666666666667,93.9375,3.533333333333333
2023-10-13,4822.125,0.010222586270475056,97.82934421397653,1943.6865532021905,0.19403284620334538,1894.6563351998118,0.15917745450647866,0.1669375,0.05860416666666667,,,0.11647127196725618,0.07199397049266812,0.041630476993426285,6.320833333333333,6.841666666666666,,,9.4788,789.0812500000001,82.03125,3.78125
2023-10-14,4687.0,0.01036451763689892,96.48764691896898,1959.3099761217695,0.1856495260838339,1914.8440074668838,0.15061764600800304,0.1571875,0.059729166666666667,,,0.11178730485823549,0.06625282965027617,0.03831066520752737,4.991666666666666,6.039583333333333,,,0.0,794.3395833333334,83.29583333333333,1.9625000000000001
2023-10-15,4589.395833333333,0.010447986630818704,95.71747277622755,1972.3267848681735,0.17904658298017814,1930.53382960002,0.14441439000571646,0.149,0.06129166666666667,,,0.10814176538118242,0.06178449007890001,0.035726850112290535,4.84375,5.604166666666667,,,0.1407,798.4187499999999,75.93958333333333,3.389583333333333
2023-10-16,4624.895833333333,0.010358035695709455,96.55862852962942,1973.625168306136,0.1785542913092779,1927.2953969301168,0.14575042724609374,0.1419375,0.06302083333333333,,,0.10517479388691661,0.0581478716254661,0.03362397733247951,5.154166666666667,5.6625000000000005,,,0.0,798.2624999999999,73.13125000000001,5.039583333333334
2023-10-17,4828.375,0.010145464983853573,98.57564041043233,1989.1768287814982,0.1710522737689211,1943.0254163474526,0.1397742294683689,0.14091666666666666,0.06441666666666666,,,0.10527974564046758,0.05827651104260284,0.03369836301032046,5.795833333333333,6.0687500000000005,,,0.0,793.5083333333333,69.25833333333334,6.979166666666667
2023-10-18,4908.479166666667,0.010116783973404795,98.85153580091836,2005.7879341862817,0.1635264744682321,1960.7770855829226,0.13343699385480182,0.13383333333333333,0.06533333333333334,,,0.10192314914647534,0.054162329030953846,0.0313193393447183,6.1187499999999995,6.375,,,0.0,793.1875,62.20416666666667,7.160416666666666
2023-10-19,4778.020833333333,0.010246662527156138,97.60194699553315,2015.260663820312,0.15980804374927632,1968.3238846775052,0.1311248779296875,0.127375,0.06620833333333333,,,0.09888099124920463,0.05043355456552476,0.029163177397621216,5.8625,6.264583333333333,,,0.0,796.4875000000001,69.18124999999999,6.3875
2023-10-20,4829.25,0.010130961710298272,98.72095500689503,2056.226850500981,0.14288231360166298,2017.155506016024,0.11532738095238096,0.12233333333333334,0.06689583333333333,,,0.09650821164196194,0.04752523740699888,0.02748144447291846,5.489583333333333,6.029166666666666,,,0.0,795.4541666666668,61.61041666666667,5.941666666666666
2023-10-21,5066.229166666667,0.009920724734084646,100.80694274259595,2041.0911439945498,0.14892104307065018,2003.3333754031573,0.11963671307231105,0.1160625,0.0666875,,,0.09306154606969176,0.04330065768078391,0.025038583384752774,5.391666666666667,5.852083333333333,,,0.0,790.7395833333334,56.81875,6.652083333333334
2023-10-22,5187.3125,0.009771905888871453,102.34796850358708,2038.2273552564695,0.1500409103912213,1999.726201856552,0.12074788411458333,0.11027083333333333,0.06622916666666667,,,0.08975437062925248,0.039247051079342316,0.02269458741943925,5.666666666666667,5.96875,,,0.0,787.2958333333332,53.29583333333333,7.485416666666667
2023-10-23,5363.833333333333,0.009635655111027723,103.79151387393279,2080.2994686911384,0.13401526514891843,2040.00140470602,0.108819580078125,0.10602083333333333,0.06583333333333334,,,0.08729980374195587,0.036238487210500846,0.02095488688524224,5.589583333333334,5.9437500000000005,,,0.0,784.0749999999999,56.15,7.002083333333334
2023-10-24,5338.208333333333,0.009709657020386616,102.99628813705048,2063.104297263034,0.1402007569316896,2021.7486240723267,0.11395040372522866,0.10291666666666666,0.06533333333333334,,,0.08540876755684554,0.03392064320688489,0.019614594763463628,5.585416666666667,5.927083333333333,,,0.0,785.0708333333333,56.637499999999996,6.2625
2023-10-25,5303.104166666667,0.009692934506675953,103.17820512583528,2068.450200997061,0.13802187644107267,2026.6685826950256,0.1123809814453125,0.09908333333333334,0.064625,,,0.08303119080137983,0.03100644618136824,0.017929461808649898,5.404166666666666,5.8374999999999995,,,0.0,786.85,61.82916666666667,5.820833333333333
2023-10-26,5419.25,0.009685859533165721,103.27279382612215,2050.740047417298,0.1454654808587806,2006.1971286736648,0.11913190569196429,0.095375,0.064,,,0.08075920395820921,0.02822167076448211,0.016319166833512453,5.71875,5.8999999999999995,,,0.0,784.8291666666668,45.12916666666666,9.089583333333334
2023-10-27,4930.4375,0.01007862746873976,99.23071304851078,1933.5960283543307,0.19902132331078845,1883.5244589000342,0.16360047806140987,0.1255,0.0661875,,,0.09786974015207277,0.04919406358693178,0.02844644236669068,4.972916666666666,5.545833333333333,,,5.4509997,789.0833333333334,88.00208333333335,3.2083333333333335
2023-10-28,4834.8125,0.010262296127890494,97.46927308139254,1842.9145693218113,0.2596747042437834,1789.3670984566427,0.21479870024181547,0.20597916666666669,0.09050000000000001,,,0.15218410859253229,0.11576721231415295,0.06694233191831327,5.252083333333333,5.53125,,,8.7664995,786.0770833333332,87.55624999999999,4.21875
2023-10-29,4524.270833333333,0.010572733868110057,94.59448217486182,1828.8352053715196,0.267096335149041,1792.3283267883014,0.21046931569169208,0.24445833333333333,0.15008333333333332,,,0.2004944846817315,0.17498126459536253,0.10118282767526675,3.8541666666666665,4.766666666666667,,,31.5481,789.2541666666666,91.71249999999999,-0.6145833333333334
2023-10-30,4362.416666666667,0.010716079783777789,93.32116648003151,1838.3522512783525,0.2591164497454738,1812.3414732232402,0.1982920576886433,0.2216875,0.14231249999999998,,,0.1847112829221627,0.15563578625691232,0.08999631461890328,2.2916666666666665,3.5270833333333336,,,0.0111,796.0583333333334,77.89791666666666,-4.352083333333334
2023-10-31,4357.270833333333,0.01072474143934168,93.24895465263715,1855.1522266341835,0.24743962562380314,1828.301037254325,0.1900074093840843,0.20475,0.13560416666666666,,,0.172538959453716,0.14071616325680197,0.08136905017152929,1.4604166666666665,2.61875,,,0.0028,797.4270833333334,81.80833333333334,-5.002083333333333
2023-11-01,4387.854166666667,0.010652449182946467,93.88674258509592,1846.601336082741,0.2536773368440747,1815.4563298055657,0.19696399777434592,0.19870833333333335,0.13139583333333335,,,0.16735133664606505,0.13435769137117087,0.07769226702237556,1.125,2.1354166666666665,,,0.0004,795.4729166666666,78.97083333333333,-1.5999999999999999
2023-11-02,4457.770833333333,0.01058315396918097,94.49687800321747,1865.7882098207476,0.2400331180230118,1834.5512386035637,0.18670196533203126,0.2069375,0.1326875,,,0.1723487237098656,0.14048299120984226,0.0812342185534085,1.2583333333333333,2.075,,,0.0052,793.88125,68.16875,1.5583333333333333
2023-11-03,4502.5625,0.01053647598450172,94.91487587641333,1860.2842296810552,0.24384354811172354,1825.0429055673399,0.19164220298208842,0.20922916666666666,0.13379166666666667,,,0.17408720287694257,0.1426138459996915,0.08246638425698205,2.475,2.6020833333333333,,,0.19479999,793.8979166666667,57.197916666666664,4.666666666666667
2023-11-04,4484.458333333333,0.010548010941007758,94.81279147507765,1868.9368949832597,0.23793561006008124,1833.9901898736084,0.18698280736019737,0.20229166666666668,0.13166666666666668,,,0.1693915680068587,0.1368584039766935,0.07913830282063707,2.8020833333333335,3.1666666666666665,,,0.0,795.2875,70.07291666666667,3.0354166666666664
2023-11-05,4597.208333333333,0.010411785309221246,96.05660657880723,1860.9855163735642,0.24362582309346514,1829.6119284781853,0.18947024461699696,0.19822916666666668,0.12960416666666666,,,0.16626075221669398,0.13302096148733358,0.07691930364371066,2.8312500000000003,3.1,,,0.0,792.0458333333332,58.956250000000004,4.825
2023-11-06,4645.5625,0.010335282604384093,96.76197075445695,1874.0471823027212,0.23466859538287765,1844.864470503793,0.1816440158420139,0.1935416666666667,0.12712500000000002,,,0.16260198686505375,0.12853641095482096,0.07432611456840278,4.1125,3.8979166666666667,,,0.0038,787.6625,39.237500000000004,8.929166666666667
2023-11-07,4801.125,0.010166965606076434,98.3665271366263,1894.500030269103,0.22163900703321412,1866.8839843019114,0.17107833059210525,0.18677083333333333,0.12433333333333334,,,0.1576848169075385,0.12250943326368688,0.07084101776941178,4.764583333333333,4.602083333333334,,,0.0,784.75,25.327083333333334,12.50625
2023-11-08,4696.9375,0.010456839293298425,95.66454010880057,1876.6874385633778,0.23374904144574582,1837.194872858095,0.18630555618640987,0.18075,0.12135416666666667,,,0.15308091997666295,0.11686643447893692,0.067577956578664,4.514583333333333,4.747916666666667,,,0.0,786.0604166666667,60.918749999999996,5.2437499999999995
2023-11-09,4412.791666666667,0.0106175837453743,94.19186660638236,1870.3843895290063,0.23728299115771806,1838.0555667850997,0.18531134189703527,0.19579166666666667,0.12504166666666666,,,0.16283333774374398,0.12881997784324206,0.07449008697808832,2.5875,3.4479166666666665,,,2.1125,793.025,85.36041666666667,-1.2083333333333333
2023-11-10,4526.125,0.010479126547494264,95.43413177138208,1900.2382528469989,0.21800058536256256,1875.2182844802312,0.16719938579358554,0.18718749999999998,0.12497916666666666,,,0.1582082390565821,0.1231509920551437,0.07121199881580917,1.3583333333333334,2.4166666666666665,,,0.0,792.3541666666666,76.31458333333333,-4.6375
2023-11-11,4539.25,0.010516196807145304,95.09653878089719,1905.7992407188308,0.21488720211508835,1881.0657287887993,0.16474151611328125,0.17710416666666665,0.12189583333333333,,,0.15138580045767222,0.11478872563156453,0.06637652248942477,0.75,1.6812500000000001,,,0.0,792.6229166666667,69.67291666666667,-2.5187500000000003
2023-11-12,4442.6875,0.010645642765263983,93.94193126723954,1918.4081833531945,0.20736550827439015,1894.3162619993284,0.15891265869140625,0.16954166666666667,0.12014583333333333,,,0.146531007692506,0.10883820369647942,0.06293563619266654,0.4979166666666666,1.352083333333333,,,0.0,796.0833333333334,63.56041666666667,-2.016666666666667
2023-11-13,4420.104166666667,0.010612542619671641,94.23555540502052,1936.7203493231996,0.19754322558676995,1912.46827307007,0.15167236328125,0.1625,0.11760416666666668,,,0.14158563049796868,0.10277665238073418,0.05943054721274558,0.3229166666666667,1.1166666666666667,,,0.0004,796.0187500000001,61.708333333333336,-0.5750000000000001
2023-11-14,4489.916666666667,0.010556020372046728,94.73783860242482,1938.7804363227792,0.19620556139369846,1911.3105159791853,0.15200042724609375,0.16087500000000002,0.11575,,,0.1398538750155917,0.10065403881460491,0.05820314699261634,0.33749999999999997,1.05,,,0.0,793.6166666666667,53.918749999999996,1.3104166666666668
2023-11-15,4487.229166666667,0.010504554491460342,95.2105551526543,1931.5797422638266,0.20021742669322384,1902.031051171214,0.15581984747023808,0.16333333333333333,0.11425,,,0.1404682500169594,0.10140707856292075,0.05863859184588486,0.42083333333333334,1.0666666666666667,,,0.0,793.7937499999999,61.78541666666666,0.6416666666666666
2023-11-16,4570.395833333333,0.010517537121240856,95.08825134252707,1876.6199550157553,0.23306044080103963,1824.9480770620457,0.1921155976086128,0.18510416666666665,0.11516666666666668,,,0.15252433445398958,0.11618422732373504,0.06718347063650756,0.7395833333333334,1.2,,,2.2203,789.775,74.77083333333333,3.4645833333333336
2023-11-17,4480.041666666667,0.010558799262610854,94.7134166692814,1871.1699953032592,0.23639370479941496,1826.9445435049824,0.19065093994140625,0.22714583333333335,0.13241666666666665,,,0.18301699893623985,0.15355910152284166,0.08879547272266236,1.89375,1.8770833333333332,,,6.0962996,791.2375000000001,86.42083333333333,3.1958333333333333
2023-11-18,4611.083333333333,0.010366557112581885,96.48047391711067,1892.204585142216,0.2232932354721144,1854.3209724239193,0.17715744745163692,0.21185416666666668,0.13245833333333334,,,0.17486824454497693,0.14357116916520357,0.08301995589283429,1.3083333333333333,1.8145833333333332,,,0.0,790.3625000000001,82.02291666666666,-0.775
2023-11-19,4674.833333333333,0.010325934091161127,96.85378754021534,1836.8047339526559,0.2609337966015411,1787.3129956260364,0.2131927490234375,0.24625,0.14775000000000002,,,0.20036455266561293,0.17482200685782717,0.10109073696915453,1.6624999999999999,1.7750000000000001,,,7.2827997,784.0,96.28750000000001,1.6416666666666666
2023-11-20,4549.333333333333,0.010624657889699431,94.14827474596885,1829.1441140187894,0.26643884532786877,1784.7976973103428,0.21453712100074404,0.251625,0.16297916666666667,,,0.21033003840782213,0.18703670774645786,0.10815388157481995,2.0625,2.1770833333333335,,,8.5226,787.9083333333333,90.17708333333333,1.6229166666666668
2023-11-21,4206.479166666667,0.010918260225610238,91.59836016963179,1839.2344338710304,0.25933719175417325,1803.0070697875417,0.20416259765625,0.23750000000000002,0.15572916666666667,,,0.1994077028791309,0.17364919559307115,0.1004125594489964,1.7229166666666667,2.1333333333333333,,,1.1258,799.8000000000001,80.94583333333334,0.5208333333333334
2023-11-22,4316.708333333333,0.010674763471728315,93.69586027557891,1829.2047929837804,0.2660659635925387,1797.3680653565793,0.20677032470703124,0.21714583333333334,0.14854166666666666,,,0.1851871239272131,0.15621902481623492,0.09033357202059127,1.0104166666666667,1.6166666666666665,,,0.0,797.63125,85.02499999999999,-2.65625
2023-11-23,4668.1875,0.01021847775324149,97.8875682357683,1845.4197851444849,0.25499869121265495,1812.6842613221056,0.19869268508184523,0.20364583333333333,0.14227083333333332,,,0.1750547741440135,0.14379979858860012,0.08315216074117919,0.6583333333333333,1.2,,,0.0,787.0104166666666,82.575,-2.127083333333333
2023-11-24,4865.8125,0.010166961229845629,98.36404616911192,1843.4311344428445,0.25572577462124885,1800.5411003158702,0.20517109715661339,0.21416666666666664,0.142,,,0.1805483947617773,0.15053333214405767,0.08704582311105066,0.6958333333333333,1.1583333333333334,,,2.2972,781.3104166666667,83.14583333333333,0.9500000000000001
2023-11-25,4653.479166666667,0.010542734484481326,94.88887243924687,1781.344841489571,0.30716064691748207,1753.1103994827142,0.23575991675967262,0.23114583333333336,0.14862499999999998,,,0.192704154633776,0.16543265313566727,0.09566134793228614,0.9104166666666668,1.33125,,,10.1945,782.9916666666667,89.7625,-3.047916666666667
2023-11-26,4249.104166666667,0.010845109657426246,92.21321707339126,1778.6572074734213,0.30851062688500785,1757.3632702368955,0.23199608212425596,0.2171875,0.14510416666666667,,,0.18360804827052046,0.15428355098927193,0.08921438525990319,0.8208333333333333,1.21875,,,2.5788999,791.6,81.74374999999999,-6.891666666666667
2023-11-27,4258.4375,0.010882657645059548,91.8959122355841,1795.633497526329,0.2937395291557934,1777.144621213983,0.219390869140625,0.19604166666666667,0.13958333333333334,,,0.1697409978265252,0.1372867002824838,0.07938596494265308,0.575,0.9895833333333334,,,0.0,793.9,82.93124999999999,-10.110416666666667
2023-11-28,4136.5625,0.010994807539431961,90.96111961906146,1791.8731239879858,0.2971159353506651,1772.0482621137585,0.22273495322779605,0.17174999999999999,0.13393750000000001,,,0.15413534540780194,0.11815884426044676,0.06832529188059326,0.29791666666666666,0.7270833333333333,,,0.0,796.7291666666666,82.38333333333334,-8.929166666666667
2023-11-29,4334.729166666667,,,,,,,0.13864583333333333,0.12912500000000002,,,0.13421062829276334,0.09373710846688128,0.054203435520454014,0.02916666666666667,0.5125000000000001,,,0.0,790.3104166666667,80.14375,-7.777083333333334
2023-11-30,4612.020833333333,,,,,,,0.10025,0.12447916666666665,,,0.1115369660004002,0.06594598918626265,0.038133234864536805,-0.16041666666666668,0.34791666666666665,,,0.0,781.18125,80.83541666666666,-5.470833333333334
2023-12-01,4562.541666666667,,,,,,,0.10772916666666667,0.12031249999999999,,,0.11359101315354692,0.06846363581542422,0.03958906275339538,-0.02291666666666667,0.29375,,,8.6129,779.46875,93.11041666666667,-1.6833333333333333
2023-12-02,4223.145833333333,,,,,,,0.14039583333333333,0.11983333333333333,,,0.13081695505096447,0.08957748146678952,0.05179813331328945,0.0020833333333333333,0.3979166666666667,,,7.593,783.1354166666666,81.41458333333334,-3.4645833333333336
2023-12-03,4192.645833333333,,,,,,,0.15716666666666668,0.12002083333333334,,,0.13986257347774703,0.10066470052404555,0.05820931212070334,0.07708333333333334,0.4000000000000001,,,9.3095,785.9125,72.33958333333334,-0.9583333333333334
2023-12-04,3948.2708333333335,0.01141895237290486,87.58119827105281,1664.0071338358764,0.4469955907879505,1629.906286822988,0.355816650390625,0.16727083333333334,0.120875,,,0.14565770067392556,0.10776779084437724,0.062316670502790515,0.10000000000000002,0.41041666666666665,,,8.620399,792.3958333333334,80.23333333333333,1.3958333333333333
2023-12-05,3813.4583333333335,0.011451984683174054,87.32652096473664,1667.370676819513,0.4403905685513006,1639.2496323471894,0.3414980866188227,0.18010416666666665,0.12172916666666667,,,0.1529106337920997,0.11665771461683362,0.06745726442405854,0.13958333333333334,0.49583333333333335,,,0.0,798.4604166666667,86.45,-2.933333333333333
2023-12-06,3893.4166666666665,0.011226690961939532,89.10224260127976,1671.3311559484277,0.4342287198259159,1645.0265385320413,0.3337620326450893,0.17322916666666666,0.12177083333333333,,,0.14925770835111335,0.11218032206574798,0.06486821444788739,0.14375000000000002,0.48541666666666666,,,0.0,797.4125,86.22083333333335,-4.077083333333333
2023-12-07,4272.25,0.010749737164984341,93.03676121842977,1685.8360294802317,0.4132685823713202,1657.3891907745362,0.3190463926733994,0.16275,0.12022916666666666,,,0.14294200549714803,0.10443916189972523,0.06039189250052572,0.10416666666666667,0.43541666666666673,,,0.0,786.4250000000001,60.300000000000004,1.85625
2023-12-08,4267.375,0.010922336822148807,91.57314894618428,1611.1419906062213,0.5437605592933833,1581.3831844279403,0.4392439679401677,0.18066666666666667,0.119875,,,0.15234734870521544,0.11596729580240739,0.06705803009411243,0.1625,0.4666666666666666,,,2.3485,782.3166666666666,85.32083333333334,-1.3270833333333334
2023-12-09,3897.4375,0.011456467048751178,87.3029864687711,1590.6891476926342,0.5872380028549978,1571.5007061196593,0.4620086669921875,0.193125,0.12291666666666667,,,0.16041900221724104,0.1258607255735689,0.07277890085114844,0.20000000000000004,0.5,,,11.639,791.0458333333332,88.49374999999999,-6.95625
2023-12-10,3764.9166666666665,0.011478306559968897,87.12866047396945,1609.7352863095166,0.5413951025666963,1591.2020614919377,0.4140543123570884,0.19025,0.124,,,0.15938796054920668,0.12459697728226254,0.07204813904142066,0.20000000000000004,0.5,,,0.0,797.30625,82.82083333333334,-10.470833333333333
2023-12-11,3901.9375,0.011371910839624,87.93958296511764,1613.0503210256259,0.5341497368720218,1586.5089669416295,0.421771240234375,0.181625,0.12274999999999998,,,0.15419854607297423,0.11823630934754958,0.06837008602799699,0.2041666666666667,0.5,,,1.6824,792.0145833333332,83.75208333333333,-3.7562499999999996
2023-12-12,3962.5208333333335,,,,,,,0.17510416666666664,0.12172916666666667,,,0.15023984431668788,0.11338412661294107,0.06556431381792571,0.2041666666666667,0.4875,,,0.0,788.9499999999999,87.21458333333334,-4.8
2023-12-13,3894.9166666666665,0.011354412173490541,88.07562662472276,1605.5466086807712,0.5504147954716277,1571.7892571774041,0.4534969845333615,0.17056250000000003,0.1201875,,,0.14709570396477414,0.10953035220154077,0.06333587071534681,0.20208333333333336,0.4875,,,1.3361,790.8729166666667,84.66666666666667,-0.69375
2023-12-14,3855.125,0.011409994983938567,87.64783214988778,1599.686812067935,0.5677821733423477,1569.749052072998,0.46605664630268895,0.17339583333333333,0.12,,,0.14852180593950212,0.1112783261095468,0.06434663574281206,0.20208333333333336,0.5,,,0.16309999,791.1854166666667,88.43333333333334,-1.5895833333333333
2023-12-15,3753.0625,0.011592124680166275,86.2728398061777,1616.0130963916288,0.5311325275151064,1593.7763950787537,0.41234624953497023,0.17218750000000002,0.12,,,0.14787636514961092,0.11048720900860609,0.06388917267966329,0.21250000000000002,0.4895833333333333,,,0.0,796.4916666666667,85.31041666666667,-5.016666666666667
2023-12-16,3720.3541666666665,0.011546649663522597,86.61422594933214,1615.0785198026936,0.5308308034550056,1594.254629782652,0.4083202273346657,0.1563125,0.11870833333333332,,,0.13879489584632643,0.09935604751398232,0.05745258418008554,0.1416666666666667,0.38333333333333336,,,0.0,797.7062500000001,82.15416666666667,-6.716666666666666
2023-12-17,3792.7083333333335,0.01152611606657638,86.76485179186086,1602.822089343354,0.555423997494274,1582.8507699952734,0.4289871607071314,0.1305,0.11635416666666666,,,0.12391027522418596,0.08111196052782355,0.046902950115650946,-0.008333333333333333,0.2625,,,0.0,795.5666666666666,80.78541666666666,-5.84375
2023-12-18,3710.0416666666665,0.011541135099303271,86.6736893763497,1603.5232983387327,0.5576386858651482,1584.4563511536517,0.43025840201028964,0.09025,0.11327083333333333,,,0.10097407345695805,0.052999046480759295,0.0306466717989318,-0.18958333333333333,0.15625,,,0.0,794.8874999999999,77.08541666666666,-6.385416666666667
2023-12-19,3929.8958333333335,0.011251986297393874,88.88088175371603,1610.8180039139197,0.5419233072083542,1587.961393163554,0.4241453658702762,0.07806249999999999,0.10908333333333332,,,0.09251331029629914,0.04262868481747684,0.024650015416703832,-0.23958333333333334,0.09583333333333334,,,0.0,788.9354166666667,67.92708333333333,-3.216666666666667
2023-12-20,3952.8958333333335,0.011264294139501956,88.78108677869321,1613.656278746433,0.5336421705033075,1583.2671616960688,0.42867446527248476,0.07897916666666667,0.10310416666666666,,,0.0902176074478046,0.03981484068093184,0.023022911469138478,-0.1875,0.09791666666666667,,,0.29979998,788.8020833333334,76.14791666666666,-0.6020833333333333
2023-12-21,3860.3125,0.01142273988133717,87.5520661824686,1634.7260138016795,0.4961163930458606,1596.1849763380114,0.4090613388433689,0.08487499999999999,0.10000000000000002,,,0.09192086183687923,0.04190252044265932,0.02423011123455617,-0.08750000000000001,0.10000000000000002,,,0.0,791.9666666666667,88.36874999999999,1.0999999999999999
2023-12-22,3868.9166666666665,0.011285193919696183,88.6312521838961,1642.5827820289899,0.482629686481753,1614.8535247783598,0.3778167724609375,0.08991666666666666,0.10014583333333334,,,0.09468184319821997,0.04528665668651744,0.026186986304488635,-0.08750000000000001,0.10000000000000002,,,0.0,792.4250000000001,88.97916666666667,-3.65625
2023-12-23,4139.479166666667,0.010972396708348186,91.14568482904161,1622.3813368209096,0.5191139405132594,1585.7149098168363,0.4298088259813262,0.08602083333333332,0.10083333333333333,,,0.09292111951242579,0.04312853677888357,0.024939054560357967,-0.12291666666666667,0.10000000000000002,,,1.2955999,782.9770833333333,90.40833333333335,-1.2375
2023-12-24,4065.8541666666665,0.011149887751145168,89.69746472949524,1603.2473023472126,0.5574010485103724,1577.8600230929044,0.443267822265625,0.09393750000000001,0.100625,,,0.09705281907663668,0.04819276301371373,0.027867440817094195,-0.027083333333333334,0.10416666666666667,,,7.1189,784.7458333333334,94.11041666666667,-3.0437499999999997
2023-12-25,3972.6041666666665,0.011205225740147689,89.25056701966955,1605.0174265375174,0.5514328920842451,1592.2798745061025,0.4121186012445494,0.08972916666666668,0.10149999999999999,,,0.09521251644330134,0.04593710315003634,0.026563106642756913,-0.15,0.13958333333333334,,,0.0,789.5749999999999,85.76666666666667,-12.96875
2023-12-26,3988.3541666666665,0.011224197021145929,89.0981178055926,1598.124002207064,0.5667953003095799,1582.3399642420316,0.43167259579613093,0.06883333333333333,0.093875,,,0.08049879604397911,0.027902488652978962,0.01613459993910845,-0.5916666666666667,-0.03333333333333333,,,0.0,789.8333333333334,82.14791666666666,-12.533333333333333
2023-12-27,3879.7291666666665,0.011413545457204743,87.62258562568489,1583.1299875528132,0.6031091334954793,1568.1151965230101,0.4654568758877841,0.063875,0.06256250000000001,,,0.06326358223729561,0.006777278417760975,0.003918957814354414,-0.8312499999999999,-0.16874999999999998,,,0.0,792.59375,81.54583333333333,-9.725
2023-12-28,3758.9166666666665,0.011555194163594814,86.54822246455109,1593.81853785355,0.5779217665150499,1579.1687698656492,0.44005017402844554,0.059,0.05202083333333333,,,0.05574881030942899,0.0024335813154867767,0.0014072171637807068,-1.3166666666666667,-0.4354166666666666,,,0.0,794.75,81.62291666666667,-11.641666666666666
2023-12-29,3693.125,0.011642832547512392,85.89750119250778,1583.1633160821345,0.6026149528914139,1567.768756132996,0.46555146716889884,0.056125,0.04747916666666666,,,0.05209740680123295,0.0069091084327855355,0.003995188453808893,-1.5875000000000001,-0.7312500000000001,,,0.1652,796.6770833333334,81.19166666666666,-10.410416666666666
2023-12-30,3762.0833333333335,0.011466093207133075,87.22375699692377,1582.533876065154,0.6045774603655422,1565.2512258043635,0.47317646825036336,0.05495833333333333,0.04489583333333333,,,0.05027079715259963,0.009147984798223653,0.005289817578785261,-1.71875,-0.93125,,,0.0,793.65,80.67083333333333,-9.21875
2023-12-31,3883.3125,0.011334516574263707,88.22977594694562,1587.4879388078484,0.5912295354346232,1564.144621812212,0.4726369757401316,0.05602083333333333,0.044020833333333335,,,0.05043072807432171,0.008951957386995316,0.0051764648274732145,-1.3499999999999999,-0.84375,,,0.0,789.2062500000001,76.79583333333333,-4.102083333333334
2024-01-01,3862.5416666666665,0.011374775883906996,87.92287626193705,1588.8066048189505,0.5885984997665269,1568.1779028233009,0.4630154696377841,0.05691666666666667,0.04489583333333333,,,0.0513168563638026,0.007865829496699067,0.004548411924716567,-1.2083333333333333,-0.7416666666666667,,,0.0,791.4958333333334,82.2625,-5.733333333333333
2024-01-02,3895.7708333333335,0.011306877410566685,88.4513169008831,1589.5331349775126,0.5876178707906614,1571.3439490279684,0.45629648061899036,0.05539583333333333,0.04374999999999999,,,0.04997071381981337,0.009515797090214858,0.00550250485043947,-1.5020833333333332,-0.8979166666666667,,,0.0,791.9041666666667,80.62291666666667,-7.347916666666666
2024-01-03,4005.3333333333335,0.01113164579506448,89.84695391171053,1600.6676020877328,0.5611146243731264,1582.9238185354661,0.43092498779296873,0.0535,0.042187499999999996,,,0.04823016118811925,0.011649193326688678,0.006736140144237171,-1.8395833333333333,-1.14375,,,0.0,789.4187499999999,80.63541666666667,-8.472916666666666
2024-01-04,4100.520833333333,0.011024969134706887,90.70849810907437,1585.878780479097,0.5949314301285307,1560.7549621587557,0.48042873806423614,0.05422916666666666,0.04185416666666667,,,0.04846437061831094,0.011362122710253891,0.006570141705601338,-1.4958333333333333,-1.0625,,,0.1381,782.2937499999999,74.82708333333333,-3.6687499999999997
2024-01-05,4096.291666666667,0.011064448438682924,90.38715852192531,1583.2260863274687,0.6017387127378293,1561.6427055905294,0.47818450927734374,0.057458333333333333,0.04347916666666666,,,0.05094624890833889,0.008320083241342147,0.0048110839226093265,-0.93125,-0.7145833333333332,,,0.96999997,783.0500000000001,75.13333333333334,-3.1666666666666665
2024-01-06,4091.1666666666665,0.011008041784693463,90.85632612601812,1582.9780875751908,0.6043832711501694,1566.6944671736849,0.47195018421519885,0.056625,0.0434375,,,0.050481707241398686,0.008889472196257513,0.005140332797559614,-1.1166666666666667,-0.7458333333333332,,,0.6791,783.8395833333334,72.2625,-6.339583333333334
2024-01-07,4339.666666666667,0.01066447094592003,93.78406240583276,1570.3340366116424,0.6361562998512533,1548.0809087966277,0.5195116874499198,0.05485416666666667,0.042,,,0.04886615460970457,0.01086965586983419,0.006285373004419541,-1.4375,-0.99375,,,0.0,776.0395833333333,69.28541666666666,-5.120833333333334
2024-01-08,4291.208333333333,0.010954840374279372,91.31995822291783,1560.1253712866612,0.6633089555539406,1542.5162919400207,0.5354585193452381,0.056,0.04295833333333333,,,0.049924642548365844,0.009572266670810101,0.005535158356833289,-1.1166666666666667,-0.8125,,,4.4516997,776.3395833333334,80.98958333333333,-6.1187499999999995
2024-01-09,3962.625,0.011178931309122106,89.476424695329,1554.9582286386717,0.6776979826914278,1541.2536737698706,0.5383736746651786,0.05425,0.04195833333333334,,,0.048524024127054075,0.011289005374571144,0.006527861643255406,-1.5708333333333335,-1.0395833333333333,,,0.0,786.3666666666667,74.66875,-12.6625
2024-01-10,4225.791666666667,0.010807457775160855,92.54049958728686,1555.4927611408573,0.6775258714230377,1539.508688907964,0.552203369140625,0.05414583333333334,0.041625,,,0.04831310197801045,0.011547532758785126,0.006677354972308384,-1.4312500000000001,-1.0666666666666667,,,6.7703,776.9645833333334,56.5,-4.447916666666667
2024-01-11,4305.875,0.01086864356192404,92.03139611934495,1535.5456201157865,0.741185262605942,1518.4436867720162,0.6374164928089489,0.0554375,0.042,,,0.04917774671516928,0.010487737269380059,0.006064528767037378,-1.1979166666666667,-0.9145833333333333,,,8.4088,772.0729166666666,73.35208333333334,-5.820833333333333
2024-01-12,4054.6875,0.011094090955045263,90.15030201384309,1533.9273620002266,0.7486898955207734,1519.377811236268,0.6383594331287202,0.05389583333333333,0.04145833333333334,,,0.048101922153420254,0.011806375976046193,0.0068270309316609615,-1.5208333333333333,-1.0687499999999999,,,3.0349,779.3645833333334,72.32708333333333,-11.466666666666667
2024-01-13,4038.4791666666665,0.011176495492106453,89.48263634991358,1526.2689948162222,0.7738037854631021,1509.0982262414384,0.693267822265625,0.05429166666666666,0.04139583333333333,,,0.04828424452199966,0.01158290335713796,0.006697808002901013,-1.4104166666666667,-1.0729166666666667,,,7.8644,778.7020833333332,57.706250000000004,-3.420833333333333
2024-01-14,4018.6458333333335,0.011173317331629165,89.50804074424143,1509.9469343656401,0.834565256188733,1481.7069216044135,0.9256170363653273,0.05675,0.04245833333333333,,,0.0500923399172188,0.009366719921425544,0.005416301053051178,-0.9500000000000001,-0.78125,,,7.8152,777.8291666666668,70.36666666666666,-0.5395833333333333
2024-01-15,3898.875,0.01140212284845564,87.72389319362719,1503.8671048555464,0.8612891062951575,1483.6025067744724,0.9502736684438344,0.05975,0.044375,,,0.05258767763689136,0.0063081832228259315,0.003647703755343194,-0.625,-0.5479166666666667,,,15.5048,781.3041666666667,74.925,-2.3541666666666665
2024-01-16,3710.75,0.011611710341272261,86.12460729312944,1498.2448349734668,0.8854781382490109,1487.2193683809253,0.8535684725133384,0.057749999999999996,0.043875,,,0.05128644079426781,0.007903109875582284,0.004569969284934143,-1.0,-0.6770833333333334,,,0.918,788.4270833333334,70.18124999999999,-11.581249999999999
2024-01-17,3772.5833333333335,0.011495736689996297,86.99880501952698,1484.9436169934315,0.9545667703063034,1461.9956930351957,1.4050240865567836,0.05570833333333333,0.042,,,0.04932241447842075,0.010310417919169217,0.005961993942538519,-1.3416666666666668,-0.9520833333333334,,,0.0,784.6416666666668,70.69791666666667,-5.46875
2024-01-18,3672.6041666666665,0.011761292644447464,85.03492497517558,1468.4166175039088,1.0449615689755787,1440.0192014320562,2.2003535780795787,0.057958333333333334,0.043104166666666666,,,0.05103863706653597,0.008206843029352375,0.004745602827349397,-0.84375,-0.7291666666666666,,,16.645199,786.4229166666668,75.53750000000001,0.8770833333333333
2024-01-19,3539.6041666666665,0.011890671505102672,84.1089758587755,1467.6012828325402,1.0617697705431814,1446.4505440796834,1.8839967308974848,0.05960416666666666,0.04460416666666667,,,0.052616535092902136,0.006272812624473108,0.003627250724750571,-0.7020833333333334,-0.5520833333333334,,,0.6196,793.0541666666667,82.93333333333334,-4.9937499999999995
2024-01-20,3612.5208333333335,0.011699814327259086,85.4841157485638,1455.3667893617264,1.1281796499372885,1431.2900138999544,2.5585053272736378,0.058270833333333334,0.044041666666666666,,,0.051642288382109484,0.007466947308110359,0.004317758501082697,-0.9,-0.6479166666666666,,,1.0838,789.2125,81.53541666666666,-3.4875000000000003
2024-01-21,3782.8125,0.011478698416270451,87.1230935840414,1470.6036430828997,1.0343096746189648,1437.4733132751307,2.1658616176871366,0.06154166666666666,0.04504166666666667,,,0.05385527193552568,0.004754492253165336,0.0027492827386285134,-0.56875,-0.525,,,0.72859997,783.6,72.43541666666667,3.0083333333333333
2024-01-22,3803.4375,0.01147705963185475,87.14056699944807,1478.6630671604141,0.999094931896912,1446.2061855378865,1.9277503603980655,0.06729166666666668,0.04804166666666667,,,0.058324206147002206,0.0007230826585070879,0.00041812218125114326,-0.2916666666666667,-0.33749999999999997,,,1.0777,783.6020833333333,87.05208333333333,0.7291666666666666
2024-01-23,3760.3958333333335,0.011566660718902428,86.46338809274515,1490.5308410357081,0.9271195682398026,1464.9804068839926,1.315031571821733,0.0714375,0.050604166666666665,,,0.06173245614754927,0.004900576399131198,0.0028337558220842387,-0.20208333333333336,-0.23958333333333334,,,0.0,784.1229166666667,82.88958333333333,-2.2312499999999997
2024-01-24,3697.0625,0.011650486090673314,85.84199209825348,1510.222696305922,0.8433619087628308,1481.9660106577085,1.0591270810081845,0.07060416666666666,0.051479166666666666,,,0.06169493641011689,0.004854588438081256,0.002807163306886606,-0.24583333333333335,-0.2041666666666667,,,0.0,785.9583333333334,80.81666666666666,-1.7083333333333333
2024-01-25,3707.2083333333335,0.011611580706334524,86.12649770936233,1505.4433698721923,0.8542213835448375,1476.161652734329,1.0200411168540395,0.07008333333333333,0.051583333333333335,,,0.06146525439235709,0.00457306707334232,0.002644373720234821,-0.24583333333333335,-0.21250000000000002,,,0.5765,786.15625,83.9375,-0.9708333333333333
2024-01-26,3619.3333333333335,0.011832900444345954,84.52187594257109,1509.6843043072324,0.8403126180407753,1481.917887801763,0.9974826546602471,0.07033333333333334,0.05189583333333333,,,0.06174436952391443,0.004915178630536518,0.0028421995550025913,-0.22916666666666666,-0.20000000000000004,,,0.0,788.6979166666666,82.175,-0.7645833333333334
2024-01-27,3451.9375,0.01205976081320131,82.92459828131217,1499.7810224156992,0.8816057371585234,1481.9351809966286,0.954854081316692,0.06633333333333334,0.051062500000000004,,,0.05921953618948696,0.0018204891420902807,0.001052696924866646,-0.4166666666666667,-0.25625000000000003,,,0.0,797.2062500000001,77.74791666666667,-5.272916666666666
2024-01-28,3408.5,0.012140345426872392,82.37342805588207,1489.5867699969758,0.922879258559379,1468.821673978984,1.0820811201886433,0.05875,0.04627083333333334,,,0.05293667873238202,0.00588041240447365,0.003400345496172207,-1.0062499999999999,-0.5916666666666667,,,0.0,799.5291666666667,76.54583333333333,-5.210416666666666
2024-01-29,3430.0416666666665,0.012030834734614512,83.12772428208935,1486.0873671971372,0.9451061741725232,1462.18849380557,1.3554203684737043,0.05758333333333334,0.0440625,,,0.051284759873092806,0.007905170181512284,0.004571160655795221,-1.0958333333333334,-0.7416666666666667,,,0.0,798.6145833333334,81.79375,-3.5104166666666665
2024-01-30,3511.3958333333335,0.011894734108639844,84.08311228709141,1482.2538679802076,0.9751937266317176,1458.0815029237738,1.528608368664253,0.058416666666666665,0.04374999999999999,,,0.05158431579454135,0.0075380043378631065,0.004358847192567551,-1.0208333333333333,-0.7270833333333333,,,0.0,796.1479166666667,83.42083333333333,-3.266666666666667
2024-01-31,3628.4375,0.011683064214321338,85.60962279180045,1488.3912688560945,0.9318825860802773,1466.258768559595,1.160871552258003,0.05833333333333333,0.04370833333333333,,,0.05152039254891291,0.007616355092194597,0.004404153476597918,-1.03125,-0.7604166666666666,,,0.0,793.43125,78.66041666666666,-2.9333333333333336
2024-02-01,3790.0208333333335,0.011399897687079861,87.73487106185216,1496.1042988764418,0.894419248098234,1468.8588963791778,1.1182972977801067,0.058369565217391305,0.04354347826086956,,,0.05146294966187332,0.007686762867742974,0.004444866737167754,-0.967391304347826,-0.7434782608695653,,,0.0,787.6083333333332,79.26875,-1.53125
2024-02-02,4074.3333333333335,0.011001125264149706,90.91230856631326,1496.8430571096203,0.8934441211896166,1463.578720207705,1.2905343862680287,0.06222916666666667,0.04520833333333333,,,0.05430014583921442,0.004209210085563657,0.0024339736012393056,-0.5604166666666667,-0.5541666666666667,,,1.7916,777.5270833333334,83.27499999999999,0.3854166666666667
2024-02-03,4126.583333333333,0.011070016980313891,90.34659255318293,1492.8696301000427,0.9171002519661051,1458.079316662267,1.539848150208939,0.0689375,0.04804166666666667,,,0.05920334101599192,0.0018006387097883757,0.0010412184224365267,-0.25833333333333336,-0.3458333333333334,,,12.5973,774.9916666666667,96.13125000000001,-0.03333333333333333
2024-02-04,3844.6458333333335,0.011522210440925456,86.79899560951085,1484.85476638457,0.9503022316821511,1459.3212248718569,1.2961929321289063,0.072,0.050625,,,0.062042625007385555,0.005280750526702419,0.0030535913189049264,-0.17916666666666667,-0.2333333333333333,,,10.7161,784.1770833333334,88.3625,-1.84375
2024-02-05,3662.0833333333335,0.011672799505932014,85.67673833205541,1476.1161754253167,0.998610787366655,1453.3409788686038,1.6356781005859375,0.06625,0.0500625,,,0.05870918092664579,0.0011949464396267446,0.0006909771738221329,-0.35833333333333334,-0.25625000000000003,,,0.0,790.4250000000001,77.15625,-4.8812500000000005
2024-02-06,3728.1875,0.011504129582938772,86.94631962884807,1466.8952375227618,1.0578923912013913,1437.4108976651125,2.198794410342262,0.06339583333333333,0.047875,,,0.05616557566325754,0.0019227518115923143,0.0011118302617399655,-0.525,-0.4000000000000001,,,3.2933998,786.0333333333333,80.12083333333334,0.3999999999999999
2024-02-07,3997.1875,0.01114757430815236,89.71324504290384,1467.6017806596055,1.046221489738195,1438.1252024392356,2.2227859497070312,0.0716875,0.050249999999999996,,,0.06170100987582819,0.004862032688059623,0.002811467940668254,-0.18333333333333335,-0.2604166666666667,,,2.1383,776.0145833333332,71.42916666666666,2.53125
2024-02-08,3885.2916666666665,0.011412770933187065,87.63275984922366,1440.910433707389,1.2538431502266745,1416.9138802325033,3.0286514282226564,0.07804166666666666,0.05329166666666666,,,0.0665120745699552,0.010758957104468994,0.006221361499383771,-0.09375,-0.19791666666666666,,,5.9996,778.4333333333334,74.47291666666666,-0.8125
2024-02-09,3811.4791666666665,0.011486741554477665,87.06314688368995,1438.8992321015355,1.2586403098449612,1418.811487453168,3.1154011571130087,0.07997916666666667,0.05477083333333333,,,0.06823606360520128,0.012872051332442028,0.007443257167042941,-0.09791666666666667,-0.12083333333333335,,,3.1415,781.0208333333334,76.89375,-4.877083333333333
2024-02-10,3775.5833333333335,0.011532073994339023,86.72540491426243,1440.9720425792543,1.2708185518287702,1421.671582444851,2.8102205716646633,0.075625,0.05481250000000001,,,0.06592966119140173,0.010045092733318894,0.005808569788130431,-0.17500000000000002,-0.16666666666666666,,,3.4673,781.9854166666668,80.22291666666666,-5.39375
2024-02-11,3585.5,0.011875040628556134,84.21603843315106,1423.2633291151985,1.4451912807082539,1407.4058905054474,3.1578844647074855,0.070125,0.053,,,0.0621474539532855,0.005409239418439512,0.0031278899555097326,-0.3416666666666666,-0.23750000000000002,,,0.0,786.3604166666668,68.76666666666667,-4.829166666666667
2024-02-12,3515.8125,0.011956644801955695,83.64279287802508,1433.3420697567503,1.3175553456457738,1416.3875192520536,3.1489112490699407,0.06408333333333334,0.049375,,,0.057231572373503126,0.000616159107459099,0.00035629369198325296,-0.6625,-0.39375,,,0.0,789.4125,71.78125,-6.6499999999999995
2024-02-13,3487.1666666666665,0.011918720538613729,83.92918322489113,1441.5573968775282,1.2469012052794741,1424.9692022212773,2.7195531333365093,0.0613125,0.04689583333333333,,,0.054596609654104095,0.003845834238479563,0.0022238517016068666,-0.81875,-0.5541666666666666,,,0.0,787.9,70.75416666666666,-4.227083333333334
2024-02-14,3590.1666666666665,0.011887899566026709,84.12866900479064,1443.9717902389357,1.215098698827826,1420.2103465699631,3.0941583542596724,0.0605625,0.046000000000000006,,,0.05377867434713694,0.0048483779557955695,0.0028035720986487067,-0.8020833333333334,-0.5833333333333334,,,1.1089,785.3416666666667,69.68958333333333,-1.6437499999999998
2024-02-15,3485.8958333333335,0.011959323755793953,83.62385354852825,1446.8147521213893,1.199445448984655,1419.3468737644748,3.0027374267578124,0.06329166666666668,0.0469375,,,0.05567320724249285,0.002526248032672146,0.0014608016460844677,-0.5,-0.42500000000000004,,,4.6425,788.11875,66.43958333333333,0.7520833333333333
2024-02-16,3462.5625,0.012046130705874802,83.02167741331215,1419.3988514091122,1.466079652897207,1391.0045453758055,3.7337177555735517,0.06720833333333333,0.04916666666666667,,,0.058803765357111,0.0013108786236406828,0.0007580149005423369,-0.3125,-0.31666666666666665,,,7.1928,787.6916666666666,84.69583333333334,-0.3916666666666666
2024-02-17,3397.6875,0.012122195302549177,82.49948035936819,1438.2324899436016,1.2634927373813025,1418.377177273767,3.118824284251143,0.06954166666666667,0.050833333333333335,,,0.06082653728716591,0.0037901911961216294,0.0021916761405303717,-0.23124999999999998,-0.22708333333333333,,,4.8184,790.2062500000001,76.10000000000001,-2.53125
2024-02-18,3475.7291666666665,0.01199616817926677,83.36997835626273,1429.6382348859386,1.3478128071596536,1410.6967892106156,3.3772735595703125,0.0631875,0.0488125,,,0.05649101974180899,0.001523854840755772,0.0008811682902787679,-0.65625,-0.375,,,0.5557,789.2604166666666,75.30416666666666,-6.929166666666667
2024-02-19,3478.9375,0.011997264682933204,83.35744875423926,1439.3268311606787,1.2529291064631998,1417.8390005533984,3.0312917608963814,0.06166666666666667,0.04670833333333333,,,0.05469844518060704,0.003721014382403589,0.0021516746830158055,-0.65,-0.5020833333333333,,,1.1786,788.80625,64.2,1.15625
2024-02-20,3448.7291666666665,0.012084574775167783,82.75629192981957,1430.8825074743156,1.3345106267768696,1400.41784679492,3.749491621808308,0.07010416666666668,0.04927083333333334,,,0.06039912281421594,0.0032663090615616458,0.0018887415614146454,-0.25,-0.31875000000000003,,,0.0,790.6625,56.36666666666667,4.095833333333333
2024-02-21,3544.5416666666665,0.011785365365788609,84.8727086439747,1442.2440524456806,1.2289824259841544,1420.7267454107496,2.855063698508523,0.08327083333333334,0.052875,,,0.06911117435260772,0.013944675015873846,0.008063501269016175,-0.008333333333333333,-0.19375,,,3.1884,787.4562500000001,55.84791666666666,4.28125
2024-02-22,3511.5208333333335,0.012013763434928985,83.24729468022514,1441.4379296332995,1.2443986674230567,1411.5608268155074,3.2050505847465702,0.09460416666666667,0.060104166666666674,,,0.07853261404700826,0.025492538389953908,0.014741047419451495,0.004166666666666667,-0.10833333333333334,,,2.1269,788.9708333333333,77.27083333333333,0.8958333333333334
2024-02-23,3397.4791666666665,0.012117229042094998,82.5342741041961,1431.4637810736722,1.3248124419470073,1412.0004852110142,3.4329310825892856,0.10881249999999999,0.07166666666666667,,,0.09150840681108034,0.04139697410999968,0.02393777932360758,0.008333333333333333,-0.07708333333333334,,,0.0,793.9562500000001,72.45416666666667,-2.504166666666667
2024-02-24,3469.9791666666665,0.011986651101787269,83.43672677598252,1439.3645921852462,1.2638357118281132,1422.2402115495493,2.806476681731468,0.10714583333333333,0.07706249999999999,,,0.09313175001039448,0.043386706686228245,0.025088341178592228,0.006250000000000001,-0.06458333333333334,,,0.0,792.6041666666666,67.14791666666666,-2.889583333333333
2024-02-25,3525.7708333333335,0.011868113672471568,84.26422426605502,1446.435401048674,1.1894807092752884,1427.4487854641357,2.7355712890625,0.09264583333333333,0.07572916666666667,,,0.08476533772514333,0.033131990938408296,0.01915855698843951,0.0,-0.08333333333333333,,,0.0,789.6708333333332,57.30416666666667,0.15833333333333324
2024-02-26,3684.6041666666665,0.011512582686196326,86.8884589652751,1461.0223294206821,1.1014442044518296,1437.818684566336,2.173577596974927,0.09691666666666666,0.102,,,0.09928469736666463,0.050928377356831186,0.029449308426210657,0.008333333333333333,-0.03333333333333333,,,2.5256,783.5812500000001,40.40416666666667,7.058333333333334
2024-02-27,3857.7708333333335,0.011525324132465247,86.7992928823767,1436.6239165604895,1.2796273231340571,1410.3609217116013,3.4138663155691966,0.11108333333333333,0.15404166666666666,,,0.13109513375708673,0.08991844524685676,0.05199529544651457,0.014583333333333335,-0.0020833333333333333,,,1.5875,776.2062500000001,69.85208333333334,1.8333333333333333
2024-02-28,3464.8333333333335,0.012023048148379008,83.18372001538663,1441.0915527367713,1.2488312391027865,1425.989933888261,2.8725498744419644,0.12225000000000001,0.14820833333333333,,,0.13434248464015364,0.09389872485822467,0.05429689011693674,5.782411586589357e-19,-0.0062499999999999995,,,5.6839,790.1062499999999,80.4375,-10.233333333333333
2024-02-29,3551.375,0.011810292994568372,84.68631166410316,1449.7060692699445,1.1941879942929239,1432.928927976983,2.3571727663971656,0.10397916666666666,0.13108333333333333,,,0.11660542871870505,0.07215840649042363,0.04172556202588951,0.0020833333333333333,-0.008333333333333333,,,0.8774,788.9291666666667,74.44791666666667,-4.852083333333334
2024-03-01,3662.6875,0.011669091998098412,85.70564290686447,1453.4732622960214,1.1609635794355941,1431.4290603065933,2.3978118896484375,0.08752083333333333,0.108875,,,0.09746850328209533,0.048702267353507196,0.028162061443664343,-0.06041666666666667,-0.0375,,,0.7177,785.9208333333332,55.975,1.3541666666666667
2024-03-02,3838.2083333333335,0.011255735542630445,88.88482845673389,1482.325921884121,0.970330589982299,1462.457627482471,1.330573105230564,0.09402083333333333,0.11077083333333333,,,0.10182368859070372,0.05404042017769829,0.031248845612034566,0.0,-0.004166666666666667,,,0.49589998,781.275,32.24375,7.127083333333334
2024-03-03,3932.1041666666665,0.011410008804922076,87.65639494230841,1438.398657594469,1.2929594645910008,1411.1492813188868,3.156372852814503,0.10254166666666666,0.10352083333333333,,,0.10299780372773185,0.0554795336919416,0.03208101227315428,0.0,-0.014583333333333335,,,10.7401,775.9333333333334,77.57708333333333,0.02499999999999999
2024-03-04,3667.5,0.01178561764810657,84.85716371019564,1403.5043609679506,1.6725248765214695,1379.2839169678653,3.931187220982143,0.10870833333333334,0.10320833333333333,,,0.10614620175628633,0.059338526739742825,0.0343124730495903,0.0,-0.043750000000000004,,,15.0061,780.8791666666666,78.97708333333334,-1.9208333333333334
2024-03-05,3504.8125,0.011967514774425064,83.56664834630907,1406.0876920184812,1.632855477998697,1380.034869281625,3.8725720782612645,0.112875,0.10475,,,0.10909003289754421,0.06294678205085122,0.036398944856709255,0.0,-0.05000000000000001,,,4.4734,785.3104166666667,78.38958333333333,-0.8729166666666667
2024-03-06,3569.875,0.011794051950924474,84.79703227113308,1418.6087870816705,1.4745395449616159,1391.7435364202565,3.8248655737900155,0.11475,0.10597916666666667,,,0.11066417653811825,0.06487621070317595,0.03751463599822287,0.0,-0.04583333333333334,,,1.9508,783.75,76.99583333333334,0.1125
2024-03-07,3688.0833333333335,0.011632833436169887,85.9705370690534,1423.0915974306808,1.4060139652175436,1393.1497589283165,3.7822336050180287,0.116875,0.10727083333333333,,,0.11240097478402022,0.06700500518709522,0.03874561033093535,0.0,-0.04583333333333334,,,1.7207999,780.68125,81.81458333333333,0.32916666666666666
2024-03-08,3576.1458333333335,0.01190443975135297,84.0100568862695,1415.66047177869,1.4816462345635355,1385.3368988178631,3.9346648425590702,0.12031249999999999,0.10910416666666667,,,0.1150911864073815,0.0703023989275022,0.04065232659215698,0.0,-0.04583333333333334,,,2.6067998,784.4229166666668,93.45833333333333,-0.5520833333333334
2024-03-09,3442.1041666666665,0.012038556919393931,83.07507688822967,1443.14321304132,1.2353423529750152,1420.789426683031,3.0243240747696314,0.12472916666666667,0.1115,,,0.11856646382036046,0.07456204820127074,0.04311546662844301,0.0,-0.052083333333333336,,,2.042,791.3166666666666,81.20208333333333,-3.1437500000000003
2024-03-10,3516.5833333333335,0.011887037602947018,84.1360440674942,1462.2224313248519,1.0868125968532578,1443.6228869940246,2.0406029110863093,0.12814583333333332,0.11391666666666667,,,0.12151728838210948,0.07817887535139406,0.045206895097133215,0.0,-0.03958333333333334,,,0.0,791.5916666666667,68.90833333333333,-1.8770833333333332
2024-03-11,3631.9583333333335,0.011678619654911323,85.63872069193722,1450.0744808951156,1.1817320017006365,1429.80970227948,2.6597485664563303,0.12435416666666667,0.11566666666666668,,,0.12030716338019472,0.07669562452763987,0.04434920605913151,0.0,-0.03541666666666667,,,0.0,787.7624999999999,56.23333333333333,1.2458333333333333
2024-03-12,3744.6458333333335,0.011544103232781096,86.63656010533049,1476.329066442202,0.9990248509717633,1449.2484490517697,1.79825439453125,0.12272916666666667,0.11743750000000001,,,0.12026408552814419,0.07664282398270574,0.04431867417075143,0.0,-0.03958333333333334,,,2.3659,785.7791666666667,56.23333333333333,4.03125
2024-03-13,3884.1875,0.01130309751186005,88.48151386056365,1498.0147337839583,0.891864868446548,1464.986015271459,1.349063607149346,0.12691666666666668,0.12089583333333333,,,0.1241119089933084,0.08135910314009441,0.04704586020609088,0.0,-0.03541666666666667,,,3.0361,781.5187500000001,79.8625,1.96875
2024-03-14,3867.6458333333335,0.011418533631027586,87.58246070396848,1492.803078900998,0.9117044486740055,1464.7024590111648,1.263994718852796,0.13566666666666669,0.12527083333333333,,,0.13082384978429376,0.08958593234490052,0.05180302002927923,0.0,-0.03125,,,3.8295,783.21875,77.49166666666666,-0.11250000000000003
2024-03-15,3742.8541666666665,0.011554831979014182,86.55609718170156,1502.990399944484,0.8726431617815287,1474.5523180151438,1.188475109281994,0.14691666666666667,0.13022916666666667,,,0.13914292654085364,0.09978262891138542,0.05769925465719476,0.0,-0.02916666666666667,,,0.91139996,788.61875,72.48958333333333,1.2249999999999999
2024-03-16,3860.375,0.011372430036210721,87.94064037613454,1537.2385982520861,0.7343748848739005,1507.0204430338788,0.7032196044921875,0.15314583333333334,0.13654166666666667,,,0.1454109133829301,0.10746530353762639,0.06214175737078348,0.0,-0.027083333333333334,,,0.0,786.9875000000001,73.18124999999999,0.8270833333333334
2024-03-17,3830.0625,0.011410407436342605,87.64672225658603,1552.4856439592054,0.6886918454682509,1522.68187133508,0.6282728241711129,0.1539375,0.14379166666666665,,,0.14921114364385646,0.1121232476806329,0.06483521121358612,0.0,-0.027083333333333334,,,0.7722,788.3229166666666,79.03750000000001,1.5333333333333332
2024-03-18,3798.2291666666665,0.011492513461464118,87.03030175032879,1589.161444959521,0.591069741444287,1562.639703063421,0.4828751726848323,0.15797916666666667,0.15322916666666667,,,0.1557664166683079,0.12015804912516674,0.06948133108160312,-0.03333333333333333,-0.014583333333333335,,,0.0,792.4291666666667,70.25625000000001,0.7291666666666666
2024-03-19,3910.8333333333335,0.011274800373831472,88.7082187082972,1600.079802695664,0.5624810462851347,1572.6527625779945,0.4516510009765625,0.14585416666666667,0.16197916666666667,,,0.15336587060846354,0.11721569861171555,0.06777991838664277,-0.08125,-0.016666666666666666,,,0.0,790.7354166666668,70.10000000000001,1.0520833333333333
2024-03-20,4046.4791666666665,0.011094877331578672,90.14128823214725,1623.4774058533903,0.5161553579558629,1596.203337385579,0.4069221310499238,0.1381666666666667,0.1693125,,,0.1526757072260805,0.1163697650066542,0.06729075770773482,-0.06875,-0.008333333333333333,,,0.0,787.7458333333334,66.50416666666666,2.1062499999999997
2024-03-21,4120.479166666667,0.011029982020977243,90.66848510168596,1664.933045079774,0.4434137681909799,1636.548601519509,0.34415455353565705,0.142,0.17531249999999998,,,0.1575183651200687,0.12230541322403041,0.07072304328475709,-0.01875,-0.004166666666666667,,,0.0,787.19375,62.1,2.6479166666666667
2024-03-22,4109.8125,0.010972830804587837,91.14683421914465,1692.562767444906,0.40483380250962203,1661.3478461244033,0.31586363257431405,0.15402083333333333,0.17985416666666665,,,0.16605508771037222,0.1327688783984493,0.07677353672516993,0.0,0.0,,,0.4628,789.4625,63.98541666666667,4.7749999999999995
2024-03-23,4404.291666666667,0.01058572680916611,94.49648189251174,1711.8801947083975,0.3804623831073455,1678.2540816984183,0.2986175537109375,0.17820833333333333,0.18312499999999998,,,0.18049872368251169,0.15047245027720846,0.08701061820236403,0.0,0.0,,,0.0,784.1625,51.697916666666664,5.675
2024-03-24,4649.416666666667,0.010485116585611418,95.48258335345415,1636.143318625276,0.539940743209135,1596.699215312063,0.6253184783153045,0.20643750000000002,0.1923125,,,0.1998574802680384,0.1742004879649728,0.10073134398397965,0.0,0.0,,,9.6299,771.3125,83.83749999999999,2.56875
2024-03-25,4284.479166666667,0.010761169424764575,92.93364002852636,1642.9977365578618,0.48007596856527884,1611.070631964696,0.3815181080887957,0.22424999999999998,0.18766666666666665,,,0.20720794299509648,0.1832099538281129,0.10594106305867229,0.0,0.0,,,16.879799,773.1416666666668,92.40208333333334,-1.6041666666666667
2024-03-26,4310.3125,0.010785208054012908,92.72609609866255,1668.646094450969,0.440162361526331,1640.4384300455047,0.3410636706229968,0.23345833333333332,0.1809375,,,0.20899191778130505,0.1853965726212241,0.10720547426890385,0.0,0.0,,,0.9849,779.1604166666666,86.26458333333333,-3.810416666666667
2024-03-27,4138.166666666667,0.011048599187134538,90.51435946859266,1696.749617918776,0.3992247358672678,1667.4690831194798,0.30890562476181405,0.24177083333333335,0.17706249999999998,,,0.21162696712762136,0.18862635393090066,0.1090730936762816,0.0,0.01875,,,4.9915,786.1666666666666,78.47708333333334,-1.2791666666666666
2024-03-28,4128.979166666667,0.010920917637701743,91.60402319065129,1696.8282194977326,0.4006016765681289,1670.6578006970105,0.3066813151041667,0.2506041666666667,0.17679166666666665,,,0.21621919629743375,0.19425505153504458,0.11232788521658331,0.0,0.06875,,,0.8305,787.9583333333334,63.80625,0.7708333333333334
2024-03-29,4348.9375,0.010735942426266631,93.1518854144619,1728.5338462815726,0.3620236460719644,1683.0971312125948,0.2944983505621189,0.2818333333333333,0.20354166666666665,,,0.24536177853582347,0.22997512924852076,0.13298300207259434,0.012500000000000002,0.09375,,,5.0062,782.0958333333333,74.22500000000001,4.310416666666667
2024-03-30,4435.5,0.010557308219574162,94.7377257909974,1762.3330741940226,0.3245196753197409,1727.4226756811731,0.25442657470703123,0.288,0.1970625,,,0.24563748358405257,0.23031306106486366,0.13317841097433064,0.016666666666666666,0.1416666666666667,,,9.1138,782.2125,65.71458333333334,5.264583333333333
2024-03-31,4686.958333333333,0.01032972041420714,96.81474011519455,1786.378544727603,0.3016854990396967,1753.5476297722344,0.23472900390625,0.2863125,0.19304166666666667,,,0.2428630186725781,0.226912398026822,0.13121197929402756,0.7729166666666667,0.7312500000000001,,,0.0,777.9708333333333,42.514583333333334,7.704166666666667
2024-04-01,4580.333333333333,0.010503275754730989,95.22211268301842,1761.7056134031754,0.32643601957315904,1723.9302282767574,0.2579633924696181,0.284125,0.19339583333333332,,,0.24185953402257707,0.22568242638638522,0.13050074881556709,1.2604166666666667,1.2625,,,2.9661999,780.5229166666667,85.7375,0.5645833333333333
2024-04-02,4301.25,0.010827162310343507,92.36699880043021,1760.5614562071594,0.32700454519900457,1729.4482051985597,0.25345284598214285,0.27475,0.1865625,,,0.23366854937257608,0.21564273237936252,0.12469530083818454,1.5666666666666667,1.4458333333333335,,,3.1014,789.4020833333334,70.54375,1.9333333333333333
2024-04-03,4255.354166666667,0.01080534561985336,92.56182310548522,1784.0785192191126,0.30398613839956407,1752.6006438770842,0.23552449544270834,0.266625,0.1829375,,,0.22763983884470543,0.20825333885184202,0.12042238777146956,1.9666666666666668,1.7437500000000001,,,0.0,793.2270833333333,64.28541666666666,2.7291666666666665
2024-04-04,4467.666666666667,0.010496694189285966,95.29425898623752,1797.662955097884,0.2918068002486091,1769.0210170242485,0.22443369272592906,0.25704166666666667,0.1774583333333333,,,0.21996839915030486,0.19885045135832197,0.11498517283816306,2.6916666666666664,2.222916666666667,,,0.0,787.3854166666666,59.68333333333334,4.927083333333333
2024-04-05,4794.229166666667,0.010158083595862729,98.4633786029438,1813.126771264419,0.2790480178331113,1784.8571925659921,0.21449933733258927,0.2499375,0.17322916666666666,,,0.2142035285352764,0.1917844465447303,0.1108992591315753,4.197916666666667,3.3166666666666664,,,0.0,780.25,37.58958333333333,9.208333333333334
2024-04-06,4713.104166666667,0.010392860944003681,96.22854349267612,1734.9701413021182,0.3539038416147482,1701.5842840480545,0.27622528076171876,0.27525,0.19025,,,0.23565342108200102,0.2180755906323468,0.1261020998914392,3.189583333333333,3.3541666666666665,,,9.7203,777.8000000000001,75.48541666666667,1.3291666666666668
2024-04-07,4526.229166666667,0.010497662709223223,95.27084042623595,1777.7989942767097,0.3101292892172524,1752.2614947864183,0.236083984375,0.27216666666666667,0.18847916666666667,,,0.23318150551137207,0.21504576247361545,0.12435010329237754,1.9312500000000001,2.0708333333333333,,,4.2531,785.3125,68.86041666666667,-1.9270833333333333
2024-04-08,4606.833333333333,0.010427866317900497,95.90180685029645,1817.6991289408772,0.2757547249880927,1792.216922626474,0.21028254582331732,0.26108333333333333,0.18127083333333335,,,0.2239033103345946,0.20367347397686333,0.11777408322587961,1.7479166666666668,1.9937500000000001,,,0.0004,785.2041666666668,62.21666666666667,-0.31875000000000003
2024-04-09,4550.9375,0.010500218207756254,95.2438547593739,1817.1872759017338,0.27567828670581035,1791.3782730364692,0.21047537667410715,0.2499375,0.1739375,,,0.21453350002625973,0.19218889276726273,0.11113312995502056,1.6583333333333332,1.7437500000000001,,,0.0,788.00625,62.17083333333333,0.5854166666666667
2024-04-10,4491.583333333333,0.010568024120447833,94.63070117059438,1830.1083459173872,0.2657938801906285,1801.5638756656797,0.20469818115234376,0.2458125,0.1705,,,0.21072876647339062,0.187525428937056,0.10843648435588851,2.4187499999999997,2.11875,,,0.0,790.1041666666666,58.614583333333336,2.7312499999999997
2024-04-11,4476.875,0.010542332981208161,94.86568391907777,1839.919488065358,0.25810530323720365,1811.9938517949302,0.19855172293526785,0.23908333333333331,0.1661041666666667,,,0.20508656471819842,0.18060977940668985,0.10443751351571479,2.9250000000000003,2.6,,,0.0,791.1125000000001,55.00833333333333,3.9791666666666665
2024-04-12,4543.770833333333,0.01047688367000523,95.45475913129191,1847.6877213360276,0.2525648974057315,1818.9916413598917,0.19475010463169642,0.23358333333333334,0.16222916666666667,,,0.2003435581386896,0.17479627385561325,0.1010758568736506,3.3666666666666667,2.9375,,,0.0,790.3708333333334,49.07083333333333,5.820833333333333
2024-04-13,4579.583333333333,0.010451004555488108,95.69133714583074,1855.209905003929,0.24717829839867345,1820.5044884827967,0.19395527086759867,0.22958333333333333,0.15808333333333333,,,0.19627562283172245,0.16981020350297146,0.09819266421622663,5.3875,4.272916666666666,,,0.0,789.4458333333333,40.24791666666667,11.310416666666667
2024-04-14,4583.145833333333,0.010406571095051664,96.11539606832784,1855.7615226370963,0.2471655414396398,1825.929224240349,0.19126238141741073,0.22033333333333335,0.15285416666666665,,,0.18889869629524542,0.16076830093531058,0.09296418863356457,5.135416666666667,4.6000000000000005,,,0.0,788.7666666666668,49.30416666666667,7.645833333333333
2024-04-15,4853.208333333333,0.010162760886300665,98.40693424442419,1866.0178436400827,0.23959000875548928,1833.2335798247639,0.18728201729910715,0.21206250000000001,0.14833333333333332,,,0.18237477085535322,0.15277192224094444,0.08834028670138212,4.504166666666666,4.55,,,0.0,781.8416666666667,47.958333333333336,5.083333333333333
2024-04-16,4610.4375,0.010485709434943669,95.37926534613015,1848.354391179838,0.25208215767918324,1802.0097804892519,0.20423224033453527,0.21427083333333333,0.14731249999999999,,,0.18307882239155668,0.15363487856313165,0.08883929075785106,4.122916666666667,3.9,,,5.9122,785.6708333333332,77.59166666666667,4.122916666666667
2024-04-17,4538.625,0.010453355695652805,95.67262161861824,1857.3856302974657,0.24563809409079548,1820.1080150911791,0.1941759062976372,0.21235416666666665,0.14679166666666665,,,0.1818123936630042,0.15208261623330685,0.08794169585139824,4.6875,4.229166666666667,,,3.3054,787.4895833333334,63.2875,6.589583333333334
2024-04-18,4571.9375,0.010476610554267712,95.45587405441027,1858.2558043048334,0.24495960330166675,1815.0590987057985,0.1967593462039263,0.20522916666666666,0.14297916666666666,,,0.17623049563554385,0.1452408810123651,0.08398546592323312,5.891666666666667,5.2875000000000005,,,0.1019,787.0187500000001,51.49791666666667,9.464583333333334
2024-04-19,4591.0,0.010461337513509208,95.59672940397844,1875.699904343265,0.23355894886315867,1823.2460603981194,0.19263857886904762,0.20375,0.14064583333333333,,,0.17435342217092675,0.1429401511222834,0.08265507002894239,6.0562499999999995,5.48125,,,0.0,787.3291666666668,61.177083333333336,8.854166666666666
2024-04-20,4487.541666666667,0.010563761191565877,94.66962952656976,1863.657154272906,0.2416279340792033,1814.091293035547,0.197723388671875,0.2046875,0.13958333333333336,,,0.17435923796109148,0.14294727953921468,0.08265919203242443,6.204166666666667,5.6499999999999995,,,0.4711,789.0124999999999,69.33958333333334,7.679166666666667
2024-04-21,4438.145833333333,0.010600362651628519,94.34958755229786,1868.2258984255373,0.23875193642987463,1833.5615953217148,0.18760608491443453,0.2005416666666667,0.1383125,,,0.17155270067939635,0.13950730538085548,0.08067002871669735,5.983333333333333,5.558333333333334,,,0.0,792.3833333333333,61.270833333333336,6.585416666666667
2024-04-22,4598.833333333333,0.010399391185354531,96.17106719677321,1877.3209646157609,0.23270746318315544,1842.5487800256026,0.18284718583269818,0.18829166666666666,0.13420833333333335,,,0.16309737282570458,0.12914360577605757,0.07467722466641569,6.364583333333333,5.852083333333333,,,0.0,788.525,39.668749999999996,10.487499999999999
2024-04-23,4664.708333333333,0.010362758458611931,96.5062120656333,1875.9161802698545,0.23335712678833537,1833.758807205072,0.18717213166065705,0.17872916666666663,0.12983333333333333,,,0.1559514287449648,0.12038481852061894,0.06961246036973076,7.683333333333334,6.710416666666667,,,0.0,787.0500000000001,44.84583333333333,12.285416666666668
2024-04-24,4654.0625,0.010337696775299315,96.74433335522018,1894.522573952209,0.22157586217837402,1858.0772832947691,0.175213623046875,0.168875,0.1255625,,,0.14869821383075493,0.1114945493506198,0.06447166672250848,8.441666666666666,7.414583333333333,,,0.0,787.74375,39.831250000000004,13.052083333333334
2024-04-25,4841.083333333333,0.010119532435912758,98.8321905385713,1905.0859016946897,0.21526645881429693,1868.2088474632178,0.17032663445723684,0.15870833333333334,0.12135416666666667,,,0.14130718970588918,0.10243536736177729,0.059233199323295134,8.06875,7.625,,,0.0,783.7645833333332,33.59583333333333,11.916666666666666
2024-04-26,4896.0625,0.01014334945032341,98.59384859378008,1867.7888568272833,0.2393886996423385,1815.0799493523803,0.19757151049236918,0.158,0.11820833333333332,,,0.1394633662418191,0.10017539201409671,0.057926369722517544,7.41875,7.114583333333333,,,2.0521998,780.3833333333333,72.84166666666667,6.7375
2024-04-27,4729.875,0.010342253974498162,96.7036584740991,1811.360380094386,0.280184187483188,1758.4034571825202,0.23134358723958334,0.24220833333333333,0.13689583333333333,,,0.19314933665919487,0.16597831296822863,0.0959768754542471,6.064583333333334,6.3812500000000005,,,7.4115996,779.2979166666668,97.08125,2.652083333333333
2024-04-28,4478.604166666667,0.010608639455525832,94.26961964100113,1795.2198855602385,0.2942911964075224,1744.461926601522,0.24145582245617378,0.2798541666666667,0.19064583333333332,,,0.23829716889047262,0.221316033651464,0.12797588442690394,6.172916666666667,5.9624999999999995,,,8.855,784.56875,86.81041666666665,4.164583333333334
2024-04-29,4403.958333333333,0.010605418876923484,94.30575375085076,1809.603860785434,0.28251253971205326,1762.881857019112,0.22916096012766768,0.2712291666666667,0.18635416666666668,,,0.23169081801178243,0.21321862605528852,0.12329356258339196,6.295833333333333,6.1499999999999995,,,2.79,787.6520833333334,80.47083333333333,5.3875
2024-04-30,4619.6875,0.010359263937537371,96.53910699651978,1848.3022221307333,0.2524518113381895,1810.9788169553933,0.1995147705078125,0.2529166666666667,0.17452083333333332,,,0.21639658664989456,0.19447247897931455,0.1124536125261688,7.535416666666666,6.729166666666667,,,0.0,784.4979166666667,45.479166666666664,10.910416666666668
2024-05-01,4726.208333333333,0.010337459638172194,96.75166157034155,1849.2947403710748,0.2520764562210242,1804.4431373964405,0.20390828450520834,0.23958333333333334,0.16470833333333335,,,0.2047034057276254,0.18014014123914762,0.10416594548306832,6.8999999999999995,6.9125000000000005,,,0.0,783.1625,58.03541666666666,7.25
2024-05-02,4597.645833333333,0.010383364337943915,96.31989598253774,1827.8126752103306,0.2673052882764305,1796.5000216865533,0.20755474384014422,0.2460625,0.16702083333333337,,,0.20924156362380192,0.1857025636559886,0.10738241342986117,6.285416666666666,6.095833333333334,,,3.616,786.1270833333333,68.47916666666667,4.635416666666667
2024-05-03,4772.583333333333,0.010245460355033773,97.61517856293227,1854.0107594979377,0.24797348095208047,1822.9940480876937,0.19256815096227134,0.23039583333333336,0.15947916666666667,,,0.19735986405959105,0.17113915852153544,0.09896113178298294,6.71875,6.454166666666667,,,0.0134,784.225,43.020833333333336,8.158333333333333
2024-05-04,4658.4375,0.010338930349560052,96.73566944904404,1856.283525255607,0.24688008645811826,1818.4104450220736,0.195379638671875,0.21643749999999998,0.15225,,,0.18653625989059927,0.15787266144541176,0.09128978656432786,6.8062499999999995,6.577083333333333,,,0.0,787.0166666666668,56.262499999999996,7.141666666666667
2024-05-05,4852.833333333333,0.010083382893798646,99.18682251621715,1866.5597424662726,0.23967993953379851,1824.4361415105122,0.19197669396033654,0.20654166666666665,0.14672916666666666,,,0.1786784857662806,0.14824138374738186,0.08572050511087662,7.283333333333334,6.952083333333333,,,0.0,780.9250000000001,54.32083333333333,9.614583333333334
2024-05-06,4725.833333333333,0.010396054977913119,96.21500082389443,1769.4548356339671,0.31927704382541716,1730.6675479655144,0.2527927132539971,0.2690625,0.183875,,,0.22937857568732894,0.21038450947473833,0.12165473610534268,5.6125,6.3062499999999995,,,14.5307,779.0083333333333,72.31041666666667,3.8479166666666664
2024-05-07,4653.520833333333,0.010340380507725939,96.71729013871837,1796.2543480293975,0.29344662699109886,1761.0157025653182,0.2301116943359375,0.2775416666666667,0.19079166666666666,,,0.23712986406506184,0.21988526753959686,0.12714854464698275,4.766666666666667,4.954166666666667,,,9.1332,781.0812500000001,66.11874999999999,3.295833333333333
2024-05-08,4682.604166666667,0.010364819175073025,96.48692710709891,1811.7373372222805,0.2802157291444651,1784.7723967270165,0.21451847727705792,0.25775,0.1765,,,0.21990032897544215,0.19876701771074137,0.1149369273736844,4.610416666666667,5.03125,,,4.7598,782.8854166666666,55.48333333333333,1.98125
2024-05-09,4554.958333333333,0.010515489170211723,95.10375665323848,1822.958893443534,0.2710339343223521,1788.9253320564499,0.2118350297976763,0.2471875,0.16918750000000002,,,0.21085181581642448,0.18767625057872822,0.10852369689383827,4.391666666666667,4.608333333333333,,,0.0005,787.7145833333334,61.739583333333336,2.6104166666666666
2024-05-10,4415.083333333333,0.01074236209400594,93.1282368268725,1795.0631055714362,0.30888426754746817,1754.5701311969733,0.24869369879001524,0.23781249999999998,0.1636041666666667,,,0.2032431337975705,0.17835028519970386,0.10313096213430029,6.079166666666667,5.566666666666666,,,0.0085,791.2270833333333,62.15625,6.229166666666667
2024-05-11,4099.895833333333,0.011051847532296403,90.49123596435334,1804.7481385812148,0.2861156756580698,1759.7629496597472,0.2306674864233994,0.22854166666666667,0.15845833333333334,,,0.19589389914702243,0.16934232459056003,0.097922113471969,6.139583333333333,5.9750000000000005,,,0.5311,788.8416666666667,71.79583333333333,5.366666666666667
2024-05-12,4049.3333333333335,0.011103514509654445,90.07422678681033,1786.4073653379298,0.30407083779918426,1733.8463509871744,0.25138702392578127,0.25627083333333334,0.16847916666666665,,,0.21537377853910594,0.19321882256326728,0.11172868633820099,7.114583333333333,6.385416666666667,,,8.0629,786.3770833333333,77.19166666666666,6.941666666666666
2024-05-13,4160.229166666667,0.010950168143875751,91.32939883545932,1797.0613891896528,0.292307328897327,1750.056184311558,0.23712012881324404,0.2502083333333333,0.16895833333333335,,,0.21235866230877548,0.1895231930826136,0.10959169046177202,7.7875000000000005,7.058333333333334,,,4.8701,788.4791666666666,67.29166666666667,8.922916666666667
2024-05-14,4256.145833333333,0.010793457461881425,92.65913069354085,1818.1439020790294,0.2755181761130289,1767.5165513751174,0.22595977783203125,0.23481249999999998,0.16122916666666667,,,0.200534285113144,0.1750300480041715,0.10121103665671595,9.283333333333333,8.177083333333334,,,0.0,787.5229166666667,54.300000000000004,12.252083333333333
2024-05-15,4360.479166666667,0.010708254185306843,93.39493092282389,1838.4829235206998,0.2596341415103397,1790.7697411023132,0.2111667730869391,0.2197916666666667,0.154,,,0.18914313818062728,0.16106791347722071,0.09313743943425769,9.1875,8.533333333333333,,,0.84529996,787.3291666666668,54.82083333333333,10.791666666666666
2024-05-16,4426.229166666667,0.010609024774244991,94.27045471933941,1851.4844725286923,0.25073474458444467,1807.913378738756,0.20166370480559592,0.2069375,0.147875,,,0.17942370067830216,0.1491547940400218,0.0862486841502196,8.579166666666667,8.122916666666667,,,0.0,787.0187500000001,62.73333333333333,8.827083333333333
2024-05-17,4478.770833333333,0.01052264846739755,95.0509602839906,1861.4859406476976,0.24326058515516896,1819.5639253594968,0.19486515696455792,0.1920625,0.14179166666666668,,,0.16864422918403638,0.13594239040551634,0.07860861843679771,9.4625,8.639583333333333,,,0.0,785.9958333333334,53.03541666666666,11.270833333333334
2024-05-18,4442.541666666667,0.010678305999669426,93.65414563804165,1869.7560648881522,0.23736744583658717,1814.0881437960984,0.1973602294921875,0.17747916666666666,0.13575,,,0.15803996383020785,0.12294473702550453,0.07109273194932837,10.15,9.424999999999999,,,0.0,787.9479166666666,53.29583333333333,11.99375
2024-05-19,4383.333333333333,0.010630019500868424,94.09599829400601,1857.8701361751707,0.24646684248880893,1805.2611933889682,0.20393524169921876,0.1748125,0.13175,,,0.15475217435698435,0.1189148918138339,0.06876247599562169,9.952083333333333,9.347916666666666,,,1.7665,787.3979166666667,66.42916666666666,11.856250000000001
2024-05-20,4640.520833333333,0.01032535465005962,96.8611229540359,1895.8667295433902,0.22094488527583406,1861.7916680178992,0.17354278564453124,0.168,0.12833333333333333,,,0.1495215965049338,0.11250376990866819,0.06505524799932395,9.904166666666667,9.320833333333333,,,0.0,784.0666666666666,46.645833333333336,11.779166666666667
2024-05-21,4431.3125,0.010806389306899672,92.57236260455196,1808.3957340192148,0.2839496016529256,1757.7645829549444,0.23318336123511904,0.2214583333333333,0.14133333333333334,,,0.18413273467680782,0.15492665938146857,0.08958626236214397,8.99375,9.158333333333333,,,6.3504,784.9645833333334,70.39583333333333,7.485416666666667
2024-05-22,4231.166666666667,0.010781518688676604,92.78129614927633,1798.559396507677,0.2915652140951835,1762.636042179908,0.2290761063738567,0.2681875,0.1855416666666667,,,0.22968759103732794,0.2107632697447216,0.12187375403972885,7.1375,7.391666666666667,,,16.2962,789.225,74.0625,4.25
2024-05-23,4540.895833333333,0.010514672239077654,95.12143173996013,1841.7866902919448,0.256764657383816,1803.5153012033657,0.2035275413876488,0.24385416666666668,0.16933333333333334,,,0.20913922480645042,0.18557712691606632,0.10730987969849824,8.214583333333334,8.0875,,,1.2935,782.4541666666668,44.27291666666667,10.333333333333334
2024-05-24,4406.041666666667,0.01062167488990856,94.1557996722009,1833.974678281397,0.2628500058821731,1792.477112918235,0.20992315383184523,0.2307916666666667,0.16045833333333334,,,0.19802743862079303,0.171957404997109,0.09943428239328003,7.733333333333333,7.727083333333333,,,1.5267,787.1083333333332,66.675,6.4875
2024-05-25,4620.416666666667,0.010384800365644816,96.30566162411633,1854.7398506970655,0.2476019319775989,1807.1828066883552,0.201324462890625,0.21506250000000002,0.15283333333333335,,,0.1860735340127297,0.15730549810407393,0.09096182464930216,8.779166666666667,8.341666666666667,,,0.0,782.84375,53.39166666666667,10.160416666666666
2024-05-26,4413.291666666667,0.010690678507588055,93.54377045200745,1828.6414993249202,0.26654762229166534,1777.4039337035738,0.21892529864643895,0.23754166666666665,0.15714583333333335,,,0.2000899024400593,0.17448536793816838,0.10089607568427132,8.958333333333334,8.541666666666666,,,5.6098,788.1166666666667,73.14583333333333,8.18125
2024-05-27,4321.729166666667,0.010760320791539577,92.94062788238449,1850.1460878691,0.25126442934984583,1805.2550495932117,0.20290701729910715,0.22527083333333334,0.15466666666666665,,,0.19238043971737778,0.165035875599752,0.0954319115229953,9.53125,8.954166666666667,,,0.0,792.5416666666666,58.39166666666667,10.339583333333334
2024-05-28,4282.6875,0.01080928924492553,92.52083336878815,1863.1167270090186,0.24204714624868012,1814.055226673639,0.19760894775390625,0.20414583333333333,0.14702083333333332,,,0.17753460308991342,0.14683932617538298,0.08490976602960171,9.910416666666666,9.427083333333334,,,0.0,793.8958333333334,58.76666666666667,11.039583333333333
2024-05-29,4378.208333333333,0.01063244595282255,94.07172568768202,1878.5099710163406,0.232053023967481,1832.5020656674756,0.18811761765252977,0.18716666666666668,0.13975,,,0.1650779868584888,0.13157124539264095,0.07608100604581323,10.502083333333333,9.862499999999999,,,0.0,790.7479166666667,54.84166666666667,12.833333333333334
2024-05-30,4539.916666666667,0.010506203581464316,95.18995583042208,1912.5192276450614,0.21083968413821724,1864.594493470772,0.17207224776105182,0.1706875,0.132375,,,0.1528399243553431,0.11657104602462169,0.06740714835448436,10.829166666666666,10.25,,,0.0,789.4666666666667,47.197916666666664,13.264583333333334
2024-05-31,4535.1875,0.010520987917160579,95.05473286138107,1916.9000924398792,0.2085462968789924,1870.693848060841,0.1694582984561012,0.15695833333333334,0.12539583333333335,,,0.14225519189687047,0.1035973341242761,0.05990510601551263,10.195833333333333,10.052083333333334,,,0.0,790.3208333333333,54.30833333333334,10.90625
2024-06-01,4554.5625,0.010437628369682796,95.82273934677005,1919.504475094399,0.20679780071661322,1869.2836856363417,0.16997323385099086,0.14732608695652172,0.11971739130434782,,,0.13446479405988265,0.09404863957552984,0.054383578226330345,10.582608695652175,10.134782608695652,,,0.0,789.5749999999999,53.800000000000004,13.133333333333333
2024-06-02,4723.395833333333,0.010285903210426535,97.22819742994932,1932.1639406373308,0.19983278133018245,1886.1001038793918,0.16268325433498476,0.13779166666666667,0.11452083333333334,,,0.12695113268347918,0.08483914104576927,0.04905819036342264,11.395833333333334,10.645833333333334,,,0.0,785.9625,47.572916666666664,14.160416666666668
2024-06-03,4757.708333333333,0.010218678899731888,97.87441600524009,1965.9973377344058,0.1823439125608669,1909.413973028387,0.1529920624523628,0.128,0.10933333333333334,,,0.11930428070820415,0.07546639073195335,0.04363840223902436,11.814583333333333,11.206249999999999,,,0.0,785.9250000000001,49.62708333333333,14.81875
2024-06-04,4697.604166666667,0.010395644299824267,96.20314955101188,1948.2517066254427,0.19150804849268352,1872.8613638013417,0.16859944661458334,0.12241666666666666,0.10533333333333333,,,0.11445853070765707,0.06952695251801207,0.04020392509840686,12.731250000000001,11.704166666666666,,,1.6990999,786.8520833333333,55.52708333333334,16.181250000000002
2024-06-05,4536.75,0.010488409842707516,95.35525593305469,1957.0259586431034,0.1871350928159079,1893.1522380748102,0.15970274459484013,0.11593750000000001,0.10170833333333333,,,0.10930895504877616,0.06321511504177285,0.03655410827287725,11.981250000000001,11.479166666666666,,,0.0,791.9104166666666,65.8,13.089583333333332
2024-06-06,4528.833333333333,0.010505435318736501,95.20046790312715,1973.3484809061852,0.17876867325543702,1907.8228557830955,0.15347133538661858,0.10795833333333334,0.0976875,,,0.10317374671407512,0.05569518709883304,0.03220571374652367,12.78125,11.950000000000001,,,0.0,792.7541666666666,60.47291666666666,15.018749999999999
2024-06-07,4652.020833333333,0.01036200096421078,96.51251295262895,1994.5359325208212,0.16880428655152244,1922.7546053758824,0.14752867163681402,0.10066666666666667,0.09368749999999999,,,0.09741547697609566,0.048637272983561776,0.028124478482144107,13.168750000000001,12.4375,,,0.0,790.6458333333334,57.635416666666664,15.547916666666666
2024-06-08,4712.770833333333,0.010295052126206667,97.1442333333323,2002.9919420776234,0.16525653713296762,1917.4865692141232,0.14988602039425872,0.0960625,0.09033333333333333,,,0.09339361294057605,0.04370767221151524,0.025273939331113958,13.00625,12.429166666666667,,,0.6613,789.8666666666667,69.51875,14.762500000000001
2024-06-09,4615.958333333333,0.010424900406927444,95.93388445211812,1949.7207412175992,0.19085653744741565,1867.3553140496265,0.17141297806140987,0.09591666666666666,0.08827083333333334,,,0.09235491557281725,0.04243454032520448,0.024537751462324932,12.864583333333334,12.352083333333333,,,1.3014,790.56875,77.93958333333333,13.460416666666667
2024-06-10,4556.0,0.010502116239382773,95.22556680280543,1921.3065469702196,0.20584617513083595,1833.3407841972937,0.18722824823288692,0.10779166666666666,0.08818749999999999,,,0.09865922040151053,0.05016172992591607,0.02900599493736743,13.389583333333334,12.702083333333334,,,0.0,790.6083333333332,73.02916666666667,14.46875
2024-06-11,4475.625,0.010563033847588004,94.68830058208948,1894.1623682301208,0.22268101872627125,1821.2969326687405,0.19475860595703126,0.12512500000000001,0.08952083333333333,,,0.1085390800561617,0.06227147887594178,0.03600845113766207,13.520833333333334,12.772916666666667,,,1.8715999,791.7770833333334,73.67916666666666,15.077083333333334
2024-06-12,4549.708333333333,0.01045502967525417,95.65828007287851,1938.3824009968096,0.19692088722430448,1865.917256077643,0.17176746186755953,0.12089583333333333,0.08939583333333333,,,0.10622180702842782,0.05943119615984949,0.03436605909485693,14.18125,13.35,,,0.0,792.15,57.78333333333333,17.114583333333332
2024-06-13,4668.104166666667,0.010359580956161258,96.53566096720522,1972.5553370579216,0.17916652685174797,1904.8091332647207,0.15466085294397866,0.11083333333333334,0.08833333333333333,,,0.10035188597268654,0.05223643096821718,0.030205689764846767,14.145833333333334,13.439583333333333,,,0.0,792.6583333333333,54.71875,16.639583333333334
2024-06-14,4648.583333333333,0.010372132007598926,96.42161045949035,1985.6424550241468,0.17272778126999683,1906.2256996325898,0.15408761160714285,0.1019375,0.08577083333333334,,,0.09440638597049825,0.04494902862389514,0.02599175304818748,14.585416666666667,13.914583333333333,,,0.5247,793.3729166666667,59.050000000000004,16.422916666666666
2024-06-15,4724.25,0.010279337822277402,97.28861572221665,1990.4231746220353,0.17048939273738412,1907.6334300182127,0.15373157319568453,0.09689583333333333,0.08352083333333334,,,0.09066519518005997,0.04036344918957317,0.023340144061550043,13.079166666666666,13.05625,,,0.703,790.9499999999999,76.67291666666667,12.35
2024-06-16,4763.770833333333,0.010179061579119849,98.26348958004726,1965.3429271774157,0.18275872772635227,1904.1341043581679,0.15527735001001602,0.10458333333333332,0.08252083333333333,,,0.094305691893588,0.0448256078431593,0.02592038504420363,13.014583333333334,12.545833333333334,,,0.0,786.2479166666667,70.36666666666666,14.21875
2024-06-17,5070.020833333333,0.009877232758921288,101.26181337227696,2003.4536808924252,0.16469741403944144,1951.515077534979,0.13689458937872023,0.09920833333333334,0.080375,,,0.09043497369071787,0.04008126659424437,0.02317697211864439,13.402083333333332,12.979166666666666,,,0.0,781.6166666666667,50.88958333333333,15.366666666666667
2024-06-18,5108.166666666667,0.009933498394109277,100.68057713933338,2037.7705044834772,0.1505055564583495,1988.4422506506637,0.12444571561591569,0.09268749999999999,0.07758333333333334,,,0.08565134320697321,0.0342179683033049,0.019786522849960013,13.85,13.356250000000001,,,0.0,782.9895833333334,33.625,16.787499999999998
2024-06-19,4981.833333333333,0.010038518579723456,99.62124661501392,2048.759921409226,0.14578421723523066,1982.445610793367,0.12628326416015626,0.08679166666666666,0.07464583333333333,,,0.08113362610068789,0.028680600172918902,0.016584542531627063,12.847916666666668,12.766666666666666,,,0.0,788.7125,56.864583333333336,12.879166666666668
2024-06-20,4895.291666666667,0.010199817598992654,98.06567352854042,2026.3733731329855,0.15519005587832518,1940.7206869918698,0.14133126395089285,0.08341666666666668,0.072625,,,0.0783894539510972,0.02531706698836083,0.014639581170305411,13.589583333333335,13.052083333333334,,,0.7493,791.2916666666666,65.25416666666666,15.11875
2024-06-21,4531.354166666667,0.010539010335334402,94.90697417304719,1939.1119451978384,0.19709625802415603,1842.193304642863,0.1838535215796494,0.08783333333333333,0.07125,,,0.08010811842678256,0.0274236349010011,0.015857702999427084,13.424999999999999,13.102083333333333,,,11.3305,794.4291666666667,89.12916666666666,12.683333333333332
2024-06-22,4286.604166666667,0.0108562581696475,92.12457000848859,1828.440445627824,0.2681322239933757,1743.0923517345486,0.24311476487379807,0.21050000000000002,0.09029166666666666,,,0.15450189697135927,0.11860812669633937,0.06858508922171758,13.40625,12.989583333333334,,,18.0607,794.8395833333334,85.79791666666667,12.804166666666667
2024-06-23,4267.979166666667,0.010769604425786335,92.86994258130098,1795.9869404923152,0.2950068092669913,1715.3931175116131,0.2655408905773628,0.22064583333333332,0.11393750000000001,,,0.1709365987210807,0.13875214890053955,0.08023335986422128,13.456249999999999,13.027083333333332,,,3.5135,795.6395833333332,79.47916666666667,14.020833333333334
2024-06-24,4415.416666666667,0.010636347800468305,94.02764544085387,1867.1502391954216,0.23959729257632129,1786.1636985545354,0.2141475233920785,0.19679166666666667,0.1175,,,0.15985426976423917,0.12516853272176404,0.07237864068498617,14.427083333333334,13.689583333333333,,,0.0,793.1458333333334,71.54375,16.270833333333332
2024-06-25,4505.479166666667,0.010527031401482582,95.00252968874109,1898.7300231812214,0.21944956824195958,1816.6502105004956,0.19628980683117378,0.17089583333333333,0.11316666666666668,,,0.14400315681819237,0.10573981560787639,0.06114399484886218,14.883333333333333,14.164583333333333,,,0.0,793.3520833333333,63.46458333333334,17.047916666666666
2024-06-26,4480.541666666667,0.010575074718506886,94.56754329354878,1915.9669034982085,0.20951905999651016,1825.1626533667502,0.19212899556974086,0.14945833333333333,0.10741666666666666,,,0.12987355483908775,0.08842115535239478,0.051129488322982794,15.004166666666668,14.43125,,,0.0,793.8874999999999,72.55833333333334,16.087500000000002
2024-06-27,4531.979166666667,0.010490745806395928,95.33285917755585,1928.064008764064,0.20250333725685887,1827.8303751348553,0.19033343975360578,0.13508333333333333,0.10179166666666667,,,0.11957467325711707,0.07579781101521128,0.0438300458500505,15.445833333333333,14.652083333333332,,,1.6262,790.8708333333334,72.98125,17.1375
2024-06-28,4558.666666666667,0.01048635141107309,95.37002520049722,1869.0115421624876,0.23819408735030245,1776.4917529581667,0.21979631696428573,0.138625,0.09754166666666668,,,0.11948665352296717,0.07568992518277423,0.0437676609220565,14.854166666666666,14.4625,,,7.9426,789.5229166666667,79.02291666666666,15.00625
2024-06-29,4446.1875,0.010606574011402407,94.29253363631558,1926.5254397053925,0.20394100525586722,1835.677869959729,0.18735876748728197,0.14652083333333332,0.09533333333333334,,,0.12267554058786188,0.07959854566279084,0.04602781873604924,15.625,14.720833333333333,,,9.5222,792.9041666666667,66.325,18.141666666666666
2024-06-30,4443.166666666667,0.010641861734365172,93.98429856326398,1927.3834629678513,0.20308193167988242,1824.545469071302,0.19274139404296875,0.13375,0.09133333333333334,,,0.11399053071641033,0.06895332469325402,0.039872225099115796,16.833333333333332,15.668750000000001,,,1.3853999,795.2229166666666,63.2125,19.60625
2024-07-01,4307.208333333333,0.010774905421490942,92.81776291391978,1822.1152608843477,0.27260639838465284,1715.4389016287187,0.2645538330078125,0.2036875,0.09866666666666667,,,0.15476437393979586,0.11892984484862451,0.06877112258042001,16.189583333333335,15.808333333333332,,,7.5383997,792.9583333333334,90.39166666666667,15.827083333333334
2024-07-02,4296.5625,0.010795236612800187,92.6474442415042,1796.0396302201489,0.2944207818032165,1705.1837154896373,0.2740123851879223,0.2666875,0.16770833333333335,,,0.2205788366570066,0.19959866491744446,0.11541782694997359,15.664583333333333,15.177083333333334,,,23.732899,791.4708333333333,78.61874999999999,15.75625
2024-07-03,4435.708333333333,0.010576089630249964,94.57045918391469,1856.1829892832461,0.24870841609546562,1789.2141236747727,0.2140391280011433,0.22889583333333333,0.15910416666666669,,,0.19638393642762336,0.16994296353196814,0.0982694326357897,14.752083333333333,14.664583333333333,,,0.62229997,792.21875,72.03750000000001,14.158333333333333
2024-07-04,4497.1875,0.010559885621797003,94.70858844770578,1902.291793679985,0.21788888908589613,1841.058366995322,0.18409867720170456,0.19197916666666667,0.14127083333333332,,,0.16835708992980158,0.13559044367711884,0.07840510541926028,14.174999999999999,14.127083333333333,,,0.0,794.0270833333334,60.77916666666667,13.783333333333333
2024-07-05,4492.583333333333,0.010518277481800033,95.08900400894267,1920.3015367587147,0.20677185833634132,1867.0689089523858,0.17111060732886904,0.16222916666666667,0.12710416666666666,,,0.14586646273143475,0.10802367060331056,0.0624646328438652,13.55625,13.695833333333333,,,0.0,795.8249999999999,63.09375,12.239583333333334
2024-07-06,4666.666666666667,0.010315894445810093,96.95143193933144,1952.9308346393286,0.18904985200757657,1892.168876403714,0.1599609375,0.13825,0.11514583333333334,,,0.12748710636763214,0.08549608426012527,0.04943806744457376,13.166666666666666,13.297916666666666,,,0.0,793.6208333333334,59.92083333333333,12.9625
2024-07-07,4790.75,0.01022887786756819,97.76869652894354,1972.683700894652,0.17891785772628205,1912.7770755788101,0.151409912109375,0.12104166666666666,0.10552083333333333,,,0.11381140899659087,0.06873377511114136,0.039745270664397016,13.683333333333332,13.4625,,,0.0,791.5458333333332,57.43958333333333,14.233333333333334
2024-07-08,4758.0625,0.010241336417169022,97.65356372301865,1991.80691830157,0.17030588469575422,1928.146985494318,0.14566476004464285,0.11060416666666667,0.09614583333333333,,,0.10386886623306588,0.05654719544302828,0.032698387140260715,13.566666666666668,13.472916666666668,,,0.0,793.1,62.706250000000004,13.216666666666667
2024-07-09,4812.916666666667,0.010192075289627707,98.12447428935444,2021.9322308267194,0.15677370042093403,1956.6859004701375,0.13507225399925596,0.1000625,0.08868749999999999,,,0.0947635460565619,0.04538679992109816,0.02624489407919158,13.762500000000001,13.533333333333333,,,0.0,793.8562499999999,63.1625,13.9
2024-07-10,4793.0,0.010225695472117408,97.80121888908148,2041.244411990264,0.1489889913872363,1965.217881110862,0.1321318870367006,0.09147916666666667,0.08243750000000001,,,0.08726717763470304,0.03619849737442435,0.020931762782774203,14.44375,13.96875,,,0.0,795.5020833333333,58.947916666666664,15.639583333333334
2024-07-11,4811.375,0.010166840131994235,98.37353165132096,2089.166726164593,0.13188385901193306,2005.017550860949,0.12000032750571646,0.08508333333333334,0.07641666666666667,,,0.08104603509071384,0.028573239827919913,0.016522461466478115,14.995833333333332,14.352083333333333,,,0.0,795.4854166666668,64.02291666666666,16.585416666666667
2024-07-12,4926.583333333333,0.010064206112513118,99.36947796943043,2100.6021219963554,0.12654681830344244,2023.6728597463637,0.11336028270232372,0.0800909090909091,0.07196969696969698,,,0.07630770654188104,0.02276546814139683,0.013164120428689476,14.50909090909091,14.784848484848483,,,0.0,794.8604166666668,58.62708333333333,17.839583333333334
2024-07-13,4941.9375,0.010086214409998552,99.15303951385403,2124.7830958681493,0.11855420438221374,2040.3507299314415,0.108612060546875,,,,,,,,,,,,0.0,796.0666666666666,57.56666666666666,17.133333333333333
2024-07-14,4894.6875,0.010096382401526304,99.05422611783983,2113.1748493223477,0.12239767717574293,2028.8835621578683,0.11191221725109012,,,,,,,,,,,,0.0,796.6729166666668,53.23333333333333,19.425
2024-07-15,4957.145833333333,0.010040683263380059,99.60493076148416,2118.6142609105586,0.12060818745209206,2021.2821604461444,0.11415583912919207,,,,,,,,,,,,0.41669998,795.68125,60.11666666666667,17.791666666666668
2024-07-16,4945.854166666667,0.010066240979799338,99.34902254874716,2113.6616377852747,0.12227943850344475,2008.8132353778533,0.1179703113644622,,,,,,,,,,,,2.168,794.8166666666666,75.84166666666667,15.691666666666668
2024-07-17,4943.145833333333,0.010029463073124134,99.72057072188821,2120.847347207707,0.11993923266569119,2030.9489751022406,0.11131547137004573,,,,,,,,,,,,0.4437,796.3312500000001,69.56666666666666,15.291666666666666
2024-07-18,5023.6875,0.009980450537453991,100.2065099696059,2130.581059933523,0.11670055095730913,2038.7365910515416,0.1090467499523628,,,,,,,,,,,,0.0,795.9958333333334,65.22500000000001,16.675
2024-07-19,5001.291666666667,0.010045773906083012,99.55222181791942,2129.0080052746375,0.11717008973163391,2016.068612502326,0.11610377112100291,,,,,,,,,,,,0.9292,796.50625,73.27499999999999,16.608333333333334
2024-07-20,4840.25,0.010128026548138958,98.75360075330686,2080.2926730563486,0.13405641000903537,1986.9673253145397,0.12498931884765625,,,,,,,,,,,,4.111,796.4583333333334,75.39166666666667,16.025000000000002
2024-07-21,5012.479166666667,0.009980076278788991,100.20800283897975,2115.5518792939515,0.12143156853863757,2031.351174543884,0.111114501953125,,,,,,,,,,,,0.0,795.3145833333333,65.69166666666666,16.05
2024-07-22,5088.3125,0.009889513425101972,101.13298382978982,2133.6275200495193,0.11588103647103459,2053.6115927708943,0.10507486032885174,,,,,,,,,,,,0.0,794.9875000000001,61.949999999999996,15.166666666666666
2024-07-23,5102.9375,0.00991962634978477,100.81845729109905,2149.839298990528,0.11067773918241877,2070.6015748170703,0.100372314453125,,,,,,,,,,,,0.0,795.2541666666666,62.925000000000004,15.183333333333332
2024-07-24,5006.1875,0.010009349490481321,99.91461313710614,2184.7889162504916,0.1003086927395403,2095.0453800982996,0.09404546564275568,,,,,,,,,,,,0.0,797.1166666666667,62.574999999999996,16.158333333333335
2024-07-25,4989.083333333333,0.010004212999016472,99.96483131884268,2159.868139594468,0.10739203337523498,2066.6837745544303,0.10127410888671876,,,,,,,,,,,,0.0003,797.2375000000001,65.93333333333334,16.741666666666667
2024-07-26,5062.9375,0.009920475705035063,100.81179160015593,2158.5248047853593,0.10771274301625451,2049.1231476871544,0.1060760498046875,,,,,,,,,,,,2.2477,794.2979166666668,63.9,18.158333333333335
2024-07-27,4829.3125,0.010235086786381398,97.73115871061641,1985.9131737889536,0.17339351926525262,1888.4018720250328,0.16244357969702744,,,,,,,,,,,,8.544,791.0416666666666,76.31666666666666,16.841666666666665
2024-07-28,4972.375,0.010007088867275816,99.93576750847437,2041.7954715960445,0.14840744317859936,1970.7835752746305,0.13025919596354166,,,,,,,,,,,,0.2688,789.3791666666666,58.708333333333336,17.099999999999998
2024-07-29,5036.958333333333,0.00995454123178905,100.46423299336429,2095.199838512814,0.1284804972401084,2032.6257299386737,0.1107557343273628,,,,,,,,,,,,0.0,792.2479166666667,51.94166666666666,15.85
2024-07-30,5051.395833333333,0.009951395259048855,100.49507145274144,2118.8985345605274,0.1204537510125883,2056.0120702988943,0.10424346923828125,,,,,,,,,,,,0.0,792.2708333333334,49.175000000000004,16.066666666666666
2024-07-31,5044.375,0.009992130004266388,100.08654861082597,2127.0689744923757,0.11773408287440074,2066.6565770121033,0.10131288186097756,,,,,,,,,,,,0.0,792.9895833333334,50.458333333333336,15.6
2024-08-01,4854.770833333333,0.01015551825923875,98.47448129384576,2178.458433734338,0.10193497608500822,2117.395247175701,0.08854120427911932,0.06559090909090909,0.052,,,0.05925969139225577,0.0018697073943291993,0.0010811573543091037,14.136363636363637,14.202272727272726,,,0.0,796.5124999999999,51.26666666666667,15.633333333333333
2024-08-02,4808.395833333333,0.010186027081903071,98.18550321399145,2198.4448902545023,0.0963913401908048,2121.086450471049,0.08774250309641768,0.0635,0.05079166666666667,,,0.057579923250005056,0.00018918526284847592,0.00010939628247494505,15.052083333333334,14.670833333333334,,,0.0,798.2604166666666,52.775,16.966666666666665
2024-08-03,4920.583333333333,0.010049954242586714,99.51852169936443,2212.6599625082113,0.09250584864048379,2132.48545849706,0.08510310475419207,0.06170833333333333,0.04983333333333334,,,0.05617645833743642,0.0019094129123753527,0.0011041170500200215,15.522916666666667,15.075000000000001,,,0.0,796.5041666666666,53.71666666666667,17.608333333333334
2024-08-04,5049.770833333333,0.010079564378199927,99.2855710645468,2171.9567053379733,0.10661272164376502,2068.287324030921,0.10446464724657012,0.06,0.048,,,0.05440989474098838,0.004074690801436172,0.0023561878932873907,16.080000000000002,15.5525,,,0.0,794.05625,55.23333333333333,19.391666666666666
2024-08-05,4464.4375,0.010582795086026725,94.51000195041328,1996.8330812610507,0.16856791823671954,1892.7924789466604,0.16077117919921874,0.09654166666666668,0.05566666666666667,,,0.07750037062815833,0.02422731711206823,0.014009433855979855,16.258333333333333,15.802083333333334,,,6.2328,796.0791666666668,79.95833333333333,17.241666666666667
2024-08-06,4569.5,0.010428122163490754,95.90588000976125,2050.031888747728,0.14578723297790144,1944.062770109869,0.13968193240282012,0.09179166666666666,0.056,,,0.07511840132815631,0.021307736142503194,0.012321187638245544,16.66875,16.0625,,,1.3787,796.7166666666667,63.80833333333334,18.900000000000002
2024-08-07,4727.4375,0.010246244914075173,97.6142958308437,2085.165741476695,0.13253167903985658,1982.867382579737,0.12650698707217262,0.08574999999999999,0.056,,,0.07189119737870035,0.017352150637799695,0.01003387232250171,17.010416666666668,16.375,,,1.6001999,795.0,60.24166666666667,19.675
2024-08-08,4804.604166666667,0.010185707789289688,98.18794515689338,2093.8066237105886,0.12970213393541402,1994.0289826186277,0.12288833245998476,0.08020833333333334,0.056,,,0.06893107237678558,0.013723923933485456,0.007935852067371161,15.831249999999999,15.725,,,2.3602,794.2145833333334,76.23333333333333,15.041666666666666
2024-08-09,4821.395833333333,0.010230122401542927,97.75746201618968,2105.1799767148104,0.1250882604833961,1998.5527352070355,0.12112591717694257,0.07754166666666666,0.056,,,0.06750665132323261,0.011978010331409425,0.006926278410766983,16.060416666666665,15.712499999999999,,,0.0,794.40625,73.11666666666666,16.224999999999998
2024-08-10,4764.729166666667,0.010240431676070765,97.67301062613673,2110.2318237623617,0.12377946980181631,2009.9671858129134,0.11795185887536337,0.07454166666666666,0.05525,,,0.06555479605929727,0.009585620352274888,0.0055428801163805545,15.2875,15.179166666666667,,,5.5594,796.0104166666666,75.00833333333334,15.333333333333334
2024-08-11,4423.6875,0.010701266442228945,93.4553622286116,1963.6350889605883,0.18342871882744455,1860.704568690331,0.17392132733319257,0.11916666666666666,0.05433333333333334,,,0.08896457019783997,0.03827899229315046,0.022134807916363384,15.697916666666666,15.258333333333333,,,8.7463,795.8708333333334,77.63333333333334,16.016666666666666
2024-08-12,4516.9375,0.010486171478531944,95.37347664987854,2019.7724862373739,0.15771702162444526,1922.6852509255962,0.14760589599609375,0.1255,0.056,,,0.09312397370822437,0.04337717526874548,0.025082829641257704,16.087500000000002,15.747916666666667,,,2.0894,794.9104166666666,66.19166666666666,17.208333333333332
2024-08-13,4564.541666666667,0.010506210730635769,95.18853156360281,2072.0028122908598,0.14069387325696175,1957.8293255239514,0.1381724287823933,0.11341666666666667,0.056,,,0.08666956580931245,0.035466004259338484,0.020508199009770033,15.439583333333333,15.4,,,2.0605,793.6895833333333,86.925,14.4
2024-08-14,4420.125,0.010633744136770405,94.05346747748962,2304.0034062876844,0.07080417150755342,2191.945688349262,0.0729816143329327,0.186625,0.057125,,,0.12629844741316626,0.0840391443815304,0.04859559269729162,14.614583333333334,14.652083333333332,,,13.924999,794.6291666666666,83.73333333333333,13.799999999999999
2024-08-15,4484.791666666667,0.010527534151191228,95.00554487590476,2402.0639869377683,0.05009121504825961,2304.8042493381336,0.05216942763910061,0.18075,0.059958333333333336,,,0.12448015574349067,0.08181046336708617,0.04730685902886649,14.427083333333334,14.404166666666667,,,1.2336999,795.1583333333333,71.50833333333334,14.733333333333334
2024-08-16,4675.5,0.010313872441071348,96.96426955307403,2126.3140739397104,0.12714650362840893,2041.6230668661278,0.1157012939453125,0.15091666666666667,0.06054166666666666,,,0.1088161864347354,0.06261112830359317,0.03620485324726806,14.522916666666667,14.366666666666667,,,0.2199,793.9499999999999,64.97500000000001,16.066666666666666
2024-08-17,4718.625,0.010342768403516207,96.69173612819246,2056.819220664986,0.1425738728719032,1968.2276321691884,0.13100600824123476,0.12720833333333334,0.06087499999999999,,,0.09630747370713022,0.047279192819268887,0.02733916931461345,14.470833333333333,14.370833333333332,,,0.0,795.2041666666668,65.69166666666666,15.191666666666668
2024-08-18,4541.541666666667,0.01050108429487567,95.23837214284906,2058.6667697955204,0.14235455032831107,1948.1221499206301,0.13835507347470238,0.11425,0.06054166666666666,,,0.08923039694838202,0.0386048162750478,0.022323215468960655,15.185416666666667,14.860416666666666,,,3.968,797.0187500000001,81.0,15.799999999999999
2024-08-19,4626.541666666667,0.01035164010687038,96.61255037017953,2089.375640399383,0.1306885694201949,1986.537963263333,0.12501173753004807,0.11091666666666666,0.06,,,0.08719753949127708,0.03611314186698682,0.02088240600380613,15.366666666666667,15.0,,,2.6176,797.2270833333333,75.76666666666667,16.075
2024-08-20,4726.6875,0.010261096378666104,97.46572520770448,2098.89764054284,0.12738352677813142,1994.2283637414412,0.12242635091145833,0.106,0.06,,,0.08457126317378878,0.03289411366315915,0.019021004574442186,17.9,16.0,,,1.3642,797.4125,77.59166666666667,14.816666666666668
2024-08-21,4687.75,0.010369054891780395,96.46842705359394,2042.3569725181305,0.1492971271389464,1933.7279020090114,0.14453905682231105,,,,,,,,,,,,4.411,796.4875000000001,78.22500000000001,15.9
2024-08-22,4598.833333333333,0.010480006288868747,95.42976703458116,1981.965609224921,0.1751464932822176,1868.9163813876623,0.17065865652901785,,,,,,,,,,,,11.2268,795.63125,91.68333333333334,14.441666666666668
2024-08-23,4492.979166666667,0.01058216446354392,94.51003105652154,1941.5263272093016,0.19533160965760482,1837.6203035717974,0.18588405702172256,,,,,,,,,,,,3.4613998,794.1104166666668,89.575,13.991666666666667
2024-08-24,4366.9375,0.010681138806381538,93.63605239019614,1906.2048786672424,0.21511021421428725,1808.0994006280187,0.20145148199957771,,,,,,,,,,,,8.6751995,794.8791666666666,83.96666666666667,14.700000000000001
2024-08-25,4385.583333333333,0.010730975370908809,93.1957788048599,1913.1195132892328,0.21032809513717082,1819.9685956606734,0.19413170447716346,,,,,,,,,,,,4.4470997,796.1020833333333,86.85833333333333,12.799999999999999
2024-08-26,4303.5,0.01075690430358029,92.97747743402572,1902.3695975068424,0.21747661143294075,1820.516803934438,0.19480242047991073,,,,,,,,,,,,8.651299,797.31875,77.69166666666666,13.708333333333334
2024-08-27,4416.770833333333,0.01063659631424003,94.02523517652997,1944.205522684067,0.19400320852439276,1870.3903621633604,0.1698700660882994,,,,,,,,,,,,1.3799,797.625,71.81666666666666,13.266666666666666
2024-08-28,4594.75,0.010361374983846393,96.53255309160025,1978.9037605194594,0.1769736660394431,1901.8290508647383,0.15652912419016768,,,,,,,,,,,,0.0,794.9166666666666,70.81666666666666,13.483333333333334
2024-08-29,4716.979166666667,0.010310460485094451,96.99807926901484,2035.8288244104758,0.15185036402299226,1953.8918039997136,0.13658253739519818,,,,,,,,,,,,0.0,793.5479166666668,70.22500000000001,13.75
2024-08-30,4662.604166666667,0.010338656492181584,96.73935191969483,2045.9879589852826,0.14722363762169927,1976.214061175779,0.12854461669921874,,,,,,,,,,,,0.0,797.0520833333334,72.31666666666666,11.941666666666668
2024-08-31,4700.9375,0.010329565316439531,96.81771715072786,2048.466673419819,0.14622204076776082,1984.6858511533537,0.12560216391958842,,,,,,,,,,,,0.0003,797.50625,64.24166666666666,12.200000000000001
2024-09-01,4769.979166666667,0.010233685460652299,97.73157580917332,2088.287723072457,0.131396821880745,2013.3657625803216,0.11671170321377841,,,,,,,,,,,,0.0,796.8833333333333,66.27499999999999,13.108333333333334
2024-09-02,4829.5625,0.010169885698676261,98.33643231550376,2096.8737491517963,0.1278993555774892,2019.0645267574903,0.114776611328125,,,,,,,,,,,,0.0,797.025,65.79166666666667,13.241666666666667
2024-09-03,4860.75,0.010099840946539042,99.02268097391156,2124.193270376974,0.11886820281277459,2044.2865573715637,0.10752313787286932,,,,,,,,,,,,0.0,795.7979166666668,70.79166666666667,12.975
2024-09-04,4886.5,0.010172266871024504,98.31768004148223,2128.651595321155,0.11747104138912338,2047.6033801807412,0.10668554061498398,,,,,,,,,,,,0.0,796.4562500000001,72.30833333333334,12.058333333333332
2024-09-05,4649.208333333333,0.010387184423114218,96.28003145589115,2138.795364251233,0.11414622592764512,2057.062220487152,0.10412988907251602,,,,,,,,,,,,1.9830999,799.1416666666668,72.425,12.700000000000001
2024-09-06,4643.520833333333,0.010372166819604655,96.4235378307061,2154.588952079169,0.10906983255115826,2079.7932344772707,0.0978727794828869,,,,,,,,,,,,0.0,799.775,70.59166666666667,11.633333333333333
2024-09-07,4701.6875,0.01027580208886338,97.3343531597697,2169.018346735436,0.10508303448485942,2088.110121733806,0.09593418666294642,,,,,,,,,,,,0.0,796.9229166666668,69.41666666666667,12.691666666666668
2024-09-08,4874.083333333333,0.010119384727547545,98.8345396754795,2203.1755886260544,0.09496731446381076,2127.962314898091,0.08613368443080358,,,,,,,,,,,,0.0,794.6708333333332,68.05833333333334,12.4
2024-09-09,4867.5625,0.010153303302752388,98.4954678888153,2231.447381044522,0.08738101256084795,2155.971692279088,0.07977518221227134,,,,,,,,,,,,0.9474,794.8395833333334,66.825,12.200000000000001
2024-09-10,4883.729166666667,0.010092935261169314,99.09137991530098,2224.722126338213,0.08917776082929801,2145.6940263513534,0.08209451814977134,,,,,,,,,,,,0.0,793.8354166666667,66.03333333333333,12.666666666666666
2024-09-11,5073.0,0.009859690491563967,101.4476890780563,2216.7421116052237,0.09130697619158941,2140.7857931182543,0.08321994688452744,,,,,,,,,,,,1.6625999,790.1520833333334,61.88333333333333,13.625
2024-09-12,5404.3125,0.009595624319968328,104.22494809082507,2210.952828260434,0.09344722677198243,2152.7928200441092,0.08094482421875,,,,,,,,,,,,0.3874,783.6625,47.041666666666664,15.700000000000001
2024-09-13,5315.8125,0.009752885839076377,102.54312788584245,2265.057837796397,0.07905461665495504,2211.519310881241,0.06847708565848214,,,,,,,,,,,,0.0,787.525,44.28333333333333,13.816666666666668
2024-09-14,5168.020833333333,0.00983293421184966,101.70660917068263,2260.1253221522684,0.08014865925799437,2207.907626061345,0.0690826416015625,,,,,,,,,,,,0.0,791.8145833333333,55.35,10.633333333333333
2024-09-15,5145.729166666667,0.009851136118549167,101.51643665505607,2255.1738642759,0.08126098306486895,2186.974052279011,0.0732147216796875,0.05782608695652174,0.04678260869565218,,,0.052681569797866125,0.006193099553874769,0.0035811566820285142,11.206521739130435,11.654347826086957,,,0.0,791.6729166666668,61.416666666666664,9.825000000000001
2024-09-16,5139.75,0.009890330166650214,101.11558102919605,2236.8615883418934,0.08594880108238567,2148.41346749143,0.08153228759765625,0.05708333333333334,0.04604166666666667,,,0.051939660091534445,0.007102458654237531,0.004106993121487985,11.579166666666666,11.572916666666666,,,1.4462999,789.99375,76.35000000000001,10.6
2024-09-17,4869.729166666667,0.010207383836798757,97.98902873739267,2086.3901461954365,0.1326567877638556,2002.5973412527874,0.1205474853515625,0.06058333333333333,0.04633333333333334,,,0.05394508333825704,0.004644410371646464,0.002685627946364609,11.483333333333334,11.760416666666666,,,3.3862,787.5166666666668,90.79166666666667,10.016666666666667
2024-09-18,4760.895833333333,0.010246901804697662,97.60137012615786,2080.605131950904,0.13400451567027064,2028.2945821736992,0.11222912016369048,0.092625,0.04933333333333334,,,0.07245791887460738,0.01804678146049426,0.010435542244096822,10.079166666666667,10.725,,,8.9352,787.2729166666667,59.166666666666664,9.799999999999999
2024-09-19,4743.666666666667,0.01026093792284618,97.4668880117869,2100.307840595668,0.12688642133356773,2044.972427837889,0.1073377655773628,0.09145833333333332,0.04966666666666667,,,0.07199001536531716,0.01747327189371887,0.010103910627424363,9.668750000000001,10.225,,,0.0,790.2145833333334,66.28333333333333,9.033333333333333
2024-09-20,4836.979166666667,0.010140014496385664,98.6339874135502,2127.759703328287,0.11750343182342705,2069.2616997752525,0.10074288504464286,0.086125,0.05000000000000001,,,0.06929645395985043,0.014171772323699705,0.008194820172307892,10.645833333333334,10.69375,,,0.0012,789.4875000000001,62.31666666666666,11.733333333333334
2024-09-21,4911.625,0.010249443193579821,97.67512484916016,2098.6396399480896,0.1328047832430791,2032.8868643582953,0.11574749613917151,0.08108333333333333,0.050749999999999997,,,0.06695278948416505,0.011299141596573695,0.006533722908497339,9.777083333333334,10.504166666666666,,,0.0,788.74375,72.675,8.041666666666666
2024-09-22,4239.666666666667,0.010841494563573669,92.24969372642153,1909.1749241615853,0.21355375601964766,1840.6220996583713,0.18422337582236842,0.18166666666666667,0.09120833333333334,,,0.1395273662593256,0.1002538368677578,0.057971730419437616,9.314583333333333,9.710416666666667,,,21.228199,792.03125,87.71666666666665,7.7250000000000005
2024-09-23,4361.958333333333,0.01067692237068261,93.67379805766348,1956.5194404073804,0.18775047146965881,1893.0908563892247,0.15981429662459937,0.17441666666666666,0.094625,,,0.13724634871178035,0.09745799251197562,0.05635503483598672,9.241666666666667,9.683333333333334,,,0.1375,792.4520833333332,79.49166666666666,8.058333333333334
2024-09-24,4457.916666666667,0.01056953131702381,94.61863294120093,1970.5799888684894,0.18013746925165117,1908.1403505475914,0.15332850014291158,0.16087500000000002,0.09545833333333333,,,0.1304011623033047,0.08906784408676553,0.05150343575627335,9.666666666666666,9.84375,,,0.0,792.9083333333333,74.88333333333334,9.558333333333334
2024-09-25,4502.354166666667,0.010524330699192192,95.0299602472816,1988.580554713533,0.1718010812214636,1923.6361611068637,0.1473544981421494,0.14712499999999998,0.09491666666666666,,,0.12280416010575845,0.07975619467059507,0.046118979195008764,10.010416666666666,10.03125,,,0.0,793.81875,72.66666666666667,10.941666666666668
2024-09-26,4539.75,0.010505896184683325,95.19074763612954,2018.0441155122105,0.15838781458630666,1948.1223978777825,0.13794381277901785,0.13495833333333335,0.09316666666666666,,,0.11549001536531717,0.07079124378192557,0.04093500088176988,10.6875,10.56875,,,0.0,792.8833333333333,68.85833333333333,11.783333333333333
2024-09-27,4536.229166666667,0.010490806428166057,95.32908725631007,2020.4797703313857,0.15761689358709502,1955.2476339925238,0.13567097981770834,0.12529166666666666,0.08983333333333332,,,0.10877368202979551,0.0625590306330711,0.03617472779566096,10.670833333333334,10.65,,,0.0,794.5583333333334,68.73333333333333,11.458333333333334
2024-09-28,4530.020833333333,0.010501465307285206,95.23193828685804,2037.9971789765584,0.15026313286841173,1969.6449874635127,0.13059596011513158,0.11712499999999999,0.08725,,,0.10320796711558564,0.055737131062183407,0.03222996782209863,10.822916666666666,10.766666666666666,,,0.0,795.8104166666667,67.95,12.0
2024-09-29,4632.5,0.010363690713136552,96.49838849646298,2064.786895245149,0.13973082582569224,1992.853783930399,0.12287830171130952,0.11008333333333332,0.08504166666666667,,,0.09841787062268756,0.049865907380571055,0.02883493570026956,10.956249999999999,10.897916666666667,,,0.0,795.0041666666666,67.47500000000001,12.15
2024-09-30,4667.0,0.0101545085618562,98.47842403288143,2148.4054466796224,0.1105510660693426,2080.477395988892,0.097381591796875,0.106,0.082,,,0.09481978948197675,0.04545573751592955,0.026284757208506038,13.8,12.0,,,0.0,792.2,48.4,18.2
