,date,Date (aggregated based on UTC),Raw_Moderated_cph,Raw_Mod_Coeff_of_Var,Raw_Mod_sqrt,Corrected_Mod_cph_for_Des,SWC_Des_cm3_cm3,Corrected_Mod_cph_for_UTS,SWC_UTS_cm3_cm3,Rhov_g_cm3,BaroPress_mb,SWC_5,SWC_10,SWC_20,SWC_50,WeightedTDR_SWC,WeightedTDR_SD,WeightedTDR_SE,sT_5,sT_10,sT_20,sT_50,PRISM_ppt_mm,BaroPress,airRH,airT,date.1,CRNS,Bare,scaled_stationary_N_Des,scaled_stationary_N_UTS,N0,TDR_pore_swc_g,TDR_tot_swc_g,NewName,ND
0,2023-08-04,2023-08-04,4586.6875,0.0104525113448515,95.74560712426243,2304.518615916096,0.1451882197395499,2200.9797277826183,0.0470136006673177,8.232811106641706e-06,808.4395833333333,0.0532708333333333,0.0650208333333333,0.0572708333333333,0.0789791666666666,0.0594522149515412,0.01695478345764,0.0084444303750673,16.3875,15.977083333333333,15.539583333333333,14.675,4.6724997,808.4395833333333,51.98571428571429,20.67619047619048,2023-08-04,0.0470136006673177,1097.2355884235335,2831.5175185125972,2704.3012862060004,3803.593336811822,0.04933898477017406,0.09183898477017406,C4,5316.836414929392
1,2023-08-05,2023-08-05,4704.145833333333,0.0103110823193527,96.99192535717228,2387.301300070736,0.1025360170231152,2285.507445774206,0.0796241760253906,8.247885532825296e-06,808.4166666666666,0.0551041666666666,0.0657916666666666,0.0579583333333333,0.0792291666666666,0.0606037016282499,0.0156268777481043,0.0077830590672683,17.529166666666665,16.868750000000002,15.785416666666668,14.5875,0.0,808.4166666666666,57.86666666666667,18.1125,2023-08-05,0.0796241760253906,1092.816131308041,2933.2310038342066,2808.1588609029745,3950.660516712459,0.05029459565282152,0.09279459565282151,C4,5538.300111709093
2,2023-08-06,2023-08-06,4767.395833333333,0.0102436542249815,97.63794432973236,2416.406583425367,0.0953172409616295,2321.170022273636,0.0733782450358073,7.601726157246181e-06,807.9895833333334,0.0554583333333333,0.0659791666666666,0.058,0.0792708333333333,0.0608189958185482,0.0153785983799538,0.0076594020566582,17.83125,16.897916666666667,15.795833333333334,14.6,0.0,807.9895833333334,52.72291666666666,18.591666666666665,2023-08-06,0.0733782450358073,1099.7271334859838,2968.9921034108097,2851.976779932146,4000.794427039675,0.050473266822346374,0.09297326682234637,C4,5628.058121156576
3,2023-08-07,2023-08-07,4876.520833333333,0.0101275776413637,98.75175214568571,2456.802040142374,0.0855287233418837,2372.145636915688,0.0648956298828125,6.616544223087191e-06,808.0145833333332,0.0555416666666666,0.0660208333333333,0.058,0.0784375,0.0608173872422339,0.0153804534059086,0.0076603259633279,18.359574468085107,17.33125,16.002083333333335,14.622916666666669,0.0,808.0145833333332,48.825,18.33333333333333,2023-08-07,0.0648956298828125,1083.7674638150484,3018.625220961936,2914.609533201766,4067.661402612368,0.05047193187591355,0.09297193187591354,C4,5751.6417799609
4,2023-08-08,2023-08-08,5023.291666666667,0.0099792868487347,100.22426353024764,2481.419687453404,0.0800553308028371,2404.4971083240803,0.0600255330403645,5.932888173456117e-06,806.1833333333334,0.05475,0.0656458333333333,0.0577291666666666,0.0788333333333333,0.060341462888738,0.0159292940300318,0.0079336792886002,17.720833333333335,17.085416666666667,15.997916666666669,14.666666666666666,0.0,806.1833333333334,48.39375,16.789583333333333,2023-08-08,0.0600255330403645,1071.0849576998,3048.872448796994,2954.3591613496415,4103.948634203966,0.05007696552439866,0.09257696552439866,C4,5822.16593263838
5,2023-08-09,2023-08-09,5067.979166666667,0.009935192502826,100.66905417914651,2493.296847070268,0.0774637013569461,2419.139801685455,0.0579007466634114,5.686599662806436e-06,805.6875,0.0533333333333333,0.0647708333333333,0.0572708333333333,0.0787083333333333,0.0593801495507384,0.0170378899834224,0.0084858220727222,16.474999999999998,15.86875,15.341666666666669,14.520833333333334,0.0,805.6875,46.07916666666667,16.608333333333334,2023-08-09,0.0579007466634114,1076.3768252335133,3063.465685446528,2972.3503559030687,4114.486626046075,0.049279178189114564,0.09177917818911456,C4,5842.132454044529
6,2023-08-10,2023-08-10,5207.6875,0.0097995782825364,102.05224117010316,2523.892766274176,0.0708280943794263,2444.6124056705926,0.05413818359375,6.008019321311838e-06,805.1916666666666,0.0532291666666666,0.0649583333333333,0.0572291666666666,0.077,0.0592902702108629,0.0171415397181558,0.0085374454373342,18.072916666666668,16.962500000000002,15.560416666666669,14.3875,0.0,805.1916666666666,42.8625,18.05208333333333,2023-08-10,0.05413818359375,1062.6412463502638,3101.058300503978,3003.648052492679,4164.112756149456,0.04920458794239482,0.09170458794239482,C4,5902.199981195524
7,2023-08-11,2023-08-11,5089.229166666667,0.0099127429873225,100.88564704661064,2509.406319767469,0.0737690765099225,2403.168935100386,0.0600001017252604,8.187604447160574e-06,807.3249999999999,0.0523125,0.0647916666666666,0.0571041666666666,0.0766875,0.0588211899772393,0.017682487636233,0.0088068677535881,17.881249999999998,17.052083333333332,15.747916666666669,14.433333333333332,0.89559996,807.3249999999999,58.15,17.879166666666666,2023-08-11,0.0600001017252604,1065.9040048697643,3083.2590834434423,2952.72726055937,4135.72358168906,0.04881530147894499,0.091315301478945,C4,5794.325714823775
8,2023-08-12,2023-08-12,5117.854166666667,0.0098850947941099,101.16857612493952,2519.826662821642,0.0716262069426817,2405.6484759495293,0.059674580891927,8.796242184992716e-06,808.0833333333334,0.0513541666666666,0.0644791666666666,0.0567291666666666,0.0766875,0.0582530727184565,0.0183376460213736,0.0091331732697737,17.789583333333333,16.98125,15.741666666666667,14.460416666666667,0.0,808.0833333333334,59.802083333333336,17.841666666666665,2023-08-12,0.059674580891927,1081.1705276310763,3096.0623577164392,2955.7738245158193,4147.425640821948,0.04834382486866891,0.0908438248686689,C4,5791.009572136523
9,2023-08-13,2023-08-13,5026.791666666667,0.00997534942379,100.26073330966284,2475.591558683415,0.081360269968502,2357.9159570421507,0.0672213236490885,9.254160777858722e-06,808.4729166666666,0.0501041666666666,0.0640416666666666,0.0567916666666666,0.0762916666666666,0.0575961313907445,0.0190952371924605,0.0095104960420163,16.204166666666666,15.81875,15.410416666666668,14.45625,0.091699995,808.4729166666666,73.57083333333334,16.3125,2023-08-13,0.0672213236490885,1085.2869623682732,3041.7115395301307,2897.1258003447283,4068.384724171879,0.04779863377378204,0.09029863377378204,C4,5663.5799188603005
10,2023-08-14,2023-08-14,5081.75,0.0099208193992768,100.80882173882968,2507.116704744851,0.074389657257351,2417.9758950185,0.0578956604003906,6.82399419855389e-06,810.6458333333334,0.049875,0.0640416666666666,0.0565624999999999,0.0776458333333333,0.0575343523445173,0.0191664813934349,0.0095459796385045,17.447916666666668,16.477083333333333,15.46875,14.383333333333333,0.0,810.6458333333334,47.4875,18.35625,2023-08-14,0.0578956604003906,1064.0813815197248,3080.4458776821966,2970.9202862587467,4119.598454993164,0.0477473637677208,0.09024736376772079,C4,5808.9004772415265
11,2023-08-15,2023-08-15,5011.916666666667,0.0099902880551863,100.1118104537364,2507.738660490018,0.0742439373032853,2409.2157422739992,0.0591926574707031,7.573879384644761e-06,812.2916666666666,0.0496041666666666,0.064125,0.0568541666666666,0.0779791666666666,0.0575335725959806,0.0191673806070817,0.00954642749719,18.3375,17.1375,15.74375,14.429166666666667,0.0,812.2916666666666,51.270833333333336,19.48958333333333,2023-08-15,0.0591926574707031,1062.8313456672486,3081.2100626950737,2960.1568557576484,4120.612920398912,0.047746716659766826,0.09024671665976682,C4,5786.499823234368
12,2023-08-16,2023-08-16,5152.708333333333,0.0098518745340043,101.5115713660498,2539.492158532946,0.0675943294286014,2427.440467636,0.0564905802408854,8.549240276777576e-06,810.3000000000001,0.0489375,0.0643958333333333,0.0567291666666666,0.0776041666666666,0.0573042307894872,0.0194318598237656,0.0096781529383624,19.22083333333333,17.900000000000002,16.164583333333333,14.54375,0.0,810.3000000000001,50.76666666666667,20.7125,2023-08-16,0.0564905802408854,1087.4757335386803,3120.2249725168654,2982.5492238540423,4170.5513763923855,0.04755638747006438,0.09005638747006438,C4,5828.600926348313
13,2023-08-17,2023-08-17,4833.3125,0.0101737912919453,98.30985347651324,2386.03746117495,0.1030845581582321,2261.0589231170743,0.0843658447265625,1.0232075812453249e-05,809.1666666666666,0.0581041666666666,0.088125,0.056125,0.0758541666666666,0.0685020897074919,0.0065183792837254,0.0032465174301531,17.25,16.681250000000002,15.908333333333331,14.652083333333332,5.5842,809.1666666666666,68.17708333333333,18.8,2023-08-17,0.0843658447265625,1098.211709137834,2931.678149390211,2778.119433264026,4018.6463688927315,0.056849413660330306,0.0993494136603303,C4,5597.181268908273
14,2023-08-18,2023-08-18,4915.270833333333,0.0100880563237732,99.14183465522484,2404.6278056364044,0.0980749209212326,2283.917440321248,0.0801035563151041,9.812054845800544e-06,808.1166666666667,0.0581458333333333,0.0794375,0.0566041666666666,0.0748333333333333,0.0657311694021807,0.0097138317092875,0.0048380314469446,18.35833333333333,17.70625,16.322916666666668,14.720833333333331,0.0,808.1166666666667,58.35,20.35,2023-08-18,0.0801035563151041,1105.8935266988783,2954.5197466132677,2806.20525190911,4025.469160012492,0.05454984593430782,0.09704984593430781,C4,5611.872190014577
15,2023-08-19,2023-08-19,4794.333333333333,0.0102144771504082,97.91456897462592,2369.4551531441166,0.1072815513241996,2250.377352499748,0.0864206949869791,9.806042651729917e-06,808.49375,0.0629166666666666,0.0746041666666666,0.0566666666666666,0.0771666666666666,0.0662324222336721,0.0091357820363543,0.0045501303818199,17.474999999999998,16.912499999999998,16.110416666666666,14.847916666666668,2.9601,808.49375,67.63541666666667,18.8125,2023-08-19,0.0864206949869791,1097.4402106350904,2911.303787750259,2764.9951937290093,3970.9757930959577,0.054965832215712454,0.09746583221571245,C4,5537.924668152418
16,2023-08-20,2023-08-20,4906.229166666667,0.0100968039351456,99.0522956829562,2425.262039324847,0.0929055199045461,2326.09990758713,0.0724563598632812,7.911968042197364e-06,808.225,0.0603958333333333,0.0724583333333333,0.0570416666666666,0.0752083333333333,0.0644808991842125,0.0111556555657717,0.0055561403629099,18.11458333333333,17.35625,16.2375,14.8625,0.0,808.225,50.07708333333333,20.92708333333333,2023-08-20,0.0724563598632812,1099.2345778051715,2979.8726310579364,2858.0340348108916,4048.765941690286,0.053512255269381116,0.0960122552693811,C4,5697.038435416984
17,2023-08-21,2023-08-21,4963.5,0.010038674858327,99.62781255487506,2465.4886396036145,0.0835564292177967,2383.3808294575806,0.0631345113118489,6.38286344982872e-06,810.0124999999999,0.0577916666666666,0.0704166666666666,0.0572708333333333,0.0743333333333333,0.0627621957615134,0.013137681180279,0.0065432999656924,17.7625,17.108333333333334,16.306250000000002,14.9625,0.0,810.0124999999999,44.2,19.497916666666665,2023-08-21,0.0631345113118489,1080.7343630572009,3029.2982779643535,2928.413997303951,4100.098252350697,0.052085915105837745,0.09458591510583773,C4,5810.956819812553
18,2023-08-22,2023-08-22,4968.854166666667,0.0100328816333176,99.68279587126426,2493.284683503996,0.0773782347276523,2395.2851432744064,0.0612958272298177,7.579970429757247e-06,811.1041666666666,0.0565624999999999,0.0695416666666666,0.0572291666666666,0.0765833333333333,0.0621040566162267,0.0138966536863206,0.0069213107199949,18.07708333333333,17.410416666666666,16.308333333333334,14.958333333333334,0.0,811.1041666666666,47.71666666666667,19.64375,2023-08-22,0.0612958272298177,1071.0692469371795,3063.450740307552,2943.0405977945766,4140.162433761831,0.051539729950374265,0.09403972995037425,C4,5828.421632601561
19,2023-08-23,2023-08-23,4950.1875,0.0100518942916119,99.49496305587184,2500.3822312345555,0.0758738569764065,2382.26420159795,0.0632718404134114,9.179683479539776e-06,810.9229166666668,0.0551666666666666,0.068125,0.056625,0.0769375,0.0609718636312919,0.0152023097216023,0.0075716004456803,17.370833333333334,16.691666666666666,15.9375,14.91875,0.8815,810.9229166666668,62.50833333333333,18.45,2023-08-23,0.0632718404134114,1090.1945209502678,3072.171360136249,2927.04201821714,4141.276317303801,0.05060013076998834,0.09310013076998834,C4,5778.345029872716
20,2023-08-24,2023-08-24,4582.5625,0.0104500706726222,95.72061065863151,2307.5343609454726,0.1251555804980765,2172.391553742105,0.1033515930175781,1.1528872158287136e-05,809.3104166666667,0.0945833333333333,0.1193541666666666,0.057,0.0753333333333333,0.0935521323023806,0.0223695750962098,0.011141299438694,17.445833333333333,17.016666666666666,16.118750000000002,14.891666666666667,5.5164,809.3104166666667,83.36458333333333,17.264583333333334,2023-08-24,0.1033515930175781,1110.6853949669091,2835.222906190124,2669.1755488572385,4086.245267393722,0.0776382719238757,0.1201382719238757,C4,5703.867969541013
21,2023-08-25,2023-08-25,4225.979166666667,0.0108783229617883,91.93166760844474,2149.737042853364,0.1804991868744391,2009.2718084232456,0.1480420430501302,1.29460649255665e-05,810.2979166666668,0.1416666666666666,0.1745416666666666,0.0593958333333333,0.0745416666666666,0.1309922349034656,0.0655458679836689,0.0326455079738594,17.23125,16.958333333333332,16.233333333333334,14.966666666666669,10.467899,810.2979166666668,95.16041666666666,16.039583333333333,2023-08-25,0.1480420430501302,1090.6996171270812,2641.340388832157,2468.753467952478,4050.6580448339655,0.10870955587072889,0.1512095558707289,C4,5660.742263081529
22,2023-08-26,2023-08-26,4171.083333333333,0.0109503700418016,91.33066782688786,2133.9854899249417,0.1872733653442325,2001.880163345088,0.1505991617838541,1.2225742546363074e-05,810.7708333333334,0.1394583333333333,0.1630833333333333,0.0618125,0.075,0.1269083084854973,0.060836244053634,0.03029985186629,17.131249999999998,16.783333333333335,16.239583333333332,15.05,4.8491,810.7708333333334,85.66875,17.389583333333334,2023-08-26,0.1505991617838541,1084.4047158111778,2621.9867599429945,2459.6714963923955,3996.330417146083,0.10532033339175335,0.14782033339175338,C4,5600.887075070974
23,2023-08-27,2023-08-27,4322.041666666667,0.010757843095596,92.9674858357901,2184.9330839045074,0.1667208746203155,2065.197259927097,0.1307970682779947,1.0727598963324596e-05,810.5166666666668,0.1312291666666666,0.1515,0.0628958333333333,0.075,0.1200439350851276,0.0529201814407431,0.0263572099713793,17.658333333333335,17.285416666666666,16.5125,15.127083333333331,2.2272,810.5166666666668,71.82916666666667,18.3625,2023-08-27,0.1307970682779947,1089.6351950981075,2684.585084765752,2537.467990182941,4048.3841890237973,0.09962363706288346,0.14212363706288347,C4,5709.149159978368
24,2023-08-28,2023-08-28,4452.416666666667,0.0105988977636233,94.36008191300547,2230.9748851971417,0.1499204327183841,2117.78921808974,0.1167004903157552,9.908361975380558e-06,809.9270833333334,0.1211458333333333,0.1388958333333333,0.0636041666666666,0.075,0.1120191668729527,0.0436659401697058,0.0217480802657365,17.364583333333332,17.070833333333333,16.48125,15.2125,2.1106,809.9270833333334,63.24375,19.31875,2023-08-28,0.1167004903157552,1086.7041405926536,2741.155756854745,2602.0867135214844,4080.3568139852487,0.09296393705124562,0.13546393705124563,C4,5769.845950482608
25,2023-08-29,2023-08-29,4523.416666666667,0.010515549174202,95.10897735213248,2277.0277507138294,0.1341296839587525,2186.400267431932,0.0997772216796875,7.679420869706441e-06,811.2791666666667,0.1104791666666666,0.1261458333333333,0.0635208333333333,0.075,0.1035435430947241,0.0338917678456666,0.0168799958180365,15.8375,15.983333333333334,16.064583333333335,15.216666666666669,0.7333,811.2791666666667,57.99166666666667,17.333333333333332,2023-08-29,0.0997772216796875,1078.387807526216,2797.7400233421604,2686.3877848316506,4105.105759223759,0.08593007510257644,0.12843007510257645,C4,5858.871079541941
26,2023-08-30,2023-08-30,4733.0625,0.0102797164377319,97.28899758027212,2326.258900085049,0.1193783062560648,2238.154094669987,0.088843027750651,7.290409239636654e-06,808.625,0.1002083333333333,0.114875,0.0633958333333333,0.075,0.095700618590716,0.0248472305192793,0.0123753104047315,16.068749999999998,15.825,15.6375,15.04375,0.0,808.625,56.62083333333334,16.945833333333333,2023-08-30,0.088843027750651,1072.9365071396253,2858.229385822621,2749.9767128891367,4135.681139531643,0.07942128593513688,0.12192128593513687,C4,5902.980335196713
27,2023-08-31,2023-08-31,4958.208333333333,0.0100433620271818,99.57688647858936,2382.0332579306546,0.1037489334987604,2299.665085911476,0.0769729614257812,6.637608270934148e-06,805.625,0.0909166666666666,0.1053124999999999,0.0632708333333333,0.075,0.0888093123149921,0.0169001086508361,0.0084171992635359,15.85625,15.69375,15.54375,14.920833333333334,0.0,805.625,47.925,18.535416666666663,2023-08-31,0.0769729614257812,1081.1224556965874,2926.7582621931183,2825.5540799272917,4180.8275185590255,0.07370223819803096,0.11620223819803095,C4,5976.572021114035
28,2023-09-01,2023-09-01,4980.791666666667,0.0100202893400074,99.80432297123798,2396.3187022958914,0.1000841558151468,2308.943964341576,0.0752855936686198,7.006548426584014e-06,806.2104166666667,0.0827708333333333,0.0973125,0.0626666666666666,0.0750833333333333,0.0827926417678303,0.0099616252679385,0.0049614464972546,16.120833333333334,15.760416666666666,15.433333333333335,14.827083333333334,0.0,806.2104166666667,50.92083333333333,17.991666666666667,2023-09-01,0.0752855936686198,1067.7372515166346,2944.310511804183,2836.954858660655,4157.12367828036,0.06870904464358499,0.11120904464358498,C4,5919.340898754908
29,2023-09-02,2023-09-02,4935.625,0.0100664292438959,99.3494722333224,2425.875831841516,0.0928213746087977,2328.66145082264,0.0719515482584635,7.731697861478684e-06,809.38125,0.0765208333333333,0.0912291666666666,0.0626666666666666,0.0750208333333333,0.0782850267702453,0.0047633995196471,0.0023724393586498,16.729166666666668,16.285416666666666,15.660416666666668,14.777083333333335,0.0,809.38125,51.23125,18.9125,2023-09-02,0.0719515482584635,1058.5378502136264,2980.6267860696066,2861.1813535158394,4170.54596469154,0.0649682059229935,0.1074682059229935,C4,5906.90591562052
30,2023-09-03,2023-09-03,4855.208333333333,0.0101505361423157,98.53332075228312,2409.9431807693686,0.096919497538779,2294.444550373644,0.0782445271809895,9.340539218378195e-06,808.5375,0.072125,0.0867083333333333,0.0623749999999999,0.075,0.074975268177144,0.0009465535049573,0.0004714365824169,16.647916666666667,16.270833333333332,15.720833333333331,14.835416666666667,0.6537,808.5375,68.77083333333333,16.85625,2023-09-03,0.0782445271809895,1090.3348661520106,2961.0506453886164,2819.1397087309397,4115.06307868345,0.06222146000358441,0.10472146000358441,C4,5773.9030797823525
31,2023-09-04,2023-09-04,5129.916666666667,0.0098740063080036,101.28590777578098,2417.879870357576,0.0945924788140168,2314.2423330523416,0.0743420918782552,8.299408201476108e-06,802.0729166666666,0.0694791666666666,0.084,0.062,0.075,0.072945717893849,0.001393943752623,0.0006942619464998,15.06875,15.189583333333331,15.285416666666668,14.775,1.0296,802.0729166666666,70.04791666666667,14.84375,2023-09-04,0.0743420918782552,1076.6727497379918,2970.8023026122974,2843.464861973476,4111.126566189607,0.06053715016585314,0.10303715016585314,C4,5793.2371965249795
32,2023-09-05,2023-09-05,5147.354166666667,0.0098576297132436,101.45665409432344,2451.285228974078,0.0868355610745271,2369.2636597537407,0.0653877258300781,6.420089247692792e-06,805.6458333333334,0.0663333333333333,0.0810208333333333,0.0614583333333333,0.0751458333333333,0.0705993411859378,0.0040998083450494,0.0020419338417023,13.647916666666667,13.9375,14.479166666666666,14.53125,0.0,805.6458333333334,62.91041666666666,13.55625,2023-09-05,0.0653877258300781,1073.54860359953,3011.846821620108,2911.0685035196243,4147.226206085113,0.05858990825483128,0.10108990825483127,C4,5896.582835268104
33,2023-09-06,2023-09-06,5157.854166666667,0.0098473787009959,101.5607957136113,2474.4930762490826,0.0815047981672751,2402.985735682754,0.0601717631022135,5.515498940572384e-06,808.0020833333333,0.0641458333333333,0.0783958333333333,0.0606041666666666,0.07525,0.0686863898943886,0.0063058425037532,0.0031406622273957,13.4375,13.541666666666666,13.975,14.185416666666669,0.0,808.0020833333333,55.8375,13.866666666666667,2023-09-06,0.0601717631022135,1064.9138079944848,3040.3618553769593,2952.502166972872,4169.291242440802,0.05700236311935128,0.09950236311935128,C4,5951.5583044336345
34,2023-09-07,2023-09-07,5222.4375,0.0097855694762146,102.19720488183556,2491.2672234881284,0.0776790802756544,2424.268116537504,0.0569572448730468,5.1189979882551e-06,808.1395833333332,0.0620833333333333,0.0766041666666666,0.06,0.0753333333333333,0.0671471179617313,0.0080809459671698,0.0040247630266075,13.389583333333334,13.385416666666666,13.702083333333334,13.922916666666667,0.0,808.1395833333332,47.79583333333333,14.566666666666668,2023-09-07,0.0569572448730468,1068.871019066886,3060.9719261472437,2978.6514173237647,4183.511853090385,0.055724931916755406,0.0982249319167554,C4,5979.91829384375
35,2023-09-08,2023-09-08,5201.0625,0.0098060780218344,101.98640089457145,2520.769582684555,0.071475261048754,2455.700022827739,0.0526237487792968,4.908037260946193e-06,810.4291666666667,0.0602708333333333,0.0749583333333333,0.0594791666666666,0.075,0.0657495162454393,0.0096926739500116,0.0048274936995565,13.354166666666666,13.34375,13.55,13.71875,0.0,810.4291666666667,45.46666666666667,15.04375,2023-09-08,0.0526237487792968,1062.7582573264865,3097.2209051423324,3017.271193569602,4220.067429204214,0.05456507185349106,0.09706507185349106,C4,6034.999692640282
36,2023-09-09,2023-09-09,5199.541666666667,0.0098071624476571,101.97269961388456,2532.7987716225475,0.0689625257165228,2471.4030334303407,0.0505040486653645,4.602593411984871e-06,811.5520833333334,0.05875,0.0734791666666666,0.0585833333333333,0.0749583333333333,0.0644614645151886,0.0111780678163706,0.0055673029171356,13.10625,13.129166666666668,13.3625,13.564583333333331,0.0,811.5520833333334,42.05625,14.425,2023-09-09,0.0505040486653645,1067.450833171543,3112.0009372827467,3036.565179440478,4228.106157033611,0.053496126571068274,0.09599612657106828,C4,6053.083477966807
37,2023-09-10,2023-09-10,5239.979166666667,0.0097696946862183,102.36688896929404,2551.490698735575,0.0652419208078996,2469.9979655905763,0.0507659912109375,6.123431050236915e-06,809.5854166666667,0.058,0.07275,0.058,0.0740833333333333,0.0637462788123776,0.0120028269710797,0.0059780791016585,14.7125,14.177083333333334,13.602083333333333,13.44375,0.0,809.5854166666667,44.21666666666667,16.735416666666666,2023-09-10,0.0507659912109375,1067.0681461287345,3134.967347148027,3034.83879972043,4252.510630746228,0.052902598869407375,0.09540259886940737,C4,6034.5514505184665
38,2023-09-11,2023-09-11,5127.3125,0.0098772664597208,101.25758783500773,2515.121666020365,0.0727038739350691,2405.193587550089,0.0598729451497395,8.477938611221329e-06,808.9541666666668,0.0568958333333333,0.0722708333333333,0.0580208333333333,0.0741458333333333,0.0631526364191149,0.0126874211912135,0.0063190453098992,14.1,14.04375,13.854166666666666,13.477083333333333,2.0774,808.9541666666668,72.78750000000001,14.927083333333334,2023-09-11,0.0598729451497395,1083.139323360684,3090.2814190096083,2955.2149119242317,4186.315700471733,0.0524099391253761,0.0949099391253761,C4,5869.315918419405
39,2023-09-12,2023-09-12,5231.625,0.0097772923477248,102.28594459399848,2520.168722714119,0.0715092084914818,2440.9475242507897,0.0545870463053385,6.012964882671764e-06,807.4854166666668,0.0555416666666666,0.070875,0.0576666666666666,0.075125,0.0621336829020637,0.013862488363429,0.0069042944784652,12.754166666666668,12.995833333333332,13.40625,13.475,0.0,807.4854166666668,59.73333333333333,13.18125,2023-09-12,0.0545870463053385,1053.724466054129,3096.4826401004652,2999.145083468357,4185.084773881661,0.051564316601467076,0.09406431660146707,C4,5940.252503629877
40,2023-09-13,2023-09-13,5276.916666666667,0.0097350990870152,102.72825452773124,2536.4727981502324,0.0682983344531496,2450.812749017579,0.0532735188802083,6.469365971015592e-06,805.3979166666667,0.054875,0.07025,0.0572291666666666,0.0753124999999999,0.0615792290864411,0.0145018899321414,0.0072227522188539,13.533333333333331,13.420833333333334,13.29375,13.29375,0.0,805.3979166666667,53.24166666666667,14.835416666666667,2023-09-13,0.0532735188802083,1063.0072782547045,3116.5151427245128,3011.2662946220903,4206.866079659411,0.05110417918880607,0.09360417918880606,C4,5955.6176689115555
41,2023-09-14,2023-09-14,5247.104166666667,0.0097624232565298,102.43868636934836,2540.4035041467528,0.0673955524170964,2444.2439239991204,0.0541127522786458,7.284967422155687e-06,806.2895833333333,0.0538333333333333,0.0694166666666666,0.057,0.0748541666666666,0.0608119230801368,0.0153867547311375,0.0076634643756998,12.947916666666666,12.9375,13.054166666666667,13.179166666666667,0.6961,806.2895833333333,69.14166666666667,12.10625,2023-09-14,0.0541127522786458,1081.4361411497762,3121.3447252726432,3003.195306179059,4206.025607588854,0.050467397205326246,0.09296739720532625,C4,5922.7615391397885
42,2023-09-15,2023-09-15,5071.1875,0.0099308077974007,100.7051398678596,2484.2886021190325,0.0792336166832272,2373.624841734106,0.064581553141276,8.639635572531892e-06,808.5166666666668,0.0534166666666666,0.069125,0.057,0.0745208333333333,0.0605292282234393,0.0157127612076847,0.0078258338332574,12.658333333333331,12.760416666666666,12.910416666666665,13.064583333333331,4.0659,808.5166666666668,84.52291666666666,12.14375,2023-09-15,0.064581553141276,1101.0256523252203,3052.3974288421714,2916.427003595753,4110.46080827177,0.050232790685778184,0.09273279068577818,C4,5750.361395114015
43,2023-09-16,2023-09-16,4937.083333333333,0.0100658457476847,99.3611538320943,2449.746026637122,0.0872276292875802,2360.4348700351084,0.0667355855305989,7.008460070270674e-06,811.2104166666667,0.0525208333333333,0.0686041666666666,0.0565416666666666,0.0742708333333333,0.0598861615887573,0.0164543519469254,0.0081951874956004,10.822916666666666,11.54375,12.504166666666668,12.945833333333333,2.6922998,811.2104166666667,82.11874999999999,10.04375,2023-09-16,0.0667355855305989,1092.0249251308392,3009.955633433766,2900.220740093928,4047.332247117051,0.04969911410332211,0.09219911410332211,C4,5709.067999447663
44,2023-09-17,2023-09-17,5051.5625,0.0099501245737877,100.50994760871254,2485.200361233403,0.0789538654663845,2411.311885018388,0.0588048299153645,5.677305818685228e-06,810.5500000000001,0.0524375,0.0682708333333333,0.0559791666666666,0.074,0.0596087848343186,0.0167742255358794,0.0083545024321488,10.875,11.23125,11.925,12.654166666666669,0.0,810.5500000000001,62.58958333333334,11.841666666666669,2023-09-17,0.0588048299153645,1082.5402995595905,3053.517689658106,2962.73234586697,4103.287829614873,0.049468921040304925,0.09196892104030492,C4,5827.860314195174
45,2023-09-18,2023-09-18,5092.229166666667,0.0099105605594318,100.9129084782276,2520.699187171917,0.0714399205162121,2437.0103537602304,0.0551694234212239,6.364646524001009e-06,808.3541666666666,0.0524166666666666,0.068,0.0559375,0.074,0.0595033264047249,0.0168958412294074,0.0084150738490046,11.220833333333331,11.58125,11.979166666666666,12.452083333333334,0.0,808.3541666666666,66.25,11.008333333333333,2023-09-18,0.0551694234212239,1087.8410030363552,3097.134411535432,2994.3075581212433,4160.888294301117,0.049381401814051526,0.09188140181405152,C4,5887.076483662446
46,2023-09-19,2023-09-19,4922.416666666667,0.0100797324657339,99.21708623589672,2456.82574516236,0.0856088107568971,2360.675967191605,0.0666923522949218,7.539324988496422e-06,806.6750000000001,0.0522083333333333,0.0676458333333333,0.0559791666666666,0.0738333333333333,0.0593029611961452,0.0171269043496737,0.0085301562053325,10.5375,10.947916666666666,11.61875,12.2875,3.2568,806.6750000000001,86.05833333333334,9.322916666666666,2023-09-19,0.0666923522949218,1085.3903513536138,3018.6543468622012,2900.516971514047,4053.5791723642405,0.0492151201038975,0.0917151201038975,C4,5699.987232801389
47,2023-09-20,2023-09-20,5015.791666666667,0.0099871383473914,100.14808879571008,2468.71425935204,0.0828166389047253,2391.121742130285,0.0619557698567708,6.014635695438686e-06,805.1437500000001,0.0519791666666666,0.06725,0.0556041666666666,0.0731666666666666,0.0589629508011164,0.0175190076661885,0.0087254455857257,9.927083333333334,10.395833333333334,11.24375,12.072916666666666,0.6358,805.1437500000001,71.91458333333334,10.277083333333334,2023-09-20,0.0619557698567708,1086.5535551037442,3033.2615346560747,2937.925107212397,4069.9948942089586,0.04893294781282811,0.09143294781282811,C4,5768.387091409321
48,2023-09-21,2023-09-21,5142.916666666667,0.0098624204121737,101.41108150607047,2477.5703036243463,0.0807500599649571,2400.2927539317884,0.0605443318684895,5.974386883079454e-06,802.6458333333334,0.0521875,0.0672708333333333,0.0554791666666666,0.0733124999999999,0.059035851449853,0.0174349379243111,0.0086835741525866,11.052083333333334,11.152083333333332,11.352083333333333,11.895833333333334,1.6895,802.6458333333334,59.80833333333334,12.770833333333334,2023-09-21,0.0605443318684895,1110.875634316958,3044.142785225531,2949.1933523023245,4085.284096521529,0.04899344756040997,0.09149344756040996,C4,5791.442652941863
49,2023-09-22,2023-09-22,5293.291666666667,0.0097199364132481,102.88785716445037,2517.428304773545,0.0721130890626828,2462.734027391115,0.0516471862792968,4.115731436101993e-06,802.9875000000001,0.0515208333333333,0.0666041666666666,0.0554375,0.0734375,0.0585481237468353,0.0179973902866668,0.0089637068847487,9.741666666666667,10.366666666666667,11.216666666666669,11.8375,0.112399995,802.9875000000001,46.6,11.595833333333331,2023-09-22,0.0516471862792968,1093.1149395762425,3093.115541499833,3025.9137391359263,4146.318889819611,0.048588685690212255,0.09108868569021225,C4,5933.976001837292
50,2023-09-23,2023-09-23,5252.0625,0.009758996344385,102.48293882876868,2529.6850810392275,0.0696953978172912,2475.351576394434,0.0500768025716145,4.0694607120665975e-06,805.96875,0.0509791666666666,0.065875,0.0546666666666666,0.0736875,0.057943153013464,0.0186950484595273,0.0093111796720618,9.641666666666667,10.085416666666667,10.895833333333334,11.677083333333334,0.0,805.96875,45.64791666666667,11.564583333333331,2023-09-23,0.0500768025716145,1086.7511451745136,3108.175205794614,3041.4166779261977,4160.649155915036,0.048086624634547014,0.09058662463454702,C4,5953.761531977138
51,2023-09-24,2023-09-24,5270.5,0.009741170990104,102.66526630904468,2539.6578380559663,0.0676015937906382,2489.9893510766656,0.0481287638346354,3.6972663600965343e-06,808.0166666666668,0.050375,0.0654375,0.0542916666666666,0.0731458333333333,0.0574455392032224,0.0192689015775263,0.0095969906181329,8.947916666666666,9.577083333333333,10.572916666666666,11.483333333333334,0.0,808.0166666666668,48.40208333333334,9.847916666666666,2023-09-24,0.0481287638346354,1069.71725341988,3120.4285397471976,3059.401828993551,4172.202521515605,0.047673658351878645,0.09017365835187864,C4,5980.427677546013
52,2023-09-25,2023-09-25,5017.75,0.0099865773506677,100.16290278630318,2559.7942849836213,0.063779888317403,2507.766976479872,0.0459925333658854,3.842288835127271e-06,811.2395833333334,0.0499791666666666,0.0649166666666666,0.054,0.0729791666666666,0.0570445107008049,0.0197313715728969,0.0098273265399228,8.664583333333333,9.195833333333333,10.172916666666667,11.25625,0.0,811.2395833333334,49.76666666666667,9.8875,2023-09-25,0.0459925333658854,1070.3550535661666,3145.169803212144,3081.244854004969,4201.335983044057,0.047340847552662664,0.08984084755266265,C4,6016.081152437689
53,2023-09-26,2023-09-26,5059.3125,0.0099429785262621,100.58541710055306,2543.004514686046,0.0671279272235107,2488.1270272628403,0.0484631856282552,4.083261654063876e-06,810.4208333333332,0.0499166666666666,0.0648333333333333,0.054,0.073625,0.0570299736098133,0.0197481358885579,0.0098356761066831,9.19375,9.508333333333333,10.15,11.064583333333331,0.0,810.4208333333332,46.645833333333336,11.370833333333332,2023-09-26,0.0484631856282552,1065.9675410773743,3124.5405366915575,3057.1136276887014,4173.637010494868,0.047328783320714,0.08982878332071399,C4,5969.635164716698
54,2023-09-27,2023-09-27,5196.166666666667,0.0098110401066956,101.93717357635626,2565.3254040068086,0.0625634528974698,2505.981395651304,0.0461095174153645,4.385618400542552e-06,807.9979166666667,0.0498541666666666,0.0648333333333333,0.054,0.0760833333333333,0.0571487491420052,0.0196111627819288,0.0097674558392243,9.727083333333333,9.925,10.295833333333333,10.958333333333334,0.0,807.9979166666667,47.9625,12.41875,2023-09-27,0.0461095174153645,1064.907328957776,3151.965782338964,3079.0509453240447,4211.4429783456235,0.047427354318929325,0.08992735431892933,C4,6014.7721991400185
55,2023-09-28,2023-09-28,5395.125,0.0096282723014713,103.87100260147037,2570.7342056939715,0.061484136457008,2517.742472652473,0.044647216796875,3.898389690644368e-06,804.475,0.0495625,0.0647291666666666,0.0538541666666666,0.0742708333333333,0.056859998878325,0.0199441524130957,0.0099333032983224,9.6375,9.90625,10.352083333333336,10.929166666666667,0.0,804.475,45.35208333333333,11.71875,2023-09-28,0.044647216796875,1069.6805079118235,3158.6114725172024,3093.501553505462,4217.465154681373,0.047187722458725066,0.08968772245872507,C4,6036.888083871087
58,2023-10-01,2023-10-01,5645.895833333333,0.0094113976677915,106.25994519722566,2582.448451309007,0.0592589323857177,2507.4588242729096,0.0459391276041666,5.544641806760928e-06,800.9541666666668,0.0493541666666666,0.0647708333333333,0.0539166666666666,0.0720416666666666,0.0566721633368086,0.0201607661986293,0.01004118907786,11.502083333333331,11.1875,10.814583333333331,10.872916666666669,0.0,800.9541666666668,50.677083333333336,14.352083333333333,2023-10-01,0.0459391276041666,1070.4944665590644,3173.004539878885,3080.86623333931,4234.8139054017565,0.04703183903319199,0.08953183903319199,C4,6008.53220007074
60,2023-10-03,2023-10-03,5316.770833333333,0.009698229979596,103.11657667327484,2469.696298796203,0.0825166208258641,2387.2007849723145,0.0624529520670572,6.398162261639242e-06,803.4187499999999,0.0478125,0.0642916666666666,0.0534166666666666,0.0725,0.0558146560423645,0.0211496520062494,0.0105337095144791,8.822916666666666,9.514583333333333,10.475,11.0375,8.689199,803.4187499999999,90.19791666666669,5.9437500000000005,2023-10-03,0.0624529520670572,1106.956890664444,3034.4681475559723,2933.1075028739237,4041.7370814412047,0.04632019962033957,0.08882019962033956,C4,5706.66503010133
61,2023-10-04,2023-10-04,5267.041666666667,0.0097440870126764,102.63256974302335,2486.404707148238,0.078757519472876,2418.8534043807063,0.0577443440755208,5.173007966735177e-06,806.4520833333332,0.0480208333333333,0.0641875,0.053,0.072,0.0557471485732263,0.0212275022806104,0.0105724833049651,8.40625,8.918750000000001,9.866666666666667,10.758333333333333,0.9461,806.4520833333332,68.00208333333333,8.054166666666667,2023-10-04,0.0577443440755208,1094.6431509102445,3054.9974462253354,2971.9984650656284,4068.4311387449748,0.04626417563545697,0.08876417563545697,C4,5780.846759208175
62,2023-10-05,2023-10-05,5096.208333333333,0.0099065217744452,100.95286551412424,2503.3284324488327,0.0750777339701537,2441.0727284490654,0.0545743306477864,4.722270990673341e-06,811.3395833333334,0.0482083333333333,0.0641666666666666,0.053,0.072,0.0558160402316554,0.0211480557456067,0.0105329144874066,7.825,8.566666666666666,9.620833333333334,10.55625,0.0,811.3395833333334,61.64791666666667,8.322916666666666,2023-10-05,0.0545743306477864,1085.296384124695,3075.7913006711933,2999.298919448835,4096.790557132722,0.046321348349523145,0.08882134834952314,C4,5835.161956870292
63,2023-10-06,2023-10-06,5044.875,0.00995705399878,100.44227095526848,2507.133183026864,0.0743428513118011,2442.570253977296,0.0544077555338541,4.893379283587964e-06,811.9416666666666,0.048375,0.0639375,0.053,0.072,0.0558086678196344,0.0211565576833311,0.0105371489278727,7.683333333333334,8.310416666666667,9.316666666666666,10.352083333333336,0.0,811.9416666666666,63.37291666666667,8.7875,2023-10-06,0.0544077555338541,1076.1147249227415,3080.4661242290776,3001.138900145159,4102.945629945976,0.04631523003543308,0.08881523003543308,C4,5838.444178340212
64,2023-10-07,2023-10-07,5111.458333333333,0.009891319530684,101.10519910173814,2534.786083216776,0.0685071154832317,2471.11635372831,0.0504938761393229,4.770830915224428e-06,811.28125,0.0486458333333333,0.0639583333333333,0.053,0.072,0.055924764890923,0.0210226734040399,0.0104704670691739,7.879166666666666,8.335416666666667,9.172916666666667,10.175,0.0,811.28125,61.36666666666667,9.210416666666667,2023-10-07,0.0504938761393229,1070.4325463805606,3114.4427086596143,3036.2129416269518,4149.338619621297,0.04641157819734494,0.08891157819734494,C4,5908.321209740712
65,2023-10-08,2023-10-08,5249.1875,0.0097610648646878,102.45698392525723,2543.43469959918,0.0668198080796502,2487.3628790232383,0.0484275817871093,4.174545506589705e-06,809.3583333333332,0.0487708333333333,0.0639791666666666,0.053,0.0732916666666666,0.0560576635950662,0.0208694133172398,0.0103941349747243,8.070833333333333,8.454166666666667,9.15,10.029166666666669,0.0,809.3583333333332,53.07708333333333,9.877083333333331,2023-10-08,0.0484275817871093,1074.6579640552268,3125.0690965865942,3056.1747335039336,4164.803311894635,0.04652186991894088,0.08902186991894089,C4,5950.479099911317
66,2023-10-09,2023-10-09,5447.4375,0.0095823101240312,104.3719802731869,2566.65720238994,0.062296925999274,2513.587129167691,0.0451774597167968,3.911318068747828e-06,805.3229166666666,0.0488125,0.0639791666666666,0.053,0.0756041666666666,0.0562099395722704,0.0206938071694269,0.0103066732921647,8.316666666666666,8.610416666666667,9.15,9.9375,0.0,805.3229166666666,48.29791666666667,10.4,2023-10-09,0.0451774597167968,1067.787057773877,3153.6021372926266,3088.3959632137035,4204.340063536045,0.04664824270633434,0.08914824270633433,C4,6015.033983816662
67,2023-10-10,2023-10-10,5653.895833333333,0.0094047451989782,106.3351705004156,2564.171715446232,0.0627313647922397,2513.8268731029607,0.0451304117838541,3.712908974560889e-06,800.6854166666667,0.0484583333333333,0.0637708333333333,0.0527916666666666,0.072,0.0557438291826893,0.0212313302342771,0.0105743898399732,7.614583333333333,8.147916666666667,8.981250000000001,9.858333333333334,0.0,800.6854166666667,49.78541666666666,7.483333333333333,2023-10-10,0.0451304117838541,1064.9459023963427,3150.548267484617,3088.6905319570346,4195.646059574541,0.046261420896053486,0.08876142089605348,C4,6009.069063392576
68,2023-10-11,2023-10-11,5883.645833333333,0.0092197980823445,108.4721808340858,2553.168400576988,0.0649443338738456,2479.0609827268395,0.0496253967285156,5.550356097200084e-06,793.3708333333334,0.0486666666666666,0.064,0.053,0.0718958333333333,0.0559406428192651,0.0210043628216184,0.0104613473750905,8.233333333333333,8.452083333333333,8.845833333333333,9.691666666666666,0.5329,793.3708333333334,71.37708333333333,7.314583333333334,2023-10-11,0.0496253967285156,1098.2330927672583,3137.0287070007935,3045.9743538507696,4179.586527921691,0.04642475518099965,0.08892475518099964,C4,5928.07389159817
69,2023-10-13,2023-10-13,4804.541666666667,0.0102034278478917,98.0193929327095,2262.7990821469407,0.1389217351440148,2200.704558718511,0.09674072265625,5.227955726946838e-06,804.6770833333334,0.0683958333333333,0.0703541666666666,0.0526041666666666,0.071,0.0658367259779423,0.0095921028326377,0.0047774036585643,6.952083333333333,7.433333333333334,8.441666666666666,9.4875,4.9595,804.6770833333334,83.0625,4.460416666666666,2023-10-13,0.09674072265625,1085.399356212026,2780.2575330580717,2703.9631912909967,3788.9238036682177,0.05463744661139173,0.09713744661139172,C4,5409.615144624071
70,2023-10-14,2023-10-14,4673.5625,0.0103444490716968,96.67708713572856,2285.9799854382327,0.1312325151443786,2231.407626485616,0.0900421142578125,4.5286112990745945e-06,809.9041666666667,0.0686666666666666,0.07125,0.0523958333333333,0.071,0.0661936275569247,0.0091805204374096,0.0045724126075851,5.2250000000000005,6.104166666666667,7.85,9.275,0.0,809.9041666666667,82.65833333333333,2.7104166666666667,2023-10-14,0.0900421142578125,1084.5817719415727,2808.739461262478,2741.687457718794,3830.7522902430665,0.05493363677998708,0.09743363677998708,C4,5497.104926105691
71,2023-10-15,2023-10-15,4594.604166666667,0.0104331942539661,95.85622168728896,2302.6017987834007,0.1260615131126934,2250.0194724477174,0.0862528483072916,4.326206823803635e-06,813.8562499999999,0.06825,0.07175,0.052,0.071,0.0661043509046798,0.0092834751468667,0.0046236898107394,5.3187500000000005,5.902083333333334,7.302083333333333,8.945833333333335,0.0,813.8562499999999,70.7,5.258333333333334,2023-10-15,0.0862528483072916,1084.5134972882604,2829.1623623192263,2764.5554734204584,3857.8476389869465,0.05485954669959169,0.0973595466995917,C4,5534.882473435213
72,2023-10-16,2023-10-16,4646.8125,0.0103745430602387,96.39887708376314,2308.450297314942,0.124229873620356,2254.207063314987,0.0854021708170573,4.45630375808357e-06,813.5083333333333,0.0677916666666666,0.0723333333333333,0.052,0.071,0.0661093575520766,0.0092777014320697,0.0046208141778698,5.89375,6.2625,7.2625,8.689583333333333,0.0,813.5083333333333,63.33958333333334,7.50625,2023-10-16,0.0854021708170573,1076.3450259775427,2836.348299518728,2769.700685448318,3867.689058047891,0.054863701681872205,0.09736370168187221,C4,5545.553740970116
73,2023-10-17,2023-10-17,4859.270833333333,0.0101449356352369,98.5788826341312,2329.652339313711,0.1180180212769501,2272.289756714544,0.0819320678710937,4.675499324217398e-06,808.6145833333334,0.0671041666666666,0.0728541666666666,0.0524375,0.071,0.0660943091588203,0.0092950553865084,0.0046294574177174,6.547916666666667,6.825,7.50625,8.6,0.0,808.6145833333334,62.15625,8.9125,2023-10-17,0.0819320678710937,1069.8518445067316,2862.39883906878,2791.918541615379,3903.082548010412,0.05485121312368654,0.09735121312368654,C4,5589.157857523937
74,2023-10-18,2023-10-18,4940.5,0.0100611789288001,99.39945174101894,2347.0427287653533,0.1132118433553987,2294.562545923703,0.0778910319010416,4.236315870789036e-06,808.1666666666666,0.0661666666666666,0.0729375,0.0527916666666666,0.071,0.0658181858660545,0.0096134834711889,0.0047880524122963,6.7125,7.022916666666667,7.670833333333333,8.604166666666666,0.0,808.1666666666666,56.16875,8.735416666666667,2023-10-18,0.0778910319010416,1071.9235598919531,2883.7660747448117,2819.284687584567,3929.8239704262,0.05462206029990081,0.09712206029990081,C4,5640.589421892616
75,2023-10-19,2023-10-19,4807.36170212766,0.0101995010621995,98.0511489563836,2362.8346906328493,0.109046260285545,2306.8616130933524,0.0757725492436835,4.492142746554225e-06,811.5500000000001,0.0656666666666666,0.073,0.053,0.071,0.0656809251846156,0.0097717738329136,0.0048668898649815,6.952083333333333,7.195833333333333,7.760416666666667,8.595833333333333,0.0,811.5500000000001,55.9125,9.639583333333333,2023-10-19,0.0757725492436835,1079.3658170897834,2903.1693533170364,2834.3963138963304,3955.06625585936,0.0545081486033126,0.0970081486033126,C4,5667.87768772004
76,2023-10-20,2023-10-20,4874.645833333333,0.0101296702288414,98.7322730482951,2398.788005933181,0.0994259255741074,2353.505699210136,0.067755381266276,3.563308237110759e-06,810.4916666666667,0.064875,0.0728124999999999,0.053,0.071,0.0653003292542774,0.0102106807861115,0.0050854900739828,6.68125,7.022916666666667,7.766666666666667,8.597916666666666,0.0,810.4916666666667,48.55416666666667,9.045833333333333,2023-10-20,0.067755381266276,1078.0659743115805,2947.344497496129,2891.707001717431,4011.8671437964745,0.054192294655299844,0.09669229465529984,C4,5776.749649864897
77,2023-10-21,2023-10-21,5079.5,0.0099227509435971,100.78740379854425,2386.264922766881,0.1026169723897399,2342.594123150392,0.0695304870605468,3.4527092458226646e-06,805.725,0.0641458333333333,0.0725833333333333,0.053,0.071,0.0649313879614445,0.0106361474972302,0.0052973962907698,6.645833333333333,6.939583333333334,7.647916666666667,8.54375,0.0,805.725,47.00625,8.983333333333333,2023-10-21,0.0695304870605468,1064.9736129312569,2931.9576270554785,2878.3001589371806,3987.657786420337,0.05388611281088904,0.09638611281088903,C4,5744.088263165618
78,2023-10-22,2023-10-22,5237.416666666667,0.0097719087999634,102.34245927212324,2384.0525643910746,0.1032334967423427,2340.0633673521384,0.069976806640625,3.4821321947171254e-06,802.2208333333333,0.0636875,0.0724583333333333,0.053,0.0710416666666666,0.0647081266360895,0.0108936146435326,0.0054256293287351,6.8500000000000005,7.08125,7.652083333333334,8.489583333333334,0.0,802.2208333333333,45.9,9.28125,2023-10-22,0.069976806640625,1062.1217139679147,2929.23934504419,2875.1906681618225,3981.984097241409,0.05370082977071236,0.09620082977071236,C4,5735.288348183867
79,2023-10-23,2023-10-23,5427.5625,0.0095992783441901,104.18344277134356,2438.5054178849814,0.0897275200404944,2392.996970068789,0.06158447265625,3.521219787525892e-06,798.8666666666667,0.062875,0.0720624999999999,0.053,0.0710208333333333,0.0642500462855718,0.0114218773887145,0.0056887337194562,6.983333333333333,7.135416666666667,7.652083333333334,8.447916666666666,0.0,798.8666666666667,44.5875,9.4625,2023-10-23,0.06158447265625,1080.1858264351113,2996.1445145386465,2940.229163566035,4068.779753446365,0.05332067203468636,0.09582067203468635,C4,5857.9309355395935
80,2023-10-24,2023-10-24,5435.75,0.0095920152685761,104.26211854989548,2445.5809617421087,0.0880453905184777,2398.99448077353,0.0606880187988281,3.5966211835767e-06,799.8833333333333,0.0619583333333333,0.0717291666666666,0.053,0.071,0.0637702796894845,0.0119751489246126,0.0059642938865955,6.783333333333334,7.039583333333333,7.633333333333333,8.408333333333333,0.0,799.8833333333333,48.989583333333336,7.625,2023-10-24,0.0606880187988281,1064.331894307854,3004.8380986329958,2947.5981891450238,4076.2123501966735,0.05292251703243987,0.09542251703243987,C4,5863.958370492707
81,2023-10-25,2023-10-25,5381.208333333333,0.0096408174405406,103.7365696433971,2440.9909976858744,0.0891224692863773,2391.792114625473,0.0617688496907552,3.809725313299046e-06,801.7687500000001,0.0612291666666666,0.0714583333333333,0.053,0.0710416666666666,0.0633902079977449,0.0124134513207258,0.0061825929923582,6.385416666666667,6.754166666666666,7.51875,8.364583333333334,0.0,801.7687500000001,56.97083333333333,6.8500000000000005,2023-10-25,0.0617688496907552,1061.9782792458077,2999.1984984384867,2938.748780951001,4065.097105627932,0.052607098146438755,0.09510709814643875,C4,5839.426900092926
82,2023-10-26,2023-10-26,5520.645833333333,0.0095175091367133,105.07486981461687,2452.496892080333,0.0863874645397825,2404.549326448594,0.0598386128743489,3.6945105959624246e-06,799.4625,0.0608125,0.0712916666666666,0.053,0.0711666666666666,0.0631750741301891,0.0126615458031201,0.0063061579195218,6.554166666666667,6.7562500000000005,7.310416666666666,8.254166666666666,0.0,799.4625,44.89791666666667,8.597916666666666,2023-10-26,0.0598386128743489,1080.0702232708695,3013.3355686791256,2954.4233207507955,4082.285265570349,0.05242856002765653,0.09492856002765653,C4,5868.572467932861
83,2023-10-27,2023-10-27,4793.770833333333,0.0102164729763826,97.90422254307796,2224.671271606172,0.1530467094403482,2161.573452135673,0.1062876383463541,5.403015851043669e-06,804.9229166666668,0.0916041666666666,0.0837708333333333,0.053,0.071,0.0796577344983496,0.0063464195115793,0.0031608718466027,6.10625,6.472916666666666,7.260416666666667,8.179166666666665,5.2398,804.9229166666668,91.075,3.1833333333333336,2023-10-27,0.1062876383463541,1077.8922902555291,2733.4106285709063,2655.883556332594,3835.281056579673,0.06610740663647478,0.10860740663647478,C4,5501.160181639924
84,2023-10-28,2023-10-28,4714.3125,0.0103029744091611,97.08719847818696,2150.465601896558,0.1822974157688081,2082.2772316700907,0.1272481282552083,6.070608527224878e-06,801.3520833333333,0.1396875,0.1071874999999999,0.053,0.071,0.106691691242774,0.0375222431128304,0.0186881755390316,6.314583333333334,6.64375,7.225,8.083333333333334,8.4306,801.3520833333333,93.94166666666666,4.266666666666667,2023-10-28,0.1272481282552083,1066.240784689169,2642.2355552585973,2558.4538216151427,3898.0308967510173,0.08854270162385056,0.13104270162385057,C4,5616.438751211847
86,2024-04-09,2024-04-09,4358.895833333333,0.0107115036421542,93.36526909500049,2019.563281789888,0.2438184616200967,1993.3788970009584,0.1533304850260416,2.4335478594090184e-06,803.43125,0.2537916666666667,0.2123749999999999,0.1555833333333333,0.074,0.2089398904964906,0.1554358675820596,0.0774157549616731,3.4020833333333336,3.11875,3.0375,3.2000000000000006,0.0,803.43125,52.29166666666666,2.0166666666666666,2024-04-09,0.1533304850260416,980.0828395513907,2481.3984025291375,2449.226154611819,4188.014101519419,0.17339777977138165,0.21589777977138166,C4,6241.969453030546
87,2024-04-10,2024-04-10,4330.104166666667,0.0107473663835937,93.05549583703396,2036.4653276614504,0.2347048587114212,2006.62960562575,0.1490770975748697,2.757215684803941e-06,805.3645833333334,0.2497083333333333,0.2086666666666666,0.1546249999999999,0.074,0.205880713965066,0.1519079952542897,0.0756586772426678,4.9437500000000005,4.304166666666666,3.50625,3.1875,0.0,805.3645833333334,42.96666666666667,5.675,2024-04-10,0.1490770975748697,977.6850821801218,2502.1656198792166,2465.5070444014154,4209.874642827734,0.17085899018353773,0.21335899018353774,C4,6262.025705965977
88,2024-04-11,2024-04-11,4309.3125,0.0107730337740812,92.83248694889308,2041.92961023418,0.2315453189168906,2013.2054700248063,0.1467564900716146,2.6427385214047064e-06,806.3729166666667,0.2449166666666666,0.2057916666666666,0.1535,0.074,0.2027717168813652,0.1483226693778529,0.0738729844432794,4.65,4.260416666666667,3.825,3.4125,0.0,806.3729166666667,45.6,5.55,2024-04-11,0.1467564900716146,988.901201613656,2508.8794783501044,2473.5866819954426,4207.5867166675935,0.16827885486161137,0.21077885486161138,C4,6260.842848940382
89,2024-04-12,2024-04-12,4390.25,0.0106736572728294,93.69906220198015,2056.9453613197875,0.2235151890707466,2029.484868882938,0.1414782206217447,2.50580217375206e-06,805.4,0.24,0.202875,0.1515833333333333,0.074875,0.1994820353958742,0.1445289764802299,0.0719835132142069,5.679166666666667,5.04375,4.1875,3.625,0.0,805.4,39.36666666666667,7.458333333333333,2024-04-12,0.1414782206217447,986.8648113354378,2527.3290417248054,2493.588864984678,4223.8876283428035,0.16554877079588462,0.20804877079588463,C4,6287.332864979801
90,2024-04-13,2024-04-13,4434.354166666667,0.0106198166673344,94.17041116888596,2065.8445692186965,0.2188257525699857,2029.4890671470905,0.1414286295572916,3.319012087118275e-06,803.9666666666667,0.2325,0.2024583333333333,0.1509166666666666,0.076,0.1962437316076043,0.1407945328460702,0.0701235514319132,7.40625,6.3500000000000005,4.902083333333333,3.8375,0.0,803.9666666666667,30.48333333333333,13.75,2024-04-13,0.1414286295572916,986.1084168683476,2538.263326608692,2493.5940233107654,4227.522299824492,0.16286132472813297,0.20536132472813298,C4,6263.600485662362
91,2024-04-14,2024-04-14,4448.854166666667,0.0106041107458953,94.31942709322232,2076.125721321527,0.2140844575482155,2045.5749217601128,0.1366818745930989,2.7675510026718296e-06,803.5645833333333,0.22575,0.1987916666666666,0.149375,0.076,0.1919981001483945,0.1358984290792567,0.0676850179365573,7.539583333333333,6.66875,5.570833333333333,4.29375,0.0,803.5645833333333,36.66666666666666,10.458333333333334,2024-04-14,0.1366818745930989,989.2241654809504,2550.8955796478303,2513.358402223762,4229.017748347574,0.15933790434629413,0.20183790434629414,C4,6281.257076071944
92,2024-04-15,2024-04-15,4711.625,0.0103029430779999,97.0688295429249,2089.848914464741,0.207222711513352,2059.3451398996244,0.1324513753255208,2.7441023707892e-06,796.4083333333333,0.220875,0.194125,0.1473333333333333,0.0764166666666666,0.1881018888599746,0.1314052800744951,0.0654471784483499,7.139583333333333,6.9,5.98125,4.6000000000000005,0.0,796.4083333333333,35.86666666666667,7.741666666666667,2024-04-15,0.1324513753255208,988.2492694091836,2567.7570020405915,2530.2776033213268,4238.656515192741,0.1561044653637866,0.19860446536378662,C4,6293.712199801109
93,2024-04-16,2024-04-16,4486.416666666667,0.0105594119526827,94.71743106423008,2086.050455403281,0.2088636874455074,2035.0383071001536,0.1396993001302083,4.6430816180770585e-06,800.5437499999999,0.21575,0.1899583333333333,0.14525,0.078,0.1843271296817039,0.1270521908322685,0.0632790965548667,5.66875,5.433333333333334,5.160416666666666,4.7,4.7974,800.5437499999999,66.19166666666666,5.75,2024-04-16,0.1396993001302083,981.6943576416168,2563.089908747617,2500.4122672741723,4212.997514948733,0.15297181865315393,0.19547181865315394,C4,6190.745221127908
94,2024-04-17,2024-04-17,4434.041666666667,0.0106208693975976,94.1650457113869,2080.1868359870978,0.2117752469460395,2038.3751239606925,0.1387252807617187,3.8010397563853177e-06,802.1041666666666,0.2137083333333333,0.1873749999999999,0.1435416666666666,0.078,0.1822993347025285,0.1247137178085845,0.0621144062076377,6.258333333333333,5.691666666666666,5.202083333333333,4.7,0.87049997,802.1041666666666,52.725,8.516666666666667,2024-04-17,0.1387252807617187,981.9053051843808,2555.8853928091708,2504.512149710109,4191.43687908987,0.15128896553025312,0.19378896553025313,C4,6184.74834614433
95,2024-04-18,2024-04-18,4438.083333333333,0.0106157107228375,94.20893039846864,2080.805884250636,0.211537141582763,2038.5899621307929,0.1386896769205729,3.837254256828105e-06,802.0,0.2106249999999999,0.184625,0.1425833333333333,0.078125,0.1799632273058118,0.1220196958863723,0.060772632624515,8.40625,7.2875,5.9,4.875,0.0,802.0,40.25,11.641666666666666,2024-04-18,0.1386896769205729,977.8551545116472,2556.64600545552,2504.7761172207565,4181.3967107066155,0.14935024605004463,0.19185024605004464,C4,6167.522330105215
96,2024-04-19,2024-04-19,4464.25,0.0105847800001932,94.48557722000338,2100.929355932064,0.2019652789990601,2051.2109153364704,0.1349118550618489,4.49479471819813e-06,802.0645833333333,0.2055833333333333,0.1812916666666666,0.141625,0.08,0.1767492275186334,0.1183132798642265,0.0589266301604764,9.3875,8.512500000000001,6.872916666666666,5.28125,0.0,802.0645833333333,45.13333333333333,11.858333333333334,2024-04-19,0.1349118550618489,984.187141329768,2581.3713264860053,2520.2832386887244,4205.997730658965,0.1466829697058379,0.18918296970583792,C4,6179.946291013689
97,2024-04-20,2024-04-20,4398.895833333333,0.0106626693532226,93.7927421647433,2104.4046970474733,0.2002751452954655,2047.0643701307529,0.1360664367675781,5.189484356827024e-06,803.9895833333334,0.1999166666666666,0.1769999999999999,0.139375,0.0800833333333333,0.1725919159741598,0.1135190274878078,0.0565388243536776,7.975,7.58125,6.791666666666667,5.6375,0.6648,803.9895833333334,59.80833333333334,9.433333333333334,2024-04-20,0.1360664367675781,992.1040580975184,2585.6414109987213,2515.18845867254,4192.1594908094985,0.14323284541450848,0.1857328454145085,C4,6133.897129824134
98,2024-04-21,2024-04-21,4358.5625,0.0107121732159397,93.3609539006378,2113.566055568351,0.1960157726102817,2074.377164473943,0.1280466715494791,3.503067626773946e-06,807.4854166666668,0.1980833333333333,0.17375,0.1374583333333333,0.082,0.1704991528244962,0.1111056325338277,0.0553368186950775,7.727083333333333,7.0875,6.5,5.7,0.0,807.4854166666668,48.84166666666667,8.708333333333334,2024-04-21,0.1280466715494791,988.9296080424074,2596.8977952891682,2548.747161617334,4199.775167554831,0.14149607565323055,0.18399607565323056,C4,6198.989594170541
99,2024-04-22,2024-04-22,4525.479166666667,0.0105126714481696,95.1320955315037,2122.0814036094275,0.1924612886971438,2087.1687174596905,0.1245778401692708,3.099518692727802e-06,803.0895833333334,0.194125,0.1712083333333333,0.1364583333333333,0.082,0.1678615808074461,0.1080639586598726,0.053821894997205,9.39375,8.393749999999999,7.104166666666667,5.8812500000000005,0.0,803.0895833333334,34.55833333333333,11.425,2024-04-22,0.1245778401692708,985.7914655847644,2607.3604389788375,2564.4638957404504,4203.1212715479205,0.13930717275557492,0.18180717275557493,C4,6213.63775708746
100,2024-04-23,2024-04-23,4584.520833333333,0.0104451202756165,95.74957429546924,2123.9378657524653,0.1917587149611664,2077.950810563588,0.1272303263346354,4.100735947045984e-06,801.7666666666668,0.1935416666666667,0.1668333333333333,0.13525,0.082,0.1659448816413562,0.1058536024155537,0.0527210139711583,10.485416666666667,9.497916666666669,7.899999999999999,6.18125,0.0,801.7666666666668,37.7,13.866666666666667,2024-04-23,0.1272303263346354,981.6092503232594,2609.6414381619907,2553.1380315534275,4196.842122813843,0.13771651728476034,0.18021651728476035,C4,6171.091606547438
101,2024-04-24,2024-04-24,4578.270833333333,0.0104522501944365,95.6842762292474,2138.82251644775,0.1851008287548548,2097.229572714992,0.1217892964680989,3.6755547765504057e-06,802.2604166666666,0.188625,0.1629583333333333,0.13325,0.082375,0.1622961010767672,0.1016457929440542,0.0506252895284132,10.320833333333333,9.364583333333334,8.05625,6.512499999999999,0.0,802.2604166666666,33.975,14.75,2024-04-24,0.1217892964680989,991.5587487403878,2627.929921018913,2576.8254742974027,4206.969790752085,0.13468841936018844,0.17718841936018845,C4,6197.48016279411
102,2024-04-25,2024-04-25,4777.4375,0.0102321439387993,97.74307577642894,2156.892553185598,0.1772860417361183,2122.676716339932,0.1149101257324218,2.9866198363959687e-06,798.2979166666668,0.18225,0.1590416666666666,0.131375,0.084,0.1581448830287131,0.0968585676473666,0.0482409836003169,10.929166666666667,10.083333333333334,8.595833333333333,6.80625,0.0,798.2979166666668,26.7,13.741666666666667,2024-04-25,0.1149101257324218,994.9477935851957,2650.1322261901573,2608.091888234129,4220.064137722023,0.13124335201967713,0.17374335201967714,C4,6235.793597967926
103,2024-04-26,2024-04-26,4867.791666666667,0.0101359065871913,98.6657556888882,2164.578744743166,0.1744829306539435,2106.667810202323,0.1192970275878906,5.093633983438985e-06,794.9875000000001,0.175875,0.1547916666666666,0.1292916666666666,0.084,0.1537457203568697,0.0917854101829535,0.0457142674616519,9.0375,8.754166666666666,8.143749999999999,6.900000000000001,1.8815,794.9875000000001,60.4,8.716666666666667,2024-04-26,0.1192970275878906,993.0881764902088,2659.57610132121,2588.4220544268437,4210.842044280549,0.12759251713918504,0.17009251713918505,C4,6149.388781179637
104,2024-04-27,2024-04-27,4759.0,0.0102549365551187,97.54494226346615,2129.517978668832,0.1904603720910149,2066.1625578007347,0.13140869140625,5.687983754908957e-06,794.4208333333332,0.1811249999999999,0.1529166666666666,0.1275,0.084,0.1548739611449499,0.0930865085061273,0.0463622871918129,7.431249999999999,7.685416666666666,7.71875,6.900000000000001,6.3806996,794.4208333333332,90.83333333333331,3.7916666666666665,2024-04-27,0.13140869140625,1032.661704798346,2616.4976151391897,2538.6540330384464,4148.795974114515,0.12852883641855167,0.17102883641855168,C4,6040.958956229109
106,2024-04-29,2024-04-29,4250.625,0.0108481561126284,92.1953277831582,2024.4475708909483,0.2416421796291067,1963.247212824392,0.1644020080566406,5.776426723082017e-06,802.8229166666666,0.2489166666666666,0.190625,0.126,0.0852916666666666,0.1942748240723199,0.1385239693992355,0.0689926838518658,8.070833333333333,7.747916666666666,7.254166666666666,6.599999999999999,3.199,802.8229166666666,81.09166666666667,6.625,2024-04-29,0.1644020080566406,1015.5069279852536,2487.3996342222194,2412.2039361671564,4134.005476116511,0.16122734189037902,0.20372734189037903,C4,6044.7230949025725
107,2024-04-30,2024-04-30,4466.104166666667,0.010582995784424,94.50397152477429,2047.167436359648,0.2288411257756454,2002.31871406106,0.1505037943522135,4.155249343112125e-06,799.1729166666668,0.2395833333333333,0.189625,0.126,0.086,0.1902235663790073,0.1338520193623259,0.0666657914500228,9.214583333333334,8.579166666666667,7.64375,6.6937500000000005,0.0,799.1729166666668,40.6,12.483333333333334,2024-04-30,0.1505037943522135,1013.2635274009748,2515.3150941575686,2460.2103351878186,4161.889867618113,0.15786523096157132,0.20036523096157133,C4,6135.459428762041
108,2024-05-01,2024-05-01,4539.3125,0.0104971751555216,95.27578553895722,2068.5978320918853,0.2178287404995842,2021.399845992646,0.1443595886230468,4.335636924162591e-06,798.1354166666666,0.2282083333333333,0.1853333333333333,0.126,0.086,0.1842346593189303,0.1269455531045608,0.0632259850026471,8.529166666666667,8.495833333333334,7.95625,6.86875,0.0,798.1354166666666,58.875,7.2,2024-05-01,0.1443595886230468,1011.747984500171,2541.6462075299664,2483.6549534973387,4177.310933142017,0.15289507813433056,0.19539507813433057,C4,6148.414403935737
109,2024-05-02,2024-05-02,4478.916666666667,0.0105680904255602,94.63870122586812,2045.36361225448,0.2301456877580573,2006.3583633353487,0.1495437622070312,3.6202507116155726e-06,800.9187499999999,0.2230833333333333,0.1815833333333333,0.1256666666666666,0.086,0.1808740484318975,0.1230700637266255,0.0612957745518294,7.1312500000000005,6.933333333333334,7.05,6.8500000000000005,2.2758,800.9187499999999,55.25833333333333,6.158333333333334,2024-05-02,0.1495437622070312,1002.5409411486816,2513.098770315,2465.1737742374303,4114.5121772510465,0.15010613024552708,0.19260613024552709,C4,6076.8876236522165
110,2024-05-03,2024-05-03,4650.020833333333,0.0103709269113503,96.4322711676448,2083.597256816341,0.2104743717174784,2052.541267741516,0.1346041361490885,2.8032724833043937e-06,798.9250000000001,0.2146249999999999,0.1774166666666666,0.125375,0.086,0.1760411916930419,0.1174967660179298,0.05851996060067,8.59375,8.120833333333334,7.475,6.7625,0.0,798.9250000000001,37.98333333333333,9.108333333333333,2024-05-03,0.1346041361490885,1003.9808210242976,2560.0757110200148,2521.9178169970382,4167.8146203950055,0.14609537563816405,0.18859537563816406,C4,6178.359874806301
111,2024-05-04,2024-05-04,4495.708333333333,0.0105476413772865,94.81802556208515,2076.404026592111,0.2136988296838712,2035.7631539700312,0.1395301818847656,3.6968595358243024e-06,802.3104166666667,0.20265,0.1712499999999999,0.12465,0.0867,0.1690866457113103,0.1094767155013523,0.0545255269140962,7.652500000000001,7.7425,7.68,6.885000000000001,0.0,802.3104166666667,52.96666666666667,7.591666666666666,2024-05-04,0.1395301818847656,996.7379891093498,2551.2375279591656,2501.302872624948,4118.8350895077065,0.14032384570347933,0.18282384570347934,C4,6071.596860831645
112,2024-05-05,2024-05-05,4737.833333333333,0.0102760355657511,97.33327432913,2099.0121867455305,0.2030409854559156,2053.0096965708,0.1343905131022135,4.148950270962078e-06,795.56875,0.1932916666666666,0.1659166666666666,0.1234166666666666,0.087625,0.1633649988676115,0.1028784563418011,0.0512392248384202,8.708333333333334,8.283333333333333,7.60625,6.900000000000001,0.0,795.56875,46.91666666666666,11.316666666666668,2024-05-05,0.1343905131022135,1008.5986901364748,2579.015737730883,2522.493366453282,4134.235234659246,0.13557549029381682,0.17807549029381683,C4,6075.831697737034
113,2024-05-06,2024-05-06,4584.416666666667,0.0104515212706646,95.7291288601054,2011.4014846032303,0.2516607384589897,1964.084712595852,0.1651929219563802,4.448852569986498e-06,793.7958333333332,0.2459583333333333,0.19075,0.122,0.088,0.1924317443545122,0.1363985118234676,0.0679340871108002,7.53125,7.649999999999999,7.614583333333333,6.900000000000001,11.939099,793.7958333333332,66.3,5.375,2024-05-06,0.1651929219563802,1013.7802658763636,2471.3701599465185,2413.2329559625537,4099.122996484308,0.15969778269395124,0.20219778269395125,C4,6034.104320954479
116,2024-05-09,2024-05-09,4378.229166666667,0.0106878736858756,93.571966259414,2035.0328990872515,0.2355202959348737,2000.0308301523564,0.1512540181477864,3.241848835343211e-06,803.0854166666667,,,,,,,,,,,,0.0,803.0854166666667,55.81666666666666,3.883333333333333,2024-05-09,0.1512540181477864,996.071249701056,2500.405622553159,2457.3992564128084,,,,C4,
117,2024-05-10,2024-05-10,4211.645833333333,0.0108998756876333,91.76723197460564,2016.6861963714105,0.2463086379528073,1971.697190036664,0.1613756815592447,4.2248120057788815e-06,806.5124999999999,,,,,,,,,,,,0.0,806.5124999999999,54.18333333333334,8.116666666666667,2024-05-10,0.1613756815592447,966.4202735920528,2477.8633832377277,2422.586259981915,,,,C4,
118,2024-05-11,2024-05-11,3939.0208333333335,0.011268704812396,88.7526476281651,1999.356578168093,0.2563891808009109,1950.811034231477,0.1690889994303385,4.609761654767745e-06,803.90625,,,,,,,,,,,,0.3814,803.90625,62.208333333333336,7.241666666666667,2024-05-11,0.1690889994303385,977.5324926514904,2456.5708160208983,2396.923843697523,,,,C4,
119,2024-05-13,2024-05-13,4024.4791666666665,0.0111476720656066,89.71226258678767,1991.380628541604,0.2611857809504175,1937.3028639706108,0.1742680867513021,5.170825861015476e-06,803.4083333333333,,,,,,,,,,,,2.4282,803.4083333333333,59.81666666666666,10.6,2024-05-13,0.1742680867513021,994.8197033620696,2446.7709207463704,2380.326615767781,,,,C4,
120,2024-05-14,2024-05-14,4160.375,0.0109645580319967,91.21308723752368,2022.404946016544,0.2424932237795442,1966.6200445950471,0.1629435221354166,5.25392511227861e-06,802.3270833333332,,,,,,,,,,,,0.0,802.3270833333332,47.79166666666666,13.525,2024-05-14,0.1629435221354166,990.3715634538644,2484.8899004862105,2416.348069427633,,,,C4,
121,2024-05-15,2024-05-15,4234.125,0.0108687292024772,92.01775710689093,2051.779373374797,0.2264247552636118,1997.897481788776,0.1519279479980468,4.9965649915812055e-06,802.1999999999999,,,,,,,,,,,,0.50409997,802.1999999999999,53.28333333333333,11.766666666666666,2024-05-15,0.1519279479980468,996.9268881431676,2520.981692102355,2454.778052477701,,,,C4,
122,2024-05-16,2024-05-16,4332.354166666667,0.0107440688170878,93.0811475766086,2075.853351263791,0.2140015211445713,2028.048062135252,0.1420338948567708,4.37011336873545e-06,801.81875,,,,,,,,,,,,0.0,801.81875,46.88333333333333,12.283333333333331,2024-05-16,0.1420338948567708,996.4332310563592,2550.5609238179004,2491.823488281408,,,,C4,
123,2024-05-17,2024-05-17,4398.729166666667,0.0106632909402431,93.78970942312714,2080.0368365263644,0.212147443973086,2035.72228468573,0.1397018432617187,4.033345647746774e-06,800.6270833333333,,,,,,,,,,,,0.0,800.6270833333333,40.30833333333333,13.575,2024-05-17,0.1397018432617187,990.3873707025776,2555.701091368557,2501.252657324595,,,,C4,
124,2024-05-18,2024-05-18,4371.416666666667,0.0106968350177178,93.4972491305302,2109.170879412146,0.1980831872092628,2059.4363280476937,0.1323496500651041,4.472095813104918e-06,802.4458333333333,0.1585405405405405,0.1509729729729729,0.119081081081081,0.0894054054054054,0.1436564698245343,0.0801503876874103,0.0399193755586425,11.013513513513514,10.55135135135135,9.84054054054054,8.2,0.0,802.4458333333333,38.6,14.5,2024-05-18,0.1323496500651041,991.5555413022296,2591.4975272256806,2530.3896444378342,4047.3236009649136,0.11921951743239342,0.16171951743239343,C4,5927.291405221749
125,2024-05-19,2024-05-19,4332.375,0.0107452670863286,93.07782598192593,2100.7746638387816,0.2020046616460184,2036.6288477960427,0.1394157409667968,5.847338173432234e-06,801.9541666666668,0.1482916666666666,0.1457916666666666,0.1169583333333333,0.0884999999999999,0.1373290379216461,0.0728535312664924,0.0362851329770577,11.452083333333334,10.841666666666669,9.847916666666666,8.4125,1.3450999,801.9541666666668,58.34166666666667,13.483333333333334,2024-05-19,0.1394157409667968,1003.5407011414532,2581.181259298403,2502.366533910689,3995.283294743386,0.11396842516366339,0.15646842516366338,C4,5796.906986717962
126,2024-05-20,2024-05-20,4556.0625,0.0104785418875402,95.44931954844304,2133.0027626640795,0.1875582244184249,2087.918891483583,0.1243921915690104,4.009473948728612e-06,798.7541666666666,0.1373333333333333,0.1391666666666667,0.1136666666666666,0.088,0.1300208533160257,0.0644256612264476,0.0320875823600839,11.222916666666668,10.5625,9.766666666666667,8.5,0.0,798.7541666666666,43.525,13.016666666666666,2024-05-20,0.1243921915690104,1001.2204325382094,2620.779301936002,2565.3856200762466,4013.3026275212883,0.10790341296440001,0.15040341296440002,C4,5872.642746370804
127,2024-05-21,2024-05-21,4432.75,0.0106301098436747,94.12843973089171,2114.067699312228,0.1968729724437535,2058.333313901692,0.1337598164876302,5.054423239848757e-06,799.8270833333332,0.1285416666666666,0.1335416666666666,0.11125,0.088,0.1241277475850321,0.0576296739993514,0.0287028006486312,10.614583333333334,10.429166666666667,9.84375,8.575000000000001,5.5081,799.8270833333332,66.94166666666666,8.841666666666667,2024-05-21,0.1337598164876302,1021.3080335328364,2597.5141552695254,2529.034392258051,3942.176610093241,0.10301276500204043,0.14551276500204044,C4,5731.502689792934
128,2024-05-22,2024-05-22,4176.708333333333,0.0109474369027882,91.3796899702104,2046.9268126551613,0.2292764060727996,1996.977443009915,0.1524887084960937,4.639535707360199e-06,804.65625,0.1301666666666666,0.1315416666666666,0.1095,0.088,0.1237610201091173,0.0572067602835777,0.0284921659663048,8.891666666666667,8.558333333333334,8.74375,8.450000000000001,10.2748995,804.65625,74.95833333333333,5.558333333333334,2024-05-22,0.1524887084960937,1014.8458840317842,2515.019444458791,2453.6476185979036,3814.8108173107116,0.10270842038908172,0.14520842038908172,C4,5556.704583983367
129,2024-05-23,2024-05-23,4539.4375,0.0104965994879374,95.27840499018144,2109.242351510515,0.198239140323803,2068.451125233581,0.1298370361328125,3.652568956909725e-06,797.0479166666668,0.125375,0.1302916666666666,0.107375,0.0887916666666666,0.121015564073085,0.0540406735026633,0.0269152776828508,10.191666666666666,9.975,9.225,8.375,0.28219998,797.0479166666668,44.59166666666667,10.516666666666667,2024-05-23,0.1298370361328125,1021.54895359251,2591.5853436126777,2541.4659516463707,3914.1342915335763,0.10042998528520225,0.14292998528520226,C4,5728.7019018004785
130,2024-05-24,2024-05-24,4421.645833333333,0.010635558743882,94.03391402471908,2115.3495180142168,0.1953719483034378,2066.927961366885,0.1302680969238281,4.342404543119883e-06,802.3020833333334,0.12,0.1282083333333333,0.1054583333333333,0.09,0.1178318414208522,0.0503691733689736,0.0250866652839692,8.174999999999999,8.237499999999999,8.4625,8.2,0.4644,802.3020833333334,63.24166666666667,6.958333333333333,2024-05-24,0.1302680969238281,1015.0765949536772,2599.089101154176,2539.594469618702,3905.6791460515656,0.09778783572729247,0.14028783572729248,C4,5691.494411890534
131,2024-05-25,2024-05-25,4622.083333333333,0.0104025417383025,96.14119617146244,2125.801064388142,0.190609883442603,2074.0110524908782,0.1281509399414062,4.6269074681509964e-06,797.5437499999999,0.1161249999999999,0.1259166666666666,0.1031249999999999,0.0890833333333333,0.1149728281493382,0.0470721312722875,0.0234445539294543,9.408333333333331,9.0125,8.46875,8.1625,0.0,797.5437499999999,52.175,10.291666666666666,2024-05-25,0.1281509399414062,1023.681360993876,2611.930714343555,2548.2973268940964,3906.8981682738163,0.09541516025378938,0.1379151602537894,C4,5682.743754364273
132,2024-05-26,2024-05-26,4372.520833333333,0.01069526644906,93.50969752297271,2093.3403374332543,0.2057332013893198,2031.2950382006843,0.1411259969075521,5.661035522888456e-06,803.1479166666667,0.1124583333333333,0.1237499999999999,0.1015416666666666,0.08825,0.1124025741667934,0.0441080892148201,0.0219682952178294,9.591666666666669,9.139583333333333,8.63125,8.1625,5.4191,803.1479166666667,67.14999999999999,9.45,2024-05-26,0.1411259969075521,1017.5812415792982,2572.046846015643,2495.812985067403,3831.0577763390384,0.0932821241305159,0.1357821241305159,C4,5536.998011493595
133,2024-05-27,2024-05-27,4334.770833333333,0.0107413572963035,93.1062866426857,2129.914429140161,0.1888359662875885,2079.097707769269,0.1267038981119791,4.526974516163678e-06,807.5124999999999,0.1073333333333333,0.1212083333333333,0.0997083333333333,0.0888333333333333,0.1091515373073353,0.0403589616782994,0.0201010200309481,10.4125,9.783333333333331,9.039583333333336,8.2,0.0,807.5124999999999,50.99166666666667,11.591666666666669,2024-05-27,0.1267038981119791,1020.6099799045,2616.98472617706,2554.547202001169,3876.9156672111853,0.09058411097445737,0.13308411097445738,C4,5632.687801237764
134,2024-05-28,2024-05-28,4309.9375,0.0107727400073331,92.83782276212168,2157.9392809930955,0.1772215403086562,2105.070139519714,0.1197395324707031,4.653174635187986e-06,808.7333333333332,0.1011666666666666,0.1175416666666666,0.098375,0.0894583333333333,0.1052221450994427,0.0358275481123346,0.0178441226512778,11.65,10.885416666666666,9.695833333333333,8.40625,0.0,808.7333333333332,45.46666666666667,13.716666666666669,2024-05-28,0.1197395324707031,1014.5427261679956,2651.418320432822,2586.459027313338,3901.7308912997796,0.08732313537482199,0.12982313537482199,C4,5660.832344888538
135,2024-05-29,2024-05-29,4395.520833333333,0.0106672533229446,93.75532218029656,2158.823463421218,0.1767742912947352,2099.878515027491,0.1210098266601562,5.197737659923702e-06,805.4791666666666,0.0964999999999999,0.114375,0.0962916666666666,0.09,0.1018970635251902,0.0319930314857574,0.0159343189220784,11.389583333333334,10.785416666666668,9.9,8.68125,0.0,805.4791666666666,49.74166666666667,13.858333333333334,2024-05-29,0.1210098266601562,1016.7082500761964,2652.504698306925,2580.0801785603962,3880.8154970010273,0.08456367301861961,0.12706367301861962,C4,5609.565817472871
136,2024-05-30,2024-05-30,4567.645833333333,0.0104644856144005,95.57291043386384,2201.730448460978,0.1603384159984367,2152.9109596860253,0.1076863606770833,4.197337386807897e-06,804.0875,0.0919166666666666,0.1112083333333333,0.094,0.08925,0.0984857660242346,0.0280590898083847,0.0139749959571378,12.216666666666669,11.3125,10.1875,8.8,0.0,804.0875,35.166666666666664,15.8,2024-05-30,0.1076863606770833,1025.51016709199,2705.2236822055834,2645.240119149766,3934.055100955647,0.08173266065712276,0.12423266065712275,C4,5711.234410742191
137,2024-05-31,2024-05-31,4572.3125,0.0104581069983366,95.62489130031848,2218.979724525824,0.1538441589212692,2171.885313023713,0.1030807495117187,4.0124575516456364e-06,805.0333333333333,0.0874166666666666,0.1075416666666666,0.091625,0.0900416666666666,0.0950178801141696,0.0240598898235822,0.0119831707054613,12.775,12.041666666666666,10.6875,9.01875,0.0,805.0333333333333,37.55,13.883333333333333,2024-05-31,0.1030807495117187,1026.704272773227,2726.4175345884405,2668.553540663071,3940.038741812798,0.07885468596365067,0.12135468596365066,C4,5719.9397200121775
138,2024-06-01,2024-06-01,4587.708333333333,0.0104411293643566,95.7839499856962,2221.8852859144977,0.1526381712321377,2160.834612131179,0.1055984497070312,5.235095842213966e-06,804.3458333333333,0.0842916666666666,0.1046666666666666,0.089875,0.0906666666666666,0.0924856141382979,0.0211396559073425,0.0105287308981817,12.172916666666666,11.383333333333333,10.48125,9.266666666666667,0.0,804.3458333333333,48.175,14.433333333333332,2024-06-01,0.1055984497070312,1022.091391021744,2729.9875417545018,2654.97575788755,3926.80452628923,0.07675317582614948,0.11925317582614947,C4,5660.508833659584
139,2024-06-02,2024-06-02,4779.5625,0.0102292500233831,97.76679931478792,2236.34816470894,0.1476165293104564,2186.0281743964274,0.0998522440592448,4.265341327472432e-06,800.36875,0.08175,0.1021666666666666,0.088,0.0882083333333333,0.0901038033544434,0.018392928391611,0.0091607069818736,12.747916666666669,11.920833333333334,10.70625,9.391666666666667,0.0,800.36875,37.225,15.966666666666669,2024-06-02,0.0998522440592448,1028.7403627736658,2747.757801622118,2685.9306013047867,3934.767986992111,0.07477652741892328,0.11727652741892328,C4,5696.282010178279
140,2024-06-03,2024-06-03,4806.770833333333,0.0102007983679559,98.04294921844289,2267.653870928483,0.1371812529171987,2207.419416515359,0.0951398213704427,5.053043131832615e-06,800.4833333333332,0.079375,0.1,0.0857083333333333,0.087875,0.0879339285429369,0.0158906075142102,0.007914411240139,12.9125,12.152083333333332,10.93125,9.5,0.0,800.4833333333332,40.1,16.275000000000002,2024-06-03,0.0951398213704427,1034.7611063020554,2786.2225182782718,2712.21360738865,3973.4334139811954,0.07297576321921488,0.11547576321921488,C4,5725.5911991916855
141,2024-06-04,2024-06-04,4740.833333333333,0.01027246494691,97.36510087215372,2264.921532177312,0.1381252815922341,2184.667882172424,0.1003837585449218,6.822915638630845e-06,801.5270833333334,0.078,0.0978,0.0837,0.0877999999999999,0.0862320374021615,0.0139279699878227,0.0069369079895383,13.1225,12.31,11.1575,9.785,1.0421,801.5270833333334,52.075,17.308333333333334,2024-06-04,0.1003837585449218,1028.2589202848271,2782.865346421634,2684.259236519117,3955.6779290327627,0.07156337545294487,0.11406337545294487,C4,5645.253973964209
142,2024-06-05,2024-06-05,4615.979166666667,0.0104094715905397,96.0775212260923,2272.536359421093,0.1356209749259933,2200.1903934436696,0.0967292785644531,6.088866510944287e-06,806.53125,0.07575,0.0959583333333333,0.0815416666666666,0.0882916666666666,0.0842950751560336,0.0116942461612126,0.0058243886006553,14.3625,13.135416666666666,11.647916666666667,10.0,0.0,806.53125,49.65,16.691666666666666,2024-06-05,0.0967292785644531,1024.4336057259436,2792.2215375985243,2703.331446347359,3954.051198501318,0.06995590379120775,0.11245590379120775,C4,5659.375468591063
143,2024-06-06,2024-06-06,4596.333333333333,0.0104318729148595,95.87226731056762,2291.561202036466,0.1295198612600078,2221.408028166079,0.0921440124511718,5.849297082950567e-06,807.3249999999999,0.073875,0.0939166666666666,0.0796666666666666,0.087625,0.0824365710468743,0.0095510010263212,0.0047569326603592,16.306250000000002,14.63125,12.508333333333333,10.29375,0.0,807.3249999999999,42.266666666666666,19.016666666666666,2024-06-06,0.0921440124511718,1030.2803758839796,2815.5969943122723,2729.4011443758213,3972.5918616930967,0.06841354399835801,0.11091354399835801,C4,5690.362698209342
144,2024-06-07,2024-06-07,4729.104166666667,0.0102832705528955,97.25065606777542,2311.236299304871,0.1235987635102451,2238.408203743467,0.0887044270833333,6.028972120104589e-06,805.00625,0.07175,0.0918333333333333,0.078,0.08625,0.0804662895630475,0.0072788531285754,0.0036252759351461,16.306250000000002,14.985416666666666,13.0,10.64375,0.0,805.00625,42.31666666666667,18.508333333333333,2024-06-07,0.0887044270833333,1025.97325165394,2839.771406360483,2750.288931800367,3990.999628205587,0.06677842093014731,0.10927842093014731,C4,5707.351638626345
145,2024-06-08,2024-06-08,4771.270833333333,0.0102381380004225,97.68196513299849,2321.067634548318,0.1206227420397147,2231.477026305656,0.0900459289550781,7.4365496818458835e-06,804.4708333333333,0.0694166666666666,0.0898333333333333,0.0757916666666666,0.087125,0.0784559720097424,0.0049605352435228,0.0024706239741517,14.879166666666668,13.933333333333332,12.69375,10.91875,0.7043,804.4708333333333,57.6,16.875,2024-06-08,0.0900459289550781,1031.6539955670687,2851.8509781113603,2741.772727937428,3991.747224360238,0.06511007220291185,0.10761007220291184,C4,5662.8310804058665
146,2024-06-09,2024-06-09,4820.4375,0.0101856812053935,98.184324086638,2333.778712211242,0.1169380578053346,2247.5541003488206,0.0867894490559895,7.105931167445816e-06,805.0895833333334,0.0684166666666666,0.088625,0.0738333333333333,0.0871666666666666,0.0772458666376844,0.0035650298805874,0.0017755842583816,15.575,14.539583333333333,12.98125,11.0,1.183,805.0895833333334,53.14166666666667,17.358333333333334,2024-06-09,0.0867894490559895,1029.5540686182064,2867.4688337594625,2761.52631833381,4003.7151236443583,0.06410581406768609,0.10660581406768609,C4,5687.088479935591
147,2024-06-10,2024-06-10,4862.166666666667,0.0101420705936101,98.60774325779012,2341.739703685901,0.1147353920302318,2259.315748340358,0.0845222473144531,6.75866374805534e-06,805.00625,0.067,0.087,0.072,0.0866666666666666,0.0757266627513263,0.001813069084645,0.0009030098018487,15.254166666666668,14.327083333333334,12.91875,11.15625,0.0,805.00625,46.075,18.33333333333333,2024-06-10,0.0845222473144531,1028.705521048967,2877.2503502417094,2775.977628080066,4004.8354104362415,0.06284503719885273,0.10534503719885273,C4,5696.072400131623
148,2024-06-11,2024-06-11,4814.6875,0.010192543771266,98.12321868700474,2338.512374521005,0.1156474778741555,2249.8188716230766,0.0865008036295573,7.317214926337444e-06,806.35,0.0655833333333333,0.0857916666666666,0.0710833333333333,0.0870416666666666,0.0745888541923569,0.0005009371144058,0.0002494946983814,14.8625,13.804166666666667,12.75625,11.25625,1.0512999,806.35,58.175,17.591666666666665,2024-06-11,0.0865008036295573,1027.5283359804905,2873.284993222982,2764.3089990612257,3989.8837920438423,0.061900777692152735,0.10440077769215274,C4,5656.7200223740365
149,2024-06-12,2024-06-12,4906.604166666667,0.0100960762712706,99.05721980084122,2374.022357626377,0.1059638019923795,2296.404041742787,0.0775973002115885,6.26068246160305e-06,806.55625,0.065375,0.0852916666666666,0.07,0.0865416666666666,0.0740828463307481,8.259610581422669e-05,4.113747996502078e-05,17.595833333333335,15.839583333333332,13.679166666666667,11.43125,0.0,806.55625,42.53333333333333,19.691666666666663,2024-06-12,0.0775973002115885,1028.327565518568,2916.9154236957593,2821.547297934508,4046.1956007786516,0.06148084524391923,0.10398084524391922,C4,5765.8856736923035
150,2024-06-13,2024-06-13,4974.291666666667,0.0100273571964487,99.73745411748848,2399.0261514556114,0.0994114345037066,2332.923294618308,0.0712203979492187,5.252241263624636e-06,807.0979166666666,0.0635416666666666,0.0844583333333333,0.068375,0.0843749999999999,0.072599882320491,0.0017927647218202,0.0008928970936203,17.39375,15.970833333333331,14.089583333333332,11.816666666666668,0.0,807.0979166666666,37.708333333333336,19.216666666666665,2024-06-13,0.0712203979492187,1037.3335092739776,2947.637102300473,2866.4177986828495,4076.0970064474827,0.060250143599305486,0.10275014359930548,C4,5835.700104790219
151,2024-06-14,2024-06-14,4908.125,0.0100947750286512,99.07172696069776,2395.156623224129,0.1003457227255777,2312.059189601663,0.0747896830240885,6.663312449214023e-06,807.5479166666668,0.0621666666666666,0.0826666666666666,0.0675833333333333,0.0865833333333333,0.0714227994526231,0.0031501882096073,0.0015689699057996,16.820833333333333,15.654166666666669,14.002083333333331,11.95,0.43089998,807.5479166666668,39.36666666666667,20.075,2024-06-14,0.0747896830240885,1033.227424298061,2942.8826876907797,2840.782475776494,4059.386963226179,0.05927329061345283,0.10177329061345282,C4,5766.656306196416
152,2024-06-15,2024-06-15,4976.520833333333,0.0100255847494334,99.75821656605513,2418.3425047101887,0.0946706551160831,2326.4341207447537,0.0723546346028645,7.319475181943194e-06,805.5333333333333,0.060375,0.0812916666666666,0.0658333333333333,0.0845833333333333,0.0697634779839118,0.0050637339733802,0.0025220227131125,14.652083333333332,14.1875,13.472916666666668,12.0,0.909,805.5333333333333,69.25833333333334,13.458333333333334,2024-06-15,0.0723546346028645,1043.9943530454989,2971.370732506958,2858.444676063339,4084.164886397623,0.0578962311255885,0.1003962311255885,C4,5777.956195297978
153,2024-06-16,2024-06-16,5161.0625,0.0098445876624726,101.59141815845156,2420.7762529735987,0.0939385787488433,2346.737829871023,0.0688832600911458,5.851809358143895e-06,800.275,0.0595833333333333,0.0807083333333333,0.0649583333333333,0.0845,0.0690634832766783,0.0058709747232576,0.0029240737522949,14.895833333333334,13.94375,13.0625,11.883333333333333,0.0,800.275,50.28333333333333,16.849999999999998,2024-06-16,0.0688832600911458,1043.8741685560033,2974.3610319976633,2883.391451361556,4082.111704275186,0.05731531032679998,0.09981531032679998,C4,5817.425821327632
154,2024-06-17,2024-06-17,5472.208333333333,0.0095599955899302,104.61122256828816,2456.4991025576755,0.085480022576043,2403.389920397966,0.0599937438964843,4.090434058245592e-06,795.5729166666666,0.0595416666666666,0.08,0.064,0.0843333333333333,0.0686029272826874,0.0064020924047313,0.0031886000609545,17.352083333333333,15.622916666666669,13.7625,11.866666666666667,0.0,795.5729166666666,33.891666666666666,17.650000000000002,2024-06-17,0.0599937438964843,1047.8324467486252,3018.2530074019473,2952.998780926838,4138.2247560292835,0.05693309807126246,0.09943309807126245,C4,5951.368662774629
155,2024-06-18,2024-06-18,5419.104166666667,0.0096096568054242,104.09175541404352,2469.2042518195785,0.0825682174069771,2413.407746741764,0.0585301717122395,4.2828659417307964e-06,797.7666666666668,0.0581666666666666,0.0791666666666666,0.06375,0.0847083333333333,0.0677454791517824,0.0073909099843788,0.0036810865162275,18.035416666666663,16.366666666666667,14.325,12.15625,0.0,797.7666666666668,32.0,17.175,2024-06-18,0.0585301717122395,1045.429150674163,3033.863578938205,2965.3074906912007,4151.883968169543,0.05622150775782472,0.09872150775782472,C4,5962.653576936797
156,2024-06-19,2024-06-19,5238.854166666667,0.0097702934626824,102.35747710395866,2469.531855259489,0.0825900592364686,2404.1301138946865,0.0600179036458333,5.046898415550869e-06,803.3708333333334,0.0562083333333333,0.078375,0.06275,0.0833333333333333,0.0664045737317984,0.0089372552432172,0.0044512529360288,16.766666666666666,15.579166666666666,14.108333333333334,12.29375,0.0,803.3708333333334,41.825,15.283333333333331,2024-06-19,0.0600179036458333,1037.5036955008554,3034.2660989581454,2953.908242381642,4140.2626662573075,0.05510869956138056,0.09760869956138056,C4,5919.2623914016585
157,2024-06-20,2024-06-20,5135.4375,0.0098679394228311,101.34296882367428,2458.28527157234,0.0849605185496713,2367.987912033921,0.0653711954752604,7.064539135885864e-06,805.7333333333332,0.0549583333333333,0.076875,0.062,0.0827916666666666,0.0652206915715512,0.0103025197415466,0.0051312310099746,15.545833333333334,14.739583333333334,13.654166666666669,12.26875,0.0,805.7333333333332,49.05,17.958333333333332,2024-06-20,0.0653711954752604,1045.3327716038002,3020.44763877577,2909.501016933522,4110.648126165172,0.05412620388949134,0.09662620388949134,C4,5811.131289709599
158,2024-06-21,2024-06-21,4799.833333333333,0.0102075424301869,97.97418185626204,2392.850596661136,0.1009657560141069,2271.762519020814,0.0821100870768229,9.872374678962769e-06,809.1,0.0550833333333333,0.0762916666666666,0.06125,0.0826666666666666,0.0649147467590812,0.010655338294726,0.0053069543811872,14.839583333333332,14.29375,13.45625,12.125,8.344,809.1,83.375,14.05,2024-06-21,0.0821100870768229,1092.0658093862694,2940.0493173868153,2791.270734843107,3998.5152174578857,0.05387230239136759,0.09637230239136758,C4,5570.183804504193
159,2024-06-22,2024-06-22,4418.1875,0.0106452864223081,93.9802952968571,2194.9609120669847,0.1655236238112039,2090.785650822999,0.1251271565755208,9.202203508024976e-06,809.6166666666667,0.0687083333333333,0.0765833333333333,0.06075,0.079875,0.0702393754645496,0.0045149243393002,0.0022486848226149,14.4,13.958333333333334,13.225,12.00625,14.5917,809.6166666666667,82.44166666666666,13.483333333333334,2024-06-22,0.1251271565755208,1091.661568926735,2696.9060835715704,2568.9079519137304,3710.7010691194228,0.05829117517550306,0.10079117517550305,C4,5198.6164337291875
160,2024-06-23,2024-06-23,4357.520833333333,0.0107152123293767,93.34456820552045,2125.6513676362183,0.192174283568862,2022.7246362415683,0.1445528666178385,9.429745753414978e-06,810.4729166666666,0.0705416666666666,0.0781666666666666,0.0608749999999999,0.078,0.0714117137804485,0.0031629723152965,0.0015753371053967,14.327083333333334,14.010416666666666,13.1875,12.0,4.4621997,810.4729166666666,81.55,14.35,2024-06-23,0.1445528666178385,1070.0462537141088,2611.74678483541,2485.28269769184,3602.536018697741,0.05926409069027023,0.10176409069027022,C4,5044.970003196981
161,2024-06-24,2024-06-24,4568.708333333333,0.0104626083597206,95.58602663796354,2229.035385523039,0.1503115633688377,2126.451092043021,0.1141064961751302,8.932465971886023e-06,807.5916666666667,0.0672083333333333,0.079375,0.0614166666666666,0.0780833333333333,0.0705796747029377,0.0041224879257953,0.0020532295412919,15.475,14.772916666666667,13.452083333333334,12.00625,0.0,807.5916666666667,64.7,17.291666666666668,2024-06-24,0.1141064961751302,1077.1609069974809,2738.7727310607934,2612.729390769771,3771.0524550860355,0.058573587175692075,0.10107358717569208,C4,5292.056817874877
162,2024-06-25,2024-06-25,4652.958333333333,0.010367428193223,96.46342424747854,2250.5473837400546,0.1428974445911915,2158.766408440189,0.1061884562174479,7.873340029985845e-06,807.8770833333333,0.0651666666666666,0.079,0.062,0.0789583333333333,0.0698084767635144,0.0050118409401693,0.0024961770804039,16.141666666666666,15.25625,13.866666666666667,12.2125,0.0,807.8770833333333,54.04166666666666,18.78333333333333,2024-06-25,0.1061884562174479,1072.780250117497,2765.2041078303305,2652.434595953581,3801.155493340046,0.05793357530365316,0.10043357530365316,C4,5362.311036228541
163,2024-06-26,2024-06-26,4681.041666666667,0.0103361195899573,96.75459875003166,2300.248305530666,0.1269472521505597,2198.9565475379627,0.0969556172688802,8.527502771354722e-06,808.1,0.0639166666666666,0.078875,0.062,0.07975,0.0693096220407215,0.005587125090672,0.0027827007606936,16.885416666666668,16.054166666666667,14.422916666666666,12.46875,0.0,808.1,53.6,19.65833333333333,2024-06-26,0.0969556172688802,1060.157631404736,2826.270670610253,2701.815443711049,3880.9290038355525,0.05751957919618315,0.10001957919618314,C4,5454.516625496303
164,2024-06-27,2024-06-27,4754.520833333333,0.0102566680895769,97.50870119395964,2320.813165015414,0.1208686239245496,2207.606469287673,0.0952262878417968,9.502464885651675e-06,805.2145833333334,0.0625833333333333,0.078375,0.062,0.0807083333333333,0.0686647559159814,0.006330791019466,0.0031530879834913,17.025000000000002,15.979166666666666,14.5125,12.6,1.0059,805.2145833333334,61.55,18.883333333333333,2024-06-27,0.0952262878417968,1060.8325326215931,2851.5383163105967,2712.443435517629,3910.1716240467804,0.056984409229289795,0.09948440922928979,C4,5467.339823633487
165,2024-06-28,2024-06-28,4901.0625,0.0101015357901813,99.00206494924484,2313.4868958405505,0.1228718659472297,2204.104630584023,0.095794677734375,9.190089382749686e-06,803.6750000000001,0.0609166666666666,0.07775,0.0614166666666666,0.0832916666666666,0.0678160985547193,0.0073094709974928,0.0036405253462018,16.202083333333334,15.535416666666668,14.454166666666666,12.76875,5.2836,803.6750000000001,64.96666666666667,17.433333333333334,2024-06-28,0.095794677734375,1055.0500462191903,2842.536670860352,2708.140793929964,3890.649096984592,0.05628011431518885,0.09878011431518885,C4,5447.359697459095
166,2024-06-29,2024-06-29,4766.770833333333,0.010243351923821,97.6346684674901,2355.9406805441827,0.1108188868680777,2246.678307009044,0.0870259602864583,9.00802670995627e-06,807.31875,0.0609166666666666,0.07725,0.0615,0.082375,0.0676172254094355,0.0075388134557577,0.0037547507166233,18.18958333333333,16.864583333333332,14.98125,12.8375,5.7086,807.31875,57.05,19.866666666666667,2024-06-29,0.0870259602864583,1056.1297907300989,2894.6988162582147,2760.450247970548,3960.3274439984775,0.05611507085811409,0.09861507085811409,C4,5548.06022312711
167,2024-06-30,2024-06-30,4775.854166666667,0.0102332928702516,97.72865199673043,2384.5180326779105,0.1032499928736634,2269.2583768652617,0.0827039082845052,9.408884807628771e-06,809.5854166666667,0.0599583333333333,0.0769166666666666,0.0612083333333333,0.0819583333333333,0.0670355910300744,0.0082095599166925,0.0040888199663331,18.241666666666667,16.979166666666668,15.225,13.10625,0.93969995,809.5854166666667,54.43333333333334,21.041666666666668,2024-06-30,0.0827039082845052,1063.913505628212,2929.811256939102,2788.193943736573,4003.2736065614176,0.05563237648232847,0.09813237648232846,C4,5595.846763646503
168,2024-07-01,2024-07-01,4623.666666666667,0.010402231127627,96.15313696059792,2275.476257862796,0.1356122966407313,2137.5118789984,0.1120618184407552,1.1957907714826133e-05,807.375,0.06025,0.0765833333333333,0.0607916666666666,0.0806666666666666,0.066880703544706,0.0083881776812889,0.0041777816024786,17.74375,17.016666666666666,15.525,13.3625,7.5453,807.375,86.04166666666667,16.825,2024-07-01,0.1120618184407552,1101.3435998214704,2795.833734038526,2626.319566095927,3818.9114558996894,0.055503836422249785,0.09800383642224979,C4,5268.440347598984
169,2024-07-02,2024-07-02,4533.666666666667,0.0105063805497943,95.20841541113704,2180.2284855900416,0.1691539314421817,2074.4319959834247,0.1289291381835937,9.467998534240086e-06,806.0458333333332,0.0624583333333333,0.076625,0.06025,0.0834583333333333,0.0678342205901552,0.0072885724887992,0.0036301167201025,17.14375,16.33125,15.20625,13.5,23.1505,806.0458333333332,72.35833333333333,17.016666666666666,2024-07-02,0.1289291381835937,1086.7379129432563,2678.8046356719706,2548.8145320341278,3666.689817198538,0.05629515366790439,0.09879515366790438,C4,5126.165367541666
170,2024-07-03,2024-07-03,4700.666666666667,0.0103152224441429,96.9550018982102,2252.809168520957,0.1421360324226947,2172.698546424986,0.1031125386555989,6.847572216776269e-06,806.8125,0.06225,0.077125,0.060625,0.082,0.06790710290761,0.0072045238867355,0.0035882558157729,17.447916666666668,16.506249999999998,15.310416666666669,13.49375,0.0089,806.8125,56.18333333333334,17.0,2024-07-03,0.1031125386555989,1094.473043731381,2767.9831191110375,2669.552744838052,3789.356759528343,0.05635563820248141,0.0988556382024814,C4,5370.842398987526
171,2024-07-04,2024-07-04,4814.395833333333,0.0101936330579193,98.11773962951445,2325.4244893305736,0.1196141656774852,2262.607048671383,0.084058125813802,5.145339774933937e-06,808.4791666666666,0.05995,0.0764,0.06045,0.0805,0.0666176751468011,0.0086915046050065,0.0043288553743505,16.2,15.7625,15.2925,13.5,0.0,808.4791666666666,37.91666666666666,17.908333333333335,2024-07-04,0.084058125813802,1077.194367133285,2857.204161442738,2780.0215852352044,3900.4874831819134,0.05528555096175128,0.09778555096175127,C4,5573.41375504992
172,2024-07-05,2024-07-05,4863.041666666667,0.0101420689257624,98.61366077363334,2378.695291089663,0.1048248268216343,2318.3770034862223,0.0737940470377604,4.820531157520892e-06,810.44375,0.0592916666666666,0.075875,0.06,0.0818333333333333,0.06616362332034,0.009215121616804,0.0045896459300289,17.433333333333334,16.325,15.13125,13.5,0.0,810.44375,39.425,16.599999999999998,2024-07-05,0.0737940470377604,1065.4143503581392,2922.6569667984077,2848.54505168683,3985.8574144821364,0.05490873647016515,0.09740873647016514,C4,5704.305195534051
173,2024-07-06,2024-07-06,5066.916666666667,0.0099346281794608,100.66395759707213,2428.835514767743,0.0919667438669685,2365.693902382952,0.0657984415690104,4.946471879454332e-06,808.1270833333333,0.058,0.0751666666666666,0.0597916666666666,0.0810416666666666,0.0653210209257775,0.01018681894795,0.0050736055440813,17.589583333333334,16.341666666666665,15.075,13.5,0.0,808.1270833333333,41.1,16.191666666666666,2024-07-06,0.0657984415690104,1069.0566892181373,2984.263291323665,2906.68241157729,4062.3064958012374,0.05420946653133248,0.09670946653133249,C4,5807.47119065735
174,2024-07-07,2024-07-07,5176.229166666667,0.0098290602575832,101.74439799371116,2445.6149241407297,0.0879701565216155,2384.612792881765,0.0628089904785156,4.73762053755487e-06,805.9041666666667,0.057125,0.074875,0.0595,0.0784166666666666,0.0646572348879654,0.0109523035057393,0.0054548596643472,18.35625,16.895833333333332,15.225,13.45625,0.0,805.9041666666667,34.31666666666667,18.575,2024-07-07,0.0628089904785156,1056.015523285514,3004.8798275762997,2929.9276869715686,4084.346659399447,0.053658595058554553,0.09615859505855455,C4,5842.582347152694
175,2024-07-08,2024-07-08,5126.520833333333,0.0098771946086491,101.25263195099365,2461.165659162478,0.084464754090208,2390.026537151704,0.0620676676432291,5.515363497960674e-06,807.7312499999999,0.055875,0.0740833333333333,0.0592916666666666,0.08,0.0639434273230645,0.0117754733783174,0.0058648442974866,18.50625,17.052083333333332,15.391666666666666,13.5,0.0,807.7312499999999,42.75833333333333,17.383333333333333,2024-07-08,0.0620676676432291,1054.99357300949,3023.9867153817268,2936.579450005813,4103.777905284133,0.05306621106407786,0.09556621106407785,C4,5845.312461321087
176,2024-07-09,2024-07-09,5089.723404255319,0.0098585389289083,101.44535529457846,2480.0235226592554,0.0802647869251782,2405.3460142447657,0.059775974439538,5.748708451394496e-06,808.3249999999999,0.0545416666666666,0.0734166666666666,0.058875,0.0782916666666666,0.0629996949235512,0.0128637948213145,0.0064068892415605,18.477083333333333,17.2,15.520833333333334,13.54375,0.0,808.3249999999999,41.68333333333333,18.20833333333333,2024-07-09,0.059775974439538,1063.7381892777437,3047.1570080771576,2955.4021956603165,4126.476477789469,0.052283014028868,0.094783014028868,C4,5867.709647208533
177,2024-07-10,2024-07-10,5070.104166666667,0.0099318857382268,100.69433792593638,2489.857107258691,0.0780608788965237,2398.993168233021,0.0606765747070312,7.013571716293603e-06,810.0437499999999,0.0532083333333333,0.0727083333333333,0.0580416666666666,0.077,0.0619784213043035,0.0140415375580985,0.0069934709909153,17.6125,16.654166666666665,15.320833333333333,13.5875,0.0,810.0437499999999,53.64166666666667,17.491666666666667,2024-07-10,0.0606765747070312,1060.7108458608625,3059.2393435682984,2947.5965764518483,4133.294351680909,0.05143546606808447,0.09393546606808446,C4,5836.096646141111
178,2024-07-11,2024-07-11,5063.866666666667,0.0099410198123641,100.62280903857572,2503.9142234503115,0.0761748630457697,2414.3533630553834,0.0592115614149305,6.8707786206213405e-06,809.93125,0.0526666666666666,0.0725,0.058,0.0767916666666666,0.061670901559376,0.0143961723388077,0.007170098945012,17.389583333333334,16.458333333333332,15.16875,13.50625,0.0,809.93125,46.458333333333336,19.466666666666665,2024-07-11,0.0592115614149305,1069.1262836362994,3076.5110507619147,2966.4693511940022,4153.731022902287,0.05118025754433354,0.09368025754433354,C4,5868.263495085532
179,2024-07-12,2024-07-12,5192.979166666667,0.009813541034129,101.907684503864,2533.395347114411,0.0688686021335694,2446.5677017246667,0.0538851420084635,6.579499281300128e-06,809.1999999999999,0.052625,0.0725,0.058,0.0794583333333333,0.0618102891674849,0.0142354291844228,0.0070900398644072,19.1,17.529166666666665,15.625,13.66875,0.0,809.1999999999999,40.60833333333333,21.258333333333333,2024-07-12,0.0538851420084635,1064.2376073853018,3112.7339380685335,3006.0504869936426,4203.967056697931,0.05129593436275388,0.09379593436275387,C4,5948.583007805423
180,2024-07-13,2024-07-13,5176.041666666667,0.0098298291261369,101.7405175594144,2543.4930446909298,0.0668404801157924,2465.416003930726,0.051300048828125,5.864728206957258e-06,810.40625,0.0517916666666666,0.0721666666666666,0.058,0.0777916666666666,0.0612677492572735,0.0148610915207686,0.0074016546986971,20.272916666666667,18.497916666666665,16.29583333333333,13.975,0.0,810.40625,33.25833333333333,22.391666666666666,2024-07-13,0.051300048828125,1059.1430378186683,3125.1407840740667,3029.2090319158156,4215.521390602601,0.05084568421834881,0.09334568421834881,C4,5986.006154526716
181,2024-07-14,2024-07-14,5135.75,0.0098682450505862,101.34398278440408,2542.1171390425616,0.0671422145094231,2448.424427122583,0.0535964965820312,7.0855257894785165e-06,811.06875,0.050875,0.07175,0.058,0.0769583333333333,0.0607132468250111,0.0155005491546661,0.0077201403626836,20.10625,18.635416666666668,16.616666666666667,14.199999999999998,0.0,811.06875,38.675,22.46666666666667,2024-07-14,0.0535964965820312,1062.4515417882758,3123.4502353754065,3008.3318096329813,4207.913799808131,0.05038550645907242,0.09288550645907241,C4,5934.563845370611
182,2024-07-15,2024-07-15,5092.270833333333,0.0099102049325938,100.91434635021896,2522.1554101120387,0.0712185501098867,2406.1278569475776,0.0596249898274739,8.929473253649248e-06,810.2541666666666,0.049375,0.070625,0.0572916666666666,0.077,0.0595936091105867,0.0167917263290693,0.0083632188059067,17.9375,17.3,16.177083333333332,14.3,0.4289,810.2541666666666,58.958333333333336,18.758333333333333,2024-07-15,0.0596249898274739,1084.4827716660675,3098.923644539382,2956.3628306903156,4164.158339170871,0.0494563268114323,0.0919563268114323,C4,5814.815123077326
183,2024-07-16,2024-07-16,4865.291666666667,0.0101462636443176,98.61503688406847,2401.894008374649,0.0999780201935084,2282.470446253123,0.0812822977701823,9.718670189634694e-06,809.4479166666666,0.0578333333333333,0.0708333333333333,0.0567916666666666,0.0764166666666666,0.0629351251919988,0.0129382572679289,0.006443975704361,17.34375,16.756249999999998,15.78125,14.199999999999998,2.7266998,809.4479166666666,69.625,17.791666666666668,2024-07-16,0.0812822977701823,1106.7780822113878,2951.1607827128414,2804.4273582419546,3995.897039138806,0.05222942805222651,0.0947294280522265,C4,5566.018609020147
184,2024-07-17,2024-07-17,4861.9375,0.0101434099614976,98.60182986524946,2411.4661313554448,0.0963354983326113,2307.4358292736583,0.0756479899088541,8.35453587533921e-06,811.2333333333332,0.0594583333333333,0.072,0.056375,0.0747916666666666,0.0637874206840186,0.0119553817618921,0.0059544487340624,16.254166666666666,15.802083333333334,15.3125,14.199999999999998,1.0424,811.2333333333332,65.075,17.133333333333333,2024-07-17,0.0756479899088541,1090.454005651966,2962.921865362506,2835.1018422278094,4019.50512722182,0.05293674222605046,0.09543674222605046,C4,5641.028520614575
185,2024-07-18,2024-07-18,5001.291666666667,0.0100002487947097,100.00777871722256,2446.963733160124,0.0877401331440141,2346.860346484882,0.0688756306966145,7.901909470027838e-06,810.53125,0.058125,0.0725416666666666,0.057,0.074,0.0635118883150806,0.0122731283874289,0.0061127043238765,18.791666666666668,17.541666666666668,15.810416666666669,14.1,0.0,810.53125,48.29166666666666,20.45,2024-07-18,0.0688756306966145,1078.7612733137337,3006.5370831702294,2883.5419851589636,4076.1564267029007,0.05270807980588996,0.09520807980588995,C4,5733.162292815993
186,2024-07-19,2024-07-19,5019.708333333333,0.0099816961077171,100.19237810695776,2481.3975086881705,0.0798948253895611,2363.341687692542,0.0662027994791666,9.257661972114992e-06,811.1520833333334,0.058,0.072,0.058,0.074,0.0634971176428844,0.012290162071222,0.0061211880510312,23.3,19.5,15.7,14.2,0.5087,811.1520833333334,59.525,18.816666666666663,2024-07-19,0.0662027994791666,1071.447606789546,3048.8451981764674,2903.792290813154,4133.379339545423,0.05269582172650422,0.09519582172650422,C4,5772.969787846006
187,2024-07-20,2024-07-20,5000.708333333333,0.0100008480602571,100.0018791371002,2475.6445530503256,0.0812587307628207,2364.089355647699,0.0661252339680989,8.738987540155328e-06,811.1729166666668,,,,,,,,,,,,3.076,811.1729166666668,58.41666666666666,19.125,2024-07-20,0.0661252339680989,1069.9655473960763,3041.7766526853266,2904.7109359906917,,,,C4,
188,2024-07-21,2024-07-21,5152.4375,0.00985262193957,101.5072187187335,2511.379138786793,0.0734612139510645,2415.0787955254823,0.0583457946777343,7.388241587704225e-06,810.0041666666666,,,,,,,,,,,,0.0,810.0041666666666,47.06666666666666,19.591666666666665,2024-07-21,0.0583457946777343,1064.0284463664157,3085.6830480734047,2967.360676060461,,,,C4,
189,2024-07-22,2024-07-22,5205.5,0.0098018533564753,102.03003833442126,2520.849924000647,0.0714002275713825,2431.270633912477,0.0559794108072916,6.827286378440662e-06,809.8458333333333,,,,,,,,,,,,0.0,809.8458333333333,48.575,18.28333333333333,2024-07-22,0.0559794108072916,1062.0181942813915,3097.319618965863,2987.255275189779,,,,C4,
190,2024-07-23,2024-07-23,5215.5625,0.0097932922659077,102.12550769024104,2540.207151896671,0.0676243146012737,2451.81051297826,0.0532455444335937,6.6802979881441135e-06,809.9333333333334,,,,,,,,,,,,0.0,809.9333333333334,45.29166666666666,18.95,2024-07-23,0.0532455444335937,1062.0547644381782,3121.1034710549225,3012.492227931761,,,,C4,
191,2024-07-24,2024-07-24,5135.354166666667,0.0098687732993211,101.33957192951756,2571.331448307903,0.0614171577515028,2480.5247878885325,0.0493481953938802,6.7812763618798825e-06,811.7062500000001,,,,,,,,,,,,0.0,811.7062500000001,44.05833333333334,19.53333333333333,2024-07-24,0.0493481953938802,1066.549897444591,3159.345292982991,3047.7729029839365,,,,C4,
192,2024-07-25,2024-07-25,5084.333333333333,0.0099178816969276,100.83586541362916,2540.5566829948184,0.0674747981229538,2437.455912351446,0.0552012125651041,7.8425788295472e-06,811.8770833333333,,,,,,,,,,,,0.0,811.8770833333333,50.66666666666666,19.316666666666663,2024-07-25,0.0552012125651041,1055.8703653649693,3121.5329331650714,2994.8550073576425,,,,C4,
193,2024-07-26,2024-07-26,5119.875,0.009883294735065,101.18804879811772,2530.320341815958,0.069514807152795,2402.1735786495065,0.0602633158365885,9.896043989397726e-06,808.9875000000001,,,,,,,,,,,,2.7403,808.9875000000001,62.39166666666667,18.7,2024-07-26,0.0602633158365885,1099.4803659642653,3108.9557384428263,2951.504285310498,,,,C4,
194,2024-07-27,2024-07-27,4718.104166666667,0.0103030895725381,97.11248932004214,2298.4274726944404,0.1303100660221674,2166.835972639553,0.1062545776367187,1.1241613965597992e-05,805.7395833333334,,,,,,,,,,,,10.257899,805.7395833333334,80.075,17.525000000000002,2024-07-27,0.1062545776367187,1113.5629907125922,2824.0334484683067,2662.349513645915,,,,C4,
195,2024-07-28,2024-07-28,4893.0,0.0101107124475108,98.91778870850015,2303.466841591708,0.1258190295585035,2217.1311754360963,0.093268076578776,7.250694119122393e-06,803.7416666666667,,,,,,,,,,,,0.55829996,803.7416666666667,57.38333333333333,18.45,2024-07-28,0.093268076578776,1111.0124525930694,2830.225223712087,2724.146258021072,,,,C4,
196,2024-07-29,2024-07-29,4991.229166666667,0.0100098799298517,99.90860238406322,2382.845343978369,0.1034838198118961,2315.521886973918,0.0740915934244791,5.383914097563964e-06,806.6958333333333,,,,,,,,,,,,0.0,806.6958333333333,43.208333333333336,17.925,2024-07-29,0.0740915934244791,1098.2758763654708,2927.7560566369393,2845.0370251661716,,,,C4,
197,2024-07-30,2024-07-30,5056.0625,0.0099453742004256,100.55579390510822,2435.170554642609,0.0904495910351267,2372.8853603621183,0.0646616617838541,4.864030868406946e-06,806.6770833333334,,,,,,,,,,,,0.0,806.6770833333334,37.025,18.491666666666667,2024-07-30,0.0646616617838541,1073.716375080862,2992.047032475623,2915.5184171148558,,,,C4,
198,2024-07-31,2024-07-31,5036.916666666667,0.0099642003890523,100.36541584872646,2443.9319651207743,0.0884421074696363,2382.9944504451937,0.0631205240885416,4.737492844490223e-06,807.4979166666667,,,,,,,,,,,,0.0,807.4979166666667,33.46666666666667,19.166666666666668,2024-07-31,0.0631205240885416,1061.442367516551,3002.812008329785,2927.939260873183,,,,C4,
199,2024-08-01,2024-08-01,4884.25,0.0101191875336462,98.831210722199,2495.979896245836,0.0767016244448053,2434.7542509952905,0.0555025736490885,4.6585855513353365e-06,811.0812500000001,0.0545454545454545,0.0724545454545454,0.0565454545454545,0.0741818181818181,0.0619530046170503,0.0140708483306881,0.007008069394899,17.884090909090908,17.136363636363637,16.186363636363637,14.663636363636364,0.0,811.0812500000001,31.98333333333333,19.866666666666667,2024-08-01,0.0555025736490885,1066.017056367936,3066.762296153502,2991.5355282238183,4143.219823928096,0.051414372933937726,0.09391437293393771,C4,5922.550112469206
200,2024-08-02,2024-08-02,4854.166666666667,0.0101509294534453,98.52497190434372,2524.21899104112,0.0708244620130929,2451.071199501663,0.0532773335774739,5.526953038947126e-06,812.7770833333334,0.05375,0.0716666666666666,0.0565,0.0745,0.0613843295928241,0.014726649936399,0.0073346952709015,19.622916666666665,18.164583333333333,16.45208333333333,14.7,0.0,812.7770833333334,32.78333333333333,21.8,2024-08-02,0.0532773335774739,1066.066863367011,3101.459126575069,3011.5838477406887,4184.687469095661,0.05094243343795184,0.09344243343795183,C4,5952.224472305596
201,2024-08-03,2024-08-03,4960.875,0.0100411293692515,99.60209102200416,2538.8303223753137,0.0678253333024528,2458.9642035398983,0.0521965026855468,6.015784294002642e-06,811.0458333333332,0.0523333333333333,0.070875,0.0565,0.074375,0.0605473732791067,0.0156918361518348,0.0078154119851896,20.047916666666666,18.610416666666666,16.858333333333334,14.88125,0.0,811.0458333333332,35.733333333333334,21.65,2024-08-03,0.0521965026855468,1064.6906791551569,3119.4117872113625,3021.2818293727746,4200.879051209719,0.05024784914282571,0.0927478491428257,C4,5958.062332381852
202,2024-08-04,2024-08-04,5068.125,0.009933408110001,100.67609346239534,2535.3395875975334,0.0684562052498155,2432.214956796763,0.05584716796875,7.858390344407859e-06,808.5854166666667,0.0507,0.0703,0.05615,0.0745,0.0596339448785534,0.0167452107265314,0.0083400514344114,19.495,18.585,17.225,15.055,0.0,808.5854166666667,41.675,22.441666666666663,2024-08-04,0.05584716796875,1087.370046409559,3115.122788802974,2988.4155464809373,4186.314766452801,0.049489801188173754,0.09198980118817375,C4,5877.259954286466
203,2024-08-05,2024-08-05,4526.3125,0.0105172054417681,95.12395149020648,2342.7534245953925,0.1155893905635396,2207.7826135138266,0.0960845947265625,1.134518669381352e-05,810.78125,0.071125,0.0860416666666666,0.056,0.0740416666666666,0.0729462128676939,0.0013933729439388,0.0006939776518521,19.102083333333333,18.366666666666667,17.15625,15.2125,6.5256996,810.78125,77.825,18.716666666666665,2024-08-05,0.0960845947265625,1116.7543723618446,2878.495889546223,2712.6598605266067,3983.3930533830257,0.06053756094124671,0.1030375609412467,C4,5526.811964430965
204,2024-08-06,2024-08-06,4620.979166666667,0.0104049713466291,96.12599773026716,2372.098046569468,0.1068056242969164,2254.850114030169,0.0856857299804687,9.63227599159377e-06,811.4,0.070125,0.0818333333333333,0.0561666666666666,0.074,0.0712048303057905,0.0034015523638232,0.00169416331239,18.258333333333333,17.7375,16.85625,15.2375,0.606,811.4,61.24166666666667,19.991666666666667,2024-08-06,0.0856857299804687,1095.887122758501,2914.55105986243,2770.490789443467,4018.4419539519768,0.059092399515876276,0.10159239951587627,C4,5620.2844125313595
205,2024-08-07,2024-08-07,4806.729166666667,0.0102024738827355,98.0372279831915,2417.002794031385,0.0952868985913399,2304.118530523308,0.076416015625,9.07163285172492e-06,809.4354166666667,0.064875,0.0784583333333333,0.05675,0.0754166666666666,0.0681933212690028,0.0068744540700757,0.0034238625875928,18.747916666666665,18.10625,16.931250000000002,15.28125,0.0683,809.4354166666667,51.50833333333333,21.416666666666668,2024-08-07,0.076416015625,1105.0047493050374,2969.7246558684046,2831.0259413169274,4068.071744864294,0.05659316885437073,0.09909316885437074,C4,5699.602666391992
206,2024-08-08,2024-08-08,4820.270833333333,0.0101874137261947,98.17754240336784,2422.252028555813,0.0940032017937836,2306.368448702187,0.0760904947916666,9.314168578047302e-06,809.0187500000001,0.060625,0.0755833333333333,0.0564583333333333,0.074,0.0653967176798304,0.0100995247100458,0.0050301281315877,16.672916666666666,16.602083333333333,16.349999999999998,15.275,2.1411998,809.0187500000001,74.3,16.099999999999998,2024-08-08,0.0760904947916666,1100.227804670988,2976.174288955352,2833.790372332896,4051.974652916558,0.05427228674750796,0.09677228674750796,C4,5662.6138488842025
207,2024-08-09,2024-08-09,4882.3125,0.0101213937635539,98.81098366706512,2456.343539947717,0.0856060370100385,2343.186394947365,0.0695304870605468,8.94785227750982e-06,809.0583333333334,0.0587916666666666,0.07425,0.056,0.0740416666666666,0.0641277134851763,0.0115629527718644,0.0057589971500463,17.008333333333333,16.6875,16.05,15.1,0.0,809.0583333333334,60.01666666666667,17.991666666666667,2024-08-09,0.0695304870605468,1106.368015004676,3018.0618706273167,2879.0278718561685,4097.424510694551,0.05321914888402619,0.09571914888402619,C4,5733.460671595767
208,2024-08-10,2024-08-10,4695.875,0.0103218733982909,96.90119081824572,2408.3906645837355,0.0973600026478039,2283.745502605969,0.0801633199055989,1.011827953058561e-05,810.7708333333334,0.0572083333333333,0.0732083333333333,0.056,0.076375,0.0632860632203413,0.0125335520976866,0.0062424098960403,15.85625,15.670833333333334,15.575,14.975,5.7949,810.7708333333334,83.10833333333333,15.275,2024-08-10,0.0801633199055989,1114.2954115533717,2959.1430987335216,2805.9939953588078,4009.8684672294125,0.052520669111113534,0.09502066911111352,C4,5575.2238365865
209,2024-08-11,2024-08-11,4093.1458333333335,0.0110693052561172,90.43014194668034,2130.8106886880605,0.1944915950230149,2016.2087323979283,0.1503143310546875,1.0561709866123132e-05,810.8166666666666,0.1041666666666666,0.1255833333333333,0.056,0.0746666666666666,0.0991978014051882,0.0288802159810836,0.0143839627134414,17.402083333333334,16.660416666666666,15.825,14.800000000000002,12.5511,810.8166666666666,79.97500000000001,16.708333333333332,2024-08-11,0.1503143310546875,1063.8310523587706,2618.0859429750003,2477.2767324742945,3812.1894270801963,0.08232357392831592,0.12482357392831592,C4,5356.504101225814
210,2024-08-12,2024-08-12,4151.875,0.0109757720178027,91.11984881516776,2126.9456485196674,0.1904740912842802,2023.0544397601727,0.1437670389811197,9.5134625576081e-06,809.4791666666666,0.1146666666666666,0.1326666666666666,0.0568333333333333,0.074,0.1058805147941263,0.036586786490198,0.0182222658246167,17.541666666666668,17.152083333333334,16.2,14.875,1.5782,809.4791666666666,61.48333333333333,18.741666666666667,2024-08-12,0.1437670389811197,1059.616285476424,2613.3370427617515,2485.687920905984,3850.0474464770928,0.08786951186164615,0.13036951186164616,C4,5446.66104617849
211,2024-08-13,2024-08-13,4224.166666666667,0.0108820882848426,91.90792187290351,2217.347103329418,0.1576602213383373,2092.2988845197347,0.1252530415852864,1.1051356736020078e-05,808.4583333333334,0.1027083333333333,0.1156666666666666,0.0579166666666666,0.074,0.0957467630326523,0.0249004447415104,0.012401814063461,17.10625,16.904166666666665,16.210416666666667,15.0,1.5978,808.4583333333334,83.55,15.816666666666668,2024-08-13,0.1252530415852864,1101.5329257075753,2724.411564453597,2570.7672329333404,3942.386717819486,0.07945958089050192,0.12195958089050192,C4,5519.091622735464
212,2024-08-16,2024-08-16,4358.541666666667,0.0107118348378918,93.36178077714423,2245.4184431175872,0.1515680492887306,2155.4834252701576,0.1116040547688802,7.717346297124605e-06,808.3270833333332,0.108375,0.1091249999999999,0.058,0.074,0.0959209093980886,0.0251012720351607,0.0125018372871654,16.316666666666666,15.90625,15.425,14.79375,0.1017,808.3270833333332,60.60833333333333,17.425,2024-08-16,0.1116040547688802,1068.7568275552258,2758.902277537606,2648.400857933534,3993.5638745868455,0.07960410376284649,0.12210410376284649,C4,5689.276248085935
213,2024-08-17,2024-08-17,4424.645833333333,0.0106312301082184,94.06794852516828,2220.485033639042,0.1531045756232137,2137.034912838582,0.1113573710123698,7.232679894845039e-06,809.7208333333333,0.09525,0.0997083333333333,0.058,0.074,0.0875564366347002,0.0154552801496906,0.0076975938664916,16.539583333333333,16.14375,15.589583333333332,14.725,0.0,809.7208333333333,55.41666666666666,17.183333333333334,2024-08-17,0.1113573710123698,1056.2803851506126,2728.2670788253213,2625.733526986529,3887.9712852800935,0.07266248527782052,0.11516248527782051,C4,5538.169753633212
214,2024-08-18,2024-08-18,4261.583333333333,0.0108340301419629,92.31458434325818,2226.079327740535,0.1514400073690083,2104.56605859444,0.1199607849121093,1.06969814809389e-05,811.7937499999999,0.0857499999999999,0.0934999999999999,0.058,0.074,0.0817000311259362,0.0087016159781936,0.0043338914036863,16.491666666666667,16.28125,15.64375,14.7375,3.9487998,811.7937499999999,76.60833333333333,17.025000000000002,2024-08-18,0.1199607849121093,1081.9702849296225,2735.140679950818,2585.839672815265,3853.4364643195872,0.06780229457777023,0.11030229457777023,C4,5381.458629836431
215,2024-08-19,2024-08-19,4264.125,0.0108305548261287,92.34283605580345,2221.916783023132,0.1528857584391904,2095.527222458603,0.1226603190104166,1.1199810812761074e-05,812.1,0.0858749999999999,0.0919583333333333,0.058,0.074,0.0812483519581605,0.0081807351396223,0.0040744636152978,16.01875,15.870833333333332,15.425,14.775,2.2949998,812.1,83.45833333333333,15.975,2024-08-19,0.1226603190104166,1080.377036158245,2730.026241643609,2574.7338294131655,3842.771110389048,0.06742744913932772,0.10992744913932771,C4,5352.234178733803
216,2024-08-20,2024-08-20,4165.416666666667,0.010958136769682,91.26772347369138,2132.2858125451576,0.1881980582575996,2021.5650747459488,0.1441090901692708,1.014289605521094e-05,811.9562500000001,0.1075833333333333,0.097875,0.058,0.0750416666666666,0.0919982043382244,0.0205775701537747,0.010248780757699,16.1125,16.047916666666666,15.675,14.7375,0.8584,811.9562500000001,74.68333333333334,16.358333333333334,2024-08-20,0.1441090901692708,1086.9212096713077,2619.898399170623,2483.857966875624,3765.0331259677014,0.07634867778142126,0.11884867778142126,C4,5290.155225932379
217,2024-08-21,2024-08-21,4223.375,0.010884892668944,91.89431325926756,2140.449898886486,0.1851602240680223,2024.4363119914417,0.1439615885416666,1.0637619877036125e-05,811.0479166666668,0.0985833333333333,0.0954999999999999,0.058,0.07575,0.0876336376568327,0.0155443091242722,0.0077419352748673,16.197916666666668,15.966666666666669,15.40625,14.7625,4.3517,811.0479166666668,76.10000000000001,16.916666666666668,2024-08-21,0.1439615885416666,1103.7478630760888,2629.9294543933784,2487.3858006298274,3748.3879815262694,0.07272655387574141,0.1152265538757414,C4,5247.102266808353
219,2024-08-23,2024-08-23,4123.604166666667,0.0110125939259519,90.81113770661,2075.492878973632,0.2142580989910762,1960.8706901372009,0.1649614969889322,1.0824463172848725e-05,808.8854166666666,0.096375,0.0944166666666666,0.058,0.074625,0.0863235808798553,0.0140335388225813,0.0069894871732905,16.129166666666666,15.864583333333334,15.425,14.68125,2.5665,808.8854166666666,84.65833333333333,15.341666666666669,2024-08-23,0.1649614969889322,1082.7215061765855,2550.118018476423,2409.283948636811,3625.4828394713713,0.07163934675620792,0.11413934675620792,C4,5067.654681900825
220,2024-08-24,2024-08-24,4111.541666666667,0.0110303667344369,90.67375550053085,2068.611842215337,0.2182414702682837,1958.25365566819,0.1663996378580729,1.0443248815568883e-05,809.5666666666666,0.1014166666666666,0.092875,0.0587083333333333,0.0745833333333333,0.0880041266648995,0.015971560675752,0.0079547304419731,16.33125,16.045833333333334,15.51875,14.71875,6.6179,809.5666666666666,82.8,15.666666666666666,2024-08-24,0.1663996378580729,1080.0138785158138,2541.663421498088,2406.068448924907,3625.1542098617347,0.07303402015839251,0.11553402015839251,C4,5079.472905541375
221,2024-08-25,2024-08-25,4133.541666666667,0.0110005135089665,90.9172892910298,2091.525007276552,0.2064148977307284,1992.057204253407,0.1538798014322916,9.250617994551728e-06,810.69375,0.0947083333333333,0.0907916666666666,0.0593333333333333,0.0742916666666666,0.084733490207579,0.012199830691081,0.0060761979718485,16.139583333333334,16.006249999999998,15.58125,14.775,2.5835,810.69375,73.75833333333334,15.2,2024-08-25,0.1538798014322916,1073.632394291027,2569.816384909759,2447.6022162574327,3642.223777311101,0.0703197414307111,0.11281974143071109,C4,5133.373567805702
222,2024-08-26,2024-08-26,4178.1875,0.0109418014678136,91.40635242230584,2122.821056466514,0.192390620674697,2031.2178381575088,0.1413167317708333,8.360941704342817e-06,812.0583333333334,0.0899166666666666,0.0889583333333333,0.0589583333333333,0.0744583333333333,0.0821326121895667,0.0092004726960792,0.0045823499482525,14.891666666666666,14.88125,15.00625,14.6875,5.8448997,812.0583333333334,69.05833333333334,15.575,2024-08-26,0.1413167317708333,1070.8910901080687,2608.2692361601635,2495.7181308652407,3677.851693122895,0.06816129063078066,0.11066129063078066,C4,5207.449969190416
223,2024-08-27,2024-08-27,4257.916666666667,0.0108378165147367,92.27733603773072,2168.418965601204,0.1728229419870603,2083.168965889971,0.1256484985351562,7.584426573750688e-06,812.3479166666666,0.082625,0.08675,0.0589166666666666,0.0747916666666666,0.0784810293420421,0.0049894316044617,0.002485015977957,15.1125,15.0,14.91875,14.5,0.6957,812.3479166666666,63.50833333333333,15.608333333333334,2024-08-27,0.1256484985351562,1065.0876624320856,2664.294506527136,2559.549478229938,3729.4134888234234,0.06513086711085132,0.10763086711085132,C4,5286.176457998912
224,2024-08-28,2024-08-28,4477.5625,0.0105711837437064,94.61982793855816,2201.310144051205,0.160850380098229,2121.585114816124,0.1158154805501302,6.965667561069865e-06,809.5375,0.0770416666666666,0.0847916666666666,0.0586666666666666,0.0752083333333333,0.0755610693727786,0.0016221051792151,0.0008078990970979,15.077083333333334,14.904166666666669,14.79375,14.46875,0.0,809.5375,58.775,15.633333333333333,2024-08-28,0.1158154805501302,1073.956937771719,2704.7072622942137,2606.7506585228343,3763.3838344850565,0.06270761239157067,0.10520761239157067,C4,5345.888120752436
225,2024-08-29,2024-08-29,4594.145833333333,0.0104333600764767,95.85251045763754,2269.427869197772,0.1365200989516784,2188.7902127543525,0.0992024739583333,6.8251854569162864e-06,808.1687499999999,0.072625,0.0834583333333333,0.0581666666666666,0.0758333333333333,0.0732747335096326,0.0010145197231811,0.0005052875601708,14.616666666666667,14.589583333333332,14.591666666666669,14.199999999999998,0.0,808.1687499999999,55.71666666666667,15.716666666666669,2024-08-29,0.0992024739583333,1083.4948311897,2788.4021956922925,2689.3242644946845,3861.3844631157926,0.06081019796515764,0.10331019796515763,C4,5484.773553339697
226,2024-08-30,2024-08-30,4568.291666666667,0.0104646338373455,95.57697072688676,2297.9124289057177,0.1282215982354401,2222.238068465845,0.0923716227213541,6.304719197697734e-06,811.7791666666667,0.069375,0.082375,0.0583333333333333,0.076,0.0716552603310802,0.0028821120485968,0.0014354529851899,13.772916666666667,13.854166666666666,14.160416666666668,14.175,0.0,811.7791666666667,55.09166666666667,14.825,2024-08-30,0.0923716227213541,1073.7970963582727,2823.4006241116285,2730.4209988624057,3896.498876802701,0.0594662082995509,0.1019662082995509,C4,5545.395802716017
227,2024-08-31,2024-08-31,4622.333333333333,0.0104025863322817,96.14277967935556,2326.3545908485253,0.1192496952823397,2260.6900720862463,0.0843073527018229,5.377527793940137e-06,812.2083333333334,0.067125,0.0808333333333333,0.058,0.0757916666666666,0.0701620980101636,0.0046040414563048,0.0022930701308468,13.891666666666666,13.802083333333334,13.904166666666669,13.800000000000002,0.0,812.2083333333334,48.125,15.1,2024-08-31,0.0843073527018229,1059.5452570228151,2858.346959215725,2777.666233125699,3932.1776791031466,0.05822704314698004,0.10072704314698004,C4,5620.242621361878
228,2024-09-01,2024-09-01,4702.833333333333,0.0103132635676299,96.975986697448,2356.4816728271453,0.1108971279355996,2281.0180647773063,0.0805867513020833,6.129705023723089e-06,811.4833333333332,0.0650416666666666,0.0799583333333333,0.058,0.0749583333333333,0.0689874330929648,0.0059586765397067,0.002967754161698,14.508333333333333,14.172916666666666,13.9375,13.800000000000002,0.0,811.4833333333332,50.583333333333336,15.708333333333334,2024-09-01,0.0805867513020833,1074.3772372018489,2895.363523028648,2802.6428451710094,3973.0399358050586,0.05725219680177711,0.0997521968017771,C4,5653.267239911622
229,2024-09-02,2024-09-02,4779.708333333333,0.010229209831152,97.76793228386408,2387.793215060728,0.1023212337013318,2308.865245186619,0.0753746032714843,6.332803345028258e-06,811.6416666666668,0.0634583333333333,0.0787916666666666,0.058,0.0773333333333333,0.0681075102324925,0.0069734121975365,0.0034731492694002,13.954166666666666,13.822916666666666,13.79375,13.66875,0.0,811.6416666666668,50.66666666666666,16.366666666666667,2024-09-02,0.0753746032714843,1059.750710856385,2933.8354102825474,2836.8581379551842,4018.159411582205,0.0565219548646658,0.09902195486466579,C4,5709.183986630688
230,2024-09-03,2024-09-03,4832.104166666667,0.0101735328059189,98.30256074962314,2414.4479942502994,0.0955706290992448,2329.339635519569,0.0718015034993489,6.76605084417446e-06,810.4333333333334,0.0620416666666666,0.0780833333333333,0.058,0.0746666666666666,0.0671488134485258,0.0080789907151982,0.0040237892017762,14.50625,14.183333333333332,13.94375,13.50625,0.0,810.4333333333334,55.45,16.075,2024-09-03,0.0718015034993489,1061.0833465812227,2966.5856227156783,2862.0146259558537,4054.526621027839,0.0557263389895987,0.09822633898959869,C4,5745.319753465116
231,2024-09-04,2024-09-04,4828.875,0.0101774644322538,98.26799063929217,2436.7738462094226,0.0901982811561468,2344.502523846874,0.0692138671875,7.283679019910036e-06,811.0812500000001,0.0603499999999999,0.07735,0.058,0.0754499999999999,0.0662730706828886,0.0090889058467377,0.0045267834177931,14.2825,14.1825,14.0925,13.5,0.0,811.0812500000001,54.43333333333334,16.141666666666666,2024-09-04,0.0692138671875,1077.7240347299753,2994.016965861,2880.6449740179137,4084.1608111586884,0.05499956608447511,0.0974995660844751,C4,5769.585443919912
232,2024-09-05,2024-09-05,4477.104166666667,0.0105713910154125,94.6160188371211,2392.817080584964,0.1017690711834507,2283.758972826162,0.0803159077962239,8.83333456654318e-06,814.2520833333333,0.06025,0.0767083333333333,0.058,0.074,0.0659387782495074,0.0094744151538973,0.0047187886127509,14.15,14.060416666666669,13.995833333333332,13.5,2.6369998,814.2520833333333,80.21666666666667,13.633333333333333,2024-09-05,0.0803159077962239,1077.157224555431,2940.0081368312854,2806.010545958222,4007.533735582832,0.05472213909049645,0.09722213909049644,C4,5615.169441051171
233,2024-09-06,2024-09-06,4497.020833333333,0.0105459133708444,94.83242897595277,2406.691125186698,0.0975631660266536,2319.5353095119667,0.07354736328125,6.960579498297495e-06,814.7020833333332,0.0587083333333333,0.0755833333333333,0.0573333333333333,0.074,0.0648087203899728,0.0107776089416629,0.0053678520014695,13.49375,13.483333333333334,13.647916666666667,13.5,0.0,814.7020833333332,64.125,14.025,2024-09-06,0.07354736328125,1065.2503218798067,2957.0549074978867,2849.9682399314565,4020.6956611190108,0.053784311836012504,0.0962843118360125,C4,5685.615451083706
234,2024-09-07,2024-09-07,4613.145833333333,0.01041234445215,96.0489914400118,2431.936104046542,0.0913029515558565,2342.302425447187,0.0696016947428385,7.084573965448285e-06,811.6291666666666,0.057625,0.07475,0.05675,0.074,0.0639763243719044,0.0117375361795075,0.0058459494508036,13.81875,13.610416666666666,13.44375,13.48125,0.0,811.6291666666666,61.61666666666667,14.675,2024-09-07,0.0696016947428385,1068.582688900742,2988.0729254919447,2877.9417556025187,4055.3384552016832,0.05309351209891766,0.09559351209891766,C4,5729.244470404195
235,2024-09-08,2024-09-08,4786.729166666667,0.0102216207256954,97.83996925579356,2475.446481434868,0.0813185959413876,2390.651166336655,0.0620002746582031,6.569206003278694e-06,809.2645833333332,0.0564583333333333,0.0742083333333333,0.056,0.074,0.0631699408815167,0.0126674655157476,0.0063091062674761,13.15625,13.210416666666667,13.35,13.199999999999998,0.0,809.2645833333332,60.275,13.866666666666667,2024-09-08,0.0620002746582031,1065.0348055402465,3041.5332859165733,2937.346919822524,4120.4382868344555,0.05242429997984712,0.09492429997984712,C4,5834.340928941159
236,2024-09-09,2024-09-09,4772.583333333333,0.010237000204132,97.69453970765824,2506.9703989436207,0.0744348947040979,2424.767401259649,0.0569534301757812,6.276745131384203e-06,809.5020833333333,0.0555416666666666,0.073375,0.056,0.074,0.0625285414547748,0.0134071336144684,0.0066775023473147,13.029166666666669,13.035416666666668,13.13125,13.199999999999998,0.6052,809.5020833333333,56.56666666666666,14.233333333333334,2024-09-09,0.0569534301757812,1072.6010492377682,3080.2661145696825,2979.264878819678,4166.8852613472745,0.051892007001807336,0.09439200700180733,C4,5907.603963073278
237,2024-09-10,2024-09-10,4795.3125,0.0102124535591448,97.92770920832032,2496.95583768718,0.0764704017403584,2411.225338448158,0.0588518778483072,6.585113758251564e-06,808.6479166666667,0.0548333333333333,0.07275,0.056,0.074,0.0620390833060948,0.0139715815437042,0.0069586289833871,13.114583333333334,13.102083333333333,13.0875,13.15625,0.0036,808.6479166666667,60.36666666666667,13.825,2024-09-10,0.0588518778483072,1063.1472552230914,3067.961416555101,2962.6260077675156,4145.648389507471,0.0514858090466421,0.0939858090466421,C4,5866.288200683839
238,2024-09-11,2024-09-11,4973.75,0.010028821706314,99.72891365630592,2488.1124358084867,0.0784629938582776,2399.711102170895,0.06060791015625,6.8233560710432175e-06,804.7895833333333,0.0541666666666666,0.0724166666666666,0.056,0.074,0.0616614400032192,0.0144070834980037,0.0071755333125091,13.28125,13.1625,13.04375,12.9,0.3367,804.7895833333333,58.375,14.683333333333332,2024-09-11,0.06060791015625,1069.1501872735248,3057.0956994505273,2948.478688016574,4127.428822501643,0.05117240546387694,0.09367240546387694,C4,5833.356547781945
239,2024-09-12,2024-09-12,5305.1875,0.0097096123134118,103.00133815885302,2488.6816199279515,0.0787680170723294,2417.5834996832064,0.05828857421875,5.450071992166725e-06,798.0979166666666,0.053375,0.0715,0.056,0.074,0.0610433498514879,0.0151198711125663,0.007530541407919,13.19375,13.064583333333331,13.03125,12.9,0.6813,798.0979166666666,49.74166666666667,15.408333333333331,2024-09-12,0.05828857421875,1057.5349872530342,3057.79504498603,2970.43815768821,4122.569385495374,0.05065945669304103,0.09315945669304103,C4,5865.265516474157
240,2024-09-13,2024-09-13,5226.291666666667,0.0097839155196325,102.2280686938812,2552.400811106591,0.0651368599362211,2494.519872720564,0.0475972493489583,4.299149718107866e-06,802.2687500000001,0.0526666666666666,0.070875,0.056,0.074,0.0605538917028079,0.0156843190418021,0.0078116680439914,13.247916666666669,13.189583333333331,13.09375,12.9,0.0,802.2687500000001,38.21666666666667,15.25,2024-09-13,0.0475972493489583,1077.1113048096834,3136.0855846422046,3064.968393443975,4223.396482938773,0.050253258737875804,0.09275325873787581,C4,6044.7762657549365
241,2024-09-14,2024-09-14,5061.0625,0.0099409833790562,100.60374090268924,2537.254876330047,0.068192149283528,2478.3278138011474,0.0496711730957031,4.4023860983365945e-06,806.5375,0.0512916666666666,0.0702083333333333,0.0553333333333333,0.074875,0.0596916392429126,0.0166786770206794,0.0083069139279333,12.039583333333333,12.229166666666666,12.65625,12.86875,0.0,806.5375,46.25833333333333,12.766666666666666,2024-09-14,0.0496711730957031,1065.5562103124864,3117.476067080557,3045.07352335073,4190.03386889951,0.04953768134481323,0.09203768134481323,C4,5990.650960054303
242,2024-09-15,2024-09-15,5067.729166666667,0.0099342503686686,100.67061728763832,2540.548978128447,0.0674526366544434,2471.862877459773,0.0505116780598958,5.153122314286587e-06,806.225,0.050875,0.07,0.0547083333333333,0.0735,0.0592425034225448,0.0171966248461185,0.0085648809117503,12.28125,12.24375,12.44375,12.6,0.0,806.225,51.06666666666666,11.908333333333331,2024-09-15,0.0505116780598958,1066.4392035468948,3121.523466344557,3037.1301809189335,4191.131186126928,0.04916494661291251,0.09166494661291251,C4,5967.038375001537
243,2024-09-16,2024-09-16,5037.083333333333,0.0099643660963778,100.36597504702218,2527.474414826263,0.0700679039807705,2434.0336694037405,0.0556208292643229,7.117853205136987e-06,804.6583333333333,0.0506666666666666,0.0699166666666666,0.054,0.0739166666666666,0.0590054413370406,0.0174700071641452,0.0087010405953062,12.491666666666667,12.360416666666666,12.34375,12.6,0.5668,804.6583333333333,66.77499999999999,12.758333333333333,2024-09-16,0.0556208292643229,1059.4457322829708,3105.4590029111305,2990.650163538153,4167.278239900176,0.04896821041669491,0.09146821041669491,C4,5872.102836914068
244,2024-09-17,2024-09-17,4859.625,0.0101461923462741,98.57723461531567,2447.0511083660763,0.0884876038272236,2338.642844379128,0.0707333882649739,8.583908898459072e-06,802.11875,0.0535416666666666,0.069875,0.054,0.0738333333333333,0.0601473726898054,0.0161531207477357,0.0080451575117489,12.360416666666666,12.447916666666666,12.4875,12.5625,2.5142999,802.11875,86.26666666666667,11.441666666666668,2024-09-17,0.0707333882649739,1097.2981136713722,3006.6444393983934,2873.445299018024,4045.3063414245844,0.04991589140164342,0.09241589140164341,C4,5660.322677596097
245,2024-09-18,2024-09-18,4743.020833333333,0.0102684467727808,97.39277075496912,2361.829849391374,0.1092362050277914,2299.990577377036,0.0770060221354166,4.9849566427402125e-06,801.8916666666668,0.0626666666666666,0.07,0.054,0.0739166666666666,0.063875924820926,0.0118533179246858,0.0059036152351119,9.891666666666667,10.654166666666669,11.829166666666666,12.4375,6.0660996,801.8916666666668,65.28333333333333,9.341666666666669,2024-09-18,0.0770060221354166,1103.4233161060636,2901.93472428913,2825.954005005134,3937.5496315445384,0.05301019120127418,0.09551019120127417,C4,5624.068856409165
246,2024-09-19,2024-09-19,4739.020833333333,0.010272794238524,97.35165343454548,2394.491304831848,0.1005982806465192,2333.0150118497136,0.0711911519368489,4.880135971215517e-06,804.9333333333334,0.0589583333333333,0.07,0.054,0.0735416666666666,0.062357231530809,0.0136046898960438,0.0067758964240712,9.279166666666669,9.895833333333334,10.99375,12.0375,0.0,804.9333333333334,62.575,9.95,2024-09-19,0.0711911519368489,1089.8930447921225,2942.065223830813,2866.5304898738345,3978.3915823684556,0.051749838072753684,0.09424983807275368,C4,5681.0885969655965
247,2024-09-20,2024-09-20,4831.041666666667,0.0101755316316767,98.28891784831352,2427.131279353575,0.0925173495073581,2358.702164708829,0.0669937133789062,5.375206889026528e-06,804.0666666666666,0.0577083333333333,0.07,0.054,0.0722083333333333,0.0617746144307191,0.0142765696401447,0.0071105301121777,10.385416666666666,10.589583333333334,10.98125,11.608333333333333,0.0,804.0666666666666,55.03333333333333,13.333333333333334,2024-09-20,0.0669937133789062,1084.8149503058676,2982.1693301824707,2898.0917985215337,4027.30430187215,0.05126632814378621,0.0937663281437862,C4,5734.995572177656
248,2024-09-21,2024-09-21,4921.5625,0.010086722947801,99.18934184281076,2459.3279249516204,0.0861506467050454,2389.570951364564,0.0632197062174479,5.436808999703962e-06,803.28125,0.0567083333333333,0.0735416666666666,0.054,0.072625,0.0625489530124288,0.0133835948063366,0.0066657787044337,10.06875,10.55,11.1125,11.6,0.0,803.28125,59.725,10.325,2024-09-21,0.0632197062174479,1086.162701081991,3021.7287268471696,2936.019680547427,4087.8861294615836,0.051908946413283384,0.09440894641328339,C4,5822.873381841362
249,2024-09-22,2024-09-22,4072.8958333333335,0.0110818199894318,90.24862620823605,2103.256136427028,0.2012876875475049,2025.228807759576,0.1430943806966146,7.13487820715922e-06,807.1041666666666,0.1162083333333333,0.1777916666666666,0.0554583333333333,0.072,0.1207914510852407,0.0537822242108399,0.0267865554814885,9.510416666666666,9.75625,10.5,11.4625,22.308699,807.1041666666666,86.25,8.85,2024-09-22,0.1430943806966146,1064.6671821657808,2584.230196745383,2488.359524875456,3901.6489087904156,0.10024399545617635,0.14274399545617636,C4,5606.737255038861
250,2024-09-23,2024-09-23,4181.166666666667,0.0109375711080761,91.4398599187616,2145.885609125184,0.1824339031741686,2073.192223652962,0.1285845438639322,6.490666756465914e-06,807.2895833333333,0.113,0.1615,0.056,0.072,0.1143051207671182,0.0463021245817339,0.0230610475341671,9.7,10.0125,10.575,11.300000000000002,0.0,807.2895833333333,74.02499999999999,10.325,2024-09-23,0.1285845438639322,1058.318405117538,2636.6082065892306,2547.2912477141717,3939.5178018101437,0.09486103448422574,0.13736103448422574,C4,5672.407396070396
251,2024-09-24,2024-09-24,4276.770833333333,0.0108136318360892,92.48219754146284,2162.098908846184,0.1753315163732378,2089.9124133295195,0.1236813863118489,6.395915960747461e-06,807.6729166666668,0.10875,0.1486666666666666,0.057875,0.072,0.1088075694531997,0.039962294581196,0.0199034576325879,10.145833333333334,10.3875,10.6875,11.300000000000002,0.0,807.6729166666668,65.125,12.25,2024-09-24,0.1236813863118489,1058.3208197536098,2656.5291748451787,2567.8350218694545,3933.218018739306,0.09029865441526175,0.13279865441526176,C4,5660.195430526658
252,2024-09-25,2024-09-25,4343.833333333333,0.0107297950794827,93.20457960114288,2209.790503379908,0.1570056744806434,2131.197408484968,0.1128145853678385,6.827683305978234e-06,808.5166666666668,0.1038333333333333,0.1372083333333333,0.058,0.072,0.1031176059823691,0.0334005729974414,0.0166353533130589,10.389583333333333,10.525,10.7375,11.25625,0.0,808.5166666666668,65.38333333333334,13.391666666666666,2024-09-25,0.1128145853678385,1057.3801906182373,2715.126916028692,2618.5610981211275,3980.93318882851,0.0855765928190877,0.1280765928190877,C4,5707.066026667035
253,2024-09-26,2024-09-26,4419.270833333333,0.010638094242209,94.0096057944894,2249.329766733485,0.1431926381460238,2172.3093402217296,0.1029688517252604,6.567532288971752e-06,807.4395833333333,0.0986666666666666,0.127375,0.05925,0.072,0.0980946306173846,0.0276080286276837,0.0137503422631026,11.122916666666669,11.1375,11.0375,11.25,0.0,807.4395833333333,61.083333333333336,13.908333333333331,2024-09-26,0.1029688517252604,1069.860450543539,2763.708045328978,2669.074534692461,4016.284438469345,0.08140806006995577,0.12390806006995576,C4,5758.460682475631
254,2024-09-27,2024-09-27,4444.625,0.0106074144307072,94.27977058305676,2261.079278083736,0.1392690060596506,2190.2926474554683,0.0988400777180989,5.9829859217400775e-06,809.1416666666668,0.09325,0.1181666666666666,0.06,0.07225,0.0930829104420026,0.0218284638527728,0.0108717957772768,11.279166666666669,11.40625,11.31875,11.300000000000002,0.0,809.1416666666668,54.083333333333336,14.583333333333334,2024-09-27,0.0988400777180989,1046.7508806980054,2778.1444430184683,2691.1702769969265,4000.5065568411906,0.07724886792535535,0.11974886792535534,C4,5744.5889673452375
255,2024-09-28,2024-09-28,4453.25,0.010598134182985,94.36825445280482,2293.157069365818,0.1293015175305674,2217.570803432421,0.0930938720703125,6.310166997898306e-06,810.4166666666666,0.0879166666666666,0.1100416666666666,0.06,0.0731666666666666,0.0883376455212314,0.0163561778862844,0.0081462913229191,11.23125,11.335416666666667,11.3375,11.3125,0.0,810.4166666666666,55.775,15.05,2024-09-28,0.0930938720703125,1057.185885939478,2817.5578056804575,2724.6864204500603,4021.2210536513617,0.0733108051660922,0.1158108051660922,C4,5756.744353610066
256,2024-09-29,2024-09-29,4574.5,0.0104561596132174,95.64606363796037,2330.2918257650776,0.1179764016845617,2253.330213388388,0.0856641133626302,6.324984371007895e-06,809.5729166666666,0.0830833333333333,0.103625,0.06,0.0731666666666666,0.0842969061323122,0.0116963576609837,0.0058254402456291,11.445833333333333,11.516666666666666,11.508333333333333,11.475,0.0,809.5729166666666,56.34166666666667,14.583333333333334,2024-09-29,0.0856641133626302,1060.8535786072416,2863.184563721812,2768.6233168772314,4054.55611994705,0.06995742330584312,0.11245742330584312,C4,5797.032590505558
257,2024-09-30,2024-09-30,4643.0,0.0103773307832406,96.3638936531728,2319.516938264755,0.1207349763347882,2259.761646694874,0.084197998046875,4.896885807115114e-06,806.6,0.082,0.1,0.06,0.072,0.0826106349012621,0.0097517331674226,0.0048569084927727,14.8,12.9,11.3,11.3,0.0,806.6,20.8,25.4,2024-09-30,0.084197998046875,1045.9158620017683,2849.945667534793,2776.525494777071,4022.440706485028,0.06855799839535025,0.11105799839535024,C4,5790.664338958455
258,2023-06-25,,,,,,,,,,,,,,,,,,,,,,,,,,,,1184.1474678751997,,,,,,C4,
259,2023-06-28,,,,,,,,,,,,,,,,,,,,,,,,,,,,1073.9962888493592,,,,,,C4,
260,2023-06-29,,,,,,,,,,,,,,,,,,,,,,,,,,,,1032.4819099613903,,,,,,C4,
261,2023-06-30,,,,,,,,,,,,,,,,,,,,,,,,,,,,1022.6785426565176,,,,,,C4,
262,2023-07-01,,,,,,,,,,,,,,,,,,,,,,,,,,,,1022.754718157882,,,,,,C4,
263,2023-07-02,,,,,,,,,,,,,,,,,,,,,,,,,,,,1036.862725183158,,,,,,C4,
264,2023-07-03,,,,,,,,,,,,,,,,,,,,,,,,,,,,1032.3302867619416,,,,,,C4,
265,2023-07-04,,,,,,,,,,,,,,,,,,,,,,,,,,,,1037.079502899729,,,,,,C4,
266,2023-07-05,,,,,,,,,,,,,,,,,,,,,,,,,,,,1035.4655970842537,,,,,,C4,
267,2023-07-06,,,,,,,,,,,,,,,,,,,,,,,,,,,,1035.9391672903496,,,,,,C4,
268,2023-07-07,,,,,,,,,,,,,,,,,,,,,,,,,,,,1035.2231645142203,,,,,,C4,
269,2023-07-08,,,,,,,,,,,,,,,,,,,,,,,,,,,,1048.881765666597,,,,,,C4,
270,2023-07-09,,,,,,,,,,,,,,,,,,,,,,,,,,,,1046.248521281691,,,,,,C4,
271,2023-07-10,,,,,,,,,,,,,,,,,,,,,,,,,,,,1040.3876740397363,,,,,,C4,
272,2023-07-11,,,,,,,,,,,,,,,,,,,,,,,,,,,,1042.5939960582966,,,,,,C4,
273,2023-07-12,,,,,,,,,,,,,,,,,,,,,,,,,,,,1049.9457284742873,,,,,,C4,
274,2023-07-13,,,,,,,,,,,,,,,,,,,,,,,,,,,,1052.0633461688274,,,,,,C4,
275,2023-07-14,,,,,,,,,,,,,,,,,,,,,,,,,,,,1044.5881022606743,,,,,,C4,
276,2023-07-15,,,,,,,,,,,,,,,,,,,,,,,,,,,,1054.7521748749475,,,,,,C4,
277,2023-07-16,,,,,,,,,,,,,,,,,,,,,,,,,,,,1047.1354986393412,,,,,,C4,
278,2023-07-17,,,,,,,,,,,,,,,,,,,,,,,,,,,,1061.263594916362,,,,,,C4,
279,2023-07-18,,,,,,,,,,,,,,,,,,,,,,,,,,,,1053.8861795054752,,,,,,C4,
280,2023-07-19,,,,,,,,,,,,,,,,,,,,,,,,,,,,1049.365162250056,,,,,,C4,
281,2023-07-20,,,,,,,,,,,,,,,,,,,,,,,,,,,,1065.8803972876376,,,,,,C4,
282,2023-07-21,,,,,,,,,,,,,,,,,,,,,,,,,,,,1068.6044830157728,,,,,,C4,
283,2023-07-22,,,,,,,,,,,,,,,,,,,,,,,,,,,,1055.3595862687928,,,,,,C4,
284,2023-07-23,,,,,,,,,,,,,,,,,,,,,,,,,,,,1064.8193321669607,,,,,,C4,
285,2023-07-24,,,,,,,,,,,,,,,,,,,,,,,,,,,,1056.3858827557012,,,,,,C4,
286,2023-07-25,,,,,,,,,,,,,,,,,,,,,,,,,,,,1057.5297783541305,,,,,,C4,
287,2023-07-26,,,,,,,,,,,,,,,,,,,,,,,,,,,,1048.0115012269405,,,,,,C4,
288,2023-07-27,,,,,,,,,,,,,,,,,,,,,,,,,,,,1046.8969161928712,,,,,,C4,
289,2023-07-28,,,,,,,,,,,,,,,,,,,,,,,,,,,,1050.3204178817737,,,,,,C4,
290,2023-07-29,,,,,,,,,,,,,,,,,,,,,,,,,,,,1051.2668897571762,,,,,,C4,
291,2023-07-30,,,,,,,,,,,,,,,,,,,,,,,,,,,,1054.514788664775,,,,,,C4,
292,2023-08-02,,,,,,,,,,,,,,,,,,,,,,,,,,,,1084.2776687297012,,,,,,C4,
293,2023-08-03,,,,,,,,,,,,,,,,,,,,,,,,,,,,1096.172731099802,,,,,,C4,
294,2024-05-12,,,,,,,,,,,,,,,,,,,,,,,,,,,,989.274014165049,,,,,,C4,
