date,Date (aggregated based on UTC),Raw_Moderated_cph,Raw_Mod_Coeff_of_Var,Raw_Mod_sqrt,Corrected_Mod_cph_for_Des,SWC_Des_cm3_cm3,Corrected_Mod_cph_for_UTS,SWC_UTS_cm3_cm3,Rhov_g_cm3,BaroPress_mb,SWC_5,SWC_10,SWC_20,SWC_50,WeightedTDR_SWC,WeightedTDR_SD,WeightedTDR_SE,sT_5,sT_10,sT_20,sT_50,PRISM_ppt_mm,BaroPress,airRH,airT,date,CRNS,Bare
2023-07-01,2023-07-01,5431.391304347826,0.0095957632389927,104.22067976920344,2499.557108758047,0.0858764516005757,2461.4898397108614,0.0812563688858695,2.8731906301339976e-06,802.9130434782609,0.0933478260869565,0.1189565217391304,0.1207826086956521,0.1114782608695652,0.1078185452553569,0.0,0.0,21.47826086956522,19.980434782608697,19.67608695652174,18.06304347826087,,802.9130434782609,59.26086956521739,0.0,2023-07-01,0.0812563688858695,772.0449956820547
2023-07-02,2023-07-02,5543.583333333333,0.0094978142413778,105.29286043823797,2517.866963059876,0.0815777011689758,2488.088924430195,0.0763778686523437,2.2171225996930007e-06,801.8333333333334,0.1014166666666666,0.121,0.120625,0.1094583333333333,0.1119259729598968,0.0048011453340249,0.0024859674515986,24.09166666666667,22.379166666666663,20.491666666666667,17.8125,0.0,801.8333333333334,45.72916666666666,0.0,2023-07-02,0.0763778686523437,756.945016166918
2023-07-03,2023-07-03,6054.510638297872,0.0090261394972091,110.79543453189804,2711.2783550708828,0.0427081168870265,2623.664688732413,0.0549953294836956,6.187294282142495e-06,794.5729166666666,0.1040434782608695,0.1227391304347826,0.1217608695652174,0.1078260869565217,0.1138126623439175,0.0070064841943617,0.0036278617799561,24.15,23.47608695652174,21.38478260869565,18.169565217391305,0.0,794.5729166666666,47.90416666666667,17.583333333333332,2023-07-03,0.0549953294836956,752.8555548948069
2023-07-04,2023-07-04,6183.916666666667,0.0089929332790915,111.206647835133,2698.97910160564,0.044955458342779,2606.9603498935166,0.0574353535970052,6.53830537093703e-06,792.6958333333333,0.0993125,0.1228124999999999,0.1219166666666666,0.106,0.1117280334422987,0.0045697751287053,0.002366167120703,25.34166666666667,23.9375,22.13125,18.52083333333333,0.0,792.6958333333333,43.833333333333336,18.416666666666668,2023-07-04,0.0574353535970052,750.789457789698
2023-07-05,2023-07-05,6223.3125,0.0089645019605854,111.5599790008648,2725.745155304345,0.0402950756772544,2625.5527522652915,0.0547498067220052,7.064919101925945e-06,792.7687500000001,0.0955416666666666,0.121125,0.1204791666666666,0.1050208333333333,0.1092027843956109,0.0016180280622004,0.0008377928220372,24.977083333333336,23.191666666666663,21.64583333333333,18.72083333333333,0.19139999,792.7687500000001,49.77708333333334,17.929166666666667,2023-07-05,0.0547498067220052,767.0444769179429
2023-07-06,2023-07-06,6288.0,0.0089195011622433,112.13305960086927,2732.475460271606,0.0391916436312104,2635.7491746802502,0.0534515380859375,6.809595815773e-06,792.5083333333333,0.09525,0.1196041666666666,0.1191041666666666,0.1032083333333333,0.1082373135845012,0.0004894955563761,0.0002534541106742,24.44255319148936,22.62708333333333,21.28333333333333,18.7625,0.0537,792.5083333333333,53.42291666666667,17.10625,2023-07-06,0.0534515380859375,755.0723215134562
2023-07-07,2023-07-07,6437.375,0.0088144851537575,113.46114993295905,2736.060699608084,0.0385088194092145,2659.710516717972,0.050122578938802,5.325219802171235e-06,790.7770833333334,0.0950208333333333,0.1209791666666666,0.1195208333333333,0.1019791666666666,0.1086291032484934,0.0009474559278066,0.0004905797334772,26.454166666666666,24.28333333333333,22.09166666666667,18.83125,0.0,790.7770833333334,42.79791666666667,17.416666666666668,2023-07-07,0.050122578938802,755.5152378993029
2023-07-08,2023-07-08,6468.5,0.0087930914846541,113.73583012380412,2749.158060566366,0.0363190298416386,2663.7078570182503,0.049560546875,5.945158604446809e-06,790.1020833333333,0.0918333333333333,0.1206666666666666,0.1197083333333333,0.10125,0.1071385951889173,0.0007947891779685,0.0004115309764339,26.675,24.52916666666667,22.527083333333334,19.1,0.0,790.1020833333333,44.84791666666666,17.849999999999998,2023-07-08,0.049560546875,755.7435631496098
2023-07-09,2023-07-09,6465.854166666667,0.0087947499674742,113.71317366759916,2777.3829863005035,0.0317781418080438,2708.7791602132224,0.0438448588053385,4.692760227347172e-06,792.2583333333333,0.0886666666666666,0.1191666666666666,0.1190833333333333,0.0997916666666666,0.1050787198747905,0.0032025639373786,0.0016582438472681,24.66046511627907,24.147916666666664,22.402083333333334,19.31458333333333,0.0,792.2583333333333,38.110416666666666,16.916666666666668,2023-07-09,0.0438448588053385,753.67479908606
2023-07-10,2023-07-10,6441.270833333333,0.0088113598655484,113.49747372666002,2788.247196097207,0.0300985036287929,2709.107343392221,0.0438474019368489,5.415031422270251e-06,793.3354166666667,0.0860625,0.11875,0.1188125,0.098625,0.1037045674470613,0.004808801707392,0.0024899318171122,26.825,24.785416666666663,22.860416666666666,19.46875,0.0,793.3354166666667,40.40833333333333,17.872916666666665,2023-07-10,0.0438474019368489,751.5743136812379
2023-07-11,2023-07-11,6377.395833333333,0.0088552222211732,112.9339817527035,2791.834020613373,0.0295360662809108,2704.5956593824544,0.0443687438964843,5.975401605449897e-06,794.3333333333334,0.0847916666666666,0.1177291666666666,0.1182708333333333,0.0968541666666666,0.1026386008885624,0.0060548030339417,0.0031350942787648,25.5,25.04375,22.96875,19.675,0.0,794.3333333333334,42.7125,18.93958333333333,2023-07-11,0.0443687438964843,750.1822762908077
2023-07-12,2023-07-12,6363.375,0.0088650731432056,112.80933867780308,2796.913406974296,0.0287524762078006,2693.5227665250386,0.0457979838053385,7.1172185703162775e-06,794.1395833333332,0.0834375,0.1178958333333333,0.1185833333333333,0.0955416666666666,0.1021126036331642,0.0066696377797057,0.0034534473090823,27.25,26.18125,23.7875,19.95416666666667,0.0,794.1395833333332,44.98541666666667,19.85833333333333,2023-07-12,0.0457979838053385,758.9834298321618
2023-07-13,2023-07-13,6490.083333333333,0.0087778868743212,113.9278937975127,2809.985394257286,0.0267471473381331,2710.0926499758552,0.0436871846516927,6.826823189916173e-06,793.46875,0.082125,0.1169999999999999,0.118375,0.0939583333333333,0.1011410494137127,0.0078052811416853,0.0040414679246004,27.0,26.57708333333333,24.164583333333336,20.329166666666666,0.0,793.46875,44.3125,19.875,2023-07-13,0.0436871846516927,753.0821177142997
2023-07-14,2023-07-14,6534.979166666667,0.0087477031862599,114.32118777510853,2797.0988579567306,0.0286625866129319,2709.0394667987907,0.0437838236490885,6.0235641403571575e-06,793.9,0.0807083333333333,0.1154375,0.1180416666666666,0.092625,0.0998872625863719,0.00927082434998,0.0048003061728226,26.25897435897436,26.58333333333333,24.397916666666664,20.6375,0.0,793.9,40.927083333333336,19.672916666666666,2023-07-14,0.0437838236490885,742.0855716730022
2023-07-15,2023-07-15,6407.9375,0.0088350992476493,113.19977487491752,2825.199204640616,0.0245152639370252,2751.7878198613976,0.0388145446777343,4.943626240186849e-06,795.975,0.0786666666666666,0.1138125,0.1176041666666666,0.0908333333333333,0.0983020117082752,0.0111238137156164,0.0057597587472918,25.942500000000003,26.375,24.472916666666663,20.866666666666667,0.0,795.975,36.70208333333333,17.66875,2023-07-15,0.0388145446777343,748.8958050851647
2023-07-16,2023-07-16,6322.458333333333,0.008893863516704,112.44543320414324,2833.630235225296,0.023243578074369,2754.5608438662725,0.0384699503580729,5.318570260787273e-06,797.4562500000001,0.077375,0.1124791666666666,0.116875,0.089,0.0970845507453836,0.0125468958589451,0.0064966112362583,25.76410256410256,26.447916666666668,24.445833333333336,20.99375,0.0,797.4562500000001,40.458333333333336,18.241666666666667,2023-07-16,0.0384699503580729,745.1149884513784
2023-07-17,2023-07-17,6251.229166666667,0.0089443551956277,111.8103576801633,2822.4352025410626,0.0248571300928381,2735.664975984868,0.0406049092610677,5.874536482579872e-06,796.7645833333332,0.0763124999999999,0.1116249999999999,0.1165833333333333,0.0875208333333333,0.0962241547945387,0.0135526070490039,0.0070173547485358,26.41025641025641,26.929166666666664,24.7125,21.13958333333333,0.0,796.7645833333332,40.3625,19.95,2023-07-17,0.0406049092610677,752.3240607862067
2023-07-18,2023-07-18,6387.9375,0.0088479769613916,113.02700923801258,2849.336595184177,0.0209692359849786,2757.1372522321967,0.0381787618001302,6.1938490965158525e-06,795.24375,0.0754375,0.1111041666666666,0.1166458333333333,0.0863958333333333,0.0956380241741403,0.0142377312911529,0.0073721027196529,27.810256410256407,27.75625,25.2875,21.375,0.0,795.24375,36.66458333333333,21.183333333333334,2023-07-18,0.0381787618001302,749.6841645536888
2023-07-19,2023-07-19,6181.708333333333,0.0089943454116668,111.18759491966992,2808.2424423880097,0.0271298151927016,2680.353446590888,0.0475260416666666,8.837982030084521e-06,797.3375,0.075125,0.1102083333333333,0.1165416666666666,0.0847916666666666,0.0951235363276142,0.0148391127642903,0.0076834898292284,28.922500000000003,28.17708333333333,25.65416666666667,21.66875,0.0,797.3375,50.8125,21.175,2023-07-19,0.0475260416666666,750.0014685989842
2023-07-20,2023-07-20,5921.041666666667,0.0091941189610299,108.80269490699771,2687.288413713038,0.0478797918627225,2552.375574392811,0.0666656494140625,9.812181539541814e-06,797.65625,0.0743958333333333,0.1074375,0.1156666666666666,0.082875,0.0936428116047574,0.0165699221918699,0.0085796793012259,28.879166666666663,27.183333333333334,25.63958333333333,21.9625,3.6139998,797.65625,61.614583333333336,19.6,2023-07-20,0.0666656494140625,759.4307134267153
2023-07-21,2023-07-21,5774.145833333333,0.0093070181531981,107.4572710256558,2654.698243814556,0.0529971169962151,2532.752937003728,0.0688527425130208,8.92643919825479e-06,799.475,0.07775,0.1042083333333333,0.1131041666666666,0.0812083333333333,0.0934820460695838,0.016757839972679,0.0086769805604395,25.30714285714286,25.40833333333333,24.304166666666664,21.816666666666663,0.2747,799.475,63.552083333333336,18.527083333333334,2023-07-21,0.0688527425130208,750.934240233698
2023-07-22,2023-07-22,5771.6875,0.0093086627780461,107.43566217854176,2642.983875416626,0.0552181222098023,2565.0328647738447,0.0637003580729166,5.63097979292048e-06,802.0104166666666,0.077875,0.1047083333333333,0.1125833333333333,0.07875,0.0935118178591817,0.0167230399228678,0.0086589615701516,25.915,26.316666666666663,24.383333333333336,21.51875,0.0,802.0104166666666,36.9375,20.20833333333333,2023-07-22,0.0637003580729166,733.9132103964872
2023-07-23,2023-07-23,5778.75,0.0093027020304135,107.50242944999128,2637.7162847269437,0.0561916118983862,2568.514401339636,0.0631014506022135,4.990127031568172e-06,801.6020833333333,0.0750416666666666,0.1054583333333333,0.1126666666666666,0.0779583333333333,0.0925076146322785,0.0178968464957578,0.0092667425748209,26.14102564102564,26.804166666666664,24.75625,21.58125,0.0,801.6020833333333,29.77083333333333,21.08333333333333,2023-07-23,0.0631014506022135,737.9701203641484
2023-07-24,2023-07-24,5682.416666666667,0.0093809594388209,106.60361719183236,2635.1227697078484,0.0566423295046432,2550.462115812717,0.065893809000651,6.148852362334016e-06,802.6395833333332,0.072875,0.105125,0.112625,0.0765416666666666,0.0913875300212168,0.0192061060593938,0.0099446592872827,26.975,26.96875,25.027083333333334,21.6375,0.0,802.6395833333332,36.75,21.166666666666668,2023-07-24,0.065893809000651,737.4303865726557
2023-07-25,2023-07-25,5624.041666666667,0.0094302970220202,106.0517270863236,2615.466487901469,0.060529802762195,2520.6207701257067,0.0708541870117187,6.98127104149349e-06,802.2645833333332,0.071875,0.1045,0.1124166666666666,0.0760833333333333,0.0906846584215637,0.0200276880673651,0.0103700632249976,28.147727272727277,27.225,25.23125,21.875,0.0,802.2645833333332,37.10416666666666,22.125,2023-07-25,0.0708541870117187,760.0537350963149
2023-07-26,2023-07-26,5459.1875,0.0095710501643276,104.48793413694666,2561.580551001701,0.0718636293426517,2464.2805859251025,0.0807902018229166,7.314938093510867e-06,802.4020833333334,0.07325,0.100625,0.110375,0.07525,0.0895735347766273,0.021326473216405,0.0110425564287028,25.63958333333333,24.695833333333336,24.20625,21.86875,0.3223,802.4020833333334,43.083333333333336,20.9375,2023-07-26,0.0807902018229166,751.1231658300775
2023-07-27,2023-07-27,5471.354166666667,0.0095612047920252,104.60135033521304,2565.6545225142104,0.0709262517738552,2459.86601033038,0.081579844156901,7.970334252081754e-06,801.6208333333334,0.076,0.0997083333333333,0.1090416666666666,0.074,0.09016967590005,0.0206296477628546,0.0106817497302062,24.83125,23.745833333333334,23.14375,21.525,0.68759996,801.6208333333334,53.375,19.041666666666668,2023-07-27,0.081579844156901,739.5445811450487
2023-07-28,2023-07-28,5517.020833333333,0.0095209266780267,105.0392938408375,2552.500829716227,0.0738003319614128,2460.9624251037217,0.0813649495442708,6.890673180648626e-06,801.0020833333333,0.07725,0.1009583333333333,0.109,0.0725,0.0910692741732596,0.0195781132350178,0.0101372795197527,26.695833333333336,24.63125,23.085416666666664,21.1,0.039499998,801.0020833333333,35.895833333333336,22.729166666666668,2023-07-28,0.0813649495442708,736.0632075998415
2023-07-29,2023-07-29,5531.916666666667,0.009507938137667,105.18159367019148,2580.0025942267894,0.067872633725923,2493.725810589501,0.0754013061523437,6.404855418358962e-06,802.3229166666666,0.075,0.102,0.1091666666666666,0.0724583333333333,0.0904613730252134,0.0202886849043048,0.0105052038209309,26.6375,25.1125,23.62291666666667,21.19375,0.99859995,802.3229166666666,38.645833333333336,20.791666666666668,2023-07-29,0.0754013061523437,734.6484925474791
2023-07-30,2023-07-30,5492.666666666667,0.0095419587431053,104.80738315443548,2575.761166684943,0.0687105850472474,2473.4264444914047,0.0789909362792968,7.663110822115261e-06,802.5145833333332,0.0745,0.1025,0.1091249999999999,0.072,0.090383852078669,0.0203792986308421,0.0105521223703952,26.76744186046512,25.71666666666667,23.75,21.2375,0.0413,802.5145833333332,40.458333333333336,22.70833333333333,2023-07-30,0.0789909362792968,737.3836081674011
2023-07-31,2023-07-31,5511.1875,0.009525780935302,104.98441640287918,2573.558939029927,0.0692662611291033,2452.9557017611155,0.0828158060709635,9.105226679778638e-06,801.9729166666666,0.0734166666666666,0.10225,0.1092916666666666,0.0717083333333333,0.0898475896374734,0.0210061322850324,0.0108766882715439,27.058333333333334,25.77916666666667,24.245833333333334,21.3375,1.2184,801.9729166666666,54.35416666666666,19.854166666666668,2023-07-31,0.0828158060709635,734.6134274816136
2023-08-01,2023-08-01,5416.104166666667,0.0096096396276992,104.07264664512564,2549.098332764371,0.0746285635379185,2416.7504695240573,0.089917500813802,1.0138903166617209e-05,801.6437500000001,0.0735833333333333,0.1005833333333333,0.1087083333333333,0.0708333333333333,0.0892212619169155,0.0217382426542065,0.0112557650172209,26.68958333333333,24.7125,23.572916666666668,21.399999999999995,2.3003,801.6437500000001,62.54166666666666,19.5625,2023-08-01,0.089917500813802,743.8084984333375
2023-08-02,2023-08-02,5256.270833333333,0.0097555580271497,102.52233080645892,2542.398326538168,0.0762998042776604,2406.510718997596,0.0921796162923177,1.0456217480884712e-05,801.5416666666666,0.074625,0.1000416666666666,0.1076666666666666,0.07,0.0892658233406927,0.0216861550978975,0.0112287947922832,26.49375,24.81875,23.633333333333336,21.399999999999995,7.8785,801.5416666666666,71.0,18.3125,2023-08-02,0.0921796162923177,776.2180883148584
2023-08-03,2023-08-03,4751.6875,0.0103014610546077,97.36056930391383,2231.332588893917,1.6555826254803874,2117.5142388753115,0.2505238850911458,9.996203604889622e-06,799.1145833333334,0.21,0.1309375,0.1071666666666666,0.07,0.1587200320396125,0.0594984144210371,0.0308074660069558,23.495833333333334,23.610416666666666,23.27083333333333,21.3875,18.481699,799.1145833333334,73.14166666666667,17.0125,2023-08-03,0.2505238850911458,819.4512155411769
2023-08-04,2023-08-04,4966.229166666667,0.0100362031737093,99.65422446572585,2269.4684170676724,0.1546639776384515,2173.204448672479,0.1531308492024739,8.214360339013632e-06,795.7541666666666,0.2457916666666666,0.1939166666666666,0.1056874999999999,0.069625,0.1950508734099917,0.1019652968773743,0.0527962374797031,21.697916666666668,20.941666666666663,21.34583333333333,20.972916666666663,1.8166,795.7541666666666,63.40625,16.664583333333333,2023-08-04,0.1531308492024739,804.9149586994002
2023-08-05,2023-08-05,5070.375,0.009931529622524,100.69733511627724,2342.605252762625,0.1292200058166071,2247.5460610903438,0.1300862630208333,7.836180636680341e-06,795.7854166666666,0.2247083333333333,0.1984166666666666,0.10625,0.069,0.1874029831034269,0.0930257280031824,0.0481674508660025,23.525,22.43541666666667,21.75625,20.4875,0.0,795.7854166666666,57.25208333333333,17.5,2023-08-05,0.1300862630208333,793.7034429945512
2023-08-06,2023-08-06,5207.604166666667,0.0098007060489485,102.04774723362604,2409.144982798154,0.109420688294675,2312.717259153241,0.1131337483723958,7.732076331474578e-06,795.3020833333334,0.2081666666666667,0.19325,0.1061458333333333,0.0689375,0.1784191007836774,0.0825245268175302,0.0427300723794121,23.416666666666668,22.25208333333333,21.73958333333333,20.335416666666667,0.0,795.3020833333334,59.76458333333333,17.020833333333332,2023-08-06,0.1131337483723958,794.1746848447267
2023-08-07,2023-08-07,5387.833333333333,0.0096351696237993,103.79939260077528,2475.672564892034,0.0918345612129822,2388.159417100732,0.0959383646647135,6.7983401428830114e-06,795.2083333333334,0.1959791666666666,0.1881666666666666,0.1065625,0.069,0.171474033771614,0.0744064834877342,0.0385266604673586,23.789583333333336,22.89375,22.11875,20.266666666666666,0.0,795.2083333333334,51.00208333333333,17.522916666666667,2023-08-07,0.0959383646647135,782.7158343547771
2023-08-08,2023-08-08,5601.375,0.0094520078089759,105.8279169780729,2523.057064588537,0.0808796391437223,2447.1332175650477,0.0844561258951823,5.760019631827458e-06,793.6333333333333,0.1821874999999999,0.1805625,0.10625,0.0689791666666666,0.1628444147447704,0.0643193783442038,0.0333036952532129,22.61875,21.95208333333333,21.641666666666666,20.23125,0.0,793.6333333333333,48.97083333333333,16.179166666666667,2023-08-08,0.0844561258951823,769.5024261530447
2023-08-09,2023-08-09,5711.583333333333,0.0093582001831801,106.87219404847406,2558.1777748668096,0.0727454773898199,2483.650846664073,0.0774065653483073,5.562097971477796e-06,792.8541666666666,0.1702291666666666,0.1741041666666666,0.1062083333333333,0.0688958333333333,0.1554485364011064,0.0556743846023903,0.0288274356180133,22.93958333333333,21.902083333333334,21.40416666666667,20.0625,0.0,792.8541666666666,46.47083333333333,15.6,2023-08-09,0.0774065653483073,777.4627761179063
2023-08-10,2023-08-10,5851.125,0.0092447376135967,108.17450327370726,2590.7489093034765,0.0655794482402171,2505.591432386715,0.0733248392740885,6.293926036281876e-06,792.5520833333334,0.1582916666666666,0.1686041666666666,0.10675,0.0686458333333333,0.1484866999525615,0.0475367395881561,0.0246138742215931,23.73125,22.70625,21.83333333333333,20.00625,0.0,792.5520833333334,48.39375,16.739583333333332,2023-08-10,0.0733248392740885,767.7768929022546
2023-08-11,2023-08-11,5661.916666666667,0.0093982286062479,106.41000792930338,2554.1861563484704,0.0733620740432583,2438.7443616827345,0.0854911804199218,8.76815471087824e-06,794.6750000000001,0.145,0.1615833333333333,0.106875,0.0685833333333333,0.1403527009264387,0.0380289614164139,0.0196908765975748,22.785416666666663,22.039583333333336,21.73958333333333,20.072916666666668,1.9351,794.6750000000001,71.60208333333334,15.620833333333332,2023-08-11,0.0854911804199218,776.1577374673917
2023-08-12,2023-08-12,5788.458333333333,0.0092948764585349,107.5927645595434,2600.196991158502,0.0636281449885683,2480.250873785427,0.0777587890625,8.956224703936524e-06,795.3562499999999,0.1381666666666666,0.1554791666666666,0.1066874999999999,0.0682708333333333,0.1352819112844058,0.0321017486251188,0.0166218468030723,23.370833333333334,22.2125,21.425,19.977083333333333,0.0,795.3562499999999,64.03750000000001,17.464583333333334,2023-08-12,0.0777587890625,769.0688939801173
2023-08-13,2023-08-13,5937.729166666667,0.0091777049501872,108.96961287355371,2646.2355854013954,0.0546991674854181,2538.3755064264683,0.0680071512858073,7.87220357879947e-06,795.7083333333334,0.1328958333333333,0.1507708333333333,0.1075833333333333,0.0684583333333333,0.1315865970079375,0.0277823199772057,0.0143853056694148,24.4125,22.93541666666667,21.93958333333333,19.99375,0.0131,795.7083333333334,61.65416666666667,16.797916666666666,2023-08-13,0.0680071512858073,754.7477856849583
2023-08-14,2023-08-14,5959.645833333333,0.0091606330565569,109.17124677262788,2674.2057535567524,0.0493625897995167,2583.646305475037,0.0608253479003906,6.491464116344744e-06,797.8375,0.1252291666666666,0.1455208333333333,0.1085,0.0687916666666666,0.1266715179164276,0.0220371162282793,0.0114105176700978,25.30208333333333,23.714583333333334,22.572916666666668,20.2,0.0,797.8375,49.68541666666667,17.34375,2023-08-14,0.0608253479003906,756.0895819437259
2023-08-15,2023-08-15,5940.479166666667,0.009175728040754,108.99426164520172,2702.702096865724,0.0442403254856191,2603.082837103924,0.0579401652018229,7.087876789757441e-06,799.5520833333334,0.1175833333333333,0.1405625,0.1091249999999999,0.069,0.1218019020149627,0.0163450541043445,0.0084632456780798,26.06041666666667,24.285416666666663,23.010416666666668,20.4375,0.0,799.5520833333334,50.8875,18.366666666666667,2023-08-15,0.0579401652018229,753.1847939337719
2023-08-16,2023-08-16,6062.541666666667,0.0090825800441372,110.1095793992362,2715.3639578964016,0.0419729198217233,2606.2614762224007,0.0574226379394531,7.753533904947099e-06,797.7229166666666,0.111,0.1366041666666666,0.1100416666666666,0.069,0.1177786126807755,0.0116422575601922,0.0060282018860494,26.714893617021275,25.116666666666664,23.59166666666667,20.70833333333333,0.0,797.7229166666666,50.61666666666667,19.4,2023-08-16,0.0574226379394531,751.7707457654873
2023-08-17,2023-08-17,6137.770833333333,0.0090270814668074,110.78927438311904,2734.414016518016,0.0389224402088497,2616.503912408898,0.0561180114746093,8.345040499103563e-06,796.3666666666667,0.1049791666666666,0.1328958333333333,0.1105833333333333,0.069,0.1140126786597122,0.0072402819554872,0.0037489190660782,26.575,24.98333333333333,23.9125,21.029166666666665,2.5978,796.3666666666667,55.67083333333333,19.035416666666663,2023-08-17,0.0561180114746093,748.957220490793
2023-08-18,2023-08-18,6192.166666666667,0.0089866265978099,111.2820982576143,2752.2619609194303,0.0358206207506296,2624.106052855888,0.0549265543619791,9.04557252624562e-06,795.4520833333332,0.0999166666666666,0.1291875,0.1104791666666666,0.069,0.1105421194155619,0.003183567992368,0.0016484080065003,25.1625,24.4375,23.891666666666666,21.20833333333333,0.0,795.4520833333332,55.00416666666666,19.741666666666667,2023-08-18,0.0549265543619791,767.9060970102287
2023-08-19,2023-08-19,6151.541666666667,0.0090163726133542,110.91595862512332,2758.582065233473,0.03488396260532,2632.7651151320506,0.053808848063151,8.851404646691297e-06,795.7875,0.0992708333333333,0.1241041666666666,0.1085416666666666,0.069,0.1081950735396302,0.0004401214446621,0.0002278888702715,23.116666666666664,22.00625,22.089583333333334,21.091666666666665,2.3725998,795.7875,60.58125,18.660416666666663,2023-08-19,0.053808848063151,760.943958369699
2023-08-20,2023-08-20,6243.791666666667,0.0089496900167347,111.74379249424778,2800.8341387534147,0.0280956024731069,2701.4323340672954,0.0447680155436197,6.82794584937565e-06,795.6437500000001,0.1036666666666666,0.124375,0.1090208333333333,0.0688541666666666,0.1102964707230339,0.0028964308450394,0.0014997323150262,25.160416666666663,23.504166666666663,22.50625,20.772916666666667,0.0,795.6437500000001,47.16041666666666,20.397916666666667,2023-08-20,0.0447680155436197,756.6104281871792
2023-08-21,2023-08-21,6240.3125,0.0089522722475415,111.71231484047968,2820.3505300852607,0.0251560402106081,2733.6913459681123,0.0408617655436197,5.876534833324658e-06,797.3833333333333,0.102125,0.1236666666666666,0.1095,0.0684791666666666,0.1094640152074154,0.0019233790466651,0.0009958993895083,25.847916666666663,24.110416666666666,23.027083333333334,20.82708333333333,0.0,797.3833333333333,37.31666666666667,20.289583333333333,2023-08-21,0.0408617655436197,750.0822526439789
2023-08-22,2023-08-22,6164.5625,0.0090070189572977,111.0325632552626,2812.2092404276555,0.0264096188642664,2706.987656857526,0.0440928141276041,7.205652662503173e-06,798.2687500000001,0.0968333333333333,0.1225,0.10975,0.0683333333333333,0.1068016798469028,0.0011886073139485,0.0006154446261536,24.95208333333333,24.1375,23.48125,21.010416666666668,0.0,798.2687500000001,47.27708333333334,18.729166666666668,2023-08-22,0.0440928141276041,749.0878346188707
2023-08-23,2023-08-23,6112.3125,0.0090456715781516,110.56004178879824,2805.1805239632827,0.0274540886385346,2679.08339962553,0.047552744547526,8.716660395697899e-06,798.0854166666667,0.09375,0.1196875,0.1084166666666666,0.068,0.1042470168044356,0.004174736207414,0.0021616213650298,23.86875,22.683333333333334,22.354166666666668,20.972916666666663,1.3773,798.0854166666667,61.31666666666666,17.954166666666666,2023-08-23,0.047552744547526,782.0301835038681
2023-08-24,2023-08-24,5575.375,0.0094737951823789,105.58274288065292,2550.3328917551294,0.0745771007256779,2407.868964792376,0.0920524597167968,1.0966264137225718e-05,796.4979166666667,0.0959999999999999,0.1189166666666666,0.1081249999999999,0.068,0.1049194677632912,0.0033887126871701,0.0017546291263926,24.24375,22.954166666666666,22.39375,20.81458333333333,4.3480997,796.4979166666667,80.44791666666667,17.122916666666665,2023-08-24,0.0920524597167968,827.7113155504344
2023-08-26,2023-08-26,5369.020833333333,0.0096523340652387,103.6169369683635,2486.347789437367,0.0892813653963246,2347.745888526392,0.1048698425292968,1.0941355054125075e-05,797.9541666666668,0.1593541666666666,0.1157291666666666,0.1061666666666666,0.066625,0.1311680688630649,0.0272931051706512,0.0141319969271619,21.566666666666663,20.5625,20.53333333333333,20.325,5.0078998,797.9541666666668,79.65416666666667,17.116666666666667,2023-08-26,0.1048698425292968,837.3479252709861
2023-08-27,2023-08-27,5589.041666666667,0.0094607980149972,105.71737063038825,2562.301948219793,0.0719085455162964,2433.837480779807,0.0867538452148437,9.778238743025133e-06,797.7416666666667,0.1824583333333333,0.1178958333333333,0.1068958333333333,0.06625,0.1421306314642925,0.0401071727739997,0.020766946042065,22.754166666666663,21.725,21.214583333333334,20.05625,3.0014,797.7416666666667,67.95416666666667,18.2125,2023-08-27,0.0867538452148437,833.1822169320118
2023-08-28,2023-08-28,5811.125,0.0092774292406496,107.80051333185033,2637.2009257827963,0.0565246077241019,2518.925527729285,0.0714658101399739,8.717931829627369e-06,797.1520833333334,0.1845416666666667,0.1194166666666666,0.1071041666666666,0.0668333333333333,0.1436105636300192,0.0418370557867424,0.0216626558291183,23.2375,21.90833333333333,21.258333333333333,20.00625,0.4464,797.1520833333334,58.00625,19.03125,2023-08-28,0.0714658101399739,818.4206150986059
2023-08-29,2023-08-29,5833.625,0.009259463743692,108.00921875834574,2667.8652376822506,0.0505647705871702,2569.0618806943758,0.0631256103515625,7.130962620486578e-06,798.4729166666666,0.1705833333333333,0.1201041666666666,0.1072291666666666,0.0667083333333333,0.1377476868689892,0.0349839775514102,0.0181142255586243,22.254166666666663,21.3125,21.28125,20.010416666666668,0.44739997,798.4729166666666,59.06875,16.316666666666666,2023-08-29,0.0631256103515625,799.7526946724918
2023-08-30,2023-08-30,6092.0,0.0090600306837596,110.37907505368032,2715.513044082866,0.0420147727454903,2626.0435567007644,0.0546875,6.312416593991806e-06,795.8770833333333,0.159,0.1213125,0.1071666666666666,0.0665,0.1330587898088016,0.029503156497065,0.0152763313060634,22.391666666666666,21.44375,21.164583333333333,19.902083333333334,0.0,795.8770833333333,50.62916666666666,16.618750000000002,2023-08-30,0.0546875,790.0993750861281
2023-08-31,2023-08-31,6299.916666666667,0.008909660298771,112.24521669892124,2755.544261092291,0.0353546980599463,2667.1978542511497,0.0491676330566406,6.137137286971873e-06,793.05625,0.14875,0.1232083333333333,0.1076041666666666,0.0664583333333333,0.1292847666511539,0.0250917255536024,0.0129921526408803,23.71666666666667,22.352083333333336,21.47083333333333,19.860416666666666,0.0,793.05625,45.38958333333333,18.370833333333334,2023-08-31,0.0491676330566406,776.0203820847415
2023-09-01,2023-09-01,6283.979166666667,0.0089217328790512,112.09999333149187,2755.4750129634854,0.0354132462622416,2662.035074439325,0.04986572265625,6.504018833744969e-06,793.8270833333332,0.1358125,0.1231458333333333,0.1079791666666666,0.066625,0.1236781155178524,0.0185381477758599,0.0095987996149826,23.40833333333333,22.45833333333333,21.84375,19.98125,0.0,793.8270833333332,47.01666666666667,17.347916666666666,2023-09-01,0.04986572265625,772.597985747553
2023-09-02,2023-09-02,6057.645833333333,0.0090862316915126,110.06519700248214,2715.831489099159,0.0419592045135538,2604.5256974257886,0.0577354431152343,7.914628320529926e-06,796.6083333333332,0.1237291666666666,0.1211458333333333,0.107625,0.0667708333333333,0.1176596416260894,0.0115031930738085,0.0059561961951629,21.464583333333334,21.122916666666665,21.38125,20.04791666666667,0.0,796.6083333333332,58.458333333333336,16.977083333333333,2023-09-02,0.0577354431152343,765.1178726329617
2023-09-03,2023-09-03,6017.416666666667,0.0091167074580693,109.6985009077684,2715.613780485694,0.042008522662336,2592.37240760372,0.0595448811848958,8.807564957674918e-06,795.8083333333334,0.1178125,0.1202708333333333,0.1071249999999999,0.066,0.1146533334511676,0.0079891391439697,0.0041366670859663,21.64583333333333,21.104166666666668,20.885416666666668,19.875,0.1768,795.8083333333334,67.03750000000001,16.079166666666666,2023-09-03,0.0595448811848958,763.627921222977
2023-09-04,2023-09-04,6343.6875,0.0088792100538114,112.63304949188957,2718.598354995394,0.0414356327710412,2609.89313147024,0.0569432576497395,7.721679038837184e-06,789.4020833333334,0.1123541666666666,0.1182916666666666,0.1065625,0.066,0.1114968012565707,0.0042994893417253,0.0022262168333622,20.725,20.039583333333333,20.272916666666667,19.68125,1.1488,789.4020833333334,63.91041666666666,15.08125,2023-09-04,0.0569432576497395,758.5599337507277
2023-09-05,2023-09-05,6332.520833333333,0.008886648275074,112.53550086340334,2740.9849431050075,0.0377895374307642,2650.8042055339165,0.0513928731282552,6.3061346953032605e-06,792.5833333333334,0.1084166666666666,0.1169791666666666,0.1063124999999999,0.0659583333333333,0.1092865144549212,0.0017158995799707,0.0008884693566322,20.75625,19.695833333333333,19.904166666666665,19.45833333333333,0.0,792.5833333333334,61.6375,13.339583333333332,2023-09-05,0.0513928731282552,755.7865985029115
2023-09-06,2023-09-06,6281.4375,0.0089226377426465,112.0809731657646,2736.4998883045705,0.0384556370201278,2664.750251668033,0.0494384765625,4.988929370738958e-06,795.1020833333333,0.1046041666666666,0.1164375,0.1062291666666666,0.0659375,0.1074203073081265,0.0004654977274618,0.0002410283627663,21.197916666666668,19.902083333333334,19.922916666666666,19.241666666666667,0.0,795.1020833333333,46.92291666666667,14.75625,2023-09-06,0.0494384765625,758.4288653506643
2023-09-07,2023-09-07,6279.083333333333,0.0089242068696682,112.06040325933684,2725.128915126554,0.0403352117024108,2657.6692480250445,0.0503476460774739,4.702543232949734e-06,795.4354166666667,0.1005625,0.1161041666666666,0.1064166666666666,0.0659791666666666,0.1055775008027812,0.0026195421784134,0.0013563631468257,21.55208333333333,20.179166666666667,20.08333333333333,19.166666666666668,0.0,795.4354166666667,40.516666666666666,15.595833333333331,2023-09-07,0.0503476460774739,761.0657670745153
2023-09-08,2023-09-08,6256.770833333333,0.0089404154782541,111.85983016605788,2752.7854866395087,0.0357530550574725,2689.9783192671607,0.0461870829264322,4.325295738746971e-06,797.5437499999999,0.0961666666666666,0.1151249999999999,0.1061041666666666,0.0655416666666666,0.1032507812655855,0.005339229401939,0.0027645800296388,21.154166666666665,19.86458333333333,20.004166666666663,19.11458333333333,0.0,797.5437499999999,41.2875,14.570833333333333,2023-09-08,0.0461870829264322,753.3920397630995
2023-09-09,2023-09-09,6246.770833333333,0.0089471256338105,111.77225775779895,2765.2836779756126,0.0336879767196676,2702.621769602398,0.0445696512858072,4.293946096127672e-06,798.61875,0.0924166666666666,0.1141458333333333,0.1057083333333333,0.065,0.1011869238932028,0.007751658763156,0.0040137029896886,20.791666666666668,19.5125,19.758333333333333,19.03333333333333,0.0,798.61875,40.625,14.347916666666668,2023-09-09,0.0445696512858072,751.3636467339509
2023-09-10,2023-09-10,6237.770833333333,0.008953980792811,111.6900292173936,2766.468903400663,0.0335577667688119,2680.3725983351355,0.047461191813151,5.954326177735975e-06,796.8229166666666,0.0895833333333333,0.1145208333333333,0.1059166666666666,0.0649166666666666,0.1001082362485592,0.0090125296839581,0.0046665647240685,20.86382978723404,20.15,20.05,18.941666666666663,0.0,796.8229166666666,45.85,15.7625,2023-09-10,0.047461191813151,768.1184712082775
2023-09-11,2023-09-11,6099.229166666667,0.0090569453947287,110.43524328958618,2715.1711308647896,0.0422047329975001,2602.793631209896,0.058270772298177,8.02129294422222e-06,795.9499999999999,0.0892916666666666,0.1132083333333333,0.1051874999999999,0.0640208333333333,0.0993702959842476,0.0098751032242964,0.0051131935171389,21.285416666666663,19.74375,19.59375,18.935416666666665,2.3248,795.9499999999999,68.94375000000001,14.91875,2023-09-11,0.058270772298177,784.9489234459538
2023-09-12,2023-09-12,6259.083333333333,0.0089390415127266,111.87933534157295,2739.459658974071,0.0380891616360571,2656.9651142474613,0.0505625406901041,5.749074488546673e-06,794.4791666666666,0.0910416666666666,0.1107916666666666,0.1046041666666666,0.064125,0.0992238915903769,0.0100462343611236,0.0052018028814696,19.12708333333333,18.339583333333334,19.09583333333333,18.8125,0.1302,794.4791666666666,60.40416666666667,12.439583333333331,2023-09-12,0.0505625406901041,755.0407327196162
2023-09-13,2023-09-13,6340.229166666667,0.0088812351440708,112.60400693903576,2772.892318716265,0.0325487724517466,2681.437870114773,0.0472895304361979,6.318538894485998e-06,792.5166666666668,0.0933958333333333,0.1109583333333333,0.1044166666666666,0.064,0.1002693388103355,0.0088242179549611,0.0045690594838661,19.697916666666668,18.822916666666668,18.947916666666668,18.516666666666666,0.0,792.5166666666668,58.60208333333333,12.666666666666666,2023-09-13,0.0472895304361979,749.8073243597429
2023-09-14,2023-09-14,6271.916666666667,0.0089292140229634,111.99681444799972,2761.335531482642,0.0343830102881526,2657.824453667853,0.050360361735026,7.212866752625911e-06,793.2666666666668,0.0899583333333333,0.1091458333333333,0.1037291666666666,0.0637291666666666,0.0980189261797948,0.0114547105352223,0.0059310925991434,17.01875,17.283333333333335,18.316666666666663,18.33333333333333,1.1018,793.2666666666668,75.48541666666667,10.70625,2023-09-14,0.050360361735026,804.8516829614509
2023-09-15,2023-09-15,5722.1875,0.0093485941055785,106.9749145940012,2552.293004790296,0.0738524449154239,2437.3654018558614,0.0858370463053385,8.734030216662891e-06,795.5416666666666,0.0924583333333333,0.1076874999999999,0.1022291666666666,0.063,0.0983126222467126,0.0111114111267519,0.0057533368562454,16.260416666666668,16.256249999999998,17.114583333333332,17.912499999999998,5.082,795.5416666666666,90.72083333333336,10.660416666666666,2023-09-15,0.0858370463053385,846.7389551601283
2023-09-16,2023-09-16,5379.0625,0.0096429857621035,103.7150038376408,2422.9481619233065,0.105588118068171,2336.2186494871626,0.1073926289876302,6.879716029282885e-06,798.0083333333333,0.1033541666666666,0.1058124999999999,0.10125,0.0626458333333333,0.1022574847496781,0.0065002871918013,0.0033657598886545,14.785416666666668,14.7,16.204166666666666,17.433333333333334,2.4778,798.0083333333333,80.94791666666667,9.677083333333334,2023-09-16,0.1073926289876302,836.6043215368614
2023-09-17,2023-09-17,5577.875,0.0094689528435907,105.61660638688808,2494.573071260152,0.0870896016053704,2420.963261115064,0.0890159606933593,5.63394675934044e-06,797.4666666666667,0.1198125,0.10575,0.1008125,0.062,0.1093341919183467,0.00177162945461,0.0009173255242331,15.408333333333331,14.629166666666668,15.752083333333331,16.90625,0.0,797.4666666666667,63.58541666666667,11.091666666666669,2023-09-17,0.0890159606933593,811.2508863291943
2023-09-18,2023-09-18,5666.729166666667,0.0093953166476867,106.45119313814143,2552.764069604404,0.0738321441328055,2466.9796517488758,0.0803324381510416,6.44423661365344e-06,795.3479166666666,0.125625,0.1070416666666666,0.1012291666666666,0.062,0.1123889397856895,0.005342304223567,0.0027661721302637,15.270833333333334,15.183333333333332,16.041666666666668,16.552083333333332,0.0,795.3479166666666,68.875,10.720833333333331,2023-09-18,0.0803324381510416,813.0805652097904
2023-09-19,2023-09-19,5476.604166666667,0.0095570479213614,104.6500186581066,2480.750238158088,0.0909336165737225,2386.470245524551,0.0964749654134114,7.315076543707598e-06,793.4895833333334,0.1223541666666666,0.1057291666666666,0.0999166666666666,0.0618125,0.1102607999986467,0.002854735569,0.0014781430708129,13.097916666666668,13.35625,14.84375,16.25,4.5306,793.4895833333334,81.02291666666666,9.985416666666667,2023-09-19,0.0964749654134114,812.6977127069
2023-09-20,2023-09-20,5615.270833333333,0.0094391373923956,105.9633686908473,2511.7589604816603,0.0831079181707231,2435.0909123704478,0.0863863627115885,5.840466060823599e-06,792.1208333333334,0.1228125,0.1055833333333333,0.0993125,0.061,0.110266608146058,0.002861524674457,0.0014816583768529,13.14375,12.783333333333331,14.095833333333331,15.76875,0.392,792.1208333333334,70.44166666666666,10.125,2023-09-20,0.0863863627115885,798.4888244004293
2023-09-21,2023-09-21,5788.5625,0.0092969651307807,107.58545649078184,2541.5210443020765,0.0764013263216091,2463.4364372172627,0.0811653137207031,5.885864986647206e-06,789.9458333333333,0.1279791666666666,0.1085,0.0999791666666666,0.061,0.1136274746749628,0.0067900195413775,0.0035157793403918,16.1375,14.83125,14.833333333333334,15.433333333333332,1.0095999,789.9458333333333,54.325,13.6875,2023-09-21,0.0811653137207031,817.9771750048268
2023-09-22,2023-09-22,5946.916666666667,0.0091703894007546,109.05476162820646,2581.2227618617503,0.0675119675621673,2524.199200437078,0.0701955159505208,4.191481904237111e-06,790.3645833333334,0.1261458333333333,0.1077291666666666,0.1002083333333333,0.061,0.1126123627024698,0.0056034618072362,0.0029013959586571,14.495833333333332,13.775,14.88125,15.464583333333332,0.40449998,790.3645833333334,46.708333333333336,11.854166666666666,2023-09-22,0.0701955159505208,793.8919733516772
2023-09-23,2023-09-23,5973.541666666667,0.0091502989812333,109.29715610481404,2613.2231092299003,0.0610762279564489,2559.6296596494817,0.0645866394042968,3.882666571757725e-06,792.8479166666666,0.1254583333333333,0.1080208333333333,0.1,0.061,0.1123683735744352,0.0053182645139714,0.0027537246971113,14.477083333333333,13.6875,14.695833333333333,15.314583333333331,0.0,792.8479166666666,43.21458333333334,11.33125,2023-09-23,0.0645866394042968,787.5956778734745
2023-09-24,2023-09-24,6057.395833333333,0.0090862761941531,110.06350875331349,2649.658957651769,0.0538845855565392,2599.611236521986,0.0584513346354166,3.56903873435352e-06,794.80625,0.122,0.1073958333333333,0.0995625,0.061,0.1105621582578957,0.0032069912638876,0.0016605362564399,13.54375,12.816666666666668,14.19375,15.125,0.0,794.80625,48.90833333333333,8.804166666666667,2023-09-24,0.0584513346354166,767.7957362322802
2023-09-25,2023-09-25,5796.395833333333,0.0092900057501038,107.66064748219468,2683.9987165311845,0.0476240096914273,2632.3288209527905,0.0538291931152343,3.633843257189115e-06,798.0375,0.119,0.1074583333333333,0.099375,0.061,0.1092334774450915,0.0016539049666528,0.0008563693929443,13.297916666666666,12.629166666666668,13.925,14.854166666666666,0.0,798.0375,48.06666666666666,9.291666666666666,2023-09-25,0.0538291931152343,763.054491616629
2023-09-26,2023-09-26,5866.6875,0.0092328811076406,108.31665355359358,2679.750484530961,0.0483657120572647,2622.9941942517044,0.0551312764485677,4.007651861197958e-06,797.3145833333333,0.1160625,0.1081041666666666,0.0995416666666666,0.061,0.1081943965018702,0.00043933005966,0.0002274791019309,14.05625,13.05,13.897916666666667,14.658333333333331,0.0,797.3145833333333,47.46666666666667,10.895833333333334,2023-09-26,0.0551312764485677,760.714377489357
2023-09-27,2023-09-27,6042.458333333333,0.0090979463975817,109.92590085488534,2715.089236355087,0.0421293897391015,2651.1421859475968,0.0512644449869791,4.466464100057537e-06,794.9875000000001,0.1128541666666666,0.1088541666666666,0.1000208333333333,0.061,0.1071315015458208,0.00080308089091,0.0004158243120979,14.808333333333332,13.675,14.285416666666668,14.610416666666666,0.0,794.9875000000001,49.395833333333336,11.860416666666666,2023-09-27,0.0512644449869791,762.1281573654038
2023-09-28,2023-09-28,6212.604166666667,0.0089728120419086,111.4614983967761,2700.2558573464607,0.0447283797921186,2639.512426811656,0.0528488159179687,4.262137384035234e-06,791.5520833333334,0.1089791666666666,0.1091874999999999,0.1004583333333333,0.061,0.1056300564281682,0.0025581102522167,0.0013245545348406,15.097916666666668,14.01875,14.622916666666669,14.702083333333334,0.0,791.5520833333334,45.12291666666667,12.59375,2023-09-28,0.0528488159179687,760.8246573009461
2023-09-29,2023-09-29,6310.75,0.0089018433652658,112.34239496977769,2696.073155522486,0.0455078358455642,2635.419707144833,0.0534553527832031,4.262903078546393e-06,790.3395833333334,0.1055208333333333,0.10925,0.1007083333333333,0.061,0.1041848432195117,0.0042474105035014,0.0021992511225297,15.45,14.285416666666668,14.8125,14.8,0.0,790.3395833333334,43.61875,12.18125,2023-09-29,0.0534553527832031,756.5419371296322
2023-09-30,2023-09-30,6003.520833333333,0.0091278100718421,109.56952362856366,2525.4110428536205,0.0798877703256826,2467.9992212480984,0.0800374348958333,4.307492249592034e-06,789.625,0.1015625,0.1089375,0.1008333333333333,0.061,0.1023718897474612,0.0063665599394169,0.0032965177446054,14.816666666666668,14.185416666666669,14.925,14.904166666666669,0.0,789.625,46.43958333333333,12.0125,2023-09-30,0.0800374348958333,762.8562778177475
2023-10-01,2023-10-01,6102.166666666667,0.0090531021635065,110.46859702891766,2543.651458734355,0.0761979342542259,2475.966581473518,0.0790316263834635,5.069147367269898e-06,788.49375,0.0997291666666666,0.1095833333333333,0.1008125,0.0609375,0.1017778479681912,0.0070609314833411,0.0036560538422274,16.172916666666666,14.877083333333331,14.939583333333331,14.897916666666667,0.0,788.49375,37.047916666666666,17.070833333333333,2023-10-01,0.0790316263834635,759.5540390290881
2023-10-02,2023-10-02,6071.291666666667,0.009075876326548,110.1896679136471,2543.0818500884634,0.075894691684934,2465.595112133227,0.0805460611979166,5.826699648770208e-06,789.4541666666668,0.0969375,0.1098125,0.1014999999999999,0.061125,0.1007710587963807,0.0082377607502913,0.0042653999565794,15.389583333333334,15.208333333333334,15.575,15.0875,0.0,789.4541666666668,52.61875,13.358333333333334,2023-10-02,0.0805460611979166,767.5280108236337
2023-10-03,2023-10-03,5801.020833333333,0.0092846883858178,107.70992065116025,2443.481955429488,0.1000275051834501,2365.5662864086885,0.1006685892740885,6.1005081083543855e-06,790.1833333333334,0.091875,0.1055,0.0996458333333333,0.061,0.0967582782115932,0.0129282736861183,0.0066940834640609,11.039583333333333,11.922916666666666,13.977083333333333,15.047916666666666,4.5348997,790.1833333333334,86.82916666666667,5.833333333333333,2023-10-03,0.1006685892740885,782.3601517845647
2023-10-04,2023-10-04,5722.458333333333,0.0093484474107782,106.9771456090739,2452.546843127084,0.0976808661416245,2386.408512097881,0.096197764078776,5.136078505474948e-06,793.1999999999999,0.0924791666666666,0.1040208333333333,0.0984166666666666,0.0600833333333333,0.0962601538592422,0.0135105279781198,0.0069955667805962,10.820833333333333,10.79375,12.525,14.491666666666667,0.1165,793.1999999999999,73.12083333333334,6.833333333333333,2023-10-04,0.096197764078776,768.2048099104829
2023-10-05,2023-10-05,5602.041666666667,0.0094488810749394,105.84377047524514,2496.5117567136085,0.0866249004409832,2434.629547374226,0.0862973531087239,4.7070006821787245e-06,797.9625,0.0934791666666666,0.1031875,0.0980625,0.0603541666666666,0.0963625733010669,0.0133908105635719,0.0069335787391497,10.697916666666666,10.43125,12.175,13.952083333333334,0.0,797.9625,66.14999999999999,7.025,2023-10-05,0.0862973531087239,762.5104996028189
2023-10-06,2023-10-06,5572.625,0.0094735961904098,105.56621050183703,2513.51246999717,0.0826340516744683,2448.8313956262755,0.0836029052734375,4.8907845386108965e-06,798.6104166666668,0.09475,0.10325,0.0980833333333333,0.06,0.0969306219936743,0.012726822168354,0.0065897746207755,11.16875,10.620833333333334,12.0875,13.583333333333334,0.0,798.6104166666668,65.83958333333334,8.054166666666667,2023-10-06,0.0836029052734375,757.7047780201879
2023-10-07,2023-10-07,5650.458333333333,0.0094081502159414,106.30079480398707,2541.1408414681296,0.0764146256099976,2480.4255133360416,0.0778694152832031,4.532807009067947e-06,798.0,0.0947916666666666,0.1032916666666666,0.0981666666666666,0.06,0.0969787552820263,0.0126705594829446,0.0065606425710381,11.314583333333331,10.6875,12.083333333333334,13.379166666666668,0.0,798.0,59.75625,8.572916666666666,2023-10-07,0.0778694152832031,751.830821639299
2023-10-08,2023-10-08,5820.4375,0.0092700654263991,107.88661050409928,2562.1310233158983,0.0717543587993972,2506.3679604131707,0.073309580485026,4.121920490629704e-06,796.2104166666667,0.0939791666666666,0.1033958333333333,0.0982083333333333,0.06,0.0966657147529485,0.0130364705064986,0.0067501062992636,11.485416666666666,10.814583333333331,12.141666666666666,13.252083333333331,0.0,796.2104166666667,54.88333333333333,9.183333333333334,2023-10-08,0.073309580485026,752.4208407570341
2023-10-09,2023-10-09,5939.208333333333,0.0091760525432505,108.98521008623248,2548.68974772776,0.0746440833638683,2491.948552074007,0.0757166544596354,4.214898747323029e-06,792.2375000000001,0.0928333333333333,0.1034583333333333,0.0982916666666666,0.0599791666666666,0.0962001110414385,0.0135807116344801,0.0070319069188772,11.645833333333334,10.910416666666668,12.16875,13.160416666666665,0.0,792.2375000000001,54.48125,9.0375,2023-10-09,0.0757166544596354,751.1746722787951
2023-10-10,2023-10-10,6151.041666666667,0.0090165425158127,110.91224955501536,2538.5870009914693,0.0768173165547741,2487.2957103337435,0.0765266418457031,3.82187215280076e-06,787.6333333333333,0.0903125,0.1028541666666666,0.0980625,0.0596458333333333,0.0948389702258744,0.0151717402162792,0.0078557197788807,10.345833333333331,10.416666666666666,12.047916666666666,13.127083333333331,0.0,787.6333333333333,50.71875,7.652083333333334,2023-10-10,0.0765266418457031,753.1288205277698
2023-10-11,2023-10-11,6403.229166666667,0.0088381039646778,113.15927309405264,2528.0199892403684,0.0795167554336148,2457.4285063051484,0.0823097229003906,5.3312125407980245e-06,780.5124999999999,0.0888958333333333,0.1031041666666666,0.0978333333333333,0.059,0.0942339141915107,0.0158789862508224,0.0082219221118296,10.285416666666666,10.5125,11.622916666666669,12.925,0.1586,780.5124999999999,63.30416666666667,8.695833333333333,2023-10-11,0.0823097229003906,802.5199788889439
2023-10-13,2023-10-13,5097.25,0.0099055390115104,100.96309214148636,2173.4817462575497,0.1929807213448156,2114.8257533089263,0.1728426615397135,5.139484056073299e-06,791.06875,0.2857916666666666,0.1679791666666666,0.09525,0.0587083333333333,0.2015191965455404,0.1095260774132997,0.0567111063314723,7.720833333333334,7.802083333333333,9.485416666666667,12.222916666666668,1.2405,791.06875,84.12916666666666,3.9270833333333335,2023-10-13,0.1728426615397135,832.1976535894148
2023-10-14,2023-10-14,5017.833333333333,0.0099832850321072,100.17459317193456,2223.11438125794,0.1717886037900942,2170.314657164387,0.1533012390136718,4.503687671865666e-06,796.3166666666666,0.2558125,0.1995625,0.0948541666666666,0.058,0.1988025226957162,0.1063505751485283,0.0550668746485122,5.752083333333334,6.34375,8.858333333333333,11.697916666666666,0.0,796.3166666666666,79.85000000000001,3.1125000000000003,2023-10-14,0.1533012390136718,828.0109336979068
2023-10-15,2023-10-15,4955.104166666667,0.0100467199032791,99.54500441406584,2250.7655110917744,0.1609963629847595,2199.321028982864,0.1441421508789062,4.333183560178012e-06,800.3395833333334,0.2414791666666666,0.2016041666666666,0.0939791666666666,0.058,0.1930384715273864,0.0996130135010475,0.0515782572888008,5.922916666666667,5.9750000000000005,8.058333333333334,11.089583333333332,0.0,800.3395833333334,71.32291666666667,5.120833333333334,2023-10-15,0.1441421508789062,824.6271849423663
2023-10-16,2023-10-16,5023.479166666667,0.0099781636458358,100.22927902263564,2265.131006665298,0.1556044914334062,2211.2642955989063,0.1404800415039062,4.511280851073655e-06,800.1479166666667,0.2322083333333333,0.2007083333333333,0.0942083333333333,0.058,0.1887255603139164,0.0945716798396592,0.0489679236032022,6.770833333333333,6.439583333333334,8.15,10.66875,0.0,800.1479166666667,64.10208333333334,7.337499999999999,2023-10-16,0.1404800415039062,817.6261975361072
2023-10-17,2023-10-17,5263.458333333333,0.0097479197796443,102.59583101877976,2295.1698844720154,0.1448259859199406,2237.19595228714,0.1328531901041666,4.798646552166106e-06,795.475,0.2249583333333333,0.1997916666666666,0.0948541666666666,0.058,0.1853705771031392,0.0906500619447536,0.0469373634418064,7.7875,7.277083333333334,8.604166666666666,10.485416666666667,0.0,795.475,62.30625,8.689583333333333,2023-10-17,0.1328531901041666,814.0300832245471
2023-10-18,2023-10-18,5344.916666666667,0.0096725508256039,103.38954923276708,2311.353184739053,0.1392343577994085,2257.4817237296616,0.1271514892578125,4.419188264298568e-06,795.0958333333333,0.2172083333333333,0.198,0.0954375,0.058,0.1814934734788737,0.0861181409191931,0.0445907966584772,8.039583333333333,7.6875,8.981250000000001,10.510416666666666,0.0,795.0958333333333,55.38125,9.04375,2023-10-18,0.1271514892578125,804.5809594992278
2023-10-19,2023-10-19,5243.375,0.0097663072126747,102.40083466976392,2342.5850735088866,0.1293441092742605,2285.8081039257263,0.1198844909667968,4.60129558462219e-06,798.3375,0.2098333333333333,0.1954375,0.0954583333333333,0.058,0.1774158498366507,0.0813518333583491,0.0421228677298118,8.029166666666667,7.654166666666666,9.008333333333333,10.552083333333334,0.0,798.3375,60.47708333333333,8.6875,2023-10-19,0.1198844909667968,800.1378288139513
2023-10-20,2023-10-20,5361.854166666667,0.0096583884604527,103.54917685455212,2400.0554296067653,0.1118145872483247,2352.085551660265,0.1036122639973958,3.778570275506669e-06,797.3041666666667,0.2026666666666666,0.1924791666666666,0.0954166666666666,0.058,0.1732856854345537,0.076524111247509,0.0396231391863206,7.5375,7.304166666666667,8.96875,10.5375,0.0,797.3041666666667,52.60625,8.664583333333333,2023-10-20,0.1036122639973958,810.8368306345401
2023-10-21,2023-10-21,5606.270833333333,0.0094448740397787,105.8853719061878,2395.70844022542,0.1131891963677073,2350.5208826533794,0.1040509541829427,3.559379691497896e-06,792.6083333333332,0.196125,0.1894791666666666,0.0954166666666666,0.058,0.1694232970493767,0.0720093907685122,0.0372854786109755,7.235416666666667,6.96875,8.714583333333334,10.4375,0.0,792.6083333333332,49.18125,8.464583333333334,2023-10-21,0.1040509541829427,793.5829362569318
2023-10-22,2023-10-22,5786.791666666667,0.0092966892114013,107.57543434116496,2399.0973978828,0.1120901767896008,2351.7909435794822,0.1036885579427083,3.726775944354724e-06,789.2041666666668,0.1915833333333333,0.1873958333333333,0.0954583333333333,0.058,0.166749601973956,0.0688841261115656,0.0356672592749056,7.63125,7.2625,8.71875,10.333333333333334,0.0,789.2041666666668,49.49583333333334,8.866666666666667,2023-10-22,0.1036885579427083,785.921808240962
2023-10-23,2023-10-23,5997.3125,0.009131590220349,109.51663709487936,2453.7386022886667,0.0973094394176935,2406.4719026788684,0.0919125874837239,3.636579624781286e-06,785.90625,0.1866666666666666,0.1853958333333333,0.0956666666666666,0.057875,0.1639668741069862,0.0656314137389056,0.0339830492530719,7.695833333333333,7.391666666666667,8.791666666666666,10.26875,0.0,785.90625,45.10833333333333,9.48125,2023-10-23,0.0919125874837239,799.0394150481269
2023-10-24,2023-10-24,6013.8125,0.0091190645766297,109.66713890148282,2460.647415710839,0.0955028897401994,2413.088836586034,0.090552012125651,3.649375478049552e-06,786.7875,0.181625,0.1833125,0.0956875,0.058,0.1610749058896235,0.0622510110363595,0.0322327229231707,7.46875,7.364583333333333,8.7875,10.25625,0.0,786.7875,48.24375,8.179166666666667,2023-10-24,0.090552012125651,789.7735221355464
2023-10-25,2023-10-25,6011.416666666667,0.0091214963657913,109.64280018536644,2476.3654856549497,0.0916024562489119,2427.3350514578065,0.0877787272135416,3.7421266666252807e-06,788.5625,0.1763958333333333,0.1807916666666666,0.095625,0.0579791666666666,0.1579338149609361,0.0585794104286733,0.0303316182968865,6.91875,6.9625,8.535416666666666,10.2,0.0,788.5625,53.625,7.189583333333334,2023-10-25,0.0877787272135416,789.9668483926145
2023-10-26,2023-10-26,6156.645833333333,0.0090122306594341,110.96362430147384,2489.174278720566,0.0883495579711064,2442.782615615145,0.0846900939941406,3.517941123887696e-06,786.6437500000001,0.1711458333333333,0.1777083333333333,0.0953333333333333,0.0572708333333333,0.1545268318760591,0.0545970102216095,0.0282695858847785,6.10625,6.23125,8.064583333333333,10.045833333333333,0.0,786.6437500000001,50.14166666666667,6.547916666666667,2023-10-26,0.0846900939941406,808.1235826419821
2023-10-27,2023-10-27,5457.6875,0.00957405305996,104.46732964396698,2289.044216720495,0.1479321188382686,2226.7984605901925,0.1365712483723958,5.172018416600798e-06,791.1791666666667,0.2660625,0.1913125,0.0950416666666666,0.057,0.2005434378240764,0.1083855194364634,0.0561205409955341,5.327083333333333,5.78125,7.545833333333333,9.7875,3.6992998,791.1791666666667,90.89166666666668,2.566666666666667,2023-10-27,0.1365712483723958,846.8306555897664
2023-10-28,2023-10-28,5312.5,0.0097066377803725,103.05918952852308,2194.785477818115,0.1868476106407639,2131.3722016132165,0.1694577534993489,5.515929068736095e-06,788.1229166666667,0.3098125,0.2664791666666666,0.0945208333333333,0.0570624999999999,0.2446149864298055,0.1599004638669594,0.0827942753267063,5.6875,6.097916666666666,7.28125,9.497916666666669,8.2546,788.1229166666667,90.81666666666666,3.35,2023-10-28,0.1694577534993489,840.223205157336
2024-04-12,2024-04-12,5161.729166666667,0.0098429987196491,101.6012959614822,2200.6240755599947,0.1810659562104365,2168.183685270678,0.1540158589680989,2.7700702084832047e-06,792.2166666666667,0.3421875,0.3223541666666666,0.2457083333333333,0.1835625,0.311149783605465,0.2376725523828792,0.123063600090376,10.452083333333333,9.089583333333334,8.045833333333333,6.5687500000000005,0.0,792.2166666666667,42.95,7.285416666666666,2024-04-12,0.1540158589680989,754.2977481625161
2024-04-13,2024-04-13,5222.458333333333,0.0097859772720125,102.19592382325573,2220.511702312469,0.1727895889920966,2178.0296854304465,0.1508153279622396,3.614286815393233e-06,791.1979166666666,0.3389166666666667,0.3202916666666667,0.2440833333333333,0.1821666666666666,0.3086671267368626,0.2347705910342958,0.121561004156183,12.554166666666667,10.920833333333334,9.225,6.970833333333334,0.0,791.1979166666666,36.15208333333333,12.304166666666667,2024-04-13,0.1508153279622396,756.9237758018797
2024-04-14,2024-04-14,5268.9375,0.0097430463587296,102.64852878037306,2239.4340267542725,0.1653780517654315,2204.433431614205,0.1425679524739583,2.9405266947268107e-06,790.5666666666666,0.3320625,0.315125,0.241375,0.1816041666666666,0.3034051915280228,0.2286199494422502,0.1183762859815603,12.358333333333334,10.8875,9.69375,7.54375,0.0,790.5666666666666,40.3625,9.477083333333333,2024-04-14,0.1425679524739583,754.2092503517027
2024-04-15,2024-04-15,5657.916666666667,0.0094015528678951,106.37240693941534,2280.795011870508,0.1498317321324016,2247.914855854912,0.1297887166341146,2.7085731635817557e-06,783.2770833333334,0.3227708333333333,0.3098958333333333,0.2385833333333333,0.1800625,0.2970029491134541,0.2211364102281507,0.1145014116308149,11.366666666666667,11.029166666666669,10.220833333333331,7.977083333333333,0.0,783.2770833333334,38.83541666666667,6.95625,2024-04-15,0.1297887166341146,759.9541910343913
2024-04-16,2024-04-16,5207.166666666667,0.0098049598742327,102.0301180129118,2198.9710996373024,0.1823164813845916,2141.3305628198746,0.1637153625488281,4.991882770674993e-06,787.1020833333333,0.3207291666666667,0.3057916666666666,0.2343958333333333,0.1786458333333333,0.2938854374561505,0.2174923712763053,0.1126145780533254,8.893749999999999,8.772916666666667,8.829166666666667,8.081249999999999,6.7637,787.1020833333333,84.43124999999999,3.38125,2024-04-16,0.1637153625488281,774.4806503417989
2024-04-17,2024-04-17,5160.0625,0.009845279902562,101.58248866322732,2207.372862817669,0.1782117961319841,2158.64000530241,0.1572380065917968,4.183532726549783e-06,789.13125,0.3257083333333333,0.3100208333333333,0.2350208333333333,0.1771041666666666,0.297535806861024,0.2217592641582676,0.114823916885217,10.90625,9.608333333333333,8.652083333333334,7.933333333333334,0.8851,789.13125,59.052083333333336,7.712499999999999,2024-04-17,0.1572380065917968,765.1631821770695
2024-04-18,2024-04-18,5215.9375,0.009791785176479,102.13318387276256,2224.244959916841,0.1712363560552197,2176.9989683777185,0.1510976155598958,4.020609621837345e-06,788.8041666666667,0.3219791666666666,0.3082083333333333,0.2356458333333333,0.1759375,0.2953768560792708,0.2192356807338419,0.1135172398700355,11.622916666666669,11.033333333333331,9.9625,8.127083333333333,0.0,788.8041666666667,43.13333333333333,10.74375,2024-04-18,0.1510976155598958,761.4380294703635
2024-04-19,2024-04-19,5258.6875,0.0097523830091169,102.54916772321828,2257.181941813318,0.1587388310534864,2200.767082012964,0.1438255310058593,4.749319703796244e-06,789.2104166666667,0.3174583333333333,0.3036666666666667,0.2334166666666667,0.1750624999999999,0.2914250211318644,0.2146164067542643,0.1111254429206981,11.470833333333331,10.9375,10.010416666666666,8.435416666666667,0.06,789.2104166666667,53.489583333333336,9.875,2024-04-19,0.1438255310058593,764.7587149795708
2024-04-20,2024-04-20,5184.0,0.0098219407887258,101.81987359934152,2260.357240274945,0.1573464560531215,2194.493376292836,0.1455879211425781,5.558567618200066e-06,790.96875,0.3130416666666666,0.2990208333333333,0.230875,0.1737916666666666,0.2874093476415901,0.2099225123201667,0.1086950085196164,10.827083333333334,10.375,9.777083333333334,8.616666666666665,0.7556,790.96875,70.05,7.902083333333334,2024-04-20,0.1455879211425781,763.5654442651672
2024-04-21,2024-04-21,5135.479166666667,0.0098690142534962,101.3395547037452,2263.9517276861307,0.1561916462790724,2219.8202625058616,0.1381556193033854,3.689412882460227e-06,794.2229166666666,0.3114791666666667,0.2960208333333333,0.228375,0.1724166666666666,0.2851951291672435,0.2073343268519547,0.1073548814488781,11.55625,10.283333333333331,9.545833333333333,8.6625,0.021499999,794.2229166666666,53.17291666666667,7.620833333333334,2024-04-21,0.1381556193033854,764.4413452164549
2024-04-22,2024-04-22,5342.9375,0.0096752821005954,103.36704111361878,2283.689475163527,0.1490089850833508,2242.4742414122406,0.1315078735351562,3.404847930815461e-06,790.11875,0.3057708333333333,0.2939375,0.2275625,0.1716875,0.2818193539517784,0.2033884053189882,0.1053117371957768,13.120833333333332,11.891666666666666,10.629166666666666,8.820833333333333,0.0,790.11875,39.18541666666667,10.50625,2024-04-22,0.1315078735351562,755.2866891144613
2024-04-23,2024-04-23,5448.083333333333,0.009580915369121,104.38118464144122,2305.3180776747568,0.1412635477834144,2251.018801688368,0.128973642985026,4.471262455127173e-06,789.0208333333334,0.2975625,0.2898541666666666,0.2257916666666667,0.17,0.276463626937975,0.1971281311005977,0.1020702527452417,14.122916666666669,12.814583333333331,11.33125,9.154166666666669,0.0,789.0208333333334,40.53333333333333,13.572916666666666,2024-04-23,0.128973642985026,760.5066601372363
2024-04-24,2024-04-24,5498.520833333333,0.0095370668094474,104.86253126961071,2344.509313800214,0.1284851752570162,2296.566126945874,0.1169637044270833,3.869911427065224e-06,789.5520833333334,0.2900416666666666,0.284875,0.2236458333333333,0.169,0.271064155609386,0.1908167244392453,0.0988022926144093,15.23125,13.372916666666669,11.775,9.56875,0.0,789.5520833333334,37.02916666666667,13.641666666666666,2024-04-24,0.1169637044270833,756.7349606573031
2024-04-25,2024-04-25,5768.979166666667,0.0093125649795121,107.403808006031,2379.7033763778213,0.1178340161662237,2335.955110949624,0.1074434916178385,3.471194351568919e-06,785.5291666666667,0.2790416666666667,0.2799791666666666,0.221875,0.1683125,0.2642529134434203,0.1828551080952994,0.0946798764582266,15.45625,14.370833333333332,12.914583333333333,10.0625,0.0,785.5291666666667,34.75625,12.314583333333331,2024-04-25,0.1074434916178385,761.4816184013748
2024-04-26,2024-04-26,5942.208333333333,0.0091736960209933,109.01288070788551,2403.2380392261616,0.1108707985331802,2337.816850289459,0.106854756673177,5.183602772647576e-06,781.8895833333332,0.2659166666666667,0.2708958333333333,0.2183749999999999,0.1666875,0.2547504475896596,0.1717477380142415,0.0889286320002251,12.175,12.158333333333331,11.99375,10.347916666666668,0.5638,781.8895833333332,67.8625,7.15625,2024-04-26,0.106854756673177,763.6007863456127
2024-04-27,2024-04-27,5822.5,0.0092691167178707,107.90309462922706,2362.0674066092765,0.1234522682470585,2293.3006975173766,0.1181424458821614,5.557083910032528e-06,781.0208333333334,0.2698333333333333,0.2646666666666666,0.215,0.1656875,0.2537060479221272,0.170526946085247,0.0882965226201679,9.147916666666667,9.7875,10.51875,10.147916666666664,5.2372,781.0208333333334,93.58958333333334,3.0,2024-04-27,0.1181424458821614,811.1381952317832
2024-04-28,2024-04-28,5414.166666666667,0.0096113134621425,104.05419166641728,2281.1259829530923,0.1498565601231185,2215.600403417243,0.1392466227213541,5.478610083410809e-06,786.2875,0.3188333333333333,0.2878958333333333,0.21325,0.164125,0.2824947783680555,0.2041779044941316,0.10572052908103,9.91875,9.539583333333333,9.49375,9.677083333333334,9.9633,786.2875,82.9375,4.935416666666667,2024-04-28,0.1392466227213541,813.0293580588765
2024-04-29,2024-04-29,5204.5,0.0098030296142406,102.01941559800268,2246.468454535332,0.1626686812554126,2183.584792036282,0.1491254170735677,5.3358277464545e-06,789.59375,0.3233541666666666,0.2992499999999999,0.2159166666666666,0.1629791666666666,0.2887229569690656,0.2114579816569415,0.1094900535617022,10.777083333333332,10.175,9.775,9.43125,4.1232,789.59375,79.71666666666667,5.575,2024-04-29,0.1491254170735677,803.3082269209673
2024-04-30,2024-04-30,5470.583333333333,0.0095613124598154,104.59607767516204,2287.0121844928085,0.1476754095515388,2236.4724692953173,0.1331303914388021,4.190520797781933e-06,786.4645833333334,0.3159166666666667,0.3019791666666666,0.2200208333333333,0.1616458333333333,0.2871147706259635,0.209578183176522,0.1085167195939154,12.945833333333333,11.616666666666667,10.447916666666666,9.433333333333334,0.0,786.4645833333334,44.01666666666667,11.102083333333333,2024-04-30,0.1331303914388021,790.8713547502877
2024-05-01,2024-05-01,5573.979166666667,0.0094736571065742,105.5746060262056,2315.257950249116,0.1382856828091676,2263.4804678367423,0.1259727478027343,4.248842572010836e-06,785.4562500000001,0.3026458333333333,0.2948541666666666,0.2213541666666666,0.1609583333333333,0.2791643985556907,0.200285045350441,0.1037048598080567,11.408333333333331,11.547916666666666,11.122916666666669,9.710416666666667,0.0,785.4562500000001,55.66041666666666,7.529166666666666,2024-05-01,0.1259727478027343,793.3219703408898
2024-05-02,2024-05-02,5445.958333333333,0.0095839129494074,104.3566943170868,2264.14749284916,0.156110887569023,2217.779629782602,0.1388905843098958,3.890275561328615e-06,787.8208333333333,0.2978333333333333,0.2872916666666666,0.218875,0.1607916666666666,0.274057747476329,0.1943159143599985,0.1006141253428017,10.425,9.610416666666667,9.652083333333334,9.652083333333332,1.6532999,787.8208333333333,64.22083333333333,5.010416666666667,2024-05-02,0.1388905843098958,786.0908077698082
2024-05-03,2024-05-03,5697.625,0.009368872952526,106.74451576092372,2328.3367068070743,0.1336553331927487,2292.436743894488,0.1179962158203125,2.9028038195120284e-06,786.1979166666666,0.2946249999999999,0.2867291666666666,0.2182499999999999,0.1597083333333333,0.2723055393168436,0.1922677697219673,0.0995536240348683,12.791666666666666,11.69375,10.608333333333333,9.520833333333334,0.0,786.1979166666666,38.40416666666667,8.706249999999999,2024-05-03,0.1179962158203125,775.4349283324868
2024-05-04,2024-05-04,5581.291666666667,0.0094669352374645,105.6456472799225,2340.4794066983827,0.129932301305702,2294.320612700444,0.1176363627115885,3.726609350145422e-06,789.0,0.2844166666666666,0.2805208333333333,0.2168333333333333,0.1587291666666666,0.2654613837587066,0.1842676811295446,0.0954112874741052,13.075,11.795833333333334,10.96875,9.70625,0.0,789.0,54.27916666666667,7.064583333333334,2024-05-04,0.1176363627115885,770.6059533760639
2024-05-05,2024-05-05,5844.041666666667,0.0092521657970977,108.10183894519812,2361.719108226784,0.1231789654176158,2310.724808330556,0.1134173075358073,4.087031696394857e-06,782.9479166666666,0.2757708333333333,0.2759583333333333,0.2159166666666666,0.158,0.2599544554734387,0.1778306687355343,0.0920782904111665,14.310416666666669,13.270833333333334,11.979166666666666,9.954166666666667,0.0,782.9479166666666,34.50625,14.35,2024-05-05,0.1134173075358073,771.0972731204494
2024-05-06,2024-05-06,5665.604166666667,0.0094049088307887,106.4073706535201,2251.650954574335,0.1640997681671943,2201.8564205940843,0.1458320617675781,4.174612229357455e-06,780.4104166666666,0.3044166666666666,0.2799375,0.2137291666666666,0.1574166666666666,0.2733778074650626,0.193521136935456,0.1002026004521311,11.135416666666666,11.629166666666668,11.729166666666666,10.304166666666667,9.2268,780.4104166666666,63.46875,5.03125,2024-05-06,0.1458320617675781,804.8429770446049
2024-05-07,2024-05-07,5381.166666666667,0.0096401858806756,103.7385835118124,2186.232036090356,0.1874813455110671,2136.504468658802,0.1651751200358072,4.318041430323823e-06,782.8020833333334,0.3145833333333333,0.2909791666666666,0.2118958333333333,0.1565,0.2811169466884198,0.2025673660706693,0.1048866142915937,6.764583333333333,7.816666666666666,9.241666666666667,10.016666666666667,0.9195,782.8020833333334,78.77083333333333,1.93125,2024-05-07,0.1651751200358072,804.230192680015
2024-05-08,2024-05-08,5305.104166666667,0.0097088908825707,103.00336697127231,2162.811542258822,0.1978504986132363,2126.77943045202,0.1684443155924479,3.140235432420533e-06,784.8958333333334,0.3231041666666667,0.3017291666666666,0.2135208333333333,0.1555416666666666,0.2887019404469306,0.2114334155819078,0.1094773335837181,7.46875,7.179166666666667,7.79375,9.241666666666667,3.8713,784.8958333333334,59.6625,1.66875,2024-05-08,0.1684443155924479,794.7666742943984
2024-05-09,2024-05-09,5245.0,0.0097645646901917,102.41751063484212,2212.0086149416347,0.1765250029085481,2173.709163254803,0.152374267578125,3.2624468935841373e-06,789.6854166666667,0.3122291666666666,0.2985833333333333,0.2177916666666667,0.154,0.2836579240873561,0.2055374979050731,0.10642450797187,8.920833333333333,8.354166666666666,8.202083333333333,8.758333333333335,0.0,789.6854166666667,54.58125,3.7854166666666655,2024-05-09,0.152374267578125,787.5922068843728
2024-05-10,2024-05-10,5063.395833333333,0.0099400873724386,100.6223215114477,2208.3458562765186,0.1783635458288716,2156.311793029638,0.158416748046875,4.469018475216223e-06,793.4708333333333,0.3049791666666666,0.2950833333333333,0.2190833333333333,0.154,0.2795674058781489,0.20075611796936,0.1039487747734448,10.689583333333331,9.972916666666666,9.147916666666667,8.714583333333334,0.0,793.4708333333333,57.8875,7.618749999999999,2024-05-10,0.158416748046875,757.9824474770495
2024-05-11,2024-05-11,4746.708333333333,0.010265432710357,97.4275297182634,2191.5077267480037,0.1857237948553158,2137.059792231314,0.1652781168619791,4.719099599068107e-06,790.7770833333334,0.2948958333333333,0.289,0.2184583333333333,0.1539791666666666,0.2730073627861898,0.1930881265772898,0.099978393605282,9.958333333333334,10.085416666666667,9.68125,8.964583333333334,0.6326,790.7770833333334,66.75833333333334,6.247916666666666,2024-05-11,0.1652781168619791,768.1126731042494
2024-05-13,2024-05-13,4729.5625,0.0102838563901214,97.25195985626708,2131.971951403392,0.2137052492577882,2071.0645789326218,0.1909039815266927,5.448935891309238e-06,790.3416666666667,0.3233541666666666,0.3061875,0.2215833333333333,0.1530208333333333,0.2917519884341632,0.2149985966917952,0.1113233356481473,13.770833333333334,12.022916666666667,10.620833333333334,9.2625,0.0819,790.3416666666667,63.97291666666666,10.189583333333331,2024-05-13,0.1909039815266927,775.30132512544
2024-05-14,2024-05-14,4922.208333333333,0.010080186647325,99.21417334201648,2181.976193988128,0.1891250991812688,2119.9877998374677,0.170813242594401,5.415797479688926e-06,789.5145833333332,0.3113125,0.3015208333333333,0.224,0.1535416666666666,0.285411030348404,0.2075866923281367,0.1074855528441491,15.466666666666669,14.239583333333334,12.44375,9.83125,0.0,789.5145833333332,51.85,12.458333333333334,2024-05-14,0.170813242594401,775.1198861972937
2024-05-15,2024-05-15,5049.583333333333,0.0099531876230358,100.48649402648329,2230.386005666749,0.1690946172084451,2169.094288795805,0.1539853413899739,5.238895941843955e-06,789.2687500000001,0.3006875,0.2932499999999999,0.2220625,0.154,0.2776512334951523,0.1985163166246782,0.1027890362415854,15.820833333333333,14.08125,12.616666666666667,10.427083333333334,0.4791,789.2687500000001,59.3875,10.397916666666667,2024-05-15,0.1539853413899739,774.440277867722
2024-05-16,2024-05-16,5227.270833333333,0.0097817293661894,102.24210525274783,2279.4155245488805,0.1508680943763926,2226.9039707736224,0.1363105773925781,4.373735552028858e-06,788.8458333333333,0.2900208333333333,0.2867916666666666,0.2202708333333333,0.1538125,0.2704804742061819,0.1901344630710285,0.0984490270002963,17.0625,15.291666666666666,13.595833333333331,10.90625,0.0,788.8458333333333,51.45208333333333,10.672916666666666,2024-05-16,0.1363105773925781,766.2352509722876
2024-05-17,2024-05-17,5328.791666666667,0.0096880343511591,103.2303908571139,2298.754185970695,0.1435580745636476,2246.523170255728,0.1302528381347656,4.308542717998816e-06,787.78125,0.2767291666666667,0.2783125,0.2181875,0.1532083333333333,0.2614163961067102,0.1795395215638617,0.0929631110560839,17.458333333333332,16.091666666666665,14.408333333333331,11.414583333333333,0.0,787.78125,44.32083333333333,12.51875,2024-05-17,0.1302528381347656,757.081749867258
2024-05-18,2024-05-18,5335.416666666667,0.0096826116184634,103.29242088457222,2353.9299667054897,0.1255642758115931,2293.8434183466184,0.1176261901855468,4.851761191881376e-06,789.8604166666668,0.2626041666666667,0.26825,0.214875,0.153,0.2512388684694059,0.1676430761866867,0.0868032941915971,15.891666666666666,15.25625,14.333333333333334,11.835416666666667,0.0,789.8604166666668,46.55,12.627083333333331,2024-05-18,0.1176261901855468,756.2245033158791
2024-05-19,2024-05-19,5329.541666666667,0.0096878982526325,103.23572459298492,2355.344362878158,0.12523650200329,2286.042254162517,0.119855244954427,5.627139140542111e-06,789.3291666666668,0.254,0.25975,0.2110625,0.1518333333333333,0.2438667033950475,0.159025800730007,0.0823413867057,15.333333333333334,14.40625,13.6,11.94375,0.6389,789.3291666666668,58.04166666666666,12.377083333333331,2024-05-19,0.119855244954427,754.8552777326506
2024-05-20,2024-05-20,5623.979166666667,0.0094306691988331,106.04992916285067,2401.6804841513454,0.1113604661465914,2351.5199860040525,0.1037928263346354,3.956790486485011e-06,786.1229166666667,0.2495416666666666,0.2541666666666666,0.2082291666666666,0.150875,0.239476296867675,0.1538938833039086,0.0796841499844618,16.814583333333335,15.34375,13.979166666666666,12.010416666666666,0.0,786.1229166666667,38.860416666666666,13.514583333333334,2024-05-20,0.1037928263346354,756.397694552208
2024-05-21,2024-05-21,5361.083333333333,0.0096707977677148,103.49964111871788,2320.2407868675614,0.1384808155947116,2263.005497027566,0.1280771891276041,4.7337649691039925e-06,786.7104166666667,0.25275,0.2482291666666666,0.2057916666666666,0.1501249999999999,0.2384084013388588,0.1526456272165927,0.0790378200384933,14.547916666666666,14.795833333333334,14.479166666666666,12.272916666666667,4.4818997,786.7104166666667,65.41666666666667,8.09375,2024-05-21,0.1280771891276041,811.1569726778791
2024-05-22,2024-05-22,4912.25,0.0100942815674359,99.10089176998258,2181.333555757238,0.1899806683756171,2131.9419918349454,0.1670277913411458,4.296640227625439e-06,791.3000000000001,0.3005208333333333,0.262125,0.2010416666666666,0.1493541666666666,0.2630053627216795,0.1813968542299849,0.0939248125321987,11.275,10.891666666666666,11.627083333333331,12.027083333333332,5.0101,791.3000000000001,76.45208333333333,4.054166666666666,2024-05-22,0.1670277913411458,791.4410182074862
2024-05-23,2024-05-23,5310.354166666667,0.009704708546023,103.0521124757803,2260.414770925373,0.1572625172764087,2212.3972853388864,0.1400642395019531,4.021163195931205e-06,784.725,0.2877708333333333,0.272,0.2007708333333333,0.1480833333333333,0.2606104551006281,0.1785974624019746,0.0924753256942589,13.51875,12.964583333333332,12.289583333333333,11.522916666666667,0.0073,784.725,45.625,10.454166666666667,2024-05-23,0.1400642395019531,786.4851464887281
2024-05-24,2024-05-24,5141.5625,0.0098634343989319,101.39864516934747,2241.428077656756,0.1647803045695315,2185.667479251813,0.1486676534016927,4.73273815216399e-06,789.2083333333334,0.2737708333333333,0.2649166666666667,0.1999583333333333,0.1468124999999999,0.2519204375687555,0.1684397578416166,0.0872158050667431,13.00625,12.164583333333333,11.920833333333334,11.422916666666667,0.3542,789.2083333333334,71.63125000000001,6.127083333333334,2024-05-24,0.1486676534016927,771.3163704399781
2024-05-25,2024-05-25,5428.5625,0.0095984765059367,104.1927615342707,2279.7187330579536,0.1502769970469503,2220.840373372151,0.1375897725423177,4.909522232252687e-06,784.8249999999999,0.26275,0.2601875,0.1999166666666666,0.146,0.2454834162855555,0.1609155658358277,0.0833198812559366,13.2125,13.039583333333333,12.5375,11.389583333333334,0.0,784.8249999999999,59.82291666666666,8.870833333333334,2024-05-25,0.1375897725423177,780.0539853657841
2024-05-26,2024-05-26,5021.875,0.0099820754891904,100.20530216984577,2188.892438743094,0.1869079593173953,2121.907577095372,0.1708081563313802,5.848811311993143e-06,790.1020833333333,0.2855208333333333,0.2610833333333333,0.1981875,0.1456249999999999,0.2554043836325412,0.1725121195705039,0.0893244183256263,12.6875,12.054166666666667,11.76875,11.352083333333333,5.213,790.1020833333333,76.425,7.802083333333333,2024-05-26,0.1708081563313802,790.5074998541761
2024-05-27,2024-05-27,5014.729166666667,0.0099870501613771,100.14132593224332,2249.0063853879237,0.1620357432585274,2189.4112194969407,0.1475779215494791,5.045250798466753e-06,794.5791666666668,0.287375,0.2705625,0.1979166666666666,0.1447083333333333,0.259284708523236,0.1770478059132894,0.0916729347387657,15.3,13.633333333333333,12.34375,11.310416666666669,0.0,794.5791666666668,56.80625,10.9875,2024-05-27,0.1475779215494791,772.5068012633315
2024-05-28,2024-05-28,5009.229166666667,0.0099919915022836,100.08822858131396,2288.0290436403707,0.1475146262359302,2227.947235047176,0.1356887817382812,4.995020265109147e-06,795.8395833333334,0.2745208333333334,0.2673958333333333,0.1987291666666666,0.144,0.252733152192859,0.1693897346412315,0.0877076900731978,16.96875,15.708333333333334,14.047916666666666,11.677083333333334,0.0,795.8395833333334,50.90416666666667,12.9375,2024-05-28,0.1356887817382812,759.7841130653702
2024-05-29,2024-05-29,5205.645833333333,0.0098021692330808,102.0298743162906,2330.8255668897896,0.1329401059295566,2269.461292316852,0.1240183512369791,5.007621385418282e-06,792.8854166666666,0.2596666666666666,0.259375,0.1976458333333333,0.1437291666666666,0.2433421931770365,0.1584127041725025,0.082023933685513,17.20625,16.004166666666666,14.535416666666668,12.160416666666668,0.0,792.8854166666666,48.11041666666667,13.802083333333334,2024-05-29,0.1240183512369791,758.4477331068048
2024-05-30,2024-05-30,5398.708333333333,0.0096246219964343,103.90713526104528,2377.7653289293658,0.1183339665392335,2320.04012505392,0.1111488342285156,4.60924495179284e-06,791.35,0.2470208333333333,0.251125,0.1955833333333333,0.1428333333333333,0.2346303183884469,0.1482294508079658,0.0767511842362896,17.504166666666666,16.066666666666666,14.722916666666668,12.502083333333331,0.0,791.35,43.49166666666667,13.65625,2024-05-30,0.1111488342285156,758.0960917488654
2024-05-31,2024-05-31,5519.791666666667,0.0095182909662253,105.06657099650036,2443.1685295488014,0.1002448101556227,2389.0303401237047,0.0956560770670573,4.193726701068254e-06,792.2395833333334,0.2344583333333333,0.2430416666666666,0.1930833333333333,0.142,0.2259285827003399,0.138058048971557,0.0714845713463929,17.46875,16.297916666666666,15.129166666666668,12.8,0.0,792.2395833333334,43.49583333333334,12.622916666666669,2024-05-31,0.0956560770670573,752.3911511157829
2024-06-01,2024-06-01,5482.104166666667,0.0095529200782648,104.70023985133754,2427.701026987319,0.1043110880816994,2360.4008414172727,0.1018613179524739,5.280975624555788e-06,791.9875000000001,0.2233043478260869,0.2349565217391304,0.1901739130434782,0.141891304347826,0.2177910557647661,0.1285461470495706,0.0665594385008446,17.695652173913043,16.417391304347827,15.291304347826086,13.041304347826086,0.0,791.9875000000001,49.15208333333334,13.941666666666668,2024-06-01,0.1018613179524739,744.5684748190604
2024-06-02,2024-06-02,5717.770833333333,0.0093519051252837,106.93475936545708,2449.613216401793,0.0983864731340829,2387.6868879217773,0.095855712890625,4.8054817279173234e-06,787.8291666666668,0.2150416666666666,0.2289166666666666,0.1873333333333333,0.1408541666666666,0.2115788278616884,0.1212847145530728,0.06279956797363,19.491666666666667,17.654166666666665,15.825,13.29375,0.0007,787.8291666666668,40.27708333333333,15.985416666666666,2024-06-02,0.095855712890625,738.3931288513362
2024-06-03,2024-06-03,5703.541666666667,0.0093641811037869,106.79926554905408,2461.006084799993,0.095527543181268,2390.6939449645056,0.0952072143554687,5.443014790059679e-06,787.9270833333334,0.2014791666666666,0.2207916666666667,0.1842916666666666,0.14,0.2023204837442459,0.1104626967702336,0.0571960750366215,18.695833333333333,17.941666666666666,16.654166666666665,13.727083333333333,0.0,787.9270833333334,45.68333333333334,15.05625,2024-06-03,0.0952072143554687,752.319045087707
2024-06-04,2024-06-04,5558.25,0.0094880381184069,105.42174989087792,2423.4967126836686,0.1055600315803804,2335.593270521273,0.107977549235026,7.002480875732467e-06,788.8333333333334,0.1932291666666666,0.2133333333333333,0.1805833333333333,0.139,0.1954762535671077,0.1024625209561493,0.0530536933136737,19.775,17.8875,16.272916666666667,13.960416666666667,0.7643,788.8333333333334,59.54791666666667,15.547916666666666,2024-06-04,0.107977549235026,746.2738587889339
2024-06-05,2024-06-05,5464.25,0.0095673365824705,104.53374994903288,2455.299778624422,0.0970494733269776,2376.096906110424,0.098456064860026,6.173898261518345e-06,793.8895833333332,0.1852708333333333,0.2075416666666666,0.1780416666666666,0.1381875,0.1895456816308286,0.0955303142739733,0.049464291414607,21.370833333333334,19.433333333333334,17.408333333333335,14.325,0.0,793.8895833333332,54.10625,15.21875,2024-06-05,0.098456064860026,733.6524569642019
2024-06-06,2024-06-06,5473.291666666667,0.0095591192288679,104.6213395285199,2493.980116169212,0.0871933119273018,2414.565836948022,0.0902328491210937,6.091346177279778e-06,794.7541666666666,0.1744166666666666,0.2001666666666667,0.1743124999999999,0.1377291666666666,0.1816051470659683,0.0862486754435185,0.0446583856515624,23.0125,20.84583333333333,18.508333333333333,14.8625,0.0,794.7541666666666,47.145833333333336,17.460416666666667,2024-06-06,0.0902328491210937,747.7420930705165
2024-06-07,2024-06-07,5572.916666666667,0.0094725964902579,105.57177805676012,2491.020654891094,0.0878730702578344,2409.529384521378,0.0912590026855468,6.2674239189930505e-06,792.5583333333334,0.1599791666666666,0.1905416666666667,0.1695833333333333,0.136625,0.1711307496512732,0.0740052209284937,0.0383188921969945,23.2375,21.55625,19.41875,15.483333333333333,0.0,792.5583333333334,46.56041666666667,17.743750000000002,2024-06-07,0.0912590026855468,743.6217152683364
2024-06-08,2024-06-08,5440.25,0.0095883036241208,104.30433449430708,2428.093479379763,0.1041620699632595,2322.4290757346403,0.1106681823730468,8.432813005884474e-06,791.9333333333334,0.1473541666666666,0.1808333333333333,0.1641666666666666,0.1348541666666667,0.1612652110492942,0.0624734574907144,0.03234790265775,21.48958333333333,20.316666666666663,19.0125,15.910416666666668,1.5974,791.9333333333334,70.46458333333334,15.185416666666669,2024-06-08,0.1106681823730468,747.0008769733134
2024-06-09,2024-06-09,5542.791666666667,0.0094988168450558,105.2841551411256,2459.0780334516826,0.0959150134363593,2361.1457160621867,0.1016260782877604,7.68541309644238e-06,792.6729166666668,0.14125,0.1725,0.1593541666666666,0.133875,0.1548576922826672,0.0549837507832618,0.0284698348632185,21.85625,20.22083333333333,18.78333333333333,16.020833333333332,0.0032,792.6729166666668,62.46458333333334,15.904166666666669,2024-06-09,0.1016260782877604,735.901398817306
2024-06-10,2024-06-10,5621.791666666667,0.0094321266482388,106.0306953992117,2473.8824728444365,0.0922260095204984,2383.4073127478746,0.0968437194824218,7.036007005044551e-06,792.4,0.1344791666666666,0.1661875,0.1553541666666666,0.1320833333333333,0.1489569284376309,0.0480863865836519,0.0248984739255404,22.52083333333333,20.89375,19.2125,16.1875,0.0,792.4,52.99166666666667,17.15625,2024-06-10,0.0968437194824218,739.1261931485279
2024-06-11,2024-06-11,5581.229166666667,0.0094671675837036,105.64438787818592,2475.6112090677825,0.0919023417788676,2379.909617566552,0.097754160563151,7.460134987838984e-06,793.74375,0.12875,0.1599791666666666,0.150875,0.1306666666666666,0.1434686508546643,0.0416711748733715,0.0215767649587548,23.43958333333333,21.260416666666668,19.45208333333333,16.4375,0.6922,793.74375,56.64166666666667,17.260416666666668,2024-06-11,0.097754160563151,734.7852673756223
2024-06-12,2024-06-12,5652.125,0.0094065004114152,106.31744809270631,2497.202899472656,0.0864164680223505,2415.981000384352,0.0899861653645833,6.23032588248679e-06,794.0875,0.1230416666666666,0.1547708333333333,0.1469791666666666,0.1288125,0.1384182344359247,0.0357677762093089,0.0185200657939395,24.579166666666666,22.5,20.352083333333333,16.795833333333334,0.0,794.0875,42.68333333333334,19.00208333333333,2024-06-12,0.0899861653645833,739.868805128804
2024-06-13,2024-06-13,5748.895833333333,0.0093267449205075,107.22469136245212,2541.293032700372,0.0762429453391331,2463.1544798801438,0.0808855692545573,5.874651296681286e-06,794.6625,0.1164375,0.1486249999999999,0.1424791666666666,0.1268333333333333,0.1325428007627924,0.0289000202816869,0.0149640356149323,24.525,22.4,20.560416666666665,17.16875,0.0,794.6625,43.75833333333333,18.4375,2024-06-13,0.0808855692545573,741.0383512109061
2024-06-14,2024-06-14,5694.479166666667,0.009372261350415,106.71201966906165,2543.410004766141,0.075880180719576,2450.376535652099,0.0834884643554687,7.043376782702084e-06,795.0895833333334,0.1090625,0.1442708333333333,0.13925,0.1250416666666666,0.1271774845312303,0.0226285372894821,0.0117167474144717,22.922916666666666,22.297916666666666,20.98125,17.4875,0.0,795.0895833333334,49.29166666666666,17.474999999999998,2024-06-14,0.0834884643554687,783.2407870524953
2024-06-15,2024-06-15,5675.041666666667,0.0093883823796927,106.5293531500743,2518.699178098733,0.0814474168005558,2418.0297806189296,0.0897165934244791,7.721708419294127e-06,792.7875,0.2376875,0.1569791666666666,0.13475,0.1231041666666666,0.1867826714837973,0.0923006498149688,0.0477920152875397,18.83191489361702,18.402083333333334,18.39375,17.360416666666666,2.9513,792.7875,71.55208333333333,13.764583333333334,2024-06-15,0.0897165934244791,818.9656208053513
2024-06-16,2024-06-16,5960.729166666667,0.0091604080100176,109.17873198332852,2555.0107096871384,0.0732144349146107,2478.9229818825147,0.0780715942382812,5.692121617124858e-06,788.0104166666666,0.2397708333333333,0.1841041666666666,0.1346875,0.1215,0.1966503716068502,0.1038349398405702,0.0537643130594354,21.49375,20.016666666666666,18.65833333333333,16.92083333333333,0.0,788.0104166666666,46.72291666666666,17.2,2024-06-16,0.0780715942382812,803.583359195615
2024-06-17,2024-06-17,6288.604166666667,0.0089180767186828,112.14269854153322,2592.9667303613114,0.0651457520720161,2530.9322988170998,0.0690689086914062,4.537048771810814e-06,783.5604166666667,0.2225625,0.1902708333333333,0.1355833333333333,0.1204166666666666,0.1913007466943116,0.0975817983283702,0.0505265218267051,23.34375,21.76458333333333,19.83125,17.05,0.0,783.5604166666667,34.79375,17.914583333333333,2024-06-17,0.0690689086914062,784.9112353018043
2024-06-18,2024-06-18,6299.083333333333,0.0089111047930244,112.23420651871204,2617.8211831624403,0.0601026578914934,2555.7307302141903,0.0650990804036458,4.4990533799575295e-06,784.9229166666668,0.2048541666666666,0.1868125,0.1360416666666666,0.119,0.1824325472173347,0.0872158180597388,0.0451591588833034,23.9375,22.570833333333336,20.654166666666665,17.39166666666667,0.0,784.9229166666668,35.389583333333334,15.891666666666666,2024-06-18,0.0650990804036458,782.3452251949973
2024-06-19,2024-06-19,6013.125,0.0091202065106401,109.6583566243274,2591.20459701847,0.0657107836210975,2515.5722037501973,0.0719502766927083,5.582276199585539e-06,790.6583333333333,0.1854375,0.1785624999999999,0.1350833333333333,0.1186666666666666,0.1709895400304002,0.07384016192779,0.0382334269017794,21.81875,21.2875,20.30625,17.6375,0.0,790.6583333333333,51.4125,13.514583333333334,2024-06-19,0.0719502766927083,758.3740110773263
2024-06-20,2024-06-20,5840.3125,0.0092538833184494,108.07219584426086,2556.530481060167,0.0728399497390141,2461.9959763352213,0.0810953776041666,7.1137480745065535e-06,793.4187499999999,0.1716458333333333,0.1715833333333333,0.1340833333333333,0.1168958333333333,0.1623707945115153,0.0637657667564748,0.033017042737579,22.729166666666668,21.38125,19.914583333333333,17.55,0.0,793.4187499999999,47.60833333333333,18.33125,2024-06-20,0.0810953776041666,780.5939647790941
2024-06-21,2024-06-21,5470.75,0.0095615784216168,104.59614781152844,2480.730502279639,0.0905987088677942,2358.560111317517,0.102294921875,9.593572237646216e-06,796.2708333333334,0.15775,0.1635833333333333,0.1330208333333333,0.1157083333333333,0.1533763350783518,0.053252202052249,0.0275732625900051,19.575,19.66875,19.479166666666668,17.58125,6.396,796.2708333333334,80.31041666666667,14.179166666666667,2024-06-21,0.102294921875,826.9417341406694
2024-06-22,2024-06-22,5077.1875,0.0099315851345908,100.741659756691,2293.755710164992,0.1485090952495469,2189.484206883604,0.1497014363606771,8.804177355524607e-06,796.8395833333334,0.2592083333333333,0.2004166666666666,0.1314583333333333,0.1146666666666666,0.2097145699232829,0.1191055956625561,0.0616712499873784,19.85625,18.804166666666667,18.17083333333333,17.252083333333335,12.683499,796.8395833333334,77.12708333333333,14.09375,2024-06-22,0.1497014363606771,832.217407216604
2024-06-23,2024-06-23,5107.604166666667,0.0098962284543778,101.06303571336316,2260.098446787362,0.1581381626222763,2160.475793717977,0.1571909586588541,8.544016090689877e-06,797.6854166666667,0.269,0.2377291666666666,0.1321666666666666,0.113,0.2264933259927482,0.1387181737061374,0.0718263749140817,20.285416666666663,19.491666666666667,18.685416666666665,17.0625,7.0357,797.6854166666667,74.09375,14.452083333333334,2024-06-23,0.1571909586588541,803.9006139088058
2024-06-24,2024-06-24,5253.333333333333,0.0097571269885191,102.49773961535831,2333.713971118017,0.1320256486721937,2232.4918751739747,0.1342595418294271,8.397013371298766e-06,795.0833333333334,0.2515208333333333,0.2332708333333333,0.1328541666666667,0.112375,0.217466097186818,0.1281663050967731,0.0663627615278078,22.45833333333333,20.88125,19.241666666666667,17.099999999999998,0.0,795.0833333333334,60.3,17.814583333333335,2024-06-24,0.1342595418294271,802.6667896513992
2024-06-25,2024-06-25,5375.604166666667,0.0096449036010073,103.6859219008508,2373.3109778001867,0.1197139553473477,2276.222142971473,0.1222318013509114,7.901502167975037e-06,795.2958333333332,0.2322708333333333,0.2238958333333333,0.1342291666666666,0.1119791666666666,0.2061680344718967,0.1149600736085569,0.0595247553118075,23.902083333333334,22.36875,20.414583333333333,17.429166666666667,0.0,795.2958333333332,54.83125,18.491666666666667,2024-06-25,0.1222318013509114,786.5132832092147
2024-06-26,2024-06-26,5372.75,0.0096477044296392,103.65753413906184,2416.370454048378,0.1073445915738689,2305.056118925863,0.1148719787597656,8.948778729049745e-06,795.6166666666667,0.2116458333333333,0.2112083333333333,0.1345416666666666,0.1114166666666666,0.1929550958927402,0.099515556267945,0.051527795265146,23.197916666666668,22.29375,20.9,17.837500000000002,0.019,795.6166666666667,61.54166666666666,17.733333333333334,2024-06-26,0.1148719787597656,780.488180426908
2024-06-27,2024-06-27,5361.041666666667,0.0096597548420846,103.53902361617055,2398.038449319338,0.1125605256293123,2274.355202523408,0.1227938334147135,1.00735069956308e-05,792.7979166666668,0.1943541666666667,0.1984583333333333,0.1334583333333333,0.1106458333333333,0.1809045759417601,0.0854297824462231,0.0442343740468332,22.32708333333333,21.285416666666663,20.26875,17.989583333333332,0.6414,792.7979166666668,73.65625,16.879166666666666,2024-06-27,0.1227938334147135,773.2070244974761
2024-06-28,2024-06-28,5513.9375,0.0095240294039978,105.00832297031684,2375.929473470717,0.118996584747408,2263.300957178268,0.1257451375325521,9.219371414640738e-06,791.1104166666668,0.1821874999999999,0.1889999999999999,0.1332708333333333,0.1097708333333333,0.1723616831501882,0.0754440510309149,0.0390638987640006,22.62708333333333,21.50208333333333,20.289583333333333,18.004166666666666,3.4545999,791.1104166666668,67.46875,16.841666666666665,2024-06-28,0.1257451375325521,776.1136261771483
2024-06-29,2024-06-29,5411.8125,0.0096131660239777,104.03243564803942,2436.011922816637,0.1020512158483672,2327.008826330538,0.1095288594563802,8.674937732129032e-06,794.6999999999999,0.1740833333333333,0.18,0.1331875,0.1087083333333333,0.1657629939731093,0.0677308864831381,0.0350701275530543,24.54583333333333,22.73125,20.78125,18.1,1.9547,794.6999999999999,52.38333333333333,20.27083333333333,2024-06-29,0.1095288594563802,781.5983365683619
2024-06-30,2024-06-30,5397.104166666667,0.0096262688373842,103.89092609660882,2456.608672044493,0.0965864071455908,2339.3596938738783,0.1065953572591145,9.28381461281824e-06,796.9708333333333,0.1639374999999999,0.1715624999999999,0.1340416666666666,0.10775,0.1586417870183711,0.0594069543283303,0.0307601092206535,26.375,24.625,22.21875,18.497916666666665,0.4759,796.9708333333333,55.34791666666666,20.214583333333334,2024-06-30,0.1065953572591145,766.3909735748118
2024-07-01,2024-07-01,5230.6875,0.0097798570156457,102.27093563783208,2351.3238159685466,0.1279822448002223,2212.851336139652,0.1416842142740885,1.1602197715342122e-05,795.1291666666666,0.1474375,0.160125,0.1327291666666666,0.1067916666666666,0.1473236381100562,0.0461772442202511,0.0239099460960977,23.047916666666666,22.870833333333334,22.085416666666664,18.964583333333334,6.1598997,795.1291666666666,83.79583333333333,16.620833333333334,2024-07-01,0.1416842142740885,807.9490602080879
2024-07-02,2024-07-02,4968.1875,0.0100379610274324,99.6614376021552,2176.370245137418,0.1938529898236936,2072.2884769689404,0.1916859944661458,9.318728629209949e-06,793.3083333333334,0.1847708333333333,0.1556875,0.130125,0.1051249999999999,0.1616290927920448,0.0628987964758444,0.0325681373724619,22.35833333333333,21.34583333333333,20.46875,18.85,12.183599,793.3083333333334,73.75833333333334,15.983333333333334,2024-07-02,0.1916859944661458,831.2604204736773
2024-07-03,2024-07-03,5146.458333333333,0.0098589307925605,101.4462452429088,2249.517141562047,0.1619208790884297,2168.811297074261,0.1545562744140625,6.915467553837583e-06,794.1020833333333,0.2146666666666666,0.1645,0.13025,0.1043333333333333,0.1776451830662454,0.0816198994679457,0.0422616686985329,22.922916666666666,21.7875,20.666666666666668,18.68125,0.0,794.1020833333333,59.33541666666667,15.925,2024-07-03,0.1545562744140625,822.0028611816346
2024-07-04,2024-07-04,5268.958333333333,0.0097436282529669,102.64664244282568,2322.388306058541,0.1360392444495992,2257.4606934707126,0.1275978088378906,5.3305481312111935e-06,795.74375,0.1985625,0.167,0.1305208333333333,0.1032916666666666,0.171440074854479,0.0743667891319769,0.0385061072723271,23.460416666666664,22.222916666666663,20.941666666666663,18.666666666666668,0.0,795.74375,44.63958333333333,16.085416666666667,2024-07-04,0.1275978088378906,794.4170717840608
2024-07-05,2024-07-05,5307.729166666667,0.0097071250627968,103.0265928481084,2369.2540051468086,0.1208876257277073,2305.975187338064,0.1145909627278645,5.083505048410368e-06,797.6645833333333,0.1820625,0.1655833333333333,0.1305,0.1025625,0.1637137176363884,0.0653355007989784,0.0338298295761018,23.675,22.402083333333334,21.102083333333333,18.697916666666668,0.0,797.6645833333333,46.96875,14.554166666666667,2024-07-05,0.1145909627278645,781.6747316235111
2024-07-06,2024-07-06,5547.770833333333,0.0094947103074786,105.33083756547138,2427.2360782441224,0.1043920456351844,2361.1548701727297,0.1016832987467448,5.1855788420195225e-06,795.4020833333334,0.1645416666666666,0.161375,0.1301458333333333,0.1014166666666666,0.1545318154935475,0.0546028355394415,0.0282726021547554,23.879166666666663,22.58333333333333,21.225,18.766666666666666,0.0,795.4020833333334,45.7875,15.095833333333331,2024-07-06,0.1016832987467448,775.4714221585143
2024-07-07,2024-07-07,5704.104166666667,0.0093632670091428,106.80624868055598,2466.502736914828,0.0939169969091398,2397.6790141662887,0.0936533610026041,5.318505355528913e-06,793.2979166666668,0.1478541666666666,0.1558958333333333,0.1297291666666666,0.1,0.1452697578152484,0.0437764769996464,0.0226668616331067,24.579166666666666,22.964583333333334,21.472916666666663,18.85833333333333,0.0,793.2979166666668,43.99583333333334,16.285416666666666,2024-07-07,0.0936533610026041,770.1033425862917
2024-07-08,2024-07-08,5691.229166666667,0.0093745090041368,106.68315755153716,2491.477067323059,0.0879374675823352,2417.9809944634485,0.089691162109375,5.632064748941505e-06,794.9625,0.1340208333333333,0.1495416666666666,0.1290416666666666,0.0987291666666666,0.1369194101686715,0.0340158103428635,0.0176129218069767,25.010416666666668,23.28333333333333,21.79375,19.03125,0.0,794.9625,47.77916666666667,15.772916666666667,2024-07-08,0.089691162109375,766.186890963937
2024-07-09,2024-07-09,5778.520833333333,0.0093031062996236,107.4994405718424,2545.071594813942,0.075461837659511,2464.756094396602,0.0806376139322916,6.033370018323628e-06,795.74375,0.1236041666666666,0.1444375,0.1281458333333333,0.0973125,0.1304354325513549,0.02643673138576,0.0136885782827492,25.6625,23.76875,22.13125,19.227083333333333,0.0,795.74375,48.8625,16.572916666666668,2024-07-09,0.0806376139322916,764.2448966450091
2024-07-10,2024-07-10,5735.416666666667,0.0093378498496252,107.09833246011964,2564.179195304915,0.0711359243969871,2477.0784349858795,0.0783055623372395,6.5140463555746216e-06,797.5041666666666,0.1150625,0.1402291666666666,0.1271875,0.095375,0.125039136318082,0.0201290360725208,0.0104225398372584,25.679166666666664,23.995833333333334,22.45833333333333,19.45208333333333,0.0,797.5041666666666,50.625,16.820833333333333,2024-07-10,0.0783055623372395,759.4020157116721
2024-07-11,2024-07-11,5779.0625,0.0093025400741826,107.50499389267344,2611.090830212952,0.0614838356091486,2519.4405059444125,0.0710398356119791,6.738662984553141e-06,797.50625,0.1096249999999999,0.1369166666666666,0.12575,0.0927916666666666,0.1211839001001987,0.0156226757150163,0.0080892080185902,26.11875,23.960416666666664,22.42083333333333,19.61458333333333,0.0,797.50625,50.71666666666667,17.958333333333332,2024-07-11,0.0710398356119791,770.0767310651914
2024-07-12,2024-07-12,5726.4375,0.0093462463196284,107.01046501655254,2658.4533373344734,0.0525759691119984,2577.619847311382,0.0620358784993489,5.8139768077949565e-06,802.9083333333333,,,,,,,,,,,,0.0,802.9083333333333,34.333333333333336,22.1,2024-07-12,0.0620358784993489,766.9380932205875
2024-07-13,2024-07-13,5726.152173913043,0.0093457995681864,107.0102697299998,2677.637562183299,0.0487024621017164,2606.5825361080224,0.0574513310971467,5.052767265539017e-06,804.1782608695652,,,,,,,,,,,,0.0,804.1782608695652,29.15652173913044,22.30434782608696,2024-07-13,0.0574513310971467,761.9905539243026
2024-07-14,2024-07-14,5645.0,0.0094133153418389,106.24726495021362,2657.196330764129,0.0529105081094953,2572.1215863273524,0.062878926595052,6.1221164866065655e-06,804.8312500000001,0.0968333333333333,0.1328333333333333,0.123125,0.0854583333333333,0.1134478508420715,0.0065800584199164,0.0034070643405866,28.54583333333333,26.366666666666664,24.3375,20.48125,0.0,804.8312500000001,32.725,22.925,2024-07-14,0.062878926595052,752.6387503097135
2024-07-15,2024-07-15,5665.5625,0.0093955579978867,106.44291491646123,2666.3144604761183,0.0508356246831598,2558.3394167803963,0.0647315979003906,7.8171022693986e-06,804.0104166666666,0.0934166666666666,0.1295,0.1217083333333333,0.0835,0.110497611272417,0.003131542715441,0.0016214700289755,27.03333333333333,25.29583333333333,23.945833333333336,20.6625,0.2436,804.0104166666666,45.85,21.0,2024-07-15,0.0647315979003906,770.4195921622699
2024-07-16,2024-07-16,5511.75,0.0095301293068318,104.97194119496696,2586.8219270663853,0.0670651391608714,2469.749991924619,0.0805257161458333,8.805368751644894e-06,803.1083333333332,0.0944583333333333,0.12725,0.120125,0.08175,0.1098354769824521,0.0023575782818738,0.0012207218206454,26.20833333333333,24.88125,23.683333333333334,20.758333333333333,3.4858,803.1083333333332,57.775,19.325,2024-07-16,0.0805257161458333,809.0517948690375
2024-07-17,2024-07-17,5532.479166666667,0.0095080742117207,105.18464404409974,2605.9080144039053,0.0624775290958109,2506.9262016434323,0.0731226603190104,7.315405296593837e-06,804.8666666666667,0.1014583333333333,0.123625,0.1180833333333333,0.0799583333333333,0.1112346726814815,0.003993088967639,0.0020675669062836,23.93541666666667,22.816666666666663,22.2875,20.61875,1.9627,804.8666666666667,54.63333333333333,17.683333333333334,2024-07-17,0.0731226603190104,783.2120946140261
2024-07-18,2024-07-18,5671.0625,0.0093910223171617,106.49450541079835,2635.2315000394174,0.0567270431262274,2541.2861748864484,0.0674730936686198,6.849368358805628e-06,804.1875,0.1104166666666666,0.1255833333333333,0.1182916666666666,0.078,0.115775846138296,0.0093012368698125,0.0048160533600384,26.164583333333336,24.59583333333333,22.883333333333336,20.3125,0.0,804.1875,42.43333333333333,20.683333333333334,2024-07-18,0.0674730936686198,768.8332925251692
2024-07-19,2024-07-19,5636.625,0.0094193415546607,106.17187907146304,2643.2370622274707,0.055205760340178,2534.912730808355,0.0684916178385416,7.914275350824536e-06,804.84375,0.1082916666666666,0.1251666666666666,0.1180833333333333,0.0760416666666666,0.1145941264173258,0.0079199324300069,0.0041008327951098,25.51914893617021,24.45833333333333,23.14375,20.35625,0.278,804.84375,48.61666666666667,20.141666666666666,2024-07-19,0.0684916178385416,766.7596086906877
2024-07-20,2024-07-20,5605.416666666667,0.0094457613533491,105.87668552673236,2630.056221958288,0.0577934574395861,2528.855041590773,0.0694986979166666,7.41013347817359e-06,804.7291666666666,0.1045,0.125125,0.11725,0.0755833333333333,0.1127429862806045,0.0057561468519376,0.0029804541885307,26.46666666666667,24.56458333333333,23.02083333333333,20.4625,0.38009998,804.7291666666666,48.21666666666667,19.675,2024-07-20,0.0694986979166666,756.8304634334345
2024-07-21,2024-07-21,5695.3125,0.0093707298542932,106.7230142803199,2636.565252867524,0.0564132573130908,2547.313068698473,0.0664329528808593,6.490281718412256e-06,803.5604166666667,0.0999166666666666,0.1258333333333333,0.1173333333333333,0.0739583333333333,0.1109278371590169,0.0036344309356628,0.0018818586779931,27.5625,25.58333333333333,23.71666666666667,20.59375,0.0,803.5604166666667,41.48333333333333,19.8,2024-07-21,0.0664329528808593,752.7271583599799
2024-07-22,2024-07-22,5735.916666666667,0.0093370441771783,107.10452040848216,2642.3570932322978,0.0552738245255824,2556.992424639409,0.0648727416992187,6.182653418638355e-06,803.4333333333334,0.0946666666666666,0.1247916666666666,0.1168333333333333,0.072125,0.1081185187007378,0.0003506369950297,0.0001815550449583,27.09583333333333,25.25208333333333,23.785416666666663,20.9,0.0,803.4333333333334,45.85,17.616666666666667,2024-07-22,0.0648727416992187,744.7369166137112
2024-07-23,2024-07-23,5729.083333333333,0.0093431717537136,107.03856290438908,2651.8003217609694,0.0534708121897837,2571.101789903813,0.0626996358235677,5.815473286061177e-06,803.5375,0.0911666666666666,0.1232916666666666,0.1162916666666666,0.071875,0.1059735583508296,0.0021565931052706,0.0011166544424412,26.8125,25.03333333333333,23.70208333333333,20.975,0.0,803.5375,39.625,19.3,2024-07-23,0.0626996358235677,743.5191856594815
2024-07-24,2024-07-24,5609.583333333333,0.0094419498194577,105.91716235481232,2669.40002177791,0.0501940024552295,2588.2230847160467,0.060095469156901,5.808749810116982e-06,805.3916666666668,0.0889583333333333,0.1221666666666666,0.1157083333333333,0.0712916666666666,0.1044985212112959,0.0038807543539661,0.0020094015782525,26.12954545454545,25.235416666666666,23.722916666666663,21.0,0.0,805.3916666666668,36.975,20.258333333333333,2024-07-24,0.060095469156901,745.2867928633381
2024-07-25,2024-07-25,5536.791666666667,0.009503906257886,105.22735908102582,2629.0715414060064,0.0579890039737198,2536.5198124717986,0.0682868957519531,6.759405283854461e-06,805.63125,0.0872083333333333,0.122,0.1157916666666666,0.07,0.1036449972582815,0.0048784329107826,0.0025259859027942,27.64782608695652,26.1,24.25208333333333,21.2375,0.0,805.63125,39.725,21.45,2024-07-25,0.0682868957519531,737.2473914395683
2024-07-26,2024-07-26,5562.833333333333,0.0094817844518402,105.47397466339272,2600.5369568273904,0.0635851715921731,2493.6502250583894,0.0754267374674479,7.941245171960654e-06,802.7145833333334,0.0845833333333333,0.1196666666666666,0.1150416666666666,0.07,0.1015750006928533,0.0072980383345297,0.0037788245299691,26.570212765957447,25.322916666666668,24.1875,21.3375,0.2395,802.7145833333334,46.35833333333333,20.53333333333333,2024-07-26,0.0754267374674479,781.7655658864272
2024-07-27,2024-07-27,5203.666666666667,0.0098070812840066,101.9997554250452,2403.983733787332,0.1121259407662454,2284.032973808873,0.1213582356770833,9.725694034480303e-06,799.5041666666666,0.1129166666666666,0.1165833333333333,0.1131666666666666,0.0694583333333333,0.1125727945384486,0.0055572108395427,0.0028774478395539,23.87291666666667,23.6375,23.116666666666664,21.34375,8.6098995,799.5041666666666,63.34166666666667,19.10833333333333,2024-07-27,0.1213582356770833,834.8796854565064
2024-07-28,2024-07-28,5463.416666666667,0.0095682931720134,104.52497305110975,2442.4850358977915,0.1003784838383988,2365.5349644115936,0.1009178161621093,6.046251083611508e-06,797.4854166666668,0.1574583333333333,0.1165416666666666,0.1125,0.068,0.1318773428509918,0.0281221708883306,0.014561275827507,24.160416666666663,23.1625,22.370833333333334,21.008333333333336,0.7668,797.4854166666668,40.44166666666667,20.3,2024-07-28,0.1009178161621093,812.8941280010015
2024-07-29,2024-07-29,5560.604166666667,0.0094835396840674,105.45338022236535,2526.97238159212,0.0794746410292048,2464.200573316545,0.0806922912597656,4.71784477718862e-06,800.3854166666666,0.1534166666666666,0.1192916666666666,0.11275,0.068,0.1310711343866336,0.0271797990962168,0.0140733285900224,24.87291666666667,23.82708333333333,22.71666666666667,20.69375,0.0,800.3854166666666,31.616666666666664,19.616666666666667,2024-07-29,0.0806922912597656,788.9232359419915
2024-07-30,2024-07-30,5583.520833333333,0.0094643332535422,105.66941904271437,2561.715733939096,0.0719356421408995,2503.0200966796115,0.0739771525065104,4.346886204849726e-06,800.3645833333334,0.1434583333333333,0.1219166666666666,0.1133333333333333,0.068,0.1276970590732693,0.023235864567679,0.0120312131806641,25.59166666666667,24.320833333333336,22.960416666666664,20.6375,0.0,800.3645833333334,28.008333333333336,19.941666666666663,2024-07-30,0.0739771525065104,761.235547541987
2024-07-31,2024-07-31,5543.729166666667,0.0094982668290312,105.29211036043404,2561.206009826729,0.0719883377807795,2505.0486986102496,0.07354736328125,4.151976115588581e-06,801.1895833333333,0.130125,0.1235416666666666,0.1137083333333333,0.068,0.1224725214272742,0.0171289367418325,0.0088691293968788,25.822916666666668,24.535416666666663,23.210416666666664,20.75625,0.0,801.1895833333333,28.09166666666667,19.75,2024-07-31,0.07354736328125,750.5032528805815
2024-08-01,2024-08-01,5332.125,0.0096850539653935,103.26252250031342,2595.0196458812275,0.0648088291258669,2538.6171587433573,0.0679092407226562,4.114430740471048e-06,804.7354166666668,0.1182916666666666,0.1237499999999999,0.113625,0.068,0.1173450974096105,0.0111355243999027,0.0057658223796016,25.28,24.602083333333336,23.28125,20.866666666666667,0.0,804.7354166666668,26.96666666666667,20.45833333333333,2024-08-01,0.0679092407226562,751.1939884604261
2024-08-02,2024-08-02,5244.583333333333,0.0097661854214809,102.40914355033918,2595.212935969331,0.0646833350628903,2527.5859676031077,0.0697224934895833,4.965949075341476e-06,806.3729166666667,0.1093333333333333,0.123875,0.113875,0.0679583333333333,0.1135111924004343,0.0066540979525044,0.003445400998892,26.03720930232558,25.5125,23.775,20.96666666666667,0.0,806.3729166666667,29.125,22.133333333333336,2024-08-02,0.0697224934895833,747.89017179681
2024-08-03,2024-08-03,5351.041666666667,0.0096674577585175,103.44718800408818,2606.757498121321,0.0623272538703974,2532.3841387530347,0.0688616434733073,5.440827832766002e-06,804.6374999999999,0.1014999999999999,0.1237083333333333,0.1141249999999999,0.0669583333333333,0.110037203935934,0.0025933755961847,0.0013428144480852,26.781395348837208,26.129166666666663,24.35833333333333,21.28125,0.0,804.6374999999999,30.191666666666663,22.525,2024-08-03,0.0688616434733073,745.8789503497889
2024-08-04,2024-08-04,5475.666666666667,0.0095568554157965,104.64471062337016,2603.583827469728,0.0629991729908961,2509.673539299605,0.0727094014485677,6.935427236126279e-06,802.24375,0.0951999999999999,0.12265,0.11455,0.066,0.1069729749165111,0.0009883816293229,0.0005117705025177,27.716216216216218,26.2875,24.895,21.6175,0.0,802.24375,32.233333333333334,24.65833333333333,2024-08-04,0.0727094014485677,785.9828350041058
2024-08-05,2024-08-05,4441.083333333333,0.0106226650803236,94.20788091245436,2189.1892104870017,0.189728715841155,2071.7158804218843,0.1935933430989583,1.0533344755344668e-05,804.6270833333333,0.255625,0.13275,0.11325,0.066,0.1803196466403226,0.084746062417937,0.0438803531584672,24.267391304347825,24.366666666666664,24.116666666666664,21.81875,6.298,804.6270833333333,71.35833333333333,18.491666666666667,2024-08-05,0.1935933430989583,821.1816379466284
2024-08-06,2024-08-06,4580.708333333333,0.0104496507943811,95.7091448869172,2239.005220289245,0.1657333692849162,2137.783084947044,0.1646525065104166,8.77202895621391e-06,805.2583333333333,0.2475416666666666,0.1687916666666666,0.1121666666666666,0.066,0.188566946595334,0.094386277303166,0.0488719247031273,24.210416666666664,23.195833333333336,22.808333333333334,21.39375,0.87409997,805.2583333333333,51.14166666666667,21.166666666666668,2024-08-06,0.1646525065104166,815.396254687786
2024-08-07,2024-08-07,4747.083333333333,0.0102660078238334,97.42826914711766,2277.086840282585,0.1515856450631561,2176.5386081164597,0.1516863505045572,8.560255965434059e-06,803.2979166666668,0.227125,0.1799583333333333,0.1129583333333333,0.066,0.1834968317074015,0.0884598532275183,0.0458033032948102,24.791666666666668,24.10625,23.27916666666667,21.2625,0.4129,803.2979166666668,47.175,22.10833333333333,2024-08-07,0.1516863505045572,815.6803297160887
2024-08-08,2024-08-08,4742.020833333333,0.0102718746560331,97.37499835188352,2267.0637880136687,0.1555573904014223,2167.2416438405,0.1551106770833333,8.543077806436259e-06,802.6999999999999,0.216875,0.1765416666666666,0.1120416666666666,0.066,0.1776959665850288,0.0816792599903434,0.0422924047659344,22.03125,21.90833333333333,22.20833333333333,21.05,1.1852,802.6999999999999,62.6,17.608333333333334,2024-08-08,0.1551106770833333,820.5579376455756
2024-08-09,2024-08-09,4822.625,0.0101836075402377,98.20581545570444,2312.3002770735834,0.13909824961552,2211.1092847820623,0.1406275431315104,8.47965905190324e-06,802.7687500000001,0.2129166666666666,0.1740833333333333,0.1112916666666666,0.066,0.1750006258871398,0.0785286939071049,0.0406610846970466,21.43958333333333,21.40833333333333,21.447916666666668,20.61875,0.0,802.7687500000001,56.05,18.266666666666666,2024-08-09,0.1406275431315104,819.4461765460054
2024-08-10,2024-08-10,4677.625,0.0103412249231778,96.71509259792464,2283.488889165434,0.1491322338141908,2171.472799462046,0.1531867980957031,9.558908533762988e-06,804.3791666666666,0.2117916666666666,0.170125,0.1104166666666666,0.066,0.1730225090301883,0.0762164860726465,0.0394638550741357,20.04375,19.572916666666668,20.1125,20.14375,6.8099,804.3791666666666,73.3,16.224999999999998,2024-08-10,0.1531867980957031,829.7761181388399
2024-08-13,2024-08-13,4404.854166666667,0.0106564320350452,93.85340014066088,2199.08774349935,0.1848810533725966,2084.4701673187515,0.1870587666829427,1.0170718591733392e-05,802.1770833333334,0.283,0.2868333333333333,0.1167083333333333,0.066,0.2442482047298969,0.1594717351409066,0.0825722854504616,19.597916666666663,20.17708333333333,20.477083333333333,19.54375,1.3849,802.1770833333334,74.97500000000001,16.25,2024-08-13,0.1870587666829427,816.6004087878811
2024-08-16,2024-08-16,4638.125,0.010384275658392,96.30867203571832,2277.4647863237137,0.1582858229072326,2193.421812164192,0.1521390279134114,7.097879282478828e-06,802.1625,0.289125,0.296,0.1676666666666666,0.064,0.2597053423302112,0.1775394820144804,0.0919275179057504,21.385416666666668,20.0875,19.433333333333334,18.866666666666664,0.0,802.1625,46.0,19.325,2024-08-16,0.1521390279134114,789.7633221139096
2024-08-17,2024-08-17,4697.916666666667,0.0103175626046893,96.92876736323024,2245.5340160331475,0.1629543348688504,2168.104330739889,0.1541061401367187,6.619870402352057e-06,803.4541666666668,0.2732916666666666,0.2835833333333333,0.1727916666666666,0.0647083333333333,0.249652940383444,0.1657892952372133,0.0858434317458334,21.847916666666663,20.93125,20.31458333333333,18.83333333333333,0.0,803.4541666666668,43.325,18.775,2024-08-17,0.1541061401367187,791.4156299239794
2024-08-18,2024-08-18,4462.5,0.0105873055773934,94.4657260506363,2217.2143612190844,0.1743979301522025,2104.829311388836,0.1768124898274739,9.895274264871652e-06,805.4770833333333,0.2639166666666667,0.2725,0.1738333333333333,0.0652916666666666,0.2420819321748163,0.156939593343607,0.0812611770267468,21.48333333333333,20.791666666666668,20.320833333333333,19.0,3.3292,805.4770833333333,68.45833333333333,17.733333333333334,2024-08-18,0.1768124898274739,793.7018578653939
2024-08-19,2024-08-19,4585.166666666667,0.0104446180368816,95.75559653145432,2260.964282964362,0.1575929486164311,2150.845625664229,0.1602083841959635,9.478918944077337e-06,805.7041666666668,0.2577083333333334,0.2652083333333333,0.1734583333333333,0.066,0.2368913908009588,0.1508724035375356,0.0781196690466248,21.04042553191489,20.602083333333333,20.2,19.05625,0.6289,805.7041666666668,64.83333333333333,17.7,2024-08-19,0.1602083841959635,793.0110388518696
2024-08-20,2024-08-20,4715.916666666667,0.0102979573172604,97.11396318772798,2288.209364447712,0.1474324375644947,2185.7646920106017,0.1484222412109375,8.679021866563604e-06,805.6125000000001,0.2467916666666666,0.2564166666666667,0.17225,0.066,0.228953781048404,0.1415941835010228,0.0733155334883693,20.08125,19.80625,19.791666666666668,18.9875,1.4368,805.6125000000001,57.84166666666667,18.05,2024-08-20,0.1484222412109375,794.663455344761
2024-08-21,2024-08-21,4746.520833333333,0.01026811651657,97.41784225446077,2282.8883238637463,0.1501074753714818,2174.1472573670667,0.1534703572591146,9.299179688370893e-06,804.7916666666666,0.24075,0.2492916666666666,0.1707083333333333,0.066,0.2236410504051085,0.1353841674584283,0.0701000720345387,20.4375,19.841666666666665,19.479166666666668,18.85833333333333,2.5867999,804.7916666666666,60.86666666666667,18.591666666666665,2024-08-21,0.1534703572591146,826.0352205031442
2024-08-22,2024-08-22,4630.770833333333,0.0103940518889743,96.22755286120542,2228.1979927913862,0.1709205755376341,2106.809508664081,0.1768887837727864,1.0674599389295406e-05,804.1958333333333,0.2711666666666666,0.2537083333333333,0.1692916666666667,0.066,0.2381551558021935,0.1523496101679227,0.0788845464554387,18.491666666666667,18.841666666666665,19.15833333333333,18.65833333333333,11.5455,804.1958333333333,80.63333333333334,15.716666666666669,2024-08-22,0.1768887837727864,819.2861312262817
2024-08-23,2024-08-23,4594.520833333333,0.0104329892968835,95.85626731019202,2206.111327906426,0.1788531872633759,2086.1744914580577,0.1838213602701822,1.0647670336129392e-05,802.525,0.2808333333333333,0.268125,0.1672916666666667,0.06425,0.2467356178278537,0.1623792560148219,0.0840777600309067,17.772916666666667,17.872916666666665,18.210416666666667,18.4125,1.5443,802.525,82.20833333333333,15.408333333333331,2024-08-23,0.1838213602701822,825.0055173561074
2024-08-24,2024-08-24,4620.708333333333,0.0104037511031572,96.12789962507829,2213.828124734296,0.1756203167284705,2102.584800433355,0.1774775187174479,9.804144208359182e-06,803.275,0.286,0.2710416666666667,0.168,0.064,0.2500952222952198,0.1663062756662782,0.0861111171480354,18.027083333333334,18.008333333333333,18.035416666666663,18.125,4.7114997,803.275,75.38333333333334,15.85,2024-08-24,0.1774775187174479,833.8380392260143
2024-08-25,2024-08-25,4551.708333333333,0.0104842884395222,95.40151239764393,2199.138811382621,0.1819978470323051,2094.811226497467,0.1807416280110677,9.231003005230329e-06,804.3708333333334,0.2967083333333333,0.282125,0.169375,0.064,0.258736332060585,0.176406812258785,0.0913410369829351,17.14375,17.341666666666665,17.70625,17.881249999999998,1.6888,804.3708333333334,74.44166666666666,14.75,2024-08-25,0.1807416280110677,831.1473228154214
2024-08-26,2024-08-26,4518.4375,0.0105207367433012,95.05842994739707,2189.568901017145,0.185804762231512,2097.93669292033,0.1792221069335937,8.095251992871007e-06,805.7333333333332,0.3074166666666666,0.3035833333333333,0.1710416666666666,0.064,0.270886301101748,0.1906088314704809,0.0986946484758114,17.912499999999998,17.1375,17.097916666666666,17.562500000000004,4.6762,805.7333333333332,61.98333333333333,16.316666666666666,2024-08-26,0.1792221069335937,819.6366089689263
2024-08-27,2024-08-27,4631.5,0.0103913511975809,96.24094190184296,2250.159463079934,0.1612352340819804,2162.562309066697,0.1559079488118489,7.500831870365781e-06,805.9250000000001,0.288875,0.2928333333333333,0.1772916666666666,0.064,0.2603928866633791,0.1783431480810738,0.0923436452138214,19.375,18.235416666666666,17.8375,17.46875,0.0,805.9250000000001,57.41666666666666,16.383333333333333,2024-08-27,0.1559079488118489,804.0315415839449
2024-08-28,2024-08-28,4836.729166666667,0.0101710396164023,98.34188713901706,2266.789623856964,0.1557848009980178,2188.4770217671125,0.1481641133626302,6.62780854222588e-06,803.1833333333334,0.2719166666666667,0.280375,0.1792083333333333,0.064,0.2491908546563314,0.165249166258146,0.0855637603407395,19.704166666666666,18.81458333333333,18.47083333333333,17.525000000000002,0.0,803.1833333333334,50.99166666666667,16.474999999999998,2024-08-28,0.1481641133626302,795.3827241323281
2024-08-29,2024-08-29,5008.395833333333,0.0099928915332998,100.07966566076288,2355.818885514022,0.1252344443529923,2279.306839273738,0.1216316223144531,6.220454208475851e-06,801.8541666666666,0.25725,0.2689583333333333,0.17825,0.064375,0.2387998562783802,0.1531031963307823,0.079274743073643,20.475,19.18958333333333,18.62708333333333,17.6125,0.0,801.8541666666666,45.84166666666667,17.05,2024-08-29,0.1216316223144531,799.1192233244999
2024-08-30,2024-08-30,4972.1875,0.0100294657526777,99.71639262415464,2379.6323021026938,0.117994158624161,2310.159660133955,0.1136995951334635,5.568178196831123e-06,805.4354166666667,0.2422083333333333,0.2572916666666666,0.176,0.0655,0.2279409205784732,0.1404102575334758,0.072702512799417,19.897916666666667,18.820833333333333,18.6625,17.724999999999998,0.0,805.4354166666667,46.86666666666667,15.408333333333331,2024-08-30,0.1136995951334635,785.5134451369776
2024-08-31,2024-08-31,5028.041666666667,0.0099732665065807,100.276034242908,2408.144896703376,0.1095611644298204,2347.477954092933,0.1046791076660156,4.786657222870756e-06,805.8000000000001,0.2292083333333333,0.24725,0.1734583333333333,0.0657916666666666,0.2184296380772636,0.129292581730977,0.0669459321796697,20.141666666666666,18.96875,18.64375,17.7,0.0,805.8000000000001,38.641666666666666,16.216666666666665,2024-08-31,0.1046791076660156,771.1069478426105
2024-09-01,2024-09-01,5097.083333333333,0.0099060854684164,100.96007453463972,2428.035417696205,0.1043632531652401,2360.0635952451,0.1020164489746093,5.33059083566163e-06,805.0979166666666,0.2172083333333333,0.238625,0.1707083333333333,0.066,0.2097844736047071,0.1191873056177989,0.0617135582857266,20.88125,19.647916666666667,19.01458333333333,17.73125,0.0,805.0979166666666,37.24166666666667,17.933333333333334,2024-09-01,0.1020164489746093,779.854852946143
2024-09-02,2024-09-02,5191.020833333333,0.0098155587945591,101.88787578803694,2467.3252097488603,0.0938585606953321,2393.273833503655,0.0946744283040364,5.729501564569367e-06,805.2208333333333,0.2045416666666666,0.2287916666666667,0.16725,0.066,0.2003013679653577,0.1081025655645278,0.0559740313468987,20.125,18.947916666666668,18.75208333333333,17.775000000000002,0.0,805.2208333333333,43.225,16.841666666666665,2024-09-02,0.0946744283040364,777.6432137308462
2024-09-03,2024-09-03,5211.0,0.0097963347540277,102.08513451047406,2477.3950252441123,0.0913403249494925,2397.6296862877766,0.0937716166178385,6.160984310320789e-06,804.0166666666668,0.1934583333333333,0.2204166666666666,0.1640416666666666,0.066,0.192044862528378,0.0984515904517357,0.0509768883034331,21.0375,19.62708333333333,19.1,17.8,0.0,804.0166666666668,45.875,17.241666666666667,2024-09-03,0.0937716166178385,774.3860614652209
2024-09-04,2024-09-04,5241.791666666667,0.0097687616937538,102.38198497845224,2513.1534248441235,0.0828410660739917,2428.6927066590047,0.0875701904296875,6.439236021056032e-06,804.6520833333334,0.1771499999999999,0.2093499999999999,0.15975,0.066,0.1803967075684581,0.0848361384319699,0.043926993287744,18.9125,18.44,18.9175,17.9,0.0,804.6520833333334,50.4,15.716666666666669,2024-09-04,0.0875701904296875,781.5754900932798
2024-09-05,2024-09-05,4923.770833333333,0.0100800748381874,99.22503561332064,2497.6894509895783,0.0868905512194471,2394.853314614812,0.0948410034179687,7.955830901380463e-06,807.6770833333334,0.1687916666666666,0.202125,0.1561249999999999,0.066,0.1736358232709097,0.0769333850704976,0.0398350555795884,18.866666666666667,18.102083333333333,18.245833333333334,17.84375,4.7173,807.6770833333334,69.125,14.141666666666666,2024-09-05,0.0948410034179687,773.5796084390146
2024-09-06,2024-09-06,4935.375,0.0100666355178543,99.34709573456888,2513.257533878242,0.0826945177523526,2429.3092437825303,0.0873921712239583,6.401442417071298e-06,808.24375,0.1623333333333333,0.1940833333333333,0.15275,0.066,0.1674830644565816,0.0697414656022274,0.0361111779485711,18.866666666666667,17.727083333333333,17.8625,17.575,0.0453,808.24375,56.78333333333333,14.575,2024-09-06,0.0873921712239583,771.3208849132183
2024-09-07,2024-09-07,5044.0625,0.0099576714191136,100.43480306525358,2526.033951611932,0.0797631720351381,2444.3902218387866,0.0844866434733073,6.185871477897272e-06,805.1854166666667,0.1560416666666666,0.1868333333333333,0.1498333333333333,0.066,0.1617548742301389,0.0630458215747756,0.0326442649597526,19.89583333333333,18.48333333333333,18.179166666666667,17.4375,0.0,805.1854166666667,49.13333333333333,16.241666666666667,2024-09-07,0.0844866434733073,763.6731411555828
2024-09-08,2024-09-08,5220.104166666667,0.0097879610869836,102.17366746876928,2567.9245973459733,0.0704164292431595,2488.161301739794,0.0764058430989583,5.93855666375382e-06,802.8416666666667,0.147,0.1784166666666666,0.1460833333333333,0.066,0.154274200282806,0.0543017108073718,0.0281166838830272,20.008333333333333,18.685416666666665,18.433333333333334,17.46875,0.0,802.8416666666667,47.625,16.066666666666666,2024-09-08,0.0764058430989583,764.0643323767222
2024-09-09,2024-09-09,5244.8125,0.0097649128892128,102.41506584090206,2621.3484532391403,0.0593784899450151,2543.715797954784,0.0669886271158854,5.651526436803538e-06,803.0833333333334,0.1374166666666666,0.169,0.1415,0.066,0.1460633356065874,0.0447040848808179,0.0231471643192379,19.36458333333333,18.30208333333333,18.304166666666667,17.475,0.0,803.0833333333334,45.89166666666667,15.625,2024-09-09,0.0669886271158854,769.66727126522
2024-09-10,2024-09-10,5233.708333333333,0.009775602959405,102.30541576847126,2600.4345722348003,0.0636661125473442,2512.0804267185126,0.072308858235677,6.515654767273818e-06,802.25,0.12975,0.1604583333333333,0.137875,0.066,0.1391670855373033,0.0366431033556125,0.0189732982299148,18.92708333333333,18.016666666666666,18.058333333333334,17.41875,0.26639998,802.25,54.225,15.158333333333331,2024-09-10,0.072308858235677,767.6361923656957
2024-09-11,2024-09-11,5439.125,0.009589548878375,104.29261924135363,2592.271842563276,0.0652988364469891,2507.285439461446,0.0730527242024739,6.2759866922656695e-06,798.4979166666667,0.1242916666666666,0.1530416666666666,0.1339166666666666,0.066,0.1335479604112631,0.0300749448094811,0.0155723954813754,18.854166666666668,17.860416666666666,17.833333333333332,17.3,0.0,798.4979166666667,50.05833333333334,15.425,2024-09-11,0.0730527242024739,770.8659997276083
2024-09-12,2024-09-12,5794.916666666667,0.0092908429464088,107.64830700409868,2595.224665209883,0.0650247041327159,2526.409990450072,0.0702018737792968,5.0523375205597054e-06,792.025,0.1200833333333333,0.1463333333333333,0.1300416666666666,0.066,0.1287278519077466,0.0244407515586604,0.0126550872011415,19.33333333333333,17.741666666666667,17.575,17.26875,1.183,792.025,37.3,17.625,2024-09-12,0.0702018737792968,760.5496198404638
2024-09-13,2024-09-13,5716.083333333333,0.0093545023807345,106.91429740410946,2661.596072838766,0.0517342940113284,2603.895142975018,0.0578702290852864,4.103219331607005e-06,795.8083333333334,0.1158333333333333,0.1414583333333333,0.1270416666666666,0.066,0.1246678894359324,0.0196950880242,0.0101978474672597,20.20833333333333,18.64583333333333,18.258333333333333,17.21875,0.0,795.8083333333334,34.075,15.65,2024-09-13,0.0578702290852864,771.1242523381948
2024-09-14,2024-09-14,5568.375,0.0094768408161507,105.52732216561007,2657.552436022338,0.0524550673432177,2602.007977847148,0.0581207275390625,3.953950141322411e-06,800.0666666666666,0.1099583333333333,0.1355833333333333,0.1239583333333333,0.066,0.119547666310967,0.0137100927585687,0.0070988986970798,18.875,17.595833333333335,17.895833333333332,17.3,0.0,800.0666666666666,37.38333333333333,13.833333333333334,2024-09-14,0.0581207275390625,758.6963340977019
2024-09-15,2024-09-15,5576.1875,0.0094702793882304,105.60104582049702,2662.21058519094,0.0515396980328206,2597.871926159908,0.0587361653645833,4.594835159676163e-06,799.8916666666668,0.104375,0.1315,0.1209166666666666,0.066,0.1151594116089432,0.0085806905870227,0.0044429643402806,16.616666666666667,16.889583333333334,17.537499999999998,17.150000000000002,0.0,799.8916666666668,42.54166666666666,12.766666666666666,2024-09-15,0.0587361653645833,760.2479506257828
2024-09-16,2024-09-16,5511.479166666667,0.00952540396236,104.98765946083574,2634.61951989815,0.0568151835275584,2544.0234163293226,0.0670026143391927,6.598823714227161e-06,798.3416666666667,0.1017083333333333,0.12775,0.1177083333333333,0.066,0.1121269809394742,0.0050361022444493,0.0026076249293892,15.597916666666668,15.466666666666669,16.172916666666666,16.8375,0.2462,798.3416666666667,57.30833333333334,13.558333333333332,2024-09-16,0.0670026143391927,764.5537340048522
2024-09-17,2024-09-17,5428.106382978724,0.0095987697602883,104.18877533492888,2597.081258171651,0.064358963551758,2494.135069390856,0.0754271162317154,7.648521932136034e-06,795.7166666666667,0.1010416666666666,0.1259166666666666,0.1160833333333333,0.066,0.1109124982131555,0.0036165013423386,0.001872574979558,15.20625,15.204166666666666,15.841666666666669,16.406249999999996,1.2112,795.7166666666667,72.69166666666666,12.241666666666667,2024-09-17,0.0754271162317154,778.3994832705996
2024-09-18,2024-09-18,5489.145833333333,0.0095448656188845,104.77434707355984,2598.934945456884,0.0639927275450049,2542.889252849574,0.0672009785970052,4.080458306375709e-06,795.5729166666666,0.1011666666666666,0.122375,0.1141249999999999,0.0659166666666666,0.1094088945711007,0.0018589488959997,0.0009625383378608,14.091666666666669,13.664583333333333,14.804166666666667,15.98125,4.0789,795.5729166666666,45.03333333333333,11.408333333333331,2024-09-18,0.0672009785970052,780.4236369130886
2024-09-19,2024-09-19,5483.979166666667,0.0095494909365873,104.72455079423592,2628.574298321565,0.0580202874634585,2575.0371936592005,0.062146504720052,3.849646201214376e-06,798.4125,0.1045416666666666,0.1211666666666666,0.1130416666666666,0.064,0.1102049423729824,0.0027894439563123,0.0014443359659012,15.245833333333332,14.15,14.785416666666668,15.6375,0.0,798.4125,40.96666666666667,11.908333333333331,2024-09-19,0.062146504720052,765.1120305719292
2024-09-20,2024-09-20,5529.645833333333,0.0095105912933205,105.15740270789274,2638.4666534022267,0.0560794106986365,2576.450437180001,0.0619392395019531,4.460966961685062e-06,797.5895833333334,0.106875,0.1214166666666666,0.1125,0.064,0.1112055338644714,0.0039590287953388,0.0020499310144613,16.575,15.179166666666667,15.25625,15.4,0.0,797.5895833333334,41.6,14.283333333333331,2024-09-20,0.0619392395019531,757.9155347222052
2024-09-21,2024-09-21,5580.645833333333,0.0094715648459524,105.62523644290356,2650.800039466504,0.0545398455921042,2587.41145729685,0.0613263448079427,4.577611845426901e-06,796.8937500000001,0.104375,0.1199583333333333,0.1117916666666666,0.064,0.1094894734038332,0.0019531369656684,0.0010113076333591,15.010416666666666,14.970833333333331,15.572916666666666,15.4,0.0,796.8937500000001,46.96666666666667,11.666666666666666,2024-09-21,0.0613263448079427,810.633004961183
2024-09-22,2024-09-22,4568.145833333333,0.0104633630663633,95.57982721579748,2245.943385446408,0.1630392796649302,2166.5946987113707,0.1547457377115885,6.782899304708643e-06,800.5895833333334,0.267625,0.2606666666666666,0.1095833333333333,0.064,0.2273643948017629,0.1397363603301876,0.0723535780356169,12.245833333333332,12.464583333333332,13.872916666666669,15.2,23.8471,800.5895833333334,81.7,8.700000000000001,2024-09-22,0.1547457377115885,840.6885525697879
2024-09-23,2024-09-23,4693.520833333333,0.0103234663261214,96.88003255846525,2292.6310894784315,0.1460086014169538,2221.232415310933,0.1377347310384114,5.953097188180621e-06,800.85,0.2575833333333333,0.2673333333333333,0.1092916666666666,0.064,0.2251306319926978,0.137125329617168,0.0710016220092723,12.725,12.254166666666668,13.297916666666666,14.73125,0.0,800.85,66.325,10.516666666666667,2024-09-23,0.1377347310384114,833.0915000123658
2024-09-24,2024-09-24,4823.5625,0.0101820569818468,98.21717852369524,2319.448237732702,0.1365135089785693,2250.107851462265,0.1291643778483072,5.707082476970567e-06,801.2604166666666,0.241,0.2561666666666666,0.1097916666666666,0.064,0.2142502212082329,0.1244072887342157,0.0644163942180911,14.325,13.270833333333334,13.722916666666668,14.49375,0.0,801.2604166666666,55.28333333333333,12.708333333333334,2024-09-24,0.1291643778483072,821.8060180003544
2024-09-25,2024-09-25,4901.895833333333,0.0101007562103137,99.01022441993776,2370.566679479261,0.1204778178766517,2295.2126556521525,0.1172459920247395,6.078589724749315e-06,802.0812500000001,0.2270833333333333,0.2459583333333333,0.1109583333333333,0.064,0.2049844278960567,0.1135765636364558,0.0588083927523925,14.947916666666666,13.725,14.0875,14.41875,0.0,802.0812500000001,54.725,14.033333333333331,2024-09-25,0.1172459920247395,813.3053324967392
2024-09-26,2024-09-26,4978.333333333333,0.0100226898256951,99.77993446955875,2411.3979186069537,0.1087086596130972,2336.726979184616,0.1072247823079427,5.919628321315891e-06,801.0708333333333,0.2165416666666666,0.2377916666666666,0.1114583333333333,0.064,0.1977475013240575,0.1051173675791687,0.0544283366195201,15.845833333333331,14.6,14.660416666666668,14.44375,0.0,801.0708333333333,47.39166666666667,16.016666666666666,2024-09-26,0.1072247823079427,811.0697937065414
2024-09-27,2024-09-27,5035.291666666667,0.0099657911190238,100.34928313311867,2439.833708906643,0.1009204370342112,2369.1508352885025,0.0998344421386718,5.527383625985816e-06,802.7624999999999,0.2055416666666666,0.2290833333333333,0.1122083333333333,0.064,0.1901777214988316,0.0962691015348729,0.0498468253635872,15.8125,14.770833333333334,14.929166666666667,14.65625,0.0,802.7624999999999,46.9,14.991666666666667,2024-09-27,0.0998344421386718,798.6176624124084
2024-09-28,2024-09-28,5022.8125,0.0099787688662696,100.22283266103533,2462.458116610971,0.0951766685618528,2388.564509504441,0.0957361857096354,5.729355525273016e-06,804.0333333333333,0.19625,0.2209583333333333,0.112625,0.064,0.1834858971992493,0.0884470719525766,0.0457966853252874,16.014583333333334,14.835416666666667,15.027083333333332,14.71875,0.0,804.0333333333333,45.80833333333334,16.2,2024-09-28,0.0957361857096354,798.9484115097342
2024-09-29,2024-09-29,5144.395833333333,0.0098596895257845,101.43014230863838,2494.854061587706,0.0870051981440097,2419.2493375647423,0.0893351236979166,5.789504828853495e-06,803.18125,0.18725,0.2135833333333333,0.1129583333333333,0.064,0.1771553403151397,0.0810473254853829,0.0419651977139543,16.464583333333334,15.291666666666666,15.339583333333332,14.800000000000002,0.0,803.18125,45.925,16.258333333333333,2024-09-29,0.0893351236979166,787.701598312013
2024-09-30,2024-09-30,5300.0,0.0097128586235726,102.95630140987,2525.111534148932,0.079666007132096,2458.5469843769624,0.081573486328125,5.013842954648443e-06,800.0,0.188,0.214,0.114,0.064,0.177822671105451,0.0818273640741603,0.0423690910368557,21.4,18.9,15.7,14.8,0.0,800.0,24.4,23.0,2024-09-30,0.081573486328125,783.9787429502613
2023-06-23,,,,,,,,,,,,,,,,,,,,,,,,,,,,756.9205107488099
2023-06-24,,,,,,,,,,,,,,,,,,,,,,,,,,,,759.2750034675221
2023-06-25,,,,,,,,,,,,,,,,,,,,,,,,,,,,746.721214386211
2023-06-26,,,,,,,,,,,,,,,,,,,,,,,,,,,,738.7261409795676
2023-06-27,,,,,,,,,,,,,,,,,,,,,,,,,,,,751.6142440893221
2023-06-28,,,,,,,,,,,,,,,,,,,,,,,,,,,,744.5020013869752
2023-06-29,,,,,,,,,,,,,,,,,,,,,,,,,,,,746.1780367896665
2023-06-30,,,,,,,,,,,,,,,,,,,,,,,,,,,,759.3121838317797
2023-10-29,,,,,,,,,,,,,,,,,,,,,,,,,,,,841.988918366823
2024-08-11,,,,,,,,,,,,,,,,,,,,,,,,,,,,796.503621415398
