date,Date (aggregated based on UTC),Raw_Moderated_cph,Raw_Mod_Coeff_of_Var,Raw_Mod_sqrt,Corrected_Mod_cph_for_Des,SWC_Des_cm3_cm3,Corrected_Mod_cph_for_UTS,SWC_UTS_cm3_cm3,Rhov_g_cm3,BaroPress_mb,SWC_5,WeightedTDR_SWC,WeightedTDR_SD,WeightedTDR_SE,sT_5,PRISM_ppt_mm,BaroPress,airRH,airT,date,CRNS,Bare
2023-07-01,2023-07-01,5912.565217391304,0.0091968031579793,108.74007864421232,2648.2932209470755,0.0493814375288594,2549.836598620285,0.0585406759510869,7.147854490151672e-06,796.1217391304348,0.0393695652173913,0.0393695652173913,0.0,0.0,18.68478260869565,,796.1217391304348,69.16956521739131,13.343478260869563,2023-07-01,0.0585406759510869,952.9293602007805
2023-07-02,2023-07-02,6051.0625,0.009091196917764,110.0052707626108,2682.5672029018383,0.043855241259804,2587.318024016228,0.0534578959147135,6.820093322218658e-06,795.1750000000001,0.0403125,0.0403125,0.0013335111579985,0.0009429347826086,20.50208333333333,0.0,795.1750000000001,55.56458333333333,16.310416666666665,2023-07-02,0.0534578959147135,942.5832374021205
2023-07-03,2023-07-03,6143.354166666667,0.0090223533400166,110.84222535062167,2710.8225645706043,0.0394586941186922,2623.7647263575827,0.0487340291341145,6.147857476562307e-06,794.3458333333333,0.0394791666666666,0.0394791666666666,0.0001549998560209,0.0001096014492753,21.570833333333336,0.0,794.3458333333333,47.93541666666667,17.575,2023-07-03,0.0487340291341145,944.1247911270029
2023-07-04,2023-07-04,6183.916666666667,0.0089929332790915,111.206647835133,2698.97910160564,0.0413392098877109,2606.9603498935166,0.050909678141276,6.53830537093703e-06,792.6958333333333,0.0381666666666666,0.0381666666666666,0.0017011554445937,0.0012028985507246,21.360416666666666,0.0,792.6958333333333,43.833333333333336,18.416666666666668,2023-07-04,0.050909678141276,941.5281885238943
2023-07-05,2023-07-05,6223.3125,0.0089645019605854,111.5599790008648,2725.6914442708003,0.0373156435704663,2625.5008475015125,0.0485394795735677,7.064919101925945e-06,792.7687500000001,0.0370208333333333,0.0370208333333333,0.0033216084848129,0.0023487318840579,20.697916666666668,0.1545,792.7687500000001,49.77708333333334,17.929166666666667,2023-07-05,0.0485394795735677,944.690449951784
2023-07-06,2023-07-06,6288.0,0.0089195011622433,112.13305960086927,2732.3115094666096,0.0363768867719305,2635.5931628993344,0.0474014282226562,6.809595815773e-06,792.5083333333333,0.0367916666666666,0.0367916666666666,0.0036456990928567,0.0025778985507246,21.085416666666667,0.0,792.5083333333333,53.42291666666667,17.10625,2023-07-06,0.0474014282226562,946.0638766550859
2023-07-07,2023-07-07,6437.375,0.0088144851537575,113.46114993295905,2735.4074295878577,0.0358590271853737,2659.0772457847875,0.0445175170898437,5.325219802171235e-06,790.7770833333334,0.0362083333333333,0.0362083333333333,0.004470657004241,0.0031612318840579,21.93125,0.0,790.7770833333334,42.79791666666667,17.416666666666668,2023-07-07,0.0445175170898437,946.4973257997841
2023-07-08,2023-07-08,6468.5,0.0087930914846541,113.73583012380412,2749.1039800814056,0.0338779087786476,2663.655608485967,0.0439478556315104,5.945158604446809e-06,790.1020833333333,0.0353958333333333,0.0353958333333333,0.0056197055236691,0.0039737318840579,22.75,0.0,790.1020833333333,44.84791666666666,17.849999999999998,2023-07-08,0.0439478556315104,949.6581325683692
2023-07-09,2023-07-09,6465.854166666667,0.0087947499674742,113.71317366759916,2777.1076224026115,0.029986187801486,2708.510455346564,0.0389137268066406,4.692760227347172e-06,792.2583333333333,0.0347291666666666,0.0347291666666666,0.0065625145652512,0.0046403985507246,22.37291666666667,0.0,792.2583333333333,38.110416666666666,16.916666666666668,2023-07-09,0.0389137268066406,948.3982807133185
2023-07-10,2023-07-10,6441.270833333333,0.0088113598655484,113.49747372666002,2787.968117184399,0.0285358340519241,2708.8367877438955,0.0389175415039062,5.415031422270251e-06,793.3354166666667,0.0338125,0.0338125,0.0078588769974265,0.0055570652173913,22.65833333333333,0.0,793.3354166666667,40.40833333333333,17.872916666666665,2023-07-10,0.0389175415039062,953.1152279169287
2023-07-11,2023-07-11,6377.395833333333,0.0088552222211732,112.9339817527035,2791.611905248062,0.0280432334482341,2704.380465834816,0.0393727620442708,5.975401605449897e-06,794.3333333333334,0.0332916666666666,0.0332916666666666,0.0085954465611625,0.0060778985507246,22.90416666666667,0.0,794.3333333333334,42.7125,18.93958333333333,2023-07-11,0.0393727620442708,951.9746749303409
2023-07-12,2023-07-12,6363.375,0.0088650731432056,112.80933867780308,2796.744007802732,0.0273589645387909,2693.360206473649,0.040631612141927,7.1172185703162775e-06,794.1395833333332,0.0327916666666666,0.0327916666666666,0.0093025533423491,0.0065778985507246,23.48125,0.0,794.1395833333332,44.98541666666667,19.85833333333333,2023-07-12,0.040631612141927,953.7471719909639
2023-07-13,2023-07-13,6490.083333333333,0.0087778868743212,113.9278937975127,2809.644554137159,0.0256502418607517,2709.763265937416,0.0387827555338541,6.826823189916173e-06,793.46875,0.0324791666666666,0.0324791666666666,0.0097444950805907,0.0068903985507246,24.089583333333334,0.0,793.46875,44.3125,19.875,2023-07-13,0.0387827555338541,952.748702878334
2023-07-14,2023-07-14,6534.979166666667,0.0087477031862599,114.32118777510853,2796.98515056087,0.0272734917798532,2708.928728260156,0.0388412475585937,6.0235641403571575e-06,793.9,0.0319583333333333,0.0319583333333333,0.0104810646443266,0.0074112318840579,24.43541666666667,0.0,793.9,40.927083333333336,19.672916666666666,2023-07-14,0.0388412475585937,950.1127526922272
2023-07-15,2023-07-15,6407.9375,0.0088350992476493,113.19977487491752,2825.1421535387817,0.023689225833288,2751.732017152284,0.0344441731770833,4.943626240186849e-06,795.975,0.0308333333333333,0.0308333333333333,0.0120720549019964,0.0085362318840579,23.8375,0.0,795.975,36.70208333333333,17.66875,2023-07-15,0.0344441731770833,955.508115203828
2023-07-16,2023-07-16,6322.458333333333,0.008893863516704,112.44543320414324,2833.0120041490995,0.0226646225074547,2753.959434016391,0.034192403157552,5.318570260787273e-06,797.4562500000001,0.0300416666666666,0.0300416666666666,0.0131916406388751,0.0093278985507246,24.05625,0.0,797.4562500000001,40.458333333333336,18.241666666666667,2023-07-16,0.034192403157552,954.3141077760803
2023-07-17,2023-07-17,6251.229166666667,0.0089443551956277,111.8103576801633,2822.267474179766,0.0239969104900669,2735.502289311913,0.0360361735026041,5.874536482579872e-06,796.7645833333332,0.0296666666666666,0.0296666666666666,0.013721970724765,0.0097028985507246,24.7125,0.0,796.7645833333332,40.3625,19.95,2023-07-17,0.0360361735026041,957.2458911293762
2023-07-19,2023-07-19,6181.708333333333,0.0089943454116668,111.18759491966992,2808.131369449404,0.0259532976583915,2680.248692601199,0.0421498616536458,8.837982030084521e-06,797.3375,0.0291875,0.0291875,0.0143996147234021,0.0101820652173913,25.15625,0.0,797.3375,50.8125,21.175,2023-07-19,0.0421498616536458,961.1720707323998
2023-07-20,2023-07-20,5921.041666666667,0.0091941189610299,108.80269490699771,2686.9606919660955,0.0439353996314455,2552.0633647786813,0.0591354370117187,9.812181539541814e-06,797.65625,0.1081914893617021,0.1081914893617021,0.0973288985134967,0.0688219241443108,23.5625,5.2636,797.65625,61.614583333333336,19.6,2023-07-20,0.0591354370117187,1021.1161972179717
2023-07-21,2023-07-21,5892.125,0.0092143342113037,108.54563905408033,2685.736416315356,0.0435575904302027,2558.818920362296,0.0576489766438802,9.210249037988195e-06,798.0958333333333,0.128125,0.128125,0.1255191396038859,0.0887554347826087,22.18125,0.0,798.0958333333333,64.71041666666666,18.541666666666668,2023-07-21,0.0576489766438802,1006.8150691866931
2023-07-22,2023-07-22,6132.416666666667,0.0090309661664745,110.74117779752316,2731.104427012447,0.0365667694544621,2637.0458630188728,0.0472119649251302,6.610918608962833e-06,797.4958333333334,0.1100625,0.1100625,0.0999749071335219,0.0706929347826087,22.9125,0.0,797.4958333333334,47.6625,18.85625,2023-07-22,0.0472119649251302,984.9001526495557
2023-07-23,2023-07-23,6254.229166666667,0.0089423765380455,111.83649647432094,2774.8394624674806,0.0303597740061034,2690.288640995851,0.040967305501302,5.821973334318557e-06,797.1104166666668,0.0990416666666666,0.0990416666666666,0.0843890951648684,0.0596721014492753,22.98333333333333,0.0,797.1104166666668,40.95625,19.26458333333333,2023-07-23,0.040967305501302,977.2844178562759
2023-07-24,2023-07-24,6207.145833333333,0.0089758087481399,111.41648370275615,2800.1151843424427,0.0269082929742158,2696.716587433074,0.0401878356933593,7.099145723468981e-06,798.1854166666667,0.0919375,0.0919375,0.0743422863155095,0.0525679347826086,22.82708333333333,0.0,798.1854166666667,47.239583333333336,19.822916666666668,2023-07-24,0.0401878356933593,981.856629334473
2023-07-25,2023-07-25,6210.541666666667,0.0089734564093872,111.446542993419,2805.004757999159,0.026267019992796,2696.72405027362,0.0402145385742187,7.437147304850905e-06,797.90625,0.0867916666666666,0.0867916666666666,0.067064979025798,0.0474221014492753,22.95,0.0,797.90625,44.09791666666666,20.76458333333333,2023-07-25,0.0402145385742187,964.4907633656768
2023-07-26,2023-07-26,6146.083333333333,0.0090205467222815,110.8660275086361,2794.11844315943,0.0278208135697823,2685.846319125899,0.041540781656901,7.468493781271964e-06,797.9625,0.0818125,0.0818125,0.0600233739964819,0.0424429347826086,22.102083333333336,0.4466,797.9625,47.26458333333333,20.097916666666663,2023-07-26,0.041540781656901,963.2266357457966
2023-07-27,2023-07-27,6133.166666666667,0.0090299349309545,110.74990155127244,2789.8785950662927,0.0282495591916711,2667.437042615343,0.0435104370117187,8.503842810346364e-06,797.0583333333334,0.0778124999999999,0.0778124999999999,0.0543665197469895,0.0384429347826086,21.4625,0.5096,797.0583333333334,60.20625,18.258333333333333,2023-07-27,0.0435104370117187,962.1991075906502
2023-07-28,2023-07-28,6175.9375,0.0089987737173645,111.134751786308,2776.0055333548776,0.0302257521061101,2668.3720700230765,0.043487548828125,7.474325847962027e-06,796.6374999999999,0.0749583333333333,0.0749583333333333,0.0503301185377164,0.035588768115942,21.960416666666664,0.0,796.6374999999999,44.14166666666667,21.079166666666666,2023-07-28,0.043487548828125,958.2569071395172
2023-07-29,2023-07-29,6200.625,0.0089809863583303,111.35602672339895,2810.8301496315544,0.0255078718308903,2705.2770168335624,0.0392735799153645,7.2251341019288195e-06,797.85,0.07225,0.07225,0.0464999568062892,0.0328804347826086,22.214583333333334,0.0321,797.85,49.22916666666666,19.416666666666668,2023-07-29,0.0392735799153645,963.4355164768458
2023-07-30,2023-07-30,6136.291666666667,0.0090275113178797,110.77862624048667,2793.5635996540173,0.0277590636828314,2676.8318443343524,0.0424054463704427,8.074611848168724e-06,798.1583333333333,0.0695208333333333,0.0695208333333333,0.0426403322923126,0.030151268115942,22.9125,0.0,798.1583333333333,44.62708333333333,21.62291666666667,2023-07-30,0.0424054463704427,959.6928521028752
2023-07-31,2023-07-31,6105.104166666667,0.0090520479126309,110.4907227173763,2771.4486797033765,0.0310417508189115,2631.936044202764,0.0482215881347656,9.85203108988955e-06,797.6,0.0656875,0.0656875,0.0372191803032158,0.0263179347826086,21.860416666666666,0.96519995,797.6,63.0875,18.82708333333333,2023-07-31,0.0482215881347656,1003.173618151994
2023-08-01,2023-08-01,5614.479166666667,0.0094381587574744,105.96213605881542,2578.186039398292,0.0616856217870062,2425.523091385221,0.0781885782877604,1.1651217664825087e-05,797.2020833333332,0.0723125,0.0723125,0.0465883451539375,0.0329429347826086,21.13958333333333,2.6088998,797.2020833333332,77.92083333333333,18.12708333333333,2023-08-01,0.0781885782877604,1038.8868846582309
2023-08-02,2023-08-02,5104.8125,0.0099046052835941,101.01584237951742,2395.775743452999,0.1023123353399303,2259.599121859664,0.1141459147135416,1.117332138808455e-05,796.9729166666666,0.2106170212765957,0.2106170212765958,0.2421804748808176,0.1712474560592045,21.216666666666665,8.8383,796.9729166666666,76.62083333333334,18.13125,2023-08-02,0.1141459147135416,1029.3707143999568
2023-08-03,2023-08-03,4845.25,0.0101014943422256,99.03292556242909,2261.6972818840973,0.1402221718579086,2141.521690408905,0.1463071133228058,1.0406499897378456e-05,796.2041666666668,0.24825,0.24825,0.295401543783954,0.2088804347826086,20.964583333333334,13.4688,796.2041666666668,76.60000000000001,16.822916666666668,2023-08-03,0.1463071133228058,1019.9274798804746
2023-08-04,2023-08-04,4966.229166666667,0.0100362031737093,99.65422446572585,2269.331960326413,0.1372276868636215,2173.0738505878912,0.1361719767252604,8.214360339013632e-06,795.7541666666666,0.2254374999999999,0.2254374999999999,0.2631397968923177,0.1860679347826087,19.66875,1.4441,795.7541666666666,63.40625,16.664583333333333,2023-08-04,0.1361719767252604,1011.8522787015514
2023-08-05,2023-08-05,5070.375,0.009931529622524,100.69733511627724,2342.154270141246,0.1149109610009522,2247.1132250977066,0.1156018575032552,7.836180636680341e-06,795.7854166666666,0.1885,0.1885,0.2109022834321615,0.1491304347826086,20.175,0.0,795.7854166666666,57.25208333333333,17.5,2023-08-05,0.1156018575032552,1010.5568878479706
2023-08-06,2023-08-06,5207.604166666667,0.0098007060489485,102.04774723362604,2408.2660997282724,0.0976472415019326,2311.874281530276,0.1005668640136718,7.732076331474578e-06,795.3020833333334,0.1614791666666666,0.1614791666666666,0.1726890544655385,0.1221096014492753,20.347916666666663,0.0,795.3020833333334,59.76458333333333,17.020833333333332,2023-08-06,0.1005668640136718,1012.6809629569093
2023-08-07,2023-08-07,5387.833333333333,0.0096351696237993,103.79939260077528,2475.10637033248,0.0821991705364994,2387.6146106319416,0.0851847330729166,6.7983401428830114e-06,795.2083333333334,0.1409375,0.1409375,0.1436387508717912,0.1015679347826086,20.808333333333334,0.0,795.2083333333334,51.00208333333333,17.522916666666667,2023-08-07,0.0851847330729166,1006.0710942599918
2023-08-08,2023-08-08,5607.479166666667,0.0094461917171475,105.88797885248256,2523.585813226258,0.0723969822799826,2447.4061386217377,0.0748163859049479,5.77954143532007e-06,793.4979166666667,0.124,0.124,0.1196855086590969,0.0846304347826086,20.28333333333333,0.0,793.4979166666667,49.29583333333333,16.1375,2023-08-08,0.0748163859049479,999.4829018339292
2023-08-09,2023-08-09,5711.583333333333,0.0093582001831801,106.87219404847406,2557.88079250311,0.0655024931292733,2483.361342367852,0.06866455078125,5.562097971477796e-06,792.8541666666666,0.1114583333333333,0.1114583333333333,0.1019489135643343,0.072088768115942,20.01875,0.0,792.8541666666666,46.47083333333333,15.6,2023-08-09,0.06866455078125,996.1320352125355
2023-08-10,2023-08-10,5851.125,0.0092447376135967,108.17450327370726,2590.4478166602657,0.0592725213492875,2505.300948901829,0.0650431315104166,6.293926036281876e-06,792.5520833333334,0.1026458333333333,0.1026458333333333,0.0894861565459214,0.063276268115942,20.941666666666663,0.0,792.5520833333334,48.39375,16.739583333333332,2023-08-10,0.0650431315104166,996.7033632055449
2023-08-11,2023-08-11,5661.916666666667,0.0093982286062479,106.41000792930338,2553.833300517917,0.0660459082965543,2438.4084897761863,0.0758514404296875,8.76815471087824e-06,794.6750000000001,0.0954791666666666,0.0954791666666666,0.0793509593489142,0.0561096014492753,20.57708333333333,0.9981,794.6750000000001,71.60208333333334,15.620833333333332,2023-08-11,0.0758514404296875,998.4107884432415
2023-08-12,2023-08-12,5788.458333333333,0.0092948764585349,107.5927645595434,2600.041309222389,0.0575495102282613,2480.102061851108,0.0689570109049479,8.956224703936524e-06,795.3562499999999,0.0903958333333333,0.0903958333333333,0.072162040406851,0.051026268115942,21.24375,0.0,795.3562499999999,64.03750000000001,17.464583333333334,2023-08-12,0.0689570109049479,976.8012422165757
2023-08-13,2023-08-13,5937.729166666667,0.0091777049501872,108.96961287355371,2646.075380627277,0.0498045427898808,2538.2210449934832,0.060302734375,7.87220357879947e-06,795.7083333333334,0.0861458333333333,0.0861458333333333,0.0661516327667653,0.046776268115942,21.45,0.44239998,795.7083333333334,61.65416666666667,16.797916666666666,2023-08-13,0.060302734375,982.0625043177796
2023-08-14,2023-08-14,5959.645833333333,0.0091606330565569,109.17124677262788,2673.936373281488,0.0451950025416821,2583.3862728855124,0.053955078125,6.491464116344744e-06,797.8375,0.0815208333333333,0.0815208333333333,0.0596108950407898,0.042151268115942,22.05,0.0,797.8375,49.68541666666667,17.34375,2023-08-14,0.053955078125,970.9956764181096
2023-08-15,2023-08-15,5940.479166666667,0.009175728040754,108.99426164520172,2702.429450449603,0.0407606374128164,2602.820969988445,0.0513916015625,7.087876789757441e-06,799.5520833333334,0.0772916666666666,0.0772916666666666,0.0536299501832536,0.0379221014492753,22.62291666666667,0.0,799.5520833333334,50.8875,18.366666666666667,2023-08-15,0.0513916015625,966.1196698818366
2023-08-16,2023-08-16,6062.541666666667,0.0090825800441372,110.1095793992362,2715.254930404139,0.0387733767275128,2606.156565594357,0.050916035970052,7.753533904947099e-06,797.7229166666666,0.0729375,0.0729374999999999,0.0474722286304207,0.0335679347826086,23.183333333333334,0.0,797.7229166666666,50.61666666666667,19.4,2023-08-16,0.050916035970052,964.9382684341645
2023-08-17,2023-08-17,6137.770833333333,0.0090270814668074,110.78927438311904,2734.031201387053,0.0361800278690018,2616.136940342868,0.0497970581054687,8.345040499103563e-06,796.3666666666667,0.0681875,0.0681875,0.0407547142091485,0.0288179347826086,22.729166666666668,2.0242999,796.3666666666667,55.67083333333333,19.035416666666663,2023-08-17,0.0497970581054687,967.1582610848118
2023-08-18,2023-08-18,6192.166666666667,0.0089866265978099,111.2820982576143,2752.0965329717874,0.0334623378139291,2623.9481986376763,0.048712412516276,9.04557252624562e-06,795.4520833333332,0.0637083333333333,0.0637083333333333,0.034420215961019,0.024338768115942,22.89583333333333,0.0,795.4520833333332,55.00416666666666,19.741666666666667,2023-08-18,0.048712412516276,966.9205178614949
2023-08-19,2023-08-19,6151.541666666667,0.0090163726133542,110.91595862512332,2758.470946104322,0.0326465341034377,2632.6594892087164,0.0477155049641927,8.851404646691297e-06,795.7875,0.0602083333333333,0.0602083333333333,0.0294704684927132,0.020838768115942,22.7125,1.3998,795.7875,60.58125,18.660416666666663,2023-08-19,0.0477155049641927,959.5290276346799
2023-08-20,2023-08-20,6243.791666666667,0.0089496900167347,111.74379249424778,2800.612940836776,0.0267982874284863,2701.218196122384,0.0397262573242187,6.82794584937565e-06,795.6437500000001,0.0570208333333333,0.0570208333333333,0.024962662762649,0.017651268115942,23.47083333333333,0.0,795.6437500000001,47.16041666666666,20.397916666666667,2023-08-20,0.0397262573242187,971.8848939730146
2023-08-21,2023-08-21,6240.3125,0.0089522722475415,111.71231484047968,2820.071576187101,0.0242695909621343,2733.422113856906,0.0362726847330729,5.876534833324658e-06,797.3833333333333,0.0530416666666666,0.0530416666666666,0.019335271295706,0.0136721014492753,23.575,0.0,797.3833333333333,37.31666666666667,20.289583333333333,2023-08-21,0.0362726847330729,964.6660186514982
2023-08-22,2023-08-22,6164.5625,0.0090070189572977,111.0325632552626,2811.9306520736845,0.0253514017143776,2706.720198630326,0.0391324361165364,7.205652662503173e-06,798.2687500000001,0.0490208333333333,0.0490208333333333,0.0136489542636642,0.009651268115942,23.15625,0.0,798.2687500000001,47.27708333333334,18.729166666666668,2023-08-22,0.0391324361165364,968.4239492894391
2023-08-23,2023-08-23,6112.3125,0.0090456715781516,110.56004178879824,2805.1805239632827,0.0262157866825385,2679.08339962553,0.0421613057454427,8.716660395697899e-06,798.0854166666667,0.0469791666666666,0.0469791666666666,0.0107616015738191,0.0076096014492753,22.379166666666663,1.3848,798.0854166666667,61.31666666666666,17.954166666666666,2023-08-23,0.0421613057454427,1008.8140943947704
2023-08-24,2023-08-24,5575.375,0.0094737951823789,105.58274288065292,2550.18142357756,0.0670728106679741,2407.726366859813,0.0816548665364583,1.0966264137225718e-05,796.4979166666667,0.0628958333333333,0.0628958333333333,0.0332711674415909,0.023526268115942,22.0,7.4880996,796.4979166666667,80.44791666666667,17.122916666666665,2023-08-24,0.0816548665364583,1050.5650148891025
2023-08-25,2023-08-25,5431.125,0.0095962324136677,104.2172659244746,2503.043389299956,0.0763261821533498,2349.236509307406,0.0926526387532552,1.2124081679166458e-05,797.30625,0.0755,0.0755,0.0510961508840018,0.0361304347826086,20.5625,6.2935,797.30625,91.8875,15.604166666666666,2023-08-25,0.0926526387532552,1055.4511777038244
2023-08-26,2023-08-26,5369.020833333333,0.0096523340652387,103.6169369683635,2485.8039765390517,0.0799615001642933,2347.2337717645178,0.0931269327799479,1.0941355054125075e-05,797.9541666666668,0.0839375,0.0839375,0.0630285778165248,0.0445679347826086,20.964583333333334,5.8339,797.9541666666668,79.65416666666667,17.116666666666667,2023-08-26,0.0931269327799479,1037.0866080172752
2023-08-27,2023-08-27,5589.041666666667,0.0094607980149972,105.71737063038825,2561.940798124815,0.0647866263666805,2433.493786505965,0.076971689860026,9.778238743025133e-06,797.7416666666667,0.0852499999999999,0.0852499999999999,0.0648847331171394,0.0458804347826086,22.227083333333336,2.9929,797.7416666666667,67.95416666666667,18.2125,2023-08-27,0.076971689860026,1022.8946789350911
2023-08-28,2023-08-28,5811.125,0.0092774292406496,107.80051333185033,2636.937249432512,0.0514059149053574,2518.672388194472,0.0633773803710937,8.717931829627369e-06,797.1520833333334,0.0810416666666666,0.0810416666666666,0.0589332510421527,0.0416721014492753,22.53333333333333,0.4012,797.1520833333334,58.00625,19.03125,2023-08-28,0.0633773803710937,1013.1435621715469
2023-08-29,2023-08-29,5833.625,0.009259463743692,108.00921875834574,2667.652844673897,0.0462282376351006,2568.85853829025,0.0559781392415364,7.130962620486578e-06,798.4729166666666,0.0763541666666666,0.0763541666666666,0.0523041249685288,0.0369846014492753,21.79583333333333,0.0534,798.4729166666666,59.06875,16.316666666666666,2023-08-29,0.0559781392415364,999.6861842087045
2023-08-30,2023-08-30,6092.0,0.0090600306837596,110.37907505368032,2715.0812642628257,0.0388593934321135,2625.625800748309,0.048535664876302,6.312416593991806e-06,795.8770833333333,0.0714375,0.0714375,0.0453509082868611,0.0320679347826087,21.49791666666667,0.0,795.8770833333333,50.62916666666666,16.618750000000002,2023-08-30,0.048535664876302,986.361333178147
2023-08-31,2023-08-31,6299.916666666667,0.008909660298771,112.24521669892124,2754.9972580745502,0.0331141130219599,2666.6693099064687,0.0436592102050781,6.137137286971873e-06,793.05625,0.0674375,0.0674375,0.0396940540373687,0.0280679347826086,21.791666666666668,0.0,793.05625,45.38958333333333,18.370833333333334,2023-08-31,0.0436592102050781,985.5087217908844
2023-09-01,2023-09-01,6310.125,0.0089022534285769,112.3369601876602,2761.7521715606013,0.0320936092423481,2668.209085297165,0.0434226989746093,6.500500582286447e-06,793.5729166666666,0.0638958333333333,0.0638958333333333,0.034685381003964,0.024526268115942,21.90625,0.0,793.5729166666666,47.00833333333333,17.339583333333334,2023-09-01,0.0434226989746093,986.8201446669241
2023-09-02,2023-09-02,6057.645833333333,0.0090862316915126,110.06519700248214,2715.5601247300506,0.0387862425211011,2604.2657531132186,0.0512135823567708,7.914628320529926e-06,796.6083333333332,0.060375,0.060375,0.0297061707531087,0.0210054347826086,21.195833333333333,0.0,796.6083333333332,58.458333333333336,16.977083333333333,2023-09-02,0.0512135823567708,972.6654332105776
2023-09-03,2023-09-03,6017.416666666667,0.0091167074580693,109.6985009077684,2715.1807133087755,0.038853135290464,2591.957532808779,0.0528348286946614,8.807564957674918e-06,795.8083333333334,0.0573124999999999,0.0573124999999999,0.0253751417183411,0.0179429347826086,20.5375,0.0,795.8083333333334,67.03750000000001,16.079166666666666,2023-09-03,0.0528348286946614,989.6255019649083
2023-09-04,2023-09-04,6343.6875,0.0088792100538114,112.63304949188957,2718.3830532652296,0.0383250513382795,2609.686371537435,0.0505002339680989,7.721679038837184e-06,789.4020833333334,0.0546875,0.0546875,0.0216628311171117,0.0153179347826086,19.70208333333333,1.3239,789.4020833333334,63.91041666666666,15.08125,2023-09-04,0.0505002339680989,983.4072875378524
2023-09-05,2023-09-05,6332.520833333333,0.008886648275074,112.53550086340334,2740.8201798918494,0.0351659842713787,2650.644615338871,0.0455818176269531,6.3061346953032605e-06,792.5833333333334,0.0530833333333333,0.0530833333333333,0.0193941968608049,0.013713768115942,19.591666666666665,0.0,792.5833333333334,61.6375,13.339583333333332,2023-09-05,0.0455818176269531,973.6445441380873
2023-09-06,2023-09-06,6281.4375,0.0089226377426465,112.0809731657646,2736.004933040362,0.0357886801762009,2664.2704823349827,0.0438880920410156,4.988929370738958e-06,795.1020833333333,0.0512291666666666,0.0512291666666666,0.0167720092139048,0.0118596014492753,20.475,0.0,795.1020833333333,46.92291666666667,14.75625,2023-09-06,0.0438880920410156,978.2689062259716
2023-09-07,2023-09-07,6279.083333333333,0.0089242068696682,112.06040325933684,2724.800850018973,0.0373895592461584,2657.3487967060505,0.0446726481119791,4.702543232949734e-06,795.4354166666667,0.0483333333333333,0.0483333333333333,0.0126766824395327,0.008963768115942,21.01875,0.0,795.4354166666667,40.516666666666666,15.595833333333331,2023-09-07,0.0446726481119791,968.8478949615973
2023-09-08,2023-09-08,6256.770833333333,0.0089404154782541,111.85983016605788,2752.506616790999,0.0334194887484704,2689.705281837188,0.0409901936848958,4.325295738746971e-06,797.5437499999999,0.0450833333333333,0.0450833333333333,0.0080804883618201,0.005713768115942,20.916666666666668,0.0,797.5437499999999,41.2875,14.570833333333333,2023-09-08,0.0409901936848958,962.9491779488493
2023-09-09,2023-09-09,6246.770833333333,0.0089471256338105,111.77225775779895,2765.116249805571,0.0316199871932594,2702.4578896754438,0.0395444234212239,4.293946096127672e-06,798.61875,0.0423958333333333,0.0423958333333333,0.0042797894129424,0.003026268115942,20.729166666666668,0.0,798.61875,40.625,14.347916666666668,2023-09-09,0.0395444234212239,964.7223110854158
2023-09-10,2023-09-10,6237.770833333333,0.008953980792811,111.6900292173936,2765.636889521899,0.0316011201368493,2679.566283088526,0.0421778361002604,5.954326177735975e-06,796.8229166666666,0.040125,0.040125,0.0010683461150535,0.0007554347826086,20.7625,0.0,796.8229166666666,45.85,15.7625,2023-09-10,0.0421778361002604,964.4017750717845
2023-09-11,2023-09-11,6099.229166666667,0.0090569453947287,110.43524328958618,2715.006753719706,0.0389848383422209,2602.636113697609,0.051678975423177,8.02129294422222e-06,795.9499999999999,0.039,0.039,0.0005226441426161,0.0003695652173913,20.466666666666665,3.2826998,795.9499999999999,68.94375000000001,14.91875,2023-09-11,0.051678975423177,982.6629388758615
2023-09-12,2023-09-12,6259.083333333333,0.0089390415127266,111.87933534157295,2739.187595940894,0.0354423190826929,2656.700943530751,0.0448557535807291,5.749074488546673e-06,794.4791666666666,0.0390416666666666,0.0390416666666666,0.0004637185775172,0.0003278985507246,19.74375,0.7152,794.4791666666666,60.40416666666667,12.439583333333331,2023-09-12,0.0448557535807291,952.0398749018232
2023-09-13,2023-09-13,6340.229166666667,0.0088812351440708,112.60400693903576,2772.617768404677,0.0306512118267343,2681.172935763763,0.041961669921875,6.318538894485998e-06,792.5166666666668,0.0380625,0.0380625,0.0018484693573409,0.0013070652173913,19.6,0.0,792.5166666666668,58.60208333333333,12.666666666666666,2023-09-13,0.041961669921875,964.915683189959
2023-09-14,2023-09-14,6271.916666666667,0.0089292140229634,111.99681444799972,2761.060717058234,0.0322356489527967,2657.560174708724,0.0446790059407552,7.212866752625911e-06,793.2666666666668,0.0362708333333333,0.0362708333333333,0.0043822686565927,0.0030987318840579,17.225,1.806,793.2666666666668,75.48541666666667,10.70625,2023-09-14,0.0446790059407552,999.2658702501681
2023-09-15,2023-09-15,5722.1875,0.0093485941055785,106.9749145940012,2551.984279042266,0.0664642739282937,2437.071474485449,0.0761439005533854,8.734030216662891e-06,795.5416666666666,0.0375,0.0375,0.0026439644861757,0.0018695652173913,16.8,6.9926,795.5416666666666,90.72083333333336,10.660416666666666,2023-09-15,0.0761439005533854,1043.501422145937
2023-09-16,2023-09-16,5379.0625,0.0096429857621035,103.7150038376408,2422.9481619233065,0.0940806914897694,2336.2186494871626,0.0952669779459635,6.879716029282885e-06,798.0083333333333,0.0806875,0.0806875,0.0584323837388122,0.0413179347826087,15.583333333333334,2.5877,798.0083333333333,80.94791666666667,9.677083333333334,2023-09-16,0.0952669779459635,1030.6135301246395
2023-09-17,2023-09-17,5577.875,0.0094689528435907,105.61660638688808,2494.4250924539638,0.0779620775659062,2420.81983827232,0.0789515177408854,5.63394675934044e-06,797.4666666666667,0.0934999999999999,0.0934999999999999,0.0765519950067175,0.0541304347826086,16.602083333333333,0.0,797.4666666666667,63.58541666666667,11.091666666666669,2023-09-17,0.0789515177408854,1012.3830492303294
2023-09-18,2023-09-18,5666.729166666667,0.0093953166476867,106.45119313814143,2552.764069604404,0.0663908732727106,2466.9796517488758,0.0712114969889323,6.44423661365344e-06,795.3479166666666,0.0881041666666666,0.0881041666666666,0.0689211343264127,0.0487346014492753,16.14375,0.0,795.3479166666666,68.875,10.720833333333331,2023-09-18,0.0712114969889323,1014.9642763569117
2023-09-19,2023-09-19,5476.604166666667,0.0095570479213614,104.6500186581066,2480.3174728009217,0.0813880767955731,2386.0524808421005,0.0856335957845052,7.315076543707598e-06,793.4895833333334,0.08275,0.08275,0.0613491992112067,0.0433804347826086,14.395833333333334,3.8342998,793.4895833333334,81.02291666666666,9.985416666666667,2023-09-19,0.0856335957845052,1013.4950547312123
2023-09-20,2023-09-20,5615.270833333333,0.0094391373923956,105.9633686908473,2511.4707527899245,0.0745236472490871,2434.81128784888,0.0766398111979166,5.840466060823599e-06,792.1208333333334,0.0796666666666666,0.0796666666666666,0.0569887073938897,0.0402971014492753,14.075,0.024899999,792.1208333333334,70.44166666666666,10.125,2023-09-20,0.0766398111979166,1013.197418570751
2023-09-21,2023-09-21,5788.5625,0.0092969651307807,107.58545649078184,2541.128041776712,0.0687027188438917,2463.0556718253324,0.0720113118489583,5.885864986647206e-06,789.9458333333333,0.0785416666666666,0.0785416666666666,0.0553977171362199,0.0391721014492753,16.8875,1.847,789.9458333333333,54.325,13.6875,2023-09-21,0.0720113118489583,1032.7366561964084
2023-09-22,2023-09-22,5946.916666666667,0.0091703894007546,109.05476162820646,2580.9230376296505,0.0609475250710323,2523.9075138198773,0.0622609456380208,4.191481904237111e-06,790.3645833333334,0.077,0.077,0.0532174712275614,0.0376304347826086,16.472916666666666,0.4425,790.3645833333334,46.708333333333336,11.854166666666666,2023-09-22,0.0622609456380208,1008.1462454404663
2023-09-23,2023-09-23,5973.541666666667,0.0091502989812333,109.29715610481404,2612.660131427235,0.0554044886887043,2559.07671631216,0.057324727376302,3.882666571757725e-06,792.8479166666666,0.0740833333333333,0.0740833333333333,0.0490926816706399,0.034713768115942,16.29375,0.0,792.8479166666666,43.21458333333334,11.33125,2023-09-23,0.057324727376302,998.992264046016
2023-09-24,2023-09-24,6057.395833333333,0.0090862761941531,110.06350875331349,2649.4493096204164,0.0491051209013231,2599.405435721191,0.0518430074055989,3.56903873435352e-06,794.80625,0.0698958333333333,0.0698958333333333,0.0431706623782026,0.030526268115942,15.491666666666667,0.0,794.80625,48.90833333333333,8.804166666666667,2023-09-24,0.0518430074055989,979.2953760852976
2023-09-25,2023-09-25,5796.395833333333,0.0092900057501038,107.66064748219468,2683.588317337996,0.0437130770857447,2631.925881924996,0.0477752685546875,3.633843257189115e-06,798.0375,0.0664583333333333,0.0664583333333333,0.038309303257545,0.027088768115942,15.377083333333331,0.0,798.0375,48.06666666666666,9.291666666666666,2023-09-25,0.0477752685546875,979.1580908245222
2023-09-26,2023-09-26,5866.6875,0.0092328811076406,108.31665355359358,2679.4375632711685,0.0443388473967292,2622.687899864641,0.0489095052083333,4.007651861197958e-06,797.3145833333333,0.0632916666666666,0.0632916666666666,0.0338309603100303,0.0239221014492753,15.702083333333334,0.0,797.3145833333333,47.46666666666667,10.895833333333334,2023-09-26,0.0489095052083333,967.7523140762842
2023-09-27,2023-09-27,6042.458333333333,0.0090979463975817,109.92590085488534,2714.82592526554,0.0389336370792405,2650.8854555347766,0.045483907063802,4.466464100057537e-06,794.9875000000001,0.060875,0.060875,0.0304132775342953,0.0215054347826086,16.256249999999998,0.0,794.9875000000001,49.395833333333336,11.860416666666666,2023-09-27,0.045483907063802,971.4471683595762
2023-09-28,2023-09-28,6212.604166666667,0.0089728120419086,111.4614983967761,2699.6211009659023,0.0412380065968551,2638.892792693841,0.0469334920247395,4.262137384035234e-06,791.5520833333334,0.0584791666666666,0.0584791666666666,0.0270250575411097,0.0191096014492753,16.45,0.0,791.5520833333334,45.12291666666667,12.59375,2023-09-28,0.0469334920247395,971.3156408478957
2023-09-29,2023-09-29,6310.75,0.0089018433652658,112.34239496977769,2695.9128768010514,0.0418412729410464,2635.263173679871,0.047406514485677,4.262903078546393e-06,790.3395833333334,0.055375,0.055375,0.0226351029412432,0.0160054347826086,15.966666666666669,0.0,790.3395833333334,43.61875,12.18125,2023-09-29,0.047406514485677,1036.7283343770798
2023-09-30,2023-09-30,6003.520833333333,0.0091278100718421,109.56952362856366,2525.3091682644026,0.0716776045024886,2467.89948437097,0.0709648132324218,4.307492249592034e-06,789.625,0.0534791666666666,0.0534791666666666,0.0199539897292442,0.0141096014492753,14.025,0.0,789.625,46.43958333333333,12.0125,2023-09-30,0.0709648132324218,1052.2236232581802
2023-10-01,2023-10-01,6090.666666666667,0.0090613655399723,110.36559645131574,2529.984846018096,0.0707077621502842,2463.200661201952,0.0717735290527343,5.028793680223374e-06,788.0895833333334,0.0542916666666666,0.0542916666666666,0.0211030382486724,0.0149221014492753,14.691666666666668,0.0,788.0895833333334,36.87291666666667,17.037499999999998,2023-10-01,0.0717735290527343,1036.5916936541535
2023-10-02,2023-10-02,6071.291666666667,0.009075876326548,110.1896679136471,2542.9274752300907,0.0682124402433685,2465.445942287241,0.0714289347330729,5.826699648770208e-06,789.4541666666668,0.0545416666666666,0.0545416666666666,0.0214565916392656,0.0151721014492753,14.38125,0.31379998,789.4541666666668,52.61875,13.358333333333334,2023-10-02,0.0714289347330729,1046.0035100864322
2023-10-03,2023-10-03,5801.020833333333,0.0092846883858178,107.70992065116025,2443.3341167100853,0.0892542059073852,2365.423103071777,0.0893033345540364,6.1005081083543855e-06,790.1833333333334,0.053375,0.0533749999999999,0.019806675816497,0.0140054347826086,11.741666666666667,5.8363,790.1833333333334,86.82916666666667,5.833333333333333,2023-10-03,0.0893033345540364,1053.5656636937042
2023-10-04,2023-10-04,5722.458333333333,0.0093484474107782,106.9771456090739,2452.546843127084,0.0871707630002213,2386.408512097881,0.085302988688151,5.136078505474948e-06,793.1999999999999,0.0546875,0.0546875,0.0216628311171117,0.0153179347826086,12.022916666666667,1.1675999,793.1999999999999,73.12083333333334,6.833333333333333,2023-10-04,0.085302988688151,1035.1518103364324
2023-10-05,2023-10-05,5602.041666666667,0.0094488810749394,105.84377047524514,2496.2622461621427,0.0775785942611751,2434.3862861278303,0.076550801595052,4.7070006821787245e-06,797.9625,0.0561875,0.0561875,0.0237841514606714,0.0168179347826086,12.916666666666666,0.0,797.9625,66.14999999999999,7.025,2023-10-05,0.076550801595052,1030.8869612807696
2023-10-06,2023-10-06,5572.625,0.0094735961904098,105.56621050183703,2513.363366938261,0.0740808124767318,2448.686284227501,0.0741386413574218,4.8907845386108965e-06,798.6104166666668,0.0573541666666666,0.0573541666666666,0.02543406728344,0.0179846014492753,13.297916666666666,0.0,798.6104166666668,65.83958333333334,8.054166666666667,2023-10-06,0.0741386413574218,1028.0684414475097
2023-10-07,2023-10-07,5650.458333333333,0.0094081502159414,106.30079480398707,2540.7847028132846,0.0687048255148648,2480.0783406898227,0.0690790812174479,4.532807009067947e-06,798.0,0.05775,0.05775,0.0259938601518793,0.0183804347826086,13.310416666666669,0.0,798.0,59.75625,8.572916666666666,2023-10-07,0.0690790812174479,1020.9550499755286
2023-10-08,2023-10-08,5820.4375,0.0092700654263991,107.88661050409928,2562.1310233158983,0.0645835690056954,2506.3679604131707,0.0649808247884114,4.121920490629704e-06,796.2104166666667,0.0577916666666666,0.0577916666666666,0.0260527857169782,0.0184221014492753,13.510416666666666,0.0,796.2104166666667,54.88333333333333,9.183333333333334,2023-10-08,0.0649808247884114,1031.5909871641982
2023-10-09,2023-10-09,5939.208333333333,0.0091760525432505,108.98521008623248,2548.58822401575,0.0671144405260857,2491.849216034598,0.0671335856119791,4.214898747323029e-06,792.2375000000001,0.0570833333333333,0.0570833333333333,0.0250510511102973,0.017713768115942,13.464583333333332,0.0,792.2375000000001,54.48125,9.0375,2023-10-09,0.0671335856119791,1040.3622179699787
2023-10-10,2023-10-10,6151.041666666667,0.0090165425158127,110.91224955501536,2538.333927356108,0.069032121328864,2487.0473329979577,0.0678761800130208,3.82187215280076e-06,787.6333333333333,0.0555833333333333,0.0555833333333333,0.0229297307667376,0.016213768115942,12.254166666666668,0.0,787.6333333333333,50.71875,7.652083333333334,2023-10-10,0.0678761800130208,1032.1650842876895
2023-10-11,2023-10-11,6403.229166666667,0.0088381039646778,113.15927309405264,2527.613036452246,0.0714184179121312,2457.0324966900257,0.0730361938476562,5.3312125407980245e-06,780.5124999999999,0.0540416666666666,0.0540416666666666,0.0207494848580791,0.0146721014492753,11.585416666666667,0.0,780.5124999999999,63.30416666666667,8.695833333333333,2023-10-11,0.0730361938476562,1032.1816248991456
2023-10-13,2023-10-13,5097.25,0.0099055390115104,100.96309214148636,2173.309918979516,0.1711428509426956,2114.658268344603,0.1539014180501302,5.139484056073299e-06,791.06875,0.2272291666666666,0.2272291666666666,0.2656735961915696,0.1878596014492753,9.022916666666667,3.9942,791.06875,84.12916666666666,3.9270833333333335,2023-10-13,0.1539014180501302,983.9416984289743
2023-10-14,2023-10-14,5017.833333333333,0.0099832850321072,100.17459317193456,2222.9819385828664,0.1523382645114246,2170.185737586447,0.1363143920898437,4.503687671865666e-06,796.3166666666666,0.1891874999999999,0.1891874999999999,0.211874555256293,0.1498179347826086,8.90625,0.0,796.3166666666666,79.85000000000001,3.1125000000000003,2023-10-14,0.1363143920898437,986.0034177614422
2023-10-15,2023-10-15,4955.104166666667,0.0100467199032791,99.54500441406584,2250.675410831452,0.1427874067960751,2199.233233993052,0.1280911763509114,4.333183560178012e-06,800.3395833333334,0.1701041666666667,0.1701041666666666,0.1848866464410065,0.1307346014492753,9.141666666666667,0.0,800.3395833333334,71.32291666666667,5.120833333333334,2023-10-15,0.1280911763509114,982.5544410423398
2023-10-16,2023-10-16,5023.479166666667,0.0099781636458358,100.22927902263564,2265.039880213644,0.1380287896895423,2211.175400439798,0.1248105367024739,4.511280851073655e-06,800.1479166666667,0.1541666666666666,0.1541666666666666,0.1623476177906853,0.1147971014492753,9.958333333333334,0.0,800.1479166666667,64.10208333333334,7.337499999999999,2023-10-16,0.1248105367024739,983.5515181897686
2023-10-17,2023-10-17,5263.458333333333,0.0097479197796443,102.59583101877976,2294.756990664385,0.1286299265488616,2236.793466966116,0.118072509765625,4.798646552166106e-06,795.475,0.1424791666666666,0.1424791666666666,0.1458189967804497,0.1031096014492753,10.775,0.0,795.475,62.30625,8.689583333333333,2023-10-17,0.118072509765625,980.5002184348432
2023-10-18,2023-10-18,5344.916666666667,0.0096725508256039,103.38954923276708,2311.074336839793,0.1236642380546759,2257.2093217359647,0.1129404703776041,4.419188264298568e-06,795.0958333333333,0.1333125,0.1333125,0.1328553724586963,0.0939429347826086,10.970833333333331,0.0,795.0958333333333,55.38125,9.04375,2023-10-18,0.1129404703776041,984.3200763593322
2023-10-19,2023-10-19,5243.375,0.0097663072126747,102.40083466976392,2342.3041890150675,0.1149738127271095,2285.533630330106,0.1064567565917968,4.60129558462219e-06,798.3375,0.1261458333333333,0.1261458333333333,0.1227201752616891,0.086776268115942,11.191666666666668,0.0,798.3375,60.47708333333333,8.6875,2023-10-19,0.1064567565917968,982.7486093565284
2023-10-20,2023-10-20,5361.854166666667,0.0096583884604527,103.54917685455212,2399.7696247695226,0.0995920508698045,2351.805984859,0.091955820719401,3.778570275506669e-06,797.3041666666667,0.12025,0.12025,0.1143822078001978,0.0808804347826087,11.245833333333332,0.0,797.3041666666667,52.60625,8.664583333333333,2023-10-20,0.091955820719401,989.7227071288561
2023-10-21,2023-10-21,5606.270833333333,0.0094448740397787,105.8853719061878,2395.421600699793,0.1008010972804109,2350.2397976528814,0.09234619140625,3.559379691497896e-06,792.6083333333332,0.1148125,0.1148125,0.1066924215547941,0.0754429347826086,11.210416666666667,0.0,792.6083333333332,49.18125,8.464583333333334,2023-10-21,0.09234619140625,983.6107066301946
2023-10-22,2023-10-22,5786.791666666667,0.0092966892114013,107.57543434116496,2399.001949883419,0.0997900443941147,2351.697403540264,0.0919876098632812,3.726775944354724e-06,789.2041666666668,0.1097708333333333,0.1097708333333333,0.0995624281778297,0.070401268115942,11.404166666666669,0.0,789.2041666666668,49.49583333333334,8.866666666666667,2023-10-22,0.0919876098632812,975.284625422688
2023-10-23,2023-10-23,5997.3125,0.009131590220349,109.51663709487936,2453.4947730190465,0.0868998060546877,2406.232920698122,0.0815442403157552,3.636579624781286e-06,785.90625,0.10475,0.10475,0.0924618975834148,0.0653804347826086,11.502083333333331,0.0,785.90625,45.10833333333333,9.48125,2023-10-23,0.0815442403157552,986.3783925573348
2023-10-24,2023-10-24,6013.8125,0.0091190645766297,109.66713890148282,2460.401921633781,0.0853215845526762,2412.8480846095667,0.0803273518880208,3.649375478049552e-06,786.7875,0.0991666666666666,0.0991666666666666,0.084565871860165,0.0597971014492753,11.179166666666667,0.0,786.7875,48.24375,8.179166666666667,2023-10-24,0.0803273518880208,982.3003382933238
2023-10-25,2023-10-25,6011.416666666667,0.0091214963657913,109.64280018536644,2476.06558306892,0.0819301097074077,2427.040651258652,0.0778745015462239,3.7421266666252807e-06,788.5625,0.0937291666666666,0.0937291666666666,0.0768760856147613,0.0543596014492753,10.660416666666666,0.0,788.5625,53.625,7.189583333333334,2023-10-25,0.0778745015462239,974.1162703650025
2023-10-26,2023-10-26,6156.645833333333,0.0090122306594341,110.96362430147384,2489.124114283204,0.0790376289481423,2442.733302022298,0.075085957845052,3.517941123887696e-06,786.6437500000001,0.0890208333333333,0.0890208333333333,0.070217496758588,0.049651268115942,10.39375,0.0,786.6437500000001,50.14166666666667,6.547916666666667,2023-10-26,0.075085957845052,990.3003328841642
2023-10-27,2023-10-27,5457.6875,0.00957405305996,104.46732964396698,2288.858210597186,0.1313155562410707,2226.618133305547,0.1213518778483073,5.172018416600798e-06,791.1791666666667,0.0882083333333333,0.0882083333333333,0.0690684482391599,0.048838768115942,9.016666666666667,4.868,791.1791666666667,90.89166666666668,2.566666666666667,2023-10-27,0.1213518778483073,995.9964298076958
2023-10-28,2023-10-28,5312.5,0.0097066377803725,103.05918952852308,2194.646682239301,0.1657678331910038,2131.237185097881,0.1509081522623697,5.515929068736095e-06,788.1229166666667,0.1962916666666666,0.1962916666666666,0.2219213641056519,0.1569221014492753,7.966666666666666,9.599199,788.1229166666667,90.81666666666666,3.35,2023-10-28,0.1509081522623697,976.5356257776326
2023-10-31,2023-10-31,4671.375,0.0103472446831421,96.65330218828257,2099.0939748665937,0.2036454807820623,2069.8912841893366,0.1697018941243489,2.611446263377993e-06,799.3979166666667,0.2472708333333333,0.2472708333333333,0.2940167930041303,0.2079012681159419,4.370833333333334,0.0,799.3979166666667,76.42916666666666,-4.3,2023-10-31,0.1697018941243489,946.5293012622082
2023-11-01,2023-11-01,4766.979166666667,0.0102431053631724,97.636870852544,2120.173319976963,0.1937339717151564,2084.1780166910835,0.1644210815429687,3.1984650707657767e-06,797.4833333333332,0.2277608695652174,0.2277608695652174,0.266425537641853,0.188391304347826,4.380434782608695,0.0,797.4833333333332,75.97916666666667,-0.8791666666666668,2023-11-01,0.1644210815429687,941.7760417413892
2023-11-02,2023-11-02,4896.5625,0.0101059078636924,98.9574842885949,2161.2029337386684,0.1759492219615609,2121.457797859773,0.1514841715494791,3.46863362175564e-06,795.8562499999999,0.2179583333333333,0.2179583333333333,0.252562657957069,0.178588768115942,5.375,0.0,795.8562499999999,68.11874999999999,2.2875,2023-11-02,0.1514841715494791,940.2041150111339
2023-11-03,2023-11-03,4913.625,0.0100886750250551,99.12864874676,2146.4975243972563,0.182171409117973,2103.233235948657,0.1577301025390625,3.810903467072303e-06,795.8041666666667,0.2076458333333333,0.2076458333333333,0.2379785805950964,0.168276268115942,6.320833333333333,0.0,795.8041666666667,61.725,4.845833333333333,2023-11-03,0.1577301025390625,941.9149598067183
2023-11-04,2023-11-04,4949.770833333333,0.0100519130492882,99.49214387922105,2176.353484094417,0.1698571803519834,2133.562876361773,0.1476236979166666,3.716340108598728e-06,797.2229166666666,0.1985625,0.1985625,0.2251328074035408,0.1591929347826087,6.420833333333333,0.0,797.2229166666666,62.6875,4.625,2023-11-04,0.1476236979166666,944.9492139528198
2023-11-05,2023-11-05,5079.958333333333,0.009922637054021,100.79080058023102,2185.098857263717,0.1665857320703223,2146.620251238334,0.1435991923014322,3.320730725888081e-06,793.80625,0.191125,0.191125,0.2146145940333909,0.1517554347826087,6.395833333333333,0.0,793.80625,55.12916666666666,5.61875,2023-11-05,0.1435991923014322,930.2359319773288
2023-11-06,2023-11-06,5161.333333333333,0.0098432267133634,101.597917623334,2191.3900988366145,0.163770688756502,2153.658044614845,0.141143798828125,3.245690431105801e-06,789.43125,0.1853125,0.1853125,0.2063944777020973,0.1459429347826086,7.072916666666667,0.0,789.43125,38.895833333333336,9.441666666666666,2023-11-06,0.141143798828125,941.7078109992995
2023-11-07,2023-11-07,5299.4375,0.0097154355507611,102.94353112133092,2205.2289391360578,0.1591149406147935,2171.2676720006098,0.1363245646158854,2.9002469522503337e-06,786.5166666666668,0.1786666666666666,0.1786666666666666,0.1969958500688261,0.1392971014492753,7.325,0.0,786.5166666666668,35.393750000000004,9.45625,2023-11-07,0.1363245646158854,944.252510019286
2023-11-08,2023-11-08,5233.458333333333,0.0097799885603792,102.28853371049748,2214.826602435839,0.1556482947635749,2170.114244451163,0.1368026733398437,3.825205938638543e-06,787.9812499999999,0.1726041666666666,0.1726041666666667,0.1884221803469393,0.1332346014492754,7.060416666666666,0.0,787.9812499999999,61.225,5.014583333333333,2023-11-08,0.1368026733398437,947.0878113652485
2023-11-09,2023-11-09,4956.041666666667,0.0100453909234943,99.5556801984331,2200.603792957442,0.1604774953504144,2158.667612766019,0.1397921244303385,3.6010592666544515e-06,794.8979166666667,0.1786875,0.1786875,0.1970253128513755,0.1393179347826086,5.3812500000000005,1.3974,794.8979166666667,81.94583333333334,-0.9166666666666666,2023-11-09,0.1397921244303385,949.4376372825635
2023-11-10,2023-11-10,5079.958333333333,0.0099225056201397,100.79125429890644,2233.161784675264,0.1487709541692938,2204.583792032589,0.1266009012858072,2.400384329498261e-06,794.1437500000001,0.1699583333333333,0.1699583333333333,0.1846804069631603,0.1305887681159419,4.3812500000000005,0.0,794.1437500000001,66.53333333333333,-3.020833333333333,2023-11-10,0.1266009012858072,949.5429090118456
2023-11-11,2023-11-11,5120.291666666667,0.009882808277207,101.19245682606788,2254.805322903247,0.1413664312602609,2226.143212260587,0.120819091796875,2.3841812564042314e-06,794.4499999999999,0.1648958333333333,0.1648958333333333,0.1775209508036466,0.125526268115942,3.985416666666667,0.0,794.4499999999999,60.525,-1.45,2023-11-11,0.120819091796875,950.6756569086015
2023-11-12,2023-11-12,5006.020833333333,0.0099953320474379,100.05569741552462,2274.8807148952483,0.1349850052928575,2246.3332420363454,0.1157798767089843,2.352605199822046e-06,797.9291666666667,0.160375,0.160375,0.1711275269904182,0.1210054347826087,3.7291666666666665,0.0,797.9291666666667,56.09583333333333,-0.3854166666666667,2023-11-12,0.1157798767089843,960.706686042767
2023-11-13,2023-11-13,4997.208333333333,0.0100042685659376,99.96714835688276,2294.3533397616256,0.1289579251380659,2264.8583219393163,0.1112963358561198,2.411343853571224e-06,797.7687500000001,0.1566458333333333,0.1566458333333333,0.1658536889140686,0.117276268115942,3.6916666666666655,0.0,797.7687500000001,53.375,0.8854166666666666,2023-11-13,0.1112963358561198,961.1155618192406
2023-11-14,2023-11-14,5090.458333333333,0.0099118168628027,100.89690978039602,2301.550603655284,0.1265870266663712,2271.095427100679,0.109656016031901,2.482787783937768e-06,795.4645833333334,0.1530833333333333,0.1530833333333333,0.1608155530981144,0.113713768115942,3.8020833333333335,0.0,795.4645833333334,48.52708333333334,2.24375,2023-11-14,0.109656016031901,960.403014575515
2023-11-15,2023-11-15,5127.0,0.0098767675769211,101.25724267505576,2302.658339251702,0.1262473003383021,2269.650997332681,0.1099993387858073,2.692901929688035e-06,795.6979166666666,0.1496041666666666,0.1496041666666666,0.155895268412358,0.1102346014492753,3.702083333333333,0.0,795.6979166666666,54.35416666666666,1.5125,2023-11-15,0.1099993387858073,952.938220136824
2023-11-16,2023-11-16,5264.708333333333,0.0097461800210692,102.61006068618502,2288.6490635813434,0.1306610430531944,2238.777651028078,0.1176109313964843,4.124830539014552e-06,791.5291666666667,0.1475416666666666,0.1475416666666666,0.1529784529399635,0.1081721014492753,4.027083333333334,0.44149998,791.5291666666667,67.74583333333334,2.779166666666667,2023-11-16,0.1176109313964843,963.8295640977858
2023-11-17,2023-11-17,5197.041666666667,0.0098098145293572,101.94715967254352,2281.0887840934824,0.1331425389388121,2222.3577020079906,0.1220041910807291,4.8923116872979865e-06,793.2208333333333,0.1475208333333333,0.1475208333333333,0.1529489901574141,0.108151268115942,4.558333333333334,3.0368998,793.2208333333333,83.70625,3.329166666666667,2023-11-17,0.1220041910807291,961.7764459682985
2023-11-18,2023-11-18,5393.645833333333,0.0096309870496134,103.85173318830635,2326.8377301045166,0.1192683145112182,2283.1299967081086,0.1069361368815104,3.5454291239035862e-06,792.19375,0.1456041666666666,0.1456041666666666,0.1502384141628656,0.1062346014492753,3.7625,0.0,792.19375,73.41041666666666,0.3229166666666667,2023-11-18,0.1069361368815104,970.7794394930937
2023-11-19,2023-11-19,5351.4375,0.0096686544187408,103.44547478203437,2226.1273380725447,0.1525745760747378,2167.7790990115195,0.1382738749186197,4.993543407318363e-06,785.8729166666667,0.1669375,0.1669375,0.1804083034934917,0.1275679347826087,3.9729166666666655,5.8573,785.8729166666667,90.25833333333333,2.025,2023-11-19,0.1382738749186197,985.5557775123312
2023-11-20,2023-11-20,5166.916666666667,0.0098420889491894,101.6384830833956,2194.439543990077,0.1628654372362003,2136.5073824903834,0.1466814676920572,5.022105375433832e-06,789.975,0.2030625,0.2030625,0.2314967684342198,0.1636929347826087,4.445833333333334,1.495,789.975,92.6125,1.7,2023-11-20,0.1466814676920572,967.0161796038138
2023-11-21,2023-11-21,4750.166666666667,0.0102611385493779,97.4647839978988,2187.2398552776017,0.1657676091123682,2143.2327942082616,0.1446367899576822,3.8018498799166298e-06,801.8375,0.196125,0.196125,0.2216856618452563,0.1567554347826086,3.889583333333333,0.1654,801.8375,82.16250000000001,-0.2208333333333333,2023-11-21,0.1446367899576822,957.5456385778451
2023-11-22,2023-11-22,4889.645833333333,0.010114911706868,98.88147667531378,2185.2595177645894,0.16654191309809,2147.479058388679,0.1433054606119791,3.25635453896946e-06,799.4583333333334,0.184875,0.184875,0.2057757592685591,0.1455054347826087,3.28125,0.0,799.4583333333334,78.74583333333334,-1.5854166666666665,2023-11-22,0.1433054606119791,957.6937456866614
2024-04-03,2024-04-03,4793.604166666667,0.0102146372872842,97.90908577876912,2107.6473264081333,0.1994126495052596,2070.9956168514145,0.1691932678222656,3.277945577015401e-06,795.0541666666667,0.22525,0.22525,0.2628746318493729,0.1858804347826087,8.091666666666667,0.0,795.0541666666667,54.90208333333334,4.6937500000000005,2024-04-03,0.1691932678222656,927.9840955187177
2024-04-04,2024-04-04,5076.291666666667,0.0099269422448644,100.75194091016716,2136.067854291295,0.1865593094646405,2101.2469453079675,0.1583633422851562,3.072239716376922e-06,789.2145833333334,0.2098124999999999,0.2098124999999999,0.2410427099802381,0.1704429347826087,8.775,0.0,789.2145833333334,49.17291666666667,6.727083333333333,2024-04-04,0.1583633422851562,932.8174496834404
2024-04-05,2024-04-05,5385.979166666667,0.0096374956322438,103.77910642780024,2147.565259099624,0.1817390744458993,2113.252013952818,0.1543515523274739,3.009520695678068e-06,782.38125,0.1970625,0.1970625,0.2230114870599812,0.1576929347826086,9.952083333333333,0.0,782.38125,34.764583333333334,10.670833333333334,2024-04-05,0.1543515523274739,936.2802669641161
2024-04-06,2024-04-06,5432.979166666667,0.0095980642474717,104.22247533428238,2115.7747843405914,0.197470136186993,2072.9210619152345,0.1697578430175781,3.823625914270006e-06,779.1958333333333,0.2001458333333333,0.2001458333333333,0.2273719788772981,0.1607762681159419,7.78125,5.8065,779.1958333333333,74.09375,1.5520833333333333,2024-04-06,0.1697578430175781,954.8329390506287
2024-04-08,2024-04-08,5157.666666666667,0.0098471221322074,101.5604525782596,2134.177136907309,0.1877882080041561,2104.9322508705404,0.1573829650878906,2.575292318750933e-06,786.99375,0.2285833333333333,0.2285833333333333,0.2675886770572831,0.189213768115942,6.591666666666666,0.0,786.99375,57.28125,0.25,2024-04-08,0.1573829650878906,946.0836930602085
2024-04-09,2024-04-09,5077.583333333333,0.0099248597258539,100.76758879573832,2130.2348927564367,0.1892717165940793,2102.9314556818117,0.15789794921875,2.4074133844664533e-06,789.8145833333333,0.2139375,0.2139375,0.2468763409250271,0.1745679347826086,7.122916666666666,0.0,789.8145833333333,52.45,1.5875,2024-04-09,0.15789794921875,931.0940255393654
2024-04-10,2024-04-10,5057.645833333333,0.0099440329727309,100.57081778490662,2156.987543573788,0.1779573431046158,2123.720430847244,0.151007334391276,2.903107761464483e-06,791.8125,0.199375,0.199375,0.2262818559229689,0.1600054347826087,8.629166666666666,0.0,791.8125,47.43333333333334,4.6312500000000005,2024-04-10,0.151007334391276,933.3231628167414
2024-04-11,2024-04-11,5093.083333333333,0.0099094167106466,100.92238312102496,2190.0707647664817,0.1644585414747888,2157.646900706355,0.1400693257649739,2.784244109514219e-06,792.9354166666667,0.18475,0.18475,0.2055989825732624,0.1453804347826087,8.46875,0.0,792.9354166666667,49.14791666666667,4.70625,2024-04-11,0.1400693257649739,937.095319046782
2024-04-12,2024-04-12,5161.729166666667,0.0098429987196491,101.6012959614822,2200.4514024523914,0.1605719958377074,2168.01324075275,0.136969248453776,2.7700702084832047e-06,792.2166666666667,0.1713541666666666,0.1713541666666666,0.1866544133939729,0.1319846014492753,9.039583333333333,0.0,792.2166666666667,42.95,7.285416666666666,2024-04-12,0.136969248453776,932.6500564697321
2024-04-13,2024-04-13,5222.458333333333,0.0097859772720125,102.19592382325573,2220.511702312469,0.1531760503847465,2178.0296854304465,0.1340421040852864,3.614286815393233e-06,791.1979166666666,0.1619791666666666,0.1619791666666666,0.1733961612467251,0.1226096014492753,10.7625,0.0,791.1979166666666,36.15208333333333,12.304166666666667,2024-04-13,0.1340421040852864,932.5526468640511
2024-04-14,2024-04-14,5268.9375,0.0097430463587296,102.64852878037306,2239.122189069198,0.1467280111003409,2204.1270261953564,0.1267369588216146,2.9405266947268107e-06,790.5666666666666,0.1492916666666666,0.1492916666666666,0.1554533266741164,0.1099221014492753,11.2125,0.0,790.5666666666666,40.3625,9.477083333333333,2024-04-14,0.1267369588216146,935.9674212496465
2024-04-15,2024-04-15,5657.916666666667,0.0094015528678951,106.37240693941534,2280.4367175624743,0.1330206828507468,2247.5615840182377,0.1153157552083333,2.7085731635817557e-06,783.2770833333334,0.13725,0.13725,0.1384238383605404,0.0978804347826086,10.602083333333333,0.0,783.2770833333334,38.83541666666667,6.95625,2024-04-15,0.1153157552083333,945.0800549705604
2024-04-16,2024-04-16,5207.166666666667,0.0098049598742327,102.0301180129118,2198.79986117259,0.1616927532535554,2141.164284753247,0.1456947326660156,4.991882770674993e-06,787.1020833333333,0.1360625,0.1360625,0.1367444597552224,0.0966929347826087,8.514583333333333,7.0413,787.1020833333333,84.43124999999999,3.38125,2024-04-16,0.1456947326660156,954.4420159123218
2024-04-17,2024-04-17,5160.0625,0.009845279902562,101.58248866322732,2207.159276569969,0.1580565012580649,2158.4309474043907,0.139862060546875,4.183532726549783e-06,789.13125,0.1501875,0.1501875,0.1567202263237423,0.1108179347826086,9.4125,0.6665,789.13125,59.052083333333336,7.712499999999999,2024-04-17,0.139862060546875,938.0419007548385
2024-04-18,2024-04-18,5215.9375,0.009791785176479,102.13318387276256,2223.769000390506,0.1519701075827799,2176.532790448599,0.134429931640625,4.020609621837345e-06,788.8041666666667,0.1437916666666666,0.1437916666666666,0.1476751520810644,0.1044221014492753,10.545833333333333,0.0,788.8041666666667,43.13333333333333,10.74375,2024-04-18,0.134429931640625,937.8553306318863
2024-04-19,2024-04-19,5258.6875,0.0097523830091169,102.54916772321828,2256.9168310434884,0.1408560606137839,2200.5090188600675,0.1278533935546875,4.749319703796244e-06,789.2104166666667,0.1361458333333333,0.1361458333333333,0.1368623108854201,0.096776268115942,10.283333333333331,1.3498,789.2104166666667,53.489583333333336,9.875,2024-04-19,0.1278533935546875,935.7959930945736
2024-04-20,2024-04-20,5184.0,0.0098219407887258,101.81987359934152,2260.178059389687,0.1395908072603023,2194.3193192445565,0.1293996175130208,5.558567618200066e-06,790.96875,0.1326666666666666,0.1326666666666666,0.1319420261996637,0.0932971014492753,9.891666666666667,0.46069998,790.96875,70.05,7.902083333333334,2024-04-20,0.1293996175130208,946.0624433142002
2024-04-21,2024-04-21,5135.479166666667,0.0098690142534962,101.3395547037452,2263.42376702864,0.1387007730095305,2219.302527814167,0.1228535970052083,3.689412882460227e-06,794.2229166666666,0.1301041666666666,0.1301041666666666,0.1283181039460826,0.0907346014492753,10.239583333333334,0.34129998,794.2229166666666,53.17291666666667,7.620833333333334,2024-04-21,0.1228535970052083,939.3186109538323
2024-04-22,2024-04-22,5342.9375,0.0096752821005954,103.36704111361878,2283.3320820487334,0.1323014371404557,2242.1231168242903,0.116851806640625,3.404847930815461e-06,790.11875,0.1215625,0.1215625,0.1162383631008125,0.0821929347826087,11.275,0.0,790.11875,39.18541666666667,10.50625,2024-04-22,0.116851806640625,926.4260596114333
2024-04-23,2024-04-23,5448.083333333333,0.009580915369121,104.38118464144122,2304.9073359413346,0.1254867989132236,2250.6178458927075,0.1146011352539062,4.471262455127173e-06,789.0208333333334,0.1121249999999999,0.1121249999999999,0.1028917226059164,0.0727554347826086,12.222916666666668,0.0,789.0208333333334,40.53333333333333,13.572916666666666,2024-04-23,0.1146011352539062,930.9979435673105
2024-04-24,2024-04-24,5498.520833333333,0.0095370668094474,104.86253126961071,2344.280500337371,0.1142026803963812,2296.342101147517,0.1038424173990885,3.869911427065224e-06,789.5520833333334,0.1031041666666666,0.1031041666666666,0.0901343377620091,0.0637346014492753,13.2125,0.0,789.5520833333334,37.02916666666667,13.641666666666666,2024-04-24,0.1038424173990885,925.7955330266027
2024-04-25,2024-04-25,5768.979166666667,0.0093125649795121,107.403808006031,2379.2377610174294,0.1049210639020946,2335.498037717667,0.0954055786132812,3.471194351568919e-06,785.5291666666667,0.0932916666666666,0.0932916666666666,0.0762573671812231,0.0539221014492753,13.745833333333332,0.0,785.5291666666667,34.75625,12.314583333333331,2024-04-25,0.0954055786132812,925.8850509164887
2024-04-26,2024-04-26,5942.208333333333,0.0091736960209933,109.01288070788551,2403.094862519758,0.098731392546189,2337.677610251189,0.0948130289713541,5.183602772647576e-06,781.8895833333332,0.0875416666666666,0.0875416666666666,0.0681256391975778,0.0481721014492753,11.920833333333334,0.7295,781.8895833333332,67.8625,7.15625,2024-04-26,0.0948130289713541,925.8594711129176
2024-04-27,2024-04-27,5822.5,0.0092691167178707,107.90309462922706,2361.9279065285405,0.1097680159649306,2293.164910372168,0.1048787434895833,5.557083910032528e-06,781.0208333333334,0.0858749999999999,0.085875,0.0657686165936227,0.0465054347826087,9.71875,4.1598997,781.0208333333334,93.58958333333334,3.0,2024-04-27,0.1048787434895833,974.9911472758075
2024-04-28,2024-04-28,5414.166666666667,0.0096113134621425,104.05419166641728,2280.8176188747834,0.1330359542590622,2215.3011879901555,0.1237691243489583,5.478610083410809e-06,786.2875,0.0906874999999999,0.0906874999999999,0.0725745193625432,0.0513179347826086,9.71875,10.38,786.2875,82.9375,4.935416666666667,2024-04-28,0.1237691243489583,979.3542707372006
2024-04-29,2024-04-29,5204.5,0.0098030296142406,102.01941559800268,2246.0753049953905,0.1443699903777597,2183.2017334432157,0.1326433817545572,5.3358277464545e-06,789.59375,0.1035,0.1035,0.0906941306304484,0.0641304347826086,9.947916666666666,4.4586,789.59375,79.71666666666667,5.575,2024-04-29,0.1326433817545572,978.6347777516679
2024-04-30,2024-04-30,5470.583333333333,0.0095613124598154,104.59607767516204,2286.6541091774216,0.1311196506386245,2236.123149951612,0.1183077494303385,4.190520797781933e-06,786.4645833333334,0.1184583333333333,0.1184583333333333,0.111848408500946,0.079088768115942,11.352083333333333,0.0,786.4645833333334,44.01666666666667,11.102083333333333,2024-04-30,0.1183077494303385,965.1326298943668
2024-05-01,2024-05-01,5595.875,0.0094547530828714,105.7830572578884,2319.363097695199,0.1215842907541023,2267.7133587022104,0.1108690897623698,4.233126286590495e-06,785.1833333333334,0.1153125,0.1153125,0.1073995283359806,0.0759429347826086,10.820833333333333,0.0,785.1833333333334,55.54375,7.529166666666666,2024-05-01,0.1108690897623698,965.0367672347044
2024-05-02,2024-05-02,5445.958333333333,0.0095839129494074,104.3566943170868,2263.9683976394545,0.138509113326307,2217.6041132285523,0.123419443766276,3.890275561328615e-06,787.8208333333333,0.1143541666666666,0.1143541666666666,0.1060442403387064,0.0749846014492753,10.020833333333334,2.0428998,787.8208333333333,64.22083333333333,5.010416666666667,2024-05-02,0.123419443766276,958.3299544045045
2024-05-03,2024-05-03,5697.625,0.009368872952526,106.74451576092372,2328.2445473215307,0.1187036428471092,2292.345902544654,0.1047223409016927,2.9028038195120284e-06,786.1979166666666,0.11,0.11,0.0998865187858736,0.0706304347826086,11.5375,0.0,786.1979166666666,38.40416666666667,8.706249999999999,2024-05-03,0.1047223409016927,941.8217778854864
2024-05-04,2024-05-04,5581.291666666667,0.0094669352374645,105.6456472799225,2340.038998869664,0.1155362408399257,2293.912100458762,0.1044820149739583,3.724677614482247e-06,789.0,0.1010625,0.1010625,0.087246985072164,0.0616929347826086,11.291666666666666,0.0,789.0,54.270833333333336,7.058333333333334,2024-05-04,0.1044820149739583,929.1659278923385
2024-05-05,2024-05-05,5844.041666666667,0.0092521657970977,108.10183894519812,2361.0680076813023,0.1096578287859324,2310.0884578566697,0.100775400797526,4.087031696394857e-06,782.9479166666666,0.0938541666666666,0.0938541666666666,0.077052862310058,0.0544846014492753,12.897916666666667,0.0,782.9479166666666,34.50625,14.35,2024-05-05,0.100775400797526,937.5266314028664
2024-05-06,2024-05-06,5665.604166666667,0.0094049088307887,106.4073706535201,2251.5600831983106,0.1456141683212742,2201.767525035525,0.1296526590983072,4.174612229357455e-06,780.4104166666666,0.1490625,0.1490625,0.1551292360660726,0.1096929347826087,11.047916666666666,10.2119,780.4104166666666,63.46875,5.03125,2024-05-06,0.1296526590983072,972.5060254993969
2024-05-07,2024-05-07,5381.166666666667,0.0096401858806756,103.7385835118124,2185.6322448634096,0.1664270134156618,2135.9180098525158,0.1471239725748697,4.318041430323823e-06,782.8020833333334,0.1850208333333333,0.1850208333333333,0.2059819987464052,0.145651268115942,8.004166666666666,2.5577,782.8020833333334,78.77083333333333,1.93125,2024-05-07,0.1471239725748697,968.573154787276
2024-05-08,2024-05-08,5305.104166666667,0.0097088908825707,103.00336697127231,2162.5137757558327,0.1755143433934786,2126.487826484688,0.1499748229980468,3.140235432420533e-06,784.8958333333334,0.1977916666666666,0.1977916666666666,0.2240426844492115,0.1584221014492753,7.931249999999999,3.7115,784.8958333333334,59.6625,1.66875,2024-05-08,0.1499748229980468,958.3172215170838
2024-05-09,2024-05-09,5245.0,0.0097645646901917,102.41751063484212,2211.7028356601245,0.1565999156144839,2173.408484533592,0.1355311075846354,3.2624468935841373e-06,789.6854166666667,0.1810416666666666,0.1810416666666666,0.2003546072794622,0.1416721014492753,8.637500000000001,0.0,789.6854166666667,54.58125,3.7854166666666655,2024-05-09,0.1355311075846354,954.6293392662164
2024-05-10,2024-05-10,5063.395833333333,0.0099400873724386,100.6223215114477,2208.042403489659,0.1582311220940454,2156.0150356802665,0.1409632364908854,4.469018475216223e-06,793.4708333333333,0.1688333333333333,0.1688333333333333,0.1830894167054907,0.129463768115942,9.94375,0.0,793.4708333333333,57.8875,7.618749999999999,2024-05-10,0.1409632364908854,935.2372447954893
2024-05-11,2024-05-11,4746.708333333333,0.010265432710357,97.4275297182634,2191.1044371545663,0.1648088685624041,2136.6664282792294,0.1471748352050781,4.719099599068107e-06,790.7770833333334,0.1540833333333333,0.1540833333333333,0.1622297666604875,0.114713768115942,9.9375,2.3625998,790.7770833333334,66.75833333333334,6.247916666666666,2024-05-11,0.1471748352050781,934.0087827846205
2024-05-12,2024-05-12,4607.354166666667,0.0104202509358218,95.9844659186536,2109.6447745485525,0.1999548984412633,2046.813206787593,0.1797765096028646,5.68901723417577e-06,788.3145833333333,0.1873541666666666,0.1873541666666666,0.2092818303919424,0.1479846014492753,10.645833333333334,3.8221998,788.3145833333333,77.27708333333334,7.0125,2024-05-12,0.1797765096028646,942.7959522416903
2024-05-13,2024-05-13,4729.5625,0.0102838563901214,97.25195985626708,2131.1703686843884,0.1898990865097408,2070.2856081943937,0.1704826354980468,5.448935891309238e-06,790.3416666666667,0.192375,0.192375,0.2163823609863573,0.1530054347826087,12.222916666666668,0.4631,790.3416666666667,63.97291666666666,10.189583333333331,2024-05-13,0.1704826354980468,943.4051463392619
2024-05-14,2024-05-14,4922.208333333333,0.010080186647325,99.21417334201648,2181.5241511337176,0.167825105796755,2119.548875504488,0.1521542867024739,5.415797479688926e-06,789.5145833333332,0.1626041666666667,0.1626041666666667,0.1742800447232083,0.1232346014492753,13.497916666666669,0.0,789.5145833333332,51.85,12.458333333333334,2024-05-14,0.1521542867024739,937.8596529986365
2024-05-15,2024-05-15,5049.583333333333,0.0099531876230358,100.48649402648329,2229.795205702821,0.1501259445928866,2168.520174557663,0.1370582580566406,5.238895941843955e-06,789.2687500000001,0.1448333333333333,0.1448333333333333,0.1491482912085364,0.105463768115942,14.04375,0.4438,789.2687500000001,59.3875,10.397916666666667,2024-05-15,0.1370582580566406,937.7499620843067
2024-05-16,2024-05-16,5227.270833333333,0.0097817293661894,102.24210525274783,2279.1111685866645,0.1339333422657454,2226.606208762207,0.1211407979329427,4.373735552028858e-06,788.8458333333333,0.1238541666666666,0.1238541666666666,0.1194792691812508,0.0844846014492753,15.145833333333334,0.0,788.8458333333333,51.45208333333333,10.672916666666666,2024-05-16,0.1211407979329427,935.8729644822224
2024-05-17,2024-05-17,5328.791666666667,0.0096880343511591,103.2303908571139,2298.138189106533,0.1275688253658129,2245.9218758880083,0.1157887776692708,4.308542717998816e-06,787.78125,0.1046666666666666,0.1046666666666666,0.092344046453217,0.0652971014492753,15.402083333333332,0.0,787.78125,44.32083333333333,12.51875,2024-05-17,0.1157887776692708,925.1443148754428
2024-05-18,2024-05-18,5335.416666666667,0.0096826116184634,103.29242088457222,2353.5698142529677,0.1116708167255442,2293.4935626720085,0.1044565836588541,4.851761191881376e-06,789.8604166666668,0.0918541666666666,0.0918541666666666,0.0742244351853118,0.0524846014492753,14.145833333333334,0.0,789.8604166666668,46.55,12.627083333333331,2024-05-18,0.1044565836588541,924.7975025925656
2024-05-19,2024-05-19,5329.541666666667,0.0096878982526325,103.23572459298492,2354.805868194932,0.1114343435657413,2285.51791305379,0.1064860026041666,5.627139140542111e-06,789.3291666666668,0.0864791666666666,0.0864791666666666,0.0666230372875564,0.0471096014492753,13.647916666666667,0.3091,789.3291666666668,58.04166666666666,12.377083333333331,2024-05-19,0.1064860026041666,924.5845526542921
2024-05-20,2024-05-20,5623.979166666667,0.0094306691988331,106.04992916285067,2401.17501676731,0.0992505982523084,2351.024300231521,0.0921567281087239,3.956790486485011e-06,786.1229166666667,0.0805208333333333,0.0805208333333333,0.0581966814784167,0.041151268115942,15.05625,0.0,786.1229166666667,38.860416666666666,13.514583333333334,2024-05-20,0.0921567281087239,922.467197147956
2024-05-21,2024-05-21,5361.083333333333,0.0096707977677148,103.49964111871788,2319.5499494108167,0.1231921641791334,2262.3319010549294,0.1139233907063802,4.7337649691039925e-06,786.7104166666667,0.0842083333333333,0.0842083333333333,0.0634115939896675,0.044838768115942,13.445833333333333,4.5966,786.7104166666667,65.41666666666667,8.09375,2024-05-21,0.1139233907063802,977.9210783199682
2024-05-22,2024-05-22,4912.25,0.0100942815674359,99.10089176998258,2180.622818729525,0.1686988980755897,2131.2463876997244,0.1488355000813802,4.296640227625439e-06,791.3000000000001,0.1612083333333333,0.1612083333333333,0.1723060382923958,0.121838768115942,11.164583333333333,6.5053,791.3000000000001,76.45208333333333,4.054166666666666,2024-05-22,0.1488355000813802,958.9304641578432
2024-05-23,2024-05-23,5310.354166666667,0.009704708546023,103.0521124757803,2260.076240212152,0.1395768569834511,2212.065088729259,0.1245129903157552,4.021163195931205e-06,784.725,0.1418541666666666,0.1418541666666666,0.1449351133039665,0.1024846014492753,13.195833333333333,0.0,784.725,45.625,10.454166666666667,2024-05-23,0.1245129903157552,972.0363261305625
2024-05-24,2024-05-24,5141.5625,0.0098634343989319,101.39864516934747,2240.695432168924,0.1463515930856554,2184.9535146165595,0.1323293050130208,4.73273815216399e-06,789.2083333333334,0.1250625,0.1250625,0.1211881105691183,0.0856929347826086,12.175,2.0344,789.2083333333334,71.63125000000001,6.127083333333334,2024-05-24,0.1323293050130208,955.0341922940303
2024-05-25,2024-05-25,5428.5625,0.0095984765059367,104.1927615342707,2279.455306510236,0.1333865920549012,2220.5832739017774,0.1222724914550781,4.909522232252687e-06,784.8249999999999,0.1130208333333333,0.1130208333333333,0.1041586222555423,0.073651268115942,12.127083333333331,0.0,784.8249999999999,59.82291666666666,8.870833333333334,2024-05-25,0.1222724914550781,961.4651212943874
2024-05-26,2024-05-26,5021.875,0.0099820754891904,100.20530216984577,2188.207221868377,0.1659606202036438,2121.243022757848,0.1522394816080729,5.848811311993143e-06,790.1020833333333,0.1323541666666666,0.1323541666666666,0.1315000844614221,0.0929846014492753,12.197916666666666,6.6612,790.1020833333333,76.425,7.802083333333333,2024-05-26,0.1522394816080729,961.1801782543668
2024-05-27,2024-05-27,5014.729166666667,0.0099870501613771,100.14132593224332,2248.874498571517,0.1437269707136748,2189.282751595752,0.1311848958333333,5.045250798466753e-06,794.5791666666668,0.1366458333333333,0.1366458333333333,0.1375694176666066,0.097276268115942,14.077083333333334,0.0,794.5791666666668,56.80625,10.9875,2024-05-27,0.1311848958333333,957.4944680695309
2024-05-28,2024-05-28,5009.229166666667,0.0099919915022836,100.08822858131396,2287.67472481441,0.1309815988086791,2227.602133809446,0.1205952962239583,4.995020265109147e-06,795.8395833333334,0.1135,0.1135,0.1048362662541794,0.0741304347826087,15.252083333333331,0.0,795.8395833333334,50.90416666666667,12.9375,2024-05-28,0.1205952962239583,940.9135719419402
2024-05-29,2024-05-29,5205.645833333333,0.0098021692330808,102.0298743162906,2330.4245865467306,0.1181685821221852,2269.07020493717,0.1101760864257812,5.007621385418282e-06,792.8854166666666,0.0959375,0.0959375,0.0799991405650019,0.0565679347826086,15.4125,0.0,792.8854166666666,48.11041666666667,13.802083333333334,2024-05-29,0.1101760864257812,941.7343340045686
2024-05-30,2024-05-30,5398.708333333333,0.0096246219964343,103.90713526104528,2377.076529015331,0.1054138519639739,2319.368415543975,0.0987536112467448,4.60924495179284e-06,791.35,0.0855625,0.0855625,0.065326674855381,0.0461929347826086,15.525,0.0,791.35,43.49166666666667,13.65625,2024-05-30,0.0987536112467448,942.7385917637181
2024-05-31,2024-05-31,5519.791666666667,0.0095182909662253,105.06657099650036,2442.981633317633,0.0894571171226415,2388.847711064921,0.0848630269368489,4.193726701068254e-06,792.2395833333334,0.078,0.078,0.0546316847899345,0.0386304347826086,15.460416666666667,0.0,792.2395833333334,43.49583333333334,12.622916666666669,2024-05-31,0.0848630269368489,941.7616212598322
2024-06-01,2024-06-01,5503.604166666667,0.0095327168082649,104.91077803715486,2432.021693631046,0.0918113438618077,2364.6644853554085,0.0893974304199218,5.276681554368065e-06,791.7229166666666,0.0734791666666666,0.0734791666666666,0.0482382609767061,0.0341096014492753,15.50625,0.0,791.7229166666666,49.20208333333333,13.9,2024-06-01,0.0893974304199218,926.8752917372949
2024-06-02,2024-06-02,5717.770833333333,0.0093519051252837,106.93475936545708,2449.043481779336,0.0879154063682177,2387.1327775292234,0.0851020812988281,4.8054817279173234e-06,787.8291666666668,0.0712083333333333,0.0712083333333333,0.0450268176788172,0.031838768115942,16.897916666666667,0.0,787.8291666666668,40.27708333333333,15.985416666666666,2024-06-02,0.0851020812988281,945.4406602697368
2024-06-03,2024-06-03,5703.541666666667,0.0093641811037869,106.79926554905408,2460.8646622603724,0.0853239917776443,2390.556114837054,0.0844523111979166,5.443014790059679e-06,787.9270833333334,0.0683125,0.0683125,0.0409314909044452,0.0289429347826087,16.431250000000002,0.0,787.9270833333334,45.68333333333334,15.05625,2024-06-03,0.0844523111979166,955.9631231605528
2024-06-04,2024-06-04,5558.25,0.0094880381184069,105.42174989087792,2423.074393863488,0.0941598027799411,2335.185838679012,0.0958722432454427,7.002480875732467e-06,788.8333333333334,0.0676041666666666,0.0676041666666666,0.0399297562977642,0.0282346014492753,17.287499999999998,1.4518,788.8333333333334,59.54791666666667,15.547916666666666,2024-06-04,0.0958722432454427,951.5796784905207
2024-06-05,2024-06-05,5464.25,0.0095673365824705,104.53374994903288,2454.819621041237,0.0867263782450348,2375.6326461438857,0.0873972574869791,6.173898261518345e-06,793.8895833333332,0.0665208333333333,0.0665208333333333,0.0383976916051934,0.027151268115942,18.26875,0.0,793.8895833333332,54.10625,15.21875,2024-06-05,0.0873972574869791,940.8150934033473
2024-06-06,2024-06-06,5473.291666666667,0.0095591192288679,104.6213395285199,2493.4493057387776,0.0781292781423144,2414.051875850069,0.0800921122233073,6.091346177279778e-06,794.7541666666666,0.065,0.065,0.0362469084790843,0.0256304347826086,19.54375,0.0,794.7541666666666,47.145833333333336,17.460416666666667,2024-06-06,0.0800921122233073,956.065592988692
2024-06-07,2024-06-07,5572.916666666667,0.0094725964902579,105.57177805676012,2490.7316593846385,0.0786726303970627,2409.250559625809,0.080963134765625,6.2674239189930505e-06,792.5583333333334,0.062875,0.062875,0.0332417046590414,0.0235054347826086,19.83333333333333,0.0,792.5583333333334,46.56041666666667,17.743750000000002,2024-06-07,0.080963134765625,969.2469095931411
2024-06-08,2024-06-08,5440.25,0.0095883036241208,104.30433449430708,2428.093479379763,0.0928333705344633,2322.4290757346403,0.0981801350911458,8.432813005884474e-06,791.9333333333334,0.0611875,0.0611875,0.0308552192725368,0.0218179347826086,18.58333333333333,1.5026,791.9333333333334,70.46458333333334,15.185416666666669,2024-06-08,0.0981801350911458,979.8210922129983
2024-06-09,2024-06-09,5542.791666666667,0.0094988168450558,105.2841551411256,2458.980794637982,0.0856483675601207,2361.052030801684,0.0901527404785156,7.68541309644238e-06,792.6729166666668,0.0608125,0.0608125,0.0303248891866469,0.0214429347826086,18.266666666666666,0.3333,792.6729166666668,62.46458333333334,15.904166666666669,2024-06-09,0.0901527404785156,969.1181248921872
2024-06-10,2024-06-10,5621.791666666667,0.0094321266482388,106.0306953992117,2473.734778400737,0.0824398502948902,2383.264933346408,0.0859031677246093,7.036007005044551e-06,792.4,0.0611666666666666,0.0611666666666666,0.0308257564899874,0.0217971014492753,18.88125,0.0,792.4,52.99166666666667,17.15625,2024-06-10,0.0859031677246093,967.0176690983739
2024-06-11,2024-06-11,5581.229166666667,0.0094671675837036,105.64438787818592,2474.976207695042,0.0822680906153729,2379.2995939554003,0.0868148803710937,7.460134987838984e-06,793.74375,0.0614166666666666,0.0614166666666666,0.0311793098805807,0.0220471014492753,19.7,0.546,793.74375,56.64166666666667,17.260416666666668,2024-06-11,0.0868148803710937,960.9986891667573
2024-06-12,2024-06-12,5652.125,0.0094065004114152,106.31744809270631,2497.005917889499,0.0773834540320659,2415.790684563892,0.0798149108886718,6.23032588248679e-06,794.0875,0.0611666666666666,0.0611666666666666,0.0308257564899874,0.0217971014492753,20.554166666666667,0.0,794.0875,42.68333333333334,19.00208333333333,2024-06-12,0.0798149108886718,968.7283438107617
2024-06-13,2024-06-13,5748.895833333333,0.0093267449205075,107.22469136245212,2541.1414990401167,0.068514116368004,2463.00764322667,0.0717252095540364,5.874651296681286e-06,794.6625,0.0597083333333333,0.0597083333333333,0.0287633617115266,0.020338768115942,20.51875,0.0,794.6625,43.75833333333333,18.4375,2024-06-13,0.0717252095540364,967.9029261904716
2024-06-14,2024-06-14,5694.479166666667,0.009372261350415,106.71201966906165,2543.0114667899443,0.068252920254029,2449.9924902316693,0.0740801493326823,7.043376782702084e-06,795.0895833333334,0.0577083333333333,0.0577083333333333,0.0259349345867805,0.018338768115942,19.727083333333333,0.0,795.0895833333334,49.29166666666666,17.474999999999998,2024-06-14,0.0740801493326823,982.5280649135831
2024-06-15,2024-06-15,5675.041666666667,0.0093883823796927,106.5293531500743,2518.5986087948463,0.0730341043561867,2417.9328035351687,0.079565684000651,7.721708419294127e-06,792.7875,0.0562916666666666,0.0562916666666666,0.0239314653734186,0.0169221014492753,18.16875,1.7923,792.7875,71.55208333333333,13.764583333333334,2024-06-15,0.079565684000651,977.5891012134481
2024-06-16,2024-06-16,5960.729166666667,0.0091604080100176,109.17873198332852,2555.0107096871384,0.065851160274501,2478.9229818825147,0.0692087809244791,5.692121617124858e-06,788.0104166666666,0.0565833333333333,0.0565833333333333,0.0243439443291107,0.017213768115942,19.197916666666668,0.0,788.0104166666666,46.72291666666666,17.2,2024-06-16,0.0692087809244791,975.5557271704301
2024-06-17,2024-06-17,6288.604166666667,0.0089180767186828,112.14269854153322,2592.665590296011,0.0588948284954099,2530.638859416094,0.0612678527832031,4.537048771810814e-06,783.5604166666667,0.0567083333333333,0.0567083333333333,0.0245207210244074,0.017338768115942,20.43958333333333,0.0,783.5604166666667,34.79375,17.914583333333333,2024-06-17,0.0612678527832031,972.1642640077422
2024-06-18,2024-06-18,6299.083333333333,0.0089111047930244,112.23420651871204,2617.8211831624403,0.0544627681306787,2555.7307302141903,0.0576998392740885,4.4990533799575295e-06,784.9229166666668,0.0555,0.0555,0.0228118796365399,0.0161304347826086,21.066666666666663,0.0,784.9229166666668,35.389583333333334,15.891666666666666,2024-06-18,0.0576998392740885,971.6795643952497
2024-06-19,2024-06-19,6013.125,0.0091202065106401,109.6583566243274,2591.20459701847,0.059334679409649,2515.5722037501973,0.0637766520182291,5.582276199585539e-06,790.6583333333333,0.0528333333333333,0.0528333333333333,0.0190406434702116,0.013463768115942,19.485416666666666,0.0,790.6583333333333,51.4125,13.514583333333334,2024-06-19,0.0637766520182291,972.2610162388484
2024-06-20,2024-06-20,5840.3125,0.0092538833184494,108.07219584426086,2556.530481060167,0.0655246723249153,2461.9959763352213,0.0718866984049479,7.1137480745065535e-06,793.4187499999999,0.0513541666666666,0.0513541666666666,0.0169487859092014,0.0119846014492753,19.497916666666665,0.0,793.4187499999999,47.60833333333333,18.33125,2024-06-20,0.0718866984049479,986.6823314804991
2024-06-21,2024-06-21,5470.75,0.0095615784216168,104.59614781152844,2480.58135525822,0.0810220059733012,2358.4178219248183,0.09075927734375,9.593572237646216e-06,796.2708333333334,0.0500625,0.0500625,0.0151220933911362,0.0106929347826086,18.272916666666667,6.5639,796.2708333333334,80.31041666666667,14.179166666666667,2024-06-21,0.09075927734375,1015.5658506741469
2024-06-22,2024-06-22,5077.1875,0.0099315851345908,100.741659756691,2293.5339010389857,0.1319002463561998,2189.272372163674,0.1331634521484375,8.804177355524607e-06,796.8395833333334,0.092875,0.092875,0.0756681115302343,0.0535054347826086,17.977083333333333,12.3403,796.8395833333334,77.12708333333333,14.09375,2024-06-22,0.1331634521484375,1001.4006208099557
2024-06-23,2024-06-23,5107.604166666667,0.0098962284543778,101.06303571336316,2259.770490243124,0.1403538677849453,2160.1627371741192,0.139862060546875,8.544016090689877e-06,797.6854166666667,0.1177708333333333,0.1177708333333333,0.1108761366768145,0.078401268115942,18.579166666666666,4.5961,797.6854166666667,74.09375,14.452083333333334,2024-06-23,0.139862060546875,995.3402906189613
2024-06-24,2024-06-24,5253.333333333333,0.0097571269885191,102.49773961535831,2333.4824163796434,0.1173172351502042,2232.270709406644,0.1192779541015625,8.397013371298766e-06,795.0833333333334,0.1039375,0.1039375,0.0913128490639867,0.0645679347826086,20.09375,0.0,795.0833333333334,60.3,17.814583333333335,2024-06-24,0.1192779541015625,1002.5442946654165
2024-06-25,2024-06-25,5375.604166666667,0.0096449036010073,103.6859219008508,2372.9745999126653,0.1065320025670881,2275.899663943275,0.1085586547851562,7.901502167975037e-06,795.2958333333332,0.0886041666666666,0.0886041666666666,0.0696282411075992,0.0492346014492753,21.172916666666666,0.0,795.2958333333332,54.83125,18.491666666666667,2024-06-25,0.1085586547851562,991.4226064568576
2024-06-26,2024-06-26,5372.75,0.0096477044296392,103.65753413906184,2416.0372515805925,0.0956987584812707,2304.740488204443,0.101996103922526,8.948778729049745e-06,795.6166666666667,0.0790208333333333,0.0790208333333333,0.056075361134857,0.039651268115942,20.60625,0.0,795.6166666666667,61.54166666666666,17.733333333333334,2024-06-26,0.101996103922526,995.3286767099927
2024-06-27,2024-06-27,5361.041666666667,0.0096597548420846,103.53902361617055,2397.4651571147333,0.1003182543692237,2273.8113416228257,0.1091117858886718,1.00735069956308e-05,792.7979166666668,0.0747083333333333,0.0747083333333333,0.0499765651471231,0.035338768115942,20.10625,1.1237999,792.7979166666668,73.65625,16.879166666666666,2024-06-27,0.1091117858886718,988.4579489798983
2024-06-28,2024-06-28,5513.9375,0.0095240294039978,105.00832297031684,2375.595415761543,0.1059081694048966,2262.98262824116,0.1116994222005208,9.219371414640738e-06,791.1104166666668,0.071875,0.071875,0.0459696267203993,0.0325054347826086,20.63125,3.9799,791.1104166666668,67.46875,16.841666666666665,2024-06-28,0.1116994222005208,990.7562644532421
2024-06-29,2024-06-29,5411.8125,0.0096131660239777,104.03243564803942,2435.964100626216,0.0910007576481894,2326.963008482593,0.0971755981445312,8.674937732129032e-06,794.6999999999999,0.0700833333333333,0.0700833333333333,0.0434358274211475,0.030713768115942,22.09166666666667,2.0943,794.6999999999999,52.38333333333333,20.27083333333333,2024-06-29,0.0971755981445312,992.5940546269904
2024-06-30,2024-06-30,5397.104166666667,0.0096262688373842,103.89092609660882,2456.608672044493,0.0862144604984203,2339.3596938738783,0.0945523579915364,9.28381461281824e-06,796.9708333333333,0.0680833333333333,0.0680833333333333,0.0406074002964013,0.028713768115942,22.76458333333333,0.18519999,796.9708333333333,55.34791666666666,20.214583333333334,2024-06-30,0.0945523579915364,983.1838247296404
2024-07-01,2024-07-01,5236.833333333333,0.009774418719769,102.32993696691832,2349.061114287472,0.1142425542764509,2210.5356421199035,0.1263860066731771,1.1616253489619884e-05,794.8625000000001,0.0681666666666666,0.0681666666666666,0.0407252514265991,0.0287971014492753,21.01666666666667,6.6183,794.8625000000001,83.82083333333334,16.6375,2024-07-01,0.1263860066731771,1004.4869390899721
2024-07-02,2024-07-02,4968.1875,0.0100379610274324,99.6614376021552,2176.062887158043,0.1720272732840642,2071.997119805874,0.1710395812988281,9.318728629209949e-06,793.3083333333334,0.1858541666666666,0.1858541666666666,0.2071605100483827,0.1464846014492753,20.347916666666663,17.2515,793.3083333333334,73.75833333333334,15.983333333333334,2024-07-02,0.1710395812988281,983.7113139977115
2024-07-03,2024-07-03,5146.458333333333,0.0098589307925605,101.4462452429088,2249.288393270335,0.1436565450640219,2168.589727732065,0.1374791463216146,6.915467553837583e-06,794.1020833333333,0.1831249999999999,0.1831249999999999,0.2033008855344061,0.1437554347826086,20.45208333333333,0.1392,794.1020833333333,59.33541666666667,15.925,2024-07-03,0.1374791463216146,1004.1293397700261
2024-07-04,2024-07-04,5268.958333333333,0.0097436282529669,102.64664244282568,2322.1087768231314,0.1208605201816584,2257.1879495389458,0.1133384704589843,5.3305481312111935e-06,795.74375,0.1464166666666666,0.1464166666666666,0.1513874626822938,0.1070471014492753,20.366666666666667,0.0,795.74375,44.63958333333333,16.085416666666667,2024-07-04,0.1133384704589843,994.4164591127359
2024-07-05,2024-07-05,5307.729166666667,0.0097071250627968,103.0265928481084,2368.9721330659154,0.107549999463852,2305.700738308479,0.1017443339029948,5.083505048410368e-06,797.6645833333333,0.1230833333333333,0.1230833333333333,0.1183891462269216,0.083713768115942,20.291666666666668,0.0,797.6645833333333,46.96875,14.554166666666667,2024-07-05,0.1017443339029948,986.0956137262724
2024-07-06,2024-07-06,5547.770833333333,0.0094947103074786,105.33083756547138,2427.090798754432,0.0930690058199981,2361.0129220555373,0.0902086893717448,5.1855788420195225e-06,795.4020833333334,0.104,0.104,0.091401237411635,0.0646304347826087,20.38958333333333,0.0,795.4020833333334,45.7875,15.095833333333331,2024-07-06,0.0902086893717448,979.8764218330871
2024-07-07,2024-07-07,5704.104166666667,0.0093632670091428,106.80624868055598,2466.1592907189065,0.0839585606384626,2397.345326984379,0.083105723063151,5.318505355528913e-06,793.2979166666668,0.0901041666666666,0.0901041666666666,0.0717495614511588,0.0507346014492753,20.7625,0.0,793.2979166666668,43.99583333333334,16.285416666666666,2024-07-07,0.083105723063151,973.4503170412428
2024-07-08,2024-07-08,5691.229166666667,0.0093745090041368,106.68315755153716,2491.277980876881,0.0787137946388915,2417.787828237381,0.0795580546061198,5.632064748941505e-06,794.9625,0.079875,0.079875,0.0572833352193841,0.0405054347826086,21.14583333333333,0.0,794.9625,47.77916666666667,15.772916666666667,2024-07-08,0.0795580546061198,963.7120028519099
2024-07-09,2024-07-09,5778.520833333333,0.0093031062996236,107.4994405718424,2544.5987631184203,0.06790007223296,2464.313182744508,0.0715548197428385,6.032196623032065e-06,795.74375,0.073125,0.073125,0.0477373936733657,0.0337554347826086,21.479166666666668,0.0,795.74375,48.85833333333333,16.570833333333333,2024-07-09,0.0715548197428385,966.3837677444045
2024-07-10,2024-07-10,5735.416666666667,0.0093378498496252,107.09833246011964,2564.179195304915,0.06404238980494,2477.0784349858795,0.0694084167480468,6.5140463555746216e-06,797.5041666666666,0.0683541666666666,0.0683541666666666,0.040990416469544,0.0289846014492753,21.510416666666668,0.0,797.5041666666666,50.625,16.820833333333333,2024-07-10,0.0694084167480468,966.5281781898416
2024-07-11,2024-07-11,5783.875,0.0092986936115082,107.5496540257103,2611.2401799412933,0.0556364515192949,2519.2348859655845,0.0629959106445312,6.765000294922271e-06,797.38125,0.0654166666666666,0.0654166666666666,0.0368361641300731,0.0260471014492753,21.414583333333336,0.0056,797.38125,50.82083333333333,17.939583333333335,2024-07-11,0.0629959106445312,971.0323639352578
2024-07-12,2024-07-12,5913.5625,0.0091960841904243,108.74903729346704,2638.995006559254,0.0508573646857624,2544.7705131485486,0.059271494547526,6.862933416675726e-06,796.7541666666666,0.0627916666666666,0.0627916666666666,0.0331238535288437,0.0234221014492753,22.445833333333336,0.0,796.7541666666666,46.58125,20.04791666666667,2024-07-12,0.059271494547526,960.9051534833615
2024-07-13,2024-07-13,5915.382978723404,0.0092014657798205,108.74149476377126,2653.030320277909,0.0510131261124363,2572.9485369502504,0.0575632947556516,5.771955536524388e-06,797.9270833333334,0.0596666666666666,0.0596666666666666,0.0287044361464278,0.0202971014492753,23.4375,0.0,797.9270833333334,37.88333333333333,20.675,2024-07-13,0.0575632947556516,960.7702059930676
2024-07-14,2024-07-14,5911.708333333333,0.0091976102872584,108.73166171410674,2668.898755189198,0.0460234418029748,2573.609683764876,0.0552482604980468,6.8532101456222505e-06,798.5854166666667,0.0565416666666666,0.0565416666666666,0.0242850187640118,0.0171721014492753,23.808333333333334,0.0,798.5854166666667,41.85,20.78333333333333,2024-07-14,0.0552482604980468,957.471225094021
2024-07-15,2024-07-15,5914.0625,0.0091957841387515,108.75327225827236,2664.4418553653463,0.0466924025786065,2549.31443902548,0.0585975646972656,8.364171859576009e-06,797.6416666666668,0.053625,0.0536249999999999,0.0201602292070903,0.0142554347826086,22.83333333333333,1.5616,797.6416666666668,53.96666666666667,19.40833333333333,2024-07-15,0.0585975646972656,962.118879708797
2024-07-16,2024-07-16,5767.125,0.0093136110183437,107.3883167168828,2590.129921924668,0.0595176326145156,2466.63790025074,0.0713755289713541,9.281026392189896e-06,796.7083333333334,0.051625,0.051625,0.0173318020823441,0.0122554347826086,22.266666666666666,4.2348,796.7083333333334,66.25,17.625,2024-07-16,0.0713755289713541,1034.193472944533
2024-07-17,2024-07-17,5521.416666666667,0.0095178645746566,105.07843313333792,2488.5451324031155,0.0792952742835663,2385.220979192353,0.0855255126953125,8.024695951454508e-06,798.3041666666667,0.0505833333333333,0.0505833333333333,0.0158586629548722,0.011213768115942,20.775,4.5624,798.3041666666667,65.5,15.991666666666667,2024-07-17,0.0855255126953125,1040.2413318506894
2024-07-18,2024-07-18,5656.208333333333,0.0094029228752692,106.35652781432094,2519.6475382035155,0.0727621736178306,2419.905104009033,0.0790735880533854,7.632981347732157e-06,797.8291666666668,0.051625,0.051625,0.0173318020823441,0.0122554347826086,22.15833333333333,0.0,797.8291666666668,53.51666666666667,18.566666666666663,2024-07-18,0.0790735880533854,1031.5979621281992
2024-07-19,2024-07-19,5606.791666666667,0.0094445187430011,105.88996550026744,2525.513993311343,0.0715917793015109,2407.042110998692,0.0814094543457031,9.117712035056592e-06,798.4729166666666,0.0509583333333333,0.0509583333333333,0.0163889930407621,0.011588768115942,22.010416666666668,0.5136,798.4729166666666,64.34166666666667,17.966666666666665,2024-07-19,0.0814094543457031,1039.4812165385667
2024-07-20,2024-07-20,5585.708333333333,0.0094620133310584,105.69186569129504,2511.692174351463,0.0743601974284302,2404.3387958367352,0.0818494160970052,8.268071643458914e-06,798.2895833333333,0.0499583333333333,0.0499583333333333,0.014974779478389,0.010588768115942,21.964583333333334,0.3795,798.2895833333333,59.49166666666667,17.541666666666668,2024-07-20,0.0818494160970052,1042.448527281386
2024-07-21,2024-07-21,5560.3125,0.0094836432110471,105.45115020501804,2470.999153906911,0.0830005401146889,2374.1561401586,0.0875460306803385,7.553379563307269e-06,797.18125,0.049375,0.049375,0.0141498215670047,0.0100054347826086,21.916666666666668,0.0,797.18125,54.50833333333333,17.366666666666667,2024-07-21,0.0875460306803385,1045.4200269646442
2024-07-22,2024-07-22,5679.875,0.0093837650664879,106.57709071097293,2504.784569853456,0.0758574052658813,2415.1278883634136,0.0800209045410156,6.879083515447392e-06,796.9458333333333,0.0480416666666666,0.0480416666666666,0.0122642034838405,0.0086721014492753,22.35625,0.0,796.9458333333333,55.90833333333333,16.025000000000002,2024-07-22,0.0800209045410156,1025.6479633023598
2024-07-23,2024-07-23,5705.0,0.0093629872739243,106.81290722254433,2530.0033575797283,0.0707700943171517,2442.8632865778504,0.0751787821451823,6.607809674211727e-06,797.0979166666666,0.046625,0.046625,0.0102607342704786,0.0072554347826086,22.74375,0.0,797.0979166666666,51.225,17.183333333333334,2024-07-23,0.0751787821451823,1029.4842352362782
2024-07-24,2024-07-24,5616.833333333333,0.0094361284471076,105.98454368297584,2560.764627009575,0.0647366456248358,2473.241672281733,0.0700670878092448,6.5544293567822905e-06,798.9895833333334,0.0449583333333333,0.0449583333333333,0.0079037116665235,0.005588768115942,23.0625,0.0,798.9895833333334,47.50833333333333,17.983333333333334,2024-07-24,0.0700670878092448,1025.2031718093044
2024-07-25,2024-07-25,5631.416666666667,0.0094240374879329,106.12152553223132,2561.7206271115133,0.0645964236417465,2462.714029580349,0.0718027750651041,7.444800209769376e-06,799.2645833333332,0.0437083333333333,0.0437083333333333,0.0061359447135571,0.004338768115942,23.41875,0.0,799.2645833333332,50.19166666666666,19.15833333333333,2024-07-25,0.0718027750651041,1007.4547660731174
2024-07-26,2024-07-26,5728.854166666667,0.0093432491583654,107.03684105716457,2565.180078875253,0.0638978752381367,2451.923348014095,0.0735638936360677,8.55710909055487e-06,796.3708333333334,0.0419583333333333,0.0419583333333333,0.0036610709794042,0.002588768115942,23.175,0.118499994,796.3708333333334,54.975,18.891666666666666,2024-07-26,0.0735638936360677,1028.122909809209
2024-07-27,2024-07-27,5410.479166666667,0.009617434327014,104.00835602934818,2390.12182355057,0.1030471184708783,2267.814036700834,0.1113510131835937,9.992318136363551e-06,793.1916666666666,0.0480833333333333,0.0480833333333333,0.0123231290489394,0.008713768115942,22.34166666666667,9.932799,793.1916666666666,70.31666666666666,17.866666666666667,2024-07-27,0.1113510131835937,1041.6809352534244
2024-07-28,2024-07-28,5680.625,0.0093827387907988,106.58566604937432,2438.406594281599,0.0903967494553461,2350.650734161115,0.0923627217610677,6.93152133575159e-06,791.2604166666666,0.067625,0.067625,0.0399592190803137,0.0282554347826086,22.15625,1.2419,791.2604166666666,50.1,19.0,2024-07-28,0.0923627217610677,1042.1053439824498
2024-07-29,2024-07-29,5771.895833333333,0.0093085827083776,107.43728869120008,2517.7041238143465,0.073211300098599,2442.3575447220337,0.0752169291178385,5.713906176751009e-06,794.05625,0.0681666666666666,0.0681666666666666,0.0407252514265991,0.0287971014492753,22.135416666666668,0.0,794.05625,44.39166666666667,17.591666666666665,2024-07-29,0.0752169291178385,1029.6925589510581
2024-07-30,2024-07-30,5782.0625,0.0093001255283932,107.53291829927517,2544.8322024763656,0.0678577009425427,2475.748174058477,0.0697021484375,5.1677695138556e-06,794.0729166666666,0.065,0.065,0.0362469084790843,0.0256304347826086,22.379166666666663,0.0,794.0729166666666,40.708333333333336,17.7,2024-07-30,0.0697021484375,1006.3927452959134
2024-07-31,2024-07-31,5783.625,0.0092988498005487,107.54748992204748,2562.743319602881,0.0644700497779398,2495.169854115598,0.066680908203125,5.014935336499336e-06,794.8249999999999,0.0617916666666666,0.0617916666666666,0.0317096399664706,0.0224221014492753,22.54375,0.0,794.8249999999999,39.96666666666667,17.55,2024-07-31,0.066680908203125,993.8601537607324
2024-08-01,2024-08-01,5546.875,0.0094963069977371,105.31928611015204,2589.1494308083634,0.0595380801032674,2520.509740399231,0.0627975463867187,5.044735039236527e-06,798.3729166666667,0.058625,0.058625,0.0272312970189558,0.0192554347826086,22.78333333333333,0.0,798.3729166666667,38.84166666666667,17.933333333333334,2024-08-01,0.0627975463867187,990.7965004721528
2024-08-02,2024-08-02,5475.791666666667,0.0095575205095251,104.64310042973857,2603.433111177373,0.05696944212409,2521.6122335450823,0.0626513163248698,6.018325088953273e-06,800.1229166666667,0.0562916666666666,0.0562916666666666,0.0239314653734186,0.0169221014492753,23.63125,0.0,800.1229166666667,40.65833333333333,19.675,2024-08-02,0.0626513163248698,990.4376518278112
2024-08-03,2024-08-03,5617.666666666667,0.009435194329192,105.99328134037276,2628.876749858668,0.0525431059564821,2540.3078540174133,0.0598653157552083,6.459132611635225e-06,798.4270833333334,0.0539166666666666,0.0539166666666666,0.0205727081627825,0.0145471014492753,24.120833333333334,0.0,798.4270833333334,41.391666666666666,20.325,2024-08-03,0.0598653157552083,988.1050403697542
2024-08-04,2024-08-04,5733.75,0.0093389536086982,107.0837362185312,2615.560690561451,0.0548441612478243,2511.9151965972,0.0640869140625,7.64906755794691e-06,796.0583333333334,0.0507499999999999,0.0507499999999999,0.0160943652152677,0.0113804347826086,24.5025,0.0,796.0583333333334,40.266666666666666,22.725,2024-08-04,0.0640869140625,1000.0419911618228
2024-08-05,2024-08-05,5088.020833333333,0.0099195380388631,100.8541966585212,2398.9643265216987,0.1011025964779109,2265.9430990631868,0.1123975118001302,1.0903731878545482e-05,798.2645833333332,0.0514166666666666,0.0514166666666666,0.0170371742568497,0.0120471014492753,23.73958333333333,5.8929996,798.2645833333332,76.8,17.908333333333335,2024-08-05,0.1123975118001302,1027.0420175037611
2024-08-06,2024-08-06,5249.791666666667,0.0097610618964119,102.4608939308202,2452.338225516332,0.0873844408567258,2338.610061662656,0.0948893229166666,9.006894508434312e-06,798.8770833333333,0.0565416666666666,0.0565416666666666,0.0242850187640118,0.0171721014492753,23.16875,1.8993,798.8770833333333,57.23333333333333,19.90833333333333,2024-08-06,0.0948893229166666,1018.1343683086001
2024-08-07,2024-08-07,5449.625,0.0095808245156127,104.39132222954848,2507.935512217034,0.0753176898922042,2386.465849550273,0.0853843688964843,9.431384374670728e-06,797.0041666666666,0.0586666666666666,0.0586666666666666,0.0272902225840547,0.0192971014492753,23.320833333333336,1.6044999,797.0041666666666,58.31666666666666,20.15,2024-08-07,0.0853843688964843,1023.808863229509
2024-08-08,2024-08-08,5230.5,0.0097810369298861,102.26539935559298,2396.4539512558454,0.1012321136453933,2281.156260206071,0.1080589294433593,9.37149735181044e-06,796.2937499999999,0.064375,0.064375,0.0353630250026011,0.0250054347826086,20.929166666666667,2.5224,796.2937499999999,75.64999999999999,15.825,2024-08-08,0.1080589294433593,1023.3290839709898
2024-08-09,2024-08-09,5361.979166666667,0.0096578393772701,103.55197171982984,2460.392439486451,0.085622611851289,2346.05473026152,0.0933787027994791,9.024513582959105e-06,796.3395833333334,0.0736666666666666,0.0736666666666666,0.0485034260196511,0.0342971014492753,20.454166666666666,0.0,796.3395833333334,65.02499999999999,16.833333333333332,2024-08-09,0.0933787027994791,1023.6007329299106
2024-08-10,2024-08-10,5184.854166666667,0.0098225330345053,101.82338313596982,2417.6104728093574,0.0955875880723515,2295.9501060683992,0.10418701171875,9.814879485376829e-06,797.8895833333332,0.072875,0.072875,0.0473838402827724,0.0335054347826086,19.50625,5.9433,797.8895833333332,79.01666666666667,15.491666666666667,2024-08-10,0.10418701171875,1025.1723245488774
2024-08-11,2024-08-11,4694.833333333333,0.0103344444661418,96.85329638681556,2218.2794265070884,0.1589194743754732,2105.02688231352,0.1620814005533854,9.997245175970291e-06,797.8958333333334,0.1558333333333333,0.1558333333333333,0.1647046403946404,0.116463768115942,20.63125,20.6217,797.8958333333334,77.03333333333333,16.05,2024-08-11,0.1620814005533854,993.8252175408605
2024-08-12,2024-08-12,4760.3125,0.0102498276197942,97.56999123915512,2222.1770388809705,0.1526764378699866,2113.284249442344,0.1542790730794271,9.541776003279796e-06,796.6854166666667,0.1673333333333333,0.1673333333333333,0.180968096361931,0.127963768115942,21.10833333333333,2.2351,796.6854166666667,65.24166666666666,17.8,2024-08-12,0.1542790730794271,998.2365645582312
2024-08-13,2024-08-13,4874.0625,0.0101293906457176,98.72928034422635,2323.9900167245587,0.1228452569294034,2200.387238305945,0.1302070617675781,1.0386835332153515e-05,795.6916666666666,0.1422083333333333,0.1422083333333333,0.145435980607307,0.102838768115942,19.53125,0.96629995,795.6916666666666,81.11666666666666,15.216666666666669,2024-08-13,0.1302070617675781,1012.1393113981815
2024-08-16,2024-08-16,5050.875,0.0099505863060317,100.50383119427592,2374.314128489351,0.1112562159219333,2280.442600857956,0.1118927001953125,7.613169335333204e-06,795.8520833333333,0.1546249999999999,0.1546249999999999,0.1629957990067729,0.1152554347826086,19.7125,0.0,795.8520833333333,57.2,17.641666666666666,2024-08-16,0.1118927001953125,1013.801975218067
2024-08-17,2024-08-17,5145.666666666667,0.0098583445569341,101.44311211462276,2357.685941580019,0.1105716954840099,2267.7152741636146,0.1104888916015625,7.35061943448954e-06,797.1333333333333,0.128625,0.128625,0.1262262463850725,0.0892554347826087,20.110416666666666,0.0,797.1333333333333,54.833333333333336,17.05,2024-08-17,0.1104888916015625,999.7849962638088
2024-08-18,2024-08-18,4990.979166666667,0.0100102399216073,99.905735909775,2368.286624364238,0.1077887880724789,2246.166806008999,0.1157379150390625,1.0066898366440396e-05,799.0291666666667,0.1120416666666666,0.1120416666666666,0.1027738714757186,0.0726721014492753,20.204166666666666,1.9332999,799.0291666666667,72.25,16.925,2024-08-18,0.1157379150390625,1002.5039112194946
2024-08-19,2024-08-19,5140.666666666667,0.0098638417833991,101.39137537504683,2420.6445952704858,0.0946954588872565,2301.006529089654,0.1028963724772135,9.62832244223921e-06,799.28125,0.0989166666666666,0.0989166666666666,0.0842123184695717,0.0595471014492753,20.12708333333333,0.5859,799.28125,69.95833333333333,16.8,2024-08-19,0.1028963724772135,1000.7133565025721
2024-08-20,2024-08-20,5294.0625,0.0097199255841358,102.8928829678703,2456.1068985736288,0.0865936399169384,2342.1028756629444,0.0941022237141927,9.006465904684012e-06,799.2291666666666,0.08675,0.08675,0.0670060534606991,0.0473804347826086,19.575,0.4396,799.2291666666666,65.28333333333333,16.708333333333332,2024-08-20,0.0941022237141927,997.5704386862582
2024-08-21,2024-08-21,5269.604166666667,0.0097480267328609,102.63550427904848,2427.7227829319177,0.0945854480061175,2304.582118463673,0.104040781656901,9.93638941979028e-06,798.4333333333334,0.0800833333333333,0.0800833333333333,0.0575779630448785,0.040713768115942,19.402083333333334,2.6973,798.4333333333334,69.85000000000001,17.258333333333333,2024-08-21,0.104040781656901,1031.2057851130492
2024-08-22,2024-08-22,5019.5625,0.0099846401961104,100.1814744055704,2306.170203188293,0.1264891726678272,2178.4992016007545,0.1352005004882812,1.0857801461070268e-05,797.7312499999999,0.1104166666666666,0.1104166666666666,0.1004757744368623,0.0710471014492753,18.727083333333333,10.717299,797.7312499999999,86.125,14.883333333333333,2024-08-22,0.1352005004882812,1018.0294402968426
2024-08-23,2024-08-23,4989.520833333333,0.0100112842504452,99.8925315367932,2289.449571798684,0.1302869249798338,2161.6013363041616,0.1388422648111979,1.0950751072738502e-05,796.0875,0.1372083333333333,0.1372083333333333,0.1383649127954415,0.097838768115942,18.09375,2.4455,796.0875,88.46666666666665,14.625,2024-08-23,0.1388422648111979,1029.422108326559
2024-08-24,2024-08-24,5014.708333333333,0.0099871523143122,100.140835358304,2294.92609694571,0.1286822485064313,2176.1294759683287,0.134833017985026,1.0122732643040532e-05,796.775,0.1336666666666666,0.1336666666666666,0.1333562397620368,0.0942971014492753,18.402083333333334,3.3114998,796.775,81.18333333333334,15.183333333333332,2024-08-24,0.134833017985026,1027.0618196738474
2024-08-25,2024-08-25,5043.354166666667,0.0099595301511224,100.4238881786914,2325.090280516586,0.1197990622867704,2213.8332088196366,0.1242472330729166,9.310957122131502e-06,797.8708333333334,0.1291666666666666,0.1291666666666666,0.1269922787313579,0.0897971014492753,17.970833333333335,1.1601,797.8708333333334,76.45,14.425,2024-08-25,0.1242472330729166,1029.6034451684093
2024-08-26,2024-08-26,4995.854166666667,0.0100059569942247,99.95249710576728,2312.236804976032,0.1235263432608952,2213.109763783749,0.1245155334472656,8.305593253135427e-06,799.2833333333333,0.1318333333333333,0.1318333333333333,0.1307635148976861,0.092463768115942,18.058333333333334,3.6413,799.2833333333333,67.69166666666666,15.483333333333334,2024-08-26,0.1245155334472656,1026.2913369407945
2024-08-27,2024-08-27,5133.458333333333,0.0098708279984535,101.32005396710672,2380.7940446744965,0.1046190827379664,2286.8715866900925,0.1061668395996093,7.612538794604013e-06,799.475,0.118875,0.118875,0.1124376641519348,0.0795054347826086,18.904166666666665,0.0,799.475,65.05833333333334,15.133333333333333,2024-08-27,0.1061668395996093,1010.8483399282492
2024-08-28,2024-08-28,5373.729166666667,0.0096491159812917,103.6586615622868,2406.792129759292,0.0983186473289366,2320.440159464225,0.0989329020182291,6.897887950501215e-06,796.7791666666667,0.108,0.108,0.0970580916611274,0.0686304347826086,23.9,0.0,796.7791666666667,59.333333333333336,15.208333333333334,2024-08-28,0.0989329020182291,1006.2349861091917
2024-08-29,2024-08-29,5582.208333333333,0.0094651724245097,105.65802658450968,2511.3794028932384,0.0745412780701613,2425.1419356139318,0.0782788594563802,6.590685136320293e-06,795.4895833333334,,,,,,0.0,795.4895833333334,55.4,15.433333333333332,2024-08-29,0.0782788594563802,1007.9155855365216
2024-08-30,2024-08-30,5527.4375,0.0095124080681353,105.1367168437928,2527.0174624534347,0.0714696196525251,2450.0316958710428,0.0740292867024739,5.81787320304242e-06,799.0,,,,,,0.0,799.0,55.55833333333334,14.1,2024-08-30,0.0740292867024739,990.8357298283472
2024-08-31,2024-08-31,5594.0625,0.0094550801591104,105.7703733951878,2564.455803938595,0.0640169970210593,2492.323804551151,0.0670166015625,5.359292870173271e-06,799.3874999999999,,,,,,0.0,799.3874999999999,50.775,14.466666666666669,2024-08-31,0.0670166015625,977.5766307638122
2024-09-01,2024-09-01,5688.479166666667,0.0093767430516311,106.65746647995353,2593.554627071644,0.0588266089925756,2515.519570708125,0.0636075337727864,5.745374097003341e-06,798.7854166666666,,,,,,0.0,798.7854166666666,47.208333333333336,16.208333333333332,2024-09-01,0.0636075337727864,985.715248225199
2024-09-02,2024-09-02,5787.5625,0.0092960363822918,107.5827306259,2630.1454407089345,0.0523696303675852,2546.787549124954,0.0589981079101562,6.0641359764080015e-06,798.8333333333334,,,,,,0.0,798.8333333333334,51.55,15.508333333333333,2024-09-02,0.0589981079101562,980.1797664200632
2024-09-03,2024-09-03,5802.1875,0.0092842807129904,107.71871763988617,2639.930235719515,0.0507905415623069,2549.7329876918466,0.0586293538411458,6.552641285589201e-06,797.7166666666667,,,,,,0.0,797.7166666666667,55.43333333333334,15.791666666666666,2024-09-03,0.0586293538411458,974.6727249521579
2024-09-04,2024-09-04,5828.291666666667,0.009263578453384,107.96031039484582,2675.946523255689,0.0449158241792043,2578.049820157474,0.0546557108561197,7.028626482669815e-06,798.2770833333334,,,,,,0.0,798.2770833333334,60.68333333333334,14.2,2024-09-04,0.0546557108561197,990.0099272664779
2024-09-05,2024-09-05,5378.666666666667,0.0096453493259788,103.70387451211944,2605.0045125668835,0.0572989889268368,2494.2868599673443,0.0672887166341145,8.219758366941634e-06,801.1625,,,,,,4.9575,801.1625,76.30833333333334,13.075,2024-09-05,0.0672887166341145,1000.3234147798021
2024-09-06,2024-09-06,5410.5,0.0096147089892779,104.01844702085158,2636.5170317189736,0.0514090599211307,2541.063940857405,0.0598920186360677,6.957183845934964e-06,801.8291666666668,,,,,,1.0573,801.8291666666668,67.625,13.283333333333331,2024-09-06,0.0598920186360677,981.508951114197
2024-09-07,2024-09-07,5552.75,0.0094907943184206,105.37681746453728,2661.1918391089725,0.0472922151357316,2568.684045208124,0.0559743245442708,6.668988046355596e-06,798.8354166666667,,,,,,0.3807,798.8354166666667,59.79166666666666,14.516666666666666,2024-09-07,0.0559743245442708,980.2693432817924
2024-09-08,2024-09-08,5719.458333333333,0.0093512732398438,106.94768185222462,2694.1220730949467,0.04219029777742,2603.492539273432,0.0514577229817708,6.448761167425997e-06,796.5208333333334,,,,,,0.0,796.5208333333334,59.38333333333333,14.408333333333331,2024-09-08,0.0514577229817708,981.1633566519234
2024-09-09,2024-09-09,5747.958333333333,0.0093275795031464,107.21565356365416,2752.7710948886106,0.0334118041544904,2661.867804235077,0.0441754659016927,6.32399926188171e-06,796.7645833333332,,,,,,0.0,796.7645833333332,58.28333333333333,13.675,2024-09-09,0.0441754659016927,1004.1927024255647
2024-09-10,2024-09-10,5568.895833333333,0.0094767396525655,105.53098592056216,2658.1207582259,0.0477682160113683,2551.6189471751723,0.0582936604817708,7.727854846431047e-06,795.8770833333333,,,,,,0.1416,795.8770833333333,74.25833333333334,12.55,2024-09-10,0.0582936604817708,1025.300646630593
2024-09-11,2024-09-11,5647.770833333333,0.0094104514460405,106.27523960302304,2578.207087241417,0.0615884465771415,2487.083595044119,0.0679283142089843,6.78429502130354e-06,792.225,,,,,,0.39409998,792.225,60.86666666666667,13.625,2024-09-11,0.0679283142089843,1045.0209955793707
2024-09-12,2024-09-12,5983.958333333333,0.0091424832511131,109.39178710075308,2566.2402064759594,0.0640281495456036,2494.9520960515124,0.0669403076171875,5.29695759653844e-06,785.8958333333334,,,,,,0.93109995,785.8958333333334,43.175,16.525000000000002,2024-09-12,0.0669403076171875,1026.1063124326804
2024-09-13,2024-09-13,5971.375,0.0091526407690526,109.27462035087224,2661.7908806739315,0.0471758307796511,2596.607263903208,0.052258809407552,4.6504925145853255e-06,789.4604166666667,,,,,,0.0,789.4604166666667,43.59166666666667,14.191666666666668,2024-09-13,0.052258809407552,1033.33438780651
2024-09-14,2024-09-14,5784.833333333333,0.0092982246596779,107.55739755377148,2644.656070462056,0.0499607678111785,2580.0153206262435,0.0544382731119791,4.641816329857743e-06,793.6999999999999,,,,,,0.0,793.6999999999999,49.725,12.2,2024-09-14,0.0544382731119791,1014.1761996093588
2024-09-15,2024-09-15,5786.4375,0.0092976474598146,107.56976472769158,2647.6339175076077,0.0498871097126926,2574.174279979819,0.0555585225423177,5.287983417669007e-06,793.56875,0.0463478260869565,0.0463478260869565,0.0098687511635166,0.0069782608695652,16.917391304347827,0.0,793.56875,55.10833333333333,10.975,2024-09-15,0.0555585225423177,1013.393143664434
2024-09-16,2024-09-16,5773.708333333333,0.0093064831600447,107.4565954477847,2636.8660035551907,0.0511625485853803,2544.382695303099,0.0592486063639322,6.731794403818477e-06,791.9958333333334,0.0449166666666666,0.0449166666666666,0.0078447861014246,0.0055471014492753,16.154166666666665,0.5458,791.9958333333334,64.125,12.425,2024-09-16,0.0592486063639322,1005.1185862665849
2024-09-17,2024-09-17,5701.375,0.0093666480386801,106.77639729301984,2601.519723476747,0.0576743401737933,2497.9213625829734,0.0664901733398437,7.68017869213322e-06,789.2291666666666,0.0442916666666666,0.0442916666666666,0.0069609026249414,0.0049221014492753,16.170833333333334,1.0451,789.2291666666666,75.20833333333333,11.816666666666668,2024-09-17,0.0664901733398437,1012.2276930114625
2024-09-18,2024-09-18,5732.4375,0.0093403191937748,107.07033518442542,2593.4614194803016,0.0587793723425627,2531.584613684852,0.0612080891927083,4.530348078744925e-06,789.0458333333332,0.0436666666666666,0.0436666666666666,0.0060770191484582,0.0042971014492753,15.50625,3.2386,789.0458333333332,54.06666666666666,10.65,2024-09-18,0.0612080891927083,1018.8411185589113
2024-09-19,2024-09-19,5759.6875,0.0093183481136486,107.32395595249676,2641.503414385897,0.0505109368323757,2579.835743509369,0.0544611612955729,4.426048325575694e-06,791.9541666666668,0.0442083333333333,0.0442083333333333,0.0068430514947437,0.004838768115942,15.854166666666666,0.0,791.9541666666668,51.875,10.7,2024-09-19,0.0544611612955729,1008.9033643380086
2024-09-20,2024-09-20,5809.479166666667,0.0092785425516641,107.7860269691636,2654.5263993742115,0.0483208978067081,2583.3099663040216,0.0539703369140625,5.107098532769855e-06,791.21875,0.04525,0.04525,0.0083161906222157,0.0058804347826086,16.852083333333333,0.0,791.21875,53.14166666666667,12.583333333333334,2024-09-20,0.0539703369140625,998.4375417456887
2024-09-21,2024-09-21,5817.729166666667,0.009278333798191,107.8389382388717,2643.6633759026536,0.0512591860187348,2572.8075819588594,0.05682373046875,5.153383086707524e-06,790.4395833333333,0.044375,0.044375,0.0070787537551392,0.0050054347826086,15.564583333333331,0.0,790.4395833333333,60.25,9.491666666666667,2024-09-21,0.05682373046875,1018.5181819427034
2024-09-22,2024-09-22,4735.208333333333,0.0102773155913437,97.31125575308808,2221.8461100823138,0.1531175394169819,2140.975080497471,0.1455408732096354,6.9949284922959145e-06,794.0333333333333,0.2099583333333333,0.2099583333333333,0.2412489494580842,0.170588768115942,13.310416666666669,20.9186,794.0333333333333,87.10000000000001,8.058333333333334,2024-09-22,0.1455408732096354,1003.1867945222042
2024-09-23,2024-09-23,4879.770833333333,0.0101242302922026,98.78453732148908,2277.421414696338,0.1342350189452944,2202.537464183664,0.1273091634114583,6.297484564785747e-06,794.375,0.1805416666666666,0.1805416666666666,0.1996475004982757,0.1411721014492754,13.64375,0.0,794.375,75.63333333333334,9.475,2024-09-23,0.1273091634114583,1018.53107495824
2024-09-24,2024-09-24,4970.8125,0.0100306463748101,99.70327981578612,2286.2965116485943,0.1313328583332465,2211.8554300155547,0.1246757507324218,6.232592494037968e-06,794.8041666666667,0.1564583333333333,0.1564583333333333,0.1655885238711236,0.117088768115942,14.727083333333333,0.0,794.8041666666667,67.05833333333334,11.308333333333332,2024-09-24,0.1246757507324218,1007.5182328944967
2024-09-25,2024-09-25,5047.625,0.0099548571143005,100.4678719474346,2335.769746567212,0.1169455436247469,2255.6096953864085,0.1136461893717448,6.579156611103409e-06,795.6875,0.1380833333333333,0.1380833333333333,0.139602349662518,0.098713768115942,15.20625,0.0,795.6875,66.15833333333333,12.608333333333334,2024-09-25,0.1136461893717448,1008.7709014403644
2024-09-26,2024-09-26,5141.479166666667,0.0098624792215054,101.401405182003,2385.6092715940736,0.1032458987827879,2304.0970518604167,0.1021143595377604,6.553470423528341e-06,794.7333333333332,0.1237499999999999,0.1237499999999999,0.1193319552685036,0.0843804347826086,15.614583333333334,0.0,794.7333333333332,61.55,13.716666666666669,2024-09-26,0.1021143595377604,1017.9603373898325
2024-09-27,2024-09-27,5164.125,0.00984038922211,101.62600106579664,2397.1214511589287,0.1002716676817923,2319.442438527494,0.0986824035644531,6.201094349510376e-06,796.3958333333334,0.111375,0.111375,0.1018310624341366,0.0720054347826086,15.685416666666669,0.0,796.3958333333334,59.85833333333333,13.133333333333333,2024-09-27,0.0986824035644531,1012.403429469963
2024-09-28,2024-09-28,5157.875,0.0098470564506362,101.5620373507754,2421.3175529327004,0.0945685699222683,2341.25117556424,0.094281514485677,6.3320841081819895e-06,797.6833333333334,0.1002083333333333,0.1002083333333333,0.086039010987637,0.060838768115942,16.104166666666668,0.0,797.6833333333334,58.75833333333333,13.925,2024-09-28,0.094281514485677,1031.446983891519
2024-09-29,2024-09-29,5229.8125,0.0097790086167329,102.26815349894795,2429.690414176479,0.0923923648432889,2349.13055096302,0.0925394694010416,6.352980243906801e-06,796.8979166666667,0.09,0.09,0.0716022475384117,0.0506304347826086,16.358333333333334,0.0,796.8979166666667,58.16666666666666,14.466666666666669,2024-09-29,0.0925394694010416,1018.7890523820311
2024-09-30,2024-09-30,5428.0,0.0095976538523442,104.19213022104884,2486.7362585879737,0.0793682870148581,2410.3363879497783,0.080596923828125,5.869771648053131e-06,794.0,0.084,0.084,0.0631169661641731,0.0446304347826086,19.5,0.0,794.0,35.2,19.4,2024-09-30,0.080596923828125,1011.1647837813819
2023-06-30,,,,,,,,,,,,,,,,,,,,,,980.0601401632289
2023-10-29,,,,,,,,,,,,,,,,,,,,,,989.6052595182591
2023-10-30,,,,,,,,,,,,,,,,,,,,,,958.0587560016738
2024-03-29,,,,,,,,,,,,,,,,,,,,,,935.3738217658046
2024-03-30,,,,,,,,,,,,,,,,,,,,,,932.2274429225234
2024-03-31,,,,,,,,,,,,,,,,,,,,,,933.480043744048
