,Site,Trees (mm),Average Grass (mm),Fraction Forest,Fraction Shrubland and Pasture,BWE Representing 200 m Radius Footprint (mm),BWE Uncertainty (mm)
0,RF 5,46.48904348249396,0.41553174400000004,0.4460431654676259,0.5539568345323742,20.966306764047665,0.9087933656861141
