,Site,Trees (mm),Grass (mm),Fraction Forest,Fraction Sagebrush Steppe,BWE Representing 200 m Radius Footprint (mm),BWE Uncertainty (mm)
0,RF 7,8.800861667474607,0.293295776,0.9202898550724639,0.07971014492753623,8.122722357284601,0.9375025415364605
