,date,Date (aggregated based on UTC),Raw_Moderated_cph,Raw_Mod_Coeff_of_Var,Raw_Mod_sqrt,Corrected_Mod_cph_for_Des,SWC_Des_cm3_cm3,Corrected_Mod_cph_for_UTS,SWC_UTS_cm3_cm3,Rhov_g_cm3,BaroPress_mb,SWC_5,SWC_10,WeightedTDR_SWC,WeightedTDR_SD,WeightedTDR_SE,sT_5,sT_10,PRISM_ppt_mm,BaroPress,airRH,airT,date.1,CRNS,Bare,scaled_stationary_N_Des,scaled_stationary_N_UTS,N0,TDR_pore_swc_g,TDR_tot_swc_g,NewName,ND
0,2023-07-01,2023-07-01,5878.978260869565,0.0092233699435975,108.4294749950217,2573.8123042591337,0.0655416100714808,2482.93853288845,0.0554743227751358,6.778760635724014e-06,794.8891304347826,0.0212173913043478,0.0665869565217391,0.0418520118641829,0.0,0.0,18.941304347826087,18.2108695652174,,794.8891304347826,60.16956521739131,14.558695652173911,2023-07-01,0.0554743227751358,839.4724857042653,3334.4317241375543,3216.7027096134543,4415.254402091137,0.03108495627731677,0.08508495627731677,F4,6174.814193385468
1,2023-07-02,2023-07-02,6031.0,0.0091059730604814,109.82409298850916,2610.378804700368,0.05731060558747,2523.4890964410065,0.0488904317220052,6.377400826550674e-06,793.9416666666666,0.0287708333333333,0.067,0.0461579152836575,0.0052808514994679,0.0030572190470408,21.522916666666664,19.53333333333333,0.0,793.9416666666666,48.34166666666667,17.35625,2023-07-02,0.0488904317220052,825.8079237152382,3381.8044478245824,3269.2368766611253,4523.9223746641555,0.03428310168459324,0.08828310168459323,F4,6349.230514475325
2,2023-07-03,2023-07-03,6126.916666666667,0.0090345729659718,110.6933128830741,2640.8089003652744,0.0509199491276666,2563.607582166692,0.0429458618164062,5.580543019721938e-06,793.1479166666667,0.028875,0.0680625,0.0466979434052097,0.005943153469028,0.0034406424772273,23.76458333333333,21.00625,0.0,793.1479166666667,38.9125,18.991666666666667,2023-07-03,0.0429458618164062,821.3182949385633,3421.227321118683,3321.211277166834,4582.422813682382,0.034684199500426977,0.08868419950042698,F4,6458.579465039394
3,2023-07-04,2023-07-04,6182.625,0.0089935719726819,111.19627229419444,2632.181279501241,0.0526946107587776,2551.466021855136,0.0446993509928385,5.860444439752947e-06,791.4770833333333,0.0215625,0.068375,0.0428533845462553,0.0012281047470157,0.000710981027343,23.251063829787235,21.13125,0.0,791.4770833333333,38.427083333333336,19.041666666666668,2023-07-04,0.0446993509928385,817.1666551824419,3410.050044257717,3305.4816127245645,4526.239532685403,0.031828710870059757,0.08582871087005976,F4,6362.806627114381
4,2023-07-05,2023-07-05,6166.770833333333,0.0090050304567761,111.05399886211283,2642.585941256678,0.0505112571124661,2547.054592446032,0.0453160603841145,6.946951323410344e-06,791.5437499999999,0.0186458333333333,0.06825,0.0310409157870638,0.0132589580787001,0.0076759475600103,22.502127659574462,20.59375,0.0022,791.5437499999999,48.90833333333333,17.872916666666665,2023-07-05,0.0453160603841145,820.1984293917569,3423.529517558408,3299.7665067138546,4412.234682577722,0.023055176252459196,0.0770551762524592,F4,6140.068987322164
5,2023-07-06,2023-07-06,6259.145833333333,0.0089395706541971,111.87746946004108,2654.891475866495,0.0480700219923072,2565.9210694827884,0.0426470438639322,6.432128581139921e-06,791.2666666666668,0.0190833333333333,0.0676875,0.0307850840635441,0.0135727155435449,0.0078575897246823,22.30208333333333,19.89583333333333,0.0,791.2666666666668,50.35416666666666,17.46875,2023-07-06,0.0426470438639322,818.6189992392808,3439.471614391789,3324.2084520142057,4429.827865464833,0.022865161063565346,0.07686516106356535,F4,6181.368670026002
6,2023-07-07,2023-07-07,6422.333333333333,0.008824343360799,113.33049868164647,2662.46848775654,0.0465880062327586,2592.698284161057,0.0388730367024739,4.984418510916486e-06,789.5104166666666,0.0165208333333333,0.0683125,0.0310693415341216,0.0132240961381618,0.007655765097269,23.922916666666666,21.197916666666668,0.0,789.5104166666666,40.71458333333333,17.35625,2023-07-07,0.0388730367024739,813.4122359755635,3449.287803699193,3358.8989358383405,4445.760702481208,0.023076289051225222,0.07707628905122522,F4,6251.155708728506
7,2023-07-08,2023-07-08,6448.020833333333,0.0088073027281724,113.55454553422818,2669.8665181956044,0.0450408848514594,2594.7902685767463,0.0385729471842447,5.365790934885366e-06,788.8395833333334,0.0149166666666666,0.0679791666666666,0.0309177375498136,0.0134100264876994,0.0077634048985561,23.870833333333334,21.091666666666665,0.0,788.8395833333334,43.583333333333336,17.4875,2023-07-08,0.0385729471842447,819.6324070569701,3458.8721185116333,3361.6091486967266,4456.3547689002,0.022963687457806622,0.07696368745780663,F4,6252.107906175093
8,2023-07-09,2023-07-09,6476.0625,0.0087879617010364,113.8022646817969,2711.431201467622,0.0370992447142635,2653.817473275373,0.0308609008789062,4.023060332754423e-06,791.0166666666668,0.013625,0.0675208333333333,0.0307092820713901,0.0136656807183137,0.0079114096253258,21.0575,21.15,0.0,791.0166666666668,31.5,17.722916666666666,2023-07-09,0.0308609008789062,820.037888079702,3512.7201004629974,3438.080219881118,4523.273119287031,0.022808860266856044,0.07680886026685604,F4,6402.540039515967
9,2023-07-10,2023-07-10,6419.25,0.0088262994961876,113.30399891754396,2704.888335397988,0.0382986213230414,2640.0692086810614,0.032574971516927,4.551132373325653e-06,792.1041666666666,0.0128958333333333,0.0680625,0.0309556385458906,0.013363543900315,0.0077364949482343,25.754166666666663,22.475,0.0,792.1041666666666,28.354166666666668,19.90833333333333,2023-07-10,0.032574971516927,818.5616063104902,3504.2436703234457,3420.269033906426,4515.256401818776,0.02299183785616127,0.07699183785616127,F4,6363.036574520327
10,2023-07-11,2023-07-11,6353.833333333333,0.0088716173333319,112.72519975822728,2710.841000758495,0.0371710566214738,2635.6557531444096,0.0330912272135416,5.282926855280288e-06,793.0958333333333,0.01275,0.0675625,0.0307282325694286,0.0136424394246215,0.0078979546501649,23.866666666666667,22.535416666666663,0.0,793.0958333333333,33.735416666666666,20.652083333333334,2023-07-11,0.0330912272135416,816.737349049319,3511.9554821709544,3414.5513030019115,4522.51208705323,0.022822935466033367,0.07682293546603336,F4,6348.072886147623
11,2023-07-12,2023-07-12,6287.75,0.0089178888215799,112.13841300219164,2692.4015256188927,0.0406422728345847,2603.331219229277,0.0373942057291666,6.343379935942587e-06,792.8916666666668,0.0122083333333333,0.0674791666666666,0.0306903315733516,0.0136889220120059,0.0079248646004867,26.397916666666664,23.19375,0.0,792.8916666666668,36.72708333333333,21.03125,2023-07-12,0.0373942057291666,827.3666346271434,3488.0667274314615,3372.6741423495137,4491.305313777105,0.022794785067678718,0.07679478506767871,F4,6269.81551838462
12,2023-07-13,2023-07-13,6422.333333333333,0.0088240135347563,113.3319159025833,2705.0042653742435,0.0383085292367437,2617.556222213648,0.03546142578125,6.18397558526995e-06,792.1979166666666,0.0124583333333333,0.0673333333333333,0.0306240048302168,0.0137702665399286,0.0079719570135498,25.672727272727272,23.629166666666663,0.0,792.1979166666666,37.47083333333333,21.13125,2023-07-13,0.03546142578125,820.3847932131914,3504.393860214902,3391.102953630176,4511.547473841823,0.022745521870558044,0.07674552187055804,F4,6301.952806310415
13,2023-07-14,2023-07-14,6503.458333333333,0.0087689323340263,114.0449005866843,2702.414304346437,0.0388303374213487,2627.1787091724937,0.0342432657877604,5.304653048154265e-06,792.6104166666668,0.011625,0.0666875,0.0303302721106201,0.0141305065921578,0.0081805091285436,24.01707317073171,23.425,0.0,792.6104166666668,36.454166666666666,20.116666666666667,2023-07-14,0.0342432657877604,814.4087452598826,3501.0385074562305,3403.569101891096,4503.769471451875,0.02252735628330954,0.07652735628330953,F4,6319.22124587511
14,2023-07-15,2023-07-15,6364.854166666667,0.0088647515289947,112.8194362308115,2739.245243903953,0.0320546227790359,2674.0360326321893,0.0284067789713541,4.51969326781615e-06,794.6916666666666,0.0105833333333333,0.0661875,0.030102866134158,0.0144094021164642,0.0083419688304742,23.2625,23.516666666666666,0.0,794.6916666666666,33.77291666666667,18.175,2023-07-15,0.0284067789713541,821.5503391861315,3548.7538179655276,3464.273818234877,4562.433599582535,0.022358453893181564,0.07635845389318156,F4,6431.988124127561
16,2023-07-17,2023-07-17,6244.5625,0.0089496770578883,111.74844272980556,2752.8251471970893,0.0297045617340093,2680.286989662728,0.0276896158854166,5.013723418385682e-06,795.5083333333333,0.0098958333333333,0.0656875,0.029875460157696,0.0146882976407707,0.0085034285324049,24.176315789473687,24.422916666666666,0.0,795.5083333333333,29.88958333333333,21.804166666666664,2023-07-17,0.0276896158854166,825.9425982638046,3566.3468880881715,3472.3720736493674,4582.3182619071995,0.022189551503053663,0.07618955150305366,F4,6438.550792564149
17,2023-07-18,2023-07-18,6342.229166666667,0.0088794932185298,112.62321487650996,2760.478584340526,0.0282506510936118,2682.636389891692,0.0273017883300781,5.372569038253368e-06,793.9875000000001,0.0095625,0.0654166666666666,0.0297522819204458,0.01483936604977,0.0085908858709507,26.56279069767442,24.84375,0.0,793.9875000000001,29.37291666666667,22.6,2023-07-18,0.0273017883300781,830.2582642060958,3576.2620880301165,3475.415774483026,4593.571922163233,0.022098062708401086,0.07609806270840108,F4,6443.696475366255
18,2023-07-19,2023-07-19,6135.666666666667,0.0090279885694748,110.7729134596017,2728.3499142517226,0.0340233749306574,2604.701027351464,0.0372695922851562,8.79972008037642e-06,796.1104166666668,0.0108541666666666,0.0650625,0.0295912026871185,0.0150369170461538,0.0087052531598182,26.95909090909091,24.88125,0.0,796.1104166666668,49.27291666666667,21.48958333333333,2023-07-19,0.0372695922851562,844.8147837539942,3534.638673369624,3374.4487595782225,4538.186109564282,0.021978423515393787,0.07597842351539379,F4,6250.070032235082
19,2023-07-20,2023-07-20,5964.875,0.0091569834796567,109.21769407425845,2644.5537605698914,0.0503159978480479,2514.1174113805137,0.0505294799804687,9.612638502680834e-06,796.4541666666668,0.0185416666666666,0.0630625,0.0286815787812705,0.0161524991433796,0.0093510919675408,23.666666666666668,23.210416666666664,6.8655996,796.4541666666668,59.60833333333333,19.972916666666663,2023-07-20,0.0505294799804687,862.3199841763964,3426.078871734115,3257.0956478999515,4388.256080342986,0.021302813954882177,0.07530281395488217,F4,6016.81749820646
20,2023-07-21,2023-07-21,6052.020833333333,0.0090906799750373,110.01315232194288,2683.535163077688,0.0424394578799879,2569.591019776118,0.0422210693359375,8.230245978229361e-06,796.7395833333334,0.0271041666666666,0.0620833333333333,0.0430131097699878,0.0014239951572455,0.0008243869607133,23.08333333333333,22.10833333333333,0.0,796.7395833333334,57.34583333333333,19.1125,2023-07-21,0.0422210693359375,846.810640501126,3476.5801553585197,3328.9629551548724,4616.307102018911,0.031947344392678025,0.08594734439267802,F4,6410.66465346891
21,2023-07-22,2023-07-22,6288.875,0.0089176932208199,112.14592059597146,2727.9983690897043,0.0341204282028145,2642.7445414804274,0.0322952270507812,5.977964339246488e-06,796.2291666666666,0.0284375,0.0626875,0.0440148093876474,0.0026525008650162,0.0015356001144203,24.022916666666664,22.510416666666668,0.0,796.2291666666666,42.62708333333334,19.191666666666663,2023-07-22,0.0322952270507812,830.4127482429353,3534.1832387061245,3423.734987715128,4703.988191590177,0.03269134181194191,0.08669134181194191,F4,6609.129901125083
22,2023-07-23,2023-07-23,6326.5625,0.0088905861632753,112.48357769083968,2734.2599841157303,0.0328861566646451,2661.648962918852,0.029852549235026,5.053343336417481e-06,795.88125,0.020375,0.0641875,0.0403014486874833,0.001901643645712,0.0011009098011828,24.323809523809523,23.6875,0.0,795.88125,29.791666666666668,21.547916666666666,2023-07-23,0.029852549235026,835.9595700157626,3542.295301793463,3448.2260908411945,4672.928836628919,0.02993329865308262,0.08393329865308262,F4,6590.855174195646
23,2023-07-24,2023-07-24,6260.479166666667,0.0089373246700075,111.89483123310976,2750.728398119878,0.0299276163449004,2661.8658070032243,0.0298042297363281,6.1833373612703865e-06,796.9583333333334,0.0131666666666666,0.0651666666666666,0.0296385789322148,0.0149788138119233,0.008671615721916,26.026666666666667,24.120833333333334,0.0,796.9583333333334,35.52708333333333,22.004166666666663,2023-07-24,0.0298042297363281,834.1983540478869,3563.630502503628,3448.5070172292326,4575.979364496738,0.022013611513337136,0.07601361151333713,F4,6389.655544410683
24,2023-07-25,2023-07-25,6240.291666666667,0.0089521342275859,111.71275661268726,2752.7364725741613,0.0296219575460609,2652.10191595438,0.0310440063476562,7.02968840022168e-06,796.6708333333332,0.0111041666666666,0.0655625,0.0298186086635805,0.0147580215218473,0.0085437934578875,27.14583333333333,24.54375,0.0,796.6708333333332,38.75208333333333,21.85625,2023-07-25,0.0310440063476562,833.567509344425,3566.2320081199127,3435.8576767895997,4581.486770176681,0.022147325905521688,0.07614732590552169,F4,6369.892348522329
25,2023-07-26,2023-07-26,6154.6875,0.0090139295868151,110.94488888350118,2739.095509574254,0.0322866692651003,2635.2961892187536,0.0333391825358072,7.29244289209446e-06,796.7312499999999,0.0110625,0.0646041666666666,0.029382747208695,0.015292571276768,0.008853257886588,25.308333333333334,23.59583333333333,0.1408,796.7312499999999,43.01875,21.15,2023-07-26,0.0333391825358072,827.9223558854927,3548.5598337739393,3414.0854798497808,4553.560260631988,0.02182359632444321,0.07582359632444322,F4,6321.260401468065
26,2023-07-27,2023-07-27,6165.145833333333,0.0090062196679669,111.0393563883271,2736.956979381428,0.0324819597511677,2627.7391031330053,0.0341606140136718,7.695230106905903e-06,795.8395833333334,0.0105208333333333,0.0639791666666666,0.0290984897381175,0.0156411906821511,0.0090550825140013,24.43958333333333,22.84583333333333,0.3489,795.8395833333334,48.17083333333333,20.14583333333333,2023-07-27,0.0341606140136718,821.1965864908774,3545.7893198144775,3404.295104869966,4546.595342327437,0.02161246833678333,0.07561246833678333,F4,6297.010505252547
27,2023-07-28,2023-07-28,6230.833333333333,0.0089585140743523,111.62977403160436,2730.325844238968,0.0335828036946962,2637.225792725043,0.0329182942708333,6.540641919182871e-06,795.4666666666667,0.0104166666666666,0.0638541666666666,0.029041638244002,0.0157109145632277,0.009095447439484,25.28333333333333,23.041666666666668,0.0,795.4666666666667,36.68125,21.99791666666667,2023-07-28,0.0329182942708333,813.5979664329562,3537.198535105945,3416.5853245881603,4534.898933688095,0.021570242739251358,0.07557024273925136,F4,6318.92481188171
28,2023-07-29,2023-07-29,6234.291666666667,0.0089563989003043,111.65920274356142,2757.612340418817,0.0287931895173267,2665.087356258717,0.0294736226399739,6.431285317657305e-06,796.6333333333333,0.0095,0.063875,0.0290511134930213,0.0156992939163816,0.0090887199519035,25.885416666666668,23.616666666666664,0.0174,796.6333333333333,36.59791666666667,21.852083333333336,2023-07-29,0.0294736226399739,823.0806454076939,3572.5488045689067,3452.6806067410284,4580.33470544363,0.021577280338840057,0.07557728033884006,F4,6385.073870834311
29,2023-07-30,2023-07-30,6160.041666666667,0.009010287292553,110.99200350115233,2734.622853474983,0.032870908657311,2631.23110041592,0.0337193806966145,7.27752392165196e-06,796.8979166666667,0.0097708333333333,0.0638541666666666,0.029041638244002,0.0157109145632277,0.009095447439484,26.288636363636364,24.2375,0.0004,796.8979166666667,37.54166666666666,23.04375,2023-07-30,0.0337193806966145,823.7662192928825,3542.765407209156,3408.819065883551,4542.035994872045,0.021570242739251358,0.07557024273925136,F4,6303.926539667143
30,2023-07-31,2023-07-31,6172.354166666667,0.0090009760966101,111.1041822942222,2725.989005819702,0.0344688399201075,2599.9507149401256,0.0378608703613281,8.977990143328121e-06,796.2687500000001,0.0089791666666666,0.0633958333333333,0.0288331827655785,0.015966568793842,0.0092434521662537,25.66875,24.179166666666664,0.65999997,796.2687500000001,53.275,20.16875,2023-07-31,0.0378608703613281,826.199129545636,3531.580063400091,3368.2946230167804,4525.201611435015,0.02141541554830078,0.07541541554830078,F4,6226.376424444229
33,2023-08-03,2023-08-03,5429.125,0.0096097585680562,104.15447789598568,2445.5125785048945,0.1012549148539312,2325.619649992467,0.0882174173990885,9.563815367199512e-06,794.9833333333332,0.1779574468085106,0.0642291666666666,0.1262324656145093,0.1034859824532621,0.0599106634014839,22.60833333333333,22.70833333333333,12.2318,794.9833333333332,69.60833333333333,17.383333333333333,2023-08-03,0.0882174173990885,898.7271449888652,3168.2165440153863,3012.892558785365,4906.7705367434455,0.09375727712060189,0.14775727712060188,F4,6859.82313911829
34,2023-08-04,2023-08-04,5437.208333333333,0.0095912808523731,104.27406791014498,2434.5658108218354,0.1014467089451317,2336.928012196891,0.0834337870279948,7.751920118234972e-06,794.5479166666668,0.1773749999999999,0.0673541666666666,0.1273362099293393,0.1048396379471678,0.0606943289447238,20.197916666666668,19.95625,1.3836,794.5479166666668,58.07291666666666,17.352083333333333,2023-08-04,0.0834337870279948,878.8903780247296,3154.0347602937245,3027.5427963415655,4892.5305774022545,0.09457706671349336,0.14857706671349336,F4,6904.4933854185765
35,2023-08-05,2023-08-05,5557.416666666667,0.0094863633435476,105.42274945633832,2512.8574477,0.0800525866328064,2424.2633467797355,0.0656623840332031,6.770406766536295e-06,794.5770833333332,0.1456666666666666,0.0723125,0.1123043148698864,0.0864042022600754,0.0500215870339252,21.95,21.147916666666667,0.0,794.5770833333332,45.958333333333336,18.7875,2023-08-05,0.0656623840332031,877.0490231416126,3255.4633366157864,3140.687686429046,4938.255927624954,0.08341235133004497,0.13741235133004498,F4,6994.964642146278
36,2023-08-06,2023-08-06,5646.645833333333,0.0094114225513914,106.26453204740416,2559.3087081033805,0.0687713061625164,2468.7395488733387,0.0578091939290364,6.800319194711332e-06,794.0500000000001,0.1253333333333333,0.0762291666666666,0.1030001713949604,0.0749934028913282,0.0434155854874682,22.360416666666666,21.6375,0.0,794.0500000000001,51.364583333333336,17.908333333333335,2023-08-06,0.0578091939290364,873.9895598694627,3315.6419891379214,3198.3076064926236,4955.682221298958,0.07650183782702574,0.13050183782702574,F4,7010.6088220974325
37,2023-08-07,2023-08-07,5759.958333333333,0.0093183490845574,107.3256236506282,2591.5576039427965,0.0614983698399337,2513.532664638337,0.0505447387695312,5.755648629582478e-06,793.9854166666668,0.1103958333333333,0.079625,0.0964008905319006,0.0668999045366087,0.0387300537451469,22.9625,22.1375,0.0,793.9854166666668,40.90208333333333,18.59583333333333,2023-08-07,0.0505447387695312,856.759579390896,3357.4211589621596,3256.3380953447504,4963.33134983011,0.07160032060114764,0.12560032060114762,F4,7054.482698554912
38,2023-08-08,2023-08-08,5960.270833333333,0.0091608750121999,109.17407276827056,2630.05942257124,0.0532328073438445,2560.397813844725,0.0435320536295572,5.050747610011903e-06,792.3249999999999,0.0959375,0.0803958333333333,0.0888689642316393,0.0576625899891612,0.0333823377601757,21.46666666666667,21.0875,0.0,792.3249999999999,37.49166666666667,17.966666666666665,2023-08-08,0.0435320536295572,854.2308732222945,3407.3011308852197,3317.052950119369,4971.713134836869,0.06600609491643299,0.12000609491643298,F4,7085.657072525363
39,2023-08-09,2023-08-09,6014.666666666667,0.0091190792552817,109.6722392096638,2641.470131856949,0.0508355440411044,2573.9062560312736,0.0415547688802083,4.87097007236124e-06,791.6895833333333,0.0835208333333333,0.0807291666666666,0.0822511499647538,0.0495463618739596,0.0286836471822599,21.4125,20.4625,0.0,791.6895833333333,42.89791666666667,15.46875,2023-08-09,0.0415547688802083,847.3267101750475,3422.0839613869693,3334.5534407712976,4933.86750024727,0.06109081228187008,0.11509081228187008,F4,7030.742431846906
40,2023-08-10,2023-08-10,6145.75,0.0090202833849042,110.86511142266797,2661.526242608012,0.0466846087034366,2583.988607511348,0.0400199890136718,5.557566572686753e-06,791.3770833333333,0.0690625,0.0829166666666666,0.0753635405978014,0.0410992513120471,0.0237934003527589,23.647916666666664,22.125,0.0,791.3770833333333,38.63958333333333,18.216666666666665,2023-08-10,0.0400199890136718,839.6474593153273,3448.067103918573,3347.6153538616322,4907.1986058710145,0.05597514336918439,0.10997514336918439,F4,6961.015000748728
41,2023-08-11,2023-08-11,5979.25,0.0091454477138393,109.3512748968101,2637.513226305226,0.0515944393049367,2527.067826458818,0.0483576456705729,8.095016505389938e-06,793.5541666666667,0.0567708333333333,0.0825833333333333,0.0685106668681844,0.0326947412742609,0.0189278160485696,22.27916666666667,21.402083333333334,0.6344,793.5541666666667,60.05625,17.008333333333333,2023-08-11,0.0483576456705729,835.0063328813685,3416.957701255549,3273.873201883352,4797.782230718466,0.050885273831958594,0.1048852738319586,F4,6708.253951963726
42,2023-08-12,2023-08-12,6049.791666666667,0.0090917144034281,109.99548481833132,2653.2158895598345,0.0483652069739372,2539.5644698316446,0.0464388529459635,8.287710320465528e-06,794.2208333333333,0.0496666666666666,0.0826041666666666,0.0646470353661013,0.027956301457221,0.0161846128997269,23.85625,22.214583333333334,0.0,794.2208333333333,55.80416666666667,18.12708333333333,2023-08-12,0.0464388529459635,829.9602176251318,3437.30085464827,3290.0628844171683,4788.522359237833,0.04801561928097392,0.10201561928097393,F4,6683.281264606844
43,2023-08-13,2023-08-13,6156.354166666667,0.0090129267453967,110.95900131158923,2676.274218704916,0.0437940988152385,2574.291666719548,0.0414225260416666,7.342423381813947e-06,794.4791666666666,0.043,0.0809583333333333,0.0602639037130739,0.0225807356102103,0.0130725613115012,23.660416666666663,21.65833333333333,0.5475,794.4791666666666,52.675,18.125,2023-08-13,0.0414225260416666,828.6171802506392,3467.17343862797,3335.0527489856836,4786.055978956473,0.044760113757506305,0.0987601137575063,F4,6706.729708764427
44,2023-08-14,2023-08-14,6125.145833333333,0.0090362993753244,110.67561450603591,2681.8972964494324,0.0427451365489088,2597.706054053589,0.038183848063151,6.003309606574062e-06,796.5833333333334,0.0358958333333333,0.0802083333333333,0.0560496879972786,0.0174123318598646,0.0100804411221821,24.440425531914894,22.679166666666664,0.0,796.5833333333334,44.40208333333334,18.03333333333333,2023-08-14,0.038183848063151,824.2718895903417,3474.458262306674,3365.386614356781,4752.813964664757,0.04163006802174116,0.09563006802174116,F4,6700.150981254166
45,2023-08-15,2023-08-15,6064.1875,0.0090812781865456,110.12482955363376,2690.2082370346225,0.0410493394814953,2600.716738721524,0.0377057393391927,6.374550819765019e-06,798.3291666666668,0.0308541666666666,0.078625,0.0525809126678075,0.0131581520477707,0.0076175883886068,22.575,22.87708333333333,0.0,798.3291666666668,43.36666666666667,19.125,2023-08-15,0.0377057393391927,828.0302714053391,3485.22527274439,3369.287024053139,4731.166993271452,0.039053686991305604,0.0930536869913056,F4,6650.766080598368
46,2023-08-16,2023-08-16,6174.583333333333,0.0089996938545977,111.1228289870174,2695.2756101818054,0.0400829483779885,2594.2431341126176,0.0385793050130208,7.212470161075767e-06,796.4875000000001,0.0265,0.0775416666666666,0.0497143600971631,0.009642551030682,0.005582317676616,25.79787234042553,23.73958333333333,0.0,796.4875000000001,43.80625,20.42708333333333,2023-08-16,0.0385793050130208,821.480521545179,3491.7901686196833,3360.900323693621,4709.524226310773,0.03692459791395664,0.09092459791395664,F4,6586.820032862013
47,2023-08-17,2023-08-17,6240.729166666667,0.0089520430078144,111.71575632769832,2706.578926005407,0.0380755577766048,2600.375570793848,0.0378379821777343,7.56400493138211e-06,795.1666666666666,0.0247708333333333,0.0748333333333333,0.0475398567265917,0.0069756938659012,0.0040384063356653,23.327272727272728,22.22083333333333,1.2965,795.1666666666666,47.275,20.20833333333333,2023-08-17,0.0378379821777343,824.3035996020411,3506.433868476038,3368.8450333301093,4705.729072239947,0.035309518036352544,0.08930951803635255,F4,6565.768110244952
48,2023-08-18,2023-08-18,6248.916666666667,0.0089455820082804,111.79149020453332,2715.087695546094,0.0363864271241406,2591.1169519282585,0.0390116373697916,8.859587896867546e-06,794.4104166666666,0.0232083333333333,0.0742291666666666,0.0464132181814772,0.0055939604012309,0.0032384857420736,24.9,23.23333333333333,0.0,794.4104166666666,54.35208333333333,19.641666666666666,2023-08-18,0.0390116373697916,825.6567514662565,3517.457170774691,3356.850284367245,4708.19156064267,0.03447272409610243,0.08847272409610242,F4,6523.584558657565
49,2023-08-19,2023-08-19,6184.270833333333,0.0089924210773315,111.21088161615285,2701.802851232725,0.0389396891771412,2588.627733457517,0.0394287109375,8.098388873401712e-06,794.5416666666666,0.0244166666666666,0.0723958333333333,0.046238165158,0.005379271651517,0.003114196972568,23.13636363636364,22.18541666666667,0.7998,794.5416666666666,53.06875,19.57708333333333,2023-08-19,0.0394287109375,824.8307442494078,3500.24635619609,3353.6254458569097,4683.242194582746,0.03434270607931844,0.08834270607931845,F4,6513.4632986984225
50,2023-08-20,2023-08-20,6278.770833333333,0.0089244164104625,112.0576695504118,2750.3042467196847,0.0300769778715251,2663.7805297291534,0.0296300252278645,6.022578417710823e-06,794.4479166666666,0.0219583333333333,0.0721666666666666,0.0447936834697264,0.0036077285985602,0.0020886057086027,23.58292682926829,23.20833333333333,0.0,794.4479166666666,41.04166666666666,20.68125,2023-08-20,0.0296300252278645,830.2080441846193,3563.0810048256885,3450.9875835819926,4751.189873037184,0.03326983889508168,0.08726983889508168,F4,6676.4954136387305
51,2023-08-21,2023-08-21,6249.895833333333,0.0089457059011332,111.79679759750331,2759.5886268003646,0.0284500944235108,2688.0065688107925,0.0267410278320312,4.937109754007004e-06,796.3000000000001,0.0191458333333333,0.0715,0.0325190546340669,0.0114461371707081,0.006626459497461,23.15128205128205,23.33333333333333,0.0,796.3000000000001,29.86875,21.191666666666663,2023-08-21,0.0267410278320312,827.8309594392665,3575.1091280220617,3482.3729620458143,4625.250879032892,0.024153041788290634,0.07815304178829063,F4,6508.757665414891
52,2023-08-22,2023-08-22,6176.395833333333,0.0089979462746986,111.1409013492277,2750.0647807644086,0.0300451401098102,2660.0299603470226,0.0300318400065104,6.270148137519207e-06,797.1125000000001,0.01775,0.0709166666666666,0.0322537476615279,0.011771515282399,0.0068148291497135,26.1125,23.866666666666664,0.0,797.1125000000001,35.88125,20.714583333333334,2023-08-22,0.0300318400065104,824.7654551461532,3562.7707712951387,3446.1286365986944,4606.138491156248,0.02395598899980808,0.07795598899980807,F4,6436.327522254254
53,2023-08-23,2023-08-23,6150.520833333333,0.0090180092517022,110.90313161586693,2757.1447733162254,0.0289404910836552,2641.283865427068,0.0324885050455729,8.125309952280756e-06,796.8249999999999,0.01775,0.0695416666666666,0.0316283812262573,0.0125384779742417,0.0072588433300228,24.80652173913043,23.14375,1.0366,796.8249999999999,54.05,18.99375,2023-08-23,0.0324885050455729,866.1336721805125,3571.9430608721095,3421.842649038004,4610.537403224205,0.023491507426956278,0.07749150742695628,F4,6378.799310345282
54,2023-08-24,2023-08-24,5670.25,0.0093937695896508,106.47893061693036,2534.3391747799674,0.0750237976000219,2398.409439259678,0.070813496907552,1.0506105975755688e-05,795.2937499999999,0.1000625,0.068375,0.0856506462417203,0.0537155763831519,0.0310973113441826,22.49090909090909,22.57708333333333,10.415,795.2937499999999,76.36041666666667,17.339583333333334,2023-08-24,0.070813496907552,904.414344675846,3283.293397163005,3107.1933677931684,4763.246128550354,0.06361573733152677,0.11761573733152676,F4,6596.392607762113
55,2023-08-25,2023-08-25,5657.520833333333,0.009402031723218,106.36812055861664,2545.352708515464,0.0720938579624775,2395.248278596845,0.0711390177408854,1.1608880838691482e-05,796.0729166666666,0.1008541666666666,0.0676875,0.0857695702280202,0.0538614272883381,0.0311817481372657,20.641666666666666,21.339583333333334,5.1161,796.0729166666666,87.0,15.791666666666666,2023-08-25,0.0711390177408854,893.892043293761,3297.5616778071408,3103.0980130612775,4784.974034112725,0.06370406634487154,0.11770406634487153,F4,6589.652745856455
56,2023-08-26,2023-08-26,5610.020833333333,0.0094416748124222,105.92092948925404,2533.782362597743,0.0748499642794536,2402.335869334044,0.0697364807128906,1.0136083057448215e-05,796.65625,0.1105,0.0674166666666666,0.0909051850281904,0.0601598544652016,0.0348280675865907,21.55,20.585416666666667,5.619,796.65625,73.05208333333333,17.447916666666668,2023-08-26,0.0697364807128906,890.5362241444561,3282.5720344584583,3112.2801462582916,4806.934645059675,0.06751846747900321,0.1215184674790032,F4,6674.20081396966
57,2023-08-27,2023-08-27,5610.229166666667,0.0094434492292854,105.91557914055048,2515.2750933731263,0.0797330931692612,2392.178054188233,0.0720545450846354,9.543534858613996e-06,796.5166666666668,0.1243958333333333,0.069,0.0992011461911468,0.0703341976120507,0.0407182532247989,22.31875,21.922916666666666,3.3292,796.5166666666668,67.2,18.241666666666667,2023-08-27,0.0720545450846354,892.5125625356854,3258.5954509571684,3099.120468291849,4839.979150705893,0.07368016863845242,0.12768016863845244,F4,6748.045402598383
58,2023-08-28,2023-08-28,5842.166666666667,0.0092530399888994,108.08692023060138,2593.93087772966,0.0612385251514556,2481.0536817584657,0.056182861328125,8.455874612012267e-06,796.0041666666666,0.1159166666666666,0.0695625,0.0948342375988348,0.0649785280716122,0.03761772011374,23.05,21.866666666666664,0.074099995,796.0041666666666,55.12916666666666,19.441666666666663,2023-08-28,0.056182861328125,881.4269370718321,3360.4957885269832,3214.2608425850403,4954.635351705801,0.07043671255085562,0.12443671255085563,F4,6943.144141919109
59,2023-08-29,2023-08-29,5894.270833333333,0.0092116252154928,108.56951577831772,2632.721339787026,0.0526135030701303,2546.2377885786027,0.0455309549967447,6.2986356482707565e-06,797.2979166666668,0.0990208333333333,0.0701041666666666,0.0858691876946139,0.0539836002672896,0.0312524771775203,21.70625,21.454166666666666,0.012,797.2979166666668,47.82916666666667,17.5,2023-08-29,0.0455309549967447,865.6345465092569,3410.7497045036835,3298.70831893402,4950.107535173243,0.06377805572926651,0.11777805572926651,F4,7005.670094596063
60,2023-08-30,2023-08-30,6099.583333333333,0.0090547901394606,110.4461389388743,2657.880503973346,0.0475099205731092,2576.522011934177,0.0411211649576822,5.846875729553378e-06,794.7208333333333,0.0867291666666666,0.0709583333333333,0.0795564031590942,0.0462414670997313,0.0267703596654163,21.822916666666668,21.495833333333334,0.0,794.7208333333333,40.60625,18.504166666666663,2023-08-30,0.0411211649576822,848.8299495938155,3443.3439675262152,3337.9422113707733,4939.688683936359,0.05908932936859452,0.11308932936859452,F4,7001.3211180547605
61,2023-08-31,2023-08-31,6269.5,0.0089309866866742,111.97502251753764,2677.460934322345,0.0435858687605122,2599.008965556631,0.0379778544108072,5.590868061488791e-06,791.8541666666666,0.075,0.0716666666666666,0.0734839601569199,0.0387940938984582,0.0224588861836024,22.558333333333334,21.5375,0.0,791.8541666666666,37.3625,19.691666666666663,2023-08-31,0.0379778544108072,854.3212769921772,3468.7108553990906,3367.074565510911,4918.6368837225655,0.05457911308958622,0.10857911308958622,F4,6973.098177288059
62,2023-09-01,2023-09-01,6307.916666666667,0.008903744161235,112.31758328246332,2687.652446872066,0.0415277796023368,2610.692630174228,0.0363566080729166,5.461387117421769e-06,792.3979166666667,0.059625,0.0726666666666666,0.0655565058860506,0.0290716954387196,0.0168303428024776,22.98958333333333,21.977083333333336,0.0,792.3979166666667,35.329166666666666,19.227083333333333,2023-09-01,0.0363566080729166,838.400200694536,3481.9141891101385,3382.2110157837724,4859.751437780757,0.04869111491640183,0.10269111491640183,F4,6884.7410948957595
63,2023-09-02,2023-09-02,6152.333333333333,0.0090156338902327,110.9237446173032,2694.9869825646533,0.040166080900842,2589.8299231219607,0.0392074584960937,7.52005089934003e-06,795.4729166666666,0.0471458333333333,0.0727916666666666,0.0588098648760304,0.0207974714668118,0.0120401844106071,22.48333333333333,21.485416666666666,0.0,795.4729166666666,52.62916666666666,18.20208333333333,2023-09-02,0.0392074584960937,831.0837571405644,3491.4162450505473,3355.182909603943,4804.601570854469,0.04368014814386518,0.09768014814386518,F4,6723.9715991063385
64,2023-09-03,2023-09-03,6129.916666666667,0.0090325729030665,110.71955407957309,2702.442719979034,0.0387374063134884,2586.7939572715027,0.039624532063802,8.281515620461142e-06,794.61875,0.0390208333333333,0.072875,0.054418112989615,0.0154113335823031,0.0089220124013833,22.161702127659574,21.433333333333334,0.0,794.61875,58.21875,17.427083333333332,2023-09-03,0.039624532063802,839.2714117482593,3501.0753205473156,3351.2497475670634,4772.10848572376,0.04041824007088964,0.09441824007088964,F4,6646.2540109645415
65,2023-09-04,2023-09-04,6495.833333333333,0.0087751024517122,113.97361020343529,2715.1418531334257,0.0363696237622062,2613.8264632551177,0.0360132853190104,7.191692106990753e-06,788.1875,0.0355416666666666,0.0715,0.0518959464738926,0.0123180949448035,0.0071312579973712,20.67708333333333,19.95,1.3689,788.1875,55.85208333333333,16.052083333333332,2023-09-04,0.0360132853190104,839.9003246778188,3517.5273331470607,3386.2709670186696,4767.6985569045055,0.03854493858851958,0.09254493858851957,F4,6673.812699916071
66,2023-09-05,2023-09-05,6448.875,0.0088061033260576,113.56471885338868,2720.4655404196515,0.035440156715313,2640.515770039978,0.032562255859375,5.614368803433814e-06,791.4291666666667,0.031375,0.071,0.049396923634614,0.0092532402041417,0.0053569357520839,20.63478260869565,19.72083333333333,0.0,791.4291666666667,54.66041666666666,13.891666666666666,2023-09-05,0.032562255859375,829.8198799344882,3524.4242897538825,3420.847564189882,4750.09909923925,0.036688826725914676,0.09068882672591468,F4,6699.170714460128
67,2023-09-06,2023-09-06,6451.8125,0.008804229438968,113.59000536798364,2738.834999279963,0.032136925620556,2676.942483446652,0.0280659993489583,4.286181715141976e-06,793.9604166666667,0.0271041666666666,0.0709791666666666,0.0470590411012077,0.0063860113605313,0.0036970241575629,21.75,20.322916666666668,0.0,793.9604166666667,35.083333333333336,16.558333333333334,2023-09-06,0.0280659993489583,828.8460054797121,3548.2223368289174,3468.0391906298855,4756.50967477559,0.03495239941703705,0.08895239941703705,F4,6750.736053750986
68,2023-09-07,2023-09-07,6493.958333333333,0.0087755000395942,113.9608949545313,2744.981571072136,0.0310289541818569,2686.80935086432,0.0268732706705729,4.011944299570964e-06,794.3125,0.0232291666666666,0.0706041666666666,0.0447758829364417,0.0035858976460909,0.0020759672157932,21.99111111111112,20.479166666666668,0.0,794.3125,32.35,16.754166666666666,2023-09-07,0.0268732706705729,830.230325731539,3556.1853588195245,3480.821939271225,4741.7958944043785,0.03325661781503746,0.08725661781503746,F4,6734.453623416524
72,2023-09-12,2023-09-12,6195.479166666667,0.008984673224253,111.30999676109292,2649.4506181530032,0.0491567648426443,2574.03710456388,0.0414441426595052,5.427637993470852e-06,793.3166666666666,0.0523125,0.0665,0.0587651445821094,0.0207426255475696,0.0120084327150753,17.84,18.31875,0.86259997,793.3166666666666,53.22083333333333,13.570833333333333,2023-09-12,0.0414441426595052,854.1935769463954,3432.42286086133,3334.722957988018,4722.967086097059,0.04364693281396051,0.09764693281396052,F4,6682.432042718043
73,2023-09-13,2023-09-13,6285.458333333333,0.0089199665684494,112.11607161538537,2692.212570359654,0.0407825471050347,2605.3355354138007,0.0371729532877604,6.181641915206273e-06,791.3562499999999,0.0530833333333333,0.0663333333333333,0.0591095917095765,0.0211650628278265,0.0122529923849527,17.082222222222224,18.352083333333333,0.0,791.3562499999999,58.208333333333336,12.63125,2023-09-13,0.0371729532877604,857.1151524322088,3487.8219316435925,3375.2707790428026,4802.735474266825,0.04390276576965948,0.09790276576965948,F4,6769.350670208827
74,2023-09-15,2023-09-15,5578.541666666667,0.0094682583045871,105.62341634554107,2431.022087450741,0.1022093814169768,2324.502057789947,0.0858434041341145,8.487522862009155e-06,794.38125,0.1640208333333333,0.0648958333333333,0.1189375984997405,0.0945394023309086,0.0547312609587733,15.079166666666666,15.727083333333333,7.3341,794.38125,89.84791666666666,10.358333333333333,2023-09-15,0.0858434041341145,922.0131328016128,3149.4437869696044,3011.4446929528153,4825.873198070787,0.0883391236027423,0.1423391236027423,F4,6777.393964071247
75,2023-09-16,2023-09-16,5284.583333333333,0.0097284464452168,102.80139718782824,2328.126170925631,0.134764853382251,2246.7586923239155,0.1043230692545573,6.712724722850478e-06,796.8104166666667,0.237375,0.080625,0.1660832263791609,0.1523598027036531,0.0882049591578026,13.848936170212763,14.470833333333331,1.9641999,796.8104166666667,76.10416666666667,10.458333333333334,2023-09-16,0.1043230692545573,902.3907596064116,3016.1398130248936,2910.7264145755685,4919.217017584107,0.12335583405514057,0.17735583405514055,F4,7001.770903345752
76,2023-09-17,2023-09-17,5473.083333333333,0.0095592474617829,104.6195229233048,2391.3705467245927,0.1139947793971263,2326.926171562453,0.0852406819661458,5.129183446517866e-06,796.3333333333334,0.1834791666666666,0.1017708333333333,0.1463172400131671,0.1281183767888897,0.0741709820536347,14.953191489361702,15.179166666666667,0.0,796.3333333333334,51.72708333333333,12.622916666666669,2023-09-17,0.0852406819661458,889.9253230482922,3098.0743242121953,3014.585186862409,4931.277346337317,0.1086749431111431,0.1626749431111431,F4,7066.41577933411
77,2023-09-18,2023-09-18,5531.395833333333,0.0095093179722797,105.17323172769284,2439.419566980872,0.0997474810953294,2364.97920382373,0.0771878560384114,5.8317563413410575e-06,794.1958333333333,0.1578541666666666,0.1101666666666666,0.1361653216616027,0.1156678482872831,0.0669630549069101,15.0625,15.8375,0.0,794.1958333333333,56.24791666666667,12.422916666666666,2023-09-18,0.0771878560384114,891.0478877170917,3160.3229105567166,3063.8837459537863,4963.017263922665,0.10113475748964049,0.1551347574896405,F4,7080.465853377673
78,2023-09-19,2023-09-19,5353.291666666667,0.0096655017099342,103.46865156164796,2380.355200295224,0.117474248880585,2295.540714281313,0.0923995971679687,6.845896247520159e-06,792.3729166666667,0.1809999999999999,0.1129166666666666,0.1500348862050901,0.132677777117823,0.0768105346958749,12.914583333333333,13.658333333333331,3.4726999,792.3729166666667,78.04791666666667,9.914583333333333,2023-09-19,0.0923995971679687,888.1113316154363,3083.803695182382,2973.9246211087916,4932.003905692327,0.11143616925495387,0.16543616925495386,F4,7006.508466318563
79,2023-09-20,2023-09-20,5487.75,0.0095478628307674,104.75448255850712,2411.281000588141,0.1080705593269484,2343.63296611297,0.0818112691243489,5.354929692595362e-06,791.0166666666668,0.1628333333333333,0.1166041666666666,0.141807755759617,0.1225878494262735,0.0709692193085785,12.797872340425531,13.197916666666666,0.0011,791.0166666666668,57.825,11.829166666666666,2023-09-20,0.0818112691243489,884.0033082442426,3123.868764970261,3036.229214931475,4943.082384829671,0.1053255910821474,0.1593255910821474,F4,7072.788417525392
80,2023-09-21,2023-09-21,5624.791666666667,0.0094308497370269,106.05441503185774,2423.342381982104,0.1047016122089813,2355.564125442787,0.0794118245442708,5.337202402288448e-06,788.8479166666666,0.1643958333333333,0.1181041666666666,0.1433418300125592,0.1244692707053262,0.0720584218681292,15.725,15.166666666666666,2.4747999,788.8479166666666,49.15416666666667,13.86875,2023-09-21,0.0794118245442708,900.5128588015934,3139.494555821599,3051.6863001700713,4977.865357376192,0.10646500180470998,0.16046500180470996,F4,7124.005113641918
81,2023-09-22,2023-09-22,5739.4375,0.0093347706902821,107.13511312768988,2446.2848371035066,0.097734076812509,2395.6786459864056,0.071057637532552,3.917909335315245e-06,789.3000000000001,0.1606875,0.1188958333333333,0.1416801504673839,0.1224313515829217,0.0708786187325986,13.74255319148936,14.354166666666666,0.1261,789.3000000000001,46.175,11.375,2023-09-22,0.071057637532552,889.5986001392762,3169.2170223976636,3103.655563693237,5013.992459703995,0.10523081415857459,0.1592308141585746,F4,7228.356244391269
82,2023-09-23,2023-09-23,5796.270833333333,0.0092893494425061,107.6625017520832,2483.6672321593783,0.0876495582816701,2438.8601177906426,0.0630976359049479,3.4070930426186046e-06,791.7104166666667,0.1399999999999999,0.1168541666666666,0.1294729983396129,0.107460240682799,0.0622114624219493,14.19375,14.279166666666669,0.0,791.7104166666667,35.5,12.370833333333332,2023-09-23,0.0630976359049479,881.7188199657413,3217.6467559070857,3159.5981315489944,5006.364413682815,0.09616413436803727,0.15016413436803727,F4,7229.228535318806
83,2023-09-24,2023-09-24,5879.979166666667,0.0092221191636155,108.44053871084157,2515.503256202031,0.0793437412342673,2474.743292550304,0.0567563374837239,3.0513303891532947e-06,793.7020833333332,0.123625,0.1135833333333333,0.1190579299727213,0.0946869794076841,0.0548166970764279,13.575,13.922916666666666,0.0,793.7020833333332,37.81458333333333,10.033333333333331,2023-09-24,0.0567563374837239,861.5644298217817,3258.891041033302,3206.0855914478343,4994.475654407928,0.08842849800578251,0.1424284980057825,F4,7218.3942511778
84,2023-09-25,2023-09-25,5631.833333333333,0.0094254012769117,106.1189452164872,2567.116796749137,0.0670774911465661,2522.96512594608,0.0490493774414062,3.2391703978127225e-06,796.9125,0.1105208333333333,0.1094166666666666,0.110018645135313,0.0836010083030258,0.0483987468614824,13.60625,13.922916666666666,0.0,796.9125,37.43541666666667,10.877083333333331,2023-09-25,0.0490493774414062,865.9278562380148,3325.75754357917,3268.558061101069,5026.943772209357,0.08171470429710974,0.13571470429710975,F4,7251.050870910229
85,2023-09-26,2023-09-26,5701.75,0.0093658235595057,106.78182702034604,2558.704878147508,0.0690544929404203,2510.363315055011,0.0510635375976562,3.5675257292759902e-06,796.18125,0.0993958333333333,0.1050833333333333,0.1019825763155886,0.0737454026513675,0.0426930864539877,14.383333333333333,14.277083333333332,0.0,796.18125,36.41875,12.7875,2023-09-26,0.0510635375976562,853.3966938226218,3314.859713850204,3252.2321316821954,4946.26613414804,0.07574603429115426,0.12974603429115428,F4,7115.999021153589
86,2023-09-27,2023-09-27,5861.125,0.0092375140844041,108.26430675204954,2582.922283244346,0.0635503847800216,2529.49078173899,0.0481071472167968,3.911307552745207e-06,793.8270833333332,0.0892916666666666,0.1010833333333333,0.0946546576115623,0.064758287357254,0.0374902171709026,15.28125,15.0125,0.0,793.8270833333332,37.53125,13.810416666666669,2023-09-27,0.0481071472167968,850.9588921758236,3346.233906792541,3277.0121949400727,4932.091123030032,0.07030333219937426,0.12430333219937427,F4,7076.371900076188
87,2023-09-28,2023-09-28,6121.3125,0.0090392340087358,110.6405096783632,2603.3626780416816,0.0588274449547485,2553.6551402453847,0.044378916422526,3.606871150832668e-06,790.4458333333333,0.0794166666666666,0.0968958333333333,0.0873664005938176,0.055819813998425,0.0323155079394781,15.54375,15.327083333333334,0.0,790.4458333333333,34.15625,14.277083333333332,2023-09-28,0.044378916422526,847.5246540275851,3372.7148979484796,3308.3176648314948,4908.095120436092,0.0648900882322825,0.11889008823228249,F4,7047.155136701326
88,2023-09-29,2023-09-29,6317.541666666667,0.0088970862189455,112.40271024090858,2635.595421890081,0.052024072427165,2588.0240121179463,0.0394986470540364,3.404673854958444e-06,789.2958333333332,0.0690416666666666,0.0927083333333333,0.0798055495525349,0.0465470255336334,0.0269472552028507,15.377083333333331,15.208333333333334,0.0,789.2958333333332,33.014583333333334,13.99375,2023-09-29,0.0394986470540364,844.329418297243,3414.473142505104,3352.8433112840535,4900.56018318934,0.05927437912849348,0.11327437912849349,F4,7035.763742501384
89,2023-09-30,2023-09-30,6436.75,0.0088146028445184,113.45699381404944,2640.03446501652,0.0510679176861258,2590.042317187186,0.0391820271809895,3.573721911098254e-06,788.5645833333333,0.05925,0.0888125,0.0726953783583161,0.037826960414977,0.0218989880484196,14.861702127659576,15.066666666666668,0.0,788.5645833333333,32.5125,14.216666666666669,2023-09-30,0.0391820271809895,837.4771422234638,3420.224022707642,3355.4580708920967,4842.417214963547,0.053993405745092586,0.10799340574509259,F4,6941.273561283285
90,2023-10-01,2023-10-01,6550.645833333333,0.0087373211717226,114.45776358073014,2653.943063989693,0.0482252997303915,2587.184984667095,0.0396194458007812,4.784024348602108e-06,786.8770833333333,0.0515416666666666,0.0854791666666666,0.0669768473190253,0.0308136323693431,0.0178387943303387,14.672916666666666,14.55,0.0,786.8770833333333,39.454166666666666,15.7625,2023-10-01,0.0396194458007812,843.4254675305838,3438.2429254760027,3351.7563323520967,4812.726445550288,0.049746052286824036,0.10374605228682403,F4,6843.521469065012
91,2023-10-02,2023-10-02,6489.875,0.00877805407198,113.92596232794487,2651.780065352588,0.0486619533455374,2574.524878280024,0.0413970947265625,5.564309360184154e-06,788.3791666666666,0.0456875,0.0822916666666666,0.0623355125268227,0.0251214007029101,0.0145434168571147,12.895833333333334,13.93125,0.3403,788.3791666666666,58.74791666666667,10.922916666666666,2023-10-02,0.0413970947265625,860.4838255216022,3435.4407120966916,3335.3548798071115,4763.002689221517,0.04629877024092845,0.10029877024092844,F4,6738.620285006302
92,2023-10-03,2023-10-03,6216.75,0.0089688616528187,111.50269097860888,2555.0119853790616,0.0698209340509307,2476.646356224698,0.056470235188802,5.860833492584464e-06,789.1,0.0533124999999999,0.079,0.0649954820407355,0.0283836438671563,0.0164320122737472,9.672916666666667,11.204166666666666,6.23,789.1,83.62291666666667,5.8500000000000005,2023-10-03,0.056470235188802,880.9879507438118,3310.0754882170568,3208.5510532371236,4614.594544571505,0.04827442284055263,0.10227442284055263,F4,6522.31858039076
93,2023-10-04,2023-10-04,6136.520833333333,0.0090273689686164,110.78058558987568,2566.926419672858,0.0670289555422197,2500.883753409798,0.0525169372558593,4.896053438769941e-06,792.0666666666666,0.0590416666666666,0.0776458333333333,0.0675030640408571,0.0314589957446484,0.0182124115781338,10.7375,11.177083333333334,1.4491999,792.0666666666666,65.04791666666667,7.754166666666666,2023-10-04,0.0525169372558593,873.3873435571029,3325.5109057953496,3239.9511463794174,4659.897660017473,0.05013689189194546,0.10413689189194546,F4,6624.055593974506
94,2023-10-05,2023-10-05,5990.979166666667,0.0091368281848777,109.45714300541162,2612.9916251185105,0.0568274446421666,2550.797405738671,0.0448506673177083,4.516244625719155e-06,796.8375,0.0598333333333333,0.0763333333333333,0.0673377305565795,0.0312562272444514,0.0180950237438036,10.891666666666666,11.514583333333334,0.0,796.8375,64.52499999999999,7.202083333333333,2023-10-05,0.0448506673177083,860.4227302109547,3385.1894154375323,3304.6154055087845,4741.9345364304745,0.05001409291763035,0.10401409291763035,F4,6753.597652315147
95,2023-10-06,2023-10-06,5958.395833333333,0.0091617645021567,109.1591163257525,2630.4517650197968,0.0531022066536979,2567.857702870385,0.0423622131347656,4.517323405231562e-06,797.4729166666666,0.0596875,0.0753124999999999,0.0667939367644376,0.03058930697642,0.0177089266633443,11.27872340425532,11.904166666666669,0.0,797.4729166666666,59.12291666666667,8.860416666666667,2023-10-06,0.0423622131347656,858.7960034901628,3407.8094193509437,3326.7174041219178,4768.353892214033,0.04961019820624913,0.10361019820624913,F4,6790.636090748792
96,2023-10-07,2023-10-07,6033.645833333333,0.0091039494095836,109.84829106956768,2657.6070365530245,0.04755739731608,2598.5053419759447,0.038061777750651,4.210508230549366e-06,796.8666666666667,0.0585833333333333,0.074125,0.065651869101694,0.0291886509138579,0.0168980512972695,11.28936170212766,11.866666666666667,0.0,796.8666666666667,54.25,9.204166666666667,2023-10-07,0.038061777750651,851.8500163284177,3442.98968433302,3366.422109835846,4806.3631632274255,0.048761944519489,0.102761944519489,F4,6854.855566587927
97,2023-10-08,2023-10-08,6170.458333333333,0.0090032061881571,111.0836129056769,2654.767854155856,0.0481054287463505,2602.538924130128,0.0375239054361979,3.718346412070947e-06,795.05625,0.0566458333333333,0.0734166666666666,0.0642734087938298,0.0274980778854852,0.0159193356368736,11.559574468085106,12.047916666666666,0.0,795.05625,45.54375,10.24375,2023-10-08,0.0375239054361979,846.3699875907807,3439.3114596854552,3371.6477062301783,4787.62907870257,0.04773811372877267,0.10173811372877267,F4,6843.802840542011
98,2023-10-09,2023-10-09,6379.583333333333,0.0088538957550771,112.95252385752644,2674.0096105396647,0.0442323174686307,2621.485064818489,0.0349388122558593,3.708727351228616e-06,791.1229166666667,0.0537083333333333,0.0726041666666666,0.0623023841937933,0.0250807714109566,0.0145198955281698,11.697872340425532,12.135416666666666,0.0,791.1229166666667,45.63958333333333,10.25,2023-10-09,0.0349388122558593,845.7919564013678,3464.2395878197894,3396.1928575827856,4802.597262113979,0.04627416466671851,0.10027416466671851,F4,6861.697074001308
99,2023-10-10,2023-10-10,6652.25,0.0086702536857166,115.34237751128298,2679.9411789603696,0.0431424591591949,2630.597824676237,0.0338401794433593,3.476181950683136e-06,786.5458333333332,0.0489583333333333,0.0715833333333333,0.0592484537682391,0.0213353662088524,0.0123515853373015,10.829787234042554,11.8375,0.0,786.5458333333332,40.93541666666667,9.2,2023-10-10,0.0338401794433593,833.4189634000242,3471.924068107323,3407.9986429206833,4782.263189660679,0.04400590348825023,0.09800590348825024,F4,6838.158094278534
100,2023-10-11,2023-10-11,6944.333333333333,0.0084864884218881,117.84494013666595,2671.625755278053,0.0448397871287671,2603.679327014921,0.0374984741210937,4.841862480008427e-06,779.5604166666667,0.0446041666666666,0.0706666666666666,0.0564577031897487,0.0179127303665325,0.0103701345259542,10.441666666666666,11.410416666666668,0.0,779.5604166666667,54.90208333333334,9.191666666666666,2023-10-11,0.0374984741210937,870.463426760583,3461.1512497164567,3373.125123814615,4738.822812811233,0.041933115207610575,0.09593311520761057,F4,6722.665132418378
101,2023-10-13,2023-10-13,5324.354166666667,0.0096916733126775,103.18883040154994,2218.484066171392,0.177377051865596,2161.0134696380123,0.1283302307128906,4.92877738365365e-06,789.9104166666666,0.2456041666666666,0.2215625,0.2346697292984518,0.236475748069838,0.1369018161626351,8.366666666666667,8.404166666666667,4.4621,789.9104166666666,80.08125,4.058333333333334,2023-10-13,0.1283302307128906,873.4272210990897,2874.0960005103743,2799.6415502115315,5023.206350642061,0.1742974339805864,0.22829743398058638,F4,7250.136514500321
102,2023-10-14,2023-10-14,5186.229166666667,0.0098196573170972,101.84235794671604,2252.551142674584,0.163082241922342,2199.548990281863,0.1169395446777343,4.462022103102954e-06,795.2166666666667,0.2095,0.2037083333333333,0.2068658807726484,0.2023765171130085,0.1171609053680091,6.539130434782609,8.177083333333334,0.0,795.2166666666667,81.37083333333334,2.872916666666667,2023-10-14,0.1169395446777343,873.4137553513807,2918.230664274662,2849.5651838534964,4971.683711218266,0.15364654105408904,0.20764654105408903,F4,7180.808539637549
103,2023-10-15,2023-10-15,5116.541666666667,0.009886676522279,101.15454701344925,2279.12393636755,0.1526461128386415,2227.1535428122484,0.1094004313151041,4.322521004630232e-06,799.2229166666666,0.1919375,0.1913125,0.1916532425294225,0.1837194141426395,0.1063598346373967,6.89375,7.704166666666667,0.0,799.2229166666666,69.57291666666667,5.554166666666667,2023-10-15,0.1094004313151041,870.2764663271968,2952.6563161149943,2885.327502471533,4953.806206949546,0.1423475813723441,0.1963475813723441,F4,7153.019599196674
104,2023-10-16,2023-10-16,5210.1875,0.0097981675411239,102.07341081554078,2300.174229229414,0.1448017620639537,2246.687131315153,0.1043243408203125,4.408730070119205e-06,799.0291666666667,0.1771458333333333,0.1818958333333333,0.1793061901097223,0.1685767265501394,0.0975933482221199,7.995833333333334,8.489583333333334,0.0,799.0291666666667,59.675,8.004166666666666,2023-10-16,0.1043243408203125,860.2679313494021,2979.927443929884,2910.633705679339,4933.819721236745,0.13317699273097502,0.18717699273097504,F4,7114.61542883465
105,2023-10-17,2023-10-17,5434.1875,0.009593339506906,104.24732618302936,2314.083330963948,0.1396383096688665,2258.7659851286007,0.1011746724446614,4.535285430929815e-06,794.3270833333332,0.162875,0.1730208333333333,0.1674894462723749,0.1540844206776825,0.0892033843018542,8.904166666666667,9.24375,0.0,794.3270833333332,54.31666666666666,9.98125,2023-10-17,0.1011746724446614,855.7705820815889,2997.946998036894,2926.2821324430665,4897.594661637416,0.12440028286297097,0.178400282862971,F4,7051.6694338053085
106,2023-10-18,2023-10-18,5543.270833333333,0.0094979736766545,105.29030053763088,2341.1920149683183,0.1300822107241845,2287.6777737505727,0.094067891438802,4.332095157899872e-06,793.9395833333333,0.14925,0.1643541666666666,0.1561195555389564,0.1401401449522216,0.0811306889516132,8.416666666666666,9.172916666666667,0.0,793.9395833333333,56.76041666666666,8.614583333333334,2023-10-18,0.094067891438802,855.5846142238651,3033.0669078276014,2963.7380048169507,4887.912626367156,0.11595546645908737,0.16995546645908738,F4,7039.156448013193
107,2023-10-19,2023-10-19,5419.608695652174,0.0096091729795125,104.09740959987866,2372.150996875377,0.1218044599816113,2317.333133241738,0.0886031441066576,4.387835320710582e-06,797.3369565217391,0.1388297872340425,0.1568936170212765,0.1470454329368614,0.1290114480722819,0.0746880037002814,8.98936170212766,9.282978723404256,0.0,797.3369565217391,51.93478260869565,10.254347826086956,2023-10-19,0.0886031441066576,844.097710651081,3073.174965142842,3002.1571899744745,4896.245869165649,0.10921579752139096,0.16321579752139098,F4,7044.453064830028
108,2023-10-20,2023-10-20,5520.375,0.0095188320993876,105.0682243099155,2423.077132642939,0.1043476601768623,2377.641874395142,0.0745849609375,3.5434204797323312e-06,796.2125,0.1281458333333333,0.1495625,0.1378863893251226,0.1177786022606487,0.0681850239873965,8.90625,9.425,0.0,796.2125,43.1125,10.241666666666667,2023-10-20,0.0745849609375,,3139.150919337363,3080.288520457253,4941.291080245721,0.10241305477304073,0.15641305477304074,F4,7134.836547290271
109,2023-10-21,2023-10-21,5805.1875,0.0092812824202526,107.748870450492,2425.8326880342343,0.1036789623351283,2383.6894033603803,0.0734125773111979,3.272431885347143e-06,791.5375,0.1176041666666666,0.1425208333333333,0.1289365644936899,0.1068023468092868,0.0618305909505141,8.704166666666667,9.325,0.0,791.5375,39.74166666666667,10.104166666666666,2023-10-21,0.0734125773111979,852.7055814590058,3142.7208033180823,3088.123230238134,4886.081004945211,0.0957657061467058,0.1497657061467058,F4,7059.865283107679
110,2023-10-22,2023-10-22,5970.854166666667,0.0091526620212575,109.27134065419573,2416.0210485304665,0.1065982471699947,2371.8024847378074,0.0758628845214843,3.4551184190745594e-06,788.1708333333332,0.1084583333333333,0.1364375,0.1211835927661864,0.0972939374503247,0.0563259312943566,9.064583333333331,9.525,0.0,788.1708333333332,39.708333333333336,10.520833333333334,2023-10-22,0.0758628845214843,842.6732417945615,3130.0096036812533,3072.7234598307273,4812.109295754527,0.09000730227472925,0.14400730227472924,F4,6941.638288597985
111,2023-10-23,2023-10-23,6180.125,0.0089957601973493,111.17226060377207,2471.896051453957,0.0907433895979409,2427.052685687473,0.065167744954427,3.422020196768089e-06,784.88125,0.0995625,0.1304166666666666,0.1135953437975096,0.0879875475848823,0.0509382258535418,8.722916666666666,9.433333333333334,0.0,784.88125,38.7125,10.210416666666667,2023-10-23,0.065167744954427,856.8594037344287,3202.396926574247,3144.3013377150937,4867.44753528733,0.08437124376986728,0.13837124376986726,F4,7016.817090744666
112,2023-10-24,2023-10-24,6197.145833333333,0.0089832407937882,111.32590439702496,2477.528896998921,0.0892095202800172,2430.892393912234,0.0644416809082031,3.552698451880334e-06,785.71875,0.0916874999999999,0.1245625,0.1066394429523769,0.0794566829022158,0.045999491636493,7.6875,8.585416666666667,0.0,785.71875,45.708333333333336,8.34375,2023-10-24,0.0644416809082031,848.168092969983,3209.6944046581048,3149.275766073715,4825.617120676624,0.07920485238247149,0.13320485238247148,F4,6949.87478107505
113,2023-10-25,2023-10-25,6162.083333333333,0.0090089389296523,111.00979269972612,2478.9090518383296,0.0888381040998516,2430.9671514012057,0.0644365946451823,3.6528455920779433e-06,787.5166666666668,0.0859375,0.11975,0.1013158291582431,0.0729276897621956,0.0422196916955782,7.38125,8.185416666666667,0.0,787.5166666666668,50.69791666666666,7.322916666666667,2023-10-25,0.0644365946451823,847.3455481746226,3211.4824262916677,3149.372616081943,4786.75869590296,0.07525081780547206,0.12925081780547204,F4,6883.355072101633
114,2023-10-26,2023-10-26,6345.3125,0.0088772424502055,112.65097574714882,2503.341766729538,0.0824032392532999,2456.518212820496,0.0598360697428385,3.5288622040259e-06,785.5729166666666,0.0801666666666666,0.11525,0.0961229860150841,0.0665590765287853,0.0385327397556534,6.329166666666667,7.729166666666667,0.0,785.5729166666666,48.89791666666667,6.483333333333333,2023-10-26,0.0598360697428385,873.9357986783707,3243.1355579148394,3182.4745907833935,4792.1203023748185,0.07139391117494027,0.12539391117494025,F4,6890.709335206732
115,2023-10-27,2023-10-27,5675.875,0.0093882117769909,106.53511974418886,2319.8789794488885,0.138643685796333,2257.550173501041,0.1021919250488281,5.110790769622346e-06,789.94375,0.140625,0.1121249999999999,0.1276628593416656,0.1052402477311871,0.060926252122692,6.377083333333334,7.175,5.8953,789.94375,87.42916666666667,3.075,2023-10-27,0.1021919250488281,887.9903559426215,3005.4553909908623,2924.707021136465,4664.226804643949,0.09481968068228237,0.14881968068228235,F4,6673.526561989284
116,2023-10-28,2023-10-28,5480.958333333333,0.0095581906265118,104.67351361978064,2206.840826132684,0.1874669966064729,2144.365957967845,0.1368395487467447,5.401491695172744e-06,786.9125,0.2478333333333333,0.1515,0.2040197818683201,0.1988860009071457,0.115140156890298,5.877083333333334,7.11875,11.0259,786.9125,91.99791666666664,2.85,2023-10-28,0.1368395487467447,870.5398167437337,2859.011921188595,2778.074324447206,4857.222119219447,0.1515326436316887,0.20553264363168872,F4,6979.66704286422
119,2024-04-05,2024-04-05,5345.791666666667,0.0096735910093902,103.39143904005805,2086.6658991690406,0.2442534827847868,2052.7740465830743,0.1656913757324218,3.0594827742620323e-06,781.3874999999999,0.2386041666666666,0.2665833333333333,0.2513294260995198,0.2569075544207884,0.1487303077511353,9.245833333333334,8.222916666666666,0.0,781.3874999999999,39.735416666666666,9.129166666666666,2024-04-05,0.1656913757324218,794.5246858788967,2703.3226006229947,2659.414943384186,4791.169828489347,0.1866711747779253,0.24067117477792532,F4,6990.794645496011
121,2024-04-09,2024-04-09,5037.479166666667,0.0099644755591861,100.36821091960805,2070.5811612908087,0.2544999316417138,2044.120041946543,0.1694386800130208,2.3996414652209183e-06,788.7125,0.2567916666666667,0.2736458333333333,0.2644571431232401,0.2730076656810085,0.1580510710426576,6.885416666666667,6.379166666666666,0.0,788.7125,50.9625,1.7166666666666666,2024-04-09,0.1694386800130208,795.5597460050926,2682.4844609626703,2648.203485752589,4803.804962456323,0.1964215903858441,0.2504215903858441,F4,7038.635171652945
122,2024-04-10,2024-04-10,5007.979166666667,0.0099929413523863,100.07671784868931,2093.4421277561764,0.2407606982146986,2060.651154771253,0.1629981994628906,2.951232654961558e-06,790.6875,0.2500833333333333,0.2664166666666667,0.2575119285644255,0.2644899068870787,0.1531199241574393,8.24375,7.539583333333333,0.0,790.6875,50.38333333333333,4.2125,2024-04-10,0.1629981994628906,798.4306668228438,2712.1013571521958,2669.6199141948628,4830.584674303271,0.19126313607789014,0.24526313607789013,F4,7054.790908718841
123,2024-04-11,2024-04-11,5016.3125,0.0099851274558488,100.15829588343132,2114.986297510202,0.2285776061107252,2084.437324617026,0.1540883382161458,2.7149548445252023e-06,791.8895833333332,0.241,0.2583958333333333,0.2489118329310739,0.2539425667596744,0.1470138010944509,7.679166666666667,7.102083333333333,0.0,791.8895833333332,48.21041666666667,4.572916666666667,2024-04-11,0.1540883382161458,792.4279539198217,2740.0123135879667,2700.435432171144,4846.643739935912,0.18487554358625505,0.23887554358625507,F4,7083.494188063056
124,2024-04-12,2024-04-12,5094.458333333333,0.0099077448736196,100.93715817869288,2127.827132821412,0.2210873057888623,2098.6202877196265,0.1486994425455729,2.576698490252013e-06,791.2645833333332,0.2301041666666666,0.2511875,0.2396931186741479,0.2426365396001536,0.1404684548407396,9.108333333333333,8.235416666666667,0.0,791.2645833333332,34.95,8.366666666666667,2024-04-12,0.1486994425455729,794.6495998706432,2756.6479045186925,2718.809779839513,4838.742634979751,0.17802848135805036,0.23202848135805038,F4,7073.41793061291
125,2024-04-13,2024-04-13,5133.833333333333,0.0098699678569172,101.32547308234554,2140.811840489636,0.2145227601086013,2100.854695119769,0.1480852762858072,3.522310931342191e-06,790.34375,0.2127916666666666,0.2438958333333333,0.2269382134524073,0.2269936526600609,0.1314123903199373,11.1875,9.633333333333333,0.0,790.34375,38.00625,11.289583333333333,2024-04-13,0.1480852762858072,799.2585233440963,2773.46988532356,2721.704504877292,4814.448032548185,0.16855496614387638,0.22255496614387638,F4,6997.2793949300985
126,2024-04-14,2024-04-14,5198.375,0.0098090923170517,101.95836262314864,2168.5165356636885,0.2006160811609347,2135.2510228160795,0.136511484781901,2.8843870185546736e-06,789.6145833333334,0.1950625,0.234875,0.2131697008757872,0.2101076561101062,0.1216366580756224,11.3125,10.245833333333334,0.0,789.6145833333334,34.666666666666664,10.372916666666669,2024-04-14,0.136511484781901,792.4615290250349,2809.361940988634,2766.2657209669874,4815.29729864278,0.15832860921659567,0.2123286092165957,F4,7016.405342427062
127,2024-04-15,2024-04-15,5581.395833333333,0.0094660737263186,105.64952849002428,2205.016453584699,0.183182993014027,2172.61062225695,0.1246744791666666,2.762911914169152e-06,782.2708333333334,0.1755208333333333,0.2245833333333333,0.1978350447736677,0.1913009078434247,0.1107489538825404,9.354166666666666,9.670833333333333,0.0,782.2708333333334,40.39791666666667,6.541666666666667,2024-04-15,0.1246744791666666,807.7692174609251,2856.648405523299,2814.665922244512,4823.280992409744,0.1469390225938791,0.20093902259387908,F4,7025.202695105421
128,2024-04-16,2024-04-16,5086.395833333333,0.0099217097851509,100.83635631483764,2107.72111767002,0.23348864049883,2052.221668466209,0.1668866475423177,5.015541388373369e-06,786.0124999999999,0.2130208333333333,0.2275208333333333,0.2196156066507315,0.2180130519959239,0.1262132925215929,7.129166666666666,7.295833333333333,7.0667,786.0124999999999,84.56875000000001,3.4125,2024-04-16,0.1668866475423177,816.7252282949779,2730.6001097141334,2658.699325111032,4708.600676414581,0.16311620938817367,0.21711620938817366,F4,6786.893328154795
129,2024-04-17,2024-04-17,5014.6875,0.0099881259195879,100.1374504856018,2108.0764184625964,0.2324319250433807,2061.1472547874696,0.1628863016764322,4.223905240817389e-06,788.1395833333332,0.2317083333333333,0.2439375,0.2372703045076332,0.2396651487960067,0.1387482412419374,8.670833333333333,8.166666666666666,0.5168,788.1395833333332,56.97083333333333,7.962499999999999,2024-04-17,0.1628863016764322,804.5743128353351,2731.0604098814833,2670.262622922955,4783.928468320319,0.17622897234809937,0.23022897234809936,F4,6931.678075052392
130,2024-04-18,2024-04-18,5082.3125,0.0099198921347171,100.81569445558148,2128.547454954426,0.220780012471303,2083.780723082697,0.1540946960449218,3.981280370710564e-06,787.7854166666666,0.2143541666666666,0.2374791666666666,0.2248716930780344,0.2244592281375946,0.1299451475989193,9.225,8.654166666666667,0.0,787.7854166666666,47.225,9.504166666666666,2024-04-18,0.1540946960449218,803.13694607358,2757.581098041758,2699.5847901167244,4777.986304176493,0.1670200890227471,0.2210200890227471,F4,6926.678439480696
131,2024-04-19,2024-04-19,5142.625,0.0098615952036037,101.41197813403296,2165.8954694602025,0.2019836063934445,2113.127376195272,0.1438929239908854,4.6238797769859305e-06,788.0958333333333,0.2037083333333333,0.2304375,0.2158650778250314,0.213413323705824,0.123550392998453,9.608333333333333,9.15,1.9575,788.0958333333333,51.34791666666666,10.166666666666666,2024-04-19,0.1438929239908854,810.2593925309428,2805.9662907753277,2737.6040392181067,4821.714319140001,0.16033056015960032,0.21433056015960034,F4,6962.214157282532
132,2024-04-20,2024-04-20,4951.770833333333,0.0100494192988197,99.51377459351696,2122.004125218638,0.224256071351858,2058.883848288649,0.163360595703125,5.68105046013241e-06,789.8874999999999,0.2331666666666666,0.2316875,0.2324939239862998,0.2338072941762229,0.1353569804348112,9.210416666666667,8.658333333333333,0.31,789.8874999999999,74.32916666666667,7.454166666666667,2024-04-20,0.163360595703125,820.5637250108376,2749.1040672122763,2667.330328900661,4795.659585638027,0.17268138710533257,0.2266813871053326,F4,6893.558716391019
133,2024-04-21,2024-04-21,4953.25,0.0100487043064382,99.52603935669404,2143.5285973325867,0.2132327128120567,2103.4461710101327,0.1473464965820312,3.534559676133433e-06,793.1458333333334,0.2284791666666666,0.2340833333333333,0.2310280086528449,0.2320094644451248,0.134316171145286,9.702083333333333,8.81875,0.40089998,793.1458333333334,53.69791666666666,7.202083333333333,2024-04-21,0.1473464965820312,814.9521857764447,2776.989504912336,2725.0618201744746,4838.0800204065545,0.17159260040149213,0.22559260040149215,F4,7033.035102266231
134,2024-04-22,2024-04-22,5153.0,0.0098520915722072,101.51272723260188,2163.411291217031,0.2032173831879108,2124.900355712593,0.1399879455566406,3.356691473703797e-06,789.1708333333332,0.20475,0.2264166666666666,0.2146042589800202,0.2118670286686149,0.1226552035312664,10.552083333333334,10.06875,0.0,789.1708333333332,38.7625,10.372916666666669,2024-04-22,0.1399879455566406,801.9013998678286,2802.7479819931614,2752.856198952216,4810.480043335958,0.15939410580710764,0.21339410580710766,F4,6992.220372694433
135,2024-04-23,2024-04-23,5263.5625,0.009747855619798,102.5967247088236,2184.214254293936,0.1931789512698114,2134.3439089239696,0.1369514465332031,4.331830825672743e-06,788.1041666666666,0.1860416666666666,0.2179791666666666,0.2005672234131773,0.1946517098145076,0.1126888182415152,11.935416666666669,10.716666666666669,0.0,788.1041666666666,41.69791666666666,12.745833333333332,2024-04-23,0.1369514465332031,804.4360522865389,2829.6986885092924,2765.0905345191445,4790.950358697169,0.14896830744227743,0.20296830744227745,F4,6922.041309005873
136,2024-04-24,2024-04-24,5299.375,0.0097145596802189,102.94623855281736,2218.162350807361,0.177592737422295,2173.534510851675,0.1245930989583333,3.8069350648102015e-06,788.5375,0.1694166666666666,0.2089583333333333,0.1874006893052036,0.1785039924568872,0.1033404945711899,13.041666666666666,11.491666666666667,0.0,788.5375,36.25833333333333,13.697916666666666,2024-04-24,0.1245930989583333,796.9282059526839,2873.6792110210267,2815.8628406968487,4799.775897756596,0.13918906102520312,0.1931890610252031,F4,6947.449351089628
137,2024-04-25,2024-04-25,5524.3125,0.0095156832057462,105.10482819226856,2235.796184314227,0.1702159689894544,2195.6456134260907,0.118200937906901,3.387693430861301e-06,784.6125000000001,0.1483124999999999,0.1971875,0.1705414341991611,0.157827443557999,0.0913703153061376,13.204166666666666,12.297916666666666,0.0,784.6125000000001,35.770833333333336,11.570833333333333,2024-04-25,0.118200937906901,797.3285869089025,2896.5242389067644,2844.5082713515185,4748.649409729262,0.12666710127951258,0.18066710127951258,F4,6880.827637341734
138,2024-04-26,2024-04-26,5646.208333333333,0.0094113284819609,106.26215825817484,2238.6759478482613,0.1689938028912532,2175.635610380937,0.1239916483561198,5.3650569053201e-06,780.8833333333333,0.1347916666666666,0.1882083333333333,0.1590862051520243,0.1437785071102555,0.0832370292057738,10.620833333333334,10.84375,0.7051,780.8833333333333,73.14999999999999,6.589583333333334,2024-04-26,0.1239916483561198,801.4845612612864,2900.255037329792,2818.5848623898637,4690.86877221658,0.11815890111861099,0.17215890111861099,F4,6720.284780471099
139,2024-04-27,2024-04-27,5600.395833333333,0.0094505909327507,105.82705496914171,2222.99077911879,0.1757202343019672,2160.72431016958,0.1286087036132812,5.340179300753378e-06,779.8791666666666,0.15325,0.1847916666666666,0.1675955270151449,0.1542145203559493,0.0892787023096511,7.702083333333333,8.572916666666666,3.5372999,779.8791666666666,92.87708333333336,2.53125,2024-04-27,0.1286087036132812,844.2039928631727,2879.9345484878313,2799.266937617101,4705.385411586927,0.12447907274914354,0.17847907274914354,F4,6746.675775527923
140,2024-04-28,2024-04-28,5268.979166666667,0.0097421853293287,102.65183653147498,2171.8716054546007,0.1987627985051839,2113.36772270695,0.1437060038248697,5.130397801163693e-06,785.06875,0.2217916666666667,0.1934375,0.208895852751467,0.2048661179061286,0.1186021984937525,8.69375,8.487499999999999,9.9978,785.06875,76.47708333333334,5.11875,2024-04-28,0.1437060038248697,843.8619197600566,2813.708509356887,2737.915413529279,4803.0623826176325,0.15515427240068547,0.20915427240068546,F4,6915.628120799899
141,2024-04-29,2024-04-29,5093.145833333333,0.0099095415097187,100.92238412973678,2154.872035520477,0.2072528815333066,2097.05293016036,0.1494178771972656,5.10946789779746e-06,788.4270833333334,0.2431041666666666,0.2088124999999999,0.2275079067809807,0.2276923366702101,0.1318168762373894,9.395833333333334,8.939583333333333,4.3747,788.4270833333334,77.62708333333333,5.454166666666667,2024-04-29,0.1494178771972656,839.0289674662403,2791.6851841939615,2716.7792328722626,4848.53563180211,0.1689780973488386,0.2229780973488386,F4,6987.475934346451
142,2024-04-30,2024-04-30,5334.291666666667,0.0096831513147985,103.28326039460006,2189.909428243203,0.1904880191763993,2140.99267247656,0.1348864237467447,4.243649338255844e-06,785.5,0.2208958333333333,0.2126875,0.2171625852197486,0.2150046143604107,0.124471631571261,11.7375,10.36875,0.0,785.5,47.29166666666666,10.470833333333331,2024-04-30,0.1348864237467447,831.8731254303816,2837.076914442665,2773.7041572294565,4881.0908546970295,0.16129426438402727,0.21529426438402727,F4,7063.24312156862
143,2024-05-01,2024-05-01,5455.1875,0.0095750758795186,104.44777758116824,2216.097469916536,0.1786947181379868,2168.10173828046,0.1264228820800781,4.109369892050825e-06,784.1062499999999,0.1884130434782608,0.2020434782608695,0.1946123281409425,0.1873484996483603,0.1084608044019408,9.27608695652174,10.113043478260868,0.0,784.1062499999999,54.61666666666667,7.225,2024-05-01,0.1264228820800781,825.0551640864018,2871.004111388649,2808.8245616500403,4831.593984535732,0.14454539798277222,0.1985453979827722,F4,6985.964421212802
144,2024-05-02,2024-05-02,5382.0625,0.0096402680258288,103.74403814663388,2186.381251364676,0.1921312861286901,2143.5772168348435,0.1340611775716146,3.712508218150705e-06,786.6125000000001,0.1882708333333333,0.1973958333333333,0.1924209924037649,0.1846609989113086,0.1069049419727324,8.714583333333334,8.31875,1.9415,786.6125000000001,63.0375,4.679166666666666,2024-05-02,0.1340611775716146,812.6711549789405,2832.5060819493,2777.052492570942,4756.022178518768,0.1429178161164538,0.19691781611645381,F4,6889.719698086744
145,2024-05-03,2024-05-03,5581.958333333333,0.0094654872515245,105.65528579337084,2230.736296235197,0.1722259888549907,2196.631827109998,0.1178538004557291,2.877123690187538e-06,785.0645833333333,0.1685208333333333,0.19075,0.1786309240368733,0.1677485658818772,0.0971139049790602,9.95,9.616666666666667,0.0,785.0645833333333,37.239583333333336,8.53125,2024-05-03,0.1178538004557291,805.2121324301914,2889.9690401055996,2845.785933358557,4781.30975472225,0.1326754489481293,0.18667544894812932,F4,6950.447183026641
146,2024-05-04,2024-05-04,5480.729166666667,0.0095528112987247,104.69173784514766,2247.7470597340066,0.165083864041194,2206.0030635670705,0.115155537923177,3.504013584435488e-06,787.9125,0.1466041666666666,0.1820416666666666,0.1627215652484113,0.1482369900221768,0.0858181581923786,10.797916666666666,9.833333333333334,0.0,787.9125,51.88333333333333,7.225,2024-05-04,0.115155537923177,800.5938484197026,2912.006866783314,2857.9265809439103,4730.5263383581305,0.12085901049483914,0.17485901049483915,F4,6846.005047968665
147,2024-05-05,2024-05-05,5732.145833333333,0.0093422185318267,107.0612622866446,2266.9213577808,0.1573484362132628,2218.839129429932,0.1115976969401041,4.012940415822439e-06,781.9375,0.1271666666666666,0.172625,0.1478416600266707,0.1299879579034406,0.0752533300412591,11.775,11.329166666666666,0.0,781.9375,41.51041666666666,11.870833333333332,2024-05-05,0.1115976969401041,807.1153037315136,2936.847601124935,2874.5559929470382,4683.840698518382,0.10980718329165831,0.16380718329165833,F4,6752.265633692847
148,2024-05-06,2024-05-06,5551.583333333333,0.0094978232482522,105.34310095470396,2158.4750281215843,0.2084973476642146,2112.1460584447323,0.1459032694498697,4.053571743448457e-06,779.3583333333332,0.2116666666666666,0.1822291666666666,0.198278139802466,0.1918443290071817,0.1110635541951169,9.0375,9.6125,11.5032,779.3583333333332,62.22916666666666,4.816666666666666,2024-05-06,0.1459032694498697,837.7383626832805,2796.3529421385037,2736.332720002854,4723.5950279704175,0.14726812480386578,0.2012681248038658,F4,6833.357130170947
149,2024-05-07,2024-05-07,5329.3125,0.0096869980818001,103.23745685315498,2116.086621909222,0.22801725808794,2071.1581287399763,0.1591059366861979,4.023627796272504e-06,781.6354166666666,0.2471666666666666,0.2061458333333333,0.2285099013477629,0.2289212041098555,0.1325282988068654,5.4375,6.7,2.695,781.6354166666666,72.85833333333333,2.11875,2024-05-07,0.1591059366861979,841.2268014660708,2741.4378085927356,2683.231935268825,4765.518520154992,0.16972231383715486,0.22372231383715485,F4,6908.7418228503975
150,2024-05-08,2024-05-08,5279.104166666667,0.0097332064556078,102.74911877033776,2103.212488218772,0.2353587976390324,2070.9530911365905,0.1591682434082031,2.886197170012304e-06,783.75,0.2540416666666666,0.2289583333333333,0.2426334668474893,0.2462426451133242,0.14255612090399,6.275,6.360416666666667,2.9982,783.75,55.50833333333333,1.5104166666666667,2024-05-08,0.1591682434082031,831.6018242080377,2724.7590788628377,2682.9663044424283,4794.653507406352,0.18021238101632764,0.23421238101632763,F4,6998.732161457967
151,2024-05-09,2024-05-09,5205.3125,0.0098018458639601,102.02883803177046,2148.8963671726538,0.210368359683465,2112.749449228781,0.1440035502115885,3.169227679597409e-06,788.5166666666668,0.2284791666666666,0.2211875,0.225162829509929,0.2248162840473874,0.1301518563329912,7.452083333333333,7.445833333333333,0.0,788.5166666666668,53.58958333333334,3.764583333333333,2024-05-09,0.1440035502115885,821.3036100412334,2783.9435714590572,2737.114426333597,4824.93058319404,0.1672363262561099,0.2212363262561099,F4,7024.570976233283
152,2024-05-10,2024-05-10,5030.354166666667,0.0099723848063966,100.29445377055612,2147.2618217159747,0.211534134683148,2099.556152201382,0.148779551188151,4.20875624450618e-06,792.3041666666667,0.2101666666666666,0.2123333333333333,0.2111520925646686,0.2076332183819118,0.12020414323325,8.918750000000001,8.310416666666667,0.0,792.3041666666667,54.59583333333333,7.470833333333334,2024-05-10,0.148779551188151,809.4697497229582,2781.825981059681,2720.0222133228303,4758.947218532664,0.1568300607993917,0.2108300607993917,F4,6884.801199246275
153,2024-05-11,2024-05-11,4696.8125,0.010320159070092,96.91298974547487,2147.445370235389,0.2119154126961284,2095.206987011072,0.1506309509277343,4.618999769247653e-06,789.5958333333333,0.1921874999999999,0.2031666666666667,0.1971809562331448,0.1904987197510531,0.1102845468232707,9.075,8.964583333333334,3.6381998,789.5958333333333,61.87291666666667,6.991666666666667,2024-05-11,0.1506309509277343,815.2498111986569,2782.063772294512,2714.3877720078654,4694.230875562898,0.14645320810664175,0.20045320810664174,F4,6770.495177004756
154,2024-05-12,2024-05-12,4604.604166666667,0.0104234488117386,95.95555992431112,2090.0397212777875,0.2443047213401844,2028.0642860263024,0.1769981384277343,5.665948277428613e-06,787.15,0.237625,0.2074583333333333,0.2239048394201256,0.223273458255706,0.1292586753001465,9.5625,8.897916666666667,2.5008,787.15,78.44791666666667,6.672916666666667,2024-05-12,0.1769981384277343,828.8951774414949,2707.6934630407345,2627.4028928706343,4687.447354545739,0.1663019729192682,0.22030197291926823,F4,6735.084529571502
155,2024-05-13,2024-05-13,4707.458333333333,0.0103075754642372,97.02567411372505,2094.165166476863,0.2407870242056308,2037.7366315570264,0.1723658243815104,5.135986151789939e-06,789.3479166666666,0.230125,0.2165,0.2239281871414102,0.2233020923974747,0.1292752523320172,11.29375,10.13125,0.38889998,789.3479166666666,57.37916666666666,10.8375,2024-05-13,0.1723658243815104,820.3677365101489,2713.038070075686,2639.9336340327213,4696.799074043881,0.16631931409028916,0.22031931409028915,F4,6766.353573549664
156,2024-05-14,2024-05-14,4869.395833333333,0.0101351861631894,98.67892386473106,2127.07768942322,0.2218155047007058,2069.505755859284,0.1595191955566406,5.154763670697625e-06,788.525,0.1988333333333333,0.204,0.2011831950901074,0.1954071505749841,0.1131261620831423,13.177083333333334,11.879166666666668,0.0,788.525,50.64791666666667,12.43125,2024-05-14,0.1595191955566406,813.7695044807086,2755.676983741664,2681.091249040708,4668.500086323011,0.14942581119878917,0.20342581119878916,F4,6716.005483211733
157,2024-05-15,2024-05-15,5042.6875,0.0099598430473387,100.41835722636095,2191.3706871539,0.1898209337569093,2135.748278104624,0.1364771525065104,4.829594598874564e-06,788.1854166666667,0.172125,0.1908333333333333,0.1806337736192867,0.1702049031914091,0.0985359410293855,13.847916666666668,12.39375,0.2654,788.1854166666667,55.552083333333336,10.45,2024-05-15,0.1364771525065104,814.2831226035939,2838.9700082245786,2766.909926376362,4707.303802910093,0.13416303554017658,0.1881630355401766,F4,6773.831829386625
158,2024-05-16,2024-05-16,5201.291666666667,0.0098055507051557,101.98971663071376,2233.6533923855686,0.1712969011449942,2183.128162265846,0.1219673156738281,4.289361245195892e-06,787.7791666666667,0.1432916666666666,0.17525,0.1578266986621965,0.1422338215733449,0.0823427715191853,14.710416666666667,13.397916666666667,0.0,787.7791666666667,50.31458333333333,10.722916666666668,2024-05-16,0.1219673156738281,802.0180763048227,2893.748203772687,2828.2916318611437,4673.171062847817,0.11722342149831586,0.17122342149831588,F4,6732.401253324081
159,2024-05-17,2024-05-17,5278.375,0.0097339065964307,102.74191267972786,2241.3716179486896,0.1676996581384968,2192.710567854358,0.118927001953125,4.110929635333758e-06,786.8354166666667,0.116375,0.1583541666666666,0.1354676267737892,0.1148121804434998,0.0664676870613612,15.14375,14.070833333333333,0.0,786.8354166666667,40.84791666666667,12.910416666666668,2024-05-17,0.118927001953125,793.2969375135792,2903.747338569398,2840.705853805383,4555.746390812173,0.1006165550397088,0.15461655503970878,F4,6557.354869569094
160,2024-05-18,2024-05-18,5291.270833333333,0.0097234600616063,102.862264950003,2297.682729733462,0.1457776591337858,2242.544974029047,0.1054522196451823,4.555471596636035e-06,788.8083333333334,0.0989375,0.1427708333333333,0.1188734239365025,0.0944606972821677,0.0546856966072416,14.083333333333334,13.658333333333331,0.0,788.8083333333334,41.56458333333334,13.4125,2024-05-18,0.1054522196451823,801.1586871424304,2976.699650300089,2905.2674477597916,4560.7412564571405,0.08829145890507274,0.14229145890507272,F4,6539.28507607641
161,2024-05-19,2024-05-19,5228.1875,0.0097821283912829,102.2466895093675,2278.9464312576565,0.1531666348229073,2211.029262751654,0.114301045735677,5.707644931780388e-06,788.2895833333333,0.091375,0.1338125,0.1106760822522127,0.0844073031606586,0.0488655314314583,13.36875,12.733333333333334,0.0755,788.2895833333333,58.38125,12.54375,2024-05-19,0.114301045735677,803.941487865201,2952.426354253111,2864.438135024671,4467.243334301303,0.08220300588940194,0.13620300588940193,F4,6361.760568188383
162,2024-05-20,2024-05-20,5566.729166666667,0.0094792036218349,105.5081361188328,2338.437884964456,0.1311244265836246,2291.974486152364,0.0931752522786458,3.7595796093601872e-06,785.0645833333333,0.0849375,0.1223124999999999,0.1019360967405349,0.0736883991123409,0.0426600856575672,14.2125,13.0875,0.0,785.0645833333333,35.86875,13.64375,2024-05-20,0.0931752522786458,808.586873922045,3029.4988704683574,2969.304492364749,4520.120098870906,0.0757115122814831,0.1297115122814831,F4,6496.952294200269
163,2024-05-21,2024-05-21,5359.479166666667,0.009667995127175,103.49931907823336,2282.1927081452272,0.1526289304584342,2228.7035767470866,0.1102244059244791,4.483402361455499e-06,785.5208333333334,0.1349583333333333,0.112375,0.124687163396466,0.1015907909590969,0.0588134889146922,12.454166666666666,12.783333333333331,4.7281,785.5208333333334,60.57083333333333,8.379166666666666,2024-05-21,0.1102244059244791,856.4585094125887,2956.631978968378,2887.335606293735,4568.889427279215,0.09260952699477758,0.14660952699477758,F4,6560.471557966509
164,2024-05-22,2024-05-22,5015.041666666667,0.0099898967481237,100.13374682901872,2189.1237475919547,0.1913209986457354,2143.2504321741894,0.1343790690104166,3.970383146809175e-06,790.05625,0.2101875,0.1114791666666666,0.1652937701467922,0.1513915967960117,0.0876444401690378,9.716666666666669,10.027083333333334,6.0151997,790.05625,69.17916666666666,4.3187500000000005,2024-05-22,0.1343790690104166,841.3494179458813,2836.0590474893415,2776.629135693813,4621.219679925601,0.12276947723803763,0.17676947723803765,F4,6673.040149302422
165,2024-05-23,2024-05-23,5392.791666666667,0.0096304098652426,103.84836067769888,2258.310587388545,0.1608495895007461,2212.9760628218896,0.113257090250651,3.794588317012588e-06,783.5895833333334,0.1696666666666666,0.1137083333333333,0.1442161478009604,0.1255415526294881,0.0726791931060017,10.629166666666666,10.941666666666668,0.0,783.5895833333334,43.77291666666667,10.19375,2024-05-23,0.113257090250651,845.416271840435,2925.6921544291185,2866.9602582983857,4644.185652263447,0.10711438827418555,0.16111438827418556,F4,6700.747441960759
166,2024-05-24,2024-05-24,5290.416666666667,0.0097229412702932,102.85861798355396,2265.16824334193,0.1581350325218275,2212.203482162907,0.1135470072428385,4.440076729442675e-06,788.0354166666666,0.1463541666666666,0.1125,0.1309568870103849,0.1092801132969056,0.0632650328962554,9.785416666666666,9.65625,1.8622999,788.0354166666666,68.29791666666667,6.0875,2024-05-24,0.1135470072428385,824.1319160978234,2934.5764019425633,2865.959362679656,4575.466651257907,0.09726627049953418,0.15126627049953417,F4,6571.783054153604
167,2024-05-25,2024-05-25,5540.333333333333,0.0095015413294961,105.25854665798128,2282.2673543941605,0.1514883593314066,2225.898893210376,0.1097691853841145,4.6912114461980095e-06,783.7020833333332,0.1256458333333333,0.1114375,0.1191837135022046,0.0948412430024679,0.0549060041891701,10.69375,10.714583333333332,0.0,783.7020833333332,54.458333333333336,9.372916666666669,2024-05-25,0.1097691853841145,834.4652322032979,2956.7286848626345,2883.702075695759,4532.241360883688,0.0885219218423016,0.1425219218423016,F4,6493.793027286774
168,2024-05-26,2024-05-26,5175.395833333333,0.009830714071527,101.73319136642674,2213.6164111487383,0.1795532423854784,2148.618690576988,0.1322046915690104,5.606667874317128e-06,788.9979166666667,0.1745,0.1106666666666666,0.1454678370050171,0.1270766508809295,0.0735679004695506,11.48125,10.7,6.6500998,788.9979166666667,72.95208333333333,7.95,2024-05-26,0.1322046915690104,842.7851939920515,2867.7898439569863,2783.5838351845405,4559.7046645104365,0.1080440617223141,0.16204406172231411,F4,6517.3256787547325
169,2024-05-27,2024-05-27,5139.333333333333,0.0098645163637226,101.3803175894648,2264.397480233246,0.1583705095005579,2208.400559587029,0.1145909627278645,4.703895964209615e-06,793.5666666666666,0.1594166666666666,0.1108958333333333,0.1373488117008328,0.11711930563303,0.0678033404259844,13.9625,12.597916666666668,0.0,793.5666666666666,51.708333333333336,11.535416666666668,2024-05-27,0.1145909627278645,830.889211076988,2933.5778610011207,2861.0325909564563,4614.345758615393,0.10201377702742265,0.15601377702742264,F4,6622.435804212128
170,2024-05-28,2024-05-28,5168.520833333333,0.0098368626851344,101.66697703105466,2323.1994060600387,0.1366301857321243,2267.9461553172146,0.0990676879882812,4.513232561528871e-06,794.9041666666667,0.1178541666666666,0.1077916666666666,0.1132776213903687,0.0875978860698154,0.0507126409065155,15.077083333333334,14.083333333333334,0.0,794.9041666666667,41.84375,13.96875,2024-05-28,0.0990676879882812,822.2908710864966,3009.7570783406227,2938.175249380631,4572.4101401194075,0.08413526020075358,0.13813526020075356,F4,6553.804451062603
171,2024-05-29,2024-05-29,5321.604166666667,0.0096950190660394,103.159164763793,2344.333901523163,0.1291648864064246,2287.9609535290406,0.0941073099772135,4.5640674206574255e-06,791.9708333333333,0.0901041666666666,0.1027916666666666,0.09587459331939,0.0662544424458237,0.0383563793484535,15.51875,14.402083333333332,0.0,791.9708333333333,38.610416666666666,15.185416666666669,2024-05-29,0.0941073099772135,820.6176989423344,3037.1372925191267,2964.1048705885514,4485.8388636374575,0.07120942121277758,0.12520942121277756,F4,6414.479318979462
172,2024-05-30,2024-05-30,5524.145833333333,0.0095145347623496,105.10800954725757,2396.905265648729,0.1121303143074223,2339.759486134221,0.0823656717936198,4.525005216548382e-06,790.4729166666666,0.0747083333333333,0.0977708333333333,0.0851974339976433,0.0531597472514797,0.0307755277438637,15.489583333333334,14.35,0.0,790.4729166666666,41.797916666666666,14.0,2024-05-30,0.0823656717936198,816.5237975795437,3105.2446770519437,3031.2110345060496,4501.247277181322,0.06327912071110728,0.11727912071110728,F4,6429.2707030252395
173,2024-05-31,2024-05-31,5647.416666666667,0.0094102554578963,106.27378200594886,2459.4861020574344,0.0941104439902152,2408.6331747271283,0.0685755411783854,3.909829887394122e-06,791.2833333333333,0.0634583333333333,0.0927708333333333,0.0767900087034184,0.0428487021242555,0.0248062018574941,15.497916666666669,14.704166666666666,0.0,791.2833333333333,38.25208333333333,13.254166666666668,2024-05-31,0.0685755411783854,818.6005836981598,3186.3195580364436,3120.438447018815,4547.104769280107,0.05703463123414027,0.11103463123414027,F4,6508.481938336323
174,2024-06-01,2024-06-01,5603.604166666667,0.0094469987559623,105.86063293427893,2433.121545210815,0.101289122775016,2372.286215854486,0.0755195617675781,4.750068962617122e-06,790.7895833333333,0.05625,0.089375,0.0713156459406079,0.0361348272440459,0.0209193691818747,15.320833333333333,14.366666666666667,0.0,790.7895833333333,41.06458333333333,14.920833333333334,2024-06-01,0.0755195617675781,801.3703405187864,3152.1636817137137,3073.350144371296,4450.797491473386,0.052968630113803025,0.10696863011380302,F4,6335.801036770981
175,2024-06-02,2024-06-02,5831.1875,0.009260828209696,107.98887473639066,2452.009350000704,0.0961402974571074,2397.4373142782647,0.0707232157389323,4.220182168578722e-06,786.9854166666668,0.0511875,0.0877916666666666,0.0678355125268227,0.0318667176358703,0.0184484521355827,17.358333333333334,15.51875,0.0,786.9854166666668,32.52916666666667,16.95625,2024-06-02,0.0707232157389323,804.5940819138939,3176.633257597901,3105.9339580170604,4454.274992424493,0.05038381303600508,0.10438381303600508,F4,6354.805294616945
176,2024-06-03,2024-06-03,5901.583333333333,0.0092053636016834,108.63901754635472,2496.8738741747607,0.0840268619466033,2434.7215603227164,0.0636520385742187,4.726099278868354e-06,786.9520833333332,0.0445,0.085625,0.063204141564,0.0261867058216252,0.015160149045129,16.631249999999998,15.689583333333331,0.0,786.9520833333332,36.82083333333333,16.09375,2024-06-03,0.0636520385742187,816.8422548209625,3234.756257649908,3154.2365372748573,4492.90624821933,0.04694393147545854,0.10094393147545853,F4,6386.654714682683
177,2024-06-04,2024-06-04,5742.666666666667,0.0093343631795708,107.15666045305598,2459.1266476933724,0.0943986655339696,2374.634533762345,0.0756340026855468,6.62251886874073e-06,787.9145833333333,0.0423958333333333,0.0842291666666666,0.0614221333639878,0.0240012130786768,0.0138949117928442,17.53125,15.666666666666666,1.7281,787.9145833333333,55.84791666666666,15.8375,2024-06-04,0.0756340026855468,820.8034355557627,3185.853876823822,3076.3924430336224,4408.505430121979,0.045620371519417204,0.0996203715194172,F4,6203.707687842008
178,2024-06-05,2024-06-05,5644.625,0.0094131739933207,106.24530777313318,2492.608491523742,0.085365027950925,2417.470563935051,0.0670216878255208,5.759054933396464e-06,792.96875,0.0435208333333333,0.0830833333333333,0.0615143312208895,0.0241142864905571,0.0139603728626261,18.175,16.439583333333335,0.0,792.96875,50.11875,15.429166666666667,2024-06-05,0.0670216878255208,802.9246741679038,3229.230358498829,3131.887483486892,4469.3961376408115,0.04568885009960953,0.09968885009960952,F4,6315.513834367617
179,2024-06-06,2024-06-06,5612.916666666667,0.009439343248648,105.9478735649442,2517.263322633919,0.0788590620116739,2444.628730371494,0.0619125366210937,5.505044411711893e-06,793.9375,0.0415416666666666,0.0822291666666666,0.0600468280012624,0.0223145093420981,0.0129184361637334,20.758333333333333,18.29583333333333,0.0,793.9375,40.88541666666666,18.3,2024-06-06,0.0619125366210937,815.2139229848498,3261.171246678976,3167.0714988811887,4499.617720593912,0.04459888401704781,0.09859888401704782,F4,6365.236089515864
180,2024-06-07,2024-06-07,5783.645833333333,0.0092984262295602,107.54925695165105,2540.8853236941686,0.0731199766909339,2465.151329643886,0.0583597819010416,5.688868519814597e-06,791.7062500000001,0.0361458333333333,0.0812291666666666,0.0566502722109909,0.0181489011083049,0.0105068597662253,21.03333333333333,19.18958333333333,0.0,791.7062500000001,37.75208333333333,19.097916666666663,2024-06-07,0.0583597819010416,830.8953169783945,3291.774080301523,3193.6589877833076,4508.808697634319,0.04207614296993428,0.09607614296993429,F4,6367.929370866502
181,2024-06-08,2024-06-08,5582.833333333333,0.0094652674401899,105.66159482933914,2443.388566534839,0.0985752387563236,2345.730688434424,0.0812543233235677,7.72163071660772e-06,791.0541666666667,0.0519375,0.0866041666666666,0.0677043143680324,0.0317058134245864,0.0183553006013016,18.072916666666668,17.341666666666665,1.9455999,791.0541666666667,59.89166666666667,16.660416666666666,2024-06-08,0.0812543233235677,844.8355441952982,3165.4648387400325,3038.9468613758227,4437.43803740125,0.05028636756449715,0.10428636756449715,F4,6216.076685887952
182,2024-06-09,2024-06-09,5709.25,0.0093595209149203,106.85260491946298,2479.852216468437,0.0886110541412907,2390.6615703037173,0.0720850626627604,6.914912718470435e-06,791.7854166666666,0.0529791666666666,0.08,0.0652685646446342,0.0287185581784608,0.01662590267414,18.23125,16.995833333333334,0.0219,791.7854166666666,49.43958333333333,18.002083333333335,2024-06-09,0.0720850626627604,829.466823331234,3212.7043172813524,3097.155829314366,4481.363577244571,0.04847725086301029,0.10247725086301028,F4,6299.327833221065
183,2024-06-10,2024-06-10,5799.104166666667,0.0092871645850116,107.6884695509978,2500.2619578807903,0.0834168774884588,2415.755849008543,0.0674146016438802,6.486939810700018e-06,791.525,0.0507916666666666,0.0795208333333333,0.0638580350642127,0.0269886547124138,0.0156244176245275,19.80208333333333,18.089583333333334,0.0,791.525,42.50625,19.09375,2024-06-10,0.0674146016438802,817.49620104685,3239.145596287665,3129.6660317363744,4505.117141453605,0.04742960109942059,0.10142960109942059,F4,6348.056970679564
184,2024-06-11,2024-06-11,5786.1875,0.0092973975706345,107.56895877495184,2514.100591996965,0.0798040850986878,2424.4653524894,0.0657323201497395,6.8565590490761895e-06,792.9104166666666,0.0467499999999999,0.0790208333333333,0.0614271607308186,0.0240073787482426,0.0138984812555409,21.085416666666667,18.9625,0.1734,792.9104166666666,47.95208333333333,18.579166666666666,2024-06-11,0.0657323201497395,816.0838551804443,3257.073858010303,3140.9493893689414,4507.105585621534,0.04562410552099,0.09962410552099,F4,6333.440170505799
185,2024-06-12,2024-06-12,5899.479166666667,0.009207113378754,108.61923114204453,2551.5214625145104,0.070617484622098,2479.14201017355,0.0560544331868489,5.410228844226386e-06,793.3125,0.0396666666666666,0.0787916666666666,0.0574611843248186,0.0191434209651313,0.0110826125684497,22.40833333333333,20.245833333333334,0.0,793.3125,34.927083333333336,20.0375,2024-06-12,0.0560544331868489,817.6796939789677,3305.5534373456208,3211.7842290540816,4535.648308181429,0.042678435822303774,0.09667843582230377,F4,6416.078894571829
186,2024-06-13,2024-06-13,5987.145833333333,0.0091392733266239,109.42403579062392,2587.37074992863,0.0623664539269757,2521.650172225432,0.0491879781087239,4.827628576099229e-06,793.8895833333332,0.0332916666666666,0.0778541666666666,0.0535592243188429,0.0143579742560329,0.008312195935994,22.9625,20.414583333333333,0.0,793.8895833333332,31.00625,20.629166666666663,2024-06-13,0.0491879781087239,814.6916195369528,3351.996995426199,3266.8545089832064,4560.233433280763,0.0397803133479241,0.0937803133479241,F4,6464.646323412492
187,2024-06-14,2024-06-14,5937.6875,0.0091777953346988,108.9690069229473,2599.249094100488,0.0597137930994393,2511.22189604557,0.0508626302083333,6.501227895618867e-06,794.2583333333333,0.0284583333333333,0.0773333333333333,0.0506872675324944,0.010835745393908,0.0062730881961892,21.3125,20.464583333333334,0.0,794.2583333333333,44.13541666666666,18.006249999999998,2024-06-14,0.0508626302083333,840.9595300056371,3367.3856574398687,3253.3444426645947,4551.778724275051,0.03764721037013421,0.09164721037013421,F4,6390.980831698248
188,2024-06-15,2024-06-15,5661.875,0.0093999122322698,106.40333242372094,2465.2893943355,0.0926281469856866,2368.981044570231,0.0765711466471354,7.545977214098833e-06,791.7666666666668,0.058125,0.0748541666666666,0.0657336249624579,0.0292889180396725,0.0169560984828158,18.214583333333334,17.58125,2.201,791.7666666666668,65.79791666666667,15.027083333333332,2024-06-15,0.0765711466471354,857.2206909053272,3193.837853696311,3069.0682206406145,4459.297440703091,0.048822667463119696,0.1028226674631197,F4,6249.053993815229
189,2024-06-16,2024-06-16,6017.229166666667,0.0091176690907592,109.6934509882501,2528.9986946009503,0.0759780708063357,2461.85902836337,0.0589892069498697,5.061689614385866e-06,787.1479166666667,0.0574583333333333,0.0754375,0.0656354732369463,0.0291685426767464,0.0168864101281312,19.49375,18.225,0.0,787.1479166666667,36.64375,18.691666666666663,2024-06-16,0.0589892069498697,840.5938184649862,3276.374684985907,3189.3937374319103,4573.617437464696,0.04874976673600597,0.10274976673600597,F4,6493.578107595502
190,2024-06-17,2024-06-17,6358.1875,0.0088693659874893,112.76045888053802,2566.6509221768947,0.0670213169650055,2513.0032113076672,0.0505091349283854,3.954588477643822e-06,782.5895833333334,0.0504583333333333,0.0762083333333333,0.0621697411211266,0.0249180951265751,0.0144257180957684,20.89583333333333,19.558333333333334,0.0,782.5895833333334,28.45208333333333,18.916666666666668,2024-06-17,0.0505091349283854,832.4400742691398,3325.1539925935044,3255.652176647682,4608.4974095638145,0.04617564600702507,0.10017564600702507,F4,6576.42639381837
191,2024-06-18,2024-06-18,6412.833333333333,0.008831494913136,113.24398774117306,2611.6586608136136,0.0570518591393046,2556.4689927615887,0.0439554850260416,3.997771330485274e-06,783.9520833333332,0.0416874999999999,0.0764791666666666,0.0575111658621479,0.0192047193851463,0.0111180997805484,22.339583333333334,20.53333333333333,0.0,783.9520833333332,29.879166666666663,16.879166666666666,2024-06-18,0.0439554850260416,829.3298979831693,3383.4625302027243,3311.9630740486114,4643.0512699882065,0.042715558862113576,0.09671555886211357,F4,6618.0182960504135
192,2024-06-19,2024-06-19,6230.958333333333,0.0089587295637666,111.62962637898283,2625.639532138543,0.0542558224288366,2557.19522782421,0.0440266927083333,4.961473526104573e-06,789.5791666666668,0.03225,0.0754166666666666,0.0518827159678865,0.01230186877095,0.0071218642532429,20.122916666666665,19.66875,0.0,789.5791666666668,44.78958333333333,14.483333333333334,2024-06-19,0.0440266927083333,822.3186354116651,3401.575063428161,3312.9039279049625,4610.398551638361,0.038535111827931325,0.09253511182793132,F4,6528.924415941878
193,2024-06-20,2024-06-20,6074.3125,0.009073738546003,110.21658008919395,2604.518677313587,0.0585671300321832,2513.9781232687365,0.0503679911295572,6.670490904466828e-06,792.6666666666666,0.0294583333333333,0.0744583333333333,0.0499248712149139,0.0099007263410712,0.0057317819204935,20.775,19.010416666666668,0.0,792.6666666666666,43.03958333333333,18.89375,2024-06-20,0.0503679911295572,843.590879639256,3374.2125210031763,3256.9151970186126,4553.123794571515,0.03708095190029327,0.09108095190029326,F4,6386.095912994455
194,2024-06-21,2024-06-21,5636.0,0.009420473551746,106.16369543442784,2501.1799083831665,0.0833210791930882,2384.0776740529154,0.0735384623209635,9.097509389179166e-06,795.3291666666668,0.0477083333333333,0.0736041666666666,0.0594860678642614,0.0216267811880177,0.0125202928695975,18.2125,18.120833333333334,6.2584996,795.3291666666668,75.81666666666666,14.416666666666666,2024-06-21,0.0735384623209635,890.6994231161298,3240.334821807819,3088.62624365236,4465.534226161885,0.04418238780660743,0.09818238780660743,F4,6199.812680372757
195,2024-06-22,2024-06-22,5217.3125,0.0097953214504315,102.12947087339552,2306.37158967557,0.1449161661314369,2205.313689431581,0.1170603434244791,8.480429419458314e-06,795.8145833333333,0.173,0.0920625,0.1361886575602127,0.1156964679294721,0.0669796235446058,18.28333333333333,17.577083333333334,12.1851,795.8145833333333,71.17083333333333,15.039583333333333,2024-06-22,0.1170603434244791,887.2097788687472,2987.9562637639415,2857.033481247646,4692.479357107969,0.10115208987954658,0.1551520898795466,F4,6602.213779537725
196,2024-06-23,2024-06-23,5175.979166666667,0.0098313312926407,101.7348361886064,2229.052780077608,0.1737593304138106,2139.2020725757848,0.1359977722167968,7.798475327051706e-06,796.8208333333333,0.1748541666666666,0.0965208333333333,0.1392272303542856,0.1194230382058161,0.0691370297186145,18.241666666666667,17.777083333333334,4.5394998,796.8208333333333,62.24166666666667,16.408333333333335,2024-06-23,0.1359977722167968,860.9618017923011,2887.788007061864,2771.384394788154,4553.834478349765,0.10340894440677265,0.15740894440677267,F4,6432.613431611245
197,2024-06-24,2024-06-24,5430.25,0.0095971718711657,104.20825647671954,2356.558410949118,0.125259590985421,2263.9420250281164,0.1000887552897135,7.580020167597753e-06,794.28125,0.1234374999999999,0.0926458333333333,0.1094330819495481,0.0828828611626152,0.0479829932436307,20.2125,19.022916666666667,0.0,794.28125,49.69166666666666,19.322916666666668,2024-06-24,0.1000887552897135,853.5144551090681,3052.974419404591,2932.9878085398773,4610.382996633257,0.08127978599291501,0.135279785992915,F4,6500.155972365673
198,2024-06-25,2024-06-25,5599.1875,0.0094511904220808,105.81715474231304,2411.8726677458794,0.1080891330257665,2324.0503977793173,0.0862197875976562,7.007927622842829e-06,794.5104166666666,0.0819583333333333,0.0875,0.0844787495724539,0.0522783373928096,0.0302652571921454,21.69375,20.4375,0.0,794.5104166666666,44.58958333333334,20.12708333333333,2024-06-25,0.0862197875976562,832.1096184522941,3124.63528307946,3010.8595572513987,4523.445780078381,0.0627453285960066,0.1167453285960066,F4,6377.599472315311
199,2024-06-26,2024-06-26,5619.729166666667,0.0094331461191862,106.01393500845543,2467.735562923448,0.09178880358368,2367.6574975314284,0.0765571594238281,7.828250432202497e-06,794.8166666666666,0.0596458333333333,0.0825416666666666,0.0700591320054893,0.034593811839854,0.0200272362283248,21.575,20.714583333333334,0.0,794.8166666666666,47.92291666666667,19.9625,2024-06-26,0.0765571594238281,829.0797541080793,3197.0069201153133,3067.3535356858224,4502.879351731886,0.052035373168790366,0.10603537316879037,F4,6306.076594611699
200,2024-06-27,2024-06-27,5678.083333333333,0.0093853852136886,106.55975612397924,2482.434055597109,0.0881322306553877,2365.830088529357,0.0771624247233073,9.129195308503755e-06,791.8958333333334,0.0494791666666666,0.0792916666666666,0.0630382480132138,0.0259832504439548,0.0150423635599853,21.504166666666663,20.204166666666666,1.4819,791.8958333333334,60.675,18.55625,2024-06-27,0.0771624247233073,826.8910645680053,3216.049147937037,3064.9860862259693,4465.3800939453,0.04682071652011511,0.10082071652011511,F4,6203.708569257546
201,2024-06-28,2024-06-28,5851.041666666667,0.0092456581258522,108.17039985810726,2460.785788577596,0.0939437135482341,2350.8543976904866,0.080237070719401,8.66100901479158e-06,790.2583333333333,0.045625,0.0775416666666666,0.0601410814974914,0.0224301038337534,0.0129853567506231,20.70833333333333,19.825,4.0013,790.2583333333333,63.40625,17.095833333333335,2024-06-28,0.080237070719401,830.3316135516884,3188.003331152723,3045.584741947145,4399.54474308856,0.044668889392626185,0.09866888939262618,F4,6122.8715212595425
202,2024-06-29,2024-06-29,5720.9375,0.0093498905506773,106.96215177386408,2519.611181495812,0.0785374324236556,2419.18760275916,0.066754659016927,7.692885948581733e-06,793.9020833333334,0.0475833333333333,0.0767708333333333,0.0608581572093029,0.0233095407321346,0.0134944851055243,22.047916666666666,20.304166666666667,1.2751,793.9020833333334,48.38958333333333,20.31875,2024-06-29,0.066754659016927,830.9948423754211,3264.2129506369292,3134.1119458990156,4511.565452397578,0.04520148665990983,0.09920148665990983,F4,6311.757494963129
203,2024-06-30,2024-06-30,5706.354166666667,0.0093614905773588,106.8270349437147,2542.349044115917,0.0729107044618241,2430.755914026958,0.0645319620768229,8.502018188773695e-06,796.2062500000001,0.0440625,0.0772291666666666,0.0591470964386464,0.0212110594249286,0.0122796209831577,24.110416666666666,22.1625,0.22299999,796.2062500000001,48.770833333333336,21.0625,2024-06-30,0.0645319620768229,824.8384044326524,3293.670363026363,3149.098953312964,4535.752186727116,0.04393062184661735,0.09793062184661734,F4,6314.814247947855
204,2024-07-01,2024-07-01,5694.833333333333,0.0093713267376255,106.71776853850996,2489.6105487164727,0.0861781631409237,2354.326466301393,0.0794652303059895,1.064300895276808e-05,793.9812499999999,0.0428333333333333,0.076125,0.0579747812660952,0.0197733071732603,0.0114472696911039,22.183333333333334,21.37291666666667,6.4188,793.9812499999999,73.0125,17.739583333333332,2024-07-01,0.0794652303059895,862.2168167270132,3225.3464561695228,3050.082884917955,4430.5019883960495,0.04305990227403748,0.09705990227403748,F4,6100.298575213856
205,2024-07-02,2024-07-02,5427.0,0.0096050774244998,104.15861006738628,2321.563220978275,0.1392600415873811,2216.93174113336,0.113995869954427,8.757149367889598e-06,792.4666666666667,0.1357916666666666,0.1432127659574468,0.1391668713279494,0.119349012612652,0.0690941744227569,20.48958333333333,19.7875,16.7076,792.4666666666667,69.58749999999999,16.227083333333333,2024-07-02,0.113995869954427,874.1292924914891,3007.637363770075,2872.084928512458,4742.444332324431,0.10336411364210853,0.1573641136421085,F4,6665.328060199329
206,2024-07-03,2024-07-03,5599.3125,0.0094515704812988,105.81651361586556,2388.9727064170675,0.1151909142270124,2313.089164269241,0.088879903157552,6.099217941726611e-06,793.2541666666666,0.1197708333333333,0.1184166666666666,0.119154942147082,0.0948059572008511,0.0548855763424859,20.56458333333333,19.98333333333333,0.0,793.2541666666666,48.14791666666667,17.127083333333335,2024-07-03,0.088879903157552,866.061380624222,3094.9678681673636,2996.6590327255053,4743.938647157049,0.08850055234831104,0.14250055234831105,F4,6748.171552347344
207,2024-07-04,2024-07-04,5754.5625,0.0093226869445544,107.2754670267751,2481.771295219078,0.0881099806170713,2418.8121530516864,0.06671142578125,4.825345057711431e-06,794.8520833333333,0.0771875,0.0949583333333333,0.0852698874134204,0.0532486056609874,0.030826970133801,20.504166666666663,19.92708333333333,0.0,794.8520833333333,44.42291666666667,15.708333333333334,2024-07-04,0.06671142578125,842.4931519424925,3215.1905269620925,3133.6255423592756,4661.232681732399,0.06333293440276162,0.11733293440276162,F4,6647.993789280114
208,2024-07-05,2024-07-05,5826.229166666667,0.0092652939429684,107.94092047051758,2542.2491850068504,0.0730867141142663,2482.633548814288,0.0556284586588541,4.447107199160259e-06,796.6770833333334,0.0565833333333333,0.0840625,0.0690811867897244,0.0333944390355982,0.0193328888523301,20.83125,20.133333333333333,0.0,796.6770833333334,43.45625,14.545833333333334,2024-07-05,0.0556284586588541,831.1587731333163,3293.540993304777,3216.3075958864124,4629.791195337498,0.05130901897649217,0.10530901897649217,F4,6598.350406616566
209,2024-07-06,2024-07-06,6014.833333333333,0.0091182660025683,109.67655099339576,2568.012705814724,0.0668198170688201,2508.365824998427,0.0513229370117187,4.405068718304649e-06,794.4604166666667,0.0440625,0.0798333333333333,0.0603315025660527,0.0226636402806914,0.0131205569307132,22.23333333333333,20.839583333333334,0.0,794.4604166666667,35.65,16.527083333333334,2024-07-06,0.0513229370117187,827.0880846256498,3326.9182139222607,3249.644338391169,4593.107548088387,0.04481032179520021,0.0988103217952002,F4,6536.03336185854
210,2024-07-07,2024-07-07,6143.770833333333,0.0090219242199382,110.84648338129632,2594.778225879016,0.0607408115506535,2531.6996502255383,0.0476290384928385,4.612165904571338e-06,792.4104166666666,0.0341666666666666,0.077875,0.0540457391090537,0.0149546463383136,0.0086576245576794,23.24791666666667,21.504166666666663,0.0,792.4104166666666,37.76458333333333,17.2,2024-07-07,0.0476290384928385,825.9796589195605,3361.5935471109824,3279.873833740931,4578.221372642262,0.040141664936732976,0.09414166493673297,F4,6498.204614401736
211,2024-07-08,2024-07-08,6136.020833333333,0.0090282348222204,110.77405812833616,2622.737001828526,0.0547349411345116,2553.385307789389,0.0445035298665364,5.038844699198208e-06,793.9625,0.0280416666666666,0.0766041666666666,0.050128472130539,0.0101504268326589,0.005876339876538,23.495833333333334,21.70208333333333,0.0,793.9625,44.5,16.154166666666665,2024-07-08,0.0445035298665364,823.3296304701901,3397.814770134832,3307.9680908163327,4587.095018134182,0.03723217343728332,0.09123217343728332,F4,6490.467891107204
212,2024-07-09,2024-07-09,6117.770833333333,0.0090410463974162,110.61180545205094,2631.789236221038,0.0527678311220201,2558.1394275791213,0.0437024434407552,5.3320848646794215e-06,794.84375,0.0246666666666666,0.0760416666666666,0.0480326307481378,0.0075800424025662,0.0043882790517471,23.854166666666668,22.1125,0.0,794.84375,40.3625,17.641666666666666,2024-07-09,0.0437024434407552,816.3265347159197,3409.542143371324,3314.1271599221104,4580.906212444532,0.03567551857568306,0.08967551857568305,F4,6467.0247408921505
213,2024-07-10,2024-07-10,6039.104166666667,0.0091000317160637,109.89717216771982,2638.443952910928,0.0513764904348847,2559.9414872719403,0.0434417724609375,5.680451213452923e-06,796.65,0.0225833333333333,0.07525,0.046536762853998,0.0057454782142366,0.0033262032520119,23.566666666666663,21.854166666666668,0.0,796.65,39.82083333333333,18.558333333333334,2024-07-10,0.0434417724609375,821.9757940422562,3418.1634785048914,3316.4617687817313,4576.601906329071,0.034564485055075374,0.08856448505507537,F4,6446.354836390921
214,2024-07-11,2024-07-11,6058.511111111111,0.0090850176294867,110.07533409809778,2675.865756101148,0.0439210891232673,2592.522085153072,0.0389004177517361,5.956046752372762e-06,796.5708333333333,0.021,0.0741951219512195,0.0451937773006651,0.0040984121790335,0.0023726748948778,22.041463414634148,21.134146341463413,0.22739999,796.5708333333333,38.175,19.99375,2024-07-11,0.0389004177517361,836.448718587365,3466.6442661386336,3358.670666060854,4626.951868830501,0.03356700260806909,0.08756700260806909,F4,6505.412271383993
215,2024-07-12,2024-07-12,6142.041666666667,0.0090232994975776,110.83045110013218,2675.1538502107232,0.0439818251576104,2594.431972809616,0.0385983784993489,5.77014147475864e-06,795.9625,,,,,,,,0.0,795.9625,34.766666666666666,21.875,2024-07-12,0.0385983784993489,830.3279958982445,3465.7219760471207,3361.1449684724867,,,,F4,
216,2024-07-13,2024-07-13,6144.291666666667,0.009022064002823,110.8490534851091,2697.456451284603,0.0397804563101939,2626.6436102436,0.0343399047851562,4.993675602234854e-06,797.2291666666666,,,,,,,,0.0,797.2291666666666,29.066666666666663,22.3,2024-07-13,0.0343399047851562,825.6790817455184,3494.6154973145685,3402.875869194562,,,,F4,
217,2024-07-14,2024-07-14,6092.458333333333,0.0090597224467479,110.38309266470732,2688.8806038012967,0.0412947117776257,2607.563398592812,0.0367685953776041,5.775741444173509e-06,797.9520833333332,,,,,,,,0.0,797.9520833333332,31.116666666666664,22.741666666666664,2024-07-14,0.0367685953776041,828.7934562927001,3483.5052940326964,3378.1570258949296,,,,F4,
218,2024-07-15,2024-07-15,6043.166666666667,0.0090980580228126,109.92976067802972,2671.890390370449,0.0447940851604882,2557.7583155361463,0.0439554850260416,8.277469497084995e-06,796.9812499999999,,,,,,,,1.6424999,796.9812499999999,52.73333333333333,19.98333333333333,2024-07-15,0.0439554850260416,834.2567458309543,3461.494090430189,3313.6334206993847,,,,F4,
219,2024-07-16,2024-07-16,5897.041666666667,0.009215961106305,108.56958048518676,2590.7399296250314,0.0629464170198052,2473.882089533215,0.0582440694173177,8.784134502084967e-06,795.9708333333333,,,,,,,,4.4405,795.9708333333333,61.98333333333333,18.183333333333334,2024-07-16,0.0582440694173177,896.3466981368404,3356.361843494339,3204.9698835710974,,,,F4,
220,2024-07-17,2024-07-17,5369.291666666667,0.0096522561368962,103.61893812427884,2371.6191974104754,0.1202400121673229,2276.664998143494,0.0969594319661458,7.734388936263766e-06,797.6458333333334,,,,,,,,6.4536,797.6458333333334,62.04166666666666,16.491666666666667,2024-07-17,0.0969594319661458,892.2126763185074,3072.486006976113,2949.47070634523,,,,F4,
221,2024-07-18,2024-07-18,5584.270833333333,0.0094636000382917,105.67687856014592,2438.287610009679,0.100027459669179,2342.976709341105,0.0817921956380208,7.539275637643193e-06,797.1958333333333,,,,,,,,0.0,797.1958333333333,48.8,19.933333333333334,2024-07-18,0.0817921956380208,874.0638343427235,3158.856434843294,3035.379019524582,,,,F4,
222,2024-07-19,2024-07-19,5622.770833333333,0.0094310870568254,106.04077235475712,2473.806883838981,0.0901745041741413,2366.7941475759417,0.0767771402994791,8.377544834574507e-06,797.7958333333332,,,,,,,,0.2654,797.7958333333332,54.88333333333333,19.08333333333333,2024-07-19,0.0767771402994791,866.6415881758234,3204.872452902872,3066.2350464021074,,,,F4,
223,2024-07-20,2024-07-20,5709.1875,0.0093594338008291,106.85254872295133,2505.76853244618,0.0818233477556539,2410.5790614250664,0.0682029724121093,7.317501825878654e-06,797.6,,,,,,,,0.1708,797.6,51.05,18.441666666666663,2024-07-20,0.0682029724121093,845.691644623342,3246.2794874777023,3122.9593869981777,,,,F4,
224,2024-07-21,2024-07-21,5867.895833333333,0.0092316847280147,108.32876901930248,2547.9456800956937,0.0713696188657435,2455.191355981968,0.0600560506184895,7.000089656378109e-06,796.4229166666668,,,,,,,,0.0,796.4229166666668,51.9,17.866666666666667,2024-07-21,0.0600560506184895,838.5061150321507,3300.9209308041823,3180.7556179086214,,,,F4,
225,2024-07-22,2024-07-22,6012.333333333333,0.0091200394179695,109.65424299199267,2591.916971185916,0.0613442614531796,2505.1531742967104,0.0517845153808593,6.416688434392997e-06,796.2208333333333,,,,,,,,0.0,796.2208333333333,48.13333333333333,17.400000000000002,2024-07-22,0.0517845153808593,839.1743137632968,3357.8867273076407,3245.482277155915,,,,F4,
226,2024-07-23,2024-07-23,6057.666666666667,0.0090859838567147,110.0663243744932,2625.255206735228,0.0541300313560089,2545.797925456592,0.045575459798177,5.789141821919671e-06,796.44375,,,,,,,,0.0,796.44375,39.525,19.308333333333334,2024-07-23,0.045575459798177,833.4001709788205,3401.0771612248473,3298.1384663671165,,,,F4,
227,2024-07-24,2024-07-24,5938.9375,0.0091764654938945,108.98190816306844,2652.0240772032325,0.0486958035128291,2573.578981419478,0.0415293375651041,5.6427343754120765e-06,798.3291666666668,,,,,,,,0.0,798.3291666666668,36.3,19.8,2024-07-24,0.0415293375651041,829.8031951518572,3435.756834936927,3334.129449151447,,,,F4,
228,2024-07-25,2024-07-25,5928.4375,0.0091845312162994,108.88575912366366,2639.663120068284,0.05116814578669,2550.7830632532346,0.0447934468587239,6.4517556880657806e-06,798.7416666666667,,,,,,,,0.0,798.7416666666667,37.75833333333333,21.383333333333336,2024-07-25,0.0447934468587239,827.8539688650396,3419.742936975809,3304.5968244963456,,,,F4,
229,2024-07-26,2024-07-26,6012.583333333333,0.0091203430958929,109.65453310220155,2636.8120452889184,0.0517665437471889,2527.0714694174326,0.0483652750651041,8.042659877255631e-06,795.6770833333334,,,,,,,,0.011,795.6770833333334,48.45,20.133333333333333,2024-07-26,0.0483652750651041,858.5936897342119,3416.049305479653,3273.877921418166,,,,F4,
230,2024-07-27,2024-07-27,5535.145833333333,0.0095104512139272,105.19257290933592,2396.133240600729,0.1149026251549928,2276.6917060735445,0.0985628763834635,9.71020201572543e-06,792.4708333333333,,,,,,,,10.4035,792.4708333333333,70.5,17.791666666666668,2024-07-27,0.0985628763834635,901.4137671898224,3104.2445012397375,2949.505307069261,,,,F4,
231,2024-07-28,2024-07-28,5835.791666666667,0.0092576628979997,108.02959912328303,2446.0966210980337,0.0979116492966486,2368.4188802339013,0.0766792297363281,6.100445352986879e-06,790.5291666666667,,,,,,,,1.1128,790.5291666666667,43.64166666666667,19.45,2024-07-28,0.0766792297363281,883.7619081893491,3168.9731843296736,3068.339924100057,,,,F4,
232,2024-07-29,2024-07-29,5950.291666666667,0.0091679580367335,109.08504443047448,2533.2628212018826,0.0750661743730854,2473.626555209275,0.0569941202799479,4.46421670105954e-06,793.3916666666668,,,,,,,,0.0,793.3916666666668,31.25,19.416666666666668,2024-07-29,0.0569941202799479,862.8535216267625,3281.8989568958514,3204.6388331075723,,,,F4,
233,2024-07-30,2024-07-30,6006.770833333333,0.0091241273322367,109.60404539573636,2589.081085019682,0.0620144036600537,2530.8444823212844,0.0477739969889322,4.258888670307164e-06,793.3770833333333,,,,,,,,0.0,793.3770833333333,29.10833333333333,19.575,2024-07-30,0.0477739969889322,846.5080461044123,3354.212773001383,3278.765944488599,,,,F4,
234,2024-07-31,2024-07-31,6014.291666666667,0.0091187641701771,109.67125962284956,2612.171821836791,0.0570833916912613,2555.6036506027813,0.0442288716634114,4.105813264277065e-06,794.1645833333333,,,,,,,,0.0,794.1645833333333,30.183333333333334,19.15,2024-07-31,0.0442288716634114,841.0857926230926,3384.127341849029,3310.8420038206905,,,,F4,
235,2024-08-01,2024-08-01,5798.354166666667,0.0092871140949509,107.68402978729117,2664.654949288834,0.0461648497152948,2608.61903662277,0.036712646484375,3.977588858857927e-06,797.7104166666667,0.0317272727272727,0.0753181818181818,0.0515529392206422,0.0118974235568984,0.0068877206474234,23.138636363636365,22.01136363636364,0.0,797.7104166666667,27.28333333333333,20.08333333333333,2024-08-01,0.036712646484375,841.1261960125339,3452.1204137868913,3379.524628703601,4675.440215544956,0.03829017507787421,0.09229017507787421,F4,6653.795509826913
236,2024-08-02,2024-08-02,5695.645833333333,0.0093710028876486,106.72404971747156,2672.8272118599966,0.0445328893293894,2597.2922929304464,0.0382741292317708,5.393743526497871e-06,799.4354166666667,0.0256666666666666,0.0753333333333333,0.0482556603285593,0.007853570621724,0.0045466314844176,25.495833333333334,23.48958333333333,0.0,799.4354166666667,33.141666666666666,21.78333333333333,2024-08-02,0.0382741292317708,838.6352210901083,3462.707763738624,3364.850577516434,4654.727290727701,0.03584117046306302,0.08984117046306302,F4,6569.720566869588
237,2024-08-03,2024-08-03,5836.458333333333,0.0092567838934418,108.03714574415164,2688.553759215562,0.0414332232593559,2609.43165511418,0.0366007486979166,5.62059824820854e-06,797.6958333333333,0.0216666666666666,0.075,0.0459233041559473,0.0049931194244852,0.0028906436415081,25.81875,23.89583333333333,0.0,797.6958333333333,35.40833333333333,21.316666666666663,2024-08-03,0.0366007486979166,835.4049311383537,3483.081859521278,3380.577394234675,4656.849893010908,0.034108847776066445,0.08810884777606644,F4,6560.224512929583
238,2024-08-04,2024-08-04,5975.75,0.0091479437702377,109.3200042544736,2678.2299172652133,0.0434494826096468,2583.506790056764,0.040130615234375,6.791775792991009e-06,795.4770833333333,0.0195,0.07425,0.0337697875046079,0.0099122117870226,0.0057384311368424,25.915384615384617,23.9475,0.0,795.4770833333333,34.38333333333333,23.53333333333333,2024-08-04,0.040130615234375,857.0352862614036,3469.7070900956833,3346.991148513344,4503.297342949741,0.025082004933994092,0.07908200493399409,F4,6279.182242918335
239,2024-08-05,2024-08-05,5414.770833333333,0.0096141742886475,104.0474715837188,2511.495626425497,0.0813532435490073,2378.186031525143,0.0754165649414062,1.040351291464386e-05,797.5,0.0585833333333333,0.073,0.0651402056546545,0.0285611359841684,0.0165347669679255,23.664583333333336,23.589583333333334,6.0534997,797.5,71.825,18.3,2024-08-05,0.0754165649414062,892.6169463043187,3253.6990665278727,3080.993488257037,4537.349961071477,0.048381914141701225,0.10238191414170122,F4,6266.311594200987
240,2024-08-06,2024-08-06,5490.041666666667,0.0095456290708491,104.77719686889304,2525.088967368436,0.0773283399945692,2413.687122100953,0.0679639180501302,8.561330647632316e-06,798.2895833333333,0.065625,0.0721666666666666,0.0686002281920445,0.032804581185965,0.0189914051629806,22.075,21.75625,1.7231,798.2895833333333,51.78333333333333,20.73333333333333,2024-08-06,0.0679639180501302,886.1495001002698,3271.309545428043,3126.985949502782,4594.1034812257085,0.05095179416664082,0.10495179416664081,F4,6408.182116148752
241,2024-08-07,2024-08-07,5628.208333333333,0.009427670166407,106.0877118090835,2545.563255070509,0.0722157983990041,2429.667951675297,0.0648714701334635,8.845811113182458e-06,796.3979166666667,0.06075,0.0729166666666666,0.0662835454272421,0.0299633521892888,0.0173465455401492,22.33333333333333,22.133333333333336,2.3927,796.3979166666667,55.40833333333333,20.55,2024-08-07,0.0648714701334635,892.0877988772138,3297.834445604306,3147.6894736185654,4609.677546556964,0.04923111266903459,0.10323111266903459,F4,6417.896271914972
242,2024-08-08,2024-08-08,5707.041666666667,0.0093622553848419,106.8284116800026,2560.85617671102,0.0686607741768411,2449.596246492832,0.0614217122395833,8.43321479570488e-06,795.4812499999999,0.05575,0.0725833333333333,0.0634060012075542,0.0264342707801247,0.0153034706868341,20.60625,20.76458333333333,3.1022,795.4812499999999,62.333333333333336,17.641666666666666,2024-08-08,0.0614217122395833,870.306503017859,3317.646769521045,3173.507027733757,4609.972015985146,0.0470938597086436,0.1010938597086436,F4,6427.929341981242
243,2024-08-09,2024-08-09,5792.1875,0.0092928200810635,107.62385911199397,2604.077266183692,0.0589209648221017,2495.361407345371,0.0535990397135416,8.07680786474955e-06,795.5437499999999,0.0509583333333333,0.0732083333333333,0.0610778992858926,0.023579037086699,0.0136505033893873,20.522916666666667,20.75,0.0,795.5437499999999,55.425,17.849999999999998,2024-08-09,0.0535990397135416,891.6853418021784,3373.6406629572443,3232.796822857683,4664.973386554071,0.04536469680295491,0.09936469680295491,F4,6514.05758494119
244,2024-08-10,2024-08-10,5437.375,0.0095922584249756,104.27153013016918,2489.795409207402,0.08627235035359,2370.331168181489,0.0764325459798177,9.349380885333284e-06,796.9916666666667,0.0739583333333333,0.071625,0.0728971054431773,0.0380743628006772,0.0220422155726024,18.504166666666663,18.73333333333333,6.2405,796.9916666666667,74.94166666666666,15.916666666666666,2024-08-10,0.0764325459798177,901.3460535163298,3225.585947092957,3070.8173361427184,4568.648299323363,0.05414323552228969,0.10814323552228969,F4,6352.492040506772
245,2024-08-11,2024-08-11,4715.770833333333,0.0103166420383422,97.05179406961253,2192.380206351149,0.1975582269141893,2086.5208865064915,0.1597607930501302,9.427426112413176e-06,797.1083333333332,0.1933333333333333,0.1821666666666666,0.1882545998590152,0.1795512465146796,0.1039467765416063,19.92083333333333,19.60833333333333,21.866,797.1083333333332,73.325,16.208333333333332,2024-08-11,0.1597607930501302,860.3941151606275,2840.2778630482826,2703.134733457388,4748.284751006787,0.13982329032620092,0.19382329032620094,F4,6673.500298654652
246,2024-08-12,2024-08-12,4789.375,0.0102190371654767,97.86625334121446,2201.3063518932804,0.1853132158763436,2099.0125034498337,0.1488914489746093,9.03023739348628e-06,795.9666666666667,0.1739583333333333,0.1825,0.1778431854312259,0.1667824665081644,0.0965546055162849,20.02083333333333,20.079166666666666,2.0772,795.9666666666667,61.98333333333333,18.116666666666667,2024-08-12,0.1488914489746093,857.6972107678085,2851.84188534342,2719.3179041387652,4714.113137451635,0.13209036787260137,0.18609036787260136,F4,6635.629562363382
247,2024-08-13,2024-08-13,4883.604166666667,0.0101198109428521,98.824826844836,2298.478760555093,0.1498338244011185,2180.512053811512,0.125640869140625,9.999864198151176e-06,794.7583333333333,0.1489583333333333,0.1654166666666666,0.156443780058541,0.1405377807962279,0.0813608904401809,18.04375,18.772916666666667,0.9345,794.7583333333333,78.77499999999999,15.2,2024-08-13,0.125640869140625,874.7972858937123,2977.730926131914,2824.902404523361,4800.651895419603,0.1161962793750358,0.17019627937503579,F4,6711.80944400036
248,2024-08-16,2024-08-16,5087.770833333333,0.0099142347160869,100.87094423632308,2358.918858984028,0.1320969905115888,2275.2606666866227,0.102698008219401,6.795356025780894e-06,795.1395833333332,0.15525,0.1759166666666666,0.1646494470270962,0.1506013852233602,0.0871869666211932,19.247916666666665,18.735416666666666,0.0,795.1395833333332,46.74166666666667,19.05,2024-08-16,0.102698008219401,863.9934629578439,3056.032432919313,2947.6513633600225,4975.871080533462,0.1222909158711621,0.17629091587116208,F4,7077.893032570673
249,2024-08-17,2024-08-17,5180.104166666667,0.0098257330063449,101.78125772509122,2328.2790571357227,0.1348369189567544,2250.4076162927604,0.1034138997395833,6.4063717786739935e-06,796.4187499999999,0.1212083333333333,0.1545416666666666,0.1363687317641337,0.1159173147616353,0.0671074773844337,20.0125,19.710416666666667,0.0,796.4187499999999,42.54166666666666,19.03333333333333,2024-08-17,0.1034138997395833,858.2804045317567,3016.337880548415,2915.453677639992,4738.213429788798,0.10128583730305686,0.15528583730305684,F4,6738.686132181208
250,2024-08-18,2024-08-18,4946.479166666667,0.0100560312420808,99.45648675842828,2309.7351274331504,0.1415410974046721,2196.779284248624,0.1180737813313802,9.530153070744048e-06,798.2333333333332,0.1051666666666666,0.1371666666666667,0.119720649160235,0.0954997523090176,0.0552872319504204,19.335416666666667,19.391666666666666,1.4934,798.2333333333332,70.77499999999999,16.891666666666666,2024-08-18,0.1180737813313802,857.8493807240808,2992.3138025734543,2845.9769673978967,4590.457214005885,0.08892072277707559,0.14292072277707557,F4,6414.573292186694
251,2024-08-19,2024-08-19,5084.395833333333,0.0099181339799846,100.83541582965304,2350.010150827416,0.1273599888653458,2242.129836761827,0.1055768330891927,8.914521808457508e-06,798.4333333333334,0.092875,0.124125,0.1070878735288753,0.0800066476951089,0.0463178802221603,19.06458333333333,18.95625,0.4806,798.4333333333334,64.10000000000001,17.400000000000002,2024-08-19,0.1055768330891927,855.2311285002628,3044.4910011492757,2904.7296280938435,4580.520810024469,0.07953791749076547,0.1335379174907655,F4,6412.536372204633
252,2024-08-20,2024-08-20,5263.583333333333,0.0097480408564476,102.59618173114715,2395.692645830137,0.1127882662947647,2290.82612285544,0.0935211181640625,8.476158228447639e-06,798.4291666666667,0.0810416666666666,0.112875,0.095519847168081,0.0658193742237642,0.0381045073055876,18.61458333333333,18.675,0.14649999,798.4291666666667,58.19166666666666,18.066666666666663,2024-08-20,0.0935211181640625,851.4337720912238,3103.6737008056416,2967.8167618873704,4581.344622353802,0.07094593881105285,0.12494593881105286,F4,6418.6901292894945
253,2024-08-21,2024-08-21,5285.291666666667,0.0097319512972136,102.79383433639798,2380.90077882098,0.1185144432407316,2271.682155129672,0.0994898478190104,8.945780754187865e-06,797.6791666666667,0.077375,0.103375,0.0892001107760243,0.0580687151515487,0.0336174539307514,19.204166666666666,18.922916666666666,2.7324998,797.6791666666667,61.15,18.075,2024-08-21,0.0994898478190104,882.3407353327522,3084.510504432333,2943.015321158754,4503.3585921025415,0.06625204906284289,0.12025204906284288,F4,6290.64258951515
254,2024-08-22,2024-08-22,5094.083333333333,0.0099116461009428,100.921286990232,2289.307676154905,0.1506255282404003,2168.757312289684,0.1274846394856771,1.030209570839618e-05,796.78125,0.1449583333333333,0.1010416666666666,0.1249845084007537,0.1019554611940702,0.0590246057749868,17.78125,18.09375,9.9612,796.78125,80.39999999999999,15.291666666666666,2024-08-22,0.1274846394856771,887.066126380597,2965.8495800375917,2809.6738725225773,4585.105034310396,0.09283037555248985,0.14683037555248984,F4,6384.946885327071
255,2024-08-23,2024-08-23,5064.708333333333,0.0099368057348477,100.64199559023534,2275.1342252426216,0.1542825613605035,2154.693696666231,0.1303329467773437,1.0351680120322016e-05,795.1083333333332,0.1590416666666666,0.1034166666666666,0.1337427517852684,0.1126967570858072,0.0652430147557029,17.131249999999998,17.333333333333332,2.0483,795.1083333333332,81.20833333333333,15.233333333333334,2024-08-23,0.1303329467773437,884.6070839175696,2947.4875556257034,2791.4541421975196,4613.427218026286,0.09933542992256975,0.15333542992256977,F4,6427.441669622931
256,2024-08-24,2024-08-24,5073.625,0.0099288763273409,100.72779268966735,2272.994354709148,0.155149866488666,2162.175332184439,0.1282323201497396,9.50587003820344e-06,795.8666666666667,0.1592083333333333,0.1039166666666666,0.1340610224362431,0.1130870909787679,0.0654689889593678,17.385416666666668,17.508333333333333,3.0135999,795.8666666666667,76.56666666666666,15.291666666666666,2024-08-24,0.1282323201497396,888.269849817219,2944.7153052247886,2801.1467692702336,4611.111005645545,0.09957182069159674,0.15357182069159675,F4,6453.221957051855
257,2024-08-25,2024-08-25,5015.9375,0.0099879007313392,100.14656100150188,2272.774526994051,0.15566815817478,2164.935965809431,0.12762451171875,9.232245278184394e-06,797.0187500000001,0.1645,0.1035,0.1367564708716352,0.1163928462466172,0.0673827746378219,16.458333333333332,16.8625,0.9317,797.0187500000001,76.925,14.225,2024-08-25,0.12762451171875,894.8164794020644,2944.4305134760466,2804.7232322169143,4627.69698055644,0.10157382472986931,0.1555738247298693,F4,6487.324522015559
258,2024-08-26,2024-08-26,4939.270833333333,0.0100633811189876,99.38391251308664,2246.977834378378,0.1657747479076566,2151.1812539056427,0.1317977905273437,8.261612080309925e-06,798.3895833333332,0.200625,0.1085416666666666,0.1587443993349138,0.1433593091891756,0.0829943448831916,16.183333333333334,16.179166666666667,3.4680998,798.3895833333332,68.09166666666667,15.208333333333334,2024-08-26,0.1317977905273437,884.7222233465667,2911.010318035538,2786.9036936077982,4706.3092667835235,0.11790502995670145,0.17190502995670143,F4,6641.7213453279655
259,2024-08-27,2024-08-27,5068.708333333333,0.0099337651399444,100.6787337397862,2310.1066815895933,0.1414617298827391,2222.686219971765,0.110992431640625,7.296758164260394e-06,798.6437500000001,0.1603333333333333,0.111875,0.1382939041145572,0.118278387062395,0.0684743621018037,17.022916666666667,16.835416666666667,0.0,798.6437500000001,58.925,16.066666666666666,2024-08-27,0.110992431640625,869.4775200853734,2992.795159339225,2879.539985263451,4713.5052112694275,0.10271573029203473,0.15671573029203473,F4,6674.244835998362
260,2024-08-28,2024-08-28,5360.354166666667,0.0096611882718208,103.52946212409717,2350.7624098681777,0.1277373851375147,2273.021647173729,0.0983085632324218,6.342868151071919e-06,795.9583333333334,0.1127916666666666,0.1071666666666666,0.110233349431469,0.0838643262165605,0.0485511882889238,17.508333333333333,17.477083333333333,0.0,795.9583333333334,50.55,16.533333333333335,2024-08-28,0.0983085632324218,857.9279722875349,3045.465569654576,2944.7506632264494,4604.827101568958,0.0818741727040341,0.13587417270403412,F4,6535.878308967211
261,2024-08-29,2024-08-29,5550.916666666667,0.0094920574447402,105.3605633267248,2449.394492996366,0.0970518397697331,2372.8285623760744,0.0757344563802083,5.9832719182841134e-06,794.6208333333334,0.0814583333333333,0.1003749999999999,0.0900618594428125,0.0591255820377383,0.034229301011657,18.09375,17.766666666666666,0.0,794.6208333333334,45.875,16.891666666666666,2024-08-29,0.0757344563802083,862.6390480403778,3173.2456515417325,3074.052766487162,4639.962886762535,0.0668921000051029,0.1208921000051029,F4,6582.430939456251
262,2024-08-30,2024-08-30,5542.1875,0.0094994721966866,105.27789987767072,2486.0827919751514,0.087115068700469,2416.662050320327,0.0671793619791666,5.320002621671274e-06,798.1166666666667,0.0652916666666666,0.0937083333333333,0.078215906328924,0.0445974532875265,0.025818598317691,18.08333333333333,17.891666666666666,0.0,798.1166666666667,43.86666666666667,15.916666666666666,2024-08-30,0.0671793619791666,839.206389846665,3220.7761679733567,3130.840035915882,4608.747411288218,0.05809369538352001,0.11209369538352,F4,6548.363516697586
263,2024-08-31,2024-08-31,5603.3125,0.0094474309331573,105.8571883398196,2521.1166132629046,0.0779911508030366,2456.731899593298,0.0598500569661458,4.853348993697696e-06,798.4895833333334,0.0555416666666666,0.0879166666666666,0.0702662036425815,0.0348477688980383,0.020174258418873,18.558333333333334,18.245833333333334,0.0,798.4895833333334,40.41666666666666,16.183333333333334,2024-08-31,0.0598500569661458,835.8400228758896,3266.163271347733,3182.751426803285,4602.17987879486,0.0521891725322755,0.1061891725322755,F4,6546.501963734614
264,2024-09-01,2024-09-01,5676.604166666667,0.0093864140725627,106.5465928702422,2538.351831423452,0.073914394146553,2470.650595596036,0.0575777689615885,5.075995250807408e-06,797.9958333333334,0.0473333333333333,0.0840833333333333,0.0640476726032908,0.0272212302221353,0.0157590614936587,20.008333333333333,19.297916666666666,0.0,797.9958333333334,34.666666666666664,18.341666666666665,2024-09-01,0.0575777689615885,833.5398431886741,3288.4918840876207,3200.7834105005254,4575.546563477868,0.04757045154718188,0.10157045154718188,F4,6493.052002268989
265,2024-09-02,2024-09-02,5802.25,0.0092841473291853,107.7196142965966,2585.056427901732,0.0630229067457515,2508.7992430038607,0.0512708028157552,5.625526127511487e-06,797.94375,0.0402916666666666,0.0804583333333333,0.0585599467757811,0.0204909665952728,0.0118627409563887,19.435416666666665,18.6125,0.0,797.94375,42.125,17.008333333333333,2024-09-02,0.0512708028157552,834.4484038931536,3348.9987391922114,3250.2058411645994,4606.149167577529,0.04349452521026834,0.09749452521026834,F4,6509.679743706214
266,2024-09-03,2024-09-03,5836.166666666667,0.0092567793690819,108.0353579430681,2599.652521345144,0.0596436516563091,2522.494693019245,0.0490709940592447,5.666884290474223e-06,796.8333333333334,0.0347916666666666,0.0788333333333333,0.0548223430933617,0.0159070899756876,0.0092090183678833,20.95,19.785416666666663,0.0,796.8333333333334,41.0,17.974999999999998,2024-09-03,0.0490709940592447,833.6071472802502,3367.908306508232,3267.9486046645134,4594.6869751398835,0.04071847593868302,0.09471847593868302,F4,6486.818615551242
267,2024-09-04,2024-09-04,5853.958333333333,0.0092435146075541,108.19674366462476,2633.757631380531,0.0524947313891904,2545.907381439677,0.0456250508626302,6.394296308321416e-06,797.28125,0.0288,0.07575,0.0501534211897823,0.0101810248893454,0.0058940538686307,17.932499999999997,18.295,0.0,797.28125,55.458333333333336,14.508333333333333,2024-09-04,0.0456250508626302,847.9514070657492,3412.0922435688367,3298.2802690548224,4606.630856438178,0.03725070397813892,0.09125070397813892,F4,6471.945948519876
268,2024-09-05,2024-09-05,5411.229166666667,0.0096161416557508,104.0178080837366,2584.8376527248142,0.0636723449976697,2479.813085073074,0.0565134684244791,7.84754717598429e-06,800.1666666666666,0.03225,0.0745,0.0514658050110395,0.0117905603097215,0.0068258547997034,17.733333333333334,17.889583333333334,5.3094997,800.1666666666666,72.41666666666667,13.441666666666668,2024-09-05,0.0565134684244791,862.9190637538773,3348.7153110303516,3212.653621678611,4534.502463368526,0.03822545744603017,0.09222545744603017,F4,6323.997457398944
269,2024-09-06,2024-09-06,5403.270833333333,0.0096207756139735,103.95023919955408,2599.339962534404,0.0598053882526056,2511.279003832121,0.0508944193522135,6.497243883299057e-06,800.85,0.0364583333333333,0.0735833333333333,0.0533432270856373,0.014093070657012,0.0081588365149541,17.058333333333334,17.068749999999998,1.3356999,800.85,55.75,15.1,2024-09-06,0.0508944193522135,851.9517680243126,3367.5033795396002,3253.418427086402,4579.13200114886,0.03961988463133082,0.09361988463133082,F4,6434.390480900411
270,2024-09-07,2024-09-07,5570.354166666667,0.0094753486514394,105.54536182981302,2636.950509060501,0.0517430536102708,2552.065343275118,0.0446383158365885,6.160884846805381e-06,797.9125,0.037375,0.0738333333333333,0.0539566857836879,0.0148454294467634,0.0085943961254579,18.33125,17.952083333333334,0.5868,797.9125,51.083333333333336,15.841666666666669,2024-09-07,0.0446383158365885,847.9796966419345,3416.228688409731,3306.2580471026404,4651.713395454916,0.040075521910339675,0.09407552191033967,F4,6549.079412501754
271,2024-09-08,2024-09-08,5734.5625,0.0093389642110963,107.08875326780156,2666.236682906149,0.0460518296834646,2584.663189118165,0.040143330891927,5.84617291667536e-06,795.6145833333334,0.0341249999999999,0.0735,0.052033220646383,0.0124864509084685,0.0072287235403526,19.072916666666668,18.541666666666668,0.0,795.6145833333334,46.95,16.008333333333333,2024-09-08,0.040143330891927,847.0186258021312,3454.1695852606554,3348.4892895043236,4683.264740795078,0.038646896928389046,0.09264689692838905,F4,6599.8650715763815
272,2024-09-09,2024-09-09,5735.75,0.0093377169017003,107.10091174571214,2718.068413964415,0.0360012209111674,2635.259020887854,0.0332794189453125,5.819203690084672e-06,795.80625,0.0295,0.07275,0.0491706169639635,0.0089756928918543,0.0051962565643307,18.797916666666666,18.447916666666668,0.0,795.80625,47.01666666666667,15.883333333333333,2024-09-09,0.0332794189453125,861.6935791794757,3521.318758520745,3414.0373274412004,4743.460128603316,0.03652074082874766,0.09052074082874766,F4,6681.432432079151
273,2024-09-10,2024-09-10,5712.4375,0.0093577744132359,106.87914702480155,2692.1443604745946,0.0409003020940747,2594.3937425317868,0.0386848449707031,6.973772657525648e-06,794.9354166666667,0.0274583333333333,0.07175,0.0476027127482593,0.0070527818272273,0.0040830345142246,17.979166666666668,17.8625,0.0106,794.9354166666667,57.833333333333336,14.958333333333334,2024-09-10,0.0386848449707031,841.0061516088359,3487.733564203486,3361.0954402877755,4681.3130347065835,0.03535620340697807,0.08935620340697807,F4,6551.193063596213
274,2024-09-11,2024-09-11,5949.666666666667,0.0091691535766685,109.07644454325428,2673.00360939627,0.0444782024815056,2588.003141436218,0.0395113627115885,6.083180963639777e-06,791.2208333333333,0.026625,0.0712916666666666,0.0469399338972725,0.0062399357533419,0.0036124572787835,18.047916666666666,17.758333333333333,0.0705,791.2208333333333,48.16666666666666,15.708333333333334,2024-09-11,0.0395113627115885,840.6799319541276,3462.9362907139734,3352.8162728465013,4640.89761630452,0.034863934321532106,0.0888639343215321,F4,6524.114950646278
275,2024-09-12,2024-09-12,6308.4375,0.0089044409867496,112.31774028870936,2662.6866160569,0.0470047859380213,2592.622684815952,0.0392710367838541,5.013114590623108e-06,784.9708333333333,0.0248333333333333,0.0705833333333333,0.0456409801796069,0.0046468712975416,0.0026901918074051,18.079166666666666,17.458333333333332,0.6419,784.9708333333333,42.56666666666667,16.033333333333335,2024-09-12,0.0392710367838541,828.9311910889002,3449.5703938179245,3358.8009951865592,4608.998177629431,0.033899155862352495,0.08789915586235249,F4,6513.208595229008
276,2024-09-13,2024-09-13,6239.875,0.0089534469500133,111.70478006807568,2738.882059401248,0.0320925994181967,2680.806862998026,0.027570088704427,4.01422127659588e-06,788.3916666666668,0.0222083333333333,0.0706666666666666,0.0442477625521094,0.0029381995786221,0.0017009983554121,18.835416666666667,18.20833333333333,0.0,788.3916666666668,37.675,14.95,2024-09-13,0.027570088704427,847.0802728229797,3548.283304274405,3473.045581246982,4725.3614810593435,0.0328643642930466,0.0868643642930466,F4,6709.276846448997
277,2024-09-14,2024-09-14,6070.354166666667,0.0090765995162857,110.18107614889546,2733.9689049772164,0.0330097244329016,2675.7993566382847,0.0281766255696614,4.025752504001847e-06,792.6541666666667,0.0199166666666666,0.0697916666666666,0.0317420842144883,0.0123990302120885,0.0071781134790574,17.954166666666666,17.6125,0.0,792.6541666666667,39.15833333333333,13.866666666666667,2024-09-14,0.0281766255696614,839.7721243953085,3541.918202223269,3466.558244141198,4573.128900990627,0.023575958622020228,0.07757595862202023,F4,6465.42546815128
278,2024-09-15,2024-09-15,6084.416666666667,0.0090657129670413,110.31019858304316,2740.0115523479853,0.0318876838714197,2673.382992039778,0.0284372965494791,4.616167485835188e-06,792.4875000000001,0.0179166666666666,0.069375,0.0315525792341033,0.0126314431490106,0.0073126632306663,16.897916666666667,17.445833333333333,0.0,792.4875000000001,41.91666666666666,12.958333333333334,2024-09-15,0.0284372965494791,832.6012656884224,3549.7465877887303,3463.4277894607962,4580.986910719986,0.02343520663024698,0.07743520663024697,F4,6454.326151537527
279,2024-09-16,2024-09-16,6046.8125,0.0090937839955461,109.96908879939812,2725.821782493007,0.0343972900308852,2634.161326881968,0.0332895914713541,6.445332806472383e-06,791.0166666666668,0.0180833333333333,0.0685833333333333,0.0311925197713718,0.0130730277291624,0.0075683077587232,16.282978723404256,16.239583333333332,0.3599,791.0166666666668,55.61666666666667,13.858333333333334,2024-09-16,0.0332895914713541,835.6762672847368,3531.363421819575,3412.6152401698923,4553.005589079578,0.0231677778458778,0.0771677778458778,F4,6353.715079339692
280,2024-09-17,2024-09-17,5912.895833333333,0.0091977392719739,108.7384683222678,2666.1881114243124,0.046104867546595,2563.255015666321,0.0432828267415364,7.444572201168671e-06,788.1875,0.020375,0.06775,0.0419217162697751,8.548696497142216e-05,4.949057507310619e-05,14.954166666666666,15.879166666666668,1.158,788.1875,74.125,11.408333333333331,2024-09-17,0.0432828267415364,867.5606614622351,3454.1066598135835,3320.754519336529,4574.48786526037,0.031136728182743958,0.08513672818274395,F4,6375.193732014426
281,2024-09-18,2024-09-18,5823.791666666667,0.0092670653289531,107.91897705359976,2609.67353477539,0.0576079688674922,2549.4361985293394,0.0450986226399739,4.379544147668748e-06,788.0604166666667,0.0330416666666666,0.0655416666666666,0.047823055136697,0.007323014417005,0.0042394790233503,11.941666666666668,13.2,3.1938,788.0604166666667,55.2,10.208333333333334,2024-09-18,0.0450986226399739,868.460893749776,3380.890754775546,3302.851930956111,4540.2164100656755,0.03551985942267578,0.08951985942267578,F4,6440.448401798134
282,2024-09-19,2024-09-19,5844.479166666667,0.0092503318227302,108.11173344364067,2649.652196047147,0.0490686011973548,2593.451088140832,0.0387051900227864,4.015044786886372e-06,790.9250000000001,0.0354166666666666,0.0658333333333333,0.049250530234772,0.009073700226173,0.0052529954991898,13.264583333333334,13.7875,0.0,790.9250000000001,44.36666666666667,11.95,2024-09-19,0.0387051900227864,852.0442363398673,3432.684009556596,3359.874210324388,4624.907820675522,0.03658009521622898,0.09058009521622898,F4,6577.804557349294
283,2024-09-20,2024-09-20,5940.666666666667,0.0091754321466823,108.99657182138002,2678.6249428076367,0.0433493651313201,2616.5351154014525,0.0356369018554687,4.397672966695286e-06,790.2166666666667,0.0360833333333333,0.067,0.0501446028779007,0.0101702099241716,0.0058877928106317,15.022916666666667,15.008333333333333,0.0,790.2166666666667,43.73333333333333,13.775,2024-09-20,0.0356369018554687,852.4062892898894,3470.218854569853,3389.7800867907085,4685.01315902456,0.03724415430879044,0.09124415430879045,F4,6650.51251921597
284,2024-09-22,2024-09-22,4824.979166666667,0.0101810595570989,98.22998182837246,2235.5748525365702,0.1704444485698548,2155.636202496405,0.130194346110026,6.867760644590069e-06,792.7229166666666,0.2100833333333333,0.2237916666666666,0.2163180471879999,0.213968854962941,0.123872004151627,11.39375,12.05625,20.0403,792.7229166666666,85.075,8.183333333333334,2024-09-22,0.130194346110026,893.4684877581581,2896.2374986111504,2792.675179697075,4978.9460778153025,0.16066699638370668,0.21466699638370668,F4,7102.610455905025
285,2024-09-23,2024-09-23,4961.958333333333,0.010040078562975,99.61283162946268,2287.231949638151,0.1498135573720558,2214.856161677435,0.1129531860351562,6.056477189985711e-06,793.2479166666667,0.179875,0.1905833333333333,0.1847452779958946,0.1752473395716769,0.1014551355090636,12.04375,12.3125,0.0,793.2479166666667,67.45,10.725,2024-09-23,0.1129531860351562,889.1215119390805,2963.1604296529094,2869.395968648387,4935.204119881041,0.1372167939639199,0.19121679396391988,F4,7058.168301257276
286,2024-09-24,2024-09-24,5088.645833333333,0.0099136711021271,100.8786477515994,2302.979214012889,0.1437953299249715,2234.0501261226977,0.1076520284016927,5.716500376038337e-06,793.7041666666668,0.1527083333333333,0.1717083333333333,0.1613497604388895,0.1465545794384707,0.0848441679784959,12.66875,12.977083333333333,0.0,793.7041666666668,62.625,11.525,2024-09-24,0.1076520284016927,868.908926252633,2983.5613647998184,2894.2621812515144,4838.8150894630135,0.11984012297604123,0.17384012297604123,F4,6920.662152497144
287,2024-09-25,2024-09-25,5201.4375,0.0098054317085237,101.99108389161306,2369.637268712601,0.120802246647625,2294.452628250068,0.0925827026367187,6.070064976722723e-06,794.6666666666666,0.1285833333333333,0.1566666666666666,0.1413559690112826,0.1220337685528869,0.0706484478193803,13.63125,13.652083333333332,0.0,794.6666666666666,55.11666666666667,14.225,2024-09-25,0.0925827026367187,868.8127660426496,3069.9183737752633,2972.514981184711,4854.806322317641,0.10499003322738477,0.15899003322738475,F4,6919.92254033191
288,2024-09-26,2024-09-26,5283.125,0.0097294846344978,102.78830271337849,2414.442053686063,0.1070588033102989,2340.594032914067,0.0823631286621093,5.847455718519253e-06,793.7541666666666,0.104625,0.1415,0.1213961907640729,0.0975546721548806,0.0564768772365163,14.75625,14.547916666666666,0.0,793.7541666666666,48.30833333333334,15.841666666666669,2024-09-26,0.0823631286621093,876.8222259198516,3127.9639803493906,3032.292208627951,4810.471926694744,0.09016520626009543,0.14416520626009544,F4,6852.191450121058
289,2024-09-27,2024-09-27,5346.458333333333,0.0096712497601188,103.40412994444108,2443.105317735531,0.098706600478373,2370.818425018562,0.075958251953125,5.643428534206634e-06,795.38125,0.0837083333333333,0.1267916666666666,0.1033031483051428,0.0753649802154281,0.0436307010370724,14.810416666666669,14.777083333333332,0.0,795.38125,50.44166666666666,14.325,2024-09-27,0.075958251953125,856.3916546377237,3165.097883550381,3071.4485883333505,4733.01153474273,0.07672686939866487,0.13072686939866485,F4,6736.681108790971
290,2024-09-28,2024-09-28,5379.0,0.0096424412202763,103.71657997572623,2485.9544202509483,0.0871015402338424,2414.437605830048,0.0675849914550781,5.488096513967027e-06,796.7937499999999,0.071,0.1155416666666666,0.091258082403157,0.0605926553086487,0.0350786269863949,15.635416666666666,15.310416666666669,0.0,796.7937499999999,42.11666666666667,16.724999999999998,2024-09-28,0.0675849914550781,863.3543099511339,3220.609859517625,3127.958218051893,4719.111537282174,0.06778057672973208,0.12178057672973207,F4,6712.615311426756
291,2024-09-29,2024-09-29,5509.541666666667,0.0095273099210622,104.96834806321291,2515.872139794131,0.079249421380666,2442.8891234304583,0.0622660319010416,5.535831893933205e-06,795.9354166666667,0.0605,0.1037916666666666,0.080189567462002,0.0470179932622313,0.0272199103817657,16.08125,15.7125,0.0,795.9354166666667,43.2,16.808333333333334,2024-09-29,0.0622660319010416,850.399846941291,3259.368938022906,3164.8177989660394,4681.3122100266455,0.0595596026910842,0.1135596026910842,F4,6646.049908941119
292,2024-09-30,2024-09-30,5700.0,0.0093658581158169,106.7707825203131,2580.0957881771506,0.0637859587137064,2501.922209993798,0.052154541015625,5.78618651477117e-06,793.1,0.058,0.1,0.0771021020228085,0.0432314600064274,0.0250277901161109,22.3,19.5,0.0,793.1,31.6,21.0,2024-09-30,0.052154541015625,847.8376966335113,3342.5721188662887,3241.296490238447,4772.927825676323,0.05726643388246138,0.11126643388246138,F4,6764.7675136988855
293,2023-06-29,,,,,,,,,,,,,,,,,,,,,,,,809.7914924639674,,,,,,F4,
294,2023-06-30,,,,,,,,,,,,,,,,,,,,,,,,838.3217559759264,,,,,,F4,
295,2024-03-29,,,,,,,,,,,,,,,,,,,,,,,,804.877355631917,,,,,,F4,
296,2024-03-30,,,,,,,,,,,,,,,,,,,,,,,,803.33579554698,,,,,,F4,
297,2024-03-31,,,,,,,,,,,,,,,,,,,,,,,,804.3356541246915,,,,,,F4,
298,2024-04-01,,,,,,,,,,,,,,,,,,,,,,,,796.8898275178623,,,,,,F4,
299,2024-04-02,,,,,,,,,,,,,,,,,,,,,,,,788.3352405886094,,,,,,F4,
300,2024-04-03,,,,,,,,,,,,,,,,,,,,,,,,789.3491060199211,,,,,,F4,
301,2024-04-06,,,,,,,,,,,,,,,,,,,,,,,,819.073114009334,,,,,,F4,
302,2024-04-07,,,,,,,,,,,,,,,,,,,,,,,,808.9798000197368,,,,,,F4,
