,date,Date (aggregated based on UTC),Raw_Moderated_cph,Raw_Mod_Coeff_of_Var,Raw_Mod_sqrt,Corrected_Mod_cph_for_Des,SWC_Des_cm3_cm3,Corrected_Mod_cph_for_UTS,SWC_UTS_cm3_cm3,Rhov_g_cm3,BaroPress_mb,SWC_5,WeightedTDR_SWC,WeightedTDR_SD,WeightedTDR_SE,sT_5,PRISM_ppt_mm,BaroPress,airRH,airT,date.1,CRNS,Bare,scaled_stationary_N_Des,scaled_stationary_N_UTS,N0,TDR_pore_swc_g,TDR_tot_swc_g,NewName,ND
0,2023-07-01,2023-07-01,5912.565217391304,0.0091968031579793,108.74007864421232,2620.0816386366887,0.0500320248933704,2522.670770743612,0.0591098951256793,7.147854490151672e-06,796.1217391304348,0.0393695652173913,0.0393695652173913,0.0,0.0,18.68478260869565,,796.1217391304348,69.16956521739131,13.343478260869563,2023-07-01,0.0591098951256793,941.942671806888,3483.208014078356,3353.70734864106,4561.975652651478,0.038849105258998214,0.09084910525899821,R4,6571.341824136207
1,2023-07-02,2023-07-02,6051.0625,0.009091196917764,110.0052707626108,2651.6308893774944,0.0448506343258042,2557.479491886323,0.0543009440104166,6.820093322218658e-06,795.1750000000001,0.0403125,0.0403125,0.0013335111579985,0.0009429347826086,20.50208333333333,0.0,795.1750000000001,55.56458333333333,16.310416666666665,2023-07-02,0.0543009440104166,931.355287454593,3525.1504487712396,3399.9830122143517,4627.70133919423,0.03977957458015175,0.09177957458015175,R4,6683.097009037627
2,2023-07-03,2023-07-03,6143.354166666667,0.0090223533400166,110.84222535062167,2682.082287667039,0.0400381201400926,2595.949459015285,0.0492235819498697,6.147857476562307e-06,794.3458333333333,0.0394791666666666,0.0394791666666666,0.0001549998560209,0.0001096014492753,21.570833333333336,0.0,794.3458333333333,47.93541666666667,17.575,2023-07-03,0.0492235819498697,933.779239112674,3565.633368462713,3451.1260360915217,4671.200042884523,0.038957257792965085,0.09095725779296508,R4,6763.852259420924
3,2023-07-04,2023-07-04,6183.916666666667,0.0089929332790915,111.206647835133,2668.760543874288,0.042181431123151,2577.772114413732,0.0516217549641927,6.53830537093703e-06,792.6958333333333,0.0381666666666666,0.0381666666666666,0.0017011554445937,0.0012028985507246,21.360416666666666,0.0,792.6958333333333,43.833333333333336,18.416666666666668,2023-07-04,0.0516217549641927,930.3278765527854,3547.9230788075583,3426.960578245812,4632.804773797965,0.037662108853146185,0.08966210885314618,R4,6687.040674515303
4,2023-07-05,2023-07-05,6223.3125,0.0089645019605854,111.5599790008648,2695.2592508256007,0.0381110109601592,2596.1900702695543,0.0492134094238281,7.064919101925945e-06,792.7687500000001,0.0370208333333333,0.0370208333333333,0.0033216084848129,0.0023487318840579,20.697916666666668,0.1545,792.7687500000001,49.77708333333334,17.929166666666667,2023-07-05,0.0492134094238281,933.7718637169676,3583.1511827927275,3451.445911257543,4665.330682374546,0.03653142327076465,0.08853142327076464,R4,6708.3436038864875
5,2023-07-06,2023-07-06,6288.0,0.0089195011622433,112.13305960086927,2699.654688772254,0.0374896796790227,2604.0794048890803,0.0483245849609375,6.809595815773e-06,792.5083333333333,0.0367916666666666,0.0367916666666666,0.0036456990928567,0.0025778985507246,21.085416666666667,0.0,792.5083333333333,53.42291666666667,17.10625,2023-07-06,0.0483245849609375,933.9788346530818,3588.9945979197205,3461.934207945419,4670.230864263398,0.036305286154288297,0.0883052861542883,R4,6723.0366081277325
6,2023-07-07,2023-07-07,6437.375,0.0088144851537575,113.46114993295905,2701.1962190920963,0.0371973768119495,2625.815064626069,0.045599619547526,5.325219802171235e-06,790.7770833333334,0.0362083333333333,0.0362083333333333,0.004470657004241,0.0031612318840579,21.93125,0.0,790.7770833333334,42.79791666666667,17.416666666666668,2023-07-07,0.045599619547526,933.9513078802192,3591.043950384483,3490.8301870136725,4665.9871163723565,0.03572966440325771,0.0877296644032577,R4,6766.754841630799
7,2023-07-08,2023-07-08,6468.5,0.0087930914846541,113.73583012380412,2714.56762199412,0.0352099182402711,2630.1961501098262,0.0450236002604166,5.945158604446809e-06,790.1020833333333,0.0353958333333333,0.0353958333333333,0.0056197055236691,0.0039737318840579,22.75,0.0,790.1020833333333,44.84791666666666,17.849999999999998,2023-07-08,0.0450236002604166,937.9186157477432,3608.820258214355,3496.6545215849133,4679.379423968413,0.03492790553575078,0.08692790553575078,R4,6759.09206209837
8,2023-07-09,2023-07-09,6465.854166666667,0.0087947499674742,113.71317366759916,2744.703768441304,0.0309385555980337,2676.9085767197585,0.0396753946940104,4.692760227347172e-06,792.2583333333333,0.0347291666666666,0.0347291666666666,0.0065625145652512,0.0046403985507246,22.37291666666667,0.0,792.2583333333333,38.110416666666666,16.916666666666668,2023-07-09,0.0396753946940104,936.6362018400696,3648.8840735055796,3558.7552959750674,4723.248157437378,0.03427005210600147,0.08627005210600146,R4,6861.196846436181
9,2023-07-10,2023-07-10,6441.270833333333,0.0088113598655484,113.49747372666002,2754.332977771761,0.0296289239673206,2676.156136622534,0.039794921875,5.415031422270251e-06,793.3354166666667,0.0338125,0.0338125,0.0078588769974265,0.0055570652173913,22.65833333333333,0.0,793.3354166666667,40.40833333333333,17.872916666666665,2023-07-10,0.039794921875,941.3703730986048,3661.6854071031607,3557.754981580998,4728.627404516034,0.03336550364009627,0.08536550364009628,R4,6835.941074694217
10,2023-07-11,2023-07-11,6377.395833333333,0.0088552222211732,112.9339817527035,2758.406017949262,0.02906668672016,2672.211124881312,0.0402005513509114,5.975401605449897e-06,794.3333333333334,0.0332916666666666,0.0332916666666666,0.0085954465611625,0.0060778985507246,22.90416666666667,0.0,794.3333333333334,42.7125,18.93958333333333,2023-07-11,0.0402005513509114,940.7397296153868,3667.1002178398667,3552.510375340481,4729.229980746985,0.03285155564810458,0.08485155564810458,R4,6813.658692280833
11,2023-07-12,2023-07-12,6363.375,0.0088650731432056,112.80933867780308,2763.887758853281,0.0283283442781318,2661.731147573754,0.0414352416992187,7.1172185703162775e-06,794.1395833333332,0.0327916666666666,0.0327916666666666,0.0093025533423491,0.0065778985507246,23.48125,0.0,794.1395833333332,44.98541666666667,19.85833333333333,2023-07-12,0.0414352416992187,941.2296971123276,3674.38779375598,3538.5780075826424,4732.466671786255,0.03235816557579262,0.08435816557579262,R4,6774.6740952259415
12,2023-07-13,2023-07-13,6490.083333333333,0.0087778868743212,113.9278937975127,2771.504396739784,0.0272884096863793,2672.979671892874,0.0401102701822916,6.826823189916173e-06,793.46875,0.0324791666666666,0.0324791666666666,0.0097444950805907,0.0068903985507246,24.089583333333334,0.0,793.46875,44.3125,19.875,2023-07-13,0.0401102701822916,938.9292971387245,3684.513559966992,3553.532102705916,4741.6390920640215,0.03204979678059765,0.08404979678059764,R4,6793.1277643087105
13,2023-07-14,2023-07-14,6534.979166666667,0.0087477031862599,114.32118777510853,2754.4862618929874,0.0295466906425039,2667.767736854102,0.040655771891276,6.0235641403571575e-06,793.9,0.0319583333333333,0.0319583333333333,0.0104810646443266,0.0074112318840579,24.43541666666667,0.0,793.9,40.927083333333336,19.672916666666666,2023-07-14,0.040655771891276,936.101526182059,3661.8891871959695,3546.603214068174,4706.101700675751,0.031535848788606054,0.08353584878860605,R4,6769.065822543205
16,2023-07-19,2023-07-19,6181.708333333333,0.0089943454116668,111.18759491966992,2777.0814826016085,0.0266609462927389,2650.612817103333,0.042755126953125,8.837982030084521e-06,797.3375,0.0291875,0.0291875,0.0143996147234021,0.0101820652173913,25.15625,0.0,797.3375,50.8125,21.175,2023-07-19,0.042755126953125,950.1030864473538,3691.9278900713084,3523.796995713908,4709.987387536979,0.028801645471210648,0.08080164547121065,R4,6656.3550560546
17,2023-07-20,2023-07-20,5921.041666666667,0.0091941189610299,108.80269490699771,2653.6586292177603,0.0453432447010929,2520.4361191094818,0.0603828430175781,9.812181539541814e-06,797.65625,0.1081914893617021,0.1081914893617021,0.0973288985134967,0.0688219241443108,23.5625,5.2636,797.65625,61.614583333333336,19.6,2023-07-20,0.0603828430175781,1007.886431197865,3527.846181437705,3350.736541790657,5300.140330349567,0.10676121351941763,0.15876121351941763,R4,7796.538164329987
18,2023-07-21,2023-07-21,5892.125,0.0092143342113037,108.54563905408033,2654.85742616932,0.0445511676480507,2529.4061943704323,0.0585314432779947,9.210249037988195e-06,798.0958333333333,0.128125,0.128125,0.1255191396038859,0.0887554347826087,22.18125,0.0,798.0958333333333,64.71041666666666,18.541666666666668,2023-07-21,0.0585314432779947,994.6453773927776,3529.4398948118805,3362.6616045730852,5465.3710989831725,0.12643120602993965,0.17843120602993967,R4,8103.637664483268
19,2023-07-22,2023-07-22,6132.416666666667,0.0090309661664745,110.74117779752316,2696.7478436806605,0.0379504078309019,2603.873748208392,0.0483538309733072,6.610918608962833e-06,797.4958333333334,0.1100625,0.1100625,0.0999749071335219,0.0706929347826087,22.9125,0.0,797.4958333333334,47.6625,18.85625,2023-07-22,0.0483538309733072,971.942462709203,3585.1301587475155,3461.6608023431822,5402.294996025576,0.10860748966767012,0.16060748966767013,R4,8083.12012135853
20,2023-07-23,2023-07-23,6254.229166666667,0.0089423765380455,111.83649647432094,2741.3244370568186,0.0314726342475885,2657.7940329885923,0.0418637593587239,5.821973334318557e-06,797.1104166666668,0.0990416666666666,0.0990416666666666,0.0843890951648684,0.0596721014492753,22.98333333333333,0.0,797.1104166666668,40.95625,19.26458333333333,2023-07-23,0.0418637593587239,965.362655515586,3644.391498164763,3533.3439000368508,5393.410867690677,0.09773235015712728,0.14973235015712727,R4,8077.049670053599
21,2023-07-24,2023-07-24,6207.145833333333,0.0089758087481399,111.41648370275615,2768.075856160171,0.0277539991689135,2665.859178595828,0.0408910115559895,7.099145723468981e-06,798.1854166666667,0.0919375,0.0919375,0.0743422863155095,0.0525679347826086,22.82708333333333,0.0,798.1854166666667,47.239583333333336,19.822916666666668,2023-07-24,0.0408910115559895,970.0696030341218,3679.9555645795986,3544.0659246484383,5379.702689789709,0.09072209954636158,0.14272209954636156,R4,7983.30673655416
22,2023-07-25,2023-07-25,6210.541666666667,0.0089734564093872,111.446542993419,2773.475639191747,0.0270365098805222,2666.4124306467243,0.0408566792805989,7.437147304850905e-06,797.90625,0.0867916666666666,0.0867916666666666,0.067064979025798,0.0474221014492753,22.95,0.0,797.90625,44.09791666666666,20.76458333333333,2023-07-25,0.0408566792805989,954.1636607901536,3687.1341834640302,3544.801433019273,5340.798237805241,0.08564429338548427,0.13764429338548428,R4,7898.415297477383
23,2023-07-26,2023-07-26,6146.083333333333,0.0090205467222815,110.8660275086361,2765.5150750715143,0.0282384883306387,2658.3560458253173,0.0419031778971354,7.468493781271964e-06,797.9625,0.0818125,0.0818125,0.0600233739964819,0.0424429347826086,22.102083333333336,0.4466,797.9625,47.26458333333333,20.097916666666663,2023-07-26,0.0419031778971354,952.3332356992206,3676.55119233456,3534.091055235386,5276.771619134034,0.0807309505820444,0.13273095058204437,R4,7787.421527285235
24,2023-07-27,2023-07-27,6133.166666666667,0.0090299349309545,110.74990155127244,2761.609201999627,0.0286103101819003,2640.405054526392,0.0438257853190104,8.503842810346364e-06,797.0583333333334,0.0778124999999999,0.0778124999999999,0.0543665197469895,0.0384429347826086,21.4625,0.5096,797.0583333333334,60.20625,18.258333333333333,2023-07-27,0.0438257853190104,951.750469862306,3671.358618108877,3510.226517645786,5229.494235888872,0.07678383000354862,0.1287838300035486,R4,7663.0454374190895
25,2023-07-28,2023-07-28,6175.9375,0.0089987737173645,111.134751786308,2745.560528211208,0.0309128375494044,2639.1099081834286,0.044073740641276,7.474325847962027e-06,796.6374999999999,0.0749583333333333,0.0749583333333333,0.0503301185377164,0.035588768115942,21.960416666666664,0.0,796.6374999999999,44.14166666666667,21.079166666666666,2023-07-28,0.044073740641276,947.1173306364856,3650.0230733186627,3508.504714761979,5170.430625222953,0.07396739500743459,0.1259673950074346,R4,7608.821617528166
26,2023-07-29,2023-07-29,6200.625,0.0089809863583303,111.35602672339895,2781.708463941677,0.0259426835981121,2677.248027170814,0.0396385192871093,7.2251341019288195e-06,797.85,0.07225,0.07225,0.0464999568062892,0.0328804347826086,22.214583333333334,0.0321,797.85,49.22916666666666,19.416666666666668,2023-07-29,0.0396385192871093,953.4216915642,3698.079125302705,3559.206570665926,5210.602003101703,0.07129486544907816,0.12329486544907815,R4,7666.341973347749
27,2023-07-30,2023-07-30,6136.291666666667,0.0090275113178797,110.77862624048667,2763.51251114601,0.0283485780390607,2648.037533255652,0.0429128011067708,8.074611848168724e-06,798.1583333333333,0.0695208333333333,0.0695208333333333,0.0426403322923126,0.030151268115942,22.9125,0.0,798.1583333333333,44.62708333333333,21.62291666666667,2023-07-30,0.0429128011067708,948.8171409485816,3673.888929216053,3520.3733431053442,5148.250199512036,0.06860177797104203,0.12060177797104203,R4,7545.8067436873325
28,2023-07-31,2023-07-31,6105.104166666667,0.0090520479126309,110.4907227173763,2737.659426682692,0.0322187549439425,2599.849358074581,0.0492439270019531,9.85203108988955e-06,797.6,0.0656875,0.0656875,0.0372191803032158,0.0263179347826086,21.860416666666666,0.96519995,797.6,63.0875,18.82708333333333,2023-07-31,0.0492439270019531,990.0950545181378,3639.5191333809385,3456.310668301877,5060.180887869259,0.0648191207499837,0.1168191207499837,R4,7322.87913877651
29,2023-08-01,2023-08-01,5614.479166666667,0.0094381587574744,105.96213605881542,2548.2488726319284,0.062850290852698,2397.357985749697,0.0792694091796875,1.1651217664825087e-05,797.2020833333332,0.0723125,0.0723125,0.0465883451539375,0.0329429347826086,21.13958333333333,2.6088998,797.2020833333332,77.92083333333333,18.12708333333333,2023-08-01,0.0792694091796875,1027.3884327344622,3387.7115751386186,3187.1131133620393,4773.886687710151,0.07135653920811717,0.12335653920811716,R4,6867.107101211419
30,2023-08-02,2023-08-02,5104.8125,0.0099046052835941,101.01584237951742,2378.7670526739407,0.1010061403677411,2243.5523121138795,0.1129862467447916,1.117332138808455e-05,796.9729166666666,0.2106170212765957,0.2106170212765958,0.2421804748808176,0.1712474560592045,21.216666666666665,8.8383,796.9729166666666,76.62083333333334,18.13125,2023-08-02,0.1129862467447916,1020.9845955308252,3162.3978197147912,2982.6396545511293,5396.828235342693,0.20783269471557828,0.2598326947155783,R4,8009.067696741982
32,2023-08-04,2023-08-04,4966.229166666667,0.0100362031737093,99.65422446572585,2251.104303698816,0.1364262155990671,2155.62568323164,0.135528564453125,8.214360339013632e-06,795.7541666666666,0.2254374999999999,0.2254374999999999,0.2631397968923177,0.1860679347826087,19.66875,1.4441,795.7541666666666,63.40625,16.664583333333333,2023-08-04,0.135528564453125,1003.8106523062162,2992.679478205094,2865.7475952132872,5178.6078892532805,0.22245724885365473,0.27445724885365474,R4,7810.376883402769
33,2023-08-05,2023-08-05,5070.375,0.009931529622524,100.69733511627724,2328.3507047637863,0.1127764724746747,2233.873632550724,0.1138140360514323,7.836180636680341e-06,795.7854166666666,0.1885,0.1885,0.2109022834321615,0.1491304347826086,20.175,0.0,795.7854166666666,57.25208333333333,17.5,2023-08-05,0.1138140360514323,1004.3977864156592,3095.3729512940545,2969.7725538765026,5165.105583700404,0.1860080572616088,0.23800805726160879,R4,7781.853791663638
34,2023-08-06,2023-08-06,5207.604166666667,0.0098007060489485,102.04774723362604,2396.1741610618647,0.0951789406722746,2300.2653956279664,0.0984891255696614,7.732076331474578e-06,795.3020833333334,0.1614791666666666,0.1614791666666666,0.1726890544655385,0.1221096014492753,20.347916666666663,0.0,795.3020833333334,59.76458333333333,17.020833333333332,2023-08-06,0.0984891255696614,1006.9936819972596,3185.5393045237515,3058.0355750775416,5154.743526646073,0.15934443543708324,0.21134443543708326,R4,7746.291262072578
35,2023-08-07,2023-08-07,5387.833333333333,0.0096351696237993,103.79939260077528,2461.687582288482,0.0801720284660952,2374.671671296314,0.0835253397623698,6.7983401428830114e-06,795.2083333333334,0.1409375,0.1409375,0.1436387508717912,0.1015679347826086,20.808333333333334,0.0,795.2083333333334,51.00208333333333,17.522916666666667,2023-08-07,0.0835253397623698,1000.0925721400484,3272.634634104773,3156.9533079771036,5158.703563884504,0.13907432663293362,0.1910743266329336,R4,7764.130578854051
36,2023-08-08,2023-08-08,5607.479166666667,0.0094461917171475,105.88797885248256,2507.723848107308,0.0709344215394678,2432.023136008667,0.0736554463704427,5.77954143532007e-06,793.4979166666667,0.124,0.124,0.1196855086590969,0.0846304347826086,20.28333333333333,0.0,793.4979166666667,49.29583333333333,16.1375,2023-08-08,0.0736554463704427,992.5772095097389,3333.8365018915392,3233.1979098854413,5131.637972888083,0.12236073793336599,0.17436073793336598,R4,7738.623384431314
37,2023-08-09,2023-08-09,5711.583333333333,0.0093582001831801,106.87219404847406,2541.6195494871795,0.0641318594264512,2467.578963214037,0.0675837198893229,5.562097971477796e-06,792.8541666666666,0.1114583333333333,0.1114583333333333,0.1019489135643343,0.072088768115942,20.01875,0.0,792.8541666666666,46.47083333333333,15.6,2023-08-09,0.0675837198893229,988.7718670067628,3378.898372082198,3280.466796641723,5102.772758269841,0.10998487028620764,0.16198487028620762,R4,7680.156740602117
38,2023-08-10,2023-08-10,5851.125,0.0092447376135967,108.17450327370726,2568.3809442817064,0.0589607258138702,2483.961317728639,0.0648167928059895,6.293926036281876e-06,792.5520833333334,0.1026458333333333,0.1026458333333333,0.0894861565459214,0.063276268115942,20.941666666666663,0.0,792.5520833333334,48.39375,16.739583333333332,2023-08-10,0.0648167928059895,987.4509816036662,3414.4757004530475,3302.2459456931347,5083.695224513952,0.10128887026170935,0.15328887026170934,R4,7602.899571510014
39,2023-08-11,2023-08-11,5661.916666666667,0.0093982286062479,106.41000792930338,2529.55289172517,0.0662034192417838,2415.222627011421,0.0760167439778645,8.76815471087824e-06,794.6750000000001,0.0954791666666666,0.0954791666666666,0.0793509593489142,0.0561096014492753,20.57708333333333,0.9981,794.6750000000001,71.60208333333334,15.620833333333332,2023-08-11,0.0760167439778645,988.1381190939584,3362.856628038817,3210.862854856297,4946.585269727911,0.09421694589190456,0.14621694589190454,R4,7287.360991535763
40,2023-08-12,2023-08-12,5788.458333333333,0.0092948764585349,107.5927645595434,2571.3047371166144,0.058412133521705,2452.6880413537,0.069714864095052,8.956224703936524e-06,795.3562499999999,0.0903958333333333,0.0903958333333333,0.072162040406851,0.051026268115942,21.24375,0.0,795.3562499999999,64.03750000000001,17.464583333333334,2023-08-12,0.069714864095052,965.04399801455,3418.3626704176,3260.670398851642,4983.665129460691,0.08920081349006634,0.14120081349006636,R4,7322.538707690966
41,2023-08-13,2023-08-13,5937.729166666667,0.0091777049501872,108.96961287355371,2614.576463531423,0.0510138959166672,2508.006084607745,0.0613390604654947,7.87220357879947e-06,795.7083333333334,0.0861458333333333,0.0861458333333333,0.0661516327667653,0.046776268115942,21.45,0.44239998,795.7083333333334,61.65416666666667,16.797916666666666,2023-08-13,0.0613390604654947,969.967239361648,3475.88928409575,3334.211714795477,5028.894280009442,0.08500699787541469,0.1370069978754147,R4,7417.909366367967
42,2023-08-14,2023-08-14,5959.645833333333,0.0091606330565569,109.17124677262788,2643.273731896011,0.0461731743646442,2553.7603266817905,0.0547701517740885,6.491464116344744e-06,797.8375,0.0815208333333333,0.0815208333333333,0.0596108950407898,0.042151268115942,22.05,0.0,797.8375,49.68541666666667,17.34375,2023-08-14,0.0547701517740885,959.6155820309032,3514.040215607068,3395.0386525214794,5040.770348872163,0.08044313970652907,0.13244313970652904,R4,7475.449979143943
43,2023-08-15,2023-08-15,5940.479166666667,0.009175728040754,108.99426164520172,2671.768671107546,0.0416528936151923,2573.29187273404,0.0521494547526041,7.087876789757441e-06,799.5520833333334,0.0772916666666666,0.0772916666666666,0.0536299501832536,0.0379221014492753,22.62291666666667,0.0,799.5520833333334,50.8875,18.366666666666667,2023-08-15,0.0521494547526041,954.3838384651292,3551.922165222172,3421.004422722417,5054.302630892404,0.07626988201155703,0.12826988201155703,R4,7459.742659702654
44,2023-08-16,2023-08-16,6062.541666666667,0.0090825800441372,110.1095793992362,2680.6221157085206,0.0402346301611525,2572.9164311017075,0.0521481831868489,7.753533904947099e-06,797.7229166666666,0.0729375,0.0729374999999999,0.0474722286304207,0.0335679347826086,23.183333333333334,0.0,797.7229166666666,50.61666666666667,19.4,2023-08-16,0.0521481831868489,951.818147450871,3563.6921760231944,3420.505300373222,5028.106155648424,0.07197327679850703,0.12397327679850702,R4,7380.727414950964
45,2023-08-17,2023-08-17,6137.770833333333,0.0090270814668074,110.78927438311904,2699.232720878119,0.0376063768653403,2582.838603290488,0.0510037740071614,8.345040499103563e-06,796.3666666666667,0.0681875,0.0681875,0.0407547142091485,0.0288179347826086,22.729166666666668,2.0242999,796.3666666666667,55.67083333333333,19.035416666666663,2023-08-17,0.0510037740071614,954.4921623731724,3588.4336222887096,3433.696106787563,5014.890880413251,0.0672860711115435,0.1192860711115435,R4,7321.326390901261
46,2023-08-18,2023-08-18,6192.166666666667,0.0089866265978099,111.2820982576143,2716.568001008764,0.0349345055146951,2590.0754109470354,0.049963633219401,9.04557252624562e-06,795.4520833333332,0.0637083333333333,0.0637083333333333,0.034420215961019,0.024338768115942,22.89583333333333,0.0,795.4520833333332,55.00416666666666,19.741666666666667,2023-08-18,0.049963633219401,953.954116548338,3611.4796166527535,3443.3169163279654,5000.485785169933,0.06286611838041549,0.11486611838041548,R4,7256.177181562951
47,2023-08-19,2023-08-19,6151.541666666667,0.0090163726133542,110.91595862512332,2725.782678985884,0.0337128668589948,2601.465144285925,0.0486361185709635,8.851404646691297e-06,795.7875,0.0602083333333333,0.0602083333333333,0.0294704684927132,0.020838768115942,22.7125,1.3998,795.7875,60.58125,18.660416666666663,2023-08-19,0.0486361185709635,948.0928386129872,3623.729860959552,3458.458738574725,4980.245292710576,0.059412387874231774,0.11141238787423177,R4,7219.841786619428
48,2023-08-20,2023-08-20,6243.791666666667,0.0089496900167347,111.74379249424778,2773.448787662501,0.0269845264626935,2675.0162890541355,0.0398890177408854,6.82794584937565e-06,795.6437500000001,0.0570208333333333,0.0570208333333333,0.024962662762649,0.017651268115942,23.47083333333333,0.0,795.6437500000001,47.16041666666666,20.397916666666667,2023-08-20,0.0398890177408854,962.2300991329444,3687.0984863084605,3556.239637125113,5032.339849696931,0.056267026163243035,0.10826702616324303,R4,7357.869630193145
49,2023-08-21,2023-08-21,6240.3125,0.0089522722475415,111.71231484047968,2793.9426649692964,0.0242953259706095,2708.096716418561,0.0363197326660156,5.876534833324658e-06,797.3833333333333,0.0530416666666666,0.0530416666666666,0.019335271295706,0.0136721014492753,23.575,0.0,797.3833333333333,37.31666666666667,20.289583333333333,2023-08-21,0.0363197326660156,955.2452971645896,3714.34360593447,3600.217659796521,5024.793859552841,0.05234046350442698,0.10434046350442698,R4,7365.221093375892
50,2023-08-22,2023-08-22,6164.5625,0.0090070189572977,111.0325632552626,2784.4983749692547,0.0255611392737951,2680.31471722624,0.0393218994140625,7.205652662503173e-06,798.2687500000001,0.0490208333333333,0.0490208333333333,0.0136489542636642,0.009651268115942,23.15625,0.0,798.2687500000001,47.27708333333334,18.729166666666668,2023-08-22,0.0393218994140625,958.2530536621188,3701.788109139896,3563.2835120940995,4961.929713590549,0.048372785006251674,0.10037278500625167,R4,7201.907247971248
51,2023-08-23,2023-08-23,6112.3125,0.0090456715781516,110.56004178879824,2776.8232323191696,0.026553553353523,2652.0009367989646,0.0424639383951822,8.716660395697899e-06,798.0854166666667,0.0469791666666666,0.0469791666666666,0.0107616015738191,0.0076096014492753,22.379166666666663,1.3848,798.0854166666667,61.31666666666666,17.954166666666666,2023-08-23,0.0424639383951822,997.9801198760362,3691.5845650999927,3525.642399909344,4924.694250287174,0.04635810887764448,0.09835810887764447,R4,7081.963771577102
52,2023-08-24,2023-08-24,5575.375,0.0094737951823789,105.58274288065292,2522.5995948956584,0.0678717914621302,2381.680262968702,0.0823974609375,1.0966264137225718e-05,796.4979166666667,0.0628958333333333,0.0628958333333333,0.0332711674415909,0.023526268115942,22.0,7.4880996,796.4979166666667,80.44791666666667,17.122916666666665,2023-08-24,0.0823974609375,1038.392073097986,3353.6127255269002,3166.2707209617497,4635.496620018656,0.06206435951290856,0.11406435951290857,R4,6658.777291271874
53,2023-08-25,2023-08-25,5431.125,0.0095962324136677,104.2172659244746,2474.788654410299,0.077439149662937,2322.71597657364,0.0937080383300781,1.2124081679166458e-05,797.30625,0.0755,0.0755,0.0510961508840018,0.0361304347826086,20.5625,6.2935,797.30625,91.8875,15.604166666666666,2023-08-25,0.0937080383300781,1042.9994166614715,3290.051556820004,3087.8819899058117,4665.443556101111,0.07450190091910591,0.1265019009191059,R4,6704.207428447747
54,2023-08-26,2023-08-26,5369.020833333333,0.0096523340652387,103.6169369683635,2460.781882389872,0.0804313146550223,2323.6077749750298,0.0935846964518229,1.0941355054125075e-05,797.9541666666668,0.0839375,0.0839375,0.0630285778165248,0.0445679347826086,20.964583333333334,5.8339,797.9541666666668,79.65416666666667,17.116666666666667,2023-08-26,0.0935846964518229,1026.1908856925556,3271.4305719493545,3089.067571031551,4713.927657525771,0.08282785838937022,0.13482785838937023,R4,6839.436645892553
55,2023-08-27,2023-08-27,5589.041666666667,0.0094607980149972,105.71737063038825,2534.525195802154,0.0655341068134329,2407.453819874238,0.0776596069335937,9.778238743025133e-06,797.7416666666667,0.0852499999999999,0.0852499999999999,0.0648847331171394,0.0458804347826086,22.227083333333336,2.9929,797.7416666666667,67.95416666666667,18.2125,2023-08-27,0.0776596069335937,1010.8801452151982,3369.4669447381075,3200.5347906917978,4866.941351547424,0.08412300732918902,0.13612300732918903,R4,7106.535055726525
56,2023-08-28,2023-08-28,5811.125,0.0092774292406496,107.80051333185033,2608.1695171505053,0.0522059059300279,2491.209940548649,0.0640945434570312,8.717931829627369e-06,797.1520833333334,0.0810416666666666,0.0810416666666666,0.0589332510421527,0.0416721014492753,22.53333333333333,0.4012,797.1520833333334,58.00625,19.03125,2023-08-28,0.0640945434570312,1002.2901537606048,3467.371714776271,3311.882462634197,4969.348847649463,0.07997030755389672,0.13197030755389672,R4,7287.397815928336
57,2023-08-29,2023-08-29,5833.625,0.009259463743692,108.00921875834574,2642.4504913714222,0.0463355707726873,2544.5872839425765,0.05609130859375,7.130962620486578e-06,798.4729166666666,0.0763541666666666,0.0763541666666666,0.0523041249685288,0.0369846014492753,21.79583333333333,0.0534,798.4729166666666,59.06875,16.316666666666666,2023-08-29,0.05609130859375,989.502910701493,3512.9457771932125,3382.8437592358873,4989.792909520143,0.07534477562597211,0.12734477562597213,R4,7359.775394622024
58,2023-08-30,2023-08-30,6092.0,0.0090600306837596,110.37907505368032,2686.559130463552,0.0394057541510242,2598.046097015117,0.0490048726399739,6.312416593991806e-06,795.8770833333333,0.0714375,0.0714375,0.0453509082868611,0.0320679347826087,21.49791666666667,0.0,795.8770833333333,50.62916666666666,16.618750000000002,2023-08-30,0.0490048726399739,974.834551121551,3571.585005418078,3453.913363851063,5024.2246608271325,0.07049310658157124,0.12249310658157124,R4,7425.716862965522
59,2023-08-31,2023-08-31,6299.916666666667,0.008909660298771,112.24521669892124,2724.9970892485085,0.0337826936736477,2637.630422098716,0.0442161560058593,6.137137286971873e-06,793.05625,0.0674375,0.0674375,0.0396940540373687,0.0280679347826086,21.791666666666668,0.0,793.05625,45.38958333333333,18.370833333333334,2023-08-31,0.0442161560058593,974.1465351122368,3622.685476529444,3506.53784559615,5054.993959635746,0.06654598600307556,0.11854598600307555,R4,7462.3377569501645
60,2023-09-01,2023-09-01,6310.125,0.0089022534285769,112.3369601876602,2729.5886221159394,0.0330503561260134,2637.13349394263,0.0442212422688802,6.500500582286447e-06,793.5729166666666,0.0638958333333333,0.0638958333333333,0.034685381003964,0.024526268115942,21.90625,0.0,793.5729166666666,47.00833333333333,17.339583333333334,2023-09-01,0.0442212422688802,975.1442656581434,3628.7895855941756,3505.877215747761,5026.432656133878,0.06305113965753248,0.11505113965753248,R4,7392.034636958963
61,2023-09-02,2023-09-02,6057.645833333333,0.0090862316915126,110.06519700248214,2683.8660960089314,0.0398119077182432,2573.8678466695824,0.0520858764648437,7.914628320529926e-06,796.6083333333332,0.060375,0.060375,0.0297061707531087,0.0210054347826086,21.195833333333333,0.0,796.6083333333332,58.458333333333336,16.977083333333333,2023-09-02,0.0520858764648437,960.8014277300877,3568.0048119400594,3421.7701381866214,4905.4173730442935,0.05957685123166913,0.11157685123166912,R4,7146.808391664531
62,2023-09-03,2023-09-03,6017.416666666667,0.0091167074580693,109.6985009077684,2686.3359173731164,0.0394355448552607,2564.424062932679,0.0533498128255208,8.807564957674918e-06,795.8083333333334,0.0573124999999999,0.0573124999999999,0.0253751417183411,0.0179429347826086,20.5375,0.0,795.8083333333334,67.03750000000001,16.079166666666666,2023-09-03,0.0533498128255208,977.985740911255,3571.2882598457313,3409.2153144320755,4877.398129838003,0.05655483703875828,0.10855483703875828,R4,7060.490714009723
63,2023-09-04,2023-09-04,6343.6875,0.0088792100538114,112.63304949188957,2685.661855265675,0.0394860150772259,2578.2643270241265,0.0514793395996093,7.721679038837184e-06,789.4020833333334,0.0546875,0.0546875,0.0216628311171117,0.0153179347826086,19.70208333333333,1.3239,789.4020833333334,63.91041666666666,15.08125,2023-09-04,0.0514793395996093,970.8181672416885,3570.3921432896655,3427.6149391191043,4847.934195611367,0.05396453915912059,0.10596453915912059,R4,7044.869083558852
64,2023-09-05,2023-09-05,6332.520833333333,0.008886648275074,112.53550086340334,2706.87819506156,0.0364501246041468,2617.8217443284866,0.0466397603352864,6.3061346953032605e-06,792.5833333333334,0.0530833333333333,0.0530833333333333,0.0193941968608049,0.013713768115942,19.591666666666665,0.0,792.5833333333334,61.6375,13.339583333333332,2023-09-05,0.0466397603352864,961.2915814489448,3598.5977242596114,3480.203648928347,4868.669784293469,0.05238157934378635,0.10438157934378635,R4,7118.26544056658
65,2023-09-06,2023-09-06,6281.4375,0.0089226377426465,112.0809731657646,2701.905062725646,0.0371025123556263,2631.0656629792275,0.0449434916178385,4.988929370738958e-06,795.1020833333333,0.0512291666666666,0.0512291666666666,0.0167720092139048,0.0118596014492753,20.475,0.0,795.1020833333333,46.92291666666667,14.75625,2023-09-06,0.0449434916178385,965.3586792685086,3591.986306450302,3497.8104757164106,4839.301945964284,0.05055192449229614,0.10255192449229614,R4,7120.757371162807
66,2023-09-07,2023-09-07,6279.083333333333,0.0089242068696682,112.06040325933684,2688.71755560482,0.0390438881345858,2622.160867986159,0.0459950764973958,4.702543232949734e-06,795.4354166666667,0.0483333333333333,0.0483333333333333,0.0126766824395327,0.008963768115942,21.01875,0.0,795.4354166666667,40.516666666666666,15.595833333333331,2023-09-07,0.0459950764973958,955.7000006892988,3574.4544746891825,3485.972198303146,4783.592681866645,0.04769437365682273,0.09969437365682272,R4,7031.1057499965245
67,2023-09-08,2023-09-08,6256.770833333333,0.0089404154782541,111.85983016605788,2717.5939202051627,0.0347981124458414,2655.5895771951245,0.0420710245768229,4.325295738746971e-06,797.5437499999999,0.0450833333333333,0.0450833333333333,0.0080804883618201,0.005713768115942,20.916666666666668,0.0,797.5437499999999,41.2875,14.570833333333333,2023-09-08,0.0420710245768229,950.1958371711454,3612.8435016225944,3530.413236360858,4798.0456034051895,0.044487338186795,0.09648733818679499,R4,7048.067493475886
68,2023-09-09,2023-09-09,6246.770833333333,0.0089471256338105,111.77225775779895,2729.6809298746334,0.0330333007548143,2667.825707763956,0.040655771891276,4.293946096127672e-06,798.61875,0.0423958333333333,0.0423958333333333,0.0042797894129424,0.003026268115942,20.729166666666668,0.0,798.61875,40.625,14.347916666666668,2023-09-09,0.040655771891276,952.001746408454,3628.9123020470156,3546.6802821773535,4788.291493165169,0.04183536654811821,0.09383536654811821,R4,7020.686083815011
69,2023-09-10,2023-09-10,6237.770833333333,0.008953980792811,111.6900292173936,2732.797921835274,0.0326451681678709,2647.7506106311807,0.0430234273274739,5.954326177735975e-06,796.8229166666666,0.040125,0.040125,0.0010683461150535,0.0007554347826086,20.7625,0.0,796.8229166666666,45.85,15.7625,2023-09-10,0.0430234273274739,952.2771513175904,3633.056116200368,3519.991900340264,4767.1483338222,0.03959455330303476,0.09159455330303476,R4,6927.026582674476
70,2023-09-11,2023-09-11,6099.229166666667,0.0090569453947287,110.43524328958618,2681.1449398723594,0.0403398806588201,2570.169247197709,0.052825927734375,8.02129294422222e-06,795.9499999999999,0.039,0.039,0.0005226441426161,0.0003695652173913,20.466666666666665,3.2826998,795.9499999999999,68.94375000000001,14.91875,2023-09-11,0.052825927734375,969.896246520057,3564.3872327308104,3416.853119139841,4664.005856131835,0.03848442564033285,0.09048442564033285,R4,6685.119576231217
71,2023-09-12,2023-09-12,6259.083333333333,0.0089390415127266,111.87933534157295,2707.1826166149995,0.0364410733674554,2625.658694975738,0.0456759134928385,5.749074488546673e-06,794.4791666666666,0.0390416666666666,0.0390416666666666,0.0004637185775172,0.0003278985507246,19.74375,0.7152,794.4791666666666,60.40416666666667,12.439583333333331,2023-09-12,0.0456759134928385,940.4248574686004,3599.002430578286,3490.6223049342893,4709.788717723268,0.038525541479692116,0.09052554147969212,R4,6831.166137823664
72,2023-09-13,2023-09-13,6340.229166666667,0.0088812351440708,112.60400693903576,2743.9374980664056,0.0310988703687412,2653.4323745866845,0.0423418680826822,6.318538894485998e-06,792.5166666666668,0.0380625,0.0380625,0.0018484693573409,0.0013070652173913,19.6,0.0,792.5166666666668,58.60208333333333,12.666666666666666,2023-09-13,0.0423418680826822,954.5013296356366,3647.865372763039,3527.545392358249,4762.063383602139,0.037559319254747925,0.08955931925474793,R4,6881.192610575356
73,2023-09-14,2023-09-14,6271.916666666667,0.0089292140229634,111.99681444799972,2731.358663223758,0.032845942469374,2628.9706028485325,0.0451978047688802,7.212866752625911e-06,793.2666666666668,0.0362708333333333,0.0362708333333333,0.0043822686565927,0.0030987318840579,17.225,1.806,793.2666666666668,75.48541666666667,10.70625,2023-09-14,0.0451978047688802,987.860999261042,3631.1427265349325,3495.0252456191492,4718.8386664153795,0.03579133816229671,0.08779133816229671,R4,6773.267725644213
74,2023-09-15,2023-09-15,5722.1875,0.0093485941055785,106.9749145940012,2520.8907290544066,0.067952020761676,2407.3772283665085,0.0774548848470052,8.734030216662891e-06,795.5416666666666,0.0375,0.0375,0.0026439644861757,0.0018695652173913,16.8,6.9926,795.5416666666666,90.72083333333336,10.660416666666666,2023-09-15,0.0774548848470052,1030.3512149153105,3351.3409126545616,3200.4329678517765,4368.7877955420145,0.03700425542339697,0.08900425542339697,R4,6231.155804053273
75,2023-09-16,2023-09-16,5379.0625,0.0096429857621035,103.7150038376408,2395.188998084914,0.0954044253703068,2309.45085354214,0.096411387125651,6.879716029282885e-06,798.0083333333333,0.0806875,0.0806875,0.0584323837388122,0.0413179347826087,15.583333333333334,2.5877,798.0083333333333,80.94791666666667,9.677083333333334,2023-09-16,0.096411387125651,1018.0805249031216,3184.229601983997,3070.2469734354477,4560.512372322795,0.07962082291934248,0.13162082291934246,R4,6747.534869521205
76,2023-09-17,2023-09-17,5577.875,0.0094689528435907,105.61660638688808,2466.61124188368,0.0790078978193162,2393.826246896128,0.0798365275065104,5.63394675934044e-06,797.4666666666667,0.0934999999999999,0.0934999999999999,0.0765519950067175,0.0541304347826086,16.602083333333333,0.0,797.4666666666667,63.58541666666667,11.091666666666669,2023-09-17,0.0798365275065104,1000.5622715287454,3279.1802815028104,3182.4179233736904,4806.964668224381,0.09226394352233636,0.14426394352233635,R4,7193.843416595721
77,2023-09-18,2023-09-18,5666.729166666667,0.0093953166476867,106.45119313814143,2530.853414448388,0.0660965286116802,2445.789738341453,0.0709927876790364,6.44423661365344e-06,795.3479166666666,0.0881041666666666,0.0881041666666666,0.0689211343264127,0.0487346014492753,16.14375,0.0,795.3479166666666,68.875,10.720833333333331,2023-09-18,0.0709927876790364,1006.7391448130588,3364.585578429218,3251.4996066207923,4885.17875149294,0.08693944232530315,0.13893944232530314,R4,7264.8419718527675
78,2023-09-19,2023-09-19,5476.604166666667,0.0095570479213614,104.6500186581066,2463.794379339063,0.0800554692034365,2370.1494658773686,0.0845375061035156,7.315076543707598e-06,793.4895833333334,0.08275,0.08275,0.0613491992112067,0.0433804347826086,14.395833333333334,3.8342998,793.4895833333334,81.02291666666666,9.985416666666667,2023-09-19,0.0845375061035156,1006.1384755268664,3275.4354675835493,3150.941364713849,4709.309400478918,0.08165605696762933,0.13365605696762933,R4,6954.320269470517
79,2023-09-20,2023-09-20,5615.270833333333,0.0094391373923956,105.9633686908473,2496.2894382544714,0.072900406615465,2420.08988459894,0.0753351847330729,5.840466060823599e-06,792.1208333333334,0.0796666666666666,0.0796666666666666,0.0569887073938897,0.0402971014492753,14.075,0.024899999,792.1208333333334,70.44166666666666,10.125,2023-09-20,0.0753351847330729,1005.8775856847268,3318.635285468229,3217.3335198865097,4743.838107028452,0.07861348485503883,0.13061348485503882,R4,7054.517299752043
80,2023-09-21,2023-09-21,5788.5625,0.0092969651307807,107.58545649078184,2523.641675253308,0.0675495849146136,2446.0983147784423,0.0711008707682291,5.885864986647206e-06,789.9458333333333,0.0785416666666666,0.0785416666666666,0.0553977171362199,0.0391721014492753,16.8875,1.847,789.9458333333333,54.325,13.6875,2023-09-21,0.0711008707682291,1025.1432536398386,3354.998095585433,3251.9098365550158,4785.550399256076,0.07750335719233693,0.1295033571923369,R4,7111.712624809329
81,2023-09-22,2023-09-22,5946.916666666667,0.0091703894007546,109.05476162820646,2560.4783654776843,0.060339378429699,2503.9116301733834,0.0618120829264322,4.191481904237111e-06,790.3645833333334,0.077,0.077,0.0532174712275614,0.0376304347826086,16.472916666666666,0.4425,790.3645833333334,46.708333333333336,11.854166666666666,2023-09-22,0.0618120829264322,999.6575319947505,3403.969796584961,3328.768435361456,4841.0462928211,0.07598207113604179,0.12798207113604176,R4,7253.522835314421
82,2023-09-23,2023-09-23,5973.541666666667,0.0091502989812333,109.29715610481404,2590.327803845958,0.0551096102246995,2537.204967960986,0.0571149190266927,3.882666571757725e-06,792.8479166666666,0.0740833333333333,0.0740833333333333,0.0490926816706399,0.034713768115942,16.29375,0.0,792.8479166666666,43.21458333333334,11.33125,2023-09-23,0.0571149190266927,989.668659136259,3443.6524543338273,3373.0295069582694,4869.736058916804,0.07310396238088866,0.12510396238088867,R4,7297.777454915935
83,2023-09-24,2023-09-24,6057.395833333333,0.0090862761941531,110.06350875331349,2621.9177066654843,0.0496312046417347,2572.3939480050244,0.0522727966308593,3.56903873435352e-06,794.80625,0.0698958333333333,0.0698958333333333,0.0431706623782026,0.030526268115942,15.491666666666667,0.0,794.80625,48.90833333333333,8.804166666666667,2023-09-24,0.0522727966308593,969.4311536354012,3485.6489330092722,3419.8106970895874,4888.17218676708,0.06897182052527599,0.12097182052527598,R4,7323.746513958082
84,2023-09-25,2023-09-25,5796.395833333333,0.0092900057501038,107.66064748219468,2672.5280290598225,0.0415795738887284,2621.078390563911,0.0461527506510416,3.633843257189115e-06,798.0375,0.0664583333333333,0.0664583333333333,0.038309303257545,0.027088768115942,15.377083333333331,0.0,798.0375,48.06666666666666,9.291666666666666,2023-09-25,0.0461527506510416,974.7694107565457,3552.931676401488,3484.5331232847834,4947.6816254434025,0.06557976377813127,0.11757976377813127,R4,7396.362034106398
85,2023-09-26,2023-09-26,5866.6875,0.0092328811076406,108.31665355359358,2663.4460032347943,0.0429780501902807,2607.0348888625854,0.0478731791178385,4.007651861197958e-06,797.3145833333333,0.0632916666666666,0.0632916666666666,0.0338309603100303,0.0239221014492753,15.702083333333334,0.0,797.3145833333333,47.46666666666667,10.895833333333334,2023-09-26,0.0478731791178385,961.1040004680444,3540.8577834848284,3465.863308974252,4898.404445215523,0.062454959986822156,0.11445495998682216,R4,7295.9050290671485
86,2023-09-27,2023-09-27,6042.458333333333,0.0090979463975817,109.92590085488534,2696.040992024484,0.0380116201286264,2632.541653703876,0.0447870890299479,4.466464100057537e-06,794.9875000000001,0.060875,0.060875,0.0304132775342953,0.0215054347826086,16.256249999999998,0.0,794.9875000000001,49.395833333333336,11.860416666666666,2023-09-27,0.0447870890299479,963.6192898709104,3584.190450870764,3499.772698055206,4932.958056841238,0.06007024130398109,0.11207024130398109,R4,7319.935889914631
87,2023-09-28,2023-09-28,6212.604166666667,0.0089728120419086,111.4614983967761,2675.696992667462,0.0411002565340331,2615.5047277982817,0.0468457539876302,4.262137384035234e-06,791.5520833333334,0.0584791666666666,0.0584791666666666,0.0270250575411097,0.0191096014492753,16.45,0.0,791.5520833333334,45.12291666666667,12.59375,2023-09-28,0.0468457539876302,962.130754050978,3557.1445830803027,3477.1233439379416,4870.47923029176,0.05770608054081955,0.10970608054081955,R4,7224.915189469112
89,2023-09-30,2023-09-30,6003.520833333333,0.0091278100718421,109.56952362856366,2493.701071673633,0.0733835605759035,2437.006393179055,0.0723508199055989,4.307492249592034e-06,789.625,0.0534791666666666,0.0534791666666666,0.0199539897292442,0.0141096014492753,14.025,0.0,789.625,46.43958333333333,12.0125,2023-09-30,0.0723508199055989,1037.9166138451862,3315.1942403172698,3239.822787925937,4489.24652760538,0.05277217981769995,0.10477217981769994,R4,6632.958738126362
90,2023-10-01,2023-10-01,6090.666666666667,0.0090613655399723,110.36559645131574,2495.6303832500826,0.0729593370390532,2429.7590737341843,0.0736236572265625,5.028793680223374e-06,788.0895833333334,0.0542916666666666,0.0542916666666666,0.0211030382486724,0.0149221014492753,14.691666666666668,0.0,788.0895833333334,36.87291666666667,17.037499999999998,2023-10-01,0.0736236572265625,1021.9281799434556,3317.7591197644,3230.188003727344,4500.920762327218,0.053573938685206886,0.10557393868520688,R4,6632.349782631798
91,2023-10-02,2023-10-02,6071.291666666667,0.009075876326548,110.1896679136471,2506.320266634293,0.0708435768860578,2429.956513673017,0.0736058553059895,5.826699648770208e-06,789.4541666666668,0.0545416666666666,0.0545416666666666,0.0214565916392656,0.0151721014492753,14.38125,0.31379998,789.4541666666668,52.61875,13.358333333333334,2023-10-02,0.0736058553059895,1030.2532177032422,3331.9705423874066,3230.4504857687816,4522.7282500819065,0.053820633721362865,0.10582063372136287,R4,6635.734731382
92,2023-10-03,2023-10-03,5801.020833333333,0.0092846883858178,107.70992065116025,2408.55349240294,0.0921557859670482,2331.750790355565,0.0917434692382812,6.1005081083543855e-06,790.1833333333334,0.053375,0.0533749999999999,0.019806675816497,0.0140054347826086,11.741666666666667,5.8363,790.1833333333334,86.82916666666667,5.833333333333333,2023-10-03,0.0917434692382812,1038.355774516718,3201.9967253538143,3099.893117844284,4334.944070659061,0.052669390219301594,0.10466939021930159,R4,6347.517707724379
93,2023-10-04,2023-10-04,5722.458333333333,0.0093484474107782,106.9771456090739,2419.376705504941,0.0896233267304968,2354.13420588741,0.0873298645019531,5.136078505474948e-06,793.1999999999999,0.0546875,0.0546875,0.0216628311171117,0.0153179347826086,12.022916666666667,1.1675999,793.1999999999999,73.12083333333334,6.833333333333333,2023-10-04,0.0873298645019531,1021.2280617941868,3216.385400141286,3129.650241138937,4367.2583127642865,0.05396453915912059,0.10596453915912059,R4,6433.231878311029
94,2023-10-05,2023-10-05,5602.041666666667,0.0094488810749394,105.84377047524514,2468.661008578571,0.0785649596840516,2407.468137960883,0.077374776204427,4.7070006821787245e-06,797.9625,0.0561875,0.0561875,0.0237841514606714,0.0168179347826086,12.916666666666666,0.0,797.9625,66.14999999999999,7.025,2023-10-05,0.077374776204427,1019.477982906601,3281.905297270773,3200.5538255468236,4471.093454689636,0.055444709376056465,0.10744470937605646,R4,6607.065174058619
95,2023-10-06,2023-10-06,5572.625,0.0094735961904098,105.56621050183703,2488.300480106986,0.0744814989929604,2424.268226387031,0.074493408203125,4.8907845386108965e-06,798.6104166666668,0.0573541666666666,0.0573541666666666,0.02543406728344,0.0179846014492753,13.297916666666666,0.0,798.6104166666668,65.83958333333334,8.054166666666667,2023-10-06,0.074493408203125,1017.3850041966248,3308.014546544255,3222.888321457277,4518.251409192742,0.05659595287811764,0.10859595287811764,R4,6674.208570956382
96,2023-10-07,2023-10-07,5650.458333333333,0.0094081502159414,106.30079480398707,2516.154572526298,0.0689614597776292,2456.035992624763,0.0693092346191406,4.532807009067947e-06,798.0,0.05775,0.05775,0.0259938601518793,0.0183804347826086,13.310416666666669,0.0,798.0,59.75625,8.572916666666666,2023-10-07,0.0693092346191406,1010.0056368069957,3345.0445369495583,3265.121256613531,4572.790451011291,0.056986553352031344,0.10898655335203135,R4,6770.30185293203
97,2023-10-08,2023-10-08,5820.4375,0.0092700654263991,107.88661050409928,2533.7235562607443,0.0655125508353969,2478.578760605031,0.0657424926757812,4.121920490629704e-06,796.2104166666667,0.0577916666666666,0.0577916666666666,0.0260527857169782,0.0184221014492753,13.510416666666666,0.0,796.2104166666667,54.88333333333333,9.183333333333334,2023-10-08,0.0657424926757812,1019.5420703859528,3368.4012232606296,3295.0902274007303,4605.139351237182,0.05702766919139061,0.1090276691913906,R4,6833.107152156543
98,2023-10-09,2023-10-09,5939.208333333333,0.0091760525432505,108.98521008623248,2519.319184369902,0.0682628471081673,2463.2291989609653,0.0680656433105468,4.214898747323029e-06,792.2375000000001,0.0570833333333333,0.0570833333333333,0.0250510511102973,0.017713768115942,13.464583333333332,0.0,792.2375000000001,54.48125,9.0375,2023-10-09,0.0680656433105468,1027.3030438192875,3349.2516582745347,3274.6841013690923,4571.857015200823,0.056328699922282024,0.10832869992228202,R4,6777.68686511465
99,2023-10-10,2023-10-10,6151.041666666667,0.0090165425158127,110.91224955501536,2505.026412277513,0.0710318709567763,2454.418325801048,0.0694872538248698,3.82187215280076e-06,787.6333333333333,0.0555833333333333,0.0555833333333333,0.0229297307667376,0.016213768115942,12.254166666666668,0.0,787.6333333333333,50.71875,7.652083333333334,2023-10-10,0.0694872538248698,1017.107469855936,3330.2504571052805,3262.9706862032886,4530.890688793775,0.05484852970534615,0.10684852970534615,R4,6721.470268540049
100,2023-10-11,2023-10-11,6403.229166666667,0.0088381039646778,113.15927309405264,2489.7372193997994,0.0744025585054359,2420.2146112797723,0.075482686360677,5.3312125407980245e-06,780.5124999999999,0.0540416666666666,0.0540416666666666,0.0207494848580791,0.0146721014492753,11.585416666666667,0.0,780.5124999999999,63.30416666666667,8.695833333333333,2023-10-11,0.075482686360677,1015.6954790819764,3309.9245869586725,3217.4993349389256,4487.778118675212,0.05332724364905091,0.1053272436490509,R4,6600.8305089022815
101,2023-10-13,2023-10-13,5097.25,0.0099055390115104,100.96309214148636,2146.390527036902,0.1739847580147423,2088.469073730002,0.1562754313151041,5.139484056073299e-06,791.06875,0.2272291666666666,0.2272291666666666,0.2656735961915696,0.1878596014492753,9.022916666666667,3.9942,791.06875,84.12916666666666,3.9270833333333335,2023-10-13,0.1562754313151041,972.3734707133412,2853.4701266052807,2776.467766308356,4945.724671420732,0.22422522994610591,0.27622522994610593,R4,7580.206352671158
102,2023-10-14,2023-10-14,5017.833333333333,0.0099832850321072,100.17459317193456,2199.802469313376,0.1533281409808067,2147.5559068761904,0.1371548970540364,4.503687671865666e-06,796.3166666666666,0.1891874999999999,0.1891874999999999,0.211874555256293,0.1498179347826086,8.90625,0.0,796.3166666666666,79.85000000000001,3.1125000000000003,2023-10-14,0.1371548970540364,975.494951772632,2924.4774199053895,2855.019414358683,4883.515025087937,0.18668646861103763,0.23868646861103765,R4,7486.987623993437
103,2023-10-15,2023-10-15,4955.104166666667,0.0100467199032791,99.54500441406584,2227.7886359667614,0.1435222483105721,2176.867195370313,0.1287269592285156,4.333183560178012e-06,800.3395833333334,0.1701041666666667,0.1701041666666666,0.1848866464410065,0.1307346014492753,9.141666666666667,0.0,800.3395833333334,71.32291666666667,5.120833333333334,2023-10-15,0.1287269592285156,971.8072682508372,2961.68299340085,2893.9866409825127,4841.815530691188,0.16785541418446456,0.21985541418446458,R4,7414.390327752821
104,2023-10-16,2023-10-16,5023.479166666667,0.0099781636458358,100.22927902263564,2239.57547161811,0.1395627029675142,2186.317026304675,0.1260910034179687,4.511280851073655e-06,800.1479166666667,0.1541666666666666,0.1541666666666666,0.1623476177906853,0.1147971014492753,9.958333333333334,0.0,800.1479166666667,64.10208333333334,7.337499999999999,2023-10-16,0.1260910034179687,971.43838217874,2977.3527342959333,2906.5495040463456,4774.591076049365,0.15212860562952082,0.20412860562952084,R4,7287.986416943243
105,2023-10-17,2023-10-17,5263.458333333333,0.0097479197796443,102.59583101877976,2265.8308612351566,0.1310582270194327,2208.59750616794,0.1200904846191406,4.798646552166106e-06,795.475,0.1424791666666666,0.1424791666666666,0.1458189967804497,0.1031096014492753,10.775,0.0,795.475,62.30625,8.689583333333333,2023-10-17,0.1200904846191406,967.305206294741,3012.2573655785036,2936.169781854795,4758.070443775471,0.14059561268922877,0.19259561268922876,R4,7238.323125805287
106,2023-10-18,2023-10-18,5344.916666666667,0.0096725508256039,103.38954923276708,2280.1864382964,0.126566463238216,2227.0406016927527,0.1153182983398437,4.419188264298568e-06,795.0958333333333,0.1333125,0.1333125,0.1328553724586963,0.0939429347826086,10.970833333333331,0.0,795.0958333333333,55.38125,9.04375,2023-10-18,0.1153182983398437,971.1975899163688,3031.3420613868607,2960.6885362283674,4728.6912809191,0.13155012803017624,0.18355012803017623,R4,7195.272407023118
107,2023-10-19,2023-10-19,5243.375,0.0097663072126747,102.40083466976392,2316.348915920305,0.1162579561605593,2260.2087596359247,0.1075363159179687,4.60129558462219e-06,798.3375,0.1261458333333333,0.1261458333333333,0.1227201752616891,0.086776268115942,11.191666666666668,0.0,798.3375,60.47708333333333,8.6875,2023-10-19,0.1075363159179687,972.178367277078,3079.417445760783,3004.783190324714,4754.897048166908,0.12447820366037145,0.17647820366037142,R4,7217.339078744122
108,2023-10-20,2023-10-20,5361.854166666667,0.0096583884604527,103.54917685455212,2377.95998769945,0.0995318164253814,2330.4297497307625,0.0919405619303385,3.778570275506669e-06,797.3041666666667,0.12025,0.12025,0.1143822078001978,0.0808804347826087,11.245833333333332,0.0,797.3041666666667,52.60625,8.664583333333333,2023-10-20,0.0919405619303385,979.2996692750947,3161.324885518553,3098.1368903957264,4839.097786734331,0.1186603123910263,0.1706603123910263,R4,7367.704002829693
109,2023-10-21,2023-10-21,5606.270833333333,0.0094448740397787,105.8853719061878,2367.0977170539886,0.1024362523521347,2322.4503791230622,0.0936787923177083,3.559379691497896e-06,792.6083333333332,0.1148125,0.1148125,0.1066924215547941,0.0754429347826086,11.210416666666667,0.0,792.6083333333332,49.18125,8.464583333333334,2023-10-21,0.0936787923177083,970.7989903785274,3146.884286567199,3087.52889740872,4777.304446826051,0.11329469535463374,0.16529469535463376,R4,7272.654561319358
110,2023-10-22,2023-10-22,5786.791666666667,0.0092966892114013,107.57543434116496,2365.307417943942,0.1027473702709236,2318.6685105470965,0.0943705240885416,3.726775944354724e-06,789.2041666666668,0.1097708333333333,0.1097708333333333,0.0995624281778297,0.070401268115942,11.404166666666669,0.0,789.2041666666668,49.49583333333334,8.866666666666667,2023-10-22,0.0943705240885416,960.7492638308556,3144.5042140855808,3082.5011781431285,4736.1393770508585,0.10831967879215477,0.16031967879215475,R4,7193.785144402222
111,2023-10-23,2023-10-23,5997.3125,0.009131590220349,109.51663709487936,2422.2492822718555,0.0889043589241875,2375.587351223858,0.0831578572591145,3.636579624781286e-06,785.90625,0.10475,0.10475,0.0924618975834148,0.0653804347826086,11.502083333333331,0.0,785.90625,45.10833333333333,9.48125,2023-10-23,0.0831578572591145,973.5460658133202,3220.2042820677198,3158.170637855272,4811.070991153509,0.10336522014935555,0.15536522014935555,R4,7301.473030925884
112,2023-10-24,2023-10-24,6013.8125,0.0091190645766297,109.66713890148282,2426.73263435856,0.0878379706516175,2379.829755072063,0.0823440551757812,3.649375478049552e-06,786.7875,0.0991666666666666,0.0991666666666666,0.084565871860165,0.0597971014492753,11.179166666666667,0.0,786.7875,48.24375,8.179166666666667,2023-10-24,0.0823440551757812,968.432949087481,3226.1645726510583,3163.8106052765593,4775.476161036534,0.09785569767520526,0.14985569767520523,R4,7233.872247063829
113,2023-10-25,2023-10-25,6011.416666666667,0.0091214963657913,109.64280018536644,2440.323796229797,0.0848187730740493,2392.00667492969,0.0801887512207031,3.7421266666252807e-06,788.5625,0.0937291666666666,0.0937291666666666,0.0768760856147613,0.0543596014492753,10.660416666666666,0.0,788.5625,53.625,7.189583333333334,2023-10-25,0.0801887512207031,959.2112980703936,3244.233034050285,3179.998934758134,4757.636697196304,0.0924900806388127,0.1444900806388127,R4,7190.208170677474
114,2023-10-26,2023-10-26,6156.645833333333,0.0090122306594341,110.96362430147384,2450.487849338498,0.0824698826922293,2404.8176591731844,0.0778210957845052,3.517941123887696e-06,786.6437500000001,0.0890208333333333,0.0890208333333333,0.070217496758588,0.049651268115942,10.39375,0.0,786.6437500000001,50.14166666666667,6.547916666666667,2023-10-26,0.0778210957845052,974.7540816876502,3257.745403558804,3197.0302067334574,4737.854336915164,0.08784399079120846,0.13984399079120846,R4,7158.1645275919955
115,2023-10-27,2023-10-27,5457.6875,0.00957405305996,104.46732964396698,2254.188523541692,0.1356993008049442,2192.889889077576,0.1249783833821614,5.172018416600798e-06,791.1791666666667,0.0882083333333333,0.0882083333333333,0.0690684482391599,0.048838768115942,9.016666666666667,4.868,791.1791666666667,90.89166666666668,2.566666666666667,2023-10-27,0.1249783833821614,980.0239199061384,2996.7797242109687,2915.2876471440236,4351.9633475098235,0.08704223192370152,0.13904223192370152,R4,6516.067380438314
116,2023-10-28,2023-10-28,5312.5,0.0097066377803725,103.05918952852308,2161.680973518927,0.170821960564367,2099.223742300165,0.1551246643066406,5.515929068736095e-06,788.1229166666667,0.1962916666666666,0.1962916666666666,0.2219213641056519,0.1569221014492753,7.966666666666666,9.599199,788.1229166666667,90.81666666666666,3.35,2023-10-28,0.1551246643066406,961.9580989535048,2873.797663327663,2790.765316125102,4834.699391617192,0.19369671922180343,0.24569671922180342,R4,7378.580137919949
118,2023-11-01,2023-11-01,4766.979166666667,0.0102431053631724,97.636870852544,2099.768362379621,0.1941503362907697,2064.118628483377,0.1648025512695312,3.1984650707657767e-06,797.4833333333332,0.2277608695652174,0.2277608695652174,0.266425537641853,0.188391304347826,4.380434782608695,0.0,797.4833333333332,75.97916666666667,-0.8791666666666668,2023-11-01,0.1648025512695312,932.5512028893056,2791.4893489175975,2744.0956200444125,4840.613712653525,0.22474990380923485,0.27674990380923487,R4,7495.495521495669
119,2023-11-02,2023-11-02,4896.5625,0.0101059078636924,98.9574842885949,2140.213833811508,0.1764511546966377,2100.848305809576,0.1519215901692708,3.46863362175564e-06,795.8562499999999,0.2179583333333333,0.2179583333333333,0.252562657957069,0.178588768115942,5.375,0.0,795.8562499999999,68.11874999999999,2.2875,2023-11-02,0.1519215901692708,930.0023760334232,2845.2586621127502,2792.9250551774708,4889.660843729273,0.21507695568865506,0.2670769556886551,R4,7555.170156930045
120,2023-11-03,2023-11-03,4913.625,0.0100886750250551,99.12864874676,2121.699906056473,0.1843717904195198,2078.93477401004,0.1595306396484375,3.810903467072303e-06,795.8041666666667,0.2076458333333333,0.2076458333333333,0.2379785805950964,0.168276268115942,6.320833333333333,0.0,795.8041666666667,61.725,4.845833333333333,2023-11-03,0.1595306396484375,930.616017502549,2820.645741439805,2763.7926081363853,4799.707379878041,0.2049007854472209,0.2569007854472209,R4,7398.251239561649
121,2023-11-04,2023-11-04,4949.770833333333,0.0100519130492882,99.49214387922105,2150.4886823722704,0.1722140326732595,2108.2037529071085,0.1495399475097656,3.716340108598728e-06,797.2229166666666,0.1985625,0.1985625,0.2251328074035408,0.1591929347826087,6.420833333333333,0.0,797.2229166666666,62.6875,4.625,2023-11-04,0.1495399475097656,933.2545714943254,2858.918326118072,2802.7035872275587,4820.872486027502,0.19593753246688697,0.247937532466887,R4,7428.800346625406
122,2023-11-05,2023-11-05,5079.958333333333,0.009922637054021,100.79080058023102,2158.922530594074,0.1690507742298912,2120.90553625639,0.1455879211425781,3.320730725888081e-06,793.80625,0.191125,0.191125,0.2146145940333909,0.1517554347826087,6.395833333333333,0.0,793.80625,55.12916666666666,5.61875,2023-11-05,0.1455879211425781,918.9446966363208,2870.130514044778,2819.5896845547873,4802.604821186025,0.18859835514124657,0.24059835514124656,R4,7410.898228183046
123,2023-11-06,2023-11-06,5161.333333333333,0.0098432267133634,101.597917623334,2170.3613852195112,0.1641114185755528,2132.992052009205,0.1414578755696614,3.245690431105801e-06,789.43125,0.1853125,0.1853125,0.2063944777020973,0.1459429347826086,7.072916666666667,0.0,789.43125,38.895833333333336,9.441666666666666,2023-11-06,0.1414578755696614,931.9443558108336,2885.33763947005,2835.6578283529307,4798.165380744108,0.18286269555062004,0.23486269555062006,R4,7402.827049866947
124,2023-11-07,2023-11-07,5299.4375,0.0097154355507611,102.94353112133092,2183.151995239939,0.1597940710144463,2149.530995117924,0.1369005839029947,2.9002469522503337e-06,786.5166666666668,0.1786666666666666,0.1786666666666666,0.1969958500688261,0.1392971014492753,7.325,0.0,786.5166666666668,35.393750000000004,9.45625,2023-11-07,0.1369005839029947,934.8147663093168,2902.341825397358,2857.6451505535665,4791.310028809452,0.17630471917280685,0.22830471917280687,R4,7400.351631186046
125,2023-11-08,2023-11-08,5233.458333333333,0.0097799885603792,102.28853371049748,2194.262370347866,0.1557423405731036,2149.965366313613,0.1369272867838541,3.825205938638543e-06,787.9812499999999,0.1726041666666666,0.1726041666666667,0.1884221803469393,0.1332346014492754,7.060416666666666,0.0,787.9812499999999,61.225,5.014583333333333,2023-11-08,0.1369272867838541,938.2713720738888,2917.1122611901474,2858.222615472063,4782.7467097047465,0.17032236454602442,0.22232236454602444,R4,7345.855771748001
126,2023-11-09,2023-11-09,4956.041666666667,0.0100453909234943,99.5556801984331,2183.222129489012,0.159411282106634,2141.620785567101,0.1390012105305989,3.6010592666544515e-06,794.8979166666667,0.1786875,0.1786875,0.1970253128513755,0.1393179347826086,5.3812500000000005,1.3974,794.8979166666667,81.94583333333334,-0.9166666666666666,2023-11-09,0.1390012105305989,942.0500746544756,2902.4350637815483,2847.129102162494,4791.575383506991,0.17632527709248658,0.22832527709248657,R4,7373.392398889622
127,2023-11-10,2023-11-10,5079.958333333333,0.0099225056201397,100.79125429890644,2215.665823006128,0.1476950909565757,2187.3111657053264,0.1258099873860677,2.400384329498261e-06,794.1437500000001,0.1699583333333333,0.1699583333333333,0.1846804069631603,0.1305887681159419,4.3812500000000005,0.0,794.1437500000001,66.53333333333333,-3.020833333333333,2023-11-10,0.1258099873860677,941.7267195133376,2945.5665951043366,2907.8711400886723,4814.651625448154,0.16771150874670693,0.21971150874670692,R4,7448.2527784521235
128,2023-11-11,2023-11-11,5120.291666666667,0.009882808277207,101.19245682606788,2237.0193311494136,0.1403802778135445,2208.5832918410624,0.1201044718424479,2.3841812564042314e-06,794.4499999999999,0.1648958333333333,0.1648958333333333,0.1775209508036466,0.125526268115942,3.985416666666667,0.0,794.4499999999999,60.525,-1.45,2023-11-11,0.1201044718424479,942.900800055395,2973.9545314176803,2936.1508849408347,4832.163657304969,0.16271593426454833,0.21471593426454832,R4,7469.919436379312
129,2023-11-12,2023-11-12,5006.020833333333,0.0099953320474379,100.05569741552462,2261.647596153302,0.1325583819709294,2233.26701174086,0.1139475504557291,2.352605199822046e-06,797.9291666666667,0.160375,0.160375,0.1711275269904182,0.1210054347826087,3.7291666666666665,0.0,797.9291666666667,56.09583333333333,-0.3854166666666667,2023-11-12,0.1139475504557291,955.996121452083,3006.696018846685,2968.966095621437,4858.821716328987,0.15825486569406105,0.21025486569406104,R4,7509.014921892533
130,2023-11-13,2023-11-13,4997.208333333333,0.0100042685659376,99.96714835688276,2284.494257134738,0.1255299270399284,2255.1254401313377,0.1086781819661458,2.411343853571224e-06,797.7687500000001,0.1566458333333333,0.1566458333333333,0.1658536889140686,0.117276268115942,3.6916666666666655,0.0,797.7687500000001,53.375,0.8854166666666666,2023-11-13,0.1086781819661458,956.4847755128897,3037.0689932807477,2998.025286687134,4885.452513260935,0.154574998071401,0.206574998071401,R4,7543.631623681643
131,2023-11-14,2023-11-14,5090.458333333333,0.0099118168628027,100.89690978039602,2291.129323042623,0.1233556789877346,2260.812386325633,0.1071891784667968,2.482787783937768e-06,795.4645833333334,0.1530833333333333,0.1530833333333333,0.1608155530981144,0.113713768115942,3.8020833333333335,0.0,795.4645833333334,48.52708333333334,2.24375,2023-11-14,0.1071891784667968,955.3642235264884,3045.8898309231618,3005.585668114756,4877.839056431341,0.15105959380617828,0.20305959380617827,R4,7525.040466683874
132,2023-11-15,2023-11-15,5127.0,0.0098767675769211,101.25724267505576,2288.7420756937104,0.1240573198276431,2255.933036989651,0.10833740234375,2.692901929688035e-06,795.6979166666666,0.1496041666666666,0.1496041666666666,0.155895268412358,0.1102346014492753,3.702083333333333,0.0,795.6979166666666,54.35416666666666,1.5125,2023-11-15,0.10833740234375,945.8141657633714,3042.716159166259,2999.0989279842374,4851.205460740162,0.1476264212196742,0.19962642121967422,R4,7471.395160456051
133,2023-11-16,2023-11-16,5264.708333333333,0.0097461800210692,102.61006068618502,2268.7260583007974,0.1303388275437932,2219.284520872409,0.1173896789550781,4.124830539014552e-06,791.5291666666667,0.1475416666666666,0.1475416666666666,0.1529784529399635,0.1081721014492753,4.027083333333334,0.44149998,791.5291666666667,67.74583333333334,2.779166666666667,2023-11-16,0.1173896789550781,954.9440367181284,3016.1063195472143,2950.3773907766868,4795.983552833643,0.14559118717138736,0.19759118717138735,R4,7328.760323712544
134,2023-11-17,2023-11-17,5197.041666666667,0.0098098145293572,101.94715967254352,2259.9383101663648,0.1332153315228229,2201.747198966404,0.1220995585123698,4.8923116872979865e-06,793.2208333333333,0.1475208333333333,0.1475208333333333,0.1529489901574141,0.108151268115942,4.558333333333334,3.0368998,793.2208333333333,83.70625,3.329166666666667,2023-11-17,0.1220995585123698,952.2593996388326,3004.4236474212094,2927.0627965641747,4777.277396551303,0.14557062925170772,0.1975706292517077,R4,7269.334049767271
135,2023-11-18,2023-11-18,5393.645833333333,0.0096309870496134,103.85173318830635,2303.536582088975,0.11983965692511,2260.262467126896,0.1074193318684895,3.5454291239035862e-06,792.19375,0.1456041666666666,0.1456041666666666,0.1502384141628656,0.1062346014492753,3.7625,0.0,792.19375,73.41041666666666,0.3229166666666667,2023-11-18,0.1074193318684895,960.0514939137062,3062.3843796065707,3004.8545905285123,4857.274283793108,0.1436793006411785,0.1956793006411785,R4,7441.5515228417835
136,2023-11-19,2023-11-19,5351.4375,0.0096686544187408,103.44547478203437,2201.3368378529435,0.1541845957615372,2143.640717244852,0.1396382649739583,4.993543407318363e-06,785.8729166666667,0.1669375,0.1669375,0.1804083034934917,0.1275679347826087,3.9729166666666655,5.8573,785.8729166666667,90.25833333333333,2.025,2023-11-19,0.1396382649739583,973.7408530553924,2926.51725130406,2849.8144544446823,4766.614053217232,0.1647306103931555,0.2167306103931555,R4,7270.944372434101
137,2023-11-20,2023-11-20,5166.916666666667,0.0098420889491894,101.6384830833956,2169.1987499329844,0.1648363692123266,2111.934160564368,0.1483370463053385,5.022105375433832e-06,789.975,0.2030625,0.2030625,0.2314967684342198,0.1636929347826087,4.445833333333334,1.495,789.975,92.6125,1.7,2023-11-20,0.1483370463053385,957.0449039964188,2883.7920003999684,2807.6628929438134,4884.9556030500025,0.2003780431176946,0.25237804311769463,R4,7478.3412494013555
138,2023-11-21,2023-11-21,4750.166666666667,0.0102611385493779,97.4647839978988,2168.252481763156,0.1653403196401232,2124.630124468308,0.1443456013997396,3.8018498799166298e-06,801.8375,0.196125,0.196125,0.2216856618452563,0.1567554347826086,3.889583333333333,0.1654,801.8375,82.16250000000001,-0.2208333333333333,2023-11-21,0.1443456013997396,948.891024089964,2882.5340056779687,2824.5412537416337,4848.564199561392,0.19353225586436618,0.24553225586436617,R4,7465.956658393874
139,2023-11-22,2023-11-22,4889.645833333333,0.010114911706868,98.88147667531378,2161.2348187029943,0.168152486191017,2123.865852820864,0.1446139017740885,3.25635453896946e-06,799.4583333333334,0.184875,0.184875,0.2057757592685591,0.1455054347826087,3.28125,0.0,799.4583333333334,78.74583333333334,-1.5854166666666665,2023-11-22,0.1446139017740885,945.1124092509516,2873.204532942922,2823.5252101619017,4775.724063955837,0.1824309792373471,0.23443097923734713,R4,7367.285461983411
141,2024-04-04,2024-04-04,5076.291666666667,0.0099269422448644,100.75194091016716,2112.7634641197787,0.1881824313340495,2078.3195390590204,0.1596832275390625,3.072239716376922e-06,789.2145833333334,0.2098124999999999,0.2098124999999999,0.2410427099802381,0.1704429347826087,8.775,0.0,789.2145833333334,49.17291666666667,6.727083333333333,2024-04-04,0.1596832275390625,921.5761859189024,2808.7653917162615,2762.9746980070477,4789.598377032997,0.20703880909390598,0.259038809093906,R4,7412.780731365615
142,2024-04-05,2024-04-05,5385.979166666667,0.0096374956322438,103.77910642780024,2119.479055313823,0.1853604675978529,2085.6122694672863,0.1572176615397135,3.009520695678068e-06,782.38125,0.1970625,0.1970625,0.2230114870599812,0.1576929347826086,9.952083333333333,0.0,782.38125,34.764583333333334,10.670833333333334,2024-04-05,0.1572176615397135,923.0016881128648,2817.693281871066,2772.6698527793246,4744.071268288858,0.1944573622499511,0.24645736224995113,R4,7343.411612594262
144,2024-04-08,2024-04-08,5157.666666666667,0.0098471221322074,101.5604525782596,2110.4027165913008,0.1896923888608573,2081.485295702076,0.158911387125651,2.575292318750933e-06,786.99375,0.2285833333333333,0.2285833333333333,0.2675886770572831,0.189213768115942,6.591666666666666,0.0,786.99375,57.28125,0.25,2024-04-08,0.158911387125651,935.9644125698716,2805.626949543639,2767.1833412596493,4868.721999281903,0.2255614947252842,0.2775614947252842,R4,7508.155929988812
145,2024-04-09,2024-04-09,5077.583333333333,0.0099248597258539,100.76758879573832,2106.131119870543,0.1913101961871935,2079.135787403418,0.159515380859375,2.4074133844664533e-06,789.8145833333333,0.2139375,0.2139375,0.2468763409250271,0.1745679347826086,7.122916666666666,0.0,789.8145833333333,52.45,1.5875,2024-04-09,0.159515380859375,920.190923007942,2799.948172321111,2764.0598408257893,4793.542981539257,0.21110927719047975,0.2631092771904798,R4,7447.775411464243
146,2024-04-10,2024-04-10,5057.645833333333,0.0099440329727309,100.57081778490662,2133.2669496521025,0.1796399214735216,2100.367916344376,0.1523729960123697,2.903107761464483e-06,791.8125,0.199375,0.199375,0.2262818559229689,0.1600054347826087,8.629166666666666,0.0,791.8125,47.43333333333334,4.6312500000000005,2024-04-10,0.1523729960123697,923.1169950714316,2836.0232847794296,2792.286412315971,4786.2216206579415,0.1967392913343939,0.24873929133439393,R4,7407.7649221343945
147,2024-04-11,2024-04-11,5093.083333333333,0.0099094167106466,100.92238312102496,2166.841874787918,0.165655323467737,2134.7622339414647,0.1410471598307291,2.784244109514219e-06,792.9354166666667,0.18475,0.18475,0.2055989825732624,0.1453804347826087,8.46875,0.0,792.9354166666667,49.14791666666667,4.70625,2024-04-11,0.1410471598307291,926.6827149529034,2880.658706279504,2838.0111565095417,4787.464741172097,0.1823076317192691,0.2343076317192691,R4,7403.60420152235
148,2024-04-12,2024-04-12,5161.729166666667,0.0098429987196491,101.6012959614822,2175.3519118340023,0.1624298287148586,2143.283575715925,0.1384620666503906,2.7700702084832047e-06,792.2166666666667,0.1713541666666666,0.1713541666666666,0.1866544133939729,0.1319846014492753,9.039583333333333,0.0,792.2166666666667,42.95,7.285416666666666,2024-04-12,0.1384620666503906,921.5404139843824,2891.972181707868,2849.339660752236,4734.705040166875,0.16908888936524447,0.22108888936524446,R4,7311.437209229319
149,2024-04-13,2024-04-13,5222.458333333333,0.0097859772720125,102.19592382325573,2194.71496183375,0.1551191152325304,2152.7250532758603,0.1356277465820312,3.614286815393233e-06,791.1979166666666,0.1619791666666666,0.1619791666666666,0.1733961612467251,0.1226096014492753,10.7625,0.0,791.1979166666666,36.15208333333333,12.304166666666667,2024-04-13,0.1356277465820312,921.7948614764132,2917.7139486595324,2861.891418612201,4724.2145996066165,0.15983782550939518,0.21183782550939517,R4,7253.535074482858
150,2024-04-14,2024-04-14,5268.9375,0.0097430463587296,102.64852878037306,2215.847058891832,0.1476939223480652,2181.210218020593,0.1275355021158854,2.9405266947268107e-06,790.5666666666666,0.1492916666666666,0.1492916666666666,0.1554533266741164,0.1099221014492753,11.2125,0.0,790.5666666666666,40.3625,9.477083333333333,2024-04-14,0.1275355021158854,925.6373067029616,2945.8075350354493,2899.760373784461,4694.810176007755,0.14731805242447923,0.19931805242447925,R4,7220.680342994105
151,2024-04-15,2024-04-15,5657.916666666667,0.0094015528678951,106.37240693941534,2253.5780537243177,0.1349158050967771,2221.0892171742703,0.1168378194173177,2.708573163581756e-06,783.2770833333334,0.13725,0.13725,0.1384238383605404,0.0978804347826086,10.602083333333333,0.0,783.2770833333334,38.83541666666667,6.95625,2024-04-15,0.1168378194173177,933.784999598214,2995.968148980306,2952.776603277902,4699.033974086422,0.13543557484963295,0.18743557484963297,R4,7220.388909278041
152,2024-04-16,2024-04-16,5207.166666666667,0.0098049598742327,102.0301180129118,2177.150394479864,0.1621835896096107,2120.078134189272,0.1461372375488281,4.991882770674993e-06,787.1020833333333,0.1360625,0.1360625,0.1367444597552224,0.0966929347826087,8.514583333333333,7.0413,787.1020833333333,84.43124999999999,3.38125,2024-04-16,0.1461372375488281,945.682998666492,2894.3631336052704,2818.489713672754,4532.274084860033,0.13426377342789203,0.18626377342789202,R4,6879.76799377479
153,2024-04-17,2024-04-17,5160.0625,0.009845279902562,101.58248866322732,2186.9811206753225,0.1580028629512807,2138.6965923878,0.1398709615071614,4.183532726549783e-06,789.13125,0.1501875,0.1501875,0.1567202263237423,0.1108179347826086,9.4125,0.6665,789.13125,59.052083333333336,7.712499999999999,2024-04-17,0.1398709615071614,929.0834637088724,2907.432369221168,2843.241599969183,4638.98490074431,0.14820204297070488,0.20020204297070487,R4,7088.9710530962875
154,2024-04-18,2024-04-18,5215.9375,0.009791785176479,102.13318387276256,2203.352628027701,0.1519531378306881,2156.5507919966726,0.1344629923502604,4.020609621837345e-06,788.8041666666667,0.1437916666666666,0.1437916666666666,0.1476751520810644,0.1044221014492753,10.545833333333333,0.0,788.8041666666667,43.13333333333333,10.74375,2024-04-18,0.1344629923502604,929.3028346888794,2929.1970977591764,2866.9774600452597,4634.943183969295,0.14189076162904765,0.19389076162904767,R4,7081.122790308479
155,2024-04-19,2024-04-19,5258.6875,0.0097523830091169,102.54916772321828,2236.456249366238,0.1407556904236045,2180.56006355732,0.1278190612792968,4.749319703796244e-06,789.2104166666667,0.1361458333333333,0.1361458333333333,0.1368623108854201,0.096776268115942,10.283333333333331,1.3498,789.2104166666667,53.489583333333336,9.875,2024-04-19,0.1278190612792968,926.9603385638268,2973.2059551325688,2898.8960407028253,4656.268186564267,0.13434600510661066,0.18634600510661065,R4,7077.798558429561
156,2024-04-20,2024-04-20,5184.0,0.0098219407887258,101.81987359934152,2240.1188146903246,0.1393490008417066,2174.844402472047,0.1292495727539062,5.558567618200066e-06,790.96875,0.1326666666666666,0.1326666666666666,0.1319420261996637,0.0932971014492753,9.891666666666667,0.46069998,790.96875,70.05,7.902083333333334,2024-04-20,0.1292495727539062,937.4882085420224,2978.0750694001617,2891.297484915709,4641.400014199632,0.13091283252010658,0.1829128325201066,R4,7019.910336414013
157,2024-04-21,2024-04-21,5135.479166666667,0.0098690142534962,101.3395547037452,2243.9567766560426,0.1382729305152532,2200.2182234457964,0.1225611368815104,3.689412882460227e-06,794.2229166666666,0.1301041666666666,0.1301041666666666,0.1283181039460826,0.0907346014492753,10.239583333333334,0.34129998,794.2229166666666,53.17291666666667,7.620833333333334,2024-04-21,0.1225611368815104,931.3242758798772,2983.177360748485,2925.030134792047,4632.561594395046,0.1283842083995078,0.1803842083995078,R4,7071.7938886272095
158,2024-04-22,2024-04-22,5342.9375,0.0096752821005954,103.36704111361878,2261.490310546183,0.1326132540483814,2220.678720461751,0.1171468098958333,3.404847930815461e-06,790.11875,0.1215625,0.1215625,0.1162383631008125,0.0821929347826087,11.275,0.0,790.11875,39.18541666666667,10.50625,2024-04-22,0.1171468098958333,916.5575643440258,3006.486919069359,2952.2308777486987,4611.1149847469005,0.1199554613308452,0.17195546133084522,R4,7036.101863496594
159,2024-04-23,2024-04-23,5448.083333333333,0.009580915369121,104.38118464144122,2279.764823161603,0.1266970445787217,2226.070670681698,0.1156272888183593,4.471262455127173e-06,789.0208333333334,0.1121249999999999,0.1121249999999999,0.1028917226059164,0.0727554347826086,12.222916666666668,0.0,789.0208333333334,40.53333333333333,13.572916666666666,2024-04-23,0.1156272888183593,920.7967195588344,3030.781554723738,2959.3990834796487,4581.846304251173,0.11064272371595686,0.16264272371595684,R4,6936.947628371975
160,2024-04-24,2024-04-24,5498.520833333333,0.0095370668094474,104.86253126961071,2321.8188758582346,0.1144560034174316,2274.3411068834544,0.1040903727213541,3.869911427065224e-06,789.5520833333334,0.1031041666666666,0.1031041666666666,0.0901343377620091,0.0637346014492753,13.2125,0.0,789.5520833333334,37.02916666666667,13.641666666666666,2024-04-24,0.1040903727213541,916.6769352463554,3086.689359739157,3023.571118328342,4599.147209869948,0.10174114449466194,0.15374114449466192,R4,6967.795392951052
161,2024-04-25,2024-04-25,5768.979166666667,0.0093125649795121,107.403808006031,2353.3162296245405,0.1059756435599628,2310.052958091335,0.0962791442871093,3.471194351568919e-06,785.5291666666667,0.0932916666666666,0.0932916666666666,0.0762573671812231,0.0539221014492753,13.745833333333332,0.0,785.5291666666667,34.75625,12.314583333333331,2024-04-25,0.0962791442871093,914.9148963418942,3128.5628011782355,3071.047427650363,4584.505446986368,0.09205836432553975,0.14405836432553976,R4,6938.371154415749
162,2024-04-26,2024-04-26,5942.208333333333,0.0091736960209933,109.01288070788551,2373.511655899425,0.1006112447490618,2308.901672978593,0.096380869547526,5.183602772647576e-06,781.8895833333332,0.0875416666666666,0.0875416666666666,0.0681256391975778,0.0481721014492753,11.920833333333334,0.7295,781.8895833333332,67.8625,7.15625,2024-04-26,0.096380869547526,914.1481308418348,3155.411151859785,3069.516877810978,4576.818633667404,0.08638437849395221,0.1383843784939522,R4,6850.479418892169
163,2024-04-27,2024-04-27,5822.5,0.0092691167178707,107.90309462922706,2335.5310863477293,0.1110371918511511,2267.536500816534,0.1059608459472656,5.557083910032528e-06,781.0208333333334,0.0858749999999999,0.085875,0.0657686165936227,0.0465054347826087,9.71875,4.1598997,781.0208333333334,93.58958333333334,3.0,2024-04-27,0.1059608459472656,964.2385996279088,3104.9187464740644,3014.5248893729436,4489.955812846889,0.08473974491957907,0.13673974491957908,R4,6702.785906106964
164,2024-04-28,2024-04-28,5414.166666666667,0.0096113134621425,104.05419166641728,2257.9727853269824,0.1336239843125716,2193.1140169497603,0.1242930094401041,5.478610083410809e-06,786.2875,0.0906874999999999,0.0906874999999999,0.0725745193625432,0.0513179347826086,9.71875,10.38,786.2875,82.9375,4.935416666666667,2024-04-28,0.1242930094401041,969.9319502262106,3001.81062507433,2915.585608852185,4378.637892609048,0.08948862436558158,0.14148862436558157,R4,6551.465272986953
165,2024-04-29,2024-04-29,5204.5,0.0098030296142406,102.01941559800268,2225.7705723985614,0.1442620453561765,2163.465052800887,0.132598876953125,5.3358277464545e-06,789.59375,0.1035,0.1035,0.0906941306304484,0.0641304347826086,9.947916666666666,4.4586,789.59375,79.71666666666667,5.575,2024-04-29,0.132598876953125,969.0236247661868,2959.0001246344664,2876.1694670001266,4411.768620338999,0.10213174496857565,0.15413174496857562,R4,6633.2529414472465
166,2024-04-30,2024-04-30,5470.583333333333,0.0095613124598154,104.59607767516204,2263.162885738725,0.131896850605382,2213.1475697701303,0.1189651489257812,4.190520797781933e-06,786.4645833333334,0.1184583333333333,0.1184583333333333,0.111848408500946,0.079088768115942,11.352083333333333,0.0,786.4645833333334,44.01666666666667,11.102083333333333,2024-04-30,0.1189651489257812,954.9666956558708,3008.710486163185,2942.2187605469103,4593.075481709851,0.11689233129857508,0.16889233129857506,R4,6974.707151480766
167,2024-05-01,2024-05-01,5595.875,0.0094547530828714,105.7830572578884,2294.687677751366,0.1225861553717009,2243.591646832664,0.1117210388183593,4.233126286590495e-06,785.1833333333334,0.1153125,0.1153125,0.1073995283359806,0.0759429347826086,10.820833333333333,0.0,785.1833333333334,55.54375,7.529166666666666,2024-05-01,0.1117210388183593,954.3496585183292,3050.620404755539,2982.6919471994506,4634.738533704201,0.1137880854269457,0.16578808542694567,R4,7031.757954751194
168,2024-05-02,2024-05-02,5445.958333333333,0.0095839129494074,104.3566943170868,2236.434462264567,0.1407219468228018,2190.628034792846,0.1252250671386718,3.890275561328615e-06,787.8208333333333,0.1143541666666666,0.1143541666666666,0.1060442403387064,0.0749846014492753,10.020833333333334,2.0428998,787.8208333333333,64.22083333333333,5.010416666666667,2024-05-02,0.1252250671386718,946.3824202340738,2973.1769907651906,2912.280676347744,4510.400197285173,0.11284242112168104,0.16484242112168102,R4,6853.552556402845
169,2024-05-03,2024-05-03,5697.625,0.009368872952526,106.74451576092372,2298.69514321911,0.1210801198987813,2263.255278829942,0.1066296895345052,2.9028038195120284e-06,786.1979166666666,0.11,0.11,0.0998865187858736,0.0706304347826086,11.5375,0.0,786.1979166666666,38.40416666666667,8.706249999999999,2024-05-03,0.1066296895345052,929.9256979349796,3055.9480386840187,3008.8333160594093,4604.434230736239,0.10854581590863112,0.1605458159086311,R4,7024.978846266496
170,2024-05-04,2024-05-04,5581.291666666667,0.0094669352374645,105.6456472799225,2312.2448871843267,0.1173185584835069,2266.6658868573586,0.105939229329427,3.724677614482247e-06,789.0,0.1010625,0.1010625,0.087246985072164,0.0616929347826086,11.291666666666666,0.0,789.0,54.270833333333336,7.058333333333334,2024-05-04,0.105939229329427,917.492834632238,3073.961437988977,3013.367471422659,4564.6865249601915,0.09972646836605485,0.15172646836605486,R4,6916.410664218831
171,2024-05-05,2024-05-05,5844.041666666667,0.0092521657970977,108.10183894519812,2331.752912134305,0.1117354006347757,2281.402870389836,0.1024665832519531,4.087031696394857e-06,782.9479166666666,0.0938541666666666,0.0938541666666666,0.077052862310058,0.0544846014492753,12.897916666666667,0.0,782.9479166666666,34.50625,14.35,2024-05-05,0.1024665832519531,925.0470449256144,3099.895938594829,3032.9592193997855,4546.95795361524,0.09261342815689069,0.1446134281568907,R4,6860.25703588723
172,2024-05-06,2024-05-06,5665.604166666667,0.0094049088307887,106.4073706535201,2223.183074045091,0.1482642105504036,2174.020379774932,0.1318257649739583,4.174612229357455e-06,780.4104166666666,0.1490625,0.1490625,0.1551292360660726,0.1096929347826087,11.047916666666666,10.2119,780.4104166666666,63.46875,5.03125,2024-05-06,0.1318257649739583,960.934045537556,2955.5602337286577,2890.202006660357,4708.963221837723,0.14709191530800295,0.19909191530800296,R4,7194.815163404866
173,2024-05-07,2024-05-07,5381.166666666667,0.0096401858806756,103.7385835118124,2160.431463628907,0.1684672948564152,2111.2930069944805,0.1488151550292968,4.318041430323823e-06,782.8020833333334,0.1850208333333333,0.1850208333333333,0.2059819987464052,0.145651268115942,8.004166666666666,2.5577,782.8020833333334,78.77083333333333,1.93125,2024-05-07,0.1488151550292968,957.0139215429176,2872.1365307894976,2806.810525895415,4774.703845496568,0.18257488467510471,0.23457488467510473,R4,7324.948192830549
174,2024-05-08,2024-05-08,5305.104166666667,0.0097088908825707,103.00336697127231,2136.140111440376,0.1782441566926349,2100.5516412615257,0.1521581013997396,3.140235432420533e-06,784.8958333333334,0.1977916666666666,0.1977916666666666,0.2240426844492115,0.1584221014492753,7.931249999999999,3.7115,784.8958333333334,59.6625,1.66875,2024-05-08,0.1521581013997396,946.9604143112568,2839.84294444922,2792.530661233395,4784.938006615189,0.1951768894387393,0.24717688943873928,R4,7395.3193732352465
175,2024-05-09,2024-05-09,5245.0,0.0097645646901917,102.41751063484212,2187.3676342213944,0.1581118224425129,2149.49490749026,0.1367683410644531,3.2624468935841373e-06,789.6854166666667,0.1810416666666666,0.1810416666666666,0.2003546072794622,0.1416721014492753,8.637500000000001,0.0,789.6854166666667,54.58125,3.7854166666666655,2024-05-09,0.1367683410644531,943.9437832794646,2907.9462108745633,2857.5971746767723,4813.236438650987,0.17864832201628866,0.23064832201628865,R4,7421.863813505818
176,2024-05-10,2024-05-10,5063.395833333333,0.0099400873724386,100.6223215114477,2185.147995739509,0.1592179870021419,2133.6561208692474,0.1417999267578125,4.469018475216223e-06,793.4708333333333,0.1688333333333333,0.1688333333333333,0.1830894167054907,0.129463768115942,9.94375,0.0,793.4708333333333,57.8875,7.618749999999999,2024-05-10,0.1417999267578125,928.2830204297176,2904.9953629183588,2836.5406596132584,4742.109930718655,0.16660138108400502,0.218601381084005,R4,7254.68474364993
177,2024-05-11,2024-05-11,4746.708333333333,0.010265432710357,97.4275297182634,2192.6817762415253,0.1566455416739379,2138.205786189172,0.1406084696451822,4.719099599068107e-06,790.7770833333334,0.1540833333333333,0.1540833333333333,0.1622297666604875,0.114713768115942,9.9375,2.3625998,790.7770833333334,66.75833333333334,6.247916666666666,2024-05-11,0.1406084696451822,934.8327560679952,2915.0109762618363,2842.589108818064,4674.128139117995,0.1520463739508022,0.20404637395080222,R4,7126.647643140577
178,2024-05-12,2024-05-12,4607.354166666667,0.0104202509358218,95.9844659186536,2111.427063298323,0.1902352185904861,2048.541113494279,0.1717948913574218,5.68901723417577e-06,788.3145833333333,0.1873541666666666,0.1873541666666666,0.2092818303919424,0.1479846014492753,10.645833333333334,3.8221998,788.3145833333333,77.27708333333334,7.0125,2024-05-12,0.1717948913574218,942.3267597029176,2806.9887440032007,2723.386446616639,4678.155050149234,0.18487737167922716,0.23687737167922718,R4,7126.576969796469
179,2024-05-13,2024-05-13,4729.5625,0.0102838563901214,97.25195985626708,2124.858112807575,0.1841480937358482,2064.1532795646363,0.165802001953125,5.448935891309238e-06,790.3416666666667,0.192375,0.192375,0.2163823609863573,0.1530054347826087,12.222916666666668,0.4631,790.3416666666667,63.97291666666666,10.189583333333331,2024-05-13,0.165802001953125,940.2198012189308,2824.8443476600596,2744.1416861372236,4733.042426436664,0.18983183032202647,0.2418318303220265,R4,7222.788627113175
180,2024-05-14,2024-05-14,4922.208333333333,0.010080186647325,99.21417334201648,2171.1048890860293,0.1640472201398429,2109.4247931977484,0.1490999857584635,5.415797479688926e-06,789.5145833333332,0.1626041666666667,0.1626041666666667,0.1742800447232083,0.1232346014492753,13.497916666666669,0.0,789.5145833333332,51.85,12.458333333333334,2024-05-14,0.1490999857584635,932.7505373773256,2886.3260737952114,2804.3268715035715,4676.919712660798,0.16045456309978523,0.21245456309978522,R4,7114.021501420601
181,2024-05-15,2024-05-15,5049.583333333333,0.0099531876230358,100.48649402648329,2218.4745778795664,0.1468975047118857,2157.4999334036115,0.1344540913899739,5.238895941843955e-06,789.2687500000001,0.1448333333333333,0.1448333333333333,0.1491482912085364,0.105463768115942,14.04375,0.4438,789.2687500000001,59.3875,10.397916666666667,2024-05-15,0.1344540913899739,932.629285943706,2949.3006304643313,2868.239274527065,4673.175306144215,0.14291865761303094,0.19491865761303095,R4,7095.181842596417
182,2024-05-16,2024-05-16,5227.270833333333,0.0097817293661894,102.24210525274783,2265.258658912667,0.1317605315929287,2213.0777744441352,0.1194419860839843,4.373735552028858e-06,788.8458333333333,0.1238541666666666,0.1238541666666666,0.1194792691812508,0.0844846014492753,15.145833333333334,0.0,788.8458333333333,51.45208333333333,10.672916666666666,2024-05-16,0.1194419860839843,929.9221531030352,3011.4966641995934,2942.1259727363067,4634.4803188673895,0.12221683249560827,0.17421683249560826,R4,7039.968543794565
183,2024-05-17,2024-05-17,5328.791666666667,0.0096880343511591,103.2303908571139,2283.124664843632,0.1257235459918094,2231.248668716931,0.1143480936686198,4.308542717998816e-06,787.78125,0.1046666666666666,0.1046666666666666,0.092344046453217,0.0652971014492753,15.402083333333332,0.0,787.78125,44.32083333333333,12.51875,2024-05-17,0.1143480936686198,918.4727873868292,3035.248219922372,2966.2828553389827,4534.123866777984,0.10328298847063683,0.15528298847063682,R4,6856.722493971474
184,2024-05-18,2024-05-18,5335.416666666667,0.0096826116184634,103.29242088457222,2340.7733933865525,0.1092648174011293,2281.0176749293178,0.1025390625,4.851761191881376e-06,789.8604166666668,0.0918541666666666,0.0918541666666666,0.0742244351853118,0.0524846014492753,14.145833333333334,0.0,789.8604166666668,46.55,12.627083333333331,2024-05-18,0.1025390625,919.8209651143384,3111.8880124773136,3032.4471300452865,4548.580501738794,0.09063986786764286,0.14263986786764288,R4,6830.255494862139
185,2024-05-19,2024-05-19,5329.541666666667,0.0096878982526325,103.23572459298492,2342.272821035987,0.108963225848963,2273.358024004356,0.1044960021972656,5.627139140542111e-06,789.3291666666668,0.0864791666666666,0.0864791666666666,0.0666230372875564,0.0471096014492753,13.647916666666667,0.3091,789.3291666666668,58.04166666666666,12.377083333333331,2024-05-19,0.1044960021972656,919.2325312724288,3113.881392503349,3022.2641811274234,4507.88110101039,0.08533592459028928,0.13733592459028926,R4,6728.935935871711
186,2024-05-20,2024-05-20,5623.979166666667,0.0094306691988331,106.04992916285067,2385.634845668876,0.0976127827800541,2335.8068875332106,0.0908864339192708,3.956790486485011e-06,786.1229166666667,0.0805208333333333,0.0805208333333333,0.0581966814784167,0.041151268115942,15.05625,0.0,786.1229166666667,38.860416666666666,13.514583333333334,2024-05-20,0.0908864339192708,916.2211442132204,3171.5280510962216,3105.2854040947254,4540.892429172518,0.07945635956190514,0.13145635956190516,R4,6822.093048676287
187,2024-05-21,2024-05-21,5361.083333333333,0.0096707977677148,103.49964111871788,2307.407697063764,0.1204026023417541,2250.481864469978,0.1116943359375,4.7337649691039925e-06,786.7104166666667,0.0842083333333333,0.0842083333333333,0.0634115939896675,0.044838768115942,13.445833333333333,4.5966,786.7104166666667,65.41666666666667,8.09375,2024-05-21,0.1116943359375,973.5976269840958,3067.5307454696663,2991.8519905122707,4422.33283893608,0.08309511134520584,0.13509511134520585,R4,6628.16922857134
188,2024-05-22,2024-05-22,4912.25,0.0100942815674359,99.10089176998258,2169.4919751538023,0.1651767382645379,2120.3645489721807,0.1460545857747396,4.296640227625439e-06,791.3000000000001,0.1612083333333333,0.1612083333333333,0.1723060382923958,0.121838768115942,11.164583333333333,6.5053,791.3000000000001,76.45208333333333,4.054166666666666,2024-05-22,0.1460545857747396,953.0026676333636,2884.181822008586,2818.870481299406,4665.563504162206,0.1590771824812476,0.21107718248124763,R4,7137.572563076923
189,2024-05-23,2024-05-23,5310.354166666667,0.009704708546023,103.0521124757803,2246.9496792893224,0.1370417897990839,2199.215956876116,0.1225268046061198,4.021163195931205e-06,784.725,0.1418541666666666,0.1418541666666666,0.1449351133039665,0.1024846014492753,13.195833333333333,0.0,784.725,45.625,10.454166666666667,2024-05-23,0.1225268046061198,966.2593183919076,2987.1562071645158,2923.6976942694796,4714.487003631731,0.1399788750988388,0.19197887509883882,R4,7200.5875722920355
190,2024-05-24,2024-05-24,5141.5625,0.0098634343989319,101.39864516934747,2225.6036685404392,0.1444497300993619,2170.234385789971,0.130828857421875,4.73273815216399e-06,789.2083333333334,0.1250625,0.1250625,0.1211881105691183,0.0856929347826086,12.175,2.0344,789.2083333333334,71.63125000000001,6.127083333333334,2024-05-24,0.130828857421875,947.56671586949,2958.7782380918416,2885.1688029634943,4561.418385132,0.1234091918370289,0.1754091918370289,R4,6917.124422656107
191,2024-05-25,2024-05-25,5428.5625,0.0095984765059367,104.1927615342707,2259.672495221176,0.1330102948841428,2201.311086643715,0.1220041910807291,4.909522232252687e-06,784.8249999999999,0.1130208333333333,0.1130208333333333,0.1041586222555423,0.073651268115942,12.127083333333331,0.0,784.8249999999999,59.82291666666666,8.870833333333334,2024-05-25,0.1220041910807291,952.8193561651406,3004.070265780848,2926.4830169439415,4547.832036751494,0.11152671426218252,0.16352671426218252,R4,6870.209805139375
192,2024-05-26,2024-05-26,5021.875,0.0099820754891904,100.20530216984577,2170.005167702143,0.1651849522980264,2103.600164096757,0.1516507466634114,5.848811311993143e-06,790.1020833333333,0.1323541666666666,0.1323541666666666,0.1315000844614221,0.0929846014492753,12.197916666666666,6.6612,790.1020833333333,76.425,7.802083333333333,2024-05-26,0.1516507466634114,953.4239421044232,2884.86407418378,2796.583450663386,4494.156975505485,0.1306044637249116,0.18260446372491163,R4,6785.869812304506
193,2024-05-27,2024-05-27,5014.729166666667,0.0099870501613771,100.14132593224332,2232.254778745625,0.1423779983552182,2173.10526034546,0.1301345825195312,5.045250798466753e-06,794.5791666666668,0.1366458333333333,0.1366458333333333,0.1375694176666066,0.097276268115942,14.077083333333334,0.0,794.5791666666668,56.80625,10.9875,2024-05-27,0.1301345825195312,950.9931777886352,2967.620405460824,2888.985421923618,4650.717440253702,0.1348393951789226,0.18683939517892262,R4,7057.9053367993565
194,2024-05-28,2024-05-28,5009.229166666667,0.0099919915022836,100.08822858131396,2275.0528299113034,0.128388740533194,2215.3115382065607,0.1185213724772135,4.995020265109147e-06,795.8395833333334,0.1135,0.1135,0.1048362662541794,0.0741304347826087,15.252083333333331,0.0,795.8395833333334,50.90416666666667,12.9375,2024-05-28,0.1185213724772135,935.3210428122226,3024.5173023395005,2945.0955992258414,4582.20595263322,0.11199954641481484,0.16399954641481485,R4,6919.580199108283
195,2024-05-29,2024-05-29,5205.645833333333,0.0098021692330808,102.0298743162906,2316.384532837276,0.1160553136181459,2255.398585826836,0.1084912618001302,5.007621385418282e-06,792.8854166666666,0.0959375,0.0959375,0.0799991405650019,0.0565679347826086,15.4125,0.0,792.8854166666666,48.11041666666667,13.802083333333334,2024-05-29,0.1084912618001302,935.4982751004364,3079.4647958619403,2998.388414026963,4533.308930980285,0.09466922012485725,0.14666922012485722,R4,6812.570976111198
196,2024-05-30,2024-05-30,5398.708333333333,0.0096246219964343,103.90713526104528,2360.729630411944,0.1039734584013754,2303.417465497765,0.0976295471191406,4.60924495179284e-06,791.35,0.0855625,0.0855625,0.065326674855381,0.0461929347826086,15.525,0.0,791.35,43.49166666666667,13.65625,2024-05-30,0.0976295471191406,935.7469042891962,3138.418378444788,3062.226022760359,4535.8057243911735,0.0844313761243841,0.1364313761243841,R4,6806.429324355247
197,2024-05-31,2024-05-31,5519.791666666667,0.0095182909662253,105.06657099650036,2426.7859498858934,0.0880374250709061,2373.0069717572032,0.0837618509928385,4.193726701068254e-06,792.2395833333334,0.078,0.078,0.0546316847899345,0.0386304347826086,15.460416666666667,0.0,792.2395833333334,43.49583333333334,12.622916666666669,2024-05-31,0.0837618509928385,935.7306770147288,3226.2354517677027,3154.7402109918203,4597.113444707962,0.0769688512806657,0.1289688512806657,R4,6889.745782420228
198,2024-06-01,2024-06-01,5503.604166666667,0.0095327168082649,104.91077803715486,2415.046650225111,0.0905421935118298,2348.1594564311267,0.0883967081705729,5.276681554368065e-06,791.7229166666666,0.0734791666666666,0.0734791666666666,0.0482382609767061,0.0341096014492753,15.50625,0.0,791.7229166666666,49.20208333333333,13.9,2024-06-01,0.0883967081705729,919.4160270775354,3210.6289065154024,3121.707246202693,4534.813225877366,0.07250778271017834,0.12450778271017833,R4,6745.126909602224
199,2024-06-02,2024-06-02,5717.770833333333,0.0093519051252837,106.93475936545708,2429.1347254392263,0.0873195585940561,2367.7273542397274,0.0846532185872395,4.8054817279173234e-06,787.8291666666668,0.0712083333333333,0.0712083333333333,0.0450268176788172,0.031838768115942,16.897916666666667,0.0,787.8291666666668,40.27708333333333,15.985416666666666,2024-06-02,0.0846532185872395,937.8218924357508,3229.3579780699356,3147.7213434203086,4540.72421437927,0.07026696946509489,0.1222669694650949,R4,6763.021969490687
200,2024-06-03,2024-06-03,5703.541666666667,0.0093641811037869,106.79926554905408,2442.017568498161,0.0844703507092685,2372.2478973462426,0.0837860107421875,5.443014790059679e-06,787.9270833333334,0.0683125,0.0683125,0.0409314909044452,0.0289429347826087,16.431250000000002,0.0,787.9270833333334,45.68333333333334,15.05625,2024-06-03,0.0837860107421875,948.3682661276092,3246.4847811150285,3153.7310767600657,4538.1695865039765,0.06740941862962149,0.1194094186296215,R4,6726.772038238033
201,2024-06-04,2024-06-04,5558.25,0.0094880381184069,105.42174989087792,2403.3860497466044,0.0935468665199048,2316.217499246002,0.0954017639160156,7.002480875732467e-06,788.8333333333334,0.0676041666666666,0.0676041666666666,0.0399297562977642,0.0282346014492753,17.287499999999998,1.4518,788.8333333333334,59.54791666666667,15.547916666666666,2024-06-04,0.0954017639160156,944.2013097388904,3195.1269861031687,3079.2427368485237,4459.914554672973,0.06671044936051282,0.11871044936051282,R4,6555.933463340081
202,2024-06-05,2024-06-05,5464.25,0.0095673365824705,104.53374994903288,2436.926574720363,0.0856699678215966,2358.31594339159,0.0865580240885416,6.173898261518345e-06,793.8895833333332,0.0665208333333333,0.0665208333333333,0.0383976916051934,0.027151268115942,18.26875,0.0,793.8895833333332,54.10625,15.21875,2024-06-05,0.0865580240885416,933.848510146752,3239.716675089265,3135.2095570673177,4512.092000678364,0.06564143753717028,0.11764143753717028,R4,6657.073245952916
203,2024-06-06,2024-06-06,5473.291666666667,0.0095591192288679,104.6213395285199,2479.13438560632,0.0763089638707447,2400.189589902333,0.078625996907552,6.091346177279778e-06,794.7541666666666,0.065,0.065,0.0362469084790843,0.0256304347826086,19.54375,0.0,794.7541666666666,47.145833333333336,17.460416666666667,2024-06-06,0.078625996907552,950.3289587661023,3295.8288904365577,3190.877525177196,4575.786950529498,0.06414070940055476,0.11614070940055475,R4,6747.118749944602
204,2024-06-07,2024-06-07,5572.916666666667,0.0094725964902579,105.57177805676012,2473.515885401197,0.0774643505324564,2392.601372739676,0.0799980163574218,6.2674239189930505e-06,792.5583333333334,0.062875,0.062875,0.0332417046590414,0.0235054347826086,19.83333333333333,0.0,792.5583333333334,46.56041666666667,17.743750000000002,2024-06-07,0.0799980163574218,961.852584225051,3288.3595029743533,3180.7895422518677,4545.100913312686,0.06204380159322893,0.11404380159322892,R4,6686.819973093636
205,2024-06-08,2024-06-08,5440.25,0.0095883036241208,104.30433449430708,2407.4810888567795,0.0924221902216347,2302.713456464658,0.0978597005208333,8.432813005884474e-06,791.9333333333334,0.0611875,0.0611875,0.0308552192725368,0.0218179347826086,18.58333333333333,1.5026,791.9333333333334,70.46458333333334,15.185416666666669,2024-06-08,0.0978597005208333,971.157533627618,3200.571042821168,3061.290093944271,4407.924669645731,0.06037861009917606,0.11237861009917606,R4,6304.933848539422
206,2024-06-09,2024-06-09,5542.791666666667,0.0094988168450558,105.2841551411256,2435.515375053893,0.0858355762817408,2338.521774053324,0.0903409322102864,7.68541309644238e-06,792.6729166666668,0.0608125,0.0608125,0.0303248891866469,0.0214429347826086,18.266666666666666,0.3333,792.6729166666668,62.46458333333334,15.904166666666669,2024-06-09,0.0903409322102864,959.5630437891822,3237.8405877509063,3108.8946483048003,4455.676639591676,0.06000856754494209,0.11200856754494208,R4,6501.285919291953
207,2024-06-10,2024-06-10,5621.791666666667,0.0094321266482388,106.0306953992117,2448.7131877920738,0.082952614501311,2359.161669344808,0.086371103922526,7.036007005044551e-06,792.4,0.0611666666666666,0.0611666666666666,0.0308257564899874,0.0217971014492753,18.88125,0.0,792.4,52.99166666666667,17.15625,2024-06-10,0.086371103922526,956.9275375056284,3255.386120080905,3136.3338882234634,4483.218047850609,0.06035805217949633,0.11235805217949633,R4,6565.379930709705
208,2024-06-11,2024-06-11,5581.229166666667,0.0094671675837036,105.64438787818592,2449.924147785422,0.0827827279490818,2355.2175305044084,0.0872840881347656,7.460134987838984e-06,793.74375,0.0614166666666666,0.0614166666666666,0.0311793098805807,0.0220471014492753,19.7,0.546,793.74375,56.64166666666667,17.260416666666668,2024-06-11,0.0872840881347656,951.1696140759318,3256.996003334678,3131.0904424411146,4487.830624345407,0.06060474721565231,0.1126047472156523,R4,6558.330759649127
209,2024-06-12,2024-06-12,5652.125,0.0094065004114152,106.31744809270631,2471.193819929617,0.0779864957187391,2390.820911806843,0.0803476969401041,6.23032588248679e-06,794.0875,0.0611666666666666,0.0611666666666666,0.0308257564899874,0.0217971014492753,20.554166666666667,0.0,794.0875,42.68333333333334,19.00208333333333,2024-06-12,0.0803476969401041,958.42184449722,3285.2724857835333,3178.422548911452,4524.376635237888,0.06035805217949633,0.11235805217949633,R4,6653.601571519709
210,2024-06-13,2024-06-13,5748.895833333333,0.0093267449205075,107.22469136245212,2514.926076793832,0.069077159490039,2437.597672243562,0.0722147623697916,5.874651296681286e-06,794.6625,0.0597083333333333,0.0597083333333333,0.0287633617115266,0.020338768115942,20.51875,0.0,794.6625,43.75833333333333,18.4375,2024-06-13,0.0722147623697916,957.7329401967452,3343.411341205775,3240.6088504461563,4590.044011206106,0.058918997801919816,0.11091899780191981,R4,6756.585704341394
211,2024-06-14,2024-06-14,5694.479166666667,0.009372261350415,106.71201966906165,2517.546285037284,0.0686573676042253,2425.459353311892,0.0744489034016927,7.043376782702084e-06,795.0895833333334,0.0577083333333333,0.0577083333333333,0.0259349345867805,0.018338768115942,19.727083333333333,0.0,795.0895833333334,49.29166666666666,17.474999999999998,2024-06-14,0.0744489034016927,972.4590319708512,3346.894717531749,3224.471838088697,4574.902801049305,0.056945437512671976,0.10894543751267198,R4,6683.659024201216
212,2024-06-15,2024-06-15,5675.041666666667,0.0093883823796927,106.5293531500743,2494.272911532892,0.0732830819192391,2394.5838530215183,0.0798085530598958,7.721708419294127e-06,792.7875,0.0562916666666666,0.0562916666666666,0.0239314653734186,0.0169221014492753,18.16875,1.7923,792.7875,71.55208333333333,13.764583333333334,2024-06-15,0.0798085530598958,968.069004820526,3315.9544598276725,3183.4251056265484,4518.519861993826,0.055547498974454726,0.10754749897445472,R4,6574.605142211117
213,2024-06-16,2024-06-16,5960.729166666667,0.0091604080100176,109.17873198332852,2532.071627102528,0.0657400905434865,2456.658451629869,0.0691439310709635,5.692121617124858e-06,788.0104166666666,0.0565833333333333,0.0565833333333333,0.0243439443291107,0.017213768115942,19.197916666666668,0.0,788.0104166666666,46.72291666666666,17.2,2024-06-16,0.0691439310709635,966.1092128886316,3366.2051035681216,3265.948770597465,4589.946867712606,0.055835309849970066,0.10783530984997007,R4,6749.82500792687
214,2024-06-17,2024-06-17,6288.604166666667,0.0089180767186828,112.14269854153322,2567.303106862823,0.0591717404321324,2505.880731773674,0.0615119934082031,4.537048771810814e-06,783.5604166666667,0.0567083333333333,0.0567083333333333,0.0245207210244074,0.017338768115942,20.43958333333333,0.0,783.5604166666667,34.79375,17.914583333333333,2024-06-17,0.0615119934082031,962.2279495271456,3413.0427939817505,3331.386212751872,4655.093540932638,0.05595865736804806,0.10795865736804806,R4,6887.926302980631
215,2024-06-18,2024-06-18,6299.083333333333,0.0089111047930244,112.23420651871204,2593.224679510416,0.0545618697122777,2531.714118170398,0.0578104654947916,4.4990533799575295e-06,784.9229166666668,0.0555,0.0555,0.0228118796365399,0.0161304347826086,21.066666666666663,0.0,784.9229166666668,35.389583333333334,15.891666666666666,2024-06-18,0.0578104654947916,963.2008895518666,3447.503639877603,3365.7298214398334,4689.549183057814,0.054766298026627525,0.10676629802662753,R4,6933.36612458023
216,2024-06-19,2024-06-19,6013.125,0.0091202065106401,109.6583566243274,2564.995256583244,0.0598283552818056,2490.146918597194,0.0642255147298177,5.582276199585539e-06,790.6583333333333,0.0528333333333333,0.0528333333333333,0.0190406434702116,0.013463768115942,19.485416666666666,0.0,790.6583333333333,51.4125,13.514583333333334,2024-06-19,0.0642255147298177,961.3536177422166,3409.9746748550106,3310.46925224951,4610.870470516469,0.05213488430763037,0.10413488430763036,R4,6768.142361366452
217,2024-06-20,2024-06-20,5840.3125,0.0092538833184494,108.07219584426086,2526.401455781624,0.0667953721613673,2432.978984593231,0.0729777018229166,7.1137480745065535e-06,793.4187499999999,0.0513541666666666,0.0513541666666666,0.0169487859092014,0.0119846014492753,19.497916666666665,0.0,793.4187499999999,47.60833333333333,18.33125,2024-06-20,0.0729777018229166,975.2074350941358,3358.667023114855,3234.4686410721733,4526.255156558417,0.05067527201037412,0.10267527201037412,R4,6584.345930840323
218,2024-06-21,2024-06-21,5470.75,0.0095615784216168,104.59614781152844,2453.346880063631,0.0819968336246846,2332.523455044262,0.0916481018066406,9.593572237646216e-06,796.2708333333334,0.0500625,0.0500625,0.0151220933911362,0.0106929347826086,18.272916666666667,6.5639,796.2708333333334,80.31041666666667,14.179166666666667,2024-06-21,0.0916481018066406,1004.3666418557248,3261.5462770077174,3100.9203193620447,4382.367318248919,0.049400680990234966,0.10140068099023496,R4,6286.361039599114
219,2024-06-22,2024-06-22,5077.1875,0.0099315851345908,100.741659756691,2267.272516262659,0.1336026932914169,2164.197933057355,0.1346982320149739,8.804177355524607e-06,796.8395833333334,0.092875,0.092875,0.0756681115302343,0.0535054347826086,17.977083333333333,12.3403,796.8395833333334,77.12708333333333,14.09375,2024-06-22,0.1346982320149739,988.8380369373886,3014.1739411047324,2877.1437780082438,4413.664310134146,0.0916472059319465,0.14364720593194652,R4,6494.50578029795
220,2024-06-23,2024-06-23,5107.604166666667,0.0098962284543778,101.06303571336316,2224.575781163471,0.1454059297899213,2126.5178300181024,0.1443341573079427,8.544016090689877e-06,797.6854166666667,0.1177708333333333,0.1177708333333333,0.1108761366768145,0.078401268115942,18.579166666666666,4.5961,797.6854166666667,74.09375,14.452083333333334,2024-06-23,0.1443341573079427,980.0815379042516,2957.411736569054,2827.0508210017915,4510.058276419092,0.11621391994914612,0.16821391994914614,R4,6693.973290581469
221,2024-06-24,2024-06-24,5253.333333333333,0.0097571269885191,102.49773961535831,2305.1940020457646,0.1192847212832061,2205.2095814051777,0.121039072672526,8.397013371298766e-06,795.0833333333334,0.1039375,0.1039375,0.0913128490639867,0.0645679347826086,20.09375,0.0,795.0833333333334,60.3,17.814583333333335,2024-06-24,0.121039072672526,990.2915585087404,3064.5877989165074,2931.665782242444,4572.484566191139,0.10256346128184862,0.1545634612818486,R4,6767.183241938873
222,2024-06-25,2024-06-25,5375.604166666667,0.0096449036010073,103.6859219008508,2342.0400710241643,0.1089993805305778,2246.240489353678,0.1107343037923177,7.901502167975037e-06,795.2958333333332,0.0886041666666666,0.0886041666666666,0.0696282411075992,0.0492346014492753,21.172916666666666,0.0,795.2958333333332,54.83125,18.491666666666667,2024-06-25,0.1107343037923177,978.3710829306218,3113.5719682875147,2986.2133907152447,4524.79233310917,0.08743283239761511,0.13943283239761511,R4,6679.945992033531
223,2024-06-26,2024-06-26,5372.75,0.0096477044296392,103.65753413906184,2389.407209703415,0.0967928056515675,2279.330587500732,0.1029866536458333,8.948778729049745e-06,795.6166666666667,0.0790208333333333,0.0790208333333333,0.056075361134857,0.039651268115942,20.60625,0.0,795.6166666666667,61.54166666666666,17.733333333333334,2024-06-26,0.1029866536458333,984.6308471851172,3176.5431347651274,3030.204269988926,4535.14927414992,0.07797618934496926,0.12997618934496924,R4,6634.634649797988
224,2024-06-27,2024-06-27,5361.041666666667,0.0096597548420846,103.53902361617055,2372.7446263602487,0.1010201581573396,2250.36516139269,0.1097793579101562,1.00735069956308e-05,792.7979166666668,0.0747083333333333,0.0747083333333333,0.0499765651471231,0.035338768115942,20.10625,1.1237999,792.7979166666668,73.65625,16.879166666666666,2024-06-27,0.1097793579101562,975.8327568574812,3154.391441863541,2991.696842257314,4466.159769287303,0.0737206999712786,0.1257206999712786,R4,6483.730990821318
225,2024-06-28,2024-06-28,5513.9375,0.0095240294039978,105.00832297031684,2342.137619648222,0.1090409843747677,2231.098252539917,0.1144892374674479,9.219371414640738e-06,791.1104166666668,0.071875,0.071875,0.0459696267203993,0.0325054347826086,20.63125,3.9799,791.1104166666668,67.46875,16.841666666666665,2024-06-28,0.1144892374674479,978.4604485530878,3113.7016520897555,2966.082887969457,4383.937912507789,0.0709248228948442,0.1229248228948442,R4,6382.973696619219
226,2024-06-29,2024-06-29,5411.8125,0.0096131660239777,104.03243564803942,2411.883536344838,0.0914291785554964,2303.955984581172,0.0975799560546875,8.674937732129032e-06,794.6999999999999,0.0700833333333333,0.0700833333333333,0.0434358274211475,0.030713768115942,22.09166666666667,2.0943,794.6999999999999,52.38333333333333,20.27083333333333,2024-06-29,0.0975799560546875,982.955164437986,3206.4237766237466,3062.941944722253,4498.2966184870165,0.06915684180239298,0.12115684180239299,R4,6562.479382768788
227,2024-06-30,2024-06-30,5397.104166666667,0.0096262688373842,103.89092609660882,2429.774316498724,0.0871825923045937,2313.8143221342343,0.095441182454427,9.28381461281824e-06,796.9708333333333,0.0680833333333333,0.0680833333333333,0.0406074002964013,0.028713768115942,22.76458333333333,0.18519999,796.9708333333333,55.34791666666666,20.214583333333334,2024-06-30,0.095441182454427,971.5051104362656,3230.208267874392,3076.0478876302705,4513.305281827775,0.06718328151314513,0.11918328151314513,R4,6556.895113890361
228,2024-07-01,2024-07-01,5236.833333333333,0.009774418719769,102.32993696691832,2318.495594278684,0.1168340162481308,2181.773600205407,0.1288337707519531,1.1616253489619884e-05,794.8625000000001,0.0681666666666666,0.0681666666666666,0.0407252514265991,0.0287971014492753,21.01666666666667,6.6183,794.8625000000001,83.82083333333334,16.6375,2024-07-01,0.1288337707519531,990.8947100465566,3082.2712985382277,2900.5093494317066,4307.338081551046,0.06726551319186376,0.11926551319186375,R4,6184.126614661794
229,2024-07-02,2024-07-02,4968.1875,0.0100379610274324,99.6614376021552,2146.829849039348,0.1758519661225371,2044.1506033470423,0.1745198567708333,9.318728629209949e-06,793.3083333333334,0.1858541666666666,0.1858541666666666,0.2071605100483827,0.1464846014492753,20.347916666666663,17.2515,793.3083333333334,73.75833333333334,15.983333333333334,2024-07-02,0.1745198567708333,970.0820787313896,2854.054173261353,2717.549582640635,4748.922928947143,0.18339720146229127,0.23539720146229126,R4,7098.962597246986
230,2024-07-03,2024-07-03,5146.458333333333,0.0098589307925605,101.4462452429088,2221.0048515563462,0.1463288901385644,2141.3284883911883,0.1398022969563802,6.915467553837583e-06,794.1020833333333,0.1831249999999999,0.1831249999999999,0.2033008855344061,0.1437554347826086,20.45208333333333,0.1392,794.1020833333333,59.33541666666667,15.925,2024-07-03,0.1398022969563802,991.6531067787504,2952.664445323687,2846.740514322093,4898.454316555621,0.18070411398425512,0.2327041139842551,R4,7412.166817331735
231,2024-07-04,2024-07-04,5268.958333333333,0.0097436282529669,102.64664244282568,2295.6487888110905,0.1224056430214542,2231.4699435947537,0.114654541015625,5.3305481312111935e-06,795.74375,0.1464166666666666,0.1464166666666666,0.1513874626822938,0.1070471014492753,20.366666666666667,0.0,795.74375,44.63958333333333,16.085416666666667,2024-07-04,0.114654541015625,983.5608583408356,3051.8981320203247,2966.5770241986015,4845.792055078686,0.14448105950868548,0.1964810595086855,R4,7355.539681899566
232,2024-07-05,2024-07-05,5307.729166666667,0.0097071250627968,103.0265928481084,2342.985741024954,0.1086930197525588,2280.405857833286,0.1027119954427083,5.083505048410368e-06,797.6645833333333,0.1230833333333333,0.1230833333333333,0.1183891462269216,0.083713768115942,20.291666666666668,0.0,797.6645833333333,46.96875,14.554166666666667,2024-07-05,0.1027119954427083,974.383781307073,3114.829167787275,3031.633763705619,4788.062316216995,0.1214561894674607,0.17345618946746072,R4,7244.487016412298
233,2024-07-06,2024-07-06,5547.770833333333,0.0094947103074786,105.33083756547138,2397.0940309511,0.094922505851234,2331.837986787214,0.0917599995930989,5.1855788420195225e-06,795.4020833333334,0.104,0.104,0.091401237411635,0.0646304347826087,20.38958333333333,0.0,795.4020833333334,45.7875,15.095833333333331,2024-07-06,0.0917599995930989,967.4736648071038,3186.762204651307,3100.0090391594977,4755.261532610754,0.1026251350408876,0.1546251350408876,R4,7155.971549827288
234,2024-07-07,2024-07-07,5704.104166666667,0.0093632670091428,106.80624868055598,2436.040656514258,0.0856250165118849,2368.0644753560377,0.0844980875651041,5.318505355528913e-06,793.2979166666668,0.0901041666666666,0.0901041666666666,0.0717495614511588,0.0507346014492753,20.7625,0.0,793.2979166666668,43.99583333333334,16.285416666666666,2024-07-07,0.0844980875651041,961.1885307969442,3238.5389112555667,3148.1695214300053,4719.048235169404,0.088913002614551,0.14091300261455098,R4,7064.974226273575
235,2024-07-08,2024-07-08,5691.229166666667,0.0093745090041368,106.68315755153716,2460.799176502764,0.0803444274251585,2388.2073786694887,0.0809262593587239,5.632064748941505e-06,794.9625,0.079875,0.079875,0.0572833352193841,0.0405054347826086,21.14583333333333,0.0,794.9625,47.77916666666667,15.772916666666667,2024-07-08,0.0809262593587239,951.897366338078,3271.4535632148686,3174.948046653641,4678.242551118214,0.07881906405183556,0.13081906405183558,R4,6964.7680600902
236,2024-07-09,2024-07-09,5778.520833333333,0.0093031062996236,107.4994405718424,2513.8680353322043,0.0693413257249807,2434.5515805706664,0.0727640787760416,6.032196623032065e-06,795.74375,0.073125,0.073125,0.0477373936733657,0.0337554347826086,21.479166666666668,0.0,795.74375,48.85833333333333,16.570833333333333,2024-07-09,0.0727640787760416,954.5267607215968,3342.0047520201465,3236.5592930697044,4717.071655966811,0.0721582980756241,0.1241582980756241,R4,6987.101074980711
237,2024-07-10,2024-07-10,5735.416666666667,0.0093378498496252,107.09833246011964,2535.148026353338,0.0650765961863873,2449.0300275186096,0.0702908833821614,6.5140463555746216e-06,797.5041666666666,0.0683541666666666,0.0683541666666666,0.040990416469544,0.0289846014492753,21.510416666666668,0.0,797.5041666666666,50.625,16.820833333333333,2024-07-10,0.0702908833821614,955.6017786516323,3370.2949526655348,3255.8073354576986,4711.6407165679575,0.06745053446898076,0.11945053446898075,R4,6944.342267688451
238,2024-07-11,2024-07-11,5783.875,0.0092986936115082,107.5496540257103,2584.9830546395333,0.0560444030324681,2493.904037407545,0.0633621215820312,6.765000294922271e-06,797.38125,0.0654166666666666,0.0654166666666666,0.0368361641300731,0.0260471014492753,21.414583333333336,0.0056,797.38125,50.82083333333333,17.939583333333335,2024-07-11,0.0633621215820312,960.9142382329356,3436.5469989180397,3315.464068501445,4775.293397257354,0.06455186779414798,0.11655186779414799,R4,7018.497163595017
239,2024-07-12,2024-07-12,5913.5625,0.0091960841904243,108.74903729346704,2608.1936284991,0.0519642147592828,2515.069076110045,0.0602099100748697,6.862933416675726e-06,796.7541666666666,0.0627916666666666,0.0627916666666666,0.0331238535288437,0.0234221014492753,22.445833333333336,0.0,796.7541666666666,46.58125,20.04791666666667,2024-07-12,0.0602099100748697,949.69183955786,3467.4037690609225,3343.6014483981976,4791.727879354658,0.061961569914510205,0.1139615699145102,R4,7028.7874721590515
240,2024-07-13,2024-07-13,5915.382978723404,0.0092014657798205,108.74149476377126,2623.5712408413947,0.0518999254264392,2544.3795763981966,0.0583164945561835,5.771955536524388e-06,797.9270833333334,0.0596666666666666,0.0596666666666666,0.0287044361464278,0.0202971014492753,23.4375,0.0,797.9270833333334,37.88333333333333,20.675,2024-07-13,0.0583164945561835,949.8621076894742,3487.8471864560925,3382.567627159505,4787.903921976224,0.05887788196256045,0.11087788196256045,R4,7050.765093679752
241,2024-07-14,2024-07-14,5911.708333333333,0.0091976102872584,108.73166171410674,2638.5282103133445,0.0469688145588479,2544.32254162714,0.0560442606608072,6.8532101456222505e-06,798.5854166666667,0.0565416666666666,0.0565416666666666,0.0242850187640118,0.0171721014492753,23.808333333333334,0.0,798.5854166666667,41.85,20.78333333333333,2024-07-14,0.0560442606608072,946.0748779828136,3507.7313897430286,3382.4918035787828,4782.484003977491,0.055794194010610705,0.1077941940106107,R4,6988.243739143803
242,2024-07-15,2024-07-15,5914.0625,0.0091957841387515,108.75327225827236,2631.528079991012,0.0480689297842944,2517.822570938369,0.059783935546875,8.364171859576009e-06,797.6416666666668,0.053625,0.0536249999999999,0.0201602292070903,0.0142554347826086,22.83333333333333,1.5616,797.6416666666668,53.96666666666667,19.40833333333333,2024-07-15,0.059783935546875,949.6774869358296,3498.4252255079978,3347.262019546558,4738.92195046863,0.05291608525545757,0.10491608525545758,R4,6858.9207613907165
243,2024-07-16,2024-07-16,5767.125,0.0093136110183437,107.3883167168828,2557.4550274177627,0.0611352705073557,2435.51418535062,0.0727984110514323,9.281026392189896e-06,796.7083333333334,0.051625,0.051625,0.0173318020823441,0.0122554347826086,22.266666666666666,4.2348,796.7083333333334,66.25,17.625,2024-07-16,0.0727984110514323,1021.3333902555556,3399.950488482383,3237.8390061269165,4584.722461161739,0.05094252496620983,0.10294252496620983,R4,6595.546633649892
244,2024-07-17,2024-07-17,5521.416666666667,0.0095178645746566,105.07843313333792,2456.89371420626,0.0811920518046073,2354.881224402092,0.0871823628743489,8.024695951454508e-06,798.3041666666667,0.0505833333333333,0.0505833333333333,0.0158586629548722,0.011213768115942,20.775,4.5624,798.3041666666667,65.5,15.991666666666667,2024-07-17,0.0871823628743489,1026.3842202767717,3266.261535085187,3130.6433479332572,4393.963635332323,0.04991462898222655,0.10191462898222654,R4,6357.578244216771
245,2024-07-18,2024-07-18,5656.208333333333,0.0094029228752692,106.35652781432094,2484.9883414462806,0.0751208252111509,2386.6185765690493,0.0811004638671875,7.632981347732157e-06,797.8291666666668,0.051625,0.051625,0.0173318020823441,0.0122554347826086,22.15833333333333,0.0,797.8291666666668,53.51666666666667,18.566666666666663,2024-07-18,0.0811004638671875,1017.1686422868008,3303.6112990436504,3172.835849794037,4454.812202995884,0.05094252496620983,0.10294252496620983,R4,6462.807364896433
246,2024-07-19,2024-07-19,5606.791666666667,0.0094445187430011,105.88996550026744,2491.033073236834,0.0738901709971493,2374.1735359038003,0.0834337870279948,9.117712035056592e-06,798.4729166666666,0.0509583333333333,0.0509583333333333,0.0163889930407621,0.011588768115942,22.010416666666668,0.5136,798.4729166666666,64.34166666666667,17.966666666666665,2024-07-19,0.0834337870279948,1025.1719674953918,3311.6473304044002,3156.2910731956704,4458.851638849186,0.050284671536460525,0.10228467153646052,R4,6416.479465360779
247,2024-07-20,2024-07-20,5585.708333333333,0.0094620133310584,105.69186569129504,2478.7879886406126,0.0763985509962307,2372.8398789924845,0.0836270650227864,8.268071643458914e-06,798.2895833333333,0.0499583333333333,0.0499583333333333,0.014974779478389,0.010588768115942,21.964583333333334,0.3795,798.2895833333333,59.49166666666667,17.541666666666668,2024-07-20,0.0836270650227864,1028.24570645878,3295.3683808595997,3154.518073311612,4426.7492523964,0.0492978913918366,0.1012978913918366,R4,6393.708349719146
248,2024-07-21,2024-07-21,5560.3125,0.0094836432110471,105.45115020501804,2437.44545878838,0.0854212448995455,2341.917177862564,0.0896352132161458,7.553379563307269e-06,797.18125,0.049375,0.049375,0.0141498215670047,0.0100054347826086,21.916666666666668,0.0,797.18125,54.50833333333333,17.366666666666667,2024-07-21,0.0896352132161458,1030.7147073870326,3240.4064937259986,3113.40859076559,4347.054587997278,0.04872226964080602,0.10072226964080601,R4,6298.863159270873
249,2024-07-22,2024-07-22,5679.875,0.0093837650664879,106.57709071097293,2469.761816929185,0.0783882867798283,2381.3580580051826,0.082166035970052,6.879083515447392e-06,796.9458333333333,0.0480416666666666,0.0480416666666666,0.0122642034838405,0.0086721014492753,22.35625,0.0,796.9458333333333,55.90833333333333,16.025000000000002,2024-07-22,0.082166035970052,1011.2097359374636,3283.3687419254284,3165.84237289253,4391.050038992886,0.04740656278130739,0.0994065627813074,R4,6380.237178978351
250,2024-07-23,2024-07-23,5705.0,0.0093629872739243,106.81290722254433,2497.21611668783,0.072703759470494,2411.205900416987,0.0768051147460937,6.607809674211727e-06,797.0979166666666,0.046625,0.046625,0.0102607342704786,0.0072554347826086,22.74375,0.0,797.0979166666666,51.225,17.183333333333334,2024-07-23,0.0768051147460937,1016.984931434099,3319.8672370600993,3205.5229089333234,4425.115593625471,0.04600862424309024,0.09800862424309024,R4,6430.932338839388
251,2024-07-24,2024-07-24,5616.833333333333,0.0094361284471076,105.98454368297584,2534.8150756595146,0.0651885719529273,2448.1794364102866,0.0704701741536458,6.5544293567822905e-06,798.9895833333334,0.0449583333333333,0.0449583333333333,0.0079037116665235,0.005588768115942,23.0625,0.0,798.9895833333334,47.50833333333333,17.983333333333334,2024-07-24,0.0704701741536458,1014.5023166175756,3369.852318929273,3254.6765364316207,4474.005587899148,0.04436399066871701,0.09636399066871701,R4,6494.712501927347
252,2024-07-25,2024-07-25,5631.416666666667,0.0094240374879329,106.12152553223132,2532.480781880615,0.0656848545908217,2434.6095471165336,0.0727513631184895,7.444800209769376e-06,799.2645833333332,0.0437083333333333,0.0437083333333333,0.0061359447135571,0.004338768115942,23.41875,0.0,799.2645833333332,50.19166666666666,19.15833333333333,2024-07-25,0.0727513631184895,995.1192762364976,3366.749045093078,3236.6363553772812,4456.50510287281,0.04313051548793711,0.0951305154879371,R4,6431.422548958457
253,2024-07-26,2024-07-26,5728.854166666667,0.0093432491583654,107.03684105716457,2534.393192439396,0.0652622787358785,2422.493398944962,0.0747578938802083,8.55710909055487e-06,796.3708333333334,0.0419583333333333,0.0419583333333333,0.0036610709794042,0.002588768115942,23.175,0.118499994,796.3708333333334,54.975,18.891666666666666,2024-07-26,0.0747578938802083,1015.4581905524042,3369.29145586621,3220.5288174331818,4440.991765928396,0.04140365023484525,0.09340365023484525,R4,6364.626740009063
254,2024-07-27,2024-07-27,5410.479166666667,0.009617434327014,104.00835602934818,2359.9480296851493,0.1052137171584976,2239.1803179176004,0.1133270263671875,9.992318136363551e-06,793.1916666666666,0.0480833333333333,0.0480833333333333,0.0123231290489394,0.008713768115942,22.34166666666667,9.932799,793.1916666666666,70.31666666666666,17.866666666666667,2024-07-27,0.1133270263671875,1027.7318440133515,3137.3792971141784,2976.8274061854995,4196.217902720012,0.047447678620666754,0.09944767862066675,R4,5997.797256430857
255,2024-07-28,2024-07-28,5680.625,0.0093827387907988,106.58566604937432,2406.694185422742,0.0925879994028459,2320.073504198723,0.0942370096842448,6.93152133575159e-06,791.2604166666666,0.067625,0.067625,0.0399592190803137,0.0282554347826086,22.15625,1.2419,791.2604166666666,50.1,19.0,2024-07-28,0.0942370096842448,1028.6889973819027,3199.524911926876,3084.369015036036,4466.2440465184445,0.06673100728019254,0.11873100728019255,R4,6566.393904569233
256,2024-07-29,2024-07-29,5771.895833333333,0.0093085827083776,107.43728869120008,2487.844946825167,0.0745951805330116,2413.388817642496,0.0763804117838541,5.713906176751009e-06,794.05625,0.0681666666666666,0.0681666666666666,0.0407252514265991,0.0287971014492753,22.135416666666668,0.0,794.05625,44.39166666666667,17.591666666666665,2024-07-29,0.0763804117838541,1017.984320092091,3307.4089481710926,3208.4249386494357,4621.95800884766,0.06726551319186376,0.11926551319186375,R4,6840.737747918031
257,2024-07-30,2024-07-30,5782.0625,0.0093001255283932,107.53291829927517,2519.1207778333574,0.0683088223142973,2450.7373036958948,0.0700950622558593,5.1677695138556e-06,794.0729166666666,0.065,0.065,0.0362469084790843,0.0256304347826086,22.379166666666663,0.0,794.0729166666666,40.708333333333336,17.7,2024-07-30,0.0700950622558593,995.705158921832,3348.987891211728,3258.077034987389,4649.590618783039,0.06414070940055476,0.11614070940055475,R4,6890.21947841639
258,2024-07-31,2024-07-31,5783.625,0.0092988498005487,107.54748992204748,2538.585294024688,0.0646013530065047,2471.657731556501,0.0668182373046875,5.014935336499336e-06,794.8249999999999,0.0617916666666666,0.0617916666666666,0.0317096399664706,0.0224221014492753,22.54375,0.0,794.8249999999999,39.96666666666667,17.55,2024-07-31,0.0668182373046875,985.8481083344332,3374.8645500867847,3285.8892225572117,4653.960329144964,0.06097478976988628,0.11297478976988627,R4,6889.979339970141
259,2024-08-01,2024-08-01,5546.875,0.0094963069977371,105.31928611015204,2577.8199711569746,0.0572854950064828,2509.4778514127665,0.0610249837239583,5.044735039236527e-06,798.3729166666667,0.058625,0.058625,0.0272312970189558,0.0192554347826086,22.78333333333333,0.0,798.3729166666667,38.84166666666667,17.933333333333334,2024-08-01,0.0610249837239583,986.516616808503,3427.024200305954,3336.168321740279,4693.805625447504,0.05784998597857727,0.10984998597857727,R4,6934.884847406608
260,2024-08-02,2024-08-02,5475.791666666667,0.0095575205095251,104.64310042973857,2593.1649382602623,0.0545608481075099,2511.666413493093,0.0607261657714843,6.018325088953273e-06,800.1229166666667,0.0562916666666666,0.0562916666666666,0.0239314653734186,0.0169221014492753,23.63125,0.0,800.1229166666667,40.65833333333333,19.675,2024-08-02,0.0607261657714843,986.2328692559724,3447.424218229728,3339.077855880394,4697.668496810147,0.055547498974454726,0.10754749897445472,R4,6893.816016326034
261,2024-08-03,2024-08-03,5617.666666666667,0.009435194329192,105.99328134037276,2615.402351953611,0.0507232291300306,2527.289112153548,0.0584030151367187,6.459132611635225e-06,798.4270833333334,0.0539166666666666,0.0539166666666666,0.0205727081627825,0.0145471014492753,24.120833333333334,0.0,798.4270833333334,41.391666666666666,20.325,2024-08-03,0.0584030151367187,982.0978501158608,3476.9872426969164,3359.8470977136153,4712.969190881925,0.053203896130972914,0.1052038961309729,R4,6890.50917622442
262,2024-08-04,2024-08-04,5733.75,0.0093389536086982,107.0837362185312,2594.381496588539,0.0543502402447126,2491.589644523546,0.0637079874674479,7.64906755794691e-06,796.0583333333334,0.0507499999999999,0.0507499999999999,0.0160943652152677,0.0113804347826086,24.5025,0.0,796.0583333333334,40.266666666666666,22.725,2024-08-04,0.0637079874674479,991.6261121775328,3449.041544062694,3312.3872514578875,4641.624668390891,0.0500790923396638,0.1020790923396638,R4,6730.072820491067
263,2024-08-05,2024-08-05,5088.020833333333,0.0099195380388631,100.8541966585212,2381.3966767797133,0.0999654193551354,2249.348703668471,0.111401875813802,1.0903731878545482e-05,798.2645833333332,0.0514166666666666,0.0514166666666666,0.0170371742568497,0.0120471014492753,23.73958333333333,5.8929996,798.2645833333332,76.8,17.908333333333335,2024-08-05,0.111401875813802,1019.4400702572344,3165.893713745027,2990.3455356267264,4267.076117871182,0.050736945769413115,0.10273694576941311,R4,6088.062539046393
264,2024-08-06,2024-08-06,5249.791666666667,0.0097610618964119,102.4608939308202,2432.832438379808,0.0867062873151915,2320.0094033366267,0.094336191813151,9.006894508434312e-06,798.8770833333333,0.0565416666666666,0.0565416666666666,0.0242850187640118,0.0171721014492753,23.16875,1.8993,798.8770833333333,57.23333333333333,19.90833333333333,2024-08-06,0.094336191813151,1009.68171293437,3234.2738185378294,3084.283797601102,4409.648597059058,0.055794194010610705,0.1077941940106107,R4,6373.999580295602
265,2024-08-07,2024-08-07,5449.625,0.0095808245156127,104.39132222954848,2485.572775171217,0.0751815864991562,2365.186273203752,0.0853004455566406,9.431384374670728e-06,797.0041666666666,0.0586666666666666,0.0586666666666666,0.0272902225840547,0.0192971014492753,23.320833333333336,1.6044999,797.0041666666666,58.31666666666666,20.15,2024-08-07,0.0853004455566406,1014.0059050435266,3304.3882611826834,3144.3431609627814,4526.247871133846,0.05789110181793654,0.10989110181793653,R4,6536.490147380989
266,2024-08-08,2024-08-08,5230.5,0.0097810369298861,102.26539935559298,2374.950394905773,0.1011213396788358,2260.688465519648,0.1079991658528645,9.37149735181044e-06,796.2937499999999,0.064375,0.064375,0.0353630250026011,0.0250054347826086,20.929166666666667,2.5224,796.2937499999999,75.64999999999999,15.825,2024-08-08,0.1079991658528645,1014.0464842924208,3157.3238507479336,3005.4209244143494,4377.77455087779,0.06352397181016481,0.11552397181016481,R4,6344.727578885557
267,2024-08-09,2024-08-09,5361.979166666667,0.0096578393772701,103.55197171982984,2439.328473437912,0.0852897076315675,2325.969494508338,0.0931205749511718,9.024513582959105e-06,796.3395833333334,0.0736666666666666,0.0736666666666666,0.0485034260196511,0.0342971014492753,20.454166666666666,0.0,796.3395833333334,65.02499999999999,16.833333333333332,2024-08-09,0.0931205749511718,1014.6379407668314,3242.909824775366,3092.207305413913,4582.102166580194,0.07269280398729533,0.12469280398729533,R4,6683.70469199339
268,2024-08-10,2024-08-10,5184.854166666667,0.0098225330345053,101.82338313596982,2398.2824220136363,0.0948760641956029,2277.5953148564863,0.1035931905110677,9.814879485376829e-06,797.8895833333332,0.072875,0.072875,0.0473838402827724,0.0335054347826086,19.50625,5.9433,797.8895833333332,79.01666666666667,15.491666666666667,2024-08-10,0.1035931905110677,1017.1137358503524,3188.3420841527104,3027.897351192231,4497.9580931765295,0.07191160303946811,0.12391160303946812,R4,6532.114585040323
271,2024-08-13,2024-08-13,4874.0625,0.0101293906457176,98.72928034422635,2316.86627711357,0.1195648558777871,2193.6119192117985,0.1273091634114583,1.0386835332153515e-05,795.6916666666666,0.1422083333333333,0.1422083333333333,0.145435980607307,0.102838768115942,19.53125,0.96629995,795.6916666666666,81.11666666666666,15.216666666666669,2024-08-13,0.1273091634114583,1001.9184197459488,3080.1052398462725,2916.247533703604,4863.484110619572,0.14032835973339317,0.19232835973339318,R4,7185.413608998897
272,2024-08-16,2024-08-16,5050.875,0.0099505863060317,100.50383119427592,2366.6957017764976,0.1090082575425197,2273.1028996514824,0.1100730895996093,7.613169335333204e-06,795.8520833333333,0.1546249999999999,0.1546249999999999,0.1629957990067729,0.1152554347826086,19.7125,0.0,795.8520833333333,57.2,17.641666666666666,2024-08-16,0.1100730895996093,1005.0323653527296,3146.3498364891216,3021.9250118521563,5048.503531704853,0.15258087986247343,0.20458087986247342,R4,7582.37143807918
273,2024-08-17,2024-08-17,5145.666666666667,0.0098583445569341,101.44311211462276,2338.443498509485,0.1099118491916106,2249.205088208628,0.109954833984375,7.35061943448954e-06,797.1333333333333,0.128625,0.128625,0.1262262463850725,0.0892554347826087,20.110416666666666,0.0,797.1333333333333,54.833333333333336,17.05,2024-08-17,0.109954833984375,992.086137734414,3108.790586661229,2990.154609316151,4817.446000769114,0.12692459610225162,0.17892459610225164,R4,7213.335747001631
274,2024-08-18,2024-08-18,4990.979166666667,0.0100102399216073,99.905735909775,2352.663264845208,0.1061554324635326,2231.3477369029056,0.114325205485026,1.0066898366440396e-05,799.0291666666667,0.1120416666666666,0.1120416666666666,0.1027738714757186,0.0726721014492753,20.204166666666666,1.9332999,799.0291666666667,72.25,16.925,2024-08-18,0.114325205485026,995.2514105627,3127.694731985756,2966.414559288294,4727.738915231069,0.11056049203723822,0.1625604920372382,R4,6951.672914323441
275,2024-08-19,2024-08-19,5140.666666666667,0.0098638417833991,101.39137537504683,2401.7996590410407,0.0938648379568948,2283.092498343696,0.1021931966145833,9.62832244223921e-06,799.28125,0.0989166666666666,0.0989166666666666,0.0842123184695717,0.0595471014492753,20.12708333333333,0.5859,799.28125,69.95833333333333,16.8,2024-08-19,0.1021931966145833,992.2728707536083,3193.0179950177026,3035.2054568997587,4724.41563223992,0.09760900263904929,0.1496090026390493,R4,6937.388430757091
276,2024-08-20,2024-08-20,5294.0625,0.0097199255841358,102.8928829678703,2432.934104690522,0.086725357739449,2320.0056909431446,0.094250996907552,9.006465904684012e-06,799.2291666666666,0.08675,0.08675,0.0670060534606991,0.0473804347826086,19.575,0.4396,799.2291666666666,65.28333333333333,16.708333333333332,2024-08-20,0.094250996907552,987.636325743586,3234.408976505054,3084.278862243921,4684.672951786052,0.085603177546125,0.137603177546125,R4,6871.550291940094
277,2024-08-21,2024-08-21,5269.604166666667,0.0097480267328609,102.63550427904848,2401.837838341733,0.0955592972477654,2280.025023876321,0.1049652099609375,9.93638941979028e-06,798.4333333333334,0.0800833333333333,0.0800833333333333,0.0575779630448785,0.040713768115942,19.402083333333334,2.6973,798.4333333333334,69.85000000000001,17.258333333333333,2024-08-21,0.1049652099609375,1019.3507740513312,3193.0687516216885,3031.1274726529386,4567.953395554481,0.07902464324863218,0.13102464324863217,R4,6652.85241787039
278,2024-08-22,2024-08-22,5019.5625,0.0099846401961104,100.1814744055704,2280.258760521196,0.1279514337546657,2154.0189005644856,0.1365852355957031,1.0857801461070268e-05,797.7312499999999,0.1104166666666666,0.1104166666666666,0.1004757744368623,0.0710471014492753,18.727083333333333,10.717299,797.7312499999999,86.125,14.883333333333333,2024-08-22,0.1365852355957031,1006.6337728912008,3031.4382085256716,2863.611494497729,4570.522030093442,0.10895697430222435,0.16095697430222433,R4,6688.167407854347
279,2024-08-23,2024-08-23,4989.520833333333,0.0100112842504452,99.8925315367932,2266.6375833961188,0.1308388706617502,2140.060289542822,0.1393890380859375,1.0950751072738502e-05,796.0875,0.1372083333333333,0.1372083333333333,0.1383649127954415,0.097838768115942,18.09375,2.4455,796.0875,88.46666666666665,14.625,2024-08-23,0.1393890380859375,1018.7868365407004,3013.3298440290837,2845.054536172812,4725.995342654651,0.13539445901027355,0.18739445901027357,R4,6957.140392249993
280,2024-08-24,2024-08-24,5014.708333333333,0.0099871523143122,100.140835358304,2270.979398850829,0.1295719626713533,2153.422022010848,0.135687510172526,1.0122732643040532e-05,796.775,0.1336666666666666,0.1336666666666666,0.1333562397620368,0.0942971014492753,18.402083333333334,3.3114998,796.775,81.18333333333334,15.183333333333332,2024-08-24,0.135687510172526,1016.1351572746668,3019.1019719523056,2862.8179878638884,4711.927070271478,0.1318996126647305,0.18389961266473048,R4,6961.417923078505
281,2024-08-25,2024-08-25,5043.354166666667,0.0099595301511224,100.4238881786914,2302.86013884234,0.120050587183234,2192.66246691691,0.124518076578776,9.310957122131502e-06,797.8708333333334,0.1291666666666666,0.1291666666666666,0.1269922787313579,0.0897971014492753,17.970833333333335,1.1601,797.8708333333334,76.45,14.425,2024-08-25,0.124518076578776,1019.8065974969757,3061.485097499096,2914.9853059188767,4747.818218061003,0.12745910201392285,0.17945910201392284,R4,7036.873746832039
282,2024-08-26,2024-08-26,4995.854166666667,0.0100059569942247,99.95249710576728,2290.4363578445623,0.1236996929025555,2192.243803645388,0.1247062683105468,8.305593253135427e-06,799.2833333333333,0.1318333333333333,0.1318333333333333,0.1307635148976861,0.092463768115942,18.058333333333334,3.6413,799.2833333333333,67.69166666666666,15.483333333333334,2024-08-26,0.1247062683105468,1016.2210953099742,3044.9685840826933,2914.4287235433276,4740.100392135646,0.13009051573292,0.18209051573292,R4,7065.846142801393
283,2024-08-27,2024-08-27,5133.458333333333,0.0098708279984535,101.32005396710672,2360.217261137592,0.10428841732847,2267.111036456567,0.105932871500651,7.612538794604013e-06,799.475,0.118875,0.118875,0.1124376641519348,0.0795054347826086,18.904166666666665,0.0,799.475,65.05833333333334,15.133333333333333,2024-08-27,0.105932871500651,1001.4493292386692,3137.7372207524954,3013.959265444861,4793.0654382959765,0.1173034896921684,0.1693034896921684,R4,7150.269877681388
284,2024-08-28,2024-08-28,5373.729166666667,0.0096491159812917,103.6586615622868,2379.8416306051163,0.0995527377539333,2294.457504774421,0.1000099182128906,6.897887950501215e-06,796.7791666666667,0.108,0.108,0.0970580916611274,0.0686304347826086,23.9,0.0,796.7791666666667,59.333333333333336,15.208333333333334,2024-08-28,0.1000099182128906,994.8081780521755,3163.8263929342006,3050.31440652018,4751.787318716031,0.10657225561938329,0.15857225561938326,R4,7095.358620746726
285,2024-08-29,2024-08-29,5582.208333333333,0.0094651724245097,105.65802658450968,2489.3342309359527,0.0743316282156168,2403.8552764283027,0.0781466166178385,6.590685136320293e-06,795.4895833333334,,,,,,0.0,795.4895833333334,55.4,15.433333333333332,2024-08-29,0.0781466166178385,999.4188627404416,3309.3888431001023,3195.750788855728,,,,R4,
286,2024-08-30,2024-08-30,5527.4375,0.0095124080681353,105.1367168437928,2504.5258939024,0.0713489240349631,2428.220009119741,0.0739593505859375,5.81787320304242e-06,799.0,,,,,,0.0,799.0,55.55833333333334,14.1,2024-08-30,0.0739593505859375,981.333636132195,3329.5850543217653,3228.141929238611,,,,R4,
287,2024-08-31,2024-08-31,5594.0625,0.0094550801591104,105.7703733951878,2542.313650765833,0.0637396931251276,2470.803699556561,0.0668106079101562,5.359292870173271e-06,799.3874999999999,,,,,,0.0,799.3874999999999,50.775,14.466666666666669,2024-08-31,0.0668106079101562,969.1986884137768,3379.8211292592014,3284.7538491159403,,,,R4,
288,2024-09-01,2024-09-01,5688.479166666667,0.0093767430516311,106.65746647995353,2570.0373581120007,0.0587659924162982,2492.7119293341525,0.063580830891927,5.745374097003341e-06,798.7854166666666,,,,,,0.0,798.7854166666666,47.208333333333336,16.208333333333332,2024-09-01,0.063580830891927,976.2026372218256,3416.677782190971,3313.8792475043983,,,,R4,
289,2024-09-02,2024-09-02,5787.5625,0.0092960363822918,107.5827306259,2603.960187722258,0.0527191628795503,2521.4320719638567,0.0593109130859375,6.0641359764080015e-06,798.8333333333334,,,,,,0.0,798.8333333333334,51.55,15.508333333333333,2024-09-02,0.0593109130859375,970.1398784488524,3461.775717391244,3352.06058868784,,,,R4,
290,2024-09-03,2024-09-03,5802.1875,0.0092842807129904,107.71871763988617,2615.772499228396,0.0507732529415475,2526.4004937708555,0.0586395263671875,6.552641285589201e-06,797.7166666666667,,,,,,0.0,797.7166666666667,55.43333333333334,15.791666666666666,2024-09-03,0.0586395263671875,965.2099451314087,3477.479326582742,3358.6657441914926,,,,R4,
291,2024-09-04,2024-09-04,5828.291666666667,0.009263578453384,107.96031039484582,2652.943414540933,0.044684042034759,2555.876597488861,0.054486592610677,7.028626482669815e-06,798.2770833333334,,,,,,0.0,798.2770833333334,60.68333333333334,14.2,2024-09-04,0.054486592610677,982.9247155501486,3526.8953555331327,3397.8520806706056,,,,R4,
292,2024-09-05,2024-09-05,5378.666666666667,0.0096453493259788,103.70387451211944,2595.761143430236,0.0547239771752809,2485.437343194029,0.0651486714680989,8.219758366941634e-06,801.1625,,,,,,4.9575,801.1625,76.30833333333334,13.075,2024-09-05,0.0651486714680989,996.9313247516706,3450.8756842149446,3304.2082142172194,,,,R4,
293,2024-09-06,2024-09-06,5410.5,0.0096147089892779,104.01844702085158,2630.5034850119814,0.0483815686861564,2535.2684000793624,0.057440439860026,6.957183845934964e-06,801.8291666666668,,,,,,1.0573,801.8291666666668,67.625,13.283333333333331,2024-09-06,0.057440439860026,978.9577989421504,3497.063100988855,3370.454980781067,,,,R4,
294,2024-09-07,2024-09-07,5552.75,0.0094907943184206,105.37681746453728,2656.144813816059,0.0441733449754361,2563.811576224231,0.0534642537434895,6.668988046355596e-06,798.8354166666667,,,,,,0.3807,798.8354166666667,59.79166666666666,14.516666666666666,2024-09-07,0.0534642537434895,978.225524289724,3531.151383073246,3408.4010578913926,,,,R4,
295,2024-09-08,2024-09-08,5719.458333333333,0.0093512732398438,106.94768185222462,2687.651590550709,0.0394078429982065,2597.236397103118,0.0492426554361979,6.448761167425997e-06,796.5208333333334,,,,,,0.0,796.5208333333334,59.38333333333333,14.408333333333331,2024-09-08,0.0492426554361979,978.7268242445016,3573.0373516635277,3452.8369266970126,,,,R4,
296,2024-09-09,2024-09-09,5747.958333333333,0.0093275795031464,107.21565356365416,2752.606275870198,0.029887355541248,2661.704889960664,0.0413932800292968,6.32399926188171e-06,796.7645833333332,,,,,,0.0,796.7645833333332,58.28333333333333,13.675,2024-09-09,0.0413932800292968,1004.1053978706226,3659.3898824856233,3538.543099995414,,,,R4,
297,2024-09-10,2024-09-10,5568.895833333333,0.0094767396525655,105.53098592056216,2655.4997331323643,0.0442618042395014,2549.0953856865294,0.0554072062174479,7.727854846431047e-06,795.8770833333333,,,,,,0.1416,795.8770833333333,74.25833333333334,12.55,2024-09-10,0.0554072062174479,1022.8963939228714,3530.293795212609,3388.836952688817,,,,R4,
298,2024-09-11,2024-09-11,5647.770833333333,0.0094104514460405,106.27523960302304,2568.3222920031862,0.0590677727549171,2477.5510285704977,0.0658785502115885,6.78429502130354e-06,792.225,,,,,,0.39409998,792.225,60.86666666666667,13.625,2024-09-11,0.0658785502115885,1039.9862006921944,3414.397726513773,3293.723932394413,,,,R4,
299,2024-09-12,2024-09-12,5983.958333333333,0.0091424832511131,109.39178710075308,2548.963136675676,0.0629200197521163,2478.153988148402,0.0660781860351562,5.29695759653844e-06,785.8958333333334,,,,,,0.93109995,785.8958333333334,43.175,16.525000000000002,2024-09-12,0.0660781860351562,1019.13878589054,3388.661137245639,3294.525523307822,,,,R4,
300,2024-09-13,2024-09-13,5971.375,0.0091526407690526,109.27462035087224,2653.072002472228,0.0446407300255468,2588.1007880333486,0.0502866109212239,4.6504925145853255e-06,789.4604166666667,,,,,,0.0,789.4604166666667,43.59166666666667,14.191666666666668,2024-09-13,0.0502866109212239,1030.2881507916402,3527.06630383726,3440.6917987528827,,,,R4,
301,2024-09-14,2024-09-14,5784.833333333333,0.0092982246596779,107.55739755377148,2636.433118914472,0.0473030510017288,2571.992731510112,0.0523656209309895,4.641816329857743e-06,793.6999999999999,,,,,,0.0,793.6999999999999,49.725,12.2,2024-09-14,0.0523656209309895,1010.4020297372762,3504.946118076999,3419.2773089348634,,,,R4,
302,2024-09-15,2024-09-15,5786.4375,0.0092976474598146,107.56976472769158,2638.2676880732274,0.0474129317092032,2565.064501030262,0.0536168416341145,5.287983417669007e-06,793.56875,0.0463478260869565,0.0463478260869565,0.0098687511635166,0.0069782608695652,16.917391304347827,0.0,793.56875,55.10833333333333,10.975,2024-09-15,0.0536168416341145,1009.5415762582612,3507.38504436919,3410.0667303120717,4672.001662607352,0.045735114529091195,0.09773511452909119,R4,6835.172649679749
303,2024-09-16,2024-09-16,5773.708333333333,0.0093064831600447,107.4565954477847,2627.920828719656,0.0486102223409754,2535.7471563641425,0.0571912129720052,6.731794403818477e-06,791.9958333333334,0.0449166666666666,0.0449166666666666,0.0078447861014246,0.0055471014492753,16.154166666666665,0.5458,791.9958333333334,64.125,12.425,2024-09-16,0.0571912129720052,1001.2154748501422,3493.6296472512386,3371.091452447959,4637.8778160739,0.04432287482935764,0.09632287482935764,R4,6725.8951395874765
304,2024-09-17,2024-09-17,5701.375,0.0093666480386801,106.77639729301984,2596.2704497377736,0.0543619383381374,2492.87585037212,0.0637486775716145,7.68017869213322e-06,789.2291666666666,0.0442916666666666,0.0442916666666666,0.0069609026249414,0.0049221014492753,16.170833333333334,1.0451,789.2291666666666,75.20833333333333,11.816666666666668,2024-09-17,0.0637486775716145,1010.5744183071404,3451.5527699155864,3314.0971686045295,4575.169697356118,0.04370613723896769,0.09570613723896769,R4,6599.611637673298
305,2024-09-18,2024-09-18,5732.4375,0.0093403191937748,107.07033518442542,2592.213359144922,0.0547670513283253,2530.3636032765858,0.0580520629882812,4.530348078744925e-06,789.0458333333332,0.0436666666666666,0.0436666666666666,0.0060770191484582,0.0042971014492753,15.50625,3.2386,789.0458333333332,54.06666666666666,10.65,2024-09-18,0.0580520629882812,1018.0028798503686,3446.159162991866,3363.9344100939084,4561.160934800251,0.04308939964857774,0.09508939964857774,R4,6684.061662921562
306,2024-09-19,2024-09-19,5759.6875,0.0093183481136486,107.32395595249676,2639.0360128960115,0.0469098403692319,2577.42341126521,0.0516611735026041,4.426048325575694e-06,791.9541666666668,0.0442083333333333,0.0442083333333333,0.0068430514947437,0.004838768115942,15.854166666666666,0.0,791.9541666666668,51.875,10.7,2024-09-19,0.0516611735026041,1007.7684057082683,3508.4064763508018,3426.4970027665,4649.601614649764,0.04362390556024907,0.09562390556024906,R4,6823.050001019661
307,2024-09-20,2024-09-20,5809.479166666667,0.0092785425516641,107.7860269691636,2651.0814996542417,0.0449228660315473,2579.955569212422,0.051300048828125,5.107098532769855e-06,791.21875,0.04525,0.04525,0.0083161906222157,0.0058804347826086,16.852083333333333,0.0,791.21875,53.14166666666667,12.583333333333334,2024-09-20,0.051300048828125,996.6279921535164,3524.42007508415,3429.863322626377,4682.475014782518,0.044651801544232345,0.09665180154423235,R4,6851.152993727016
308,2024-09-21,2024-09-21,5817.729166666667,0.009278333798191,107.8389382388717,2639.9059725462303,0.0478250852222539,2569.1467748113123,0.0541051228841145,5.153383086707524e-06,790.4395833333333,0.044375,0.044375,0.0070787537551392,0.0050054347826086,15.564583333333331,0.0,790.4395833333333,60.25,9.491666666666667,2024-09-21,0.0541051228841145,1017.11836554605,3509.5630244449076,3415.493816453256,4652.994447722328,0.043788368917686414,0.09578836891768641,R4,6804.145983816378
309,2024-09-22,2024-09-22,4735.208333333333,0.0102773155913437,97.31125575308808,2218.957119636372,0.1469018305348596,2138.1894775199617,0.1403147379557291,6.9949284922959145e-06,794.0333333333333,0.2099583333333333,0.2099583333333333,0.2412489494580842,0.170588768115942,13.310416666666669,20.9186,794.0333333333333,87.10000000000001,8.058333333333334,2024-09-22,0.1403147379557291,1001.4097085316718,2949.942134641013,2842.5674276282657,5031.049256109741,0.2071827145316637,0.2591827145316637,R4,7627.290664453949
310,2024-09-23,2024-09-23,4879.770833333333,0.0101242302922026,98.78453732148908,2272.9278148869416,0.1290555437022071,2198.1902613360394,0.1230176289876302,6.297484564785747e-06,794.375,0.1805416666666666,0.1805416666666666,0.1996475004982757,0.1411721014492754,13.64375,0.0,794.375,75.63333333333334,9.475,2024-09-23,0.1230176289876302,1015.7230906808572,3021.692249389339,2922.3341066344556,4998.74556076702,0.1781549319439767,0.23015493194397668,R4,7585.199372842451
311,2024-09-24,2024-09-24,4970.8125,0.0100306463748101,99.70327981578612,2276.0523348180272,0.1279916658404663,2201.9418643896183,0.1219228108723958,6.232592494037968e-06,794.8041666666667,0.1564583333333333,0.1564583333333333,0.1655885238711236,0.117088768115942,14.727083333333333,0.0,794.8041666666667,67.05833333333334,11.308333333333332,2024-09-24,0.1219228108723958,1002.4954686900104,3025.8460714319867,2927.3215900888517,4866.26639049854,0.154389976794284,0.206389976794284,R4,7363.956866623277
312,2024-09-25,2024-09-25,5047.625,0.0099548571143005,100.4678719474346,2325.288033981986,0.1138747153211983,2245.4866969481595,0.1111056009928385,6.579156611103409e-06,795.6875,0.1380833333333333,0.1380833333333333,0.139602349662518,0.098713768115942,15.20625,0.0,795.6875,66.15833333333333,12.608333333333334,2024-09-25,0.1111056009928385,1004.3175834468996,3091.3013531978963,2985.2112785256336,4854.0823876116665,0.1362578916368195,0.1882578916368195,R4,7309.611309359558
313,2024-09-26,2024-09-26,5141.479166666667,0.0098624792215054,101.401405182003,2377.782387620128,0.0996584775965856,2296.538718374032,0.099151611328125,6.553470423528341e-06,794.7333333333332,0.1237499999999999,0.1237499999999999,0.1193319552685036,0.0843804347826086,15.614583333333334,0.0,794.7333333333332,61.55,13.716666666666669,2024-09-26,0.099151611328125,1014.3813771174576,3161.0887791276405,3053.0812286612436,4863.947007188656,0.12211404289720992,0.17411404289720994,R4,7304.308713331862
314,2024-09-27,2024-09-27,5164.125,0.00984038922211,101.62600106579664,2386.4450275649792,0.0974484490172594,2309.1110522006943,0.09637451171875,6.201094349510376e-06,796.3958333333334,0.111375,0.111375,0.1018310624341366,0.0720054347826086,15.685416666666669,0.0,796.3958333333334,59.85833333333333,13.133333333333333,2024-09-27,0.09637451171875,1007.361661942237,3172.60512901309,3069.7952322613314,4790.6026822580225,0.10990263860748901,0.161902638607489,R4,7185.118404762564
315,2024-09-28,2024-09-28,5157.875,0.0098470564506362,101.5620373507754,2412.076417415112,0.0914742204582202,2332.314456229955,0.0917434692382812,6.3320841081819895e-06,797.6833333333334,0.1002083333333333,0.1002083333333333,0.086039010987637,0.060838768115942,16.104166666666668,0.0,797.6833333333334,58.75833333333333,13.925,2024-09-28,0.0917434692382812,1027.268343958811,3206.680197980942,3100.642470636191,4754.964144224609,0.09888359365918856,0.15088359365918858,R4,7104.529404550497
316,2024-09-29,2024-09-29,5229.8125,0.0097790086167329,102.26815349894795,2417.7715447332444,0.0899421223994651,2337.606706816184,0.0905392964680989,6.352980243906801e-06,796.8979166666667,0.09,0.09,0.0716022475384117,0.0506304347826086,16.358333333333334,0.0,796.8979166666667,58.16666666666666,14.466666666666669,2024-09-29,0.0905392964680989,1013.3024279604202,3214.2514556177985,3107.6781329539717,4682.78850872868,0.08881021301615273,0.1408102130161527,R4,6972.60458393936
317,2024-09-30,2024-09-30,5428.0,0.0095976538523442,104.19213022104884,2476.9519820146475,0.0765851028864148,2400.8527132042127,0.078338623046875,5.869771648053131e-06,794.0,0.084,0.084,0.0631169661641731,0.0446304347826086,19.5,0.0,794.0,35.2,19.4,2024-09-30,0.078338623046875,1006.073726304698,3292.9275435592817,3191.7590993867047,4745.451699661138,0.08288953214840923,0.1348895321484092,R4,7067.80172637135
318,2023-06-30,,,,,,,,,,,,,,,,,,,,,,969.9979217874322,,,,,,R4,
319,2023-10-29,,,,,,,,,,,,,,,,,,,,,,979.2348781103968,,,,,,R4,
320,2023-10-30,,,,,,,,,,,,,,,,,,,,,,948.1855119722806,,,,,,R4,
321,2024-03-29,,,,,,,,,,,,,,,,,,,,,,926.7643900823928,,,,,,R4,
322,2024-03-30,,,,,,,,,,,,,,,,,,,,,,923.0406162766668,,,,,,R4,
323,2024-03-31,,,,,,,,,,,,,,,,,,,,,,923.2283215624956,,,,,,R4,
324,2024-04-07,,,,,,,,,,,,,,,,,,,,,,929.233770790921,,,,,,R4,
