,date,Unnamed: 0,Date (aggregated based on UTC),Raw_Moderated_cph,Raw_Mod_Coeff_of_Var,Raw_Mod_sqrt,Corrected_Mod_cph_for_Des,SWC_Des_cm3_cm3,Corrected_Mod_cph_for_UTS,SWC_UTS_cm3_cm3,Rhov_g_cm3,BaroPress_mb,SWC_5,SWC_10,WeightedTDR_SWC,WeightedTDR_SD,WeightedTDR_SE,sT_5,sT_10,PRISM_ppt_mm,BaroPress,airRH,airT,date.1,CRNS,Bare,scaled_stationary_N_Des,scaled_stationary_N_UTS,N0,TDR_pore_swc_g,TDR_tot_swc_g,NewName,ND,doy_x,doy_y,min_temp_x,mean_temp,mean_P_mb,mean_RH,cumulative_GSI,GSI,VPD,year,min_temp_y,max_temp,GDD,cumulative_GDD,Bare_norm,Bare_norm7,VPD_kPa,N0_7,ND_7,VPD_7
0,2023-06-29,287.0,,,,,,,,,,,,,,,,,,,,,,,,1002.7567035945028,,,,,,C3,,180.0,,,,,,,,,2023.0,8.0,20.0,9.0,9.0,,,,,,
1,2023-06-30,288.0,,,,,,,,,,,,,,,,,,,,,,,,1006.4688037276748,,,,,,C3,,181.0,181.0,2.0,11.227272727272728,787.3909090909091,63.29545454545455,0.5714285714285714,0.5714285714285714,489.1532987221645,2023.0,2.0,21.0,8.0,17.0,,,0.4891532987221645,,,
2,2023-07-01,0.0,2023-07-01,4789.521739130435,0.0102190596434199,97.86719090387658,2084.577060584663,0.1440527383118467,2009.7968274498644,0.1305780825407608,6.886045540576778e-06,793.8543478260871,0.0668478260869565,0.0472826086956521,0.0577335199523504,0.0,0.0,12.45,12.121739130434785,,793.8543478260871,73.59782608695652,11.956521739130435,2023-07-01,0.1305780825407608,1002.4202481571858,2717.913104515452,2644.486160765194,3859.6245705464767,0.0660330824034583,0.1365330824034583,C3,5878.743965851469,182.0,182.0,2.0,12.627906976744184,790.0255813953488,69.53488372093024,1.1428571428571428,0.5714285714285714,445.3093154846029,2023.0,2.0,25.0,10.0,27.0,0.9620991702445758,,0.4453093154846029,,,
3,2023-07-02,1.0,2023-07-02,4870.354166666667,0.0101333328510278,98.69141658306346,2107.553925525898,0.1351807510870559,2027.420434530282,0.1246935526529948,7.318919329788986e-06,793.1020833333333,0.0660833333333333,0.0472916666666666,0.057329379857938,0.0004953547123428,0.0002864386062118,13.2875,12.714583333333332,0.0063,793.1020833333333,68.33749999999999,13.660416666666668,2023-07-02,0.1246935526529948,1013.2606856475204,2747.870798814818,2667.67526345975,3899.1053583291423,0.0655708445877335,0.1360708445877335,C3,5914.85248537912,183.0,183.0,4.0,13.166666666666666,789.5625,67.79166666666667,2.0,0.8571428571428571,487.6916149032717,2023.0,4.0,26.0,10.5,37.5,0.9654547682258742,,0.48769161490327173,,,
4,2023-07-03,2.0,2023-07-03,4915.979166666667,0.0100863216518305,99.15219976816309,2123.430621624537,0.1295845839239336,2045.822176673056,0.1189613342285156,7.022106843557285e-06,792.2833333333333,0.0654583333333333,0.0472291666666666,0.0569664161593079,0.0009402394961384,0.0005436930023446,13.620833333333332,12.891666666666666,1.37,792.2833333333333,64.72916666666667,14.5,2023-07-03,0.1189613342285156,1015.6575297363152,2768.571151514083,2691.8882345252296,3925.703581927632,0.065155702537831,0.135655702537831,C3,5971.265953520745,184.0,184.0,3.0,13.979166666666666,788.7916666666666,64.22916666666667,2.7142857142857144,0.7142857142857143,571.0616411696902,2023.0,0.0,28.0,11.5,49.0,0.9683901950277924,,0.5710616411696903,,,
5,2023-07-04,3.0,2023-07-04,4926.458333333333,0.0100752934068598,99.25880202390393,2115.9020829238248,0.132288596262623,2022.9009037048647,0.1260706583658854,8.50803275708163e-06,790.6708333333332,0.0648333333333333,0.0469166666666666,0.0564869918822912,0.0015278700680991,0.0008834900766549,14.189583333333331,13.464583333333332,0.0,790.6708333333332,64.825,15.710416666666667,2023-07-04,0.1260706583658854,1022.9129446826544,2758.7552927581687,2661.728474929821,3908.1265286815897,0.0646073579571335,0.1351073579571335,C3,5896.802229364027,185.0,185.0,0.0,14.83673469387755,771.0755102040815,63.0,3.0,0.2857142857142857,624.3762968321962,2023.0,8.0,25.0,11.5,60.5,0.9749367838114686,,0.6243762968321962,,,
6,2023-07-05,4.0,2023-07-05,4942.395833333333,0.0100597562547414,99.41685423980157,2118.045012532976,0.1314726427829338,2032.053811678748,0.1233164469401041,7.844083250827833e-06,790.7916666666666,0.0639375,0.046875,0.0559890655251122,0.0021381786488078,0.0012364006977946,13.958333333333334,13.341666666666669,0.8857,790.7916666666666,66.66875,15.116666666666667,2023-07-05,0.1233164469401041,1018.9505867748244,2761.549287078117,2673.7718507263703,3908.272800459737,0.064037851504009,0.1345378515040091,C3,5916.208516378626,186.0,186.0,5.0,14.5625,787.2770833333334,66.14583333333333,4.0,1.0,561.2687579382721,2023.0,5.0,27.0,11.0,71.5,0.9767544773909319,,0.561268757938272,,,
7,2023-07-06,5.0,2023-07-06,5065.375,0.0099377979406761,100.64296744112715,2142.154141819823,0.1232670536868177,2067.130260435124,0.1127955118815104,6.727042725649322e-06,790.5333333333333,0.0632708333333333,0.0464166666666666,0.0554194493404344,0.002836357486315,0.0016401222494809,14.289583333333333,13.51875,0.0,790.5333333333333,61.10625,15.472916666666668,2023-07-06,0.1127955118815104,1021.5302421612716,2792.983250190423,2719.9253633790518,3948.3391102703126,0.0633863493525342,0.1338863493525342,C3,6008.69097201707,187.0,187.0,4.0,14.775510204081632,787.0489795918368,61.285714285714285,4.857142857142857,0.8571428571428571,650.7309348382795,2023.0,4.0,28.0,11.5,83.0,0.9786305717957456,,0.6507309348382795,,,
8,2023-07-07,6.0,2023-07-07,5166.854166666667,0.0098394253608074,101.64719975541888,2143.8222486949967,0.1227620155247702,2077.612089522532,0.1099077860514323,5.906645301975615e-06,788.8458333333333,0.0620833333333333,0.0458333333333333,0.0545133957382021,0.0039469078318668,0.0022822974124131,14.30625,13.658333333333331,0.0,788.8458333333333,55.14791666666667,15.295833333333334,2023-07-07,0.1099077860514323,1017.5899819994796,2795.158161169485,2733.7173305981105,3944.3541058597434,0.0623500447546587,0.1328500447546587,C3,6025.360501711242,188.0,188.0,3.0,14.8125,785.3541666666666,54.66666666666666,5.571428571428571,0.7142857142857143,763.8072702520142,2023.0,3.0,28.0,11.5,94.5,0.9769301002275315,,0.7638072702520142,,,
9,2023-07-08,7.0,2023-07-08,5196.083333333333,0.0098119331677999,101.93354989132813,2149.128415256565,0.1208675741999004,2083.3491720640304,0.108252207438151,5.857601798755e-06,788.2041666666668,0.0608125,0.0453333333333333,0.0536016491882276,0.0050644360262641,0.0029285075128312,14.45625,13.76875,0.0,788.2041666666668,54.06458333333333,15.533333333333331,2023-07-08,0.108252207438151,1024.7083996763756,2802.076446852041,2741.2661709470176,3946.966854658978,0.0613072288114212,0.1318072288114212,C3,6027.509424502116,189.0,189.0,4.0,15.020833333333334,784.7166666666667,53.583333333333336,6.428571428571428,0.8571428571428571,792.6271982632609,2023.0,4.0,28.0,11.5,106.0,0.9787694888757241,,0.7926271982632609,,,
10,2023-07-09,8.0,2023-07-09,5220.4375,0.0097878995072817,102.17603993484047,2192.889356557228,0.1070614170871777,2131.167705079439,0.0954780578613281,5.363590132946365e-06,790.3791666666666,0.0592708333333333,0.044625,0.0524481844495163,0.0064782383233924,0.0037460379599188,14.060416666666669,13.602083333333333,0.0,790.3791666666666,52.45625,14.229166666666666,2023-07-09,0.0954780578613281,1025.111222354857,2859.13283400889,2804.1856895074066,4018.064184140616,0.059987946145066,0.130487946145066,C3,6146.549265940244,190.0,190.0,2.0,13.729166666666666,786.8416666666667,51.875,6.999999999999999,0.5714285714285714,755.9110638164647,2023.0,2.0,29.0,12.0,118.0,0.9799134674019643,,0.7559110638164647,,,
11,2023-07-10,9.0,2023-07-10,5163.708333333333,0.0098408827676562,101.62156529971348,2189.777451574563,0.1078229371209989,2115.1536231486966,0.0994160970052083,6.536153667212255e-06,791.4250000000001,0.058125,0.0442708333333333,0.0516711429477407,0.0074306584740092,0.0042967744194157,14.760416666666666,13.975,0.0,791.4250000000001,52.18541666666667,16.193749999999998,2023-07-10,0.0994160970052083,1026.9845275561026,2855.0754702911777,2783.114396397176,4006.0987163474215,0.0590991999615663,0.1295991999615663,C3,6087.693720017694,191.0,191.0,7.0,15.75,787.8895833333332,51.645833333333336,7.999999999999999,1.0,865.2755821586305,2023.0,7.0,28.0,12.5,130.5,0.9829146452358473,,0.8652755821586305,,,
12,2023-07-11,10.0,2023-07-11,5124.5,0.0098790759211263,101.23290146017092,2197.5733630087416,0.1057946633712015,2118.30848029264,0.0988413492838541,6.932641359887898e-06,792.4729166666666,0.0569583333333333,0.0436041666666666,0.0507373974378473,0.0085751508043908,0.0049585765175207,15.204166666666666,14.310416666666669,0.0,792.4729166666666,55.80416666666667,16.852083333333333,2023-07-11,0.0988413492838541,1030.5503847750988,2865.239934944095,2787.265550355825,4012.7790721694887,0.0580312225673326,0.1285312225673326,C3,6081.378885121066,192.0,192.0,6.0,16.354166666666668,788.9479166666666,55.35416666666666,9.0,1.0,830.3364470807526,2023.0,6.0,29.0,12.5,143.0,0.9847809235010904,,0.8303364470807526,,,
13,2023-07-12,11.0,2023-07-12,5117.145833333333,0.0098856786818076,101.16192743943157,2205.9823787274468,0.1031282480721881,2110.2472484536934,0.1007436116536458,8.404820493752155e-06,792.2624999999999,0.0562083333333333,0.0431041666666666,0.0501038580162339,0.0093516803848261,0.0054076043457818,15.733333333333334,14.722916666666668,0.0,792.2624999999999,59.13958333333333,17.83125,2023-07-12,0.1007436116536458,1031.1377133764115,2876.2037771786127,2776.6585995707237,4022.9521445536766,0.057306607805098,0.127806607805098,C3,6048.533275173865,193.0,193.0,9.0,17.375,788.7583333333333,58.66666666666666,10.0,1.0,820.1610511069297,2023.0,9.0,28.0,13.5,156.5,0.9867061439559777,0.9761800220662833,0.8201610511069297,,,
14,2023-07-13,12.0,2023-07-13,5232.958333333333,0.009776013642908,102.29910030305582,2217.8806535279405,0.1000018227085039,2126.264073730368,0.0967903137207031,7.977898326700065e-06,791.6062499999999,0.0551666666666666,0.0423749999999999,0.0492077670725505,0.0104500194948981,0.0060427183681135,15.633333333333333,14.797916666666666,0.0,791.6062499999999,60.49166666666667,17.077083333333334,2023-07-13,0.0967903137207031,1027.7512473828067,2891.7169849236493,2797.7335023693827,4037.2567431813936,0.0562816980616063,0.1267816980616063,C3,6078.828431865993,194.0,194.0,6.0,16.583333333333332,788.0854166666667,60.020833333333336,11.0,1.0,754.4674203594315,2023.0,6.0,29.0,12.5,169.0,0.9869510799706931,0.9778910393110394,0.7544674203594315,,,0.6722984209232828
15,2023-07-14,13.0,2023-07-14,5287.4375,0.0097255535830479,102.8301186433314,2208.478270316376,0.102518720790603,2129.078178142161,0.0960222880045573,6.912001696473766e-06,792.0124999999999,0.0539166666666666,0.041875,0.0483071488077104,0.0115539077447369,0.0066810411776453,15.439583333333331,14.658333333333331,0.0,792.0124999999999,59.92083333333333,16.160416666666666,2023-07-14,0.0960222880045573,1024.1753366940936,2879.4579703601776,2801.4362946468377,4012.7122916189546,0.0552516101656088,0.1257516101656088,C3,6071.116625503826,195.0,195.0,5.0,15.729166666666666,788.475,59.395833333333336,12.0,1.0,725.6246762812666,2023.0,5.0,29.0,12.0,181.0,0.9849145096144868,0.9791031511826138,0.7256246762812666,3960.739718767512,6010.966732310508,0.6891892336060759
16,2023-07-15,14.0,2023-07-15,5166.541666666667,0.0098398003838663,101.64385246217178,2233.224513916969,0.0957214523642952,2162.607781717064,0.0880317687988281,6.043933277220036e-06,794.0729166666666,0.0526875,0.0412708333333333,0.0473691335870104,0.0127036334617527,0.0073458694788648,14.995833333333332,14.445833333333333,0.0,794.0729166666666,55.06875,14.741666666666667,2023-07-15,0.0880317687988281,1036.9216469102737,2911.722615808554,2845.554471876862,4049.8189430878674,0.0541787492623536,0.1246787492623536,C3,6150.937910900453,196.0,196.0,3.0,14.1875,790.4354166666667,54.60416666666666,12.714285714285714,0.7142857142857143,734.5773294354177,2023.0,3.0,28.0,11.5,192.5,0.9867622427496188,0.9814649661745066,0.7345773294354178,3974.3250310918966,6030.409156956864,0.7098512346025627
17,2023-07-16,15.0,2023-07-16,5138.1875,0.0098658085922279,101.36836547920936,2257.005411141345,0.0894501146317124,2184.350009346113,0.0831133524576823,6.155515729895164e-06,795.5479166666668,0.0517291666666666,0.040625,0.0465563759766603,0.0136998308642024,0.0079219201115922,15.054166666666667,14.308333333333332,0.0,795.5479166666668,56.75,15.322916666666666,2023-07-16,0.0831133524576823,1033.5588211063337,2942.728623418145,2874.16284625776,4086.0377250605634,0.0532491525514206,0.1237491525514206,C3,6197.719235925404,197.0,197.0,3.0,14.8125,791.9250000000001,56.270833333333336,13.428571428571429,0.7142857142857143,736.7791637219566,2023.0,3.0,30.0,12.5,205.0,0.9886175279704562,0.9828544878277355,0.7367791637219566,3987.677343001284,6050.613924853025,0.727643202375326
18,2023-07-17,16.0,2023-07-17,5083.75,0.0099192428486166,100.82736412650758,2254.176164064281,0.0902429440770202,2175.0727673887272,0.085302988688151,6.734853144487257e-06,794.9208333333332,0.0507499999999999,0.0403125,0.045887770852358,0.0145193404936572,0.0083958011309692,15.745833333333332,14.65,0.0,794.9208333333332,54.33958333333334,17.322916666666668,2023-07-17,0.085302988688151,1046.3641074669508,2939.039794709405,2861.9558720844025,4075.222588348691,0.052484431167641,0.122984431167641,C3,6159.632559466476,198.0,198.0,5.0,16.875,791.3937500000001,53.79166666666666,14.428571428571429,1.0,888.3241460878384,2023.0,5.0,32.0,13.5,218.5,0.9957059439670831,0.9849565259553189,0.8883241460878384,3998.3572720313596,6064.068682420579,0.7503048098694794
19,2023-07-18,17.0,2023-07-18,5204.395833333333,0.0098024323638642,102.0208238820107,2281.6887336902173,0.0830173098388341,2194.2835682035616,0.0808372497558593,7.375556536950523e-06,793.4104166666666,0.0499583333333333,0.0399583333333333,0.045299910197868,0.0152398815867799,0.0088124536453993,16.631249999999998,15.341666666666669,0.0,793.4104166666666,51.60208333333333,18.41875,2023-07-18,0.0808372497558593,1046.2155475479758,2974.9112311456547,2887.2334007371405,4119.880417247044,0.0518120617872234,0.1223120617872234,C3,6203.99197480021,199.0,199.0,7.0,17.979166666666668,789.9270833333334,51.145833333333336,15.395126233633324,0.9665548050618964,1007.0246238019312,2023.0,7.0,30.0,13.5,232.0,0.998674969814695,0.9865517203180554,1.0070246238019311,4013.4825497860343,6086.010807094593,0.7776368332244604
20,2023-07-19,18.0,2023-07-19,5083.541666666667,0.0099183765372981,100.8289585410916,2252.0525531709727,0.0906397966406367,2149.6865807957465,0.0910631815592448,8.818724996069805e-06,795.4499999999999,0.0491875,0.0395625,0.0447037677321146,0.0159705737000382,0.0092349759819727,17.337500000000002,15.822916666666666,0.0063,795.4499999999999,56.57708333333333,19.34375,2023-07-19,0.0910631815592448,1033.6500184755407,2936.2709885160784,2828.552784666396,4061.269499444879,0.0511302200322467,0.1216302200322467,C3,6067.278645388066,200.0,200.0,10.0,18.791666666666668,791.9250000000001,56.083333333333336,16.378704248560467,0.9835780149271426,952.5503522331438,2023.0,10.0,29.0,14.5,246.5,0.9987041036904448,0.9875579791776312,0.9525503522331438,4024.410885427831,6096.801530595267,0.8055855185312369
21,2023-07-20,19.0,2023-07-20,5030.645833333333,0.0099710477399491,100.300766033163,2227.655077414301,0.0974562954887419,2110.6652114759368,0.1008694966634114,1.0256571478097876e-05,795.6833333333334,0.0484375,0.039125,0.0440993434550979,0.0167114168334323,0.0096633681406894,16.98125,15.935416666666669,2.9585,795.6833333333334,70.82083333333334,17.595833333333335,2023-07-20,0.1008694966634114,1030.6431903102862,2904.4610735314254,2777.208554378561,4012.144401090917,0.050438905902711,0.120938905902711,C3,5945.500959947882,201.0,201.0,9.0,17.145833333333332,792.0395833333333,70.33333333333333,17.378704248560467,1.0,580.193968682907,2023.0,9.0,27.0,13.0,259.5,0.9936819056698466,0.9881818117854834,0.580193968682907,4028.9684062007304,6092.28795830461,0.8005471638058532
22,2023-07-21,20.0,2023-07-21,5093.458333333333,0.0099097773504329,100.92361496003946,2252.565576146874,0.0905915809288026,2155.14251346618,0.0899772644042968,8.386735343584183e-06,796.1374999999999,0.0476875,0.0383541666666666,0.043339638406899,0.0176425876843797,0.0102018172036428,16.316666666666666,15.477083333333333,1.1761,796.1374999999999,67.27499999999999,16.83125,2023-07-21,0.0899772644042968,1046.9514336001437,2936.939878093482,2835.7316886451304,4050.4728577365727,0.0495699883987818,0.1200699883987818,C3,6058.730892634336,202.0,202.0,7.0,16.354166666666668,792.4979166666667,66.83333333333333,18.378704248560467,1.0,616.8435015177594,2023.0,7.0,29.0,13.0,272.5,0.9939169915390588,0.9901917684562397,0.6168435015177594,4036.548317049076,6094.671557656259,0.7900497517534065
23,2023-07-22,21.0,2023-07-22,5242.75,0.0097677774980565,102.39162704958372,2273.4235062843063,0.0855053299954951,2195.530584233229,0.0809516906738281,6.572662195114056e-06,795.6208333333334,0.0468333333333333,0.0379791666666666,0.0427086878488067,0.0184159440935249,0.0106490101472465,15.979166666666666,15.2375,0.0,795.6208333333334,58.82083333333333,15.925,2023-07-22,0.0809516906738281,1035.585073323393,2964.1348629781837,2888.8742216338937,4082.482350184993,0.0488483346657441,0.1193483346657441,C3,6160.530416491552,203.0,203.0,5.0,15.395833333333334,791.9791666666666,58.29166666666666,19.378704248560467,1.0,729.601359127868,2023.0,5.0,30.0,12.5,285.0,0.9945351634007755,0.9909363380044278,0.729601359127868,4046.2279953009343,6104.1730570840755,0.7855479061008784
24,2023-07-23,22.0,2023-07-23,5267.520833333333,0.0097437858419123,102.63673874330055,2283.601823625773,0.0825649021658928,2206.8994524563004,0.078198750813802,6.436246629350473e-06,795.1895833333333,0.0458333333333333,0.0375416666666666,0.0419707241501766,0.0193204665616207,0.0111720497965986,16.125,15.202083333333334,0.0,795.1895833333333,52.94583333333333,16.724999999999998,2023-07-23,0.078198750813802,1047.3772886319912,2977.405555919863,2903.8333529594333,4094.282700568746,0.0480042839693269,0.1185042839693269,C3,6195.440415047779,204.0,204.0,5.0,16.270833333333332,791.5875,52.47916666666666,20.378704248560467,1.0,879.1262648462077,2023.0,5.0,32.0,13.5,298.5,0.9998810318784381,0.9924605756018705,0.8791262648462077,4051.672175045801,6107.665282020329,0.7943489918887171
25,2023-07-24,23.0,2023-07-24,5227.875,0.0097806569991854,102.24977923648925,2297.652520455503,0.0790862167076057,2212.4887119844234,0.0770034790039062,7.131899476397913e-06,796.1979166666666,0.0451041666666666,0.0373958333333333,0.0415132988330788,0.0198811329975971,0.011496254873222,16.910416666666666,15.6,0.0,796.1979166666666,53.66875,18.504166666666663,2023-07-24,0.0770034790039062,1044.132060365953,2995.7251343912803,2911.1876881186745,4115.423770128848,0.0474811008396255,0.1179811008396255,C3,6186.727715291743,205.0,205.0,7.0,18.0625,792.65625,53.208333333333336,21.35696150876809,0.9782572602076284,969.5767673355896,2023.0,7.0,33.0,15.0,313.5,0.9989803560123309,0.9936344207654862,0.9695767673355896,4059.481107458759,6114.739138825619,0.8017990765442143
26,2023-07-25,24.0,2023-07-25,5179.104166666667,0.0098265352896761,101.771940884133,2298.5279602281776,0.0789788499586398,2193.6073067794987,0.0809771219889323,8.85451593191814e-06,796.0666666666666,0.0444791666666666,0.0372083333333333,0.0410921048452554,0.0203973906754752,0.0117947806084435,17.095833333333335,16.006249999999998,0.0,796.0666666666666,61.25833333333333,17.841666666666665,2023-07-25,0.0809771219889323,1048.9294655295382,2996.866550209077,2886.3435774711425,4113.253323944068,0.0469993575243255,0.1174993575243255,C3,6125.94299983854,206.0,206.0,10.0,17.25,792.4562500000001,60.6875,22.35696150876809,1.0,773.9226366335492,2023.0,10.0,29.0,14.5,328.0,1.003243350305598,0.9948925723196798,0.7739226366335492,4066.657839728373,6117.922289876866,0.7977695186551282
27,2023-07-26,25.0,2023-07-26,5107.291666666667,0.0098954343457211,101.063721323457,2290.474398958861,0.0812923564040117,2181.322083508227,0.0839792887369791,9.259250049234132e-06,796.2479166666667,0.043625,0.0368125,0.0404514492389642,0.0211826425669675,0.012248852108562,16.058333333333334,15.460416666666667,2.7268999,796.2479166666667,67.85000000000001,17.120833333333334,2023-07-26,0.0839792887369791,1045.4665900638938,2986.3661565677144,2870.178708227115,4093.161283554176,0.0462666035803883,0.1167666035803882,C3,6080.23068656011,207.0,207.0,8.0,16.625,792.5208333333334,67.35416666666667,23.35696150876809,1.0,617.7103030600999,2023.0,8.0,27.0,12.5,340.5,1.002632959291446,0.9958734646023281,0.6177103030600999,4071.672778228408,6120.18639069017,0.7833087509374976
28,2023-07-27,26.0,2023-07-27,5039.270833333333,0.0099622861759505,100.38747658343696,2251.3840476297296,0.0908084089890323,2139.9407904138743,0.09332275390625,9.642160643885952e-06,795.2166666666667,0.0436666666666666,0.0363541666666666,0.0402601947488576,0.0214170632894865,0.0123844057701149,15.85,15.189583333333331,2.5683,795.2166666666667,77.22291666666666,16.004166666666666,2023-07-27,0.09332275390625,1047.2727333821258,2935.399377672162,2815.729295526311,4021.63554415913,0.0460478550350776,0.1165478550350776,C3,5961.600720442722,208.0,208.0,8.0,16.975,791.4125,72.1,24.35696150876809,1.0,539.7705687911878,2023.0,7.0,29.0,13.0,353.5,1.003636277459717,0.9972098202274198,0.5397705687911878,4070.556978298246,6111.812982731365,0.767973261539766
29,2023-07-28,27.0,2023-07-28,5083.541666666667,0.0099185630170345,100.82833223967828,2249.723185032419,0.0912889872878626,2142.75385096179,0.092742919921875,9.247181131868635e-06,794.7645833333332,0.0440208333333333,0.0361458333333333,0.0403523251141543,0.0213041390554632,0.012319107390196,15.8,15.175,0.561,794.7645833333332,67.90208333333334,17.662499999999998,2023-07-28,0.092742919921875,1046.3047264177146,2933.233911926912,2819.430714290016,4019.472736901597,0.0461532297291638,0.1166532297291638,C3,5970.935250997541,209.0,209.0,9.0,17.083333333333332,791.0666666666666,67.41666666666667,25.35696150876809,1.0,634.7188359988234,2023.0,9.0,29.0,14.0,367.5,1.0027977793339002,0.9987247015452682,0.6347188359988234,4071.0398672470064,6104.657170266629,0.7614799872338771
30,2023-07-29,28.0,2023-07-29,5113.3125,0.0098899595540313,101.12206671395364,2270.975234162428,0.0858967501785462,2177.966722651441,0.084564208984375,7.904506534652932e-06,795.9916666666667,0.0441458333333333,0.036,0.0403511594875688,0.021305567764542,0.0123199335404818,15.647916666666667,15.13125,0.0,795.9916666666667,61.895833333333336,16.891666666666666,2023-07-29,0.084564208984375,1046.9732848331498,2960.942757006526,2865.76373193252,4057.432489988364,0.0461518965363074,0.1166518965363074,C3,6068.8810944598445,210.0,210.0,6.0,16.395833333333332,792.3458333333333,61.375,26.35696150876809,1.0,720.2679201853077,2023.0,6.0,30.0,13.0,380.5,1.003279107453144,0.9994127927530835,0.7202679201853077,4071.583692025614,6098.795969092301,0.760457886573155
31,2023-07-30,29.0,2023-07-30,5079.958333333333,0.0099225273965722,100.7912057866664,2270.841665598316,0.0858204487330814,2158.3775151713867,0.0890159606933593,9.651238979058164e-06,796.0875,0.0449583333333333,0.036,0.0407851626078122,0.0207736099267613,0.0120123291959169,16.847916666666666,15.683333333333332,0.1836,796.0875,63.55625,19.03125,2023-07-30,0.0890159606933593,1060.6264834562187,2960.7686076514287,2839.9882966378523,4061.0122498466594,0.0466482903786722,0.1171482903786722,C3,6022.238184999696,211.0,211.0,10.0,18.479166666666668,792.53125,63.0,27.35696150876809,1.0,786.9899747084321,2023.0,10.0,30.0,15.0,395.5,1.0075450912072303,1.0012657266353,0.7869899747084321,4069.796158081763,6086.261608311893,0.764044373072189
32,2023-07-31,30.0,2023-07-31,4789.744680851064,0.0102206705792199,97.86360194717916,2131.0169937402325,0.1281883494393753,2009.976613536524,0.1314495979471409,1.114668369386558e-05,795.6021276595745,0.0517021276595744,0.036,0.0443874121830352,0.0163583308520231,0.0094591963545578,16.7,15.827659574468084,8.7726,795.6021276595745,82.03829787234044,17.097872340425532,2023-07-31,0.1314495979471409,1060.4214827715225,2778.46241462872,2644.722722895045,3840.4326876275177,0.0507683863512518,0.1212683863512518,C3,5667.895706531804,212.0,212.0,14.0,20.571428571428573,791.4892857142858,67.32142857142857,28.35696150876809,1.0,791.5677471023017,2023.0,10.0,28.0,14.0,409.5,1.0120548246477694,1.002228033119701,0.7915677471023017,4053.0254508873936,6051.137547387988,0.7571332017160792
33,2023-08-01,31.0,2023-08-01,4867.875,0.0101363847857705,98.6647839430728,2164.810489885945,0.1159737512786073,2044.8520308198083,0.1193962097167968,1.086069917388567e-05,794.96875,0.0508333333333333,0.036,0.0439233390157264,0.0169271455612703,0.0097881131659856,17.2,16.289583333333333,0.7643,794.96875,73.78750000000001,18.035416666666663,2023-08-01,0.1193962097167968,1058.568252747707,2822.5230482020665,2690.611718786028,3897.503885923498,0.0502375997003872,0.1207375997003872,C3,5758.601804096381,213.0,213.0,11.0,17.5,791.36875,73.3125,29.35696150876809,1.0,533.7465239264243,2023.0,11.0,27.0,14.0,423.5,1.015758948543919,1.0030736453379172,0.5337465239264243,4037.1414129357117,6019.3239637662855,0.7233276231535429
34,2023-08-02,32.0,2023-08-02,4690.541666666667,0.0103275650737234,96.8467296462279,2148.278574926036,0.1213071251011189,2030.0003267197408,0.1240437825520833,1.0793569660805948e-05,794.90625,0.052,0.0360208333333333,0.0445562280314543,0.0161514131836484,0.0093395463198391,16.78125,16.041666666666668,6.167,794.90625,79.94791666666667,17.158333333333335,2023-08-02,0.1240437825520833,1065.5664976123987,2800.968408096956,2671.069879820025,3872.9214809493646,0.0509614705567336,0.1214614705567336,C3,5727.418289064557,214.0,214.0,10.0,17.571428571428573,791.1214285714285,76.57142857142857,30.35696150876809,1.0,470.6852441598759,2023.0,10.0,28.0,14.0,437.5,1.0173370835260993,1.0052585080286545,0.4706852441598759,4023.687983043175,5995.048224028892,0.6889086868625952
35,2023-08-03,33.0,2023-08-03,4524.1875,0.0105187113503615,95.10466211824594,2038.357967389834,0.1644732497805408,1928.2613520615705,0.1624641418457031,1.0563002541805286e-05,794.1583333333333,0.0987916666666666,0.0363125,0.0696862271182071,0.0146504390475535,0.0084716088019549,16.04375,15.875,13.223599,794.1583333333333,83.75208333333333,15.26875,2023-08-03,0.1624641418457031,1064.525344264206,2657.6517299429943,2537.2019650043007,3859.323452030173,0.0797040676106454,0.1502040676106454,C3,5805.54796033991,215.0,215.0,11.0,16.939393939393938,790.2969696969697,75.78787878787878,31.35696150876809,1.0,467.3664714546093,2023.0,9.0,23.0,11.0,448.5,1.0186481015067916,1.0075779322276177,0.4673664714546093,4012.7722009674076,5985.051581199751,0.6808495799177169
36,2023-08-04,34.0,2023-08-04,4499.729166666667,0.0105428876950987,94.86053436921443,2017.920553533605,0.1721322967891971,1925.274084346831,0.1625086466471354,8.91231536370251e-06,793.8291666666668,0.1444583333333333,0.0387083333333333,0.0951955086757873,0.0459171779896536,0.0265515844238835,14.8,14.8375,5.0889,793.8291666666668,78.09166666666667,14.429166666666667,2023-08-04,0.1625086466471354,1062.0880839594188,2631.0050225640543,2533.27132484096,3987.238743175366,0.1088804714144487,0.1793804714144487,C3,6114.252286384717,216.0,216.0,7.0,14.636363636363637,789.95,75.54545454545455,32.356961508768094,1.0,407.37103764362257,2023.0,7.0,25.0,11.0,459.5,1.0197725454032984,1.0086141211659685,0.4073710376436226,4008.25547849875,5989.0173950390645,0.6658872610695641
37,2023-08-05,35.0,2023-08-05,4563.1875,0.0104691917439563,95.52749638351511,2071.3473409614307,0.1491505755976812,1980.8342588664257,0.1405499776204427,8.455807204726917e-06,793.8166666666666,0.1341458333333333,0.041125,0.0908127931253067,0.0405452813854688,0.0234452879908901,15.316666666666668,14.997916666666669,0.0,793.8166666666666,69.18541666666667,15.7625,2023-08-05,0.1405499776204427,1066.9279514439504,2700.663932482943,2606.377277940307,4064.6803444870056,0.1038677124949395,0.1743677124949395,C3,6237.596090837691,217.0,217.0,6.0,15.3125,790.1333333333333,68.6875,33.356961508768094,1.0,544.8250343548444,2023.0,6.0,27.0,11.5,471.0,1.0202074749096253,1.010759717637694,0.5448250343548444,4006.9839066631794,5994.522086063788,0.6526889521572053
38,2023-08-06,36.0,2023-08-06,4638.604166666667,0.0103846301524011,96.31086109227004,2106.113440036209,0.1357458082991192,2019.916197390754,0.1272989908854166,7.915218724969671e-06,793.4125,0.1188125,0.0429374999999999,0.0834667144596567,0.0315411891546251,0.018238676315374,14.8,14.775,0.0039,793.4125,70.175,14.970833333333331,2023-08-06,0.1272989908854166,1077.9805623436716,2745.992665133258,2657.8012050516863,4083.813564330432,0.0954655880744727,0.1659655880744727,C3,6268.330937322255,218.0,218.0,5.0,14.541666666666666,789.7041666666668,69.71249999999999,34.356961508768094,1.0,501.4614941958457,2023.0,5.0,27.0,11.0,482.0,1.0245058735928572,1.0128546840235648,0.5014614941958457,4006.236111217586,5999.728551940537,0.6257128971107511
39,2023-08-07,37.0,2023-08-07,4746.416666666667,0.0102656457251404,97.4248702889617,2138.7673734336345,0.1243340894296315,2061.4536847525205,0.1145044962565104,6.95508992361117e-06,793.2458333333334,0.1048541666666666,0.0440833333333333,0.0765445410705158,0.0230566778295343,0.0133325120298793,15.002083333333331,14.702083333333334,0.0,793.2458333333334,57.84583333333333,16.472916666666666,2023-08-07,0.1145044962565104,1066.8218100578315,2788.567514090843,2712.4561378194567,4098.757915304157,0.0875483080230672,0.1580483080230672,C3,6302.905815222983,219.0,219.0,5.8,16.291666666666668,789.63125,57.64166666666667,35.356961508768094,1.0,784.6621487074343,2023.0,5.8,27.8,11.8,493.8,1.0260181078731214,1.014407925136138,0.7846621487074343,4005.0456930158216,6008.02698764991,0.6125047100658827
40,2023-08-08,38.0,2023-08-08,4911.708333333333,0.0100917848993292,99.10556726216886,2170.9917481863667,0.1140189372439214,2100.245370555637,0.103735605875651,6.244485455563402e-06,791.6062499999999,0.0916666666666666,0.0442083333333333,0.069558566869604,0.0144939658180999,0.0083811282379522,14.110416666666666,14.310416666666669,0.0,791.6062499999999,59.489583333333336,14.3625,2023-08-08,0.103735605875651,1074.9867382541695,2830.5822959289885,2763.4981510508424,4109.499775965872,0.0795580553854664,0.1500580553854664,C3,6321.252050302367,220.0,220.0,4.2,14.183333333333332,787.9395833333333,59.29166666666666,36.24267579448238,0.8857142857142858,658.548240077186,2023.0,4.2,25.4,10.2,504.0,1.028592564742487,1.0161916921598844,0.658548240077186,4004.7775824459504,6021.977634111613,0.6042636817404282
41,2023-08-09,39.0,2023-08-09,4974.0625,0.0100283765496797,99.7325332097044,2189.750324000494,0.1085055352510359,2118.758401222908,0.0989964803059895,6.2038576539604825e-06,790.9645833333334,0.0822083333333333,0.044,0.0644092749365761,0.0081824761650798,0.0047315126104327,13.795833333333334,13.827083333333334,0.0,790.9645833333334,61.1,13.5375,2023-08-09,0.0989964803059895,1073.0397570653197,2855.0401008196186,2787.857555307411,4106.096554283292,0.0736685198294544,0.1441685198294545,C3,6299.8422530364605,221.0,221.0,3.4,13.333333333333334,787.2687500000001,60.89166666666667,37.01410436591095,0.7714285714285715,598.6482245549978,2023.0,3.4,26.6,10.8,514.8,1.0270141770287284,1.0180792306815538,0.5986482245549978,4005.7015303551734,6037.664174574209,0.6029021047043495
42,2023-08-10,40.0,2023-08-10,5085.3125,0.009916482853057,100.84708856759028,2209.236088289754,0.1022022810984364,2130.7447838769403,0.0955403645833333,6.823884880345923e-06,790.78125,0.075625,0.0433958333333333,0.0606112904363231,0.003527284696535,0.002039650551439,14.427083333333334,14.125,0.0,790.78125,58.12083333333334,15.1375,2023-08-10,0.0955403645833333,1058.10495350653,2880.446028532565,2803.6292107371014,4113.120419674322,0.0693245507854874,0.1398245507854874,C3,6277.265675609152,222.0,222.0,5.8,14.916666666666666,787.1458333333334,57.89166666666667,38.01410436591095,1.0,714.2493169716818,2023.0,5.8,26.6,11.2,526.0,1.0242294934583283,1.0188207571358403,0.7142493169716818,4012.236164320544,6060.2116713718115,0.6153648724315276
43,2023-08-11,41.0,2023-08-11,4988.854166666667,0.0100120445273886,99.88555270850814,2194.204767787719,0.1066120234761573,2097.6461867578414,0.1040585835774739,8.52612250867732e-06,792.7166666666667,0.0709583333333333,0.0430416666666666,0.0579535687468259,0.0002697139155353,0.0001559619321607,15.289583333333333,14.79375,0.9111,792.7166666666667,62.28541666666666,16.802083333333332,2023-08-11,0.1040585835774739,1065.9830820208117,2860.8478933793385,2760.0781508355585,4064.334820507405,0.0662847646184068,0.1367847646184068,C3,6138.285231019043,223.0,223.0,8.2,16.608333333333334,789.0437499999999,62.11666666666667,39.01410436591095,1.0,716.0530247572739,2023.0,8.2,25.4,11.799999999999995,537.8,1.0213531889741372,1.0201678513685064,0.7160530247572738,4015.4405988638164,6072.165241373347,0.6211744573428455
44,2023-08-12,42.0,2023-08-12,5018.020833333333,0.0099831461448546,100.17630855021856,2197.7561913167183,0.1056993090827991,2096.163957532069,0.1045939127604166,8.976234597458288e-06,793.40625,0.0683541666666666,0.0423749999999999,0.0562519715626556,0.0018159345893812,0.0010500632370976,15.422916666666666,15.014583333333334,0.0,793.40625,69.0625,16.070833333333333,2023-08-12,0.1045939127604166,1062.8468279543436,2865.4783101346898,2758.127836942582,4057.447418024237,0.0643385519646045,0.1348385519646045,C3,6106.976645738777,224.0,224.0,9.4,15.85,789.7020833333332,68.85833333333333,40.01410436591095,1.0,560.842307073145,2023.0,9.4,24.6,12.0,549.8,1.0180969598435397,1.0212544847652099,0.560842307073145,4015.441665152093,6074.886352178984,0.6097869135491196
45,2023-08-13,43.0,2023-08-13,5046.291666666667,0.0099557266729622,100.45611238093764,2196.197889286281,0.1063078542488199,2100.771176356386,0.1035130818684895,8.416959954733109e-06,793.7458333333334,0.0652708333333333,0.0418541666666666,0.0543623591577853,0.0041320334427132,0.002389346201137,14.616666666666667,14.577083333333334,0.1314,793.7458333333334,71.88125000000001,14.983333333333334,2023-08-13,0.1035130818684895,1061.4454627863097,2863.4465648999367,2764.190005144918,4039.510118561858,0.0621772957005766,0.1326772957005766,C3,6090.515895795963,225.0,225.0,5.8,14.766666666666666,790.0,71.64999999999999,41.01410436591095,1.0,476.2506146549197,2023.0,5.8,25.8,10.8,560.5999999999999,1.0191641176260986,1.021310548511312,0.4762506146549197,4013.90579863175,6079.763331521576,0.5875912449738687
46,2023-08-14,44.0,2023-08-14,5075.229166666667,0.0099272213058499,100.74402373170132,2227.9977849735774,0.0971663024291984,2145.002945259123,0.0921605428059895,7.161213106923551e-06,795.9666666666667,0.0628958333333333,0.0412291666666666,0.0528025832064917,0.0060438515927924,0.0034948540576167,14.060416666666669,14.058333333333332,0.0,795.9666666666667,66.99166666666666,14.077083333333334,2023-08-14,0.0921605428059895,1052.8139117748756,2904.907902475285,2822.390067525288,4085.293219631276,0.0603932919882149,0.1308932919882149,C3,6192.653873479656,226.0,226.0,3.8,13.875,792.2479166666667,66.8,41.84267579448238,0.8285714285714285,526.44689256563,2023.0,3.8,28.2,11.6,572.1999999999999,1.0149570996714228,1.0207897674450035,0.52644689256563,4031.3958366320185,6117.246057732137,0.5686540410783921
47,2023-08-15,45.0,2023-08-15,5025.791666666667,0.0099765027202212,100.25020099674926,2239.019773873122,0.0940604518344075,2145.8582448274424,0.0919265747070312,8.04073708132472e-06,797.6166666666667,0.0610625,0.04075,0.051600078006086,0.0075177628079215,0.0043471424554496,14.864583333333334,14.4125,0.0,797.6166666666667,65.01666666666667,16.408333333333335,2023-08-15,0.0919265747070312,1053.215956386044,2919.278591203623,2823.5154687802,4095.5985096479617,0.0590179189803936,0.1295179189803936,C3,6174.675859814636,227.0,227.0,6.6,16.233333333333334,793.9562500000001,64.80833333333334,42.84267579448238,1.0,649.484612087762,2023.0,6.6,29.8,13.2,585.4,1.011880425222665,1.0204233726249414,0.649484612087762,4045.545452612337,6146.965633140583,0.5769210473756307
48,2023-08-16,46.0,2023-08-16,5087.0,0.0099153388622901,100.8621184075105,2237.240894565872,0.0944458564670084,2130.1906007651305,0.0956522623697916,9.305708770371036e-06,795.9041666666667,0.0597916666666666,0.0402916666666666,0.0507077415525092,0.0086115000376246,0.0049795954428381,15.629166666666668,15.016666666666666,0.0,795.9041666666667,66.3625,17.270833333333332,2023-08-16,0.0956522623697916,1064.8519793475114,2916.9592529206,2802.9000178407377,4084.966497248584,0.0579973034589551,0.1284973034589551,C3,6115.056392042642,228.0,228.0,9.4,17.05,792.275,66.14999999999999,43.84267579448238,1.0,658.0026241880892,2023.0,9.4,27.8,13.6,599.0,1.0129686696654232,1.0203744598268816,0.6580026241880892,4060.691525205139,6174.654069067589,0.5903008602347887
49,2023-08-17,47.0,2023-08-17,4945.895833333333,0.0100569819912911,99.44941662286284,2169.838955708989,0.1145635044489145,2057.5903084462657,0.1156349182128906,1.0094271573552251e-05,794.8208333333333,0.0595416666666666,0.03975,0.0503218708777248,0.0090844619133506,0.005253085402858,15.664583333333333,15.195833333333333,6.509,794.8208333333333,76.86041666666667,16.818749999999998,2023-08-17,0.1156349182128906,1080.773178308256,2829.07926212885,2707.372715935125,3958.794546306947,0.0575559614086844,0.1280559614086844,C3,5901.150638713262,229.0,229.0,9.0,18.68421052631579,790.9578947368421,70.5578947368421,44.84267579448238,1.0,634.3223693044818,2023.0,8.2,29.8,14.0,613.0,1.0219005259713885,1.02148671554456,0.6343223693044817,4067.7966033677653,6181.482831808543,0.6022262815097796
50,2023-08-18,48.0,2023-08-18,4979.875,0.0100236493712003,99.78715411741814,2173.2002081009764,0.1136258749218541,2058.260107872308,0.1161778767903645,1.0371778252969487e-05,793.8333333333334,0.0638125,0.0400416666666666,0.0527390400050709,0.0061217365260033,0.0035398909799634,16.389583333333334,15.8125,0.0,793.8333333333334,70.68124999999999,17.599999999999998,2023-08-18,0.1161778767903645,1080.4450542613672,2833.4617299668125,2708.254036518611,3984.30874841833,0.0603206140455039,0.1308206140455039,C3,5941.331671390391,230.0,230.0,11.4,17.366666666666667,790.1541666666667,70.49166666666666,45.84267579448238,1.0,585.2140010321176,2023.0,11.4,23.4,12.4,625.4,1.0305991228846192,1.0227433535137957,0.5852140010321176,4067.5873180279773,6169.131359308948,0.6149293503232435
51,2023-08-19,49.0,2023-08-19,4770.375,0.0102394168840526,97.67177510717865,2093.843008408846,0.1406438019001469,1989.719069568613,0.1376762390136718,9.692557243218851e-06,793.8958333333334,0.0862708333333333,0.0402291666666666,0.0648226768137949,0.0086891830491603,0.0050245156040805,15.522916666666667,15.214583333333332,3.9222999,793.8958333333334,76.56666666666666,16.439583333333335,2023-08-19,0.1376762390136718,1073.7781253857202,2729.9942319025304,2618.067891947677,3929.2739377146986,0.0741413508684533,0.1446413508684533,C3,5922.676910706478,231.0,231.0,8.6,17.614634146341466,789.9731707317073,72.3609756097561,46.84267579448238,1.0,556.7895380048332,2023.0,7.8,29.0,13.4,638.8,1.0334506659923095,1.0232122864874569,0.5567895380048331,4057.915431829955,6146.637132156719,0.6157839577268142
52,2023-08-20,50.0,2023-08-20,4870.729166666667,0.0101337116264692,98.69272997645848,2148.8524149045866,0.1208594094318091,2058.096503395866,0.1155776977539062,8.196765061347891e-06,793.7729166666667,0.083375,0.0410208333333333,0.0636446370116645,0.0072452590847211,0.0041895673184495,15.833333333333334,15.425,0.0348,793.7729166666667,65.31458333333333,17.6375,2023-08-20,0.1155776977539062,1083.6354350252327,2801.716592094126,2708.038766115215,4023.664980164584,0.0727939603162606,0.1432939603162606,C3,6108.141352503793,232.0,232.0,7.4,17.433333333333334,790.1999999999999,65.10833333333333,47.84267579448238,1.0,694.897566254574,2023.0,7.4,30.6,14.0,652.8,1.0343650413989858,1.023599394360159,0.694897566254574,4053.6191043895374,6135.1950189554,0.6296008200167232
53,2023-08-21,51.0,2023-08-21,4904.5,0.0100985238927885,99.03504383603008,2184.525033174022,0.1096929992640135,2099.740018947255,0.1036567687988281,7.4779997066837375e-06,795.5583333333334,0.0767708333333333,0.04125,0.0602237261542324,0.0030522469655013,0.0017649602291611,15.220833333333331,15.11875,0.0,795.5583333333334,59.91041666666666,16.735416666666666,2023-08-21,0.1036567687988281,1076.035573905902,2848.227262531842,2762.8332105372374,4064.108710166327,0.0688812716610368,0.1393812716610368,C3,6179.336486660139,233.0,233.0,7.0,16.583333333333332,791.9395833333333,59.725,48.84267579448238,1.0,760.0502433761609,2023.0,7.0,29.4,13.2,666.0,1.0329563905364185,1.0242301283702167,0.7600502433761609,4051.144161165407,6126.368638343769,0.6278428267787752
54,2023-08-22,52.0,2023-08-22,4905.479166666667,0.0100969982989604,99.04662420608828,2207.146356844712,0.1028734993152489,2105.849568537965,0.1019248962402343,8.910585102906076e-06,796.5541666666667,0.0718541666666666,0.0412083333333333,0.0575780407661051,0.0001905709149937,0.0001101975330307,15.31875,15.110416666666666,0.0,796.5541666666667,68.61458333333333,15.966666666666669,2023-08-22,0.1019248962402343,1065.7962605883367,2877.721395038898,2770.8721421946434,4085.330712556361,0.0658552520905684,0.1363552520905684,C3,6155.941686176304,234.0,234.0,7.8,15.783333333333331,792.8375,68.44166666666666,49.84267579448238,1.0,565.9277261365461,2023.0,7.8,25.8,11.8,677.8,1.0304065071430626,1.0236009884304373,0.5659277261365461,4049.417799493299,6114.560755191907,0.6212270757830153
55,2023-08-23,53.0,2023-08-23,4896.291666666667,0.0101068847069011,98.95246066704766,2199.7828468616176,0.1049952462678247,2093.8670257314247,0.1050999959309895,9.367771558248791e-06,796.1166666666667,0.0695,0.041125,0.056281724353117,0.0017794665794901,0.0010289756292396,15.247916666666669,14.933333333333332,1.2672,796.1166666666667,74.49583333333334,16.10625,2023-08-23,0.1050999959309895,1071.0805275050916,2868.120704013032,2755.105539227676,4061.4255098432654,0.0643725819088361,0.1348725819088361,C3,6100.69659631398,235.0,235.0,8.2,15.866666666666667,792.4104166666666,74.30833333333334,50.84267579448238,1.0,463.1845262316303,2023.0,8.2,27.8,13.0,690.8,1.0263957213175225,1.0234668681363293,0.4631845262316303,4046.2270106047254,6100.336065426016,0.611551097331346
56,2023-08-24,54.0,2023-08-24,4911.354166666667,0.0100921024614428,99.10212363947706,2187.326189241147,0.1087472404292983,2067.1783867765585,0.1126569112141927,1.076713483151471e-05,794.4854166666668,0.066875,0.041,0.0548213301369834,0.0035694724879409,0.0020640456199997,15.647916666666667,15.2875,5.3382,794.4854166666668,83.40833333333333,15.910416666666668,2023-08-24,0.1126569112141927,1067.2557269255517,2851.87946562214,2719.98868791124,4026.8468849219,0.0627022466911831,0.1332022466911831,C3,5999.842459370751,236.0,236.0,10.6,16.846153846153847,790.648717948718,79.4051282051282,51.84267579448238,1.0,395.1986726574204,2023.0,10.2,26.2,13.2,704.0,1.0235909148493976,1.0240932900968744,0.39519867265742037,4040.0646152652666,6080.520121408986,0.5887617655946131
57,2023-08-25,55.0,2023-08-25,4425.625,0.010630177554577,94.07798089135532,1990.5580412960471,0.1844710066285516,1865.77448906558,0.1896107991536458,1.238629207292378e-05,795.3541666666666,0.1244166666666666,0.0617708333333333,0.095233586732616,0.0459638502826227,0.0265785726531537,15.847916666666668,15.485416666666666,10.4927,795.3541666666666,95.63958333333332,15.229166666666666,2023-08-25,0.1896107991536458,1046.7275672842518,2595.3292339405025,2454.9818907333106,3933.405497382197,0.1089240234352922,0.1794240234352922,C3,5926.339298839664,237.0,237.0,13.8,16.561904761904763,791.7809523809525,89.84761904761905,52.84267579448238,1.0,191.329929813959,2023.0,13.4,19.8,11.6,715.6,1.0174992375755583,1.0227751417021704,0.19132992981395902,4030.712520756323,6065.381126253317,0.5512815445272335
58,2023-08-26,56.0,2023-08-26,4357.041666666667,0.0107140303187261,93.34466461064206,1976.9165993424213,0.1915375236533953,1857.690813254365,0.1938680013020833,1.1885570572023704e-05,795.9333333333334,0.1612916666666666,0.0669166666666666,0.1173277983257125,0.0730447362908603,0.0422380809810241,15.933333333333332,15.502083333333331,5.2587,795.9333333333334,88.20625,16.1125,2023-08-26,0.1938680013020833,1045.2842037998976,2577.543250130507,2444.3454082198045,4034.861286909799,0.1341944191425089,0.2046944191425089,C3,6134.083342797218,238.0,238.0,13.0,18.41935483870968,791.8774193548387,81.49677419354839,53.84267579448238,1.0,392.0914579609682,2023.0,9.8,25.4,12.6,728.2,1.009258354136006,1.0215728811990006,0.3920914579609682,4029.0992256767204,6067.317318900349,0.5392279124477923
59,2023-08-27,57.0,2023-08-27,4466.395833333333,0.0105818486107585,94.50943822355885,2009.65605488984,0.1755986057376348,1898.496572579819,0.1739006042480468,1.084289647715478e-05,795.9333333333334,0.1539583333333333,0.0681875,0.1140026498985191,0.0689691002294481,0.0398813465364554,15.775,15.508333333333333,3.5089,795.9333333333334,82.72500000000001,15.666666666666666,2023-08-27,0.1739006042480468,1060.0011677895086,2620.2296045711887,2498.0375348775037,4082.7498792539377,0.1303912593788601,0.2008912593788601,C3,6234.550689371942,239.0,239.0,8.6,16.09090909090909,792.0772727272728,80.94545454545454,54.84267579448238,1.0,348.48320296545745,2023.0,8.2,25.8,12.0,740.2,1.0069408155235782,1.0214740110749057,0.34848320296545743,4032.1877800118696,6077.60551844149,0.5301016687556878
60,2023-08-28,58.0,2023-08-28,4358.208333333333,0.0107132948080612,93.35515717227086,1949.181203358088,0.2076684818700244,1844.8862365186603,0.2020289103190104,1.0468235906545106e-05,795.4333333333334,0.22025,0.0827291666666666,0.1561869768391526,0.1206744504927938,0.0697799385839248,15.139583333333334,15.072916666666666,3.2131999,795.4333333333334,85.47083333333335,15.035416666666668,2023-08-28,0.2020289103190104,1053.8355709122393,2541.381288248608,2427.497174851364,4176.64902928966,0.1786398529048448,0.2491398529048448,C3,6442.970024262169,240.0,240.0,11.4,19.017391304347825,791.3434782608696,69.4608695652174,55.84267579448238,1.0,671.7932564327691,2023.0,9.4,25.4,12.4,752.6,1.0092115355709612,1.0215439493949288,0.6717932564327691,4038.713194987468,6095.485243497383,0.5404835518890548
61,2023-08-29,59.0,2023-08-29,4371.458333333333,0.010696920639107,93.49731629517748,1959.7379846929216,0.2006792196115426,1879.9040119059537,0.1829376220703125,7.873005461000649e-06,796.5708333333333,0.2085208333333333,0.1029791666666666,0.1593550591577762,0.1245575705477391,0.0720253507473245,14.139583333333334,14.375,1.6951,796.5708333333333,74.95833333333333,13.877083333333331,2023-08-29,0.1829376220703125,1048.6764060724418,2555.145430085322,2473.573485216518,4214.316036686698,0.1822633673030535,0.2527633673030535,C3,6591.521802553335,241.0,241.0,6.6,16.255555555555556,792.4138888888889,66.4,56.84267579448238,1.0,620.9885047483707,2023.0,5.0,26.2,10.6,763.2,1.0102952071766864,1.0212331916177193,0.6209885047483708,4047.1930183473773,6125.259953693006,0.538448115650527
62,2023-08-30,60.0,2023-08-30,4550.270833333333,0.0104840132382634,95.3922737047137,1997.8631613125208,0.1808865192053608,1914.277709413704,0.1667213439941406,8.0872589523267e-06,794.0520833333334,0.1867916666666666,0.1012916666666666,0.1469621488584379,0.1093675743031318,0.0632417432752354,14.127083333333331,14.110416666666666,0.0012,794.0520833333334,71.51875,14.5875,2023-08-30,0.1667213439941406,1054.7692780765674,2604.8537949645324,2518.8023193514164,4235.292315992942,0.168088896948738,0.238588896948738,C3,6604.54769601687,242.0,242.0,5.4,14.35,790.31875,71.34166666666667,57.84267579448238,1.0,468.6433287347865,2023.0,5.4,28.2,11.8,775.0,1.0086238297437753,1.0205429739488383,0.46864332873478654,4057.9305768291174,6160.223618262593,0.5249224516895769
63,2023-08-31,61.0,2023-08-31,4741.0625,0.0102706805978916,97.37230823116752,2035.8783614703104,0.1634351367050499,1958.8747033968848,0.1486028035481771,7.2890396011395554e-06,791.2583333333333,0.1685,0.0964583333333333,0.1349399433282517,0.0946319510762635,0.0547208767656495,14.254166666666668,14.195833333333333,0.0,791.2583333333333,64.64999999999999,15.614583333333334,2023-08-31,0.1486028035481771,1049.4332205202063,2654.418770341675,2577.4829440740123,4252.8311978832335,0.1543384225432054,0.2248384225432055,C3,6645.658140414226,243.0,243.0,6.2,15.416666666666666,787.6062499999999,64.45833333333333,58.84267579448238,1.0,622.5600098327837,2023.0,6.2,28.6,12.400000000000002,787.4,1.0072174566165257,1.0183975773903151,0.6225600098327837,4078.9331947988526,6213.4027255269475,0.5240822831558841
64,2023-09-01,62.0,2023-09-01,4777.375,0.0102314758964632,97.74480351217842,2050.9843414606253,0.1572373175969168,1969.047153057755,0.144805908203125,7.704460970777028e-06,791.6979166666666,0.1491458333333333,0.0914375,0.1222628498224187,0.0790936313357889,0.0457358514122301,14.183333333333332,14.135416666666666,0.0012,791.6979166666666,65.62916666666666,15.427083333333334,2023-09-01,0.144805908203125,1053.100401810072,2674.114248023229,2590.867830537081,4214.257651748135,0.1398389158303303,0.2103389158303303,C3,6553.528747447831,244.0,244.0,6.2,15.241666666666667,788.0541666666667,65.45,59.84267579448238,1.0,598.4270193053691,2023.0,6.2,29.0,12.6,800.0,1.0086307445573786,1.0165256819761679,0.5984270193053691,4095.358116465267,6257.131088102478,0.525026070175402
65,2023-09-02,63.0,2023-09-02,4729.479166666667,0.0102835594777227,97.25231122142476,2073.618991105774,0.148060302117265,1983.1068940308,0.1397043863932291,8.451403250615773e-06,794.8208333333333,0.1340416666666666,0.0866041666666666,0.1119432719178029,0.0664449196263677,0.0384217404082452,14.529166666666669,14.397916666666667,0.0,794.8208333333333,69.98958333333333,15.154166666666669,2023-09-02,0.1397043863932291,1041.489883540855,2703.6257552012903,2609.367606195668,4200.46969517858,0.1280358326525366,0.1985358326525366,C3,6489.940192260091,245.0,245.0,7.4,14.958333333333334,791.1,69.8,60.84267579448238,1.0,513.6346446672788,2023.0,7.4,25.4,11.4,811.4,1.0043885143943805,1.0143153700349963,0.5136346446672788,4114.729241998401,6297.649893927736,0.5219435777941481
66,2023-09-03,64.0,2023-09-03,4689.5625,0.0103271964296901,96.84115648773032,2068.6125673056167,0.1498868220413529,1970.3321481465948,0.1442591349283854,9.239127694928432e-06,793.8770833333333,0.1224166666666666,0.082625,0.1038800246067941,0.056561793434443,0.0327068277993755,14.533333333333331,14.358333333333334,0.8129,793.8770833333333,76.38958333333333,15.00625,2023-09-03,0.1442591349283854,1052.0751033393503,2697.098280103109,2592.5586241947663,4141.623663523642,0.1188134420107266,0.1893134420107266,C3,6358.464091692495,246.0,246.0,7.8,15.2,790.0454545454545,74.03636363636363,61.84267579448238,1.0,448.5033482913976,2023.0,7.8,25.8,11.8,823.1999999999999,1.005232489242205,1.0121548876424338,0.4485033482913976,4123.154862238333,6315.530089584072,0.5043439907967785
67,2023-09-04,65.0,2023-09-04,5035.354166666667,0.0099674031723632,100.34428467529204,2099.5000238903463,0.1380311605748116,2014.8914372363377,0.1289710998535156,7.797317529738238e-06,787.2937499999999,0.1156458333333333,0.0801041666666666,0.0990890211060336,0.0506894580889399,0.0293111529230446,14.485416666666666,14.377083333333331,1.5396,787.2937499999999,63.41875,15.670833333333334,2023-09-04,0.1289710998535156,1054.1064522769293,2737.369961397176,2651.189636903089,4173.340516703842,0.1133337011388365,0.1838337011388365,C3,6446.005463003953,247.0,247.0,8.2,15.475,783.6125000000001,63.208333333333336,62.84267579448238,1.0,646.8717035238844,2023.0,8.2,22.2,10.2,833.4,1.0055538817292287,1.0106537158031987,0.6468717035238845,4130.9571341338715,6334.57787360863,0.49625980937875863
68,2023-09-05,66.0,2023-09-05,5035.770833333333,0.009966170302922,100.3511892822048,2120.6434164600623,0.1305101393323756,2053.608266031096,0.1168263753255208,6.056834251142316e-06,790.7291666666666,0.1026041666666666,0.0774583333333333,0.0908901734906111,0.0406401265372523,0.0235001321508544,13.145833333333334,13.583333333333334,0.0,790.7291666666666,62.19375,12.95,2023-09-05,0.1168263753255208,1052.6391049994556,2764.9371378886167,2702.133153450663,4161.92865406097,0.1039562167822716,0.1744562167822716,C3,6467.8390259504695,248.0,248.0,3.4,12.741666666666667,786.9625,62.0,63.61410436591096,0.7714285714285715,559.6061349368181,2023.0,3.4,23.8,9.4,842.8,1.0091156076376218,1.0097530344266876,0.5596061349368181,4136.428415669914,6356.856255021071,0.4958082671502067
69,2023-09-06,67.0,2023-09-06,5040.125,0.00996122996692,100.39669316604756,2148.043353588032,0.1209824291005811,2084.085024875392,0.1078732808430989,5.694105707912525e-06,793.3625000000001,0.0965416666666666,0.0734791666666666,0.0857981783104997,0.0343988655424414,0.0198911262086218,12.554166666666667,12.910416666666668,0.0,793.3625000000001,62.05,12.8125,2023-09-06,0.1078732808430989,1056.4236772328386,2800.661721829937,2742.234404426854,4181.169956150755,0.0981322147535746,0.1686322147535746,C3,6510.62897531865,249.0,249.0,3.0,12.608333333333334,789.5833333333334,61.84166666666667,64.32839008019667,0.7142857142857143,557.0453760654706,2023.0,3.0,26.6,10.8,853.5999999999999,1.010504801345766,1.0087496905056288,0.5570453760654706,4144.981590406163,6386.1371392356905,0.5025126135669095
70,2023-09-07,68.0,2023-09-07,5113.645833333333,0.0098892590148896,101.12664644586056,2168.083568680006,0.1146535067530197,2107.3863156151624,0.1015828450520833,5.335126152504573e-06,793.6145833333334,0.0894583333333333,0.07175,0.0812090423642801,0.0287739593577504,0.0166385271165587,12.65,12.879166666666668,0.0,793.6145833333334,54.96041666666667,13.508333333333333,2023-09-07,0.1015828450520833,1060.1260612459998,2826.7905535462896,2772.8941905543284,4188.136559573304,0.0928833611872669,0.1633833611872669,C3,6508.7499413005135,250.0,250.0,3.0,13.308333333333332,789.8604166666668,54.775000000000006,65.04267579448238,0.7142857142857143,691.1504000633622,2023.0,3.0,27.0,11.0,864.5999999999999,1.01242782326287,1.0082616247489427,0.6911504000633623,4156.502281452692,6422.487673659246,0.5236520226673339
71,2023-09-08,69.0,2023-09-08,5120.458333333333,0.0098830396045017,101.19276060132349,2206.3047414981324,0.1032494364520996,2143.5490926626053,0.0925153096516927,5.420258683011009e-06,795.6770833333334,0.0835,0.069375,0.0769199773211552,0.0235168502264576,0.0135986064803963,12.595833333333331,12.8125,0.0,795.6770833333334,57.53541666666666,12.841666666666669,2023-09-08,0.0925153096516927,1057.4660392289577,2876.6240801817594,2820.47709153748,4230.930647650517,0.0879777156340387,0.1584777156340387,C3,6559.458818854482,251.0,251.0,2.6,12.633333333333333,791.88125,57.333333333333336,65.69981865162524,0.6571428571428571,623.8817294048433,2023.0,2.6,27.0,11.0,875.5999999999999,1.0139698337760854,1.0089967336125147,0.6238817294048433,4177.754077900429,6467.710496517446,0.5545485797809685
72,2023-09-09,70.0,2023-09-09,5137.708333333333,0.0098660737017438,101.36429967094192,2226.5076455405274,0.0974308745315526,2164.8048144173017,0.0874048868815104,5.275555090448977e-06,796.7895833333333,0.0770833333333333,0.0670833333333333,0.072424910197868,0.0180072442442666,0.0104126796707949,12.01875,12.45625,0.0,796.7895833333333,57.22708333333333,11.595833333333331,2023-09-09,0.0874048868815104,1060.2449258332067,2902.9650289930705,2848.445322579368,4236.2386692023465,0.0828364538851261,0.1533364538851261,C3,6558.888457634007,252.0,252.0,1.4,11.433333333333332,792.9020833333334,57.025,66.18553293733952,0.4857142857142857,580.5957384220231,2023.0,1.4,25.0,10.0,885.5999999999999,1.0151905683531928,1.0100208792664545,0.5805957384220232,4192.138176635612,6498.053719005788,0.5680131712424725
73,2023-09-10,71.0,2023-09-10,5134.208333333333,0.0098695392414649,101.32941550766276,2231.634007909944,0.0960801767794494,2149.528723040419,0.0910669962565104,7.073031488704887e-06,794.9583333333334,0.0741666666666666,0.06425,0.0695470637239968,0.0144798664068758,0.0083729752607041,13.179166666666667,12.889583333333334,0.0,794.9583333333334,61.275,13.916666666666666,2023-09-10,0.0910669962565104,1060.409623949262,2909.648882387497,2828.345075785761,4224.20270878102,0.079544898589165,0.150044898589165,C3,6470.377357465842,253.0,253.0,7.4,13.658333333333331,791.0749999999999,61.09166666666667,67.18553293733952,1.0,608.333042954611,2023.0,7.4,22.2,9.8,895.3999999999999,1.0152811551830097,1.0100488403902494,0.608333042954611,4202.24195017326,6514.898481012495,0.5865738740988407
74,2023-09-11,72.0,2023-09-11,5118.583333333333,0.0098853342841725,101.17256009527166,2218.636662468244,0.099591797695805,2126.7322879448843,0.0966580708821614,8.012757280203486e-06,794.0291666666667,0.0708333333333333,0.0613541666666666,0.0664175364028401,0.0106440032312741,0.0061548893633433,13.516666666666666,13.358333333333334,3.8585,794.0291666666667,72.70625,13.591666666666669,2023-09-11,0.0966580708821614,1060.5147971474732,2892.7026844426714,2798.34957758338,4175.741536639167,0.0759654817157027,0.1464654817157027,C3,6354.8173913289575,254.0,254.0,5.8,13.678260869565218,790.1282608695652,71.32173913043478,68.18553293733952,1.0,448.9672846525845,2023.0,5.4,20.6,8.0,903.4,1.0162551101902821,1.0105060710309408,0.4489672846525845,4202.177129269653,6508.601864374409,0.5706577332573989
75,2023-09-12,73.0,2023-09-12,5176.895833333333,0.0098291423122373,101.74846540069954,2212.519276737754,0.1014299405753944,2141.972891397444,0.0928688049316406,6.097445843889547e-06,792.6145833333334,0.0672708333333333,0.0591666666666666,0.0634955695839666,0.0070625470653301,0.0040839141877364,11.90625,12.364583333333334,0.0,792.6145833333334,72.0625,10.26875,2023-09-12,0.0928688049316406,1039.8642293467738,2884.726715045017,2818.403129445706,4141.72450552406,0.072623463493185,0.143123463493185,C3,6355.490504467573,255.0,255.0,1.4,10.208510638297872,788.7106382978724,71.26808510638298,68.6712472230538,0.4857142857142857,357.7772559626021,2023.0,1.4,23.8,9.4,912.7999999999998,1.0097443008950893,1.0099028279203979,0.3577772559626021,4196.992019900894,6491.7424859397115,0.5518569297727011
76,2023-09-13,74.0,2023-09-13,5225.895833333333,0.0097825378685074,102.23031603253216,2237.779082295884,0.0944077227069943,2158.671735557145,0.0889231363932291,6.786196271686825e-06,790.7541666666666,0.0647083333333333,0.0570833333333333,0.061156285692541,0.0041952856499285,0.0024259217572448,12.7875,12.697916666666666,0.0,790.7541666666666,63.07708333333333,12.852083333333333,2023-09-13,0.0889231363932291,1054.8743709330895,2917.660952805793,2840.3754311619628,4170.581358116501,0.0699478925926911,0.1404478925926911,C3,6368.016407869018,256.0,256.0,5.8,12.658333333333331,786.8562499999999,62.875,69.6712472230538,1.0,543.7412090734771,2023.0,5.8,20.6,8.200000000000001,921.0,1.0079760111404712,1.009910022118113,0.5437412090734771,4192.369808624005,6474.84739392915,0.5572210640826075
77,2023-09-14,75.0,2023-09-14,5246.416666666667,0.0097632508961077,102.43132388093846,2253.904069576296,0.0900717521296786,2168.6244951379003,0.0865707397460937,7.28284558054307e-06,791.3937500000001,0.0626458333333333,0.0548333333333333,0.059006440258751,0.0015602190451537,0.0009021958559057,12.029166666666669,12.345833333333331,1.4424,791.3937500000001,79.51666666666667,9.908333333333331,2023-09-14,0.0865707397460937,1064.048403619315,2938.685032494785,2853.4712499100333,4183.409957396797,0.0674889931387635,0.1379889931387635,C3,6362.171871854087,257.0,257.0,4.2,9.683333333333334,787.4145833333333,79.3,70.55696150876808,0.8857142857142858,248.8444576747666,2023.0,4.2,18.2,6.6,927.6,1.0091048556761686,1.0109105136865786,0.2488444576747666,4187.41114858926,6454.598374746283,0.5305270960713206
78,2023-09-15,76.0,2023-09-15,5044.375,0.0099575913623717,100.43712343529936,2185.102197694545,0.1095749672254294,2089.38921577929,0.1065699259440104,8.487460528240939e-06,793.4375,0.0616666666666666,0.0532916666666666,0.0577652372907144,3.88759572208238e-05,2.24800021560684e-05,12.08125,12.108333333333334,5.1155,793.4375,88.29166666666667,10.8,2023-09-15,0.1065699259440104,1077.7901582861098,2848.9797811330736,2749.213646929298,4045.997166664194,0.0660693593119083,0.1365693593119083,C3,6110.637431056284,258.0,258.0,8.2,12.728,789.34,77.296,71.55696150876808,1.0,334.0505346153124,2023.0,5.8,17.4,6.6,934.2,1.0212206580400103,1.012600666523819,0.3340505346153124,4175.392542511835,6422.963280718316,0.5116430614506023
79,2023-09-16,77.0,2023-09-16,4939.5625,0.0100626421982556,99.38832569737498,2166.143213716448,0.1152821352870878,2091.2341214341445,0.105804443359375,6.631327293864071e-06,796.0916666666667,0.0632708333333333,0.0524583333333333,0.0582339133181114,0.0006133323943401,0.000354659139808,10.795833333333334,11.460416666666667,3.8774,796.0916666666667,82.07291666666667,8.733333333333333,2023-09-16,0.105804443359375,1070.4723642890904,2824.260680085345,2751.641169654752,4014.5334990077295,0.0666054105134143,0.1371054105134143,C3,6123.428680887764,259.0,259.0,3.8,12.52,791.5566666666667,71.08,72.3855329373395,0.8285714285714285,419.7408714262012,2023.0,0.6,22.2,8.6,942.8,1.0262035868715256,1.0145846805060725,0.4197408714262012,4162.111385642489,6396.783887048864,0.5049363633619539
80,2023-09-17,78.0,2023-09-17,5011.0625,0.0099904942160332,100.10543314690194,2190.438142861586,0.1078580211695046,2123.201955441779,0.0975456237792968,5.866862805651914e-06,795.7145833333334,0.0628125,0.05175,0.0576591194063914,9.119278574731444e-05,5.27321811929412e-05,10.520833333333334,11.0375,0.0,795.7145833333334,73.88541666666667,9.5625,2023-09-17,0.0975456237792968,1069.8891133068528,2855.936892754752,2793.7043739887417,4055.042595279027,0.0659479863035456,0.1364479863035456,C3,6207.901144479288,260.0,260.0,1.0,10.390476190476187,791.5666666666667,69.97142857142858,72.81410436591094,0.4285714285714285,378.49977755290354,2023.0,1.0,23.4,9.2,952.0,1.028069457694412,1.01580414978348,0.37849977755290354,4155.927023625017,6386.029390819349,0.4999361083092043
81,2023-09-18,79.0,2023-09-18,5020.9375,0.0099801624969265,100.20568910490591,2214.322719221156,0.1009893259157812,2137.2899598270155,0.0940564473470052,6.672346358837766e-06,793.4645833333334,0.0621041666666666,0.0510625,0.056960491121257,0.0009475018181894,0.0005478924363145,10.85,11.285416666666668,0.0,793.4645833333334,75.13125000000001,9.702083333333333,2023-09-18,0.0940564473470052,1066.5119648982295,2887.078079286502,2812.24133858174,4093.6935574725658,0.0651489257376951,0.1356489257376951,C3,6238.007007593911,261.0,261.0,3.4,9.5,789.4604166666667,74.91666666666667,73.58553293733951,0.7714285714285715,297.84465125852887,2023.0,3.4,21.8,8.4,960.4,1.0244665304641445,1.0166533769670152,0.2978446512585289,4150.237955108497,6371.17235829006,0.47500560457596464
82,2023-09-19,80.0,2023-09-19,4819.354166666667,0.0101870502310544,98.17255725030708,2139.9798479096166,0.1244252767464168,2057.144793849316,0.1159337361653645,7.449585037076545e-06,791.6291666666666,0.0653958333333333,0.050875,0.0586314147387097,0.0011005500809263,0.0006363925150847,10.310416666666669,10.739583333333334,4.4437,791.6291666666666,88.17708333333333,8.770833333333334,2023-09-19,0.1159337361653645,1075.2678532946209,2790.1483624698603,2706.786508827043,3969.0899993267712,0.0670600553035384,0.1375600553035384,C3,6028.783800901784,262.0,262.0,5.8,10.725,787.365625,82.05,74.58553293733951,1.0,231.3593396350089,2023.0,2.6,19.8,7.4,967.8,1.0259984954984596,1.0182024421905376,0.2313593396350089,4136.463765484626,6339.811270786583,0.4515594049115497
83,2023-09-20,81.0,2023-09-20,4914.916666666667,0.0100889170307168,99.13654030803852,2152.888558914881,0.1196376657136727,2087.631858565061,0.1070696512858073,5.798026728155984e-06,790.1770833333334,0.0663541666666666,0.0508333333333333,0.0591239057584965,0.0017041965659222,0.000985450782824,9.916666666666666,10.4,1.2587,790.1770833333334,75.16458333333334,9.18125,2023-09-20,0.1070696512858073,1074.9279720136806,2806.9789970705165,2746.9013202457863,3996.820687848116,0.0676233450547849,0.1381233450547849,C3,6126.682682158864,263.0,263.0,1.8,10.4,786.0525,69.97999999999999,75.12839008019665,0.5428571428571428,378.6325314288721,2023.0,1.4,23.0,9.0,976.8,1.0276082073219692,1.0194691653498091,0.3786325314288721,4123.295960605866,6312.386535560884,0.4388156302946498
84,2023-09-21,82.0,2023-09-21,5060.3125,0.0099419386104229,100.59556825125374,2171.7717602719786,0.1134524896220303,2105.6316075129057,0.10198974609375,5.821108505672275e-06,787.8916666666668,0.0655,0.050625,0.0585705955859953,0.0010260040155537,0.0005932862913386,10.91875,10.914583333333333,2.1158,787.8916666666668,63.54375,11.61875,2023-09-21,0.10198974609375,1093.1192151384364,2831.5992912270995,2770.585349566412,4027.582969242359,0.066990493008944,0.137490493008944,C3,6171.066742381344,264.0,264.0,4.2,11.433333333333332,784.0104166666666,63.333333333333336,76.01410436591094,0.8857142857142858,495.3696430205357,2023.0,4.2,21.8,8.4,985.2,1.0361081490339117,1.0217277324893812,0.4953696430205357,4111.827847010798,6288.266307066658,0.4248312905058765
85,2023-09-22,83.0,2023-09-22,5185.145833333333,0.0098209164442687,101.83092820235872,2197.265467838,0.105676883013389,2151.4238593240493,0.0905367533365885,3.950859127820484e-06,788.40625,0.0651666666666666,0.0501875,0.0581887370116675,0.0005579597733292,0.0003226399503475,10.55625,10.864583333333334,0.2501,788.40625,41.59166666666667,12.4625,2023-09-22,0.0905367533365885,1084.0553248074225,2864.8384950860063,2830.8386918599704,4071.856956083899,0.0665537398242106,0.1370537398242106,C3,6301.931474278352,265.0,265.0,4.2,12.275,784.53125,41.4,76.89981865162522,0.8857142857142858,836.9255062295679,2023.0,4.2,21.0,8.0,993.2,1.038915391232179,1.023547918788272,0.8369255062295679,4100.465440470325,6269.871496739791,0.44004870313621397
86,2023-09-23,84.0,2023-09-23,5157.5,0.0098479190328591,101.55662370511648,2207.444673911615,0.1029349328511079,2159.7110555177373,0.088812510172526,4.099707047303164e-06,790.9479166666666,0.0635208333333333,0.0495,0.0569893358954829,0.0009121467642444,0.0005274483946566,9.958333333333334,10.477083333333333,0.0,790.9479166666666,48.97291666666666,10.595833333333331,2023-09-23,0.088812510172526,1073.307342156284,2878.1103467743687,2841.74296603656,4081.207280064577,0.0651819171325545,0.1356819171325545,C3,6304.152531866103,266.0,266.0,0.6,10.383333333333333,787.0541666666667,48.76666666666667,77.27124722305379,0.3714285714285714,645.4704214482606,2023.0,0.6,19.8,7.4,1000.6,1.038397665454425,1.0244421147286447,0.6454704214482606,4089.3917698176274,6251.676073470655,0.44468260906665946
87,2023-09-24,85.0,2023-09-24,5174.104166666667,0.0098313090240675,101.72271832230588,2215.695246273654,0.1005144358132566,2167.40419382935,0.0869115193684895,4.126300925905488e-06,792.9333333333334,0.0618333333333333,0.0486041666666666,0.0556706277270406,0.0025284880144059,0.0014620968865814,8.814583333333333,9.729166666666666,0.0012,792.9333333333334,61.3375,7.360416666666667,2023-09-24,0.0869115193684895,1068.6340443644708,2888.867607403654,2851.865580183447,4085.9049324856414,0.0636736362374223,0.1341736362374223,C3,6305.0042483198185,267.0,267.0,-2.2,7.158333333333334,789.00625,61.125,77.27124722305379,0.0,393.7271963669869,2023.0,-2.2,21.0,8.0,1008.6,1.0305756424153378,1.0250051226105943,0.3937271963669869,4079.5133572251,6239.863708531653,0.4293536200246863
88,2023-09-25,86.0,2023-09-25,4964.3125,0.0100393126197474,99.63103690109098,2263.6864572739314,0.0876846580923669,2213.623034163763,0.0768839518229166,4.186778513489341e-06,796.1833333333334,0.0604583333333333,0.0480833333333333,0.0546935347031949,0.0037261114139427,0.0021546219979457,8.439583333333333,9.210416666666667,0.0,796.1833333333334,62.15833333333333,7.408333333333334,2023-09-25,0.0768839518229166,1064.131907984846,2951.4395044783714,2912.68022669976,4166.373056160724,0.0625560798470844,0.1330560798470844,C3,6422.88003575172,268.0,268.0,-2.2,7.233333333333333,792.21875,62.0,77.27124722305379,0.0,386.8491345124999,2023.0,-2.2,23.8,9.4,1018.0,1.0242109155019672,1.0252527342122046,0.3868491345124999,4078.8441800480687,6244.725325990423,0.4249166093003946
89,2023-09-26,87.0,2023-09-26,4996.166666666667,0.0100049504622246,99.95793259245382,2240.590235950462,0.093589575793492,2190.942344664836,0.0816129048665364,4.196995164726559e-06,795.5229166666667,0.0593125,0.0474375,0.0537806225266349,0.0048450683174187,0.0028016582486496,8.891666666666667,9.310416666666669,0.0,795.5229166666667,58.675,8.933333333333334,2023-09-26,0.0816129048665364,1059.8305487807008,2921.3261909498037,2882.8370262939616,4116.406011777401,0.0615119307109905,0.1320119307109905,C3,6341.672213058553,269.0,269.0,-1.4,8.733333333333333,791.6354166666666,58.49166666666667,77.35696150876808,0.0857142857142857,468.0236987395965,2023.0,-1.4,25.4,10.2,1028.1999999999998,1.0199056243831108,1.0266195411903638,0.46802369873959654,4077.0357162090218,6243.738305175492,0.4327913552130371
90,2023-09-27,88.0,2023-09-27,5124.083333333333,0.0098798242068528,101.22757001825931,2255.6047215531657,0.0894562011137062,2202.7265608092057,0.0789769490559895,4.44946917961247e-06,793.19375,0.0586041666666666,0.047125,0.0532566851090804,0.0054872586676133,0.003173004486505,9.489583333333334,9.722916666666666,0.0,793.19375,58.76666666666667,10.002083333333331,2023-09-27,0.0789769490559895,1059.501986646611,2940.902376425864,2898.3426714833777,4139.668118075688,0.0609126739413325,0.1314126739413325,C3,6366.677291644177,270.0,270.0,-0.6,9.791666666666666,789.375,58.56666666666666,77.55696150876808,0.1999999999999999,501.7263908519406,2023.0,-0.6,27.0,11.0,1039.1999999999998,1.0169883008111096,1.0269363275400167,0.5017263908519406,4074.827627634678,6243.642654016576,0.4297902967686416
91,2023-09-28,89.0,2023-09-28,5329.666666666667,0.0096873384033778,103.23853775341314,2264.581107008004,0.0874269417786848,2215.6386184959206,0.0764681498209635,4.091038958128043e-06,789.8270833333332,0.0576666666666666,0.0465833333333333,0.0525035810248592,0.0064103387137691,0.0037067750457722,9.916666666666666,10.03125,0.0,789.8270833333332,50.80833333333334,10.933333333333332,2023-09-28,0.0764681498209635,1065.391883673835,2952.6059666265755,2915.332328046248,4149.887000855365,0.0600513063321377,0.1305513063321376,C3,6390.162554040047,271.0,271.0,0.2,10.766666666666666,786.0437499999999,50.61666666666667,77.8712472230538,0.3142857142857143,638.2756780322854,2023.0,0.2,26.2,10.6,1049.7999999999995,1.017390812149868,1.0270282963137116,0.6382756780322855,4072.433130738861,6245.641988458429,0.4576068125084643
92,2023-09-29,90.0,2023-09-29,5482.895833333333,0.0095505151591818,104.71390300307311,2283.547558930582,0.0825384583508663,2237.1464371497136,0.0720456441243489,3.843898972084427e-06,788.6270833333333,0.05625,0.0462291666666666,0.0515818718163357,0.0075400781436461,0.0043600462867907,10.241666666666667,10.283333333333331,0.0,788.6270833333333,45.9125,11.7125,2023-09-29,0.0720456441243489,1058.8188776657166,2977.3348045291086,2943.6322676229124,4176.895052481105,0.0589970955345163,0.1294970955345163,C3,6437.259981700368,272.0,272.0,0.6,11.5,784.8666666666667,45.7,78.24267579448237,0.3714285714285714,736.843278745833,2023.0,0.6,25.4,10.2,1059.9999999999998,1.0170676240928012,1.0257296053445333,0.736843278745833,4081.7829797257837,6268.972170647293,0.4863777228035015
93,2023-09-30,91.0,2023-09-30,5564.833333333333,0.0094803132362874,105.49203893245142,2279.407499796152,0.0836242681448169,2229.136252588493,0.0736529032389323,4.17559598627138e-06,787.8000000000001,0.0550624999999999,0.0450416666666666,0.0503943718163357,0.0089955974772634,0.0052016995886518,10.104166666666666,10.283333333333331,0.0,787.8000000000001,51.64166666666667,10.691666666666668,2023-09-30,0.0736529032389323,1055.2002316056312,2971.9369129434745,2933.092484731424,4159.311389777287,0.0576388848205528,0.1281388848205528,C3,6393.134006202545,273.0,273.0,-0.2,10.475,783.9791666666666,51.43333333333334,78.49981865162522,0.2571428571428572,615.6310256158064,2023.0,-0.2,25.0,10.0,1069.9999999999998,1.0156933871168914,1.0246841418783095,0.6156310256158064,4092.1242576378945,6288.2368367412055,0.5003698766741876
94,2023-10-01,92.0,2023-10-01,5647.958333333333,0.0094097172400999,106.27920357891976,2283.6212369060536,0.0825598398138237,2219.7175327391137,0.075598398844401,5.337036802196614e-06,786.05625,0.0544375,0.0443958333333333,0.0497596667681368,0.0097735557667774,0.0056515535671987,11.03125,10.75625,0.1352,786.05625,54.83958333333334,12.666666666666666,2023-10-01,0.075598398844401,1050.7413234805483,2977.430867341482,2920.6993542648925,4161.6181063858585,0.0569129368654619,0.1274129368654619,C3,6355.401319082223,274.0,274.0,3.4,12.491666666666667,782.1979166666666,54.63333333333333,79.27124722305379,0.7714285714285715,657.2214637663145,2023.0,3.4,23.0,9.0,1078.9999999999998,1.0110131249114396,1.0233733678602173,0.6572214637663145,4099.736794145526,6298.772563498557,0.5202785685465741
95,2023-10-02,93.0,2023-10-02,5570.208333333333,0.0094765262638687,105.54015415000949,2272.742060067486,0.085483492354531,2199.5316779736486,0.0800704956054687,6.175560086203033e-06,787.5979166666666,0.0531666666666666,0.044,0.0488964454591567,0.0108316065494393,0.0062633708850428,10.633333333333333,10.885416666666666,0.0477,787.5979166666666,68.46666666666667,9.975,2023-10-02,0.0800704956054687,1059.8983855227268,2963.24637982362,2894.138851809417,4134.482832008354,0.0559256219767222,0.1264256219767222,C3,6281.6815948249705,275.0,275.0,5.0,9.783333333333331,783.5770833333332,68.27499999999999,80.27124722305379,1.0,383.9509677442221,2023.0,1.8,19.0,7.0,1085.9999999999998,1.0113579840674713,1.0229206311166748,0.3839509677442221,4102.650313755225,6301.892176872205,0.5264290197241236
96,2023-10-03,94.0,2023-10-03,5172.854166666667,0.0098322123928873,101.71141122040017,2119.861984891552,0.1307319172095869,2050.6797395353306,0.1174570719401041,6.245164773233789e-06,788.3166666666666,0.0647708333333333,0.044,0.0550949002790438,0.0032341574303667,0.0018701498613843,8.316666666666666,9.247916666666669,12.300699,788.3166666666666,91.54166666666669,5.1937500000000005,2023-10-03,0.1174570719401041,1073.6200705559725,2763.918291840421,2698.279804851585,3904.753718651182,0.063015144289471,0.1335151442894711,C3,5956.299525081461,276.0,276.0,2.6,6.628571428571428,784.5749999999999,85.27142857142857,80.92839008019665,0.6571428571428571,143.8379911029448,2023.0,1.4,10.2,2.6,1088.5999999999997,1.0172423785842966,1.0228078311109887,0.14383799110294482,4098.05486513554,6296.714728599325,0.5201774948289761
97,2023-10-04,95.0,2023-10-04,5103.375,0.0098995197820515,101.02396753652654,2130.1118880437293,0.127285491306231,2070.854251171707,0.111670176188151,5.299187060561672e-06,791.31875,0.0647916666666666,0.044,0.0551060285641783,0.0032205174858082,0.0018622625704981,7.56875,8.427083333333334,2.0197,791.31875,81.74791666666667,5.341666666666666,2023-10-04,0.111670176188151,1066.2599370077537,2777.282319788375,2724.82538204323,3923.7199872334872,0.0630278723367112,0.1335278723367112,C3,6015.350511513035,277.0,277.0,-0.2,6.894117647058824,787.0558823529412,74.04705882352941,81.1855329373395,0.2571428571428572,258.1273438835472,2023.0,-0.6,14.6,4.800000000000001,1093.3999999999996,1.0221999487668805,1.0222144553126982,0.2581273438835472,4092.83338652021,6288.762430696051,0.5115699814328816
98,2023-10-05,96.0,2023-10-05,4962.979166666667,0.0100386688408571,99.62433837176415,2158.643891887371,0.1175965958057772,2103.8983852415786,0.102423350016276,4.817973077951816e-06,796.1229166666667,0.0631458333333333,0.044,0.0542268940385569,0.004298073105928,0.0024853585505143,7.029166666666666,7.925,0.0,796.1229166666667,76.66041666666666,5.172916666666667,2023-10-05,0.102423350016276,1062.3412054023895,2814.482914868784,2768.304779586674,3969.3703983392015,0.0620223566047414,0.1325223566047414,C3,6095.855289034267,278.0,278.0,-2.6,4.975,791.9916666666667,76.45833333333333,81.1855329373395,0.0,204.99844406370292,2023.0,-2.6,18.2,6.6,1099.9999999999995,1.0229803310462389,1.0201075272621736,0.2049984440637029,4088.6753457414125,6283.3901840284025,0.49082918150739346
99,2023-10-06,97.0,2023-10-06,4920.020833333333,0.0100821418708926,99.19307476547864,2167.021054970944,0.1149727016061577,2111.31639707739,0.1005147298177083,4.88515481071772e-06,796.75625,0.0619583333333333,0.0440416666666666,0.0536119918822912,0.0050517589810671,0.0029211770180027,7.145833333333333,7.816666666666666,0.0,796.75625,74.65416666666667,5.9750000000000005,2023-10-06,0.1005147298177083,1057.414356112977,2825.4052270029874,2778.0653829333746,3979.909401893148,0.0613190583338535,0.1318190583338535,C3,6108.567881325417,279.0,279.0,-2.2,6.052173913043478,792.6217391304348,73.35652173913044,81.1855329373395,0.0,250.04704230318208,2023.0,-2.2,19.8,7.4,1107.3999999999996,1.01780325987495,1.018283802963011,0.2500470423031821,4082.107663299216,6269.578498817479,0.44890929122693735
100,2023-10-07,98.0,2023-10-07,4955.25,0.0100460254436619,99.5482842227196,2180.051367915558,0.1109849965177388,2124.217591436471,0.0972849527994791,4.868920868800261e-06,796.1083333333332,0.0609583333333333,0.0442708333333333,0.0531845897260255,0.0055756260140561,0.0032241028588815,7.14375,7.75625,0.0,796.1083333333332,73.16041666666666,6.395833333333333,2023-10-07,0.0972849527994791,1063.0909805348442,2842.394408634954,2795.040745554094,4000.43088309862,0.0608302143862231,0.1313302143862231,C3,6138.931555534521,280.0,280.0,-2.2,6.327659574468084,792.0723404255319,72.38297872340425,81.1855329373395,0.0,264.1665053925676,2023.0,-2.2,21.0,8.0,1115.3999999999996,1.0167909062846978,1.0175844354906138,0.26416650539256764,4076.33792065879,6257.777000508081,0.4216732972229593
101,2023-10-08,99.0,2023-10-08,5095.854166666667,0.0099073268475318,100.94777110183516,2190.7506077981893,0.1076986483226999,2139.920260976358,0.093365987141927,4.400861964489198e-06,794.3354166666667,0.0607083333333333,0.0443125,0.0530704604008099,0.0057155143840637,0.0033049932364873,7.16875,7.73125,0.0,794.3354166666667,66.53541666666666,6.810416666666666,2023-10-08,0.093365987141927,1058.0962394371213,2856.344290764618,2815.702282938442,4019.1481078463394,0.0606996782411407,0.1311996782411408,C3,6182.225602011974,281.0,281.0,-2.6,6.633333333333333,790.4229166666668,66.34166666666667,81.1855329373395,0.0,328.8122790052176,2023.0,-2.6,22.2,8.6,1123.9999999999995,1.0154348111246112,1.0168630634141607,0.3288122790052176,4071.5695760416975,6249.007097200377,0.41703651741140435
102,2023-10-09,100.0,2023-10-09,5295.104166666667,0.0097182466529313,102.90556359283693,2215.387958257232,0.1005362295702757,2167.1036915502195,0.086920420328776,4.12544156923462e-06,790.4458333333333,0.0597291666666666,0.0442291666666666,0.0525086108066953,0.0064041737077006,0.0037032101342016,7.04375,7.629166666666666,0.0027,790.4458333333333,63.14791666666667,6.866666666666667,2023-10-09,0.086920420328776,1056.809216715266,2888.4669591654647,2851.470179958118,4059.780577911968,0.0600570591772566,0.1305570591772566,C3,6252.022516508007,282.0,282.0,-2.2,6.658333333333334,786.6166666666667,62.96666666666667,81.1855329373395,0.0,362.4064551672208,2023.0,-2.2,21.8,8.4,1132.3999999999996,1.0152414935302825,1.0163617839690786,0.3624064551672208,4063.9558275953573,6236.802988682968,0.41529061174388443
103,2023-10-10,101.0,2023-10-10,5487.958333333333,0.0095457912414232,104.7634093220596,2207.865683400643,0.1025564884472762,2160.374665289368,0.088422139485677,4.074731703029795e-06,785.8020833333334,0.0599166666666666,0.0441041666666666,0.052550535083712,0.0063527871007568,0.0036734958553139,6.879166666666666,7.527083333333334,0.0,785.8020833333334,60.99583333333334,5.852083333333333,2023-10-10,0.088422139485677,1057.7133731385277,2878.6592673343184,2842.6161422866453,4046.335756364883,0.0601050103370201,0.1306050103370201,C3,6232.0785006706765,283.0,283.0,-2.6,5.666666666666667,781.9562500000001,60.775,81.1855329373395,0.0,358.4175704157197,2023.0,-2.6,18.2,6.6,1138.9999999999995,1.013523565183469,1.016216851376405,0.3584175704157197,4058.950809351606,6228.97486636955,0.40746160257789316
104,2023-10-11,102.0,2023-10-11,5730.75,0.0093416190956108,107.05488179302056,2202.1004414457752,0.1044376742850856,2137.285567079301,0.0942497253417968,5.632898774345637e-06,778.6875,0.0591666666666666,0.0440833333333333,0.0521402117706731,0.0068557205872091,0.0039643168837348,7.183333333333334,7.520833333333333,0.5155,778.6875,75.97916666666667,6.5062500000000005,2023-10-11,0.0942497253417968,1060.7157182419592,2871.1424300074013,2812.235558614143,4032.447931016904,0.0596357004254762,0.1301357004254762,C3,6158.587748604154,284.0,284.0,1.4,6.316666666666666,774.7770833333334,75.78333333333333,81.67124722305378,0.4857142857142857,231.46515982192292,2023.0,1.4,14.2,4.6,1143.5999999999997,1.0143603828536825,1.0162999381375692,0.23146515982192292,4051.2922245616933,6214.111327580977,0.38815722893289195
105,2023-10-12,,,,,,,,,,,,,,,,,,,,,,,,,,,,,,,,,,285.0,1.0,3.9866666666666655,775.0333333333333,90.06666666666666,82.09981865162521,0.4285714285714285,80.70815468224724,2023.0,0.2,5.0,0.0,1143.5999999999997,,,0.08070815468224724,,,0.3483309772650321
106,2023-10-13,103.0,2023-10-13,4822.125,0.0101848064054169,98.1985712398014,1999.2783522357904,0.1802487539442351,1946.792853366832,0.1532541910807291,4.993043925922468e-06,789.0812500000001,0.1669375,0.0586041666666666,0.1164712493657921,0.0719948638097202,0.0416309927618051,6.320833333333333,6.841666666666666,9.4788,789.0812500000001,82.03125,3.78125,2023-10-13,0.1532541910807291,1041.1540963162963,2606.6989490864275,2561.5856728849367,4075.6727035644126,0.1332147357956473,0.2037147357956473,C3,6401.152902259613,286.0,286.0,-1.0,3.930232558139535,785.0,79.74883720930232,82.24267579448235,0.1428571428571428,163.88783945668328,2023.0,-1.8,10.2,2.6,1146.1999999999994,,,0.16388783945668328,,,0.30740558874437857
107,2023-10-14,104.0,2023-10-14,4687.0,0.0103296016246598,96.81599308417788,2023.2148148309952,0.1690793138579408,1976.7104115046693,0.1418126424153646,4.354359247024308e-06,794.3395833333334,0.1571875,0.0597291666666666,0.1117872845256106,0.0662537258030949,0.0383111826788243,4.991666666666666,6.039583333333333,0.0,794.3395833333334,83.29583333333333,1.9625,2023-10-14,0.1418126424153646,1046.5214590369812,2637.9077859259755,2600.951128824971,4097.460046803906,0.1278574210758471,0.1983574210758471,C3,6464.763562891744,287.0,287.0,-3.8,2.102222222222222,790.2133333333333,81.95555555555555,82.24267579448235,0.0,128.26358011849936,2023.0,-3.8,13.4,4.199999999999999,1150.3999999999994,,,0.12826358011849937,,,0.27259362835171375
108,2023-10-15,105.0,2023-10-15,4589.395833333333,0.0104390316598043,95.80211413231144,2032.0541822390508,0.1652201018600245,1987.8383011538288,0.1379025777180989,4.117745836573944e-06,798.4187499999999,0.149,0.0612916666666666,0.1081417470826894,0.0617853887676444,0.0357273690991251,4.84375,5.604166666666667,0.1407,798.4187499999999,75.93958333333333,3.389583333333333,2023-10-15,0.1379025777180989,1040.1492657118383,2649.4327292673565,2615.5931810830907,4093.9046023276223,0.1236878143279476,0.1941878143279476,C3,6463.605585424119,288.0,288.0,-4.6,3.1666666666666665,794.28125,75.73333333333333,82.24267579448235,0.0,186.07110628962664,2023.0,-4.6,17.4,6.199999999999999,1156.5999999999997,0.99921368890816,,0.18607110628962664,,,0.23894003138909317
109,2023-10-16,106.0,2023-10-16,4624.895833333333,0.0103994922281098,96.17005355966388,2032.2214117040176,0.164965100432186,1984.9192082931943,0.1387990315755208,4.411961922555518e-06,798.2624999999999,0.1419375,0.0630208333333333,0.1051747774226193,0.0581487725971284,0.0336244976794034,5.154166666666667,5.6625000000000005,0.0,798.2624999999999,73.13125000000001,5.039583333333334,2023-10-16,0.1387990315755208,1036.9644985506457,2649.650766375645,2611.752245239973,4076.549516184803,0.1202943238182114,0.1907943238182114,C3,6420.461407564773,289.0,289.0,-3.4,4.841666666666667,794.2291666666666,72.94166666666666,82.24267579448235,0.0,233.43676058432197,2023.0,-3.4,21.8,8.4,1164.9999999999995,0.9978752816513776,,0.23343676058432197,,,0.22818901659195742
110,2023-10-17,107.0,2023-10-17,4828.375,0.0101776948478379,98.26385961459876,2046.943037840695,0.1585618701214589,1997.202719617457,0.1344795227050781,4.612373741218334e-06,793.5083333333333,0.1409166666666666,0.0644166666666666,0.1052797296803567,0.0582774126310178,0.0336988837124666,5.795833333333333,6.0687500000000005,0.0,793.5083333333333,69.25833333333334,6.979166666666667,2023-10-17,0.1344795227050781,1039.1433277881947,2668.845115844996,2627.9148619079638,4106.714384487261,0.1204143636337175,0.1909143636337175,C3,6461.975035134712,290.0,290.0,-1.8,6.75,789.5375,69.03333333333333,82.26695728982517,0.0242814953428127,304.9564596761275,2023.0,-1.8,23.0,9.0,1173.9999999999995,0.995518266740345,,0.3049564596761275,,,0.23969747863289909
111,2023-10-18,108.0,2023-10-18,4908.479166666667,0.0100936980936752,99.07761369080932,2063.5697812870103,0.1517786254488305,2016.8148235959527,0.1279691060384114,4.292880958548215e-06,793.1875,0.1338333333333333,0.0653333333333333,0.1019231348553957,0.0541632327044069,0.0313198612977818,6.11875,6.375,0.0,793.1875,62.20416666666667,7.160416666666666,2023-10-18,0.1279691060384114,1031.603423384546,2690.523395220037,2653.7204243639594,4119.501789642652,0.1165752368516574,0.1870752368516574,C3,6485.792202211745,291.0,291.0,-2.2,6.991666666666667,789.24375,61.99166666666667,82.26695728982517,0.0,380.5718500684514,2023.0,-2.2,21.0,8.0,1181.9999999999995,0.9927882153067826,,0.3805718500684514,,,0.24844351478896365
112,2023-10-19,109.0,2023-10-19,4778.020833333333,0.0102311305750146,97.75031173684566,2081.207577143827,0.1451734121469387,2031.3941792934063,0.1235580444335937,4.539878663097781e-06,796.4875000000001,0.127375,0.0662083333333333,0.0988809784880703,0.0504344601498562,0.0291637004966559,5.8625,6.264583333333333,0.0,796.4875000000001,69.18124999999999,6.3875,2023-10-19,0.1235580444335937,1051.8180919623196,2713.519904872007,2672.903907912249,4135.66958116321,0.1130957510650018,0.1835957510650017,C3,6495.858652012126,292.0,292.0,-2.2,6.2,792.4916666666667,68.95,82.26695728982517,0.0,294.396397052757,2023.0,-2.2,22.2,8.6,1190.5999999999997,0.9975333384244405,,0.294396397052757,,,0.25482908285961037
113,2023-10-20,110.0,2023-10-20,4829.25,0.0101770166339987,98.27197167295834,2112.545429909368,0.1332383270906665,2070.576914121081,0.1116053263346354,3.753700558662815e-06,795.4541666666668,0.1223333333333333,0.0668958333333333,0.0965082000760973,0.0475261444841583,0.027481968467164,5.489583333333333,6.029166666666666,0.0,795.4541666666668,61.61041666666667,5.941666666666666,2023-10-20,0.1116053263346354,1056.1551910557491,2754.3788216802686,2724.460462573644,4182.7028755143565,0.1103818705925782,0.1808818705925782,C3,6592.326622207931,293.0,293.0,-3.4,5.783333333333334,791.5104166666666,61.44166666666666,82.26695728982517,0.0,355.18969185272897,2023.0,-3.4,23.0,9.0,1199.5999999999997,1.0029679415826143,,0.355189691852729,,,0.2623392721131494
114,2023-10-21,111.0,2023-10-21,5066.229166666667,0.0099356993702222,100.65579554121828,2109.201370289272,0.1345277442884227,2069.55755198617,0.1119639078776041,3.547276499672754e-06,790.7395833333334,0.1160625,0.0666875,0.0930615357686398,0.0433015663485854,0.0250391083452455,5.391666666666667,5.852083333333333,0.0,790.7395833333334,56.81875,6.652083333333334,2023-10-21,0.1119639078776041,1040.1981698225277,2750.018770120845,2723.1191881613445,4153.720501462486,0.1064397262643051,0.1769397262643051,C3,6545.609132181822,294.0,294.0,-3.0,6.458333333333333,786.8270833333332,56.61666666666667,82.26695728982517,0.0,418.7358466164876,2023.0,-3.0,24.2,9.6,1209.1999999999994,1.0057136159041706,,0.4187358466164876,,,0.2733799393434294
115,2023-10-22,112.0,2023-10-22,5187.3125,0.0098195503152934,101.84979154689368,2090.0008404842174,0.1414417740780582,2049.5337519660043,0.1177393595377604,3.658387909039611e-06,787.2958333333332,0.1102708333333333,0.0662291666666666,0.089754361440888,0.0392479611496924,0.022695113235534,5.666666666666667,5.96875,0.0,787.2958333333332,53.29583333333333,7.485416666666667,2023-10-22,0.1177393595377604,1037.5716658440908,2724.984736811393,2696.771916976502,4094.355629064906,0.1026571244917599,0.1731571244917598,C3,6445.63045638374,295.0,295.0,-1.4,7.283333333333334,783.3916666666668,53.09166666666667,82.32243924084284,0.0554819510176674,479.1769900216998,2023.0,-1.4,23.0,9.0,1218.1999999999994,1.0011624582116163,,0.4791769900216998,,,0.28412027584460675
116,2023-10-23,113.0,2023-10-23,5363.833333333333,0.0096562191348902,103.56967058497791,2138.400446577361,0.1242182289734463,2096.0605616511043,0.1045239766438802,3.741774834863213e-06,784.0749999999999,0.1060208333333333,0.0658333333333333,0.0872997953576819,0.0362393982951681,0.0209554133209517,5.589583333333334,5.9437500000000005,0.0,784.0749999999999,56.15,7.002083333333334,2023-10-23,0.1045239766438802,1056.3826001227264,2788.089107545016,2757.9917888741616,4172.612351578449,0.0998496988476825,0.1703496988476825,C3,6555.608298152772,296.0,296.0,-1.8,6.791666666666667,780.1770833333334,55.95,82.33979817119673,0.0173589303538945,435.045000123786,2023.0,-1.8,20.6,7.800000000000001,1225.999999999999,1.0012351062228397,,0.435045000123786,,,0.2893087433415042
117,2023-10-24,114.0,2023-10-24,5338.208333333333,0.0096792094314085,103.3225785289098,2129.111627880776,0.1274676586445512,2086.1025669930423,0.1072959899902343,3.818470078947772e-06,785.0708333333333,0.1029166666666666,0.0653333333333333,0.085408759715876,0.0339215549796247,0.0196151216225409,5.585416666666667,5.927083333333333,0.0,785.0708333333333,56.6375,6.2625,2023-10-24,0.1072959899902343,1037.279633054228,2775.978160658823,2744.889081823105,4141.672216574686,0.097686814747314,0.168186814747314,C3,6499.180751928375,297.0,297.0,-2.2,6.041666666666667,781.1,56.44166666666666,82.33979817119673,0.0,408.4945396268198,2023.0,-2.2,17.4,6.199999999999999,1232.1999999999994,1.0003027516130716,,0.4084945396268198,,,0.2928856697137257
118,2023-10-25,115.0,2023-10-25,5303.104166666667,0.0097112593443698,102.98204718289011,2127.913582324777,0.1278013545003464,2083.936955512373,0.1078389485677083,3.908758574371152e-06,786.85,0.0990833333333333,0.064625,0.0830311836123756,0.0310073587810637,0.0179299891779623,5.404166666666666,5.8375,0.0,786.85,61.82916666666667,5.820833333333333,2023-10-25,0.1078389485677083,1044.6112980984813,2774.4161249931603,2742.039575090879,4123.097025157847,0.0949674468845453,0.1654674468845453,C3,6461.22290871225,298.0,298.0,-2.6,5.65,782.8625000000001,61.61666666666667,82.33979817119673,0.0,350.32126446080247,2023.0,-2.6,17.8,6.4,1238.5999999999997,1.0025516297682977,,0.3503212644608025,,,0.30137539147364567
119,2023-10-26,116.0,2023-10-26,5419.25,0.0096058627911096,104.1064414990772,2132.890336748647,0.126071067133705,2088.859996650589,0.1064186096191406,3.901995402812976e-06,784.8291666666668,0.095375,0.064,0.0807591974124774,0.0282225841792419,0.0163196947047606,5.71875,5.9,0.0,784.8291666666668,45.12916666666666,9.089583333333334,2023-10-26,0.1064186096191406,1052.2083923857206,2780.904916567408,2748.517301585954,4117.030915521297,0.0923688481488157,0.1628688481488157,C3,6445.023565077271,299.0,299.0,1.0,8.883333333333333,780.7875,44.925,82.54986667605088,0.2100685048541432,627.3281340433804,2023.0,-0.2,14.2,4.6,1243.1999999999994,1.001218139004022,1.0002573142595044,0.6273281340433804,4120.761724217707,6481.300791581642,0.3404196757137266
120,2023-10-27,117.0,2023-10-27,4930.4375,0.0100722961956488,99.29534640348125,2004.827182703376,0.178311075066384,1950.7776067022576,0.1521492004394531,5.126369667950492e-06,789.0833333333334,0.1255,0.0661875,0.0978697277777711,0.049194969657246,0.0284469657603758,4.972916666666666,5.545833333333333,5.4509997,789.0833333333334,88.00208333333335,3.208333333333333,2023-10-27,0.1521492004394531,1042.19575616998,2613.933624804463,2566.8288023921946,3977.7433194626337,0.111939126602491,0.182439126602491,C3,6226.8080164738,300.0,300.0,-0.2,5.766666666666667,784.2458333333334,75.76666666666667,82.66600738730018,0.116140711249306,222.97347956842927,2023.0,-0.2,12.2,3.6,1246.7999999999993,1.00278864176381,1.0003286217411662,0.22297347956842928,4113.766768210437,6468.847585454084,0.3446400785788513
121,2023-10-28,118.0,2023-10-28,4834.8125,0.0101737308124231,98.32029180209446,1938.5439349207693,0.2155292806329329,1882.0490076569083,0.1847686767578125,5.572418070388472e-06,786.0770833333332,0.2059791666666666,0.0905,0.1521840845002408,0.1157681033856995,0.066942845906839,5.252083333333333,5.53125,8.7664995,786.0770833333332,87.55624999999999,4.21875,2023-10-28,0.1847686767578125,1013.8316024520284,2527.5122057240555,2476.395865817793,4134.807346672849,0.1740615192109059,0.244561519210906,C3,6538.774454685733,301.0,301.0,1.4,4.2372093023255815,781.9186046511628,85.89767441860465,82.86684721152918,0.2008398242289998,116.6177091386169,2023.0,-0.2,5.8,0.4000000000000003,1247.1999999999994,0.9929557722810848,0.9980908170098938,0.1166177091386169,4116.43443248679,6474.1340777250825,0.34380823065171684
122,2023-10-29,119.0,2023-10-29,4524.270833333333,0.0105146953543626,95.1175240421203,1882.9719316032536,0.2473548792463077,1840.5478545904448,0.2033767700195312,4.272038715614679e-06,789.2541666666666,0.2444583333333333,0.1500833333333333,0.2004944649923791,0.1749821604978786,0.1011833438060991,3.8541666666666665,4.766666666666667,31.5481,789.2541666666666,91.7125,-0.6145833333333334,2023-10-29,0.2033767700195312,1028.2332394611926,2455.0563205871013,2421.7887416343424,4223.175721979503,0.229316825636232,0.299816825636232,C3,6756.602047756273,302.0,302.0,-3.0,-0.9225806451612903,786.0774193548388,86.95483870967742,82.86684721152918,0.0,74.48605233599898,2023.0,-4.6,0.6,0.0,1247.1999999999994,0.985296679343873,0.9972750979243004,0.07448605233599898,4125.668083890496,6495.062396463094,0.33583786965502915
123,2023-10-30,,,,,,,,,,,,,,,,,,,,,,,,,,,,,,,,,,303.0,-11.0,-4.541666666666667,791.9666666666667,77.68333333333334,82.86684721152918,0.0,97.31513675018792,2023.0,-11.0,3.4,0.0,1247.1999999999994,,,0.09731513675018792,,,0.32611489652401954
124,2023-10-31,,,,,,,,,,,,,,,,,,,,,,,,,,,,,,,,,,304.0,-11.4,-5.216666666666667,793.5583333333334,81.59166666666667,82.86684721152918,0.0,76.2650989819303,2023.0,-11.4,7.0,1.0,1248.1999999999994,,,0.07626509898193029,,,0.3097797993315769
125,2023-11-01,,,,,,,,,,,,,,,,,,,,,,,,,,,,,,,,,,305.0,-8.2,-1.775,791.5458333333332,78.79166666666667,82.86684721152918,0.0,113.73153597345076,2023.0,-8.2,13.0,4.0,1252.1999999999994,,,0.11373153597345076,,,0.2907197768962197
126,2023-11-02,,,,,,,,,,,,,,,,,,,,,,,,,,,,,,,,,,306.0,-5.0,1.3416666666666668,789.9333333333334,67.99166666666666,82.86684721152918,0.0,215.44147459676765,2023.0,-5.0,15.0,5.0,1257.1999999999994,,,0.21544147459676766,,,0.28508013957793477
127,2023-11-03,,,,,,,,,,,,,,,,,,,,,,,,,,,,,,,,,,307.0,-1.8,4.458333333333333,789.9375,57.01666666666667,82.87234172011146,0.0054945085822808,361.0053405697892,2023.0,-1.8,16.2,5.6,1262.7999999999993,,,0.3610053405697892,,,0.2854955430577248
128,2023-11-04,,,,,,,,,,,,,,,,,,,,,,,,,,,,,,,,,,308.0,-4.6,2.858333333333333,791.375,69.88333333333334,82.87234172011146,0.0,225.92959308255504,2023.0,-4.6,17.0,6.0,1268.7999999999993,,,0.22592959308255506,,,0.27172366780530105
129,2023-11-05,,,,,,,,,,,,,,,,,,,,,,,,,,,,,,,,,,309.0,-2.6,4.658333333333333,788.1666666666666,58.775,82.87234172011146,0.0,351.1231825221426,2023.0,-2.6,17.8,6.4,1275.1999999999994,,,0.3511231825221426,,,0.2625769672696184
130,2023-11-06,,,,,,,,,,,,,,,,,,,,,,,,,,,,,,,,,,310.0,-0.6,8.700000000000001,783.8208333333333,39.025,82.88980930526807,0.0174675851566126,685.9684422668623,2023.0,-0.6,17.0,6.0,1281.1999999999994,,,0.6859684422668624,,,0.2805000702798381
131,2023-11-07,,,,,,,,,,,,,,,,,,,,,,,,,,,,,,,,,,311.0,9.0,12.291666666666666,780.9416666666666,25.116666666666664,82.94024263199242,0.0504333267243412,1070.657487904185,2023.0,9.0,15.0,7.0,1288.1999999999994,,,1.070657487904185,,,0.32779742372822135
132,2023-11-08,,,,,,,,,,,,,,,,,,,,,,,,,,,,,,,,,,312.0,-1.0,5.066666666666666,782.2270833333333,60.708333333333336,82.943056689854,0.0028140578615891,344.3438024368854,2023.0,-3.4,7.8,1.4000000000000004,1289.5999999999997,,,0.34434380243688545,,,0.3273704621550844
133,2023-11-09,,,,,,,,,,,,,,,,,,,,,,,,,,,,,,,,,,313.0,-5.0,-1.3916666666666666,789.0500000000001,85.16666666666667,82.943056689854,0.0,81.82619135656549,2023.0,-8.2,5.4,0.2000000000000001,1289.7999999999995,,,0.08182619135656549,,,0.28840603767745476
134,2023-11-10,,,,,,,,,,,,,,,,,,,,,,,,,,,,,,,,,,314.0,-11.4,-4.825,788.6541666666667,76.11666666666666,82.943056689854,0.0,101.9357575143291,2023.0,-11.4,8.6,1.7999999999999998,1291.5999999999997,,,0.1019357575143291,,,0.2797604861021619
135,2023-11-11,,,,,,,,,,,,,,,,,,,,,,,,,,,,,,,,,,315.0,-9.4,-2.733333333333333,788.9145833333333,69.48333333333333,82.943056689854,0.0,152.41855125995951,2023.0,-9.4,11.0,3.0,1294.5999999999997,,,0.1524185512599595,,,0.2823176891108293
136,2023-11-12,,,,,,,,,,,,,,,,,,,,,,,,,,,,,,,,,,316.0,-9.4,-2.2333333333333334,792.34375,63.35,82.943056689854,0.0,189.98272025249275,2023.0,-9.4,12.2,3.6,1298.1999999999994,,,0.18998272025249274,,,0.2905674511048645
137,2023-11-13,,,,,,,,,,,,,,,,,,,,,,,,,,,,,,,,,,317.0,-8.2,-0.75,792.2833333333333,61.525,82.943056689854,0.0,222.4833353535185,2023.0,-8.2,17.0,6.0,1304.1999999999994,,,0.2224833353535185,,,0.29950803671938814
138,2023-11-14,,,,,,,,,,,,,,,,,,,,,,,,,,,,,,,,,,318.0,-6.2,1.125,789.8708333333334,53.708333333333336,82.943056689854,0.0,306.7549547673674,2023.0,-6.2,15.0,5.0,1309.1999999999994,,,0.3067549547673674,,,0.3159715978469193
139,2023-11-15,,,,,,,,,,,,,,,,,,,,,,,,,,,,,,,,,,319.0,-7.0,0.425,790.0458333333332,61.6,82.943056689854,0.0,241.90178762287383,2023.0,-7.0,12.6,3.8000000000000007,1312.999999999999,,,0.24190178762287382,,,0.32512661582187813
140,2023-11-16,,,,,,,,,,,,,,,,,,,,,,,,,,,,,,,,,,320.0,-1.0,3.2583333333333333,785.9625,74.58333333333333,82.943056689854,0.0,196.1588051029578,2023.0,-1.0,9.4,2.2,1315.1999999999994,,,0.1961588051029578,,,0.323749282286606
141,2023-11-17,,,,,,,,,,,,,,,,,,,,,,,,,,,,,,,,,,321.0,-0.2,5.562962962962962,787.1888888888889,75.64444444444445,82.943056689854,0.0,220.95122994661352,2023.0,-3.8,13.8,4.4,1319.5999999999997,,,0.22095122994661354,,,0.3137454172420934
142,2023-11-18,,,,,,,,,,,,,,,,,,,,,,,,,,,,,,,,,,322.0,-6.2,-0.9583333333333334,786.65625,81.81666666666666,82.943056689854,0.0,103.55235274169284,2023.0,-6.2,10.2,2.6,1322.1999999999994,,,0.10355235274169285,,,0.3050041857891747
143,2023-11-19,,,,,,,,,,,,,,,,,,,,,,,,,,,,,,,,,,323.0,-0.6,2.157142857142857,779.8821428571429,93.41428571428573,82.943056689854,0.0,46.9967519486928,2023.0,-0.6,6.2,0.5999999999999996,1322.7999999999993,,,0.046996751948692794,,,0.2832808693196426
144,2023-11-20,,,,,,,,,,,,,,,,,,,,,,,,,,,,,,,,,,324.0,-0.6,1.9375,786.325,85.075,82.943056689854,0.0,104.84684600487404,2023.0,-2.2,5.4,0.2000000000000001,1322.999999999999,,,0.10484684600487404,,,0.24177218387235772
145,2023-11-21,,,,,,,,,,,,,,,,,,,,,,,,,,,,,,,,,,325.0,-4.6,0.3333333333333333,795.9020833333334,80.75,82.943056689854,0.0,120.4621317956044,2023.0,-5.4,6.6,0.7999999999999998,1323.7999999999993,,,0.1204621317956044,,,0.17390108700745913
146,2023-11-22,,,,,,,,,,,,,,,,,,,,,,,,,,,,,,,,,,326.0,-8.2,-2.841666666666667,793.8729166666667,84.81666666666666,82.943056689854,0.0,75.22495240806076,2023.0,-8.2,9.0,2.0,1325.7999999999993,,,0.07522495240806076,,,0.15467831200540022
147,2023-11-23,,,,,,,,,,,,,,,,,,,,,,,,,,,,,,,,,,327.0,-7.0,-2.35,783.3083333333334,82.38333333333334,82.943056689854,0.0,90.53242361257767,2023.0,-7.0,6.2,0.5999999999999996,1326.3999999999992,,,0.09053242361257767,,,0.1553001857379725
148,2023-11-24,,,,,,,,,,,,,,,,,,,,,,,,,,,,,,,,,,328.0,-1.0,0.7416666666666667,777.5583333333334,82.94166666666666,82.943056689854,0.0,109.95227269770102,2023.0,-1.4,4.2,0.0,1326.3999999999992,,,0.10995227269770103,,,0.15587279396535622
149,2023-11-25,,,,,,,,,,,,,,,,,,,,,,,,,,,,,,,,,,329.0,-6.6,-3.3739130434782605,779.3804347826087,89.14782608695653,82.943056689854,0.0,51.670127643810126,2023.0,-9.4,-0.6,0.0,1326.3999999999992,,,0.051670127643810126,,,0.1486764779927741
150,2023-11-26,,,,,,,,,,,,,,,,,,,,,,,,,,,,,,,,,,330.0,-11.0,-7.1000000000000005,787.8937500000001,81.52499999999999,82.943056689854,0.0,66.24524180418895,2023.0,-13.4,-1.4,0.0,1326.3999999999992,,,0.06624524180418895,,,0.1398380866750381
151,2023-11-27,,,,,,,,,,,,,,,,,,,,,,,,,,,,,,,,,,331.0,-16.2,-10.308333333333334,790.4916666666667,82.73333333333333,82.943056689854,0.0,48.13924372262668,2023.0,-16.2,1.4,0.0,1326.3999999999992,,,0.04813924372262668,,,0.12738493727283157
152,2023-11-28,,,,,,,,,,,,,,,,,,,,,,,,,,,,,,,,,,332.0,-15.4,-9.133333333333333,793.19375,82.175,82.943056689854,0.0,54.53794793511479,2023.0,-15.4,3.8,0.0,1326.3999999999992,,,0.054537947935114794,,,0.10936943678481352
153,2023-11-29,,,,,,,,,,,,,,,,,,,,,,,,,,,,,,,,,,333.0,-9.0,-6.75,790.3,87.5,82.943056689854,0.0,46.04873007405919,,,,,,,,0.04604873007405919,,,0.09537993267418389
154,2023-11-30,,,,,,,,,,,,,,,,,,,,,,,,,,,,,,,,,,,,,,,,,,,,,,,,,,,,
155,2023-12-01,,,,,,,,,,,,,,,,,,,,,,,,,,,,,,,,,,,,,,,,,,,,,,,,,,,,
156,2023-12-02,,,,,,,,,,,,,,,,,,,,,,,,,,,,,,,,,,,,,,,,,,,,,,,,,,,,
157,2023-12-03,,,,,,,,,,,,,,,,,,,,,,,,,,,,,,,,,,,,,,,,,,,,,,,,,,,,
158,2023-12-04,,,,,,,,,,,,,,,,,,,,,,,,,,,,,,,,,,,,,,,,,,,,,,,,,,,,
159,2023-12-05,,,,,,,,,,,,,,,,,,,,,,,,,,,,,,,,,,,,,,,,,,,,,,,,,,,,
160,2023-12-06,,,,,,,,,,,,,,,,,,,,,,,,,,,,,,,,,,,,,,,,,,,,,,,,,,,,
161,2023-12-07,,,,,,,,,,,,,,,,,,,,,,,,,,,,,,,,,,,,,,,,,,,,,,,,,,,,
162,2023-12-08,,,,,,,,,,,,,,,,,,,,,,,,,,,,,,,,,,,,,,,,,,,,,,,,,,,,
163,2023-12-09,,,,,,,,,,,,,,,,,,,,,,,,,,,,,,,,,,,,,,,,,,,,,,,,,,,,
164,2023-12-10,,,,,,,,,,,,,,,,,,,,,,,,,,,,,,,,,,,,,,,,,,,,,,,,,,,,
165,2023-12-11,,,,,,,,,,,,,,,,,,,,,,,,,,,,,,,,,,,,,,,,,,,,,,,,,,,,
166,2023-12-12,,,,,,,,,,,,,,,,,,,,,,,,,,,,,,,,,,,,,,,,,,,,,,,,,,,,
167,2023-12-13,,,,,,,,,,,,,,,,,,,,,,,,,,,,,,,,,,,,,,,,,,,,,,,,,,,,
168,2023-12-14,,,,,,,,,,,,,,,,,,,,,,,,,,,,,,,,,,,,,,,,,,,,,,,,,,,,
169,2023-12-15,,,,,,,,,,,,,,,,,,,,,,,,,,,,,,,,,,,,,,,,,,,,,,,,,,,,
170,2023-12-16,,,,,,,,,,,,,,,,,,,,,,,,,,,,,,,,,,,,,,,,,,,,,,,,,,,,
171,2023-12-17,,,,,,,,,,,,,,,,,,,,,,,,,,,,,,,,,,,,,,,,,,,,,,,,,,,,
172,2023-12-18,,,,,,,,,,,,,,,,,,,,,,,,,,,,,,,,,,,,,,,,,,,,,,,,,,,,
173,2023-12-19,,,,,,,,,,,,,,,,,,,,,,,,,,,,,,,,,,,,,,,,,,,,,,,,,,,,
174,2023-12-20,,,,,,,,,,,,,,,,,,,,,,,,,,,,,,,,,,,,,,,,,,,,,,,,,,,,
175,2023-12-21,,,,,,,,,,,,,,,,,,,,,,,,,,,,,,,,,,,,,,,,,,,,,,,,,,,,
176,2023-12-22,,,,,,,,,,,,,,,,,,,,,,,,,,,,,,,,,,,,,,,,,,,,,,,,,,,,
177,2023-12-23,,,,,,,,,,,,,,,,,,,,,,,,,,,,,,,,,,,,,,,,,,,,,,,,,,,,
178,2023-12-24,,,,,,,,,,,,,,,,,,,,,,,,,,,,,,,,,,,,,,,,,,,,,,,,,,,,
179,2023-12-25,,,,,,,,,,,,,,,,,,,,,,,,,,,,,,,,,,,,,,,,,,,,,,,,,,,,
180,2023-12-26,,,,,,,,,,,,,,,,,,,,,,,,,,,,,,,,,,,,,,,,,,,,,,,,,,,,
181,2023-12-27,,,,,,,,,,,,,,,,,,,,,,,,,,,,,,,,,,,,,,,,,,,,,,,,,,,,
182,2023-12-28,,,,,,,,,,,,,,,,,,,,,,,,,,,,,,,,,,,,,,,,,,,,,,,,,,,,
183,2023-12-29,,,,,,,,,,,,,,,,,,,,,,,,,,,,,,,,,,,,,,,,,,,,,,,,,,,,
184,2023-12-30,,,,,,,,,,,,,,,,,,,,,,,,,,,,,,,,,,,,,,,,,,,,,,,,,,,,
185,2023-12-31,,,,,,,,,,,,,,,,,,,,,,,,,,,,,,,,,,,,,,,,,,,,,,,,,,,,
186,2024-01-01,,,,,,,,,,,,,,,,,,,,,,,,,,,,,,,,,,,,,,,,,,,,,,,,,,,,
187,2024-01-02,,,,,,,,,,,,,,,,,,,,,,,,,,,,,,,,,,,,,,,,,,,,,,,,,,,,
188,2024-01-03,,,,,,,,,,,,,,,,,,,,,,,,,,,,,,,,,,,,,,,,,,,,,,,,,,,,
189,2024-01-04,,,,,,,,,,,,,,,,,,,,,,,,,,,,,,,,,,,,,,,,,,,,,,,,,,,,
190,2024-01-05,,,,,,,,,,,,,,,,,,,,,,,,,,,,,,,,,,,,,,,,,,,,,,,,,,,,
191,2024-01-06,,,,,,,,,,,,,,,,,,,,,,,,,,,,,,,,,,,,,,,,,,,,,,,,,,,,
192,2024-01-07,,,,,,,,,,,,,,,,,,,,,,,,,,,,,,,,,,,,,,,,,,,,,,,,,,,,
193,2024-01-08,,,,,,,,,,,,,,,,,,,,,,,,,,,,,,,,,,,,,,,,,,,,,,,,,,,,
194,2024-01-09,,,,,,,,,,,,,,,,,,,,,,,,,,,,,,,,,,,,,,,,,,,,,,,,,,,,
195,2024-01-10,,,,,,,,,,,,,,,,,,,,,,,,,,,,,,,,,,,,,,,,,,,,,,,,,,,,
196,2024-01-11,,,,,,,,,,,,,,,,,,,,,,,,,,,,,,,,,,,,,,,,,,,,,,,,,,,,
197,2024-01-12,,,,,,,,,,,,,,,,,,,,,,,,,,,,,,,,,,,,,,,,,,,,,,,,,,,,
198,2024-01-13,,,,,,,,,,,,,,,,,,,,,,,,,,,,,,,,,,,,,,,,,,,,,,,,,,,,
199,2024-01-14,,,,,,,,,,,,,,,,,,,,,,,,,,,,,,,,,,,,,,,,,,,,,,,,,,,,
200,2024-01-15,,,,,,,,,,,,,,,,,,,,,,,,,,,,,,,,,,,,,,,,,,,,,,,,,,,,
201,2024-01-16,,,,,,,,,,,,,,,,,,,,,,,,,,,,,,,,,,,,,,,,,,,,,,,,,,,,
202,2024-01-17,,,,,,,,,,,,,,,,,,,,,,,,,,,,,,,,,,,,,,,,,,,,,,,,,,,,
203,2024-01-18,,,,,,,,,,,,,,,,,,,,,,,,,,,,,,,,,,,,,,,,,,,,,,,,,,,,
204,2024-01-19,,,,,,,,,,,,,,,,,,,,,,,,,,,,,,,,,,,,,,,,,,,,,,,,,,,,
205,2024-01-20,,,,,,,,,,,,,,,,,,,,,,,,,,,,,,,,,,,,,,,,,,,,,,,,,,,,
206,2024-01-21,,,,,,,,,,,,,,,,,,,,,,,,,,,,,,,,,,,,,,,,,,,,,,,,,,,,
207,2024-01-22,,,,,,,,,,,,,,,,,,,,,,,,,,,,,,,,,,,,,,,,,,,,,,,,,,,,
208,2024-01-23,,,,,,,,,,,,,,,,,,,,,,,,,,,,,,,,,,,,,,,,,,,,,,,,,,,,
209,2024-01-24,,,,,,,,,,,,,,,,,,,,,,,,,,,,,,,,,,,,,,,,,,,,,,,,,,,,
210,2024-01-25,,,,,,,,,,,,,,,,,,,,,,,,,,,,,,,,,,,,,,,,,,,,,,,,,,,,
211,2024-01-26,,,,,,,,,,,,,,,,,,,,,,,,,,,,,,,,,,,,,,,,,,,,,,,,,,,,
212,2024-01-27,,,,,,,,,,,,,,,,,,,,,,,,,,,,,,,,,,,,,,,,,,,,,,,,,,,,
213,2024-01-28,,,,,,,,,,,,,,,,,,,,,,,,,,,,,,,,,,,,,,,,,,,,,,,,,,,,
214,2024-01-29,,,,,,,,,,,,,,,,,,,,,,,,,,,,,,,,,,,,,,,,,,,,,,,,,,,,
215,2024-01-30,,,,,,,,,,,,,,,,,,,,,,,,,,,,,,,,,,,,,,,,,,,,,,,,,,,,
216,2024-01-31,,,,,,,,,,,,,,,,,,,,,,,,,,,,,,,,,,,,,,,,,,,,,,,,,,,,
217,2024-02-01,,,,,,,,,,,,,,,,,,,,,,,,,,,,,,,,,,,,,,,,,,,,,,,,,,,,
218,2024-02-02,,,,,,,,,,,,,,,,,,,,,,,,,,,,,,,,,,,,,,,,,,,,,,,,,,,,
219,2024-02-03,,,,,,,,,,,,,,,,,,,,,,,,,,,,,,,,,,,,,,,,,,,,,,,,,,,,
220,2024-02-04,,,,,,,,,,,,,,,,,,,,,,,,,,,,,,,,,,,,,,,,,,,,,,,,,,,,
221,2024-02-05,,,,,,,,,,,,,,,,,,,,,,,,,,,,,,,,,,,,,,,,,,,,,,,,,,,,
222,2024-02-06,,,,,,,,,,,,,,,,,,,,,,,,,,,,,,,,,,,,,,,,,,,,,,,,,,,,
223,2024-02-07,,,,,,,,,,,,,,,,,,,,,,,,,,,,,,,,,,,,,,,,,,,,,,,,,,,,
224,2024-02-08,,,,,,,,,,,,,,,,,,,,,,,,,,,,,,,,,,,,,,,,,,,,,,,,,,,,
225,2024-02-09,,,,,,,,,,,,,,,,,,,,,,,,,,,,,,,,,,,,,,,,,,,,,,,,,,,,
226,2024-02-10,,,,,,,,,,,,,,,,,,,,,,,,,,,,,,,,,,,,,,,,,,,,,,,,,,,,
227,2024-02-11,,,,,,,,,,,,,,,,,,,,,,,,,,,,,,,,,,,,,,,,,,,,,,,,,,,,
228,2024-02-12,,,,,,,,,,,,,,,,,,,,,,,,,,,,,,,,,,,,,,,,,,,,,,,,,,,,
229,2024-02-13,,,,,,,,,,,,,,,,,,,,,,,,,,,,,,,,,,,,,,,,,,,,,,,,,,,,
230,2024-02-14,,,,,,,,,,,,,,,,,,,,,,,,,,,,,,,,,,,,,,,,,,,,,,,,,,,,
231,2024-02-15,,,,,,,,,,,,,,,,,,,,,,,,,,,,,,,,,,,,,,,,,,,,,,,,,,,,
232,2024-02-16,,,,,,,,,,,,,,,,,,,,,,,,,,,,,,,,,,,,,,,,,,,,,,,,,,,,
233,2024-02-17,,,,,,,,,,,,,,,,,,,,,,,,,,,,,,,,,,,,,,,,,,,,,,,,,,,,
234,2024-02-18,,,,,,,,,,,,,,,,,,,,,,,,,,,,,,,,,,,,,,,,,,,,,,,,,,,,
235,2024-02-19,,,,,,,,,,,,,,,,,,,,,,,,,,,,,,,,,,,,,,,,,,,,,,,,,,,,
236,2024-02-20,,,,,,,,,,,,,,,,,,,,,,,,,,,,,,,,,,,,,,,,,,,,,,,,,,,,
237,2024-02-21,,,,,,,,,,,,,,,,,,,,,,,,,,,,,,,,,,,,,,,,,,,,,,,,,,,,
238,2024-02-22,,,,,,,,,,,,,,,,,,,,,,,,,,,,,,,,,,,,,,,,,,,,,,,,,,,,
239,2024-02-23,,,,,,,,,,,,,,,,,,,,,,,,,,,,,,,,,,,,,,,,,,,,,,,,,,,,
240,2024-02-24,,,,,,,,,,,,,,,,,,,,,,,,,,,,,,,,,,,,,,,,,,,,,,,,,,,,
241,2024-02-25,,,,,,,,,,,,,,,,,,,,,,,,,,,,,,,,,,,,,,,,,,,,,,,,,,,,
242,2024-02-26,,,,,,,,,,,,,,,,,,,,,,,,,,,,,,,,,,,,,,,,,,,,,,,,,,,,
243,2024-02-27,,,,,,,,,,,,,,,,,,,,,,,,,,,,,,,,,,,,,,,,,,,,,,,,,,,,
244,2024-02-28,,,,,,,,,,,,,,,,,,,,,,,,,,,,,,,,,,,,,,,,,,,,,,,,,,,,
245,2024-02-29,,,,,,,,,,,,,,,,,,,,,,,,,,,,,,,,,,,,,,,,,,,,,,,,,,,,
246,2024-03-01,,,,,,,,,,,,,,,,,,,,,,,,,,,,,,,,,,,,,,,,,,,,,,,,,,,,
247,2024-03-02,,,,,,,,,,,,,,,,,,,,,,,,,,,,,,,,,,,,,,,,,,,,,,,,,,,,
248,2024-03-03,,,,,,,,,,,,,,,,,,,,,,,,,,,,,,,,,,,,,,,,,,,,,,,,,,,,
249,2024-03-04,,,,,,,,,,,,,,,,,,,,,,,,,,,,,,,,,,,,,,,,,,,,,,,,,,,,
250,2024-03-05,,,,,,,,,,,,,,,,,,,,,,,,,,,,,,,,,,,,,,,,,,,,,,,,,,,,
251,2024-03-06,,,,,,,,,,,,,,,,,,,,,,,,,,,,,,,,,,,,,,,,,,,,,,,,,,,,
252,2024-03-07,,,,,,,,,,,,,,,,,,,,,,,,,,,,,,,,,,,,,,,,,,,,,,,,,,,,
253,2024-03-08,,,,,,,,,,,,,,,,,,,,,,,,,,,,,,,,,,,,,,,,,,,,,,,,,,,,
254,2024-03-09,,,,,,,,,,,,,,,,,,,,,,,,,,,,,,,,,,,,,,,,,,,,,,,,,,,,
255,2024-03-10,,,,,,,,,,,,,,,,,,,,,,,,,,,,,,,,,,,,,,,,,,,,,,,,,,,,
256,2024-03-11,,,,,,,,,,,,,,,,,,,,,,,,,,,,,,,,,,,,,,,,,,,,,,,,,,,,
257,2024-03-12,,,,,,,,,,,,,,,,,,,,,,,,,,,,,,,,,,,,,,,,,,,,,,,,,,,,
258,2024-03-13,,,,,,,,,,,,,,,,,,,,,,,,,,,,,,,,,,,,,,,,,,,,,,,,,,,,
259,2024-03-14,,,,,,,,,,,,,,,,,,,,,,,,,,,,,,,,,,,,,,,,,,,,,,,,,,,,
260,2024-03-15,,,,,,,,,,,,,,,,,,,,,,,,,,,,,,,,,,,,,,,,,,,,,,,,,,,,
261,2024-03-16,,,,,,,,,,,,,,,,,,,,,,,,,,,,,,,,,,,,,,,,,,,,,,,,,,,,
262,2024-03-17,,,,,,,,,,,,,,,,,,,,,,,,,,,,,,,,,,,,,,,,,,,,,,,,,,,,
263,2024-03-18,,,,,,,,,,,,,,,,,,,,,,,,,,,,,,,,,,,,,,,,,,,,,,,,,,,,
264,2024-03-19,,,,,,,,,,,,,,,,,,,,,,,,,,,,,,,,,,,,,,,,,,,,,,,,,,,,
265,2024-03-20,,,,,,,,,,,,,,,,,,,,,,,,,,,,,,,,,,,,,,,,,,,,,,,,,,,,
266,2024-03-21,,,,,,,,,,,,,,,,,,,,,,,,,,,,,,,,,,,,,,,,,,,,,,,,,,,,
267,2024-03-22,,,,,,,,,,,,,,,,,,,,,,,,,,,,,,,,,,,,,,,,,,,,,,,,,,,,
268,2024-03-23,,,,,,,,,,,,,,,,,,,,,,,,,,,,,,,,,,,,,,,,,,,,,,,,,,,,
269,2024-03-24,,,,,,,,,,,,,,,,,,,,,,,,,,,,,,,,,,,,,,,,,,,,,,,,,,,,
270,2024-03-25,,,,,,,,,,,,,,,,,,,,,,,,,,,,,,,,,,,,,,,,,,,,,,,,,,,,
271,2024-03-26,,,,,,,,,,,,,,,,,,,,,,,,,,,,,,,,,,,,,,,,,,,,,,,,,,,,
272,2024-03-27,,,,,,,,,,,,,,,,,,,,,,,,,,,,,,,,,,,,,,,,,,,,,,,,,,,,
273,2024-03-28,,,,,,,,,,,,,,,,,,,,,,,,,,,,,,,,,,,,,,,,,,,,,,,,,,,,
274,2024-03-29,,,,,,,,,,,,,,,,,,,,,,,,,,,,,,,,,,,,,,,,,,,,,,,,,,,,
275,2024-03-30,,,,,,,,,,,,,,,,,,,,,,,,,,,,,,,,,,,,,,,,,,,,,,,,,,,,
276,2024-03-31,,,,,,,,,,,,,,,,,,,,,,,,,,,,,,,,,,,,,,,,,,,,,,,,,,,,
277,2024-04-01,,,,,,,,,,,,,,,,,,,,,,,,,,,,,,,,,,92.0,-2.2,0.2186046511627906,777.1697674418606,87.03255813953488,0.0,0.0,80.47414041843193,2024.0,-2.2,7.0,1.0,1.0,,,0.08047414041843193,,,
278,2024-04-02,,,,,,,,,,,,,,,,,,,,,,,,,,,,,,,,,,93.0,-3.4,1.7583333333333335,786.1104166666668,70.33333333333333,0.0,0.0,205.7472763404502,2024.0,-3.4,11.4,3.1999999999999997,4.199999999999999,,,0.2057472763404502,,,
279,2024-04-03,,,,,,,,,,,,,,,,,,,,,,,,,,,,,,,,,,94.0,-5.4,2.525,790.0208333333334,64.08333333333333,0.0,0.0,263.1247361811283,2024.0,-5.4,15.8,5.4,9.6,,,0.2631247361811283,,,
280,2024-04-04,,,,,,,,,,,,,,,,,,,,,,,,,,,,,,,,,,95.0,-5.0,4.7,784.2312499999999,59.48333333333333,0.0,0.0,346.0979717624123,2024.0,-5.0,19.4,7.199999999999999,16.799999999999997,,,0.3460979717624123,,,
281,2024-04-05,,,,,,,,,,,,,,,,,,,,,,,,,,,,,,,,,,96.0,0.2,9.008333333333333,777.1062499999999,37.35833333333333,0.3142857142857143,0.3142857142857143,719.5691810130436,2024.0,0.2,18.2,6.6,23.4,,,0.7195691810130436,,,
282,2024-04-06,,,,,,,,,,,,,,,,,,,,,,,,,,,,,,,,,,97.0,-3.4,1.1416666666666666,774.5833333333334,75.325,0.3142857142857143,0.0,163.70717436102584,2024.0,-3.8,2.2,0.0,23.4,,,0.16370717436102583,,,
283,2024-04-07,,,,,,,,,,,,,,,,,,,,,,,,,,,,,,,,,,98.0,-9.4,-2.1333333333333333,782.0187500000001,68.69166666666666,0.3142857142857143,0.0,163.5007366709354,2024.0,-9.4,5.0,0.0,23.4,,,0.1635007366709354,,,
284,2024-04-08,,,,,,,,,,,,,,,,,,,,,,,,,,,,,,,,,,99.0,-7.4,-0.5,781.9333333333334,62.04166666666666,0.3142857142857143,0.0,223.54731293772477,2024.0,-7.4,8.6,1.7999999999999998,25.2,,,0.22354731293772476,,,
285,2024-04-09,,,,,,,,,,,,,,,,,,,,,,,,,,,,,,,,,,100.0,-8.2,0.3916666666666668,784.7854166666666,61.958333333333336,0.3142857142857143,0.0,239.06579881047736,2024.0,-8.2,12.6,3.8000000000000007,29.0,,,0.23906579881047735,,,
286,2024-04-10,,,,,,,,,,,,,,,,,,,,,,,,,,,,,,,,,,101.0,-5.0,2.55,786.8104166666667,58.43333333333334,0.3142857142857143,0.0,305.0593832053928,2024.0,-5.0,11.4,3.1999999999999997,32.2,,,0.30505938320539283,,,
287,2024-04-11,,,,,,,,,,,,,,,,,,,,,,,,,,,,,,,,,,102.0,-5.8,3.766666666666667,787.8854166666666,54.80833333333334,0.3142857142857143,0.0,361.5339102240556,2024.0,-5.8,16.6,5.800000000000001,38.0,,,0.3615339102240556,,,
288,2024-04-12,120.0,2024-04-12,4543.770833333333,0.0104910152906494,95.32560452494688,1890.3182735835005,0.2419241175519498,1861.351561284068,0.1917368570963541,2.8812908692585107e-06,790.3708333333334,0.2335833333333333,0.1622291666666666,0.2003435432521483,0.1747971756467047,0.101076376411583,3.3666666666666667,2.9375,0.0,790.3708333333334,49.07083333333333,5.820833333333333,2024-04-12,0.1917368570963541,980.1714777421768,2464.6346276288014,2449.162212272024,4239.055218801994,0.2291442079313465,0.2996442079313465,C3,6833.335464145508,103.0,103.0,-3.8,5.591666666666666,787.19375,48.875,0.3142857142857143,0.0,464.72682868444014,2024.0,-3.8,21.4,8.2,46.2,,,0.46472682868444015,,,
289,2024-04-13,121.0,2024-04-13,4579.583333333333,0.0104501001272718,95.69998999729648,1899.7950227509143,0.2358486250494741,1863.449447740252,0.1907857259114583,3.611750267687673e-06,789.4458333333333,0.2295833333333333,0.1580833333333333,0.1962756079147561,0.1698111053044064,0.0981931838149739,5.3875,4.272916666666666,0.0,789.4458333333333,40.24791666666667,11.310416666666669,2024-04-13,0.1907857259114583,982.8893322153187,2476.9906020071708,2451.922606568832,4244.019207943432,0.224491480892225,0.294991480892225,C3,6811.916732481798,104.0,104.0,1.4,11.075,786.24375,40.05833333333333,0.8,0.4857142857142857,790.794144109706,2024.0,1.4,20.6,7.800000000000001,54.0,,,0.790794144109706,,,
290,2024-04-14,122.0,2024-04-14,4583.145833333333,0.0104467801722159,95.7349134290782,1904.20131818934,0.2333046350664147,1872.2351579735016,0.1864954630533854,3.159138910409195e-06,788.7666666666668,0.2203333333333333,0.1528541666666666,0.1888986822171411,0.1607692038513231,0.0929647089762529,5.135416666666667,4.6000000000000005,0.0,788.7666666666668,49.30416666666667,7.645833333333333,2024-04-14,0.1864954630533854,980.619255797836,2482.7356177904226,2463.4828244012992,4223.684705106743,0.2160540749818139,0.2865540749818139,C3,6792.140825199414,105.0,105.0,-3.0,7.441666666666666,785.5958333333333,49.09166666666667,0.8,0.0,525.7055550924356,2024.0,-3.0,21.4,8.2,62.2,0.940386877698342,,0.5257055550924356,,,0.3466181535579757
291,2024-04-15,123.0,2024-04-15,4853.208333333333,0.0101513203847516,98.51720387126814,1915.945452982595,0.2254235030521285,1884.8807108558824,0.1800270080566406,3.052373597501773e-06,781.8416666666667,0.2120625,0.1483333333333333,0.1823747575596073,0.1527728261922892,0.0883408077306899,4.504166666666666,4.55,0.0,781.8416666666667,47.958333333333336,5.083333333333333,2024-04-15,0.1800270080566406,979.5266587457564,2498.04785472295,2480.121814539975,4222.243238433543,0.2085922944622746,0.2790922944622745,C3,6789.648473912265,106.0,106.0,-1.4,4.8500000000000005,778.5187500000001,47.775,0.8857142857142858,0.0857142857142857,450.8162961033137,2024.0,-1.4,11.4,3.1999999999999997,65.4,0.9401808840749935,,0.4508162961033137,,,0.37307116467832435
292,2024-04-16,124.0,2024-04-16,4610.4375,0.010416785630792,96.01655000040968,1905.8566201718488,0.231843381264361,1857.7719960822976,0.1937255859375,4.7945165676093725e-06,785.6708333333332,0.2142708333333333,0.1473124999999999,0.1830788084221133,0.1536357816804806,0.088839811295411,4.122916666666667,3.9,5.9122,785.6708333333332,77.59166666666667,4.122916666666667,2024-04-16,0.1937255859375,980.8693113530136,2484.8938334953045,2444.452228402834,4202.990564860132,0.2093975571356479,0.279897557135648,C3,6697.572326081697,107.0,107.0,0.2,3.908333333333333,782.1687499999999,77.425,1.2000000000000002,0.3142857142857143,182.4125320513188,2024.0,-0.6,12.6,3.8000000000000007,69.2,0.9395355690036691,,0.1824125320513188,,,0.37140439722910074
293,2024-04-17,125.0,2024-04-17,4538.625,0.0104975053631536,95.2699675544056,1900.008322735776,0.2354501879369097,1858.78666164582,0.1930643717447916,4.108628412256958e-06,787.4895833333334,0.2123541666666666,0.1467916666666666,0.181812379984772,0.1520835197224234,0.0879422166210034,4.6875,4.229166666666667,3.3054,787.4895833333334,63.2875,6.589583333333334,2024-04-17,0.1930643717447916,979.6844029016588,2477.2687067772026,2445.787323077028,4184.743401365588,0.2079490715170669,0.278449071517067,C3,6691.918535313897,108.0,108.0,-2.2,6.4,784.0916666666667,63.05,1.2000000000000002,0.0,355.2089734816248,2024.0,-2.2,19.0,7.0,76.2,0.9392369212646127,,0.35520897348162483,,,0.37798184275056473
294,2024-04-18,126.0,2024-04-18,4571.9375,0.0104587548526585,95.62029475213892,1910.300680368628,0.2288748530907789,1865.373252451374,0.1896591186523437,4.46396579949294e-06,787.0187500000001,0.2052291666666666,0.1429791666666666,0.1762304826483949,0.1452417854139068,0.0839859872956887,5.891666666666667,5.2875000000000005,0.1019,787.0187500000001,51.49791666666667,9.464583333333334,2024-04-18,0.1896591186523437,985.612727272827,2490.68808772292,2454.453944495677,4183.423848421413,0.2015647407663203,0.2720647407663203,C3,6673.281650983445,109.0,109.0,3.4,9.266666666666667,783.5875,51.3,1.9714285714285715,0.7714285714285715,569.257818592818,2024.0,3.4,15.4,5.199999999999999,81.4,0.9411811743260137,,0.569257818592818,,,0.39392183180987944
295,2024-04-19,127.0,2024-04-19,4591.0,0.0104369056196231,95.8197774869994,1927.7745776432628,0.2181757480930488,1877.399269679924,0.1836115519205729,4.9721973113354425e-06,787.3291666666668,0.20375,0.1406458333333333,0.1743534090055739,0.142941055327381,0.0826555913131063,6.05625,5.48125,0.0,787.3291666666668,61.177083333333336,8.854166666666666,2024-04-19,0.1836115519205729,988.9116510737548,2513.47090313794,2470.2777510096803,4213.444671493136,0.1994178257915178,0.2699178257915178,C3,6702.730934033159,110.0,110.0,2.2,8.633333333333333,783.8979166666667,60.98333333333333,2.571428571428572,0.6,436.9595660186703,2024.0,2.2,14.2,4.6,86.0,0.9437503770146342,,0.43695956601867025,,,0.3737354307388528
296,2024-04-20,128.0,2024-04-20,4487.541666666667,0.010556792198764,94.7331850479873,1908.498395750069,0.2302544720967283,1855.4172205013083,0.1950785319010416,5.301488502382407e-06,789.0124999999999,0.2046875,0.1395833333333333,0.1743592243784808,0.1429481832328111,0.0826597130207347,6.204166666666667,5.65,0.4711,789.0124999999999,69.33958333333334,7.679166666666667,2024-04-20,0.1950785319010416,988.0730905603187,2488.338233128686,2441.3538199714026,4171.33901575271,0.1994244771614444,0.2699244771614445,C3,6624.195169687679,111.0,111.0,1.0,7.483333333333333,785.5375,69.14999999999999,3.0,0.4285714285714285,319.4822400169288,2024.0,1.0,15.0,5.0,91.0,0.9464302238794768,,0.3194822400169288,,,0.38486222114284585
297,2024-04-21,129.0,2024-04-21,4438.145833333333,0.0106160850435438,94.2082682516011,1915.4971824546667,0.2261336390754574,1876.0410448048417,0.1848093668619791,3.901762333552766e-06,792.3833333333333,0.2005416666666667,0.1383125,0.1715526876965938,0.1395082098425016,0.0806705501869626,5.983333333333333,5.558333333333334,0.0,792.3833333333333,61.270833333333336,6.585416666666667,2024-04-21,0.1848093668619791,991.3812528923944,2497.463390677335,2468.490601763396,4174.286065788072,0.1962144828957851,0.2667144828957851,C3,6675.629896355667,112.0,112.0,-3.4,6.408333333333334,789.0145833333332,61.083333333333336,3.0,0.0,374.3301845880467,2024.0,-3.4,19.0,7.0,98.0,0.9482730348083593,,0.3743301845880467,,,0.3999214674226395
298,2024-04-22,130.0,2024-04-22,4598.833333333333,0.010428671151142,95.89944858268224,1923.7634919746056,0.2212446452435053,1889.201255271444,0.1784578959147135,3.388911051658684e-06,788.525,0.1882916666666666,0.1342083333333333,0.1630973615423583,0.1291445124197401,0.0746777475124158,6.364583333333333,5.852083333333333,0.0,788.525,39.66875,10.4875,2024-04-22,0.1784578959147135,979.8830616388636,2508.241169726636,2485.806777197828,4154.188780843169,0.1865436495713739,0.2570436495713739,C3,6654.988767059643,113.0,113.0,1.4,10.291666666666666,785.2354166666668,39.475,3.4857142857142858,0.4857142857142857,757.8758942579664,2024.0,1.4,21.8,8.4,106.4,0.9453887651733984,,0.7578758942579664,,,0.43808779465979963
299,2024-04-23,131.0,2024-04-23,4664.708333333333,0.0103545068698994,96.58471019663232,1922.2976657463769,0.2219474054921719,1878.3502256327288,0.1835861206054687,4.336004503489889e-06,787.0500000000001,0.1787291666666666,0.1298333333333333,0.1559514185438809,0.12038572657451,0.0696129841275069,7.683333333333334,6.710416666666667,0.0,787.0500000000001,44.84583333333333,12.285416666666668,2024-04-23,0.1835861206054687,983.9877987965737,2506.329996285282,2471.529016720892,4117.939708904981,0.1783704315992439,0.2488704315992439,C3,6557.748716267212,114.0,114.0,3.0,12.083333333333334,783.8125,44.65,4.2,0.7142857142857143,780.5952520577164,2024.0,3.0,22.6,8.8,115.2,0.9440836794710196,,0.7805952520577164,,,0.4767684698917453
300,2024-04-24,132.0,2024-04-24,4654.0625,0.0103660586953395,96.475301758447,1939.089344121656,0.2115573030875633,1899.312698894832,0.173248291015625,3.88093111186968e-06,787.74375,0.168875,0.1255625,0.1486982047945157,0.1114954589171968,0.0644721914527641,8.441666666666666,7.414583333333333,0.0,787.74375,39.83125,13.052083333333334,2024-04-24,0.173248291015625,987.2447626205632,2528.223321106855,2499.1113920535176,4119.152496613223,0.1700745220202502,0.2405745220202502,C3,6568.452131211443,115.0,115.0,2.6,12.841666666666669,784.56875,39.60833333333333,4.857142857142858,0.6571428571428571,895.2029392992279,2024.0,2.6,22.2,8.6,123.8,0.9427622379133553,,0.8952029392992279,,,0.5189215810413049
301,2024-04-25,133.0,2024-04-25,4841.083333333333,0.0101647526044123,98.39171898683864,1947.5033223597875,0.2071689671714655,1913.4262402510733,0.1671460469563802,3.2974992545459947e-06,783.7645833333332,0.1587083333333333,0.1213541666666666,0.1413071819127305,0.1024362785385477,0.0592337250842714,8.06875,7.625,0.0,783.7645833333332,33.59583333333333,11.916666666666666,2024-04-25,0.1671460469563802,982.0843532525716,2539.193633573074,2517.6819581357245,4100.496124615476,0.1616209923653535,0.2321209923653535,C3,6549.949872121389,116.0,116.0,3.0,11.725,780.5020833333333,33.391666666666666,5.567540603900572,0.7103977467577142,917.4180945254408,2024.0,3.0,17.4,6.199999999999999,130.0,0.94346546166773,0.9426983160495681,0.9174180945254408,4182.214789210258,6687.39353534673,0.5586275942056896
302,2024-04-26,134.0,2024-04-26,4896.0625,0.0101066556124291,98.95167466846898,1936.158376408963,0.2141546088354758,1881.470876495212,0.1824048360188802,5.385263172923269e-06,780.3833333333333,0.158,0.1182083333333333,0.1394633579401274,0.1001763025891493,0.0579268951604046,7.41875,7.114583333333333,2.0521998,780.3833333333333,72.84166666666667,6.7375,2024-04-26,0.1824048360188802,989.7750757479316,2524.40186700671,2475.6351621310664,4067.3948910625554,0.1595121069133516,0.2300121069133515,C3,6422.022908920828,117.0,117.0,3.0,6.566666666666666,776.9625,72.64999999999999,6.281826318186286,0.7142857142857143,265.96110808971054,2024.0,1.0,13.4,4.199999999999999,134.2,0.9453142628897021,0.9433557364025351,0.2659611080897105,4169.95333722887,6658.014067116395,0.5444300427346375
303,2024-04-27,135.0,2024-04-27,4729.875,0.0102831088855201,97.2564481953034,1873.886576773133,0.2534976495465249,1818.493672140832,0.2160110473632812,5.643122417111574e-06,779.2979166666668,0.2422083333333333,0.1368958333333333,0.1931493146879639,0.1659792061598567,0.0959773901165187,6.064583333333334,6.3812500000000005,7.4115996,779.2979166666668,97.08125,2.652083333333333,2024-04-27,0.2160110473632812,1000.378869698241,2443.2106539438005,2392.7698977997675,4173.64560943487,0.2209157630348603,0.2914157630348603,C3,6626.592139501854,118.0,118.0,1.0,3.116129032258064,776.2258064516129,95.27741935483871,6.710397746757715,0.4285714285714285,36.08214413051769,2024.0,-0.2,4.6,0.0,134.2,0.9495100795784169,0.944552993711552,0.03608214413051769,4164.926651621115,6644.776596189256,0.49052204273612404
304,2024-04-28,136.0,2024-04-28,4478.604166666667,0.0105671156332992,94.63942197946892,1844.008250630564,0.2758142320893604,1791.4383228228437,0.2332102457682291,5.435586263351086e-06,784.56875,0.2798541666666667,0.1906458333333333,0.2382971502790362,0.2213169304325124,0.1279764005561865,6.172916666666667,5.9625,8.855,784.56875,86.81041666666665,4.164583333333334,2024-04-28,0.2332102457682291,1001.2368038534102,2404.254697026046,2357.1705298094857,4273.036007734226,0.2725538885186971,0.3430538885186971,C3,6803.227985618297,119.0,119.0,1.4,6.136,781.548,74.464,7.1961120324720005,0.4857142857142857,241.04721723299693,2024.0,0.6,10.6,2.8,137.0,0.955628513925382,0.9459643809553624,0.24104721723299694,4168.451744665936,6645.568536219177,0.4701893043175927
305,2024-04-29,137.0,2024-04-29,4403.958333333333,0.0106572332418635,93.84465468095324,1855.7021692824733,0.2670993817797224,1804.3271377138228,0.2251599629720052,5.277467613934361e-06,787.6520833333334,0.2712291666666667,0.1863541666666666,0.2316908003044046,0.2132195240218024,0.1232940794872195,6.295833333333333,6.15,2.79,787.6520833333334,80.47083333333333,5.3875,2024-04-29,0.2251599629720052,1000.117636287614,2419.501461152985,2374.129603553824,4277.183187104183,0.2649978335159712,0.3354978335159712,C3,6815.428420121893,120.0,120.0,1.0,6.965714285714286,783.9714285714285,73.00571428571428,7.624683461043429,0.4285714285714285,269.80848615169015,2024.0,-0.6,13.0,4.0,141.0,0.9589325442534273,0.9473739492979137,0.2698084861516902,4172.376026713838,6647.409960948436,0.4572601750353339
306,2024-04-30,138.0,2024-04-30,4619.6875,0.0104049258661495,96.1172072944871,1883.4486371031287,0.2474083621120345,1841.7944558609845,0.2030283610026041,4.193173852355012e-06,784.4979166666667,0.2529166666666667,0.1745208333333333,0.2163965702942581,0.1944733787817542,0.1124541306977778,7.535416666666666,6.729166666666667,0.0,784.4979166666667,45.47916666666666,10.910416666666668,2024-04-30,0.2030283610026041,1000.5876147461538,2455.6778587156755,2423.429016791965,4285.301070437543,0.2475049602009373,0.3180049602009372,C3,6865.461185074104,121.0,121.0,3.4,10.725,781.13125,45.29166666666666,8.396112032472,0.7714285714285715,705.1411628151502,2024.0,1.8,18.2,6.6,147.6,0.9589992298644505,0.9487237781817194,0.7051411628151502,4178.255348540796,6659.4020223050375,0.49459793437560756
307,2024-05-01,139.0,2024-05-01,4726.208333333333,0.0102869514449095,97.21921154459076,1909.4878328938064,0.2297510958857408,1867.166721033216,0.189239501953125,4.206514143376884e-06,783.1625,0.2395833333333333,0.1647083333333333,0.2047033901065366,0.1801410420788499,0.104166464412092,6.9,6.9125000000000005,0.0,783.1625,58.03541666666666,7.25,2024-05-01,0.189239501953125,990.2925284198342,2489.628280990148,2456.813786435753,4299.345236732649,0.2341308106335529,0.304630810633553,C3,6882.858274200671,122.0,122.0,-0.6,7.05,779.8083333333334,57.833333333333336,8.596112032472,0.1999999999999999,423.9029011154406,2024.0,-0.6,16.2,5.6,153.2,0.9555029759327209,0.9494499640985284,0.4239029011154406,4186.441193924157,6673.040575082663,0.49950464349230866
308,2024-05-02,140.0,2024-05-02,4597.645833333333,0.0104306497917718,95.8851417624738,1865.5273567128029,0.259609680451359,1826.4490282983647,0.2118186950683593,3.98045469327808e-06,786.1270833333333,0.2460625,0.1670208333333333,0.209241547133426,0.1857034633770633,0.107382931650867,6.285416666666666,6.095833333333334,3.616,786.1270833333333,68.47916666666667,4.635416666666667,2024-05-02,0.2118186950683593,990.2793449827022,2432.311736280796,2403.237537600576,4217.704429753039,0.2393213567350854,0.3098213567350855,C3,6762.210553736327,123.0,123.0,-3.0,4.591489361702127,782.6531914893617,67.62553191489361,8.596112032472,0.0,274.4534986433694,2024.0,-3.0,14.6,4.800000000000001,158.0,0.9523600392563677,0.9497694203544182,0.27445349864336943,4188.8898068764165,6679.392639565012,0.47844719206734804
309,2024-05-03,141.0,2024-05-03,4772.583333333333,0.0102369498544897,97.69469449294904,1898.391875761661,0.2366931140777103,1868.3625833541223,0.1883544921875,2.98001519307517e-06,784.225,0.2303958333333333,0.1594791666666666,0.1973598492643249,0.171140060459442,0.0989616514460298,6.71875,6.454166666666667,0.0134,784.225,43.020833333333336,8.158333333333333,2024-05-03,0.1883544921875,986.0895082058698,2475.161151006408,2458.3872993971754,4245.2442517166455,0.2257315888648622,0.2962315888648622,C3,6837.5642706802055,124.0,124.0,-2.2,7.958333333333333,780.9083333333333,42.833333333333336,8.596112032472,0.0,611.528016417898,2024.0,-2.2,17.8,6.4,164.4,0.9477284798350291,0.9495762287860897,0.611528016417898,4191.16120546381,6689.023592182658,0.49091636709586434
310,2024-05-04,142.0,2024-05-04,4658.4375,0.0103622695538053,96.51730380985484,1901.7839622943668,0.2348372753630221,1864.5865643552515,0.1904767354329427,3.695023306159183e-06,787.0166666666668,0.2164374999999999,0.15225,0.1865362464992318,0.157873565230822,0.0912903074415894,6.80625,6.577083333333333,0.0,787.0166666666668,56.2625,7.141666666666667,2024-05-04,0.1904767354329427,981.1221743584098,2479.583821011376,2453.4188220620954,4208.511165764422,0.2133520240318228,0.2838520240318228,C3,6747.218996759386,125.0,125.0,-3.0,6.941666666666666,783.6916666666666,56.04166666666666,8.596112032472,0.0,438.63933876375415,2024.0,-3.0,19.8,7.4,171.8,0.9447989221281529,0.9491003994375304,0.43863933876375416,4193.8163590360755,6697.811008402065,0.4994275884349233
311,2024-05-05,143.0,2024-05-05,4852.833333333333,0.0101526279938135,98.51046392475804,1910.369022176246,0.2296484379933382,1866.6610247143053,0.1894429524739583,4.33145172169589e-06,780.9250000000001,0.2065416666666666,0.1467291666666666,0.1786784732876645,0.1482422887435666,0.0857210267941866,7.283333333333334,6.952083333333333,0.0,780.9250000000001,54.32083333333333,9.614583333333334,2024-05-05,0.1894429524739583,990.9252890998788,2490.777193133328,2456.148392352807,4194.1508971193925,0.2043646457043736,0.2748646457043736,C3,6696.656938762764,126.0,126.0,1.0,9.425,777.6291666666666,54.10833333333333,9.024683461043429,0.4285714285714285,542.1833799015911,2024.0,1.0,17.4,6.199999999999999,178.0,0.9450052751821365,0.9490691861487991,0.5421833799015912,4195.235275559741,6699.312940002573,0.5114171023858908
312,2024-05-06,144.0,2024-05-06,4725.833333333333,0.0102944122831435,97.19289996463252,1837.8378165110416,0.2849528723578687,1794.697746056608,0.2340596516927083,4.437996540559409e-06,779.0083333333333,0.2690625,0.183875,0.2293785579147546,0.2103854073884172,0.1216552530097862,5.6125,6.30625,14.5307,779.0083333333333,72.31041666666667,3.8479166666666655,2024-05-06,0.2340596516927083,987.0372562782056,2396.2095620818404,2361.459271594745,4227.940177439559,0.2623531915059475,0.3328531915059475,C3,6765.719884593312,127.0,127.0,-1.8,3.658333333333333,775.6229166666667,72.11666666666666,9.053254889614855,0.0285714285714285,221.3685841912664,2024.0,-1.8,5.0,0.0,178.0,0.9453080424091042,0.9495589310508837,0.2213685841912664,4200.503232459483,6707.222305540692,0.47309515166684074
313,2024-05-07,145.0,2024-05-07,4653.520833333333,0.0103674015784948,96.46738551218994,1840.1483094457185,0.279032670594891,1802.4948648391708,0.2260945638020833,3.86990233416087e-06,781.0812500000001,0.2775416666666667,0.1907916666666666,0.2371298459665048,0.2198861649629509,0.1271490611634128,4.766666666666667,4.954166666666667,9.1332,781.0812500000001,66.11874999999999,3.295833333333333,2024-05-07,0.2260945638020833,983.4716728680482,2399.222028804125,2371.7187030122445,4260.104475045032,0.2712187767513405,0.3417187767513405,C3,6839.179562575544,128.0,128.0,-1.4,3.083333333333333,777.5708333333333,65.89999999999999,9.138969175329144,0.0857142857142857,259.9305516785688,2024.0,-1.4,9.8,2.4000000000000004,180.4,0.9460586122802456,0.9495235993252218,0.2599305516785688,4210.657858612344,6727.32450884843,0.4359048159254731
314,2024-05-08,146.0,2024-05-08,4682.604166666667,0.0103344235428013,96.77067017592908,1855.8788149607008,0.2666540908099588,1826.780918197916,0.2109375,2.949019163427044e-06,782.8854166666666,0.25775,0.1765,0.219900312024344,0.1987679167422945,0.1149374450523,4.610416666666667,5.03125,4.7598,782.8854166666666,55.48333333333333,1.98125,2024-05-08,0.2109375,980.3622092656606,2419.7317753077305,2403.674237586502,4235.415602115902,0.2515123871961067,0.3220123871961067,C3,6829.935452838933,129.0,129.0,-5.0,1.7666666666666666,779.3916666666668,55.29166666666666,9.138969175329144,0.0,310.2511091274047,2024.0,-5.0,5.8,0.4000000000000003,180.8,0.9426841349449752,0.9490524497984317,0.31025110912740467,4218.962366148249,6746.00188896468,0.3941225423417714
315,2024-05-09,147.0,2024-05-09,4554.958333333333,0.0104782063702539,95.44264112149786,1872.3643786567272,0.2545325732050417,1839.5683577485563,0.2036666870117187,3.3025899854364366e-06,787.7145833333334,0.2471875,0.1691875,0.2108517995433703,0.1876771505473183,0.1085242152362643,4.391666666666667,4.608333333333333,0.0005,787.7145833333334,61.739583333333336,2.6104166666666666,2024-05-09,0.2036666870117187,986.3365342195916,2441.2259817114928,2420.4999218852467,4239.275090429772,0.2411630932196092,0.3116630932196091,C3,6821.2292307319385,130.0,130.0,-4.2,2.4166666666666665,784.1687499999999,61.55,9.138969175329144,0.0,279.5169484747463,2024.0,-4.2,11.0,3.0,183.8,0.9424602825513335,0.9493435355259415,0.2795169484747463,4228.8751494207,6765.378986008291,0.34855817476672174
316,2024-05-10,148.0,2024-05-10,4415.083333333333,0.0106443072157284,93.96171331881968,1871.769194739624,0.2558078480467444,1829.8726652218147,0.2096672058105468,4.235061667555767e-06,791.2270833333333,0.2378124999999999,0.1636041666666667,0.2032431183155675,0.1783511862269835,0.1031314811914742,6.079166666666667,5.566666666666666,0.0085,791.2270833333333,62.15625,6.229166666666667,2024-05-10,0.2096672058105468,965.7726026731144,2440.449969061983,2407.742351390653,4208.765634274336,0.2324606154404642,0.3029606154404642,C3,6735.764274810446,131.0,131.0,-1.8,6.008333333333333,787.6875,61.95,9.167540603900571,0.0285714285714285,356.0144578476446,2024.0,-1.8,13.8,4.4,188.2,0.9368061445380345,0.9477004311070074,0.3560144578476446,4238.973059650112,6787.789083571834,0.35499055689228853
317,2024-05-11,149.0,2024-05-11,4099.895833333333,0.0110449682611675,90.5481220280124,1865.8404487240773,0.2600154089082304,1819.7802967329235,0.2158393859863281,4.688799422113424e-06,788.8416666666667,0.2285416666666666,0.1584583333333333,0.1958938845256137,0.1693432267587301,0.0979226332879261,6.139583333333333,5.9750000000000005,0.5311,788.8416666666667,71.79583333333333,5.366666666666667,2024-05-11,0.2158393859863281,974.6727179623764,2432.719951883113,2394.4628355541786,4166.654652622192,0.2240548823264115,0.2945548823264114,C3,6650.062245804524,132.0,132.0,-2.2,5.175,785.3645833333334,71.60000000000001,9.167540603900571,0.0,250.77895446784348,2024.0,-2.2,13.0,4.0,192.2,0.9349885818807916,0.9459407002917978,0.2507789544678435,4238.473705592064,6789.465519736311,0.3703260433449546
318,2024-05-12,150.0,2024-05-12,4049.3333333333335,0.0111143918412872,89.98620762260072,1827.3689005920696,0.2910152559869831,1774.046935076354,0.2473386128743489,5.574114638091133e-06,786.3770833333333,0.2562708333333333,0.1684791666666666,0.2153737602232271,0.193219719975014,0.11172920314118,7.114583333333333,6.385416666666667,8.0629,786.3770833333333,77.19166666666666,6.941666666666666,2024-05-12,0.2473386128743489,978.1207756526936,2382.5599809249493,2334.2869807940115,4153.987679997445,0.246335114645717,0.316835114645717,C3,6605.648469569109,133.0,133.0,2.2,6.956521739130435,782.9173913043478,75.97391304347826,9.76754060390057,0.6,239.9896917876303,2024.0,2.2,16.6,5.800000000000001,198.00000000000003,0.9323639788756868,0.9443582780152926,0.2399896917876303,4229.970253610865,6775.352697161368,0.3702505058131427
319,2024-05-13,151.0,2024-05-13,4160.229166666667,0.0109639373768552,91.21373797327796,1840.5955989553704,0.2795170687216049,1790.5215164474032,0.2347704569498697,5.180017010699424e-06,788.4791666666666,0.2502083333333333,0.1689583333333333,0.2123586453576774,0.1895240922024796,0.1095922082931123,7.7875,7.058333333333334,4.8701,788.4791666666666,67.29166666666667,8.922916666666667,2024-05-13,0.2347704569498697,973.2499457818938,2399.805213778565,2355.964198035627,4172.94141784742,0.2428865577495316,0.3133865577495316,C3,6648.611603780452,134.0,134.0,-0.2,8.708333333333334,785.1395833333332,67.09166666666667,10.024683461043429,0.2571428571428572,370.4275638870303,2024.0,-0.2,21.8,8.4,206.40000000000003,0.934752687968548,0.9425190333316761,0.3704275638870303,4222.524412949668,6763.437210279837,0.3774375827942385
320,2024-05-14,152.0,2024-05-14,4256.145833333333,0.0108402703104428,92.25759136306648,1849.68961702264,0.2715204614794863,1796.9602620022251,0.2295392354329427,5.432442163157794e-06,787.5229166666667,0.2348124999999999,0.1612291666666666,0.2005342697615342,0.1750309492229947,0.1012115558611637,9.283333333333331,8.177083333333334,0.0,787.5229166666667,54.3,12.252083333333331,2024-05-14,0.2295392354329427,974.919463951576,2411.662175723066,2364.436285004746,4148.683366803685,0.2293623525953337,0.2998623525953338,C3,6597.234211436302,135.0,135.0,4.2,12.033333333333331,784.2604166666666,54.1,10.910397746757717,0.8857142857142858,645.193194653062,2024.0,4.2,20.2,7.6,214.00000000000003,0.9348315133453502,0.9407619038948478,0.645193194653062,4212.76600554725,6744.278140734279,0.37315558506837504
321,2024-05-15,153.0,2024-05-15,4360.479166666667,0.0107099098835064,93.3812054291484,1886.6705155995544,0.2447983736453317,1836.468167145616,0.2055447896321614,5.062623968768543e-06,787.3291666666668,0.2197916666666667,0.154,0.1891431244545842,0.1610688168218925,0.093137960021523,9.1875,8.533333333333333,0.84529996,787.3291666666668,54.82083333333333,10.791666666666666,2024-05-15,0.2055447896321614,981.4082218334672,2459.878608091732,2416.4206980387185,4185.802564901348,0.216333657353048,0.286833657353048,C3,6663.944964142092,136.0,136.0,2.2,10.608333333333333,784.00625,54.6,11.510397746757716,0.6,580.6325900586123,2024.0,2.2,17.0,6.0,220.00000000000003,0.9358817196111407,0.9401537230892396,0.5806325900586123,4204.655814702156,6728.641475730095,0.3843505628500301
322,2024-05-16,154.0,2024-05-16,4426.229166666667,0.0106300553563013,94.0826241052723,1894.7661130594431,0.2397955705285211,1848.617221003101,0.1993459065755208,4.629065825224383e-06,787.0187500000001,0.2069375,0.147875,0.1794236883561578,0.1491556992192675,0.0862492059293394,8.579166666666667,8.122916666666667,0.0,787.0187500000001,62.73333333333333,8.827083333333333,2024-05-16,0.1993459065755208,979.34509439851,2470.433809355888,2432.4063958732977,4163.071375634793,0.2052169902014133,0.2757169902014132,C3,6637.835145928895,137.0,137.0,-1.0,8.608333333333333,783.775,62.55,11.653254889614855,0.1428571428571428,418.7040591707668,2024.0,-1.0,21.4,8.2,228.2,0.9378288733943819,0.9394052120755363,0.4187040591707668,4200.75345369371,6719.757518029565,0.39465417431627275
323,2024-05-17,155.0,2024-05-17,4478.770833333333,0.0105683079593754,94.63700368704023,1895.107347528948,0.2398237652254378,1850.570248658765,0.1983451843261718,4.458297383000176e-06,785.9958333333334,0.1920625,0.1417916666666666,0.1686442186960877,0.1359432979591644,0.0786091417342162,9.4625,8.639583333333333,0.0,785.9958333333334,53.03541666666666,11.270833333333334,2024-05-17,0.1983451843261718,983.5652483731274,2470.8787176559526,2434.97618528507,4117.063246722664,0.1928879028892857,0.2633879028892857,C3,6562.7191735776405,138.0,138.0,1.0,11.091666666666669,782.8249999999999,52.85,12.081826318186286,0.4285714285714285,622.7262065040386,2024.0,1.0,23.0,9.0,237.2,0.9405908522901251,0.9392324122780826,0.6227262065040386,4191.597667622712,6700.125725379381,0.3954540450367114
324,2024-05-18,156.0,2024-05-18,4442.541666666667,0.0106116739681995,94.2523579350323,1924.8299103617785,0.2201890706858944,1872.240813019384,0.1863886515299479,5.204937901386222e-06,787.9479166666666,0.1774791666666666,0.13575,0.1580399551242977,0.1229456468875741,0.0710932567245304,10.15,9.425,0.0,787.9479166666666,53.29583333333333,11.99375,2024-05-18,0.1863886515299479,979.0835681103092,2509.631587267056,2463.490265297996,4133.133687645719,0.1807592086603191,0.2512592086603191,C3,6554.334736259377,139.0,139.0,3.8,11.808333333333332,784.6750000000001,53.09166666666667,12.910397746757717,0.8285714285714285,649.6502952819264,2024.0,3.8,20.2,7.6,244.8,0.9398482193247147,0.9390928582027888,0.6496502952819264,4186.213562042804,6686.348278200809,0.41052625621658084
325,2024-05-19,157.0,2024-05-19,4383.333333333333,0.0106828883407039,93.62285558787676,1903.2908290270984,0.2339274851402143,1843.0373866201128,0.2023824055989583,6.070348836464091e-06,787.3979166666667,0.1748125,0.13175,0.1547521653729023,0.1189158013734481,0.0687630006402468,9.952083333333333,9.347916666666666,1.7665,787.3979166666667,66.42916666666666,11.85625,2024-05-19,0.2023824055989583,981.815807353458,2481.548503880188,2425.0644622989,4071.643715131129,0.1769987781208626,0.2474987781208626,C3,6424.775194294819,140.0,140.0,3.4,12.78095238095238,784.0880952380952,61.42857142857143,13.681826318186287,0.7714285714285715,569.4856506902742,2024.0,3.0,22.2,8.6,253.4,0.940637512314949,0.9384692628897103,0.5694856506902741,4177.463049043643,6666.928153595955,0.41247641841577254
326,2024-05-20,158.0,2024-05-20,4640.520833333333,0.0103820068966389,96.33228068573334,1938.2727713323725,0.2124401800460655,1898.0960403343763,0.1740798950195312,3.921298954062925e-06,784.0666666666666,0.168,0.1283333333333333,0.1495215882293208,0.1125046803979033,0.0650557732520074,9.904166666666669,9.320833333333333,0.0,784.0666666666666,46.645833333333336,11.779166666666669,2024-05-20,0.1740798950195312,996.507961550396,2527.1586572348647,2497.5105154467096,4121.407890000987,0.1710162720858101,0.24151627208581,C3,6571.296256254887,141.0,141.0,0.2,11.566666666666665,780.86875,46.44166666666666,13.996112032472002,0.3142857142857143,729.9929430897522,2024.0,0.2,21.8,8.4,261.8,0.9447721863834075,0.9391175859868619,0.7299929430897522,4169.853599940888,6653.040751571783,0.4488067297656643
327,2024-05-21,159.0,2024-05-21,4431.3125,0.0106332284857583,94.1089756495504,1884.412222093728,0.2484630956466147,1836.232221464876,0.2087745666503906,4.90289390302313e-06,784.9645833333334,0.2214583333333333,0.1413333333333333,0.1841327179604172,0.1549275591195416,0.0895867809314332,8.99375,9.158333333333331,6.3504,784.9645833333334,70.39583333333333,7.485416666666667,2024-05-21,0.2087745666503906,995.9705135381264,2456.9342000248,2416.1102412408536,4160.097307278674,0.2106029729053091,0.2811029729053091,C3,6627.240342368396,142.0,142.0,1.8,7.266666666666667,781.5854166666667,70.21666666666667,14.538969175329145,0.5428571428571428,303.8948561270827,2024.0,-1.0,12.2,3.6,265.40000000000003,0.9501668833375592,0.9399732020007845,0.30389485612708267,4162.71023081472,6637.902235842701,0.4519470372262725
328,2024-05-22,160.0,2024-05-22,4231.166666666667,0.0108751565988279,91.9781282977092,1838.0274510062457,0.2807485083869098,1798.431284759111,0.2289085388183593,4.083596673698255e-06,789.225,0.2681875,0.1855416666666667,0.2296875737950187,0.2107641683047281,0.1218742713137456,7.1375,7.391666666666667,16.2962,789.225,74.0625,4.25,2024-05-22,0.2289085388183593,987.1244963082936,2396.456811314948,2366.3718534510804,4229.45815282858,0.2627066303938292,0.3332066303938292,C3,6781.744751108063,143.0,143.0,-4.2,5.019512195121951,785.3390243902439,69.40487804878049,14.538969175329145,0.0,267.2483275683496,2024.0,-4.2,18.6,6.800000000000001,272.20000000000005,0.9518627950261238,0.9404361186213851,0.2672483275683496,4162.284698722767,6634.460042861924,0.4488754099720543
329,2024-05-23,161.0,2024-05-23,4540.895833333333,0.0104952771513162,95.29262413394504,1886.302991608284,0.2448971314264425,1848.9478237175224,0.1987164815266927,3.747466511349409e-06,782.4541666666668,0.2438541666666666,0.1693333333333333,0.209139209259251,0.1855780277943913,0.1073103985900629,8.214583333333334,8.0875,1.2935,782.4541666666668,44.27291666666667,10.333333333333334,2024-05-23,0.1987164815266927,1000.297447308458,2459.3994229893988,2432.841402183915,4264.2828254135,0.2392043071374865,0.3097043071374865,C3,6844.713672768504,144.0,144.0,1.0,10.133333333333333,779.1333333333333,44.075,14.967540603900574,0.4285714285714285,692.8980588815645,2024.0,1.0,19.0,7.0,279.20000000000005,0.9530733826581027,0.9413918217240267,0.6928980588815644,4164.07096550732,6636.137503007392,0.4784026321439699
330,2024-05-24,162.0,2024-05-24,4406.041666666667,0.0106541845634498,93.86839904750023,1874.7220145834365,0.2530141346188419,1831.2542993277737,0.2085647583007812,4.400288938383203e-06,787.1083333333332,0.2307916666666667,0.1604583333333333,0.1980274239472271,0.1719583070763661,0.0994348021290642,7.733333333333333,7.727083333333333,1.5267,787.1083333333332,66.675,6.4875,2024-05-24,0.2085647583007812,985.8799027342676,2444.299914406062,2409.560302450455,4194.95598271308,0.2264951316747051,0.2969951316747051,C3,6706.231259348154,145.0,145.0,-2.6,6.275,783.7041666666668,66.45,14.967540603900574,0.0,319.7525671633751,2024.0,-2.6,16.2,5.6,284.80000000000007,0.9498498400937124,0.9427682796198582,0.3197525671633751,4163.084561824372,6634.028001902944,0.47581249709509343
331,2024-05-25,163.0,2024-05-25,4620.416666666667,0.0104044417837038,96.12378690451538,1892.7262562627616,0.240378693668682,1846.085137750928,0.1999918619791666,4.681522185357955e-06,782.84375,0.2150625,0.1528333333333333,0.1860735210299271,0.1573064023956809,0.090962345825509,8.779166666666667,8.341666666666667,0.0,782.84375,53.39166666666667,10.160416666666666,2024-05-25,0.1999918619791666,989.0188969680476,2467.774203422452,2429.074686405544,4186.545304518249,0.2128227788191631,0.2833227788191631,C3,6676.979065695536,146.0,146.0,1.4,9.95,779.4895833333334,53.16666666666666,15.45325488961486,0.4857142857142857,573.1717943284489,2024.0,1.4,17.0,6.0,290.80000000000007,0.9504550245844661,0.9437503563436009,0.5731717943284489,4164.505322674091,6635.950631895159,0.4988405570851367
332,2024-05-26,164.0,2024-05-26,4413.291666666667,0.0106461588750741,93.94339104591955,1877.0126321502808,0.2512012678260882,1821.6673345165743,0.2138926188151041,5.626218994859653e-06,788.1166666666667,0.2375416666666666,0.1571458333333333,0.200089885667165,0.1744862674201263,0.1008965938903676,8.958333333333334,8.541666666666666,5.6098,788.1166666666667,73.14583333333333,8.18125,2024-05-26,0.2138926188151041,990.631753155838,2447.286467227771,2396.9457956402675,4208.220105025189,0.2288540854474708,0.2993540854474708,C3,6684.989204044927,147.0,147.0,1.4,7.966666666666666,784.6999999999999,72.95833333333333,15.938969175329143,0.4857142857142857,289.4366404502492,2024.0,1.4,17.8,6.4,297.20000000000005,0.9473672257265975,0.9446068031920789,0.2894366404502492,4168.37906731893,6641.617827214861,0.5023724819896095
333,2024-05-27,165.0,2024-05-27,4321.729166666667,0.0107573503759137,92.96669970165738,1891.664671149785,0.2410515799449806,1844.65496057752,0.2008921305338541,4.727562275551432e-06,792.5416666666666,0.2252708333333333,0.1546666666666666,0.1923804249873082,0.165036777675879,0.0954324313330882,9.53125,8.954166666666667,0.0,792.5416666666666,58.39166666666667,10.339583333333334,2024-05-27,0.2008921305338541,995.9296795127,2466.3900876012267,2427.192862486397,4210.119452160514,0.2200363405259872,0.2905363405259873,C3,6716.559584722586,148.0,148.0,0.6,10.15,789.2166666666667,58.175,16.310397746757715,0.3714285714285714,518.7806671889905,2024.0,0.6,22.6,8.8,306.00000000000006,0.9505777234692625,0.9461593586557258,0.5187806671889905,4171.0346411984365,6646.471254425012,0.5129691322254638
334,2024-05-28,166.0,2024-05-28,4282.6875,0.0108065964701928,92.54490089787372,1916.936857447224,0.2253831983851673,1866.71941203686,0.1894569396972656,4.982374345270312e-06,793.8958333333334,0.2041458333333333,0.1470208333333333,0.1775345911719875,0.1468402318722008,0.0849102881334714,9.910416666666666,9.427083333333334,0.0,793.8958333333334,58.76666666666667,11.039583333333333,2024-05-28,0.1894569396972656,990.191443645518,2499.340467616586,2456.225218260954,4203.621976900905,0.2030563232243536,0.2735563232243536,C3,6688.520171220476,149.0,149.0,0.2,10.85,790.6020833333333,58.55833333333334,16.62468346104343,0.3142857142857143,538.6101288475464,2024.0,0.2,23.8,9.4,315.40000000000003,0.9509523047703385,0.9472048116489555,0.5386101288475464,4174.958827633952,6652.991680123881,0.5053560560964984
335,2024-05-29,167.0,2024-05-29,4378.208333333333,0.0106885470400579,93.5698275449525,1917.499883796848,0.2245853521130073,1867.057111698053,0.1888809204101562,5.004564805560186e-06,790.7479166666667,0.1871666666666666,0.13975,0.1650779769660018,0.1315721537179074,0.0760815298374907,10.502083333333331,9.8625,0.0,790.7479166666667,54.84166666666667,12.833333333333334,2024-05-29,0.1888809204101562,988.6082074482576,2500.074552588912,2456.669562718226,4149.662893606962,0.1888089911196972,0.2593089911196972,C3,6592.6694298374005,150.0,150.0,1.4,12.658333333333331,787.4979166666667,54.65833333333333,17.110397746757712,0.4857142857142857,664.0843812724556,2024.0,1.4,25.8,10.4,325.8,0.9503058636533269,0.9476976912011189,0.6640843812724556,4172.377422541495,6647.90057053069,0.5113168983260585
336,2024-05-30,168.0,2024-05-30,4539.916666666667,0.0104958690399642,95.28395613987692,1957.8005876752989,0.2012940598221063,1909.8919388440745,0.1685676574707031,4.645437270074765e-06,789.4666666666667,0.1706875,0.132375,0.1528399163622484,0.1165719568212819,0.0674076737402068,10.829166666666666,10.25,0.0,789.4666666666667,47.19791666666666,13.264583333333334,2024-05-30,0.1685676574707031,1005.819459397642,2552.6194132532223,2513.0315322662395,4179.051605345089,0.1748116310943058,0.2453116310943058,C3,6641.105761263476,151.0,151.0,1.4,13.083333333333334,786.24375,47.00833333333333,17.596112032471996,0.4857142857142857,798.0306638797388,2024.0,1.4,23.0,9.0,334.8,0.9534652488512351,0.9495100105393371,0.7980306638797388,4173.518867520803,6648.134185911731,0.5384116558052708
337,2024-05-31,169.0,2024-05-31,4535.1875,0.010501373086243,95.23421395198534,1969.2677182607256,0.1957631583434099,1921.9745826540616,0.1638806660970052,4.560859704376423e-06,790.3208333333333,0.1569583333333333,0.1253958333333333,0.1422551853120208,0.1035982467709704,0.0599056326136931,10.195833333333333,10.052083333333334,0.0,790.3208333333333,54.30833333333334,10.90625,2024-05-31,0.1638806660970052,1008.4324389302416,2567.570486580576,2528.929847909174,4151.115233076568,0.1627052773117028,0.2332052773117028,C3,6589.026397069868,152.0,152.0,-0.2,10.691666666666668,787.025,54.1,17.853254889614853,0.2571428571428572,590.2972063485893,2024.0,-0.2,22.2,8.6,343.40000000000003,0.9592925100408812,0.9512123097384035,0.5902972063485893,4175.951152260367,6650.013273304035,0.5360952986513102
338,2024-06-01,170.0,2024-06-01,4554.5625,0.0104797025239821,95.4352960354048,1965.2978458655089,0.197287394275393,1911.9698184432696,0.1677500406901041,5.1696320358568686e-06,789.5749999999999,0.1473260869565217,0.1197173913043478,0.1344647882999108,0.0940495533245029,0.0543841055669135,10.582608695652176,10.134782608695652,0.0,789.5749999999999,53.8,13.133333333333333,2024-06-01,0.1677500406901041,998.9223470322756,2562.3944878563134,2515.765601585465,4102.931110521771,0.1537949609429644,0.2242949609429644,C3,6481.609250939985,153.0,153.0,1.8,12.95,786.3166666666666,53.6,18.396112032472,0.5428571428571428,692.6959471989545,2024.0,1.8,25.4,10.2,353.6,0.9625874610215921,0.9525703858504498,0.6926959471989546,4173.793825322943,6644.818595781219,0.5391699880739551
339,2024-06-02,171.0,2024-06-02,4723.395833333333,0.0102900592672442,97.19010794381124,1977.586618142331,0.190980381512527,1928.7704827083992,0.1607233683268229,4.696537885684996e-06,785.9625,0.1377916666666666,0.1145208333333333,0.1269511278285108,0.0848400559919906,0.0490587184975943,11.395833333333334,10.645833333333334,0.0,785.9625,47.57291666666666,14.160416666666668,2024-06-02,0.1607233683268229,999.20070505484,2578.4168339912235,2537.8718779682235,4088.8281376253262,0.1452011637612049,0.2157011637612049,C3,6465.640763015446,154.0,154.0,3.0,13.95,782.7833333333333,47.36666666666667,19.110397746757712,0.7142857142857143,838.6728162869327,2024.0,3.0,25.0,10.0,363.6,0.9604730363587057,0.953760479977285,0.8386728162869328,4175.021284072528,6647.73756497555,0.5583976427594307
340,2024-06-03,172.0,2024-06-03,4757.708333333333,0.010253230864393,97.54142312288532,2007.408582804632,0.1764105503308141,1949.379134880916,0.1522814432779947,5.516416489961533e-06,785.9250000000001,0.128,0.1093333333333333,0.119304276813798,0.075467306945081,0.0436389312088595,11.814583333333331,11.20625,0.0,785.9250000000001,49.62708333333333,14.81875,2024-06-03,0.1522814432779947,1016.6406141598072,2617.299305688063,2564.988696304232,4108.2216497961945,0.1364550290443498,0.2069550290443498,C3,6457.971272897785,155.0,155.0,6.6,14.608333333333334,782.7229166666666,49.40833333333333,20.110397746757712,1.0,841.2468625963515,2024.0,6.6,23.0,9.8,373.4,0.9630952167938449,0.9551386733977829,0.8412468625963515,4174.0794097721855,6639.642923307185,0.5663443512956163
341,2024-06-04,173.0,2024-06-04,4697.604166666667,0.010319870441182,96.91934527085216,2000.97197836906,0.1797238847726731,1929.2765212665024,0.161017100016276,6.904516373652744e-06,786.8520833333333,0.1224166666666666,0.1053333333333333,0.11445852714358,0.069527869192768,0.0402044544004965,12.73125,11.704166666666666,1.6990999,786.8520833333333,55.52708333333334,16.181250000000002,2024-06-04,0.161017100016276,1001.0819121428478,2608.907132582639,2538.5377223687324,4067.7063259918086,0.130912671891276,0.201412671891276,C3,6340.43535552185,156.0,156.0,9.4,15.983333333333334,783.68125,55.325,21.110397746757712,1.0,811.4552182481791,2024.0,7.0,21.8,9.4,382.8,0.9637851106159154,0.9554885774100975,0.8114552182481791,4167.480053965982,6619.156852818147,0.6025986628756946
342,2024-06-05,174.0,2024-06-05,4536.75,0.0105001239157644,95.2489359660662,1995.5513013132183,0.1822960422328065,1929.236746247644,0.1605466206868489,6.366356828281011e-06,791.9104166666666,0.1159375,0.1017083333333333,0.1093089520801607,0.063216032506688,0.0365546381012897,11.98125,11.479166666666666,0.0,791.9104166666666,65.8,13.089583333333332,2024-06-05,0.1605466206868489,1000.0330169623888,2601.839545836152,2538.4853864880706,4027.142848383094,0.1250228125030695,0.1955228125030695,C3,6285.628846778071,157.0,157.0,2.2,13.04255319148936,788.6276595744681,64.90212765957448,21.710397746757717,0.6,527.1507859277606,2024.0,2.2,26.6,10.8,393.6,0.9640510006510168,0.9563722383254762,0.5271507859277605,4153.028960791304,6583.720002508861,0.6211631241870812
343,2024-06-06,175.0,2024-06-06,4528.833333333333,0.0105091364518343,95.16628414491794,2026.0617183073389,0.1679581019064086,1956.5765483852688,0.1494382222493489,6.573966862735455e-06,792.7541666666666,0.1079583333333333,0.0976875,0.1031737445712824,0.0556961056478029,0.0322062442844897,12.78125,11.95,0.0,792.7541666666666,60.47291666666666,15.01875,2024-06-06,0.1494382222493489,1015.2931345587384,2641.6196353998803,2574.4590368608524,4052.180645385464,0.1180056297064819,0.1885056297064819,C3,6306.008864340204,158.0,158.0,3.4,14.825,789.5875,60.30833333333334,22.48182631818629,0.7714285714285715,669.2917543799073,2024.0,3.4,29.0,12.0,405.6,0.9636205353468718,0.9573987775453762,0.6692917543799073,4137.878805075015,6545.241087621127,0.61947695957982
344,2024-06-07,176.0,2024-06-07,4652.020833333333,0.0103685399059748,96.45350521049976,2041.2026463634693,0.1614284079184229,1968.7643585533715,0.1449724833170572,6.814792363903654e-06,790.6458333333334,0.1006666666666666,0.0936874999999999,0.0974154755200398,0.0486381924416947,0.0281250096234517,13.16875,12.4375,0.0,790.6458333333334,57.63541666666666,15.547916666666666,2024-06-07,0.1449724833170572,1007.390873574113,2661.360679065947,2590.495730162074,4047.0956776202656,0.1114195726797181,0.1819195726797181,C3,6279.254647396537,159.0,159.0,5.4,15.341666666666669,787.4562500000001,57.38333333333333,23.48182631818629,1.0,742.9031231254808,2024.0,5.4,27.0,11.2,416.8,0.9656359936879073,0.9588713246088536,0.7429031231254808,4127.317354711243,6514.74275819601,0.6497019992913989
345,2024-06-08,177.0,2024-06-08,4712.770833333333,0.0103016714622948,97.08068486397508,2050.4411128217703,0.1574171359210532,1964.6259062431143,0.1464703877766927,8.100781029759153e-06,789.8666666666667,0.0960625,0.0903333333333333,0.0933936117453063,0.0437085920363898,0.0252744707387024,13.00625,12.429166666666667,0.6613,789.8666666666667,69.51875,14.7625,2024-06-08,0.1464703877766927,1016.5013165940572,2673.405975700652,2585.050363888236,4040.1095485101546,0.1068195402848174,0.1773195402848174,C3,6218.061277499113,160.0,160.0,5.4,14.55,786.6291666666666,69.34166666666667,24.48182631818629,1.0,507.8746635376983,2024.0,5.4,27.0,11.2,428.0,0.9708969502204413,0.9607526509617569,0.5078746635376983,4116.857657853522,6481.962916181981,0.6450379185206311
346,2024-06-09,178.0,2024-06-09,4615.958333333333,0.0104094761179413,96.07734568745354,2005.814013152468,0.1776223192119649,1917.242144825001,0.1658299763997396,8.558691132202199e-06,790.56875,0.0959166666666666,0.0882708333333333,0.0923549139776754,0.0424354596721189,0.0245382826075342,12.864583333333334,12.352083333333333,1.3014,790.56875,77.93958333333333,13.460416666666667,2024-06-09,0.1658299763997396,1024.3377745636217,2615.2202740055104,2522.7029168210643,3945.720038811021,0.1056315230750774,0.1761315230750774,C3,6056.164214433134,161.0,161.0,4.2,14.495238095238092,787.0619047619048,74.61904761904762,25.36754060390057,0.8857142857142858,418.9661702567553,2024.0,4.2,27.4,11.2,439.2,0.9737863473641881,0.9630600178962885,0.41896617025675525,4098.107653123939,6437.046845495423,0.6542900277925243
347,2024-06-10,179.0,2024-06-10,4556.0,0.0104773392839527,95.45253112952558,1972.8891309044368,0.1936254011861327,1886.9191028788853,0.1793785095214843,8.440847012072268e-06,790.6083333333332,0.1077916666666666,0.0881874999999999,0.0986592163115148,0.0501626461410633,0.0290065241866552,13.389583333333334,12.702083333333334,0.0,790.6083333333332,73.02916666666667,14.46875,2024-06-10,0.1793785095214843,1022.5396774707308,2572.2921565381453,2482.8039261949552,3919.1002371900217,0.1128421091583495,0.1833421091583495,C3,6030.558636625983,162.0,162.0,6.2,14.25,787.3229166666666,72.825,26.36754060390057,1.0,441.5190684034602,2024.0,6.2,24.2,10.2,449.4,0.9786257783074246,0.964881622074174,0.4415190684034602,4077.320566340332,6388.046777774238,0.6487713421649864
348,2024-06-11,180.0,2024-06-11,4475.625,0.0105722907468596,94.60291629998224,1945.014231124252,0.2092520963865311,1861.4801562552384,0.1926600138346354,8.326279889775359e-06,791.7770833333334,0.125125,0.0895208333333333,0.1085390726281036,0.0622723908839311,0.0360089778209875,13.520833333333334,12.772916666666667,1.8715999,791.7770833333334,73.67916666666666,15.077083333333334,2024-06-11,0.1926600138346354,1024.1058659984126,2535.9483068277536,2449.331417246855,3920.8010783073337,0.1241422579597059,0.1946422579597059,C3,6056.712692258867,163.0,163.0,5.8,15.883720930232558,788.3813953488373,70.39999999999999,27.36754060390057,1.0,534.2284641175356,2024.0,5.8,27.0,11.4,460.8,0.9810551246735112,0.9672032552267223,0.5342284641175357,4057.1190735836485,6342.917672134123,0.6484583661128429
349,2024-06-12,181.0,2024-06-12,4549.708333333333,0.0104840419203823,95.38826326445484,1972.2864451638525,0.1935597537927586,1897.1560035267348,0.1743062337239583,7.336691433364562e-06,792.15,0.1208958333333333,0.0893958333333333,0.1062218004566175,0.0594321092444774,0.0343665864319837,14.18125,13.35,0.0,792.15,57.78333333333333,17.114583333333332,2024-06-12,0.1743062337239583,1022.2622909797212,2571.5063628617154,2496.2736171222296,3962.4046384175103,0.1214918631045633,0.1919918631045633,C3,6147.371049845929,164.0,164.0,6.6,16.875,789.0166666666668,57.56666666666666,28.36754060390057,1.0,815.7523087248464,2024.0,6.6,29.0,12.8,473.6,0.9803920915029287,0.9695070667212031,0.8157523087248465,4043.7434839272587,6311.110644991874,0.6592917895022994
350,2024-06-13,182.0,2024-06-13,4668.104166666667,0.0103508143977022,96.61962079477964,2019.1081474872417,0.1713252768937648,1950.1605921201017,0.1520551045735677,6.544706345861708e-06,792.6583333333333,0.1108333333333333,0.0883333333333333,0.1003518812785363,0.0522373464230308,0.0302062185516557,14.145833333333334,13.439583333333331,0.0,792.6583333333333,54.71875,16.639583333333334,2024-06-13,0.1520551045735677,1025.9764757146008,2632.5534312223203,2566.016935987981,4021.2291191218505,0.1147781055317047,0.1852781055317046,C3,6253.792378126684,165.0,165.0,5.0,16.433333333333334,789.5187500000001,54.50833333333333,29.36754060390057,1.0,850.3432632234689,2024.0,5.0,29.8,12.4,486.0,0.9814900097201392,0.9708869279746534,0.8503432632234689,4032.470449197027,6283.445403339247,0.6630284037411371
351,2024-06-14,183.0,2024-06-14,4648.583333333333,0.0103726424860093,96.41701979249837,2039.0321344677943,0.1620725484532767,1954.951608256528,0.1500587463378906,7.970739154391589e-06,793.3729166666667,0.1019375,0.0857708333333333,0.0944063825976643,0.0449499457678687,0.0259922828918946,14.585416666666667,13.914583333333333,0.5247,793.3729166666667,59.05,16.422916666666666,2024-06-14,0.1500587463378906,1017.6474596508102,2658.530722411283,2572.320944281624,4024.0044128428913,0.1079779034195227,0.1784779034195227,C3,6199.116074423403,166.0,166.0,11.4,16.224999999999998,790.0979166666666,58.825,30.36754060390057,1.0,759.5071922524885,2024.0,8.2,23.4,10.8,496.8,0.9794268097648239,0.9715177480247099,0.7595071922524885,4023.391104894622,6255.594666007356,0.6751148313057014
352,2024-06-15,184.0,2024-06-15,4724.25,0.0102887493203737,97.20010923693796,2050.6383500026755,0.1570217907782467,1966.6882925270568,0.1455116271972656,7.913810061218274e-06,790.9499999999999,0.0968958333333333,0.0835208333333333,0.0906651923896484,0.0403643670912315,0.0233406743938173,13.079166666666666,13.05625,0.703,790.9499999999999,76.67291666666667,12.35,2024-06-15,0.1455116271972656,1028.3348574282657,2673.663137466852,2587.764047137979,4023.09599929392,0.1036988932102575,0.1741988932102575,C3,6191.166471083915,167.0,167.0,5.0,12.141666666666666,787.5645833333333,76.46666666666667,31.36754060390057,1.0,333.166035062308,2024.0,5.0,25.0,10.0,506.8,0.9813667494575218,0.9735311999574737,0.333166035062308,4017.6885969497757,6234.848753160494,0.649434123295941
353,2024-06-16,185.0,2024-06-16,4763.770833333333,0.0102475536749886,97.60078061366106,2010.5572752142325,0.1751108541174556,1937.001911667088,0.1573588053385416,7.042813937962495e-06,786.2479166666667,0.1045833333333333,0.0825208333333333,0.0943056872907129,0.0448265234806499,0.0259209140181451,13.014583333333334,12.545833333333334,0.0,786.2479166666667,70.36666666666666,14.21875,2024-06-16,0.1573588053385416,1034.547636075973,2621.404633585964,2548.7027737419994,3967.1858268195656,0.1078627325186829,0.1783627325186829,C3,6141.72170198075,168.0,168.0,3.8,15.055813953488371,782.9325581395349,66.72558139534884,32.196112032472,0.8285714285714285,569.4862787849208,2024.0,3.8,28.2,11.6,518.4,0.984104888980308,0.9759508963935682,0.5694862787849209,4008.99986046365,6211.711677372302,0.6302065134743687
354,2024-06-17,186.0,2024-06-17,5070.020833333333,0.0099326651969663,100.6911091421507,2047.4985889198504,0.1584195910478437,1990.808394415402,0.1367696126302083,5.275282562458769e-06,781.6166666666667,0.0992083333333333,0.080375,0.0904349697615402,0.0400821831028125,0.0231775016484612,13.402083333333332,12.979166666666666,0.0,781.6166666666667,50.88958333333333,15.366666666666667,2024-06-17,0.1367696126302083,1035.9558243027743,2669.569454410748,2619.5012231394508,4015.461245862221,0.1034355746080736,0.1739355746080736,C3,6265.3911178303015,169.0,169.0,3.8,15.024489795918369,778.5489795918368,51.24897959183673,33.02468346104343,0.8285714285714285,832.6853978836059,2024.0,3.8,27.0,11.0,529.4,0.9899536719615541,0.9772731312749333,0.8326853978836058,4002.374117325509,6197.9559520103385,0.6295949802806012
355,2024-06-18,187.0,2024-06-18,5108.166666666667,0.0098962438589872,101.06672447856242,2071.277169358123,0.1488201371396002,2022.494448236348,0.1261736551920572,4.464628309870777e-06,782.9895833333334,0.0926874999999999,0.0775833333333333,0.0856513400558075,0.034218885821499,0.0197870530280734,13.85,13.35625,0.0,782.9895833333334,33.625,16.787499999999998,2024-06-18,0.1261736551920572,1043.4335662705098,2700.5724413484577,2661.193661735382,4030.773901844812,0.0979642675613703,0.1684642675613703,C3,6303.77831160601,170.0,170.0,6.2,16.575,779.8583333333332,33.43333333333333,33.91357459267134,0.8888911316279042,1255.5483787907065,2024.0,6.2,22.2,9.2,538.6,0.9947770995583949,0.980172340445148,1.2555483787907065,3999.7360870292946,6195.337591730636,0.6613159203193532
356,2024-06-19,188.0,2024-06-19,4981.833333333333,0.0100195295903961,99.81380549473064,2095.3708922277524,0.1398534248584962,2033.1414010118244,0.123144785563151,5.671913465441861e-06,788.7125,0.0867916666666666,0.0746458333333333,0.081133623566716,0.0286815185005103,0.0165850732386705,12.847916666666668,12.766666666666666,0.0,788.7125,56.864583333333336,12.879166666666668,2024-06-19,0.123144785563151,1025.987852723915,2731.98631726704,2675.2028983330906,4047.161995317425,0.0927971004555736,0.1632971004555736,C3,6278.127802489167,171.0,171.0,2.6,12.658333333333331,785.4270833333334,56.68333333333334,34.5707174498142,0.6571428571428571,634.4257698684476,2024.0,2.6,25.0,10.0,548.6,0.9920425945305358,0.9819490950820366,0.6344257698684476,4001.166026096033,6194.801802852858,0.6689784191722593
357,2024-06-20,189.0,2024-06-20,4895.291666666667,0.010107256598669,98.94452131553469,2092.9784118603607,0.1401943262034608,2008.103095653105,0.1307271321614583,7.828350555725644e-06,791.2916666666666,0.0834166666666666,0.072625,0.0783894516996436,0.0253179856943693,0.0146401121331584,13.589583333333335,13.052083333333334,0.7493,791.2916666666666,65.25416666666666,15.11875,2024-06-20,0.1307271321614583,1032.260905062225,2728.866953696472,2642.257552263378,4023.756910426276,0.0896584363454137,0.1601584363454137,C3,6165.005196524099,172.0,172.0,5.0,14.933333333333332,788.0270833333334,65.04166666666667,35.5707174498142,1.0,593.6066817023828,2024.0,5.0,25.4,10.2,558.8000000000001,0.9908622170811014,0.983110634503697,0.5936066817023828,3999.1357593132334,6184.730112294564,0.6635723425524361
358,2024-06-21,190.0,2024-06-21,4531.354166666667,0.0105060090253959,95.19339077754567,2006.9909980732743,0.176549563216097,1906.328489583375,0.1702003479003906,9.77781829119839e-06,794.4291666666667,0.0878333333333333,0.07125,0.0801081149670199,0.027424552105859,0.0158582330710738,13.425,13.102083333333333,11.3305,794.4291666666667,89.12916666666666,12.683333333333332,2024-06-21,0.1702003479003906,1039.1115519596908,2616.7548503953985,2508.342753716188,3869.750880080325,0.0916241684409471,0.1621241684409471,C3,5873.571906113711,173.0,173.0,9.4,13.305263157894736,791.1815789473685,86.08421052631579,36.5707174498142,1.0,212.62524719918275,2024.0,8.6,19.8,9.2,568.0000000000001,0.9894815080868052,0.9852820935306259,0.21262524719918274,3986.468273774666,6155.752773631504,0.6256953514148433
359,2024-06-22,191.0,2024-06-22,4286.604166666667,0.0108043801112434,92.5793015068746,1892.042038790456,0.2451876049984465,1800.7052390720607,0.2298469543457031,9.360206832336128e-06,794.8395833333334,0.2105,0.0902916666666666,0.154501871892427,0.1186090165314185,0.0685856024640141,13.40625,12.989583333333334,18.0607,794.8395833333334,85.79791666666667,12.804166666666667,2024-06-22,0.2298469543457031,1016.7378645436512,2466.8821070497725,2369.36391743918,4046.4189330151535,0.1767125033530169,0.2472125033530169,C3,6275.239870166072,174.0,174.0,7.0,15.436363636363636,791.190909090909,79.16363636363637,37.5707174498142,1.0,365.438443454565,2024.0,5.0,24.6,9.8,577.8000000000001,0.9865265104956003,0.9852982865695706,0.365438443454565,3986.918944096452,6159.836958822001,0.6155213356946196
360,2024-06-23,,,,,,,,,,,,,,,,,,,,,,,,,,,,,,,,,,175.0,9.0,18.24,791.9033333333333,66.97333333333333,38.5707174498142,1.0,692.0216322709842,2024.0,5.0,27.4,11.2,589.0000000000001,,,0.6920216322709842,,,0.6350252972670646
361,2024-06-24,192.0,2024-06-24,4415.416666666667,0.0106430718663046,93.96762494030862,1915.6277952656783,0.22613646733297,1827.098080643748,0.2109642028808593,8.973379871976721e-06,793.1458333333334,0.1967916666666666,0.1175,0.159854253221706,0.1251694329572354,0.0723791598691569,14.427083333333334,13.689583333333331,0.0,793.1458333333334,71.54375,16.270833333333332,2024-06-24,0.2109642028808593,1020.2180464724412,2497.63368626265,2404.0915592218344,4121.761698968804,0.1828343237038757,0.2533343237038757,C3,6410.714567643617,176.0,176.0,7.4,16.058333333333334,789.9458333333333,71.33333333333333,39.5707174498142,1.0,523.1874754558668,2024.0,7.4,29.0,13.2,602.2000000000002,,,0.5231874754558667,,,0.640858754913665
362,2024-06-25,193.0,2024-06-25,4505.479166666667,0.0105359971314891,94.92162291691636,1937.1557227357696,0.2136559021040424,1855.8415632465496,0.1954600016276041,8.116320592876654e-06,793.3520833333333,0.1708958333333333,0.1131666666666666,0.1440031447742198,0.1057407215428524,0.0611445175424333,14.883333333333333,14.164583333333333,0.0,793.3520833333333,63.46458333333334,17.047916666666666,2024-06-25,0.1954600016276041,1013.053688486461,2525.7022270186385,2441.9121692044623,4092.076860489463,0.1647045171172881,0.2352045171172881,C3,6377.4221862493605,177.0,177.0,6.6,16.833333333333332,790.1979166666666,63.24166666666667,40.5707174498142,1.0,704.7886533028604,2024.0,6.6,29.8,13.2,615.4000000000002,,,0.7047886533028604,,,0.6530416255697596
363,2024-06-26,194.0,2024-06-26,4480.541666666667,0.010565012127875,94.65934992025568,1970.5192558465003,0.1948569808222039,1876.552451082089,0.1842689514160156,9.269424165763764e-06,793.8874999999999,0.1494583333333333,0.1074166666666666,0.1298735460679811,0.0884220654643819,0.0511300136223682,15.004166666666668,14.43125,0.0,793.8874999999999,72.55833333333334,16.087500000000002,2024-06-26,0.1842689514160156,1021.3125085826732,2569.2022662204317,2469.163508996723,4089.757147887861,0.1485436982989151,0.2190436982989151,C3,6318.417062207545,178.0,178.0,7.4,15.875,790.6666666666666,72.325,41.5707174498142,1.0,499.207147142394,2024.0,7.4,27.8,12.6,628.0000000000002,0.9758162827771668,,0.499207147142394,,,0.6304312568852987
364,2024-06-27,195.0,2024-06-27,4531.979166666667,0.0105050904244686,95.20053281270708,1981.1768406747249,0.189148800509304,1875.9329563065064,0.1845652262369791,1.0392981183864088e-05,790.8708333333334,0.1350833333333333,0.1017916666666666,0.1195746663115133,0.0757987234853181,0.0438305726518411,15.445833333333333,14.652083333333332,1.6262,790.8708333333334,72.98125,17.1375,2024-06-27,0.1845652262369791,1020.1184444286976,2583.0978376602284,2468.3483791595577,4056.033414114828,0.1367642887603415,0.2072642887603415,C3,6216.810355405706,179.0,179.0,11.8,17.06530612244898,787.5836734693877,72.58775510204082,42.5707174498142,1.0,533.3774140769232,2024.0,11.8,24.6,13.200000000000005,641.2000000000003,0.9757844639473906,,0.5333774140769232,,,0.6077908390891169
365,2024-06-28,196.0,2024-06-28,4558.666666666667,0.0104742325915709,95.48061275927915,1921.2337300292068,0.2229051427576056,1823.3074978284235,0.21356201171875,9.948859447180092e-06,789.5229166666667,0.138625,0.0975416666666666,0.1194866449517965,0.0756908356614537,0.0437681865734917,14.854166666666666,14.4625,7.9426,789.5229166666667,79.02291666666666,15.00625,2024-06-28,0.21356201171875,1024.9965599424213,2504.942815699477,2399.1039188497084,3932.840748561833,0.1366636137676468,0.2071636137676467,C3,6041.767938532867,180.0,180.0,10.6,14.833333333333334,786.2333333333332,78.8,43.5707174498142,1.0,357.6723081605777,2024.0,10.6,21.8,11.2,652.4000000000003,0.97959972897224,,0.3576723081605777,,,0.5790883473682661
366,2024-06-29,197.0,2024-06-29,4446.1875,0.0106065078202531,94.29351021038178,1963.0695566014344,0.1993671945946155,1867.9445512009863,0.1894556681315104,9.437400244695464e-06,792.9041666666667,0.1465208333333333,0.0953333333333333,0.1226755299086701,0.0795994535203259,0.0460283428288244,15.625,14.720833333333331,9.5222,792.9041666666667,66.325,18.141666666666666,2024-06-29,0.1894556681315104,1040.711097527588,2559.489199917579,2457.8372536270635,4035.850928534816,0.1403109213162975,0.2108109213162975,C3,6220.980133970708,181.0,181.0,10.6,17.908333333333335,789.7395833333334,66.14999999999999,44.5707174498142,1.0,694.6436346374904,2024.0,10.6,28.6,14.6,667.0000000000003,0.985796794577935,,0.6946436346374905,,,0.6049081759093505
367,2024-06-30,198.0,2024-06-30,4443.166666666667,0.0106100412468289,94.26169398234174,1983.1148909514168,0.1884387172783761,1880.6456396257904,0.1825485229492187,1.009396292691342e-05,795.2229166666666,0.13375,0.0913333333333333,0.1139905218670678,0.0689542348953378,0.0398727506646945,16.833333333333332,15.66875,1.3853999,795.2229166666666,63.2125,19.60625,2024-06-30,0.1825485229492187,1029.0739660870345,2585.624706224518,2474.5493173079817,4028.7611593814495,0.130377387865381,0.2008773878653811,C3,6175.953515922146,182.0,182.0,11.4,19.4,792.1479166666667,63.01666666666667,45.5707174498142,1.0,833.171998943081,2024.0,11.4,27.8,14.6,681.6000000000004,0.9886577220096946,,0.833171998943081,,,0.623742870206362
368,2024-07-01,199.0,2024-07-01,4307.208333333333,0.0107766979999048,92.80681569213476,1883.7104787920623,0.248462630133967,1769.4475193648325,0.2512232462565104,1.1968063686680142e-05,792.9583333333334,0.2036875,0.0986666666666666,0.154764352029415,0.118930738564325,0.0687716380631457,16.189583333333335,15.808333333333332,7.5383997,792.9583333333334,90.39166666666668,15.827083333333334,2024-07-01,0.2512232462565104,1028.110504767289,2456.019253126617,2328.2350799100013,4029.812389993489,0.1770127166871304,0.2475127166871304,C3,6168.1705128649055,183.0,183.0,13.0,15.846511627906976,789.6116279069768,89.05116279069767,46.5707174498142,1.0,197.13785689970956,2024.0,12.2,21.8,12.0,693.6000000000004,0.9896525016004687,,0.19713785689970956,,,0.5783466172789409
369,2024-07-02,,,,,,,,,,,,,,,,,,,,,,,,,,,,,,,,,,184.0,11.0,16.123809523809523,788.152380952381,75.32380952380952,47.5707174498142,1.0,452.2444545749762,2024.0,9.0,23.0,11.0,704.6000000000004,,,0.4522444545749762,,,0.5209677655492458
370,2024-07-03,200.0,2024-07-03,4435.708333333333,0.010619527160361,94.18080750579982,1895.782349025697,0.2397033874675666,1820.101895791796,0.2166086832682291,7.720932024299185e-06,792.21875,0.2288958333333333,0.1591041666666666,0.1963839218670648,0.1699438657689839,0.0982699524849513,14.752083333333331,14.664583333333333,0.62229997,792.21875,72.03750000000001,14.158333333333331,2024-07-03,0.2166086832682291,1033.0416964749288,2471.758798056083,2394.885994875005,4235.490779508892,0.2246153656673807,0.2951153656673807,C3,6654.2725954922535,185.0,185.0,5.0,14.925581395348836,788.8953488372093,68.62325581395349,48.5707174498142,1.0,532.5238605621468,2024.0,5.0,25.8,10.4,715.0000000000003,,,0.5325238605621467,,,0.513689057741653
371,2024-07-04,201.0,2024-07-04,4497.1875,0.0105465504258124,94.83168763823552,1942.1430962270344,0.2109522735002164,1880.7162529365985,0.1829058329264322,6.051230835529128e-06,794.0270833333334,0.1919791666666666,0.1412708333333333,0.1683570793505778,0.1355913511222533,0.0784056286578013,14.175,14.127083333333331,0.0,794.0270833333334,60.77916666666667,13.783333333333331,2024-07-04,0.1829058329264322,1036.0823600439048,2532.204863944529,2474.6422301440693,4217.945817229005,0.1925594854278356,0.2630594854278356,C3,6667.726819802855,186.0,186.0,3.0,13.566666666666668,790.7708333333334,60.583333333333336,49.28500316409991,0.7142857142857143,612.6144451647998,2024.0,3.0,25.0,10.0,725.0000000000003,,,0.6126144451647998,,,0.5150467551318256
372,2024-07-05,202.0,2024-07-05,4492.583333333333,0.0105514257318741,94.7847010358899,1962.5487821899148,0.1994119167274358,1904.1491412189755,0.1714375813802083,5.674989917958207e-06,795.8249999999999,0.1622291666666666,0.1271041666666666,0.1458664554033446,0.1080245822967266,0.0624651588421349,13.55625,13.695833333333333,0.0,795.8249999999999,63.09375,12.239583333333334,2024-07-05,0.1714375813802083,1038.865336237084,2558.810203863977,2505.47517202314,4154.999960040746,0.1668356905572202,0.2373356905572202,C3,6560.104762456087,187.0,187.0,1.8,12.058333333333332,792.5020833333333,62.925,49.82786030695706,0.5428571428571428,522.0041043180223,2024.0,1.8,24.2,9.6,734.6000000000004,0.9928770707707164,,0.5220041043180224,,,0.5371452449260284
373,2024-07-06,203.0,2024-07-06,4666.666666666667,0.0103524866951581,96.60450057312882,1997.210405903537,0.1814180284112099,1936.0810646271327,0.15765380859375,5.846375346521273e-06,793.6208333333334,0.13825,0.1151458333333333,0.1274871015474352,0.0854969992426897,0.0494385955925361,13.166666666666666,13.297916666666666,0.0,793.6208333333334,59.92083333333333,12.9625,2024-07-06,0.15765380859375,1041.1520423177506,2604.00271945686,2547.4911252708284,4132.303896376096,0.1458141871274752,0.2163141871274752,C3,6496.010696489702,188.0,188.0,3.0,12.766666666666666,790.2979166666668,59.73333333333333,50.54214602124277,0.7142857142857143,593.9585888536467,2024.0,3.0,25.0,10.0,744.6000000000004,0.9954679986683879,,0.5939585888536467,,,0.5534681124545343
374,2024-07-07,204.0,2024-07-07,4790.75,0.0102174121987473,97.88081366498272,2026.014747546991,0.1679040730465097,1963.4195767138044,0.1468391418457031,5.905450249169443e-06,791.5458333333332,0.1210416666666666,0.1055208333333333,0.1138114057584965,0.0687346921930322,0.0397458002106351,13.683333333333332,13.4625,0.0,791.5458333333332,57.43958333333333,14.233333333333334,2024-07-07,0.1468391418457031,1035.636428407078,2641.5583939866974,2583.463078197458,4114.878437896739,0.1301725226715242,0.2006725226715242,C3,6445.550227603837,189.0,189.0,3.8,14.033333333333331,788.2916666666666,57.21666666666667,51.3707174498142,0.8285714285714285,685.4172979416428,2024.0,3.8,26.2,10.6,755.2000000000004,0.9953255415228234,,0.6854172979416429,,,0.5529963742881527
375,2024-07-08,205.0,2024-07-08,4758.0625,0.0102523388612079,97.54665562754931,2034.441262740936,0.1639477169784404,1969.522634778464,0.1445032755533854,6.1123108287181575e-06,793.1,0.1106041666666666,0.0961458333333333,0.1038688632166397,0.0565481129130452,0.0326989170449529,13.566666666666668,13.472916666666668,0.0,793.1,62.70625,13.216666666666669,2024-07-08,0.1445032755533854,1044.0164589228953,2652.545052385691,2591.493468319437,4073.141033687695,0.1188006760994083,0.1893006760994083,C3,6355.536561894006,190.0,190.0,3.4,13.016666666666666,789.8083333333334,62.49166666666667,52.14214602124277,0.7714285714285715,562.401673644539,2024.0,3.4,25.8,10.4,765.6000000000004,0.9969711171529686,,0.562401673644539,,,0.5557973884444865
376,2024-07-09,206.0,2024-07-09,4812.916666666667,0.0101939595407102,98.10664837167856,2068.558098354433,0.1498717621412865,1999.366898721253,0.1339162190755208,6.412914422423059e-06,793.8562499999999,0.1000625,0.0886874999999999,0.0947635436834081,0.0453877182861978,0.0262454246241999,13.7625,13.533333333333331,0.0,793.8562499999999,63.1625,13.9,2024-07-09,0.1339162190755208,1041.9294092136554,2697.027262399321,2630.7624839219097,4084.5478808584753,0.1083864086938537,0.1788864086938537,C3,6344.619120699343,191.0,191.0,3.4,13.716666666666669,790.5749999999999,62.958333333333336,52.91357459267135,0.7714285714285715,581.3496444725183,2024.0,3.4,27.4,11.2,776.8000000000004,0.9972194544762295,,0.5813496444725184,,,0.5469803163851763
377,2024-07-10,207.0,2024-07-10,4793.0,0.0102151110717742,97.90348641442968,2089.157337516997,0.1417858748124746,2015.165571704578,0.1285400390625,6.801738910987943e-06,795.5020833333333,0.0914791666666666,0.0824375,0.08726717574835,0.0361994164239785,0.0209322938246152,14.44375,13.96875,0.0,795.5020833333333,58.94791666666666,15.639583333333334,2024-07-10,0.1285400390625,1048.1153720749896,2723.8849608368537,2651.5503424219505,4076.309304402476,0.0998123899610468,0.1703123899610467,C3,6301.298856915675,192.0,192.0,4.2,15.425,792.2395833333334,58.75,53.79928887838563,0.8857142857142858,722.9355972277453,2024.0,4.2,28.2,11.6,788.4000000000004,1.0012059729193707,,0.7229355972277454,,,0.5629609199627014
378,2024-07-11,208.0,2024-07-11,4811.375,0.0101961150380881,98.0892441799592,2131.9898734537387,0.1270666739183991,2045.3031525688943,0.119696299235026,7.858480791301374e-06,795.4854166666668,0.0850833333333333,0.0764166666666666,0.0810460332825967,0.0285741590462174,0.0165229926897526,14.995833333333332,14.352083333333333,0.0,795.4854166666668,64.02291666666666,16.585416666666667,2024-07-11,0.119696299235026,1065.7373593485015,2779.7308745827568,2691.205303772323,4117.283354732336,0.0926969185083484,0.1631969185083484,C3,6318.194724254119,193.0,193.0,5.4,16.375,792.28125,63.833333333333336,54.79928887838563,1.0,673.5314888177404,2024.0,5.4,30.2,12.8,801.2000000000004,1.008144923238617,,0.6735314888177404,,,0.5729719253013312
379,2024-07-12,209.0,2024-07-12,4926.583333333333,0.0100752669138543,99.25973005828014,2149.676986070143,0.1205076058101569,2066.173026707926,0.1128641764322916,7.491335618347901e-06,794.8604166666668,0.0800909090909091,0.0719696969696969,0.0763077048475615,0.022766387554662,0.0131646518285742,14.50909090909091,14.784848484848483,0.0,794.8604166666668,58.62708333333333,17.839583333333334,2024-07-12,0.1128641764322916,1057.169497819163,2802.79168440846,2718.6658373863647,4117.976891478983,0.0872774250795125,0.1577774250795125,C3,6314.412499649761,194.0,194.0,7.0,17.691666666666666,791.6770833333334,58.50833333333333,55.79928887838563,1.0,839.9210891918285,2024.0,7.0,31.4,14.2,815.4000000000004,1.0130135159591043,,0.8399210891918285,,,0.6074182668035634
380,2024-07-13,210.0,2024-07-13,4941.9375,0.0100601310734562,99.41254970386598,2181.1644583382044,0.1107610568681041,2097.2116520410927,0.104321797688802,7.411457436938727e-06,796.0666666666666,,,,,,,,0.0,796.0666666666666,57.56666666666666,17.133333333333333,2024-07-13,0.104321797688802,1058.5743385852884,2843.845678105113,2759.5063910292342,,,,C3,,195.0,195.0,6.2,17.133333333333333,792.6729166666668,57.56666666666666,56.79928887838563,1.0,829.2165432564332,2024.0,6.2,31.4,13.8,829.2000000000004,1.016354733292805,,0.8292165432564331,,,0.6170306174192021
381,2024-07-14,211.0,2024-07-14,4894.6875,0.0101081448371253,98.93755691679917,2165.646600995541,0.1155009801799671,2076.974352687509,0.1098264058430989,7.905511858322459e-06,796.6729166666668,,,,,,,,0.0,796.6729166666668,53.23333333333333,19.425,2024-07-14,0.1098264058430989,1049.2751837577848,2823.61318652536,2732.8781979000214,,,,C3,,196.0,196.0,7.8,19.425,793.3520833333333,53.23333333333333,57.7507847562364,0.9514958778507668,1055.213190877546,2024.0,7.8,31.0,14.4,843.6000000000004,1.0110957331439885,,1.055213190877546,,,0.6328907025573782
382,2024-07-15,212.0,2024-07-15,4957.145833333333,0.0100446584568587,99.56548262258956,2177.4333400553555,0.1118272862194736,2080.2532850108987,0.1089680989583333,8.65478417563987e-06,795.68125,,,,,,,,0.41669998,795.68125,60.11666666666667,17.791666666666668,2024-07-15,0.1089680989583333,1046.6470380409387,2838.980971749471,2737.1926097016817,,,,C3,,197.0,197.0,9.4,17.791666666666668,792.2229166666666,60.11666666666667,58.7507847562364,1.0,812.4661594056557,2024.0,9.4,29.0,14.2,857.8000000000004,1.0077342322758527,,0.8124661594056557,,,0.6768427241649457
383,2024-07-16,213.0,2024-07-16,4945.854166666667,0.0100558784060422,99.4528165002548,2169.1866011231773,0.1143445702196601,2060.0637181522666,0.1147486368815104,9.8175201838264e-06,794.8166666666666,,,,,,,,2.168,794.8166666666666,75.84166666666667,15.691666666666668,2024-07-16,0.1147486368815104,1051.252022385638,2828.228709222415,2710.6272228823377,,,,C3,,198.0,198.0,7.8,15.825531914893617,791.2255319148936,75.32765957446809,59.7507847562364,1.0,443.63893388165286,2024.0,7.8,23.0,10.4,868.2000000000004,1.005395048018496,1.0027034687606435,0.4436389338816529,,,0.6762280441154227
384,2024-07-17,214.0,2024-07-17,4943.145833333333,0.0100591775078625,99.42378501962216,2168.630131668195,0.1146113857273703,2078.123704624899,0.109588623046875,8.065469429510427e-06,796.3312500000001,,,,,,,,0.4437,796.3312500000001,69.56666666666666,15.291666666666666,2024-07-17,0.109588623046875,1049.7655340221438,2827.5031732599623,2734.3905126030613,,,,C3,,199.0,199.0,5.8,15.660869565217393,792.704347826087,68.24347826086957,60.7507847562364,1.0,565.0348679575994,2024.0,5.8,29.0,12.4,880.6000000000004,1.0055516951213668,1.0038483095980737,0.5650348679575994,,,0.6785502589293836
385,2024-07-18,215.0,2024-07-18,5023.6875,0.0099779104831754,100.23151897409942,2185.6941677656664,0.1093685785651574,2091.659430442284,0.1057942708333333,8.321855281102393e-06,795.9958333333334,,,,,,,,0.0,795.9958333333334,65.22500000000001,16.675,2024-07-18,0.1057942708333333,1051.21153712389,2849.75160350616,2752.200790294367,,,,C3,,200.0,200.0,6.6,16.675,792.5187500000001,65.22500000000001,61.7507847562364,1.0,660.091477933382,2024.0,6.6,28.6,12.6,893.2000000000004,1.0070098682057342,1.0048839869483817,0.660091477933382,,,0.6819414755557108
386,2024-07-19,216.0,2024-07-19,5001.291666666667,0.0100001569453005,100.00808361745766,2201.4078242270684,0.1045546849396871,2087.4408935146257,0.1071243286132812,1.0133291373127545e-05,796.50625,,,,,,,,0.9292,796.50625,73.27499999999999,16.608333333333334,2024-07-19,0.1071243286132812,1072.014752090729,2870.2393818780088,2746.650048860456,,,,C3,,201.0,201.0,10.6,16.608333333333334,792.9625,73.27499999999999,62.7507847562364,1.0,505.1434338751821,2024.0,10.6,26.2,13.4,906.6000000000004,1.0136427216829194,1.007153251098973,0.5051434338751821,,,0.6807371419526509
387,2024-07-20,217.0,2024-07-20,4840.25,0.0101653973808168,98.3839952268827,2130.286806614428,0.1271591764984349,2028.9862372167288,0.1242154439290364,9.251139516669424e-06,796.4583333333334,,,,,,,,4.111,796.4583333333334,75.39166666666667,16.025000000000002,2024-07-20,0.1242154439290364,1056.0871608285129,2777.5103821059133,2669.73554312496,,,,C3,,202.0,202.0,7.8,17.095238095238095,792.7761904761904,71.87619047619049,63.7507847562364,1.0,548.2611054416053,2024.0,7.4,27.8,12.6,919.2000000000004,1.015662226099711,1.0081756440476428,0.5482611054416053,,,0.6774730359946479
388,2024-07-21,218.0,2024-07-21,5012.479166666667,0.0099889804167996,100.11990994904453,2172.5055616612663,0.1132778886884322,2082.5870021060323,0.1082293192545573,7.996452870356197e-06,795.3145833333333,,,,,,,,0.0,795.3145833333333,65.69166666666666,16.05,2024-07-21,0.1082293192545573,1059.8702542087942,2832.5560360986456,2740.263309424625,,,,C3,,203.0,203.0,8.2,16.05,791.7979166666668,65.69166666666666,64.7507847562364,1.0,625.8189315699667,2024.0,8.2,26.6,12.4,931.6000000000004,1.0184283364590097,1.0098345858632785,0.6258189315699667,,,0.6732160098252425
389,2024-07-22,219.0,2024-07-22,5088.3125,0.0099146769796799,100.87302037419606,2181.267892808356,0.1106108828755304,2102.754116602619,0.1028836568196614,6.921898205990143e-06,794.9875000000001,,,,,,,,0.0,794.9875000000001,61.95,15.166666666666666,2024-07-22,0.1028836568196614,1058.413457024801,2843.980538028116,2766.7991534763146,,,,C3,,204.0,204.0,5.4,15.166666666666666,791.4583333333334,61.95,65.7507847562364,1.0,655.8796857823768,2024.0,5.4,26.6,11.0,942.6000000000004,1.0140832720790531,1.0108201414402767,0.6558796857823768,,,0.679893010692231
390,2024-07-23,220.0,2024-07-23,5102.9375,0.0099003950694861,101.01810119167784,2207.932329382849,0.1027279273429148,2127.789444877437,0.0964139302571614,6.981087213358919e-06,795.2541666666666,,,,,,,,0.0,795.2541666666666,62.925,15.183333333333332,2024-07-23,0.0964139302571614,1064.7077892025673,2878.7461616937667,2799.7405823057024,,,,C3,,205.0,205.0,5.0,15.183333333333332,791.7166666666667,62.925,66.7507847562364,1.0,639.7584571530024,2024.0,5.0,28.2,11.6,954.2000000000004,1.0168372146337425,1.0123794497956815,0.6397584571530024,,,0.6840650687408368
391,2024-07-24,221.0,2024-07-24,5006.1875,0.0099954026008425,100.05655801691326,2243.017775371869,0.0932350316661547,2152.2415226493063,0.0904591878255208,7.799864579072055e-06,797.1166666666667,,,,,,,,0.0,797.1166666666667,62.575,16.158333333333335,2024-07-24,0.0904591878255208,1061.9714142414618,2924.49126521351,2831.9145714306187,,,,C3,,206.0,206.0,6.6,16.158333333333335,793.6020833333333,62.575,67.7507847562364,1.0,687.4063894254094,2024.0,6.6,29.4,13.0,967.2000000000004,1.0175084503925642,1.0133279738932486,0.6874063894254094,,,0.681527268183527
392,2024-07-25,222.0,2024-07-25,4989.083333333333,0.0100120376155443,99.88711914931388,2222.841519192517,0.0986591013317263,2124.323836991002,0.0972620646158854,8.582869287586462e-06,797.2375000000001,,,,,,,,0.0003,797.2375000000001,65.93333333333334,16.741666666666667,2024-07-25,0.0972620646158854,1056.5764201626262,2898.185060416964,2795.1805432166047,,,,C3,,207.0,207.0,7.0,16.741666666666667,793.7020833333332,65.93333333333334,68.7507847562364,1.0,649.3900820179352,2024.0,7.0,30.2,13.6,980.8000000000004,1.016921591318056,1.0127008560287278,0.6493900820179352,,,0.6798028819835411
393,2024-07-26,223.0,2024-07-26,5062.9375,0.0099390505224357,100.62268343901144,2217.311356010245,0.0999889886733281,2108.3986367418506,0.1013348897298177,9.573199778197337e-06,794.2979166666668,,,,,,,,2.2477,794.2979166666668,63.9,18.15833333333333,2024-07-26,0.1013348897298177,1067.23920843193,2890.974723477446,2774.2262004237905,,,,C3,,208.0,208.0,12.2,18.15833333333333,790.8520833333333,63.9,69.7507847562364,1.0,752.5503104342159,2024.0,11.8,26.6,14.200000000000005,995.0000000000005,1.0177302775108727,1.0133901844139177,0.7525503104342159,,,0.6735621120722831
394,2024-07-27,224.0,2024-07-27,4829.3125,0.0101831573887891,98.25246366841908,2073.787013732723,0.1513343041275655,1967.2397103953915,0.1486078898111979,1.0028800293900712e-05,791.0416666666666,,,,,,,,8.544,791.0416666666666,76.31666666666666,16.841666666666665,2024-07-27,0.1486078898111979,1070.3726290823256,2703.844826449974,2588.4896015331765,,,,C3,,209.0,209.0,11.0,19.24705882352941,787.2382352941177,66.56470588235294,70.7507847562364,1.0,746.1057319099195,2024.0,9.8,27.8,13.8,1008.8000000000004,1.0204141263044217,1.0141978438243093,0.7461057319099196,,,0.6676256255475321
395,2024-07-28,225.0,2024-07-28,4972.375,0.0100286554538211,99.72032465314663,2078.9203073521458,0.1456978040111875,2002.9512115778032,0.1328074137369791,7.047471429900608e-06,789.3791666666666,,,,,,,,0.2688,789.3791666666666,58.708333333333336,17.099999999999998,2024-07-28,0.1328074137369791,1083.602397735604,2710.537716946256,2635.4787147446177,,,,C3,,210.0,210.0,7.0,17.099999999999998,785.9791666666666,58.708333333333336,71.7507847562364,1.0,805.2053640378183,2024.0,7.0,27.8,12.4,1021.2000000000004,1.029047834485639,1.0165477348876528,0.8052053640378183,,,0.6497679236304086
396,2024-07-29,226.0,2024-07-29,5036.958333333333,0.0099642871310334,100.36540127236306,2142.971586109428,0.1228073802952213,2078.5107086839366,0.1093928019205729,5.743909776645221e-06,792.2479166666667,,,,,,,,0.0,792.2479166666667,51.94166666666666,15.85,2024-07-29,0.1093928019205729,1075.3806847249248,2794.049050341896,2734.899731676506,,,,C3,,211.0,211.0,4.6,15.85,788.8000000000001,51.94166666666666,72.69364189909354,0.9428571428571428,865.5010930936119,2024.0,4.6,29.0,12.0,1033.2000000000005,1.0316487073046967,1.0185147147772413,0.8655010930936119,,,0.6535561331795484
397,2024-07-30,227.0,2024-07-30,5051.395833333333,0.0099499771853049,100.50935206000368,2176.497811619663,0.1120591730385042,2112.8552689066514,0.1001218159993489,5.576503751707279e-06,792.2708333333334,,,,,,,,0.0,792.2708333333334,49.175,16.066666666666666,2024-07-30,0.1001218159993489,1069.9624404653534,2837.761211135631,2780.090227037063,,,,C3,,212.0,212.0,5.4,16.066666666666666,788.8416666666667,49.175,73.68486478398746,0.9912228848939304,928.086768339423,2024.0,5.4,29.0,12.2,1045.4000000000003,1.0315176686102174,1.019795548236821,0.9280867683394229,,,0.6881595499265319
398,2024-07-31,228.0,2024-07-31,5044.375,0.009956713235709,100.44009623926196,2189.166437938239,0.1081554727078561,2126.6461825634747,0.0966809590657552,5.451925687694353e-06,792.9895833333334,,,,,,,,0.0,792.9895833333334,50.458333333333336,15.6,2024-07-31,0.0966809590657552,1059.608484611071,2854.278818538358,2798.2362803155197,,,,C3,,213.0,213.0,3.0,15.6,789.56875,50.458333333333336,74.39915049827317,0.7142857142857143,878.0504765919344,2024.0,3.0,29.8,12.4,1057.8000000000004,1.02385258254688,1.0204693536216916,0.8780504765919344,,,0.7105178076861273
399,2024-08-01,229.0,2024-08-01,4854.770833333333,0.0101499028987161,98.53237418192622,2229.7667309891526,0.0965976446283444,2166.595164495952,0.0871315002441406,5.404779321102972e-06,796.5124999999999,0.065590909090909,0.052,0.0592596885567993,0.0018706256085348,0.0010816882906367,14.136363636363637,14.202272727272726,0.0,796.5124999999999,51.26666666666667,15.633333333333333,2024-08-01,0.0871315002441406,1069.492955169742,2907.2142895347124,2850.801061199934,4140.624745675889,0.0677786474980917,0.1382786474980917,C3,6360.338069869745,214.0,214.0,3.0,15.653061224489797,792.9653061224491,51.37142857142857,75.11343621255888,0.7142857142857143,864.8019128659847,2024.0,3.0,32.2,13.6,1071.4000000000003,1.021971690775542,1.0217208196136285,0.8648019128659847,,,0.7251399816098847
400,2024-08-02,230.0,2024-08-02,4808.395833333333,0.0101991141962666,98.05940025841473,2250.7373768370694,0.0909885596655176,2175.026131350888,0.085187276204427,6.446415220101566e-06,798.2604166666666,0.0635,0.0507916666666666,0.0575799205986794,0.0001882668032835,0.000108865181626,15.052083333333334,14.670833333333334,0.0,798.2604166666666,52.775,16.966666666666665,2024-08-02,0.085187276204427,1076.1712771265463,2934.556235408481,2861.8945084903444,4166.030974245484,0.0658574021610887,0.1363574021610887,C3,6358.188903242943,215.0,215.0,5.8,16.966666666666665,794.7875,52.775,76.1093232649805,0.9958870524216196,913.1614322508176,2024.0,5.8,32.2,14.0,1085.4000000000003,1.0239551632968535,1.0220053571540928,0.9131614322508176,,,0.7542841243510016
401,2024-08-03,231.0,2024-08-03,4920.583333333333,0.0100817704295761,99.1980585726223,2262.816672963656,0.0877442652845611,2182.136602382776,0.0835202534993489,6.850896461806395e-06,796.5041666666666,0.0617083333333333,0.0498333333333333,0.0561764558599682,0.0019084942232786,0.0011035857975265,15.522916666666667,15.075,0.0,796.5041666666666,53.71666666666667,17.608333333333334,2024-08-03,0.0835202534993489,1080.379729473395,2950.30546236513,2871.25045033657,4176.942924295717,0.0642521803970572,0.1347521803970572,C3,6355.3807032842205,216.0,216.0,7.0,17.608333333333334,793.0791666666668,53.71666666666667,77.09932025146344,0.989996986482932,932.009643254618,2024.0,7.0,31.8,14.4,1099.8000000000004,1.0305907370228238,1.0236683202480727,0.932009643254618,,,0.7816947341947882
402,2024-08-04,232.0,2024-08-04,5049.770833333333,0.0099519021179033,100.49206580962296,2262.539962422447,0.0879662662057452,2161.824537035631,0.0882784525553385,8.630646396697316e-06,794.05625,0.06,0.048,0.0544098922374415,0.0040737721236175,0.002355656623503,16.080000000000002,15.5525,0.0,794.05625,55.23333333333333,19.391666666666666,2024-08-04,0.0882784525553385,1071.4475745645998,2949.944681648346,2844.5238802806107,4161.926263016746,0.0622316619642033,0.1327316619642033,C3,6267.653357561715,217.0,217.0,11.0,19.391666666666666,790.6916666666666,55.23333333333333,78.0655718832691,0.9662516318056616,1007.9947782218826,2024.0,11.0,29.8,15.4,1115.2000000000005,1.0312151589670433,1.0244608530082073,1.0079947782218825,,,0.8089930089556392
403,2024-08-05,233.0,2024-08-05,4464.4375,0.0105891495451403,94.47340766056494,2053.9235955569466,0.1576263897952122,1941.643388161631,0.1573130289713541,1.0730917099009848e-05,796.0791666666668,0.0965416666666666,0.0556666666666666,0.077500362100452,0.0242282281356818,0.0140099603884764,16.258333333333333,15.802083333333334,6.2328,796.0791666666668,79.95833333333333,17.241666666666667,2024-08-05,0.1573130289713541,1079.231607750648,2677.946506075446,2554.810018110033,3942.6564057763862,0.088641534434428,0.159141534434428,C3,5949.491160829499,218.0,218.0,14.6,22.25,792.2083333333334,59.91666666666666,79.01056176518854,0.9449898819194464,1076.0323778577715,2024.0,9.8,29.4,14.6,1129.8000000000004,1.0321928109862974,1.0258859726342164,1.0760323778577716,,,0.8390039155324532
404,2024-08-06,234.0,2024-08-06,4569.5,0.0104618955845577,95.59372231269928,2090.9556567859195,0.1415523580738634,1987.19816808392,0.1382522583007812,9.664573762972102e-06,796.7166666666667,0.0917916666666666,0.056,0.0751183938609802,0.0213086484939021,0.012321714970641,16.66875,16.0625,1.3787,796.7166666666667,63.80833333333334,18.9,2024-08-06,0.1382522583007812,1074.7249749417456,2726.2296453292256,2614.7508954245104,3997.21756126612,0.0859171430380732,0.1564171430380732,C3,6056.79059826105,219.0,219.0,9.4,18.9,793.2729166666667,63.80833333333334,80.01056176518854,1.0,790.3253297902901,2024.0,9.4,29.0,14.2,1144.0000000000005,1.0303863453244781,1.0265717053960874,0.7903253297902901,,,0.8497586921494023
405,2024-08-07,235.0,2024-08-07,4727.4375,0.0102861845711643,97.23000586208502,2128.903436786579,0.1277968494690062,2021.565750503577,0.1266466776529947,9.82962533914931e-06,795.0,0.0857499999999999,0.056,0.0718911911719906,0.0173530645719433,0.0100344006136195,17.010416666666668,16.375,1.6001999,795.0,60.24166666666667,19.675,2024-08-07,0.1266466776529947,1086.345308440956,2775.7067169622283,2659.9716833402017,4046.697185093303,0.0822260093384374,0.1527260093384374,C3,6116.829173283916,220.0,220.0,13.0,19.675,791.6083333333332,60.24166666666667,81.00708612743928,0.9965243622507356,911.122040797646,2024.0,11.0,29.0,15.0,1159.0000000000005,1.0351455695376481,1.0282402356821538,0.911122040797646,,,0.8657383815331335
406,2024-08-08,236.0,2024-08-08,4804.604166666667,0.0102031206791057,98.0207710592042,2144.489321784882,0.1227752859157857,2044.5581359037155,0.1196238199869791,9.04608281157606e-06,794.2145833333334,0.0802083333333333,0.056,0.0689310673262276,0.013724839319388,0.0079363812378688,15.83125,15.725,2.3602,794.2145833333334,76.23333333333333,15.041666666666666,2024-08-08,0.1196238199869791,1084.9556214533384,2796.0279043547816,2690.225012514174,4054.733688928152,0.0788403487725645,0.1493403487725645,C3,6145.099415499604,221.0,221.0,7.0,15.772727272727272,790.5840909090908,74.07272727272726,82.00708612743928,1.0,464.6318979782161,2024.0,6.6,27.0,11.8,1170.8000000000004,1.0369741607070468,1.0301829517890002,0.4646318979782161,,,0.8525413683874393
407,2024-08-09,237.0,2024-08-09,4821.395833333333,0.0101851370175276,98.19257154216996,2172.235313032381,0.1137259148281364,2061.807902044881,0.1144053141276041,9.91335442776654e-06,794.40625,0.0775416666666666,0.056,0.0675066468290184,0.0119789264159028,0.0069268080044248,16.060416666666665,15.7125,0.0,794.40625,73.11666666666666,16.224999999999998,2024-08-09,0.1144053141276041,1079.3131796057312,2832.203680551896,2712.922216138796,4096.573367115547,0.0772111587258287,0.1477111587258288,C3,6178.142891395878,222.0,222.0,11.8,16.224999999999998,790.8083333333334,73.11666666666666,83.00708612743928,1.0,495.8854892140312,2024.0,11.8,22.2,12.0,1182.8000000000004,1.0384399067670211,1.0310094830938337,0.49588548921403125,,,0.8342081668717117
408,2024-08-10,238.0,2024-08-10,4764.729166666667,0.0102459213205583,97.61256114791512,2170.1003946105634,0.114332055977297,2064.912207586622,0.1135215759277343,9.433193965895757e-06,796.0104166666666,0.0745416666666666,0.05525,0.0655547920344981,0.0095865370349867,0.0055434100822679,15.2875,15.179166666666667,5.5594,796.0104166666666,75.00833333333334,15.333333333333334,2024-08-10,0.1135215759277343,1080.9717601944765,2829.420131377608,2717.0068544125747,4077.902098292013,0.0749787123308658,0.1454787123308658,C3,6157.026888778688,223.0,223.0,8.2,15.333333333333334,792.3333333333334,75.00833333333334,84.00708612743928,1.0,435.4271920190756,2024.0,8.2,24.6,11.4,1194.2000000000005,1.036723275154621,1.0317350532929108,0.4354271920190756,,,0.8120168425937944
409,2024-08-11,239.0,2024-08-11,4423.6875,0.0106393599944254,94.03665465455468,2047.032280933292,0.1614348603660824,1942.288260710198,0.1578623453776041,1.0003526031836166e-05,795.8708333333334,0.1191666666666666,0.0543333333333333,0.088964556671733,0.038279897055976,0.0221353306740309,15.697916666666666,15.258333333333333,8.7463,795.8708333333334,77.63333333333334,16.016666666666666,2024-08-11,0.1578623453776041,1063.792740135761,2668.9614727671947,2555.6585399640094,4005.096024689817,0.1017537802396287,0.1722537802396287,C3,6094.468830663581,224.0,224.0,9.4,16.847619047619048,792.3309523809525,74.43809523809524,85.00708612743928,1.0,490.5575576546597,2024.0,9.4,25.0,12.2,1206.4000000000003,1.0299625894004676,1.0303789706993207,0.4905575576546597,,,0.7895419992807117
410,2024-08-12,240.0,2024-08-12,4516.9375,0.0105226425159921,95.04218320253462,2065.5321598521905,0.1511628157372101,1966.034774061609,0.1459528605143229,9.376631641168265e-06,794.9104166666666,0.1255,0.056,0.0931239592085158,0.0433780787895204,0.0250833516246435,16.087500000000002,15.747916666666669,2.0894,794.9104166666666,66.19166666666666,17.208333333333332,2024-08-12,0.1459528605143229,1074.714013427343,2693.081983491572,2586.9041490059503,4068.120585343996,0.1065111234725931,0.1770111234725931,C3,6216.679811261169,225.0,225.0,9.4,17.208333333333332,791.4083333333333,66.19166666666666,86.00708612743928,1.0,663.8133130225993,2024.0,9.4,23.4,11.4,1217.8000000000006,1.028493341579407,1.0303333332955573,0.6638133130225994,,,0.7751357292756393
411,2024-08-13,241.0,2024-08-13,4564.541666666667,0.0104676329009398,95.5416726545413,2140.2171066142346,0.1276776320776646,2023.669444044967,0.1294085184733072,1.0654467665382652e-05,793.6895833333333,0.1134166666666666,0.056,0.0866695538305364,0.0354669109456029,0.0205087229106006,15.439583333333331,15.4,2.0605,793.6895833333333,86.925,14.4,2024-08-13,0.1294085184733072,1090.0068251682524,2790.457705096062,2662.739718586708,4171.874954028921,0.0991288560733214,0.1696288560733214,C3,6320.242543761536,226.0,226.0,11.8,14.4,790.0500000000001,86.925,87.00708612743928,1.0,214.5053694317336,2024.0,11.4,19.8,10.6,1228.4000000000003,1.0313796798874768,1.0317054842808948,0.21450536943173362,,,0.7241656293536615
412,2024-08-14,,,,,,,,,,,,,,,,,,,,,,,,,,,,,,,,,,227.0,9.0,14.609756097560975,790.880487804878,80.9560975609756,88.00708612743928,1.0,316.694355527632,2024.0,8.6,22.2,10.4,1238.8000000000006,,,0.31669435552763203,,,0.6840687635633541
413,2024-08-15,289.0,,,,,,,,,,,,,,,,,,,,,,,,1065.0023315580302,,,,,,C3,,228.0,228.0,5.4,14.733333333333334,791.55625,71.50833333333334,89.00708612743928,1.0,477.602383067268,2024.0,5.4,26.6,11.0,1249.8000000000006,,,0.47760238306726804,,,0.6564116542920172
414,2024-08-16,242.0,2024-08-16,4675.5,0.0103422444074275,96.69731906632234,2159.323904031223,0.1256770897109552,2074.468823889872,0.1174583435058593,7.562159413923329e-06,793.9499999999999,0.1509166666666666,0.0605416666666666,0.1088161675798986,0.0626120263025293,0.0362053718261305,14.522916666666667,14.366666666666667,0.2199,793.9499999999999,64.97500000000001,16.066666666666666,2024-08-16,0.1174583435058593,1088.7931812367574,2815.369528250438,2729.581428724026,4354.552879633651,0.1244591870816538,0.1949591870816538,C3,6752.606396906477,229.0,229.0,6.6,16.066666666666666,790.4979166666667,64.97500000000001,90.00708612743928,1.0,639.5718457666167,2024.0,6.6,28.6,12.6,1262.4000000000003,,,0.6395718457666166,,,0.6368695409717172
415,2024-08-17,243.0,2024-08-17,4718.625,0.0102948854732905,97.14221184216504,2118.315517375096,0.1312952045693782,2033.2093204383127,0.1228599548339843,7.751479117506387e-06,795.2041666666668,0.1272083333333333,0.0608749999999999,0.0963074598680799,0.0472800971125341,0.0273396917017794,14.470833333333331,14.370833333333332,0.0,795.2041666666668,65.69166666666666,15.191666666666668,2024-08-17,0.1228599548339843,1084.6298943865752,2761.9019766807864,2675.292266562228,4192.827787478676,0.1101522726967866,0.1806522726967866,C3,6471.313206445645,230.0,230.0,6.2,15.191666666666668,791.7166666666667,65.69166666666666,91.00708612743928,1.0,592.334669074199,2024.0,6.2,28.6,12.400000000000002,1274.8000000000006,1.034546108711321,,0.5923346690741991,,,0.6126070428159729
416,2024-08-18,244.0,2024-08-18,4541.541666666667,0.0104942126820211,95.30034135426006,2114.3437129218314,0.1328289581950958,2000.458334063425,0.1336237589518229,1.053874666267586e-05,797.0187500000001,0.11425,0.0605416666666666,0.0892303857432715,0.038605723879607,0.022323739866276,15.185416666666669,14.860416666666666,3.968,797.0187500000001,81.0,15.8,2024-08-18,0.1336237589518229,1086.2361184793072,2756.7234589007467,2632.1985920987777,4138.562439068789,0.1020578239390363,0.1725578239390363,C3,6280.47549840909,231.0,231.0,10.2,15.919148936170211,793.4297872340425,80.59574468085107,92.00708612743928,1.0,351.00703903578045,2024.0,10.2,24.2,12.2,1287.000000000001,1.0413294459417846,,0.35100703903578045,,,0.5656793471598228
417,2024-08-19,245.0,2024-08-19,4626.541666666667,0.0103977651831192,96.18679667033842,2131.671297158519,0.1268296416547673,2024.208008412741,0.1259002685546875,9.832381752049063e-06,797.2270833333333,0.1109166666666666,0.06,0.0871975288685889,0.0361140502092262,0.0208829308550865,15.366666666666667,15.0,2.6176,797.2270833333333,75.76666666666667,16.075,2024-08-19,0.1259002685546875,1085.3702618451548,2779.315508461764,2663.448360374677,4158.790580765051,0.0997327308972273,0.1702327308972273,C3,6329.643050899282,232.0,232.0,9.0,16.075,793.6708333333332,75.76666666666667,93.00708612743928,1.0,442.7467541338585,2024.0,9.0,26.6,12.8,1299.8000000000006,1.0402359614572687,,0.4427467541338585,,,0.5204446597509719
418,2024-08-20,246.0,2024-08-20,4726.6875,0.0102861801306895,97.22491321234264,2149.088708425505,0.120802592444172,2043.678456844119,0.1194979349772135,9.548824785317793e-06,797.4125,0.106,0.06,0.0845712535768594,0.0328950232934252,0.0190215302059242,17.9,16.0,1.3642,797.4125,77.59166666666667,14.816666666666668,2024-08-20,0.1194979349772135,1089.7064051898917,2802.0246762945903,2689.0675327792846,4174.771899117583,0.0967289117485582,0.1672289117485582,C3,6355.865884717696,233.0,233.0,7.0,14.816666666666668,793.7854166666666,77.59166666666667,94.00708612743928,1.0,377.6524987267789,2024.0,7.0,23.8,10.4,1310.2000000000007,1.0418577016047352,,0.3776524987267789,,,0.49096802896072106
419,2024-08-21,247.0,2024-08-21,4687.75,0.0103332455400166,96.8099293133843,2109.7686083773747,0.1362871694342709,1999.501844282417,0.1360003153483072,1.0227216384422772e-05,796.4875000000001,,,,,,,,4.411,796.4875000000001,78.22500000000001,15.9,2024-08-21,0.1360003153483072,1102.0800006273676,2750.758346441714,2630.9400449888203,,,,C3,,234.0,234.0,9.4,16.14666666666667,792.7688888888889,76.77333333333334,95.00708612743928,1.0,426.3000667686357,2024.0,9.4,25.8,12.6,1322.8000000000006,1.046919181973191,,0.4263000667686357,,,0.45633788795864894
420,2024-08-22,248.0,2024-08-22,4598.833333333333,0.0104295302327917,95.89683410699077,2061.9861553180995,0.1535828707792964,1943.1972834373043,0.1555875142415364,1.131631294396123e-05,795.63125,,,,,,,,11.2268,795.63125,91.68333333333334,14.441666666666668,2024-08-22,0.1555875142415364,1090.9113464833104,2688.4586321297497,2556.8546300308367,,,,C3,,235.0,235.0,12.2,14.739534883720928,791.9906976744186,90.71627906976744,96.00708612743928,1.0,155.68417394835498,2024.0,11.0,19.8,10.4,1333.2000000000007,1.0486893346954773,,0.155684173948355,,,0.4342701933850874
421,2024-08-23,249.0,2024-08-23,4492.979166666667,0.0105511502874732,94.78833799286832,2008.2674301328864,0.1765141068790296,1899.512962855673,0.1739896138509114,1.0608339668369566e-05,794.1104166666668,,,,,,,,3.4613998,794.1104166666668,89.575,13.991666666666667,2024-08-23,0.1739896138509114,1087.8236532728597,2618.419087946238,2499.374898924317,,,,C3,,236.0,236.0,9.8,14.8,790.5250000000001,86.1,97.00708612743928,1.0,234.0081023965994,2024.0,9.8,22.6,11.200000000000005,1344.4000000000008,1.0480878715074988,,0.23400810239659942,,,0.41556466575527085
422,2024-08-24,250.0,2024-08-24,4366.9375,0.010702268956582,93.44951576366071,1950.242566398461,0.2060487203968759,1849.2892771291745,0.198858896891276,1.011404242608691e-05,794.8791666666666,,,,,,,,8.6751995,794.8791666666666,83.96666666666667,14.7,2024-08-24,0.198858896891276,1078.1473678832783,2542.765114527147,2433.2906858176275,,,,C3,,237.0,237.0,11.0,16.586666666666666,791.11,74.34666666666666,98.00708612743928,1.0,484.2198603759078,2024.0,11.0,22.6,11.8,1356.2000000000007,1.0404423620504308,,0.4842198603759078,,,0.41904985635218744
423,2024-08-25,251.0,2024-08-25,4385.583333333333,0.0106796935207587,93.64821068490862,1980.237185118124,0.189744812639957,1882.0760063684663,0.1815185546875,9.656842891382968e-06,796.1020833333333,,,,,,,,4.4470997,796.1020833333333,86.85833333333333,12.8,2024-08-25,0.1815185546875,1079.8507180013116,2581.87269602392,2476.431390661946,,,,C3,,238.0,238.0,7.4,12.880851063829788,792.4319148936171,86.57872340425531,99.00708612743928,1.0,199.4585820056145,2024.0,7.4,16.2,6.800000000000001,1363.000000000001,1.0369089380195489,,0.19945858200561448,,,0.39825707237725566
424,2024-08-26,252.0,2024-08-26,4303.5,0.0107808842384385,92.76820761468667,1947.3484655922543,0.2076567366451311,1861.367127544052,0.1924603780110677,8.560057316161958e-06,797.31875,,,,,,,,8.651299,797.31875,77.69166666666666,13.708333333333334,2024-08-26,0.1924603780110677,1070.8805018727433,2538.991728234212,2449.1826943220203,,,,C3,,239.0,239.0,7.8,15.335135135135134,793.5891891891891,71.05945945945946,100.00708612743928,1.0,504.2863479049124,2024.0,7.4,23.4,10.4,1373.4000000000008,1.031496285527561,,0.5042863479049124,,,0.3868622891545637
425,2024-08-27,253.0,2024-08-27,4416.770833333333,0.0106414596090707,93.98198073597422,1999.656646220816,0.18032747832477,1924.097017436444,0.1628036499023437,7.275824821370453e-06,797.625,,,,,,,,1.3799,797.625,71.81666666666666,13.266666666666666,2024-08-27,0.1628036499023437,1063.1001929935887,2607.192176321199,2531.722542838571,,,,C3,,240.0,240.0,5.0,14.6,793.9512195121952,67.00487804878048,101.00708612743928,1.0,548.3533162773928,2024.0,4.6,25.0,10.0,1383.4000000000008,1.0266893209469634,,0.5483533162773928,,,0.41070857107211073
426,2024-08-28,254.0,2024-08-28,4594.75,0.0104350844890392,95.8513955319338,2012.430377347008,0.1749236712653414,1935.352216969256,0.1587295532226562,7.381373770144584e-06,794.9166666666666,,,,,,,,0.0,794.9166666666666,70.81666666666666,13.483333333333334,2024-08-28,0.1587295532226562,1079.7988401824134,2623.8468214661943,2546.532109156246,,,,C3,,241.0,241.0,5.4,13.483333333333334,791.3666666666667,70.81666666666666,102.00708612743928,1.0,451.1123689615693,2024.0,5.4,26.2,10.8,1394.2000000000007,1.026672748079313,1.0372623537604926,0.4511123689615693,,,0.42030985774596347
427,2024-08-29,255.0,2024-08-29,4716.979166666667,0.0102972053998263,97.12361967421155,2086.500995949667,0.1433350016290237,2002.2623689873224,0.1332384745279947,7.790981327609694e-06,793.5479166666668,,,,,,,,0.0,793.5479166666668,70.22500000000001,13.75,2024-08-29,0.1332384745279947,1097.775692174254,2720.4215697766595,2634.572337208047,,,,C3,,242.0,242.0,5.4,13.75,790.0229166666667,70.22500000000001,103.00708612743928,1.0,468.3171877140688,2024.0,5.4,25.8,10.6,1404.8000000000006,1.035264675010153,1.0395058748128436,0.46831718771406877,,,0.4196466295064492
428,2024-08-30,256.0,2024-08-30,4662.604166666667,0.010357873725752,96.5596860582674,2093.51460350396,0.1410888932348965,2019.1101759757416,0.1278254191080729,6.816753808608819e-06,797.0520833333334,,,,,,,,0.0,797.0520833333334,72.31666666666666,11.941666666666668,2024-08-30,0.1278254191080729,1083.808697593428,2729.5660510444304,2656.7406438804437,,,,C3,,243.0,243.0,2.6,11.941666666666668,793.4479166666666,72.31666666666666,103.66422898458214,0.6571428571428571,386.785459126513,2024.0,2.6,26.2,10.6,1415.4000000000003,1.0418802057565109,1.0391646588441836,0.38678545912651296,,,0.4015904590321561
429,2024-08-31,257.0,2024-08-31,4700.9375,0.0103147141447238,96.95847157088951,2112.5496078879046,0.1335009834658097,2047.957055795773,0.1183128356933593,5.8341202207860125e-06,797.50625,,,,,,,,0.0003,797.50625,64.24166666666666,12.2,2024-08-31,0.1183128356933593,1079.939218639221,2754.3842690119263,2694.6973036897457,,,,C3,,244.0,244.0,2.2,12.2,793.9520833333332,64.24166666666666,104.26422898458212,0.6,508.1860696867104,2024.0,2.2,27.0,11.0,1426.4000000000003,1.0419250510031899,1.0388435556801787,0.5081860696867104,,,0.39557984479019265
430,2024-09-01,258.0,2024-09-01,4769.979166666667,0.0102402154231623,97.66652962246276,2139.217322734865,0.1245885280762215,2061.1116872381485,0.1146952311197916,7.010823892835874e-06,796.8833333333333,,,,,,,,0.0,796.8833333333333,66.27499999999999,13.108333333333334,2024-09-01,0.1146952311197916,1086.9062623000746,2789.1541669545363,2712.006138256605,,,,C3,,245.0,245.0,4.2,13.108333333333334,793.3020833333334,66.27499999999999,105.14994327029642,0.8857142857142858,508.7139355674655,2024.0,4.2,25.8,10.4,1436.8000000000006,1.0384527072044702,1.0388894307977048,0.5087139355674655,,,0.4068446231138845
431,2024-09-02,259.0,2024-09-02,4829.5625,0.0101763582047184,98.27624092567648,2154.0208154267225,0.1192521670147113,2075.841411925459,0.1102040608723958,6.973684183415291e-06,797.025,,,,,,,,0.0,797.025,65.79166666666667,13.241666666666667,2024-09-02,0.1102040608723958,1078.9174272770292,2808.455255669632,2731.387476984709,,,,C3,,246.0,246.0,4.2,13.241666666666667,793.4083333333333,65.79166666666667,106.0356575560107,0.8857142857142858,520.5184636262466,2024.0,4.2,25.0,10.0,1446.8000000000006,1.0368901439102025,1.038447697941241,0.5205184636262465,,,0.41239974522048356
432,2024-09-03,260.0,2024-09-03,4860.75,0.010143434439029,98.59375276591122,2168.7171426961486,0.1144482657453497,2086.593179108321,0.1071332295735677,7.28993510311656e-06,795.7979166666668,,,,,,,,0.0,795.7979166666668,70.79166666666667,12.975,2024-09-03,0.1071332295735677,1083.8714969673736,2827.616619971808,2745.5346281447214,,,,C3,,247.0,247.0,4.2,12.975,792.2083333333334,70.79166666666667,106.921371841725,0.8857142857142858,436.75901202563193,2024.0,4.2,25.4,10.2,1457.000000000001,1.038146348000542,1.0380482656221373,0.43675901202563194,,,0.4166216390275445
433,2024-09-04,261.0,2024-09-04,4886.5,0.0101176872411956,98.85124397086535,2197.1023558010643,0.1061876417868928,2114.378235338274,0.0999806722005208,7.24144134527485e-06,796.4562500000001,,,,,,,,0.0,796.4562500000001,72.30833333333334,12.058333333333332,2024-09-04,0.0999806722005208,1078.9616221213876,2864.6258263624204,2782.0941428541887,,,,C3,,248.0,248.0,4.2,12.058333333333332,792.8395833333334,72.30833333333334,107.80708612743928,0.8857142857142858,389.889781669766,2024.0,4.2,24.2,9.6,1466.6000000000006,1.035608356369255,1.0364656824540042,0.389889781669766,,,0.4140209043776252
434,2024-09-05,262.0,2024-09-05,4649.208333333333,0.010372472003353,96.42185406388718,2202.3922613923683,0.1046054879219455,2115.8284627772814,0.0996449788411458,7.5779540026237855e-06,799.1416666666668,,,,,,,,1.9830999,799.1416666666668,72.425,12.7,2024-09-05,0.0996449788411458,1089.9414857220338,2871.522910667964,2784.00234886787,,,,C3,,249.0,249.0,4.6,12.7,795.4833333333332,72.425,108.7499432702964,0.9428571428571428,404.9748443639867,2024.0,4.6,21.8,8.4,1475.000000000001,1.0391300977504816,1.0363992900244559,0.4049748443639867,,,0.4318273808358847
435,2024-09-06,263.0,2024-09-06,4643.520833333333,0.0103784398260297,96.36406533814048,2218.3269180742227,0.0998448127137387,2142.186300239552,0.0928802490234375,6.58068210370782e-06,799.775,,,,,,,,0.0,799.775,70.59166666666667,11.633333333333333,2024-09-06,0.0928802490234375,1077.3478854092405,2892.2988335304267,2818.683932321813,,,,C3,,250.0,250.0,2.6,11.75744680851064,796.1085106382978,69.96595744680852,109.40708612743929,0.6571428571428571,414.55641756817386,2024.0,2.6,25.0,10.0,1485.000000000001,1.037046067364219,1.0356821647342915,0.41455641756817385,,,0.44472368906242565
436,2024-09-07,264.0,2024-09-07,4701.6875,0.0103141618509796,96.96535550534809,2220.8873614210875,0.0991678950428451,2139.702471381252,0.0934931437174479,7.023180405676454e-06,796.9229166666668,,,,,,,,0.0,796.9229166666668,69.41666666666667,12.691666666666668,2024-09-07,0.0934931437174479,1087.288620454185,2895.637190580111,2815.415715877359,,,,C3,,251.0,251.0,4.2,12.691666666666668,793.3249999999999,69.41666666666667,110.29280041315356,0.8857142857142858,448.9107731997353,2024.0,4.2,25.4,10.2,1495.2000000000007,1.0397062069812495,1.0363079349391797,0.44891077319973527,,,0.4422016114069848
437,2024-09-08,265.0,2024-09-08,4874.083333333333,0.0101303895734374,98.72614397922594,2261.190652707688,0.0885464302110945,2182.5589240180548,0.083722432454427,6.671944695296617e-06,794.6708333333332,,,,,,,,0.0,794.6708333333332,68.05833333333334,12.4,2024-09-08,0.083722432454427,1091.6885824830551,2948.1854247587185,2871.80614019767,,,,C3,,252.0,252.0,3.8,12.4,791.0812500000001,68.05833333333334,111.12137184172498,0.8285714285714285,459.956470348982,2024.0,3.8,27.0,11.0,1506.2000000000007,1.0402643338263666,1.0371183034116311,0.459956470348982,,,0.46080860343151103
438,2024-09-09,266.0,2024-09-09,4867.5625,0.0101362433889133,98.66311530239278,2300.944599855876,0.0783648147324201,2221.643381236872,0.0751152038574218,6.608886498518728e-06,794.8395833333334,,,,,,,,0.9474,794.8395833333334,66.825,12.2,2024-09-09,0.0751152038574218,1103.0871113736073,3000.01741310458,2923.2333814016124,,,,C3,,253.0,253.0,3.4,12.2,791.2312499999999,66.825,111.89280041315357,0.7714285714285715,471.4725573113013,2024.0,3.4,25.0,10.0,1516.2000000000007,1.0484869768440588,1.0393230271592553,0.4714725573113013,,,0.45846476124625307
439,2024-09-10,267.0,2024-09-10,4883.729166666667,0.0101198155175969,98.82563476669934,2281.271972610191,0.0831739585724538,2201.456236420288,0.0793774922688802,6.714322391751192e-06,793.8354166666667,,,,,,,,0.0,793.8354166666667,66.03333333333333,12.666666666666666,2024-09-10,0.0793774922688802,1089.8049759559017,2974.3678497460064,2896.6711814997666,,,,C3,,254.0,254.0,4.2,12.666666666666666,790.2520833333333,66.03333333333333,112.77851469886784,0.8857142857142858,497.7555316799412,2024.0,4.2,23.8,9.4,1525.6000000000008,1.0492908507843577,1.0411511199043355,0.4977555316799412,,,0.45485063377500656
440,2024-09-11,268.0,2024-09-11,5073.0,0.0099306982080385,100.71746255382968,2270.011703266848,0.0860680186810821,2190.563915698233,0.0818099975585937,6.717451029799593e-06,790.1520833333334,,,,,,,,1.6625999,790.1520833333334,61.88333333333333,13.625,2024-09-11,0.0818099975585937,1084.7358998720208,2959.686486227566,2882.3390903079226,,,,C3,,255.0,255.0,4.6,13.625,786.6166666666667,61.88333333333333,113.72137184172496,0.9428571428571428,594.6638936942716,2024.0,4.6,23.4,9.2,1534.8000000000009,1.0470697495280497,1.0414890894363604,0.5946638936942715,,,0.4651043141130567
441,2024-09-12,269.0,2024-09-12,5404.3125,0.0096201946234179,103.95902204480537,2265.218917509156,0.0879054882036651,2201.141135844288,0.0800056457519531,5.390765437438537e-06,783.6625,,,,,,,,0.3874,783.6625,47.04166666666666,15.7,2024-09-12,0.0800056457519531,1072.8674031493128,2953.4375566656568,2896.256572868137,,,,C3,,256.0,256.0,5.0,15.7,780.2770833333334,47.04166666666666,114.70742285194493,0.9860510102199596,944.6367672961288,2024.0,5.0,25.4,10.2,1545.000000000001,1.0374157734072762,1.0397839768157817,0.9446367672961288,,,0.49912714122606106
442,2024-09-13,270.0,2024-09-13,5315.8125,0.0097009161489881,103.10082590825276,2324.9990379472906,0.0728257246948846,2270.756036589424,0.0656840006510416,4.426614893088131e-06,787.525,,,,,,,,0.0,787.525,44.28333333333333,13.816666666666668,2024-09-13,0.0656840006510416,1087.5329427297468,3031.380068746619,2987.8557032325466,,,,C3,,257.0,257.0,1.8,13.816666666666668,784.1020833333333,44.28333333333333,115.25027999480209,0.5428571428571428,880.1477303952363,2024.0,1.8,24.2,9.6,1554.6000000000008,1.0366899505651723,1.0400389223633344,0.8801477303952363,,,0.5343673034595412
443,2024-09-14,271.0,2024-09-14,5168.020833333333,0.0098372486566712,101.66235526031892,2319.45846369226,0.073998867035825,2265.566702303705,0.0665626525878906,4.407064270952349e-06,791.8145833333333,,,,,,,,0.0,791.8145833333333,55.35,10.633333333333333,2024-09-14,0.0665626525878906,1089.1190702448907,3024.156157643009,2981.0275888108604,,,,C3,,258.0,258.0,0.2,10.633333333333333,788.275,55.35,115.5645657090878,0.3142857142857143,571.9932913159379,2024.0,0.2,25.8,10.4,1565.000000000001,1.0380901964510327,1.0406673348894695,0.5719932913159379,,,0.5389249621473432
444,2024-09-15,,,,,,,,,,,,,,,,,,,,,,,,,,,,,,,,,,259.0,1.0,9.963265306122448,787.9979591836735,60.92244897959184,115.99313713765922,0.4285714285714285,478.6777767870772,2024.0,1.0,19.8,7.4,1572.400000000001,,,0.47867777678707724,,,0.5367795222344584
445,2024-09-16,272.0,2024-09-16,5139.75,0.0098640478271976,101.38467054917405,2309.5037305279334,0.0762568759645539,2223.466882023224,0.0747324625651041,7.173101108106653e-06,789.99375,0.0570833333333333,0.0460416666666666,0.0519396577879236,0.0071015397024307,0.0041064616599726,11.579166666666666,11.572916666666666,1.4462999,789.99375,76.35000000000001,10.6,2024-09-16,0.0747324625651041,1080.819427003288,3011.176978206155,2925.6327396490688,4227.417826618683,0.0594063155260249,0.1299063155260249,C3,6403.61941653795,260.0,260.0,3.8,10.6,786.3104166666667,76.35000000000001,116.82170856623064,0.8285714285714285,302.29806190367225,2024.0,3.8,21.0,8.0,1580.400000000001,,,0.30229806190367225,,,0.5211923506828459
446,2024-09-17,273.0,2024-09-17,4869.729166666667,0.0101375524126018,98.67356017308198,2197.297624008705,0.1073268185973679,2101.709628106117,0.1044057210286458,8.42315531806783e-06,787.5166666666668,0.0605833333333333,0.0463333333333333,0.0539450803652952,0.0046434922637471,0.0026850969998703,11.483333333333334,11.760416666666666,3.3862,787.5166666666668,90.79166666666669,10.016666666666667,2024-09-17,0.1044057210286458,1095.1614798944067,2864.880420942048,2765.4248178537523,4038.188654361276,0.0617000304149599,0.1322000304149599,C3,6085.70584235662,261.0,261.0,7.4,11.024242424242424,783.7303030303029,86.60606060606061,117.82170856623064,1.0,176.10766600519833,2024.0,6.2,16.2,6.199999999999999,1586.600000000001,,,0.17610766600519834,,,0.502574397395672
447,2024-09-18,274.0,2024-09-18,4760.895833333333,0.0102496732757124,97.57449479968196,2125.5029568697923,0.1289176095318044,2073.094547463657,0.1111170450846354,4.685277716752232e-06,787.2729166666667,0.092625,0.0493333333333333,0.0724579098427146,0.0180476919251734,0.0104360685213594,10.079166666666667,10.725,8.9352,787.2729166666667,59.16666666666666,9.8,2024-09-18,0.1111170450846354,1096.803123232284,2771.2731034958674,2727.773158882739,4044.299798394392,0.0828741974398105,0.1533741974398105,C3,6281.522136581398,262.0,262.0,-0.6,9.8,783.6125000000001,59.16666666666666,118.02170856623064,0.1999999999999999,494.7374941944078,2024.0,-0.6,20.6,7.800000000000001,1594.400000000001,1.045522300904399,,0.4947374941944078,,,0.5100635197188608
448,2024-09-19,275.0,2024-09-19,4743.666666666667,0.0102679770225979,97.39866878776309,2150.640237323222,0.1201533053286044,2095.050758436566,0.1047643025716145,4.913720600222419e-06,790.2145833333334,0.0914583333333333,0.0496666666666666,0.0719900066463677,0.0174741827474519,0.0101044371359643,9.66875,10.225,0.0,790.2145833333334,66.28333333333333,9.033333333333331,2024-09-19,0.1047643025716145,1095.081437123746,2804.047590583956,2756.663092067862,4088.733409113155,0.0823390301687569,0.1528390301687569,C3,6341.172063388753,263.0,263.0,-0.2,9.033333333333331,786.6041666666666,66.28333333333333,118.2788514233735,0.2571428571428572,387.9602530161359,2024.0,-0.2,23.8,9.4,1603.800000000001,1.050078437056185,,0.3879602530161359,,,0.5088481917654428
449,2024-09-20,276.0,2024-09-20,4836.979166666667,0.0101690594173556,98.350010818008,2183.1598680009133,0.1100236312010489,2120.1030963315384,0.0983594258626302,5.513538659801252e-06,789.4875000000001,0.086125,0.05,0.0692964464231314,0.0141726846580348,0.008195347573313,10.645833333333334,10.69375,0.0012,789.4875000000001,62.31666666666666,11.733333333333334,2024-09-20,0.0983594258626302,1088.4464867752504,2846.447332979715,2789.626902117324,4130.578622119851,0.0792582534496787,0.1497582534496787,C3,6377.2561781163895,264.0,264.0,3.4,11.733333333333334,785.93125,62.31666666666666,119.05027999480208,0.7714285714285715,519.3106258002799,2024.0,3.4,25.4,10.2,1614.0000000000011,1.0479332679916016,,0.5193106258002799,,,0.5163306352105933
450,2024-09-21,277.0,2024-09-21,4911.625,0.0100938437621932,99.09860493414838,2205.5214983497312,0.1040153811286315,2141.1322701728022,0.0937589009602864,5.584540328525313e-06,788.74375,0.0810833333333333,0.0507499999999999,0.0669527831557551,0.0113000554393781,0.0065342512133655,9.777083333333334,10.504166666666666,0.0,788.74375,72.675,8.041666666666666,2024-09-21,0.0937589009602864,1079.8563335205697,2875.6028721596085,2817.2970419225053,4155.136106595997,0.0765776736099539,0.1470776736099539,C3,6406.026632521704,265.0,265.0,-0.2,8.041666666666666,785.1020833333333,72.675,119.30742285194492,0.2571428571428572,293.9669810814639,2024.0,-0.2,20.6,7.800000000000001,1621.800000000001,1.0425194532060196,,0.2939669810814639,,,0.5052632214878596
451,2024-09-22,278.0,2024-09-22,4239.666666666667,0.0108615998811111,92.07801575550128,1955.5508751903908,0.2032292483586183,1885.5681324184047,0.1803665161132812,6.873456298635636e-06,792.03125,0.1816666666666666,0.0912083333333333,0.1395273473871031,0.1002547344857559,0.057972248364052,9.314583333333331,9.710416666666667,21.228199,792.03125,87.71666666666665,7.725,2024-09-22,0.1803665161132812,1049.942476797758,2549.6861932923307,2481.0263222911435,4108.457827452206,0.1595852952522678,0.2300852952522678,C3,6439.359679884541,266.0,266.0,5.4,11.20952380952381,788.1666666666666,71.92380952380952,120.30742285194492,1.0,373.7247292809994,2024.0,3.8,16.2,5.6,1627.400000000001,1.0280993786682613,,0.37372472928099937,,,0.4991038114115751
452,2024-09-23,279.0,2024-09-23,4361.958333333333,0.010708833400221,93.39486193303634,1999.8613499911385,0.1803937812871177,1936.75600709696,0.157623291015625,6.035990124167471e-06,792.4520833333332,0.1744166666666666,0.094625,0.1372463320649327,0.0974588928843277,0.0563555544040518,9.241666666666667,9.683333333333334,0.1375,792.4520833333332,79.49166666666666,8.058333333333334,2024-09-23,0.157623291015625,1061.4565837342284,2607.459073175445,2548.3792130597994,4189.689333475746,0.1569763694002369,0.2274763694002368,C3,6592.412242484805,267.0,267.0,2.6,11.10909090909091,788.3484848484849,70.16969696969697,120.96456570908778,0.6571428571428571,394.4352428904247,2024.0,0.2,21.0,8.0,1635.400000000001,1.0194771948428547,,0.3944352428904247,,,0.4936011460957982
453,2024-09-24,280.0,2024-09-24,4457.916666666667,0.0105916766306949,94.42037872982152,2012.0639923200067,0.1744213234909237,1947.127456057676,0.1531778971354166,6.172974875577707e-06,792.9083333333333,0.160875,0.0954583333333333,0.1304011486554975,0.0890687482152001,0.0515039575885608,9.666666666666666,9.84375,0.0,792.9083333333333,74.88333333333334,9.558333333333334,2024-09-24,0.1531778971354166,1050.9219943779533,2623.369121368168,2562.025942355565,4178.828474601027,0.1491471471301401,0.21964714713014,C3,6565.046220915086,268.0,268.0,1.0,10.58095238095238,789.0952380952381,71.29523809523809,121.3931371376592,0.4285714285714285,366.4430390919428,2024.0,1.0,23.0,9.0,1644.400000000001,1.010233842224095,,0.3664430390919428,,,0.4842216823395126
454,2024-09-25,281.0,2024-09-25,4502.354166666667,0.010539718227265,94.88848360232043,2041.4822739194472,0.16121835992625,1974.8981343417709,0.1426442464192708,6.24426697725882e-06,793.81875,0.1471249999999999,0.0949166666666666,0.1228041492135913,0.07975710226558,0.0461195031342308,10.010416666666666,10.03125,0.0,793.81875,72.66666666666667,10.941666666666668,2024-09-25,0.1426442464192708,1054.3389517120856,2661.725263044705,2598.566538596099,4197.782689819917,0.1404580304682693,0.2109580304682693,C3,6578.483486294685,269.0,269.0,1.8,12.057142857142855,790.1238095238094,68.76190476190476,121.93599428051635,0.5428571428571428,439.7878496255637,2024.0,1.8,27.4,11.2,1655.600000000001,1.011638338373544,,0.4397878496255637,,,0.4731591077631764
455,2024-09-26,282.0,2024-09-26,4539.75,0.0104959674842538,95.28249082575668,2070.6582645687577,0.149201236456445,1999.3962647761257,0.1339136759440104,6.596867056155409e-06,792.8833333333333,0.1349583333333333,0.0931666666666666,0.1154900066463677,0.0707921541262732,0.0409355265094004,10.6875,10.56875,0.0,792.8833333333333,68.85833333333333,11.783333333333331,2024-09-26,0.1339136759440104,1067.200275187051,2699.76550095308,2630.80112371109,4215.436407136336,0.1320924331644718,0.2025924331644718,C3,6581.820923523097,270.0,270.0,3.0,11.783333333333331,789.3104166666667,68.85833333333333,122.65027999480206,0.7142857142857143,430.5805285048807,2024.0,3.0,25.0,10.0,1665.600000000001,1.013473215789272,,0.4305805285048807,,,0.4364408049923729
456,2024-09-27,283.0,2024-09-27,4536.229166666667,0.0104999345324518,95.24586384150427,2068.0984235951264,0.1502368764896225,2000.5691566901787,0.1335118611653646,6.246913808909043e-06,794.5583333333334,0.1252916666666666,0.0898333333333333,0.1087736746321624,0.0625599426756052,0.0361752544957996,10.670833333333334,10.65,0.0,794.5583333333334,68.73333333333333,11.458333333333334,2024-09-27,0.1335118611653646,1058.572543458506,2696.427929289619,2632.3444122626606,4170.329322331552,0.1244105855011206,0.1949105855011206,C3,6511.740300206056,271.0,271.0,2.6,11.458333333333334,790.9979166666667,68.73333333333333,123.30742285194492,0.6571428571428571,423.1152362268518,2024.0,2.6,26.6,10.8,1676.400000000001,1.0159172571938508,,0.42311523622685177,,,0.4037956268374883
457,2024-09-28,284.0,2024-09-28,4530.020833333333,0.0105070632158152,95.18085941990653,2089.299632060972,0.1418594779069934,2019.869558050949,0.1270612080891927,6.364591620643018e-06,795.8104166666667,0.1171249999999999,0.08725,0.1032079608827972,0.0557380445976428,0.0322304954605435,10.822916666666666,10.766666666666666,0.0,795.8104166666667,67.95,12.0,2024-09-28,0.1270612080891927,1063.9835118811225,2724.070487298352,2657.7398371129093,4178.870903898058,0.1180447648314434,0.1885447648314434,C3,6510.454407425596,272.0,272.0,2.6,12.0,792.28125,67.95,123.96456570908778,0.6571428571428571,449.5217213115495,2024.0,2.6,27.4,11.2,1687.600000000001,1.0189983045976239,,0.44952172131154955,,,0.3950476575514606
458,2024-09-29,285.0,2024-09-29,4632.5,0.0103903275260731,96.25103190793398,2115.00642424657,0.132562802300798,2041.7212221341345,0.1201744079589843,6.641670178337869e-06,795.0041666666666,0.1100833333333333,0.0850416666666666,0.0984178653982722,0.0498668222080858,0.0288354641504128,10.95625,10.897916666666667,0.0,795.0041666666666,67.47500000000001,12.15,2024-09-29,0.1201744079589843,1061.603739948828,2757.5875151297414,2686.492207734867,4199.866364687196,0.1125660625089255,0.1830660625089255,C3,6522.850967279159,273.0,273.0,4.2,12.15,791.4187499999999,67.47500000000001,124.85027999480208,0.8857142857142858,460.7156269733196,2024.0,4.2,25.8,10.4,1698.0000000000011,1.0172104376484177,1.0271211690406727,0.46071562697331964,4151.686838614672,6442.676464108275,0.3937646468504779
459,2024-09-30,286.0,2024-09-30,4667.0,0.01035061373196,96.6126285741155,2118.4375916055874,0.1306985587890325,2035.7874694296563,0.121612548828125,7.518259352001972e-06,792.2,0.106,0.082,0.0948197844748831,0.0454566526519493,0.0262852858855424,13.8,12.0,0.0,792.2,48.4,18.2,2024-09-30,0.121612548828125,1063.56579979126,2762.0611394946973,2678.6845892263304,4183.405742409275,0.1084507344585216,0.1789507344585216,C3,6460.825146551682,274.0,274.0,5.0,13.691666666666668,790.7041666666668,58.583333333333336,125.85027999480208,1.0,648.9568101395188,2024.0,5.0,27.4,11.2,1709.2000000000012,1.0188055813554158,1.0259400611179033,0.6489568101395188,4148.543118314,6446.762587680683,0.4185259860101812
460,2024-10-01,,,,,,,,,,,,,,,,,,,,,,,,,,,,,,,,,,275.0,16.6,16.6,790.8,48.4,126.82690421421988,0.9766242194178036,974.8024978630284,,,,,,,,0.9748024978630284,,,0.47557561685716904
