,date,Unnamed: 0,Date (aggregated based on UTC),Raw_Moderated_cph,Raw_Mod_Coeff_of_Var,Raw_Mod_sqrt,Corrected_Mod_cph_for_Des,SWC_Des_cm3_cm3,Corrected_Mod_cph_for_UTS,SWC_UTS_cm3_cm3,Rhov_g_cm3,BaroPress_mb,SWC_5,SWC_10,SWC_20,WeightedTDR_SWC,WeightedTDR_SD,WeightedTDR_SE,sT_5,sT_10,sT_20,PRISM_ppt_mm,BaroPress,airRH,airT,date.1,CRNS,Bare,scaled_stationary_N_Des,scaled_stationary_N_UTS,N0,TDR_pore_swc_g,TDR_tot_swc_g,NewName,ND,doy_x,doy_y,min_temp_x,mean_temp,mean_P_mb,mean_RH,cumulative_GSI,GSI,VPD,year,min_temp_y,max_temp,GDD,cumulative_GDD,Bare_norm,Bare_norm7,VPD_kPa,N0_7,ND_7,VPD_7
0,2023-06-27,218.0,,,,,,,,,,,,,,,,,,,,,,,,,,1122.247735632145,,,,,,F2,,178.0,,,,,,,,,,,,,,,,,,,
1,2023-06-28,219.0,,,,,,,,,,,,,,,,,,,,,,,,,,1113.48007709708,,,,,,F2,,179.0,,,,,,,,,,,,,,,,,,,
2,2023-06-29,220.0,,,,,,,,,,,,,,,,,,,,,,,,,,1103.3476574725694,,,,,,F2,,180.0,180.0,0.0,12.742857142857142,762.0257142857143,43.25714285714286,0.2857142857142857,0.2857142857142857,835.687603487864,2023.0,0.0,24.0,9.5,9.5,0.9539754127896731,,0.835687603487864,,,
3,2023-06-30,221.0,,,,,,,,,,,,,,,,,,,,,,,,,,1123.7752935281555,,,,,,F2,,181.0,181.0,1.0,11.387755102040815,763.3897959183673,54.16326530612245,0.7142857142857142,0.4285714285714285,617.3908735196658,2023.0,1.0,21.0,8.0,17.5,0.9544118367900922,,0.6173908735196658,,,
4,2023-07-01,0.0,2023-07-01,9168.652173913044,0.0073851526810735,135.41246808571276,2324.806708323676,0.198855018344655,2253.850107801043,0.188063911769701,5.833182797092442e-06,724.2021739130436,0.0303695652173913,0.067891304347826,0.1960869565217391,0.0806450127027716,0.0,0.0,11.5,11.382608695652175,11.358695652173912,,724.2021739130436,74.23913043478261,9.115217391304348,2023-07-01,0.188063911769701,1116.3286009068038,2972.8512605788574,2873.2325117185314,4285.336313016687,0.0700240934226864,0.1255240934226864,F2,6224.114263589245,182.0,182.0,0.0,11.522727272727272,766.4727272727273,68.47727272727273,1.0,0.2857142857142857,428.4029814489365,2023.0,0.0,24.0,9.5,27.0,0.9552256613656293,,0.42840298144893646,,,
5,2023-07-02,1.0,2023-07-02,9313.645833333334,0.0073274445902949,136.47895704527204,2355.7868778411525,0.1856017920305296,2283.192113550411,0.1768620808919271,5.887499761803234e-06,724.1437500000001,0.0314583333333333,0.0664166666666666,0.1850208333333333,0.0781115097683536,0.0029493040043225,0.0015098864166579,14.610638297872342,14.239583333333334,13.21875,0.0,724.1437500000001,60.35625,11.7,2023-07-02,0.1768620808919271,1124.525444250963,3012.4672147453807,2910.6380182277326,4322.016243695516,0.0678242519170475,0.1233242519170475,F2,6269.849305353342,183.0,183.0,2.0,13.0625,766.0958333333333,62.79166666666666,1.5714285714285712,0.5714285714285714,559.5781039397576,2023.0,2.0,24.0,9.5,36.5,0.9612761648849967,,0.5595781039397576,,,
6,2023-07-03,2.0,2023-07-03,9351.0625,0.0073127569868528,136.75291593465906,2367.366562092015,0.1807931589476346,2299.061531143479,0.1711985270182291,5.507918536619473e-06,723.7166666666667,0.0301041666666666,0.0647916666666666,0.1720208333333333,0.0740428092533505,0.0076857637724436,0.0039347013073749,14.473333333333333,13.864583333333334,12.952083333333334,2.98,723.7166666666667,56.770833333333336,12.720833333333331,2023-07-03,0.1711985270182291,1117.0535795699154,3027.2747593033987,2930.8685235362364,4309.824748655733,0.0642913978021678,0.1197913978021678,F2,6257.80851499314,184.0,184.0,2.0,13.875,765.5791666666668,59.72916666666666,2.1428571428571423,0.5714285714285714,638.5679237759555,2023.0,2.0,27.0,11.0,47.5,0.959355768084987,,0.6385679237759555,,,
7,2023-07-04,3.0,2023-07-04,9482.083333333334,0.0072621982944844,137.70674086071674,2371.433568423791,0.1793806889881059,2306.5476176869174,0.1687202453613281,5.211929888802424e-06,722.4875000000001,0.0247916666666666,0.0616875,0.1586458333333333,0.0676799188920426,0.015092938150152,0.0077267796968279,16.60625,15.964583333333332,14.69375,0.0,722.4875000000001,46.2625,13.875,2023-07-04,0.1687202453613281,1116.872665552523,3032.475451841369,2940.4118676866296,4263.649736729572,0.0587664978217971,0.1142664978217971,F2,6186.662317642361,185.0,185.0,6.0,14.583333333333334,763.9416666666666,51.708333333333336,3.1428571428571423,1.0,801.7065202125694,2023.0,6.0,26.0,11.0,58.5,0.9595112076069793,,0.8017065202125695,,,
8,2023-07-05,4.0,2023-07-05,9609.145833333334,0.0072138297061538,138.62757566622136,2408.359436857781,0.1650921610362093,2334.386145190805,0.1592280069986979,5.872196005282703e-06,722.2312499999999,0.0203958333333333,0.0580833333333333,0.1453541666666666,0.0615560244990486,0.0222218922989478,0.0113764241615789,14.872916666666669,14.575,13.979166666666666,0.0,722.2312499999999,54.95416666666667,13.23125,2023-07-05,0.1592280069986979,1120.95319923918,3079.6944804724035,2975.9007238557647,4276.214433760411,0.053449118126339,0.108949118126339,F2,6170.0906150234605,186.0,186.0,4.0,14.791666666666666,763.7395833333334,55.35416666666666,4.0,0.8571428571428571,751.2139588339662,2023.0,4.0,25.0,10.0,68.5,0.958490615547856,,0.7512139588339662,,,
9,2023-07-06,5.0,2023-07-06,9794.520833333334,0.0071460151682577,139.95325290247277,2425.9586256801977,0.1589098799796046,2362.452646628538,0.1506296793619791,4.987992198850343e-06,722.03125,0.017625,0.0551458333333333,0.1338958333333333,0.049211702277967,0.0365921771968598,0.0187332439194138,15.368085106382978,14.5125,13.545833333333334,0.0,722.03125,49.25208333333333,13.64375,2023-07-06,0.1506296793619791,1122.2382862360564,3102.1994786249647,3011.680203663216,4193.551851158347,0.0427305387191458,0.0982305387191458,F2,6046.160632924569,187.0,187.0,3.0,14.604166666666666,763.5958333333333,53.3125,4.7142857142857135,0.7142857142857143,776.1188377912013,2023.0,3.0,26.0,10.5,79.0,0.9599718886505947,,0.7761188377912013,,,
10,2023-07-07,,,,,,,,,,,,,,,,,,,,,,,,,,,,,,,,,,,,188.0,3.0,14.0,761.8916666666668,48.75,5.428571428571428,0.7142857142857143,819.284990455462,2023.0,3.0,26.0,10.5,89.5,,,0.819284990455462,,,
11,2023-07-08,6.0,2023-07-08,10165.1875,0.0070139193112539,142.58096765389047,2473.112118051767,0.1428928790742618,2412.7491394642952,0.1358528137207031,4.638883651995458e-06,719.9416666666666,0.0091458333333333,0.0481458333333333,0.1117291666666666,0.0418013774561113,0.0452186920406051,0.0231495596218912,17.580851063829787,16.558333333333334,15.1375,0.0,719.9416666666666,42.454166666666666,14.9,2023-07-08,0.1358528137207031,1128.9212242169317,3162.49710196527,3075.798717108686,4202.145619927658,0.0362961510214148,0.0917961510214148,F2,6045.5871361590525,189.0,189.0,3.0,15.3125,761.2395833333334,48.41666666666666,6.142857142857142,0.7142857142857143,897.529464446171,2023.0,3.0,26.0,10.5,100.0,,,0.897529464446171,,,
12,2023-07-09,7.0,2023-07-09,10241.9375,0.0069874658653228,143.11905261241554,2519.997033559684,0.1282489160448436,2472.738826642207,0.120031992594401,3.5428425351745832e-06,721.9854166666668,0.0061458333333333,0.0418333333333333,0.0986458333333333,0.036673066629506,0.0511886664388357,0.0262058682419835,17.12608695652174,16.412499999999998,15.264583333333334,0.0,721.9854166666668,31.80625,14.320833333333333,2023-07-09,0.120031992594401,1134.6054980310705,3222.4512821002486,3152.2742196147365,4228.871613506476,0.031843236893342,0.087343236893342,F2,6100.927374446615,190.0,190.0,1.0,13.854166666666666,763.5708333333333,40.60416666666666,6.565996957773627,0.4231398149164845,940.5560486235822,2023.0,1.0,27.0,11.0,111.0,,,0.9405560486235822,,,
13,2023-07-10,8.0,2023-07-10,10093.833333333334,0.0070387861960616,142.0788604334113,2511.5350854324,0.130843890166233,2453.0257839135943,0.125091552734375,4.426204507649023e-06,723.4729166666666,0.0033958333333333,0.0346458333333333,0.0887083333333333,0.0319499790554113,0.0566869119335634,0.0290206768123353,16.704166666666666,16.3875,15.510416666666666,0.0,723.4729166666666,36.08125,14.504166666666668,2023-07-10,0.125091552734375,1129.833958774562,3211.6305488895773,3127.1438193823947,4164.939714889952,0.0277421782606044,0.0832421782606044,F2,5912.930262898821,191.0,191.0,3.0,14.5625,764.8270833333332,43.875,7.273475249822294,0.707478292048667,930.4972516219722,2023.0,3.0,26.0,10.5,121.5,0.9694847227358747,,0.9304972516219722,,,
14,2023-07-11,9.0,2023-07-11,10083.895833333334,0.0070418715658037,142.01147039371298,2534.9495255470906,0.1238838252510108,2470.511284116424,0.1205482482910156,4.830754167458567e-06,724.375,0.0037291666666666,0.0326875,0.0838958333333333,0.0301894144061949,0.0587364222377602,0.03006991682441,16.332608695652173,15.30625,14.31875,0.0,724.375,41.10625,15.3125,2023-07-11,0.1205482482910156,1136.4646332295908,3241.571811344423,3149.434524293312,4184.767487558835,0.0262134793449283,0.0817134793449283,F2,5969.158582578737,192.0,192.0,4.0,15.375,765.7666666666668,49.895833333333336,8.130618106965152,0.8571428571428571,875.2979551280692,2023.0,4.0,27.0,11.0,132.5,0.9716398781945974,,0.8752979551280693,,,
15,2023-07-12,10.0,2023-07-12,10037.291666666666,0.0070583117796714,141.68218582609293,2533.5129956461174,0.1243630786702451,2455.906029745605,0.1243336995442708,5.858641677710512e-06,724.2979166666668,0.002375,0.03025,0.0807708333333333,0.0286428320508817,0.0605368312570565,0.0309916302587252,18.260416666666668,17.056250000000002,15.675,0.0,724.2979166666668,45.3875,15.889583333333334,2023-07-12,0.1243336995442708,1139.2821023457814,3239.7348458402903,3130.81558794306,4165.581421180997,0.0248705813317123,0.0803705813317123,F2,5903.347219238433,193.0,193.0,4.0,15.854166666666666,765.6229166666667,53.020833333333336,8.98776096410801,0.8571428571428571,846.291428003593,2023.0,4.0,27.0,11.0,143.5,0.9729759862195266,,0.8462914280035929,,,0.7655802815206262
16,2023-07-13,11.0,2023-07-13,10279.208333333334,0.0069746986935392,143.37983411233876,2553.415193645959,0.1187156948087468,2478.7446566177937,0.1185340881347656,5.576401021159705e-06,723.75625,0.0017083333333333,0.0284791666666666,0.0771458333333333,0.0272143784735389,0.0621997240835902,0.0318429427336215,17.741666666666667,16.602083333333333,15.502083333333331,0.0,723.75625,44.39791666666667,15.939583333333331,2023-07-13,0.1185340881347656,1137.5015927089871,3265.1848216168923,3159.930516671041,4182.539930638505,0.0236302545787303,0.0791302545787303,F2,5929.160195739737,194.0,194.0,4.0,16.395833333333332,764.9812499999999,50.8125,9.840287466714702,0.8525265026066933,917.2343902683452,2023.0,4.0,28.0,11.5,155.0,0.9751666327960986,,0.9172343902683452,,,0.7714050520049461
17,2023-07-14,12.0,2023-07-14,10457.041666666666,0.0069152048345831,144.61430562222858,2555.6290276107093,0.1180553449697541,2491.7197612401965,0.1154518127441406,4.753126741774056e-06,723.8666666666667,0.0015428571428571,0.02675,0.0742083333333333,0.0259550587476568,0.0636657246395041,0.0325934568626984,18.082608695652173,16.79375,15.577083333333334,0.0,723.8666666666667,39.875,15.864583333333334,2023-07-14,0.1154518127441406,1134.5801490685976,3268.0157662581205,3176.4713204782693,4172.165851575818,0.0225367868095676,0.0780367868095676,F2,5935.126107776815,195.0,195.0,4.0,16.375,765.1708333333332,46.35416666666666,10.670900187299944,0.8306127205852408,999.045843148434,2023.0,4.0,27.0,11.0,166.0,0.9746282347959867,,0.9990458431484339,,,0.7986661212641438
18,2023-07-15,13.0,2023-07-15,10241.625,0.0069883336353599,143.1116390230416,2587.1296942862505,0.1097445833152382,2530.888896039988,0.1067390441894531,4.128012207007872e-06,725.4395833333333,0.0018333333333333,0.0248749999999999,0.071625,0.0247249873931398,0.0650976765516943,0.0333265399013932,18.506521739130434,17.29375,16.041666666666668,0.0,725.4395833333333,36.87916666666667,14.845833333333331,2023-07-15,0.1067390441894531,1149.4790134950208,3308.297307213834,3226.4045574637794,4209.664607461964,0.02146871541174,0.07696871541174,F2,6002.376151247594,196.0,196.0,2.0,14.541666666666666,767.0354166666666,43.25,11.235258481058484,0.5643582937585387,939.5935549521828,2023.0,2.0,26.0,10.5,176.5,0.9775414970476445,,0.9395935549521828,,,0.835179733657233
19,2023-07-16,14.0,2023-07-16,10242.125,0.006987499450402,143.11970137213785,2624.9606210836487,0.1000671841329912,2570.4419979809823,0.0981661478678385,3.933089924419166e-06,726.9145833333333,0.0014615384615384,0.0231666666666666,0.0693125,0.0236135283854028,0.0663915493385092,0.0339889337891822,18.73695652173913,17.443749999999998,16.210416666666667,0.0,726.9145833333333,35.75,15.085416666666667,2023-07-16,0.0981661478678385,1150.972072828412,3356.673681049922,3276.82727991672,4258.380377365933,0.0205036351571171,0.0760036351571171,F2,6071.489413614957,197.0,197.0,2.0,14.8125,768.5854166666667,45.16666666666666,11.802424584056832,0.5671661029983505,923.8698232092376,2023.0,2.0,28.0,11.5,188.0,0.9813900194746104,,0.9238698232092376,,,0.8612005707479101
20,2023-07-17,15.0,2023-07-17,10110.4375,0.0070331026626572,142.19499033883656,2630.462482162922,0.0986907422762165,2569.042091529262,0.0983899434407552,4.430163001190042e-06,727.025,0.00075,0.0216041666666666,0.067625,0.0226931771724852,0.0674629495254857,0.034537433566333,19.628260869565217,18.047916666666666,16.604166666666668,0.0,727.025,34.15416666666667,17.277083333333334,2023-07-17,0.0983899434407552,1160.0259703446814,3363.709196986144,3275.0426640203364,4256.597680269923,0.0197044938692044,0.0752044938692044,F2,6047.577618839148,198.0,198.0,4.0,16.604166666666668,768.35,43.97916666666666,12.617085532022363,0.8146609479655315,1058.599127595349,2023.0,4.0,31.0,13.0,201.0,0.9886599024324093,,1.058599127595349,,,0.8912027995921524
21,2023-07-18,16.0,2023-07-18,10309.9375,0.0069643058912124,143.59392204307127,2653.9281339241625,0.092952123008743,2587.595030269852,0.094458262125651,4.74583385217004e-06,725.8291666666668,0.0005714285714285,0.0200208333333333,0.0661041666666666,0.0218031255459972,0.0684990773271919,0.0350678757626698,19.715217391304343,18.147916666666667,16.839583333333334,0.0,725.8291666666668,32.420833333333334,17.927083333333332,2023-07-18,0.094458262125651,1158.121859149367,3393.71594643716,3298.694151132492,4284.0754400633605,0.0189316617230441,0.0744316617230441,F2,6074.00186871997,199.0,199.0,6.0,17.604166666666668,766.9083333333333,42.35416666666666,13.535675588680826,0.9185900566584604,1160.5118186929265,2023.0,6.0,30.0,13.0,214.0,0.991129167450335,,1.1605118186929264,,,0.9168317494836066
22,2023-07-19,17.0,2023-07-19,10078.0,0.007044259757621,141.9677460000451,2620.807708860777,0.1011686319170489,2523.509254929108,0.108313242594401,7.142918343744221e-06,727.2458333333334,0.0007,0.0190625,0.0644791666666666,0.0145106879647034,0.0769883571569475,0.0394139344542696,19.75208333333333,18.075,16.820833333333333,0.0,727.2458333333334,54.18333333333334,16.570833333333333,2023-07-19,0.108313242594401,1156.5702759050969,3351.363136180693,3216.996911102912,4143.974891857988,0.0125996355585287,0.0680996355585287,F2,5758.696673699404,200.0,200.0,9.0,17.395833333333332,768.6229166666667,62.0625,14.535675588680826,1.0,753.7703708002912,2023.0,9.0,27.0,13.0,227.0,0.9927285766696294,,0.7537703708002912,,,0.9170143503383441
23,2023-07-20,18.0,2023-07-20,10083.8125,0.0070422474635073,142.0085480213015,2602.930789055976,0.1056214185288327,2500.2546453027035,0.1135470072428385,7.604185336303759e-06,727.2770833333334,0.0017272727272727,0.0185,0.0628958333333333,0.014154367355554,0.0774031574656863,0.0396262900984731,17.539583333333333,16.7625,16.145833333333332,1.4382,727.2770833333334,63.04375,15.2,2023-07-20,0.1135470072428385,1158.6476025358922,3328.50298897504,3187.351683057513,4111.423883232716,0.0122902422459445,0.0677902422459445,F2,5697.347694039546,201.0,201.0,7.0,16.375,768.75625,69.83333333333333,15.535675588680826,1.0,561.793545972401,2023.0,7.0,26.0,11.5,238.5,0.9923347763464261,,0.561793545972401,,,0.9017054009227154
24,2023-07-21,19.0,2023-07-21,10183.395833333334,0.0070080194679204,142.70605363371445,2633.607277505525,0.0980492390826122,2541.6626124424643,0.1045125325520833,6.719462928059212e-06,727.4416666666666,0.0017083333333333,0.018625,0.0613125,0.0137980467464046,0.077817957774425,0.0398386457426767,17.75,16.314583333333335,15.383333333333333,0.069699995,727.4416666666666,58.24166666666667,15.26875,2023-07-21,0.1045125325520833,1168.6838190934811,3367.7306103643173,3240.139007741767,4155.535987734482,0.0119808489333603,0.0674808489333603,F2,5781.113991851938,202.0,202.0,6.0,16.916666666666668,768.9916666666667,58.520833333333336,16.535675588680824,1.0,799.5191673202406,2023.0,6.0,27.0,11.5,250.0,0.9953523332083395,0.9822192042531511,0.7995191673202406,4194.333179090329,5944.917163632198,0.9002935564130569
25,2023-07-22,20.0,2023-07-22,10395.5625,0.0069356076911457,144.18867799754787,2642.626682060184,0.0957409163775677,2571.0378634053864,0.0979703267415364,5.1577399865232095e-06,727.1125000000001,0.0012307692307692,0.0183125,0.0608333333333333,0.0136902128778462,0.0779434894468064,0.0399029112665804,18.608888888888888,17.2625,16.075,0.0,727.1125000000001,44.85416666666666,15.24375,2023-07-22,0.0979703267415364,1154.999144789688,3379.2641921042477,3277.5868956090326,4168.447382554459,0.0118872167466571,0.0673872167466571,F2,5844.600675249861,203.0,203.0,4.0,15.583333333333334,768.61875,50.91666666666666,17.392818445823682,0.8571428571428571,868.9986341607239,2023.0,4.0,29.0,12.0,262.0,0.9949034603188992,0.9838157344003924,0.8689986341607239,4191.926162135101,5930.56098785297,0.8982556399640964
26,2023-07-23,21.0,2023-07-23,10477.916666666666,0.0069082423467627,144.75907201026072,2667.8924455562287,0.0896467275698584,2604.6252375838344,0.0910860697428385,4.498542175337933e-06,727.2875,0.0005,0.01775,0.0601458333333333,0.0135354947186103,0.0781236001071798,0.0399951183226162,19.421739130434784,17.785416666666666,16.502083333333335,0.0,727.2875,35.770833333333336,16.464583333333334,2023-07-23,0.0910860697428385,1168.4200081182491,3411.5728380616843,3320.4044437408943,4206.387715274447,0.0117528749135614,0.0672528749135614,F2,5920.272269703498,204.0,204.0,4.0,16.125,768.5812500000001,44.395833333333336,18.218047786886373,0.8252293410626919,1019.1437933659504,2023.0,4.0,30.0,12.5,274.5,0.9976954411329219,0.9858859103800205,1.0191437933659504,4190.320169404241,5917.65705179989,0.9038690503028369
27,2023-07-24,22.0,2023-07-24,10356.416666666666,0.0069486553174435,143.917273552076,2676.384115065204,0.087722547881901,2601.942836534454,0.0916404724121093,5.299665276739365e-06,728.3458333333333,0.0005,0.0169791666666666,0.0592708333333333,0.0133385806977645,0.0783528318567459,0.0401124727575708,19.815217391304348,18.022916666666667,16.741666666666667,0.0,728.3458333333333,39.677083333333336,17.625,2023-07-24,0.0916404724121093,1165.3529730412197,3422.4315775490536,3316.984889850477,4217.330925417508,0.0115818943987121,0.0670818943987121,F2,5909.207755039728,205.0,205.0,5.0,17.6875,769.61875,47.3125,19.166085380264697,0.9480375933783254,1066.2797011893588,2023.0,5.0,31.0,13.0,287.5,0.99674381686866,0.9880604387101765,1.0662797011893588,4194.0623987276385,5917.391158381382,0.9135677967005075
28,2023-07-25,23.0,2023-07-25,10356.208333333334,0.0069487467672197,143.91567943404803,2683.2199613130347,0.0862002813212158,2601.905769324959,0.0916531880696614,5.78809412825572e-06,728.1062499999999,,0.0162083333333333,0.0587708333333333,0.0132260584001384,0.0784838214279266,0.0401795324346877,20.123404255319148,18.48958333333333,17.214583333333334,0.0,728.1062499999999,41.28541666666667,17.45625,2023-07-25,0.0916531880696614,1172.7786116208802,3431.1729297063007,3316.93763617062,4226.7005613111405,0.0114841912473698,0.0669841912473698,F2,5906.210059258795,206.0,206.0,7.0,17.5,769.3041666666667,49.47916666666666,20.131582228302957,0.9654968480382564,1010.4100862775792,2023.0,7.0,29.0,13.0,300.5,1.001823418800641,0.9902836359588302,1.0104100862775793,4197.057618281375,5912.894835287101,0.9232186632111866
29,2023-07-26,24.0,2023-07-26,10272.6875,0.0069770142697518,143.33365137966194,2682.4774747712736,0.086830091624904,2595.1920312034194,0.0933952331542968,6.230271237769204e-06,727.8666666666667,,0.0156041666666666,0.0575,0.0129400642270053,0.0788167532546774,0.0403499757806932,18.610416666666666,17.183333333333334,16.337500000000002,0.0,727.8666666666667,48.07708333333333,16.583333333333332,2023-07-26,0.0933952331542968,1156.7010056723432,3430.223473545608,3308.3788901478906,4221.965005742878,0.0112358624043745,0.0667358624043745,F2,5884.8992406209945,207.0,207.0,7.0,16.9375,769.1020833333333,55.41666666666666,21.131582228302957,1.0,860.4885568850111,2023.0,7.0,28.0,12.5,313.0,0.9984752943585358,0.9913500478383799,0.8604885568850111,4201.0850171786515,5911.577122528713,0.9242327438455736
30,2023-07-27,25.0,2023-07-27,10273.395833333334,0.0069767743967712,143.33857859504198,2668.8957580512483,0.0893948914085015,2581.460177572974,0.0956751505533854,6.2732547017813325e-06,726.8645833333334,0.0,0.0152708333333333,0.0566458333333333,0.0127478386352273,0.0790405271054443,0.0404645360624346,18.17083333333333,16.9375,16.099999999999998,0.0,726.8645833333334,51.87708333333333,15.735416666666666,2023-07-27,0.0956751505533854,1161.068898086524,3412.8558259354263,3290.873374514621,4198.2011636402,0.0110689528541646,0.0665689528541646,F2,5847.5352232753385,208.0,208.0,6.0,16.645833333333332,768.15,57.0625,22.131582228302957,1.0,813.5211819866742,2023.0,6.0,28.0,12.0,325.0,0.9972513321540872,0.9927928742868882,0.8135211819866741,4202.203676678772,5905.746767352684,0.9168246575397401
31,2023-07-28,26.0,2023-07-28,10303.354166666666,0.0069665661600206,143.54782514313328,2657.658027640999,0.0921149525651245,2579.5332591598235,0.0961964925130208,5.61242262280147e-06,726.9479166666666,0.0,0.0150625,0.0556041666666666,0.0125134171818396,0.079313422045404,0.0406042437230949,17.965217391304346,16.78125,15.9125,0.0,726.9479166666666,43.5625,16.822916666666668,2023-07-28,0.0961964925130208,1160.317881563666,3398.4855555398094,3288.416918065752,4177.621668046565,0.0108654046222014,0.0663654046222014,F2,5858.494084198795,209.0,209.0,8.0,17.333333333333332,768.1041666666666,49.79166666666666,23.102318382136755,0.9707361538338006,993.644307731838,2023.0,8.0,29.0,13.5,338.5,0.9936912957889097,0.9943685776001708,0.993644307731838,4202.593377855254,5900.273051382826,0.9164388335814119
32,2023-07-29,27.0,2023-07-29,10308.8125,0.0069647402348244,143.5857146028434,2684.6770830124046,0.0859356031913914,2608.5669153444337,0.0904579162597656,5.407925710179195e-06,728.1895833333333,,0.0147291666666666,0.0550624999999999,0.0123915180260779,0.079455327414183,0.0406768917066382,18.691666666666663,17.235416666666666,16.170833333333334,0.0,728.1895833333333,38.51041666666666,18.11458333333333,2023-07-29,0.0904579162597656,1167.0215883194394,3433.0362270141063,3325.429337212413,4218.567455656535,0.0107595595415804,0.0662595595415804,F2,5901.14999327768,210.0,210.0,7.0,17.829787234042552,769.2808510638297,47.0,24.045361668373136,0.9430432862363812,1082.2614840435806,2023.0,7.0,30.0,13.5,352.0,0.9966398910449488,0.9954425608378021,1.0822614840435807,4203.229295583438,5893.042611527832,0.9266293999450829
33,2023-07-30,28.0,2023-07-30,10224.979166666666,0.0069931991717714,143.00092733121792,2671.3087111716163,0.0888745204403301,2582.7337280401366,0.0954271952311198,6.351032868812293e-06,728.3770833333333,,0.0142499999999999,0.0543333333333333,0.0122274230087065,0.0796463538721548,0.0407746870691004,17.46382978723404,16.545833333333334,15.841666666666669,0.0,728.3770833333333,46.552083333333336,17.0125,2023-07-30,0.0954271952311198,1170.1284242871131,3415.9413945979395,3292.496910434291,4195.515649048566,0.0106170757792061,0.0661170757792061,F2,5839.289938981528,211.0,211.0,7.0,17.791666666666668,769.4854166666668,51.375,25.01706689976861,0.9717052313954764,990.5432595344756,2023.0,7.0,29.0,13.0,365.0,0.999228201888478,0.9966153419470029,0.9905432595344756,4198.738957846484,5876.456934768302,0.9313917882540286
34,2023-07-31,29.0,2023-07-31,10202.583333333334,0.0070020452409269,142.83636326610005,2640.5235824087235,0.0967919134550817,2532.245078299185,0.1071154276529948,7.948598934552032e-06,727.2833333333333,0.0226,0.0140208333333333,0.053125,0.0216504148073524,0.0686768511070717,0.0351588864604768,15.642553191489364,15.310416666666669,14.983333333333334,0.0104,727.2833333333333,66.75833333333334,14.454166666666666,2023-07-31,0.1071154276529948,1194.7697890377117,3376.5748491891645,3228.1334332862903,4260.641269868431,0.0187990629339668,0.0742990629339668,F2,5938.451272910213,212.0,212.0,9.0,15.583333333333334,768.4395833333333,70.22916666666667,26.01706689976861,1.0,527.0793922816952,2023.0,9.0,27.0,13.0,378.0,1.0090711278562332,0.9987424116195618,0.5270793922816952,4199.027785674948,5868.662195773379,0.8934260928744819
35,2023-08-01,30.0,2023-08-01,9258.478260869566,0.0073519055636608,136.0576756845746,2418.0400294157284,0.1643750610491462,2300.557489079976,0.1728887143342391,9.43921087693368e-06,726.6608695652175,0.0825416666666666,0.0380625,0.0645208333333333,0.0630974240731009,0.0204275166642269,0.0104577994985139,14.708333333333334,14.50625,14.204166666666666,11.5675,726.6608695652175,84.16956521739131,13.382608695652175,2023-08-01,0.1728887143342391,1201.261426322851,3092.0735577032133,2932.775586905016,4307.143656153748,0.0547875159287293,0.1102875159287294,F2,6096.620809581629,213.0,213.0,8.0,16.04255319148936,767.9000000000001,76.93617021276596,27.01706689976861,1.0,420.5077480353474,2023.0,8.0,25.0,11.5,389.5,1.0188534654777255,1.0013834818436715,0.4205077480353474,4200.67551539569,5870.277834406354,0.8405686592560835
36,2023-08-02,31.0,2023-08-02,8684.208333333334,0.0075352474896155,132.73972590871287,2358.872231042381,0.1857075188086222,2252.912700715678,0.1895797404837101,8.710356149379475e-06,726.1791666666667,0.1172291666666666,0.0913958333333333,0.0829166666666666,0.100569594812707,0.0231946247241207,0.0118744113048706,14.702083333333334,14.610416666666666,14.214583333333332,7.8251,726.1791666666667,77.60625,13.845833333333331,2023-08-02,0.1895797404837101,1202.4139361348332,3016.412616365551,2872.037495020188,4501.581410083709,0.0873246152071681,0.1428246152071681,F2,6471.616293589306,214.0,214.0,9.0,16.583333333333332,767.6395833333332,71.85416666666667,28.01706689976861,1.0,531.1544996902509,2023.0,9.0,26.0,12.5,402.0,1.0280774512087798,1.0041901007768208,0.5311544996902509,4226.2188381260985,5921.200664398489,0.8246675256053663
37,2023-08-03,32.0,2023-08-03,8939.3125,0.0074795926372775,133.7063704862803,2339.903334077891,0.1920724447213766,2246.642362957939,0.1907361348470052,7.693843933310715e-06,725.2583333333333,0.1177708333333333,0.108625,0.0861458333333333,0.1074895535651402,0.0312502941220273,0.0159984845720413,14.289583333333333,14.522916666666667,14.383333333333333,5.8805,725.2583333333333,72.6125,12.902083333333332,2023-08-03,0.1907361348470052,1198.6941922358212,2992.1561011676336,2864.044000580325,4515.382409073765,0.093333217871135,0.148833217871135,F2,6535.410812392518,215.0,215.0,7.0,16.153846153846153,766.9025641025642,68.15384615384616,29.01706689976861,1.0,584.7691109647501,2023.0,7.0,22.0,9.5,411.5,1.029198655025309,1.006641814193608,0.5847691109647501,4255.073018543316,5981.062315709415,0.8263086373905341
38,2023-08-04,33.0,2023-08-04,9112.145833333334,0.0074081744336563,134.993587067964,2379.14229554553,0.17668561412769,2300.167389755712,0.1712748209635416,6.361677915021312e-06,724.9916666666667,0.0985625,0.0997083333333333,0.0856041666666666,0.0960427286560376,0.0179248047047632,0.0091765444000693,12.68125,13.077083333333334,13.252083333333331,0.057499997,724.9916666666667,64.31458333333333,12.114583333333334,2023-08-04,0.1712748209635416,1199.262077461147,3042.333002174164,2932.278284064248,4506.219438091273,0.0833939357014816,0.1388939357014816,F2,6551.722692155052,216.0,216.0,4.0,13.416666666666666,766.61875,66.33333333333333,29.87420975691147,0.8571428571428571,518.158743509896,2023.0,4.0,24.0,9.5,421.0,1.028627440126851,1.0085138618976384,0.518158743509896,4280.121836425945,6036.105794302495,0.8062114642612237
39,2023-08-05,34.0,2023-08-05,9207.833333333334,0.0073693540521594,135.7019206198905,2440.391210226117,0.1538804680430776,2364.2482484251377,0.1499430338541666,5.963913280359532e-06,725.21875,0.0829583333333333,0.0883541666666666,0.0819375,0.0845954324521228,0.0045987666433047,0.002354323351519,12.135416666666666,12.427083333333334,12.68125,0.0348,725.21875,56.26666666666667,13.033333333333331,2023-08-05,0.1499430338541666,1202.9776528600917,3120.655175181211,3013.969256268016,4530.934927160749,0.0734542443063738,0.1289542443063738,F2,6582.702247096487,217.0,217.0,4.0,14.770833333333334,766.7125,57.97916666666666,30.731352614054327,0.8571428571428571,706.0961790686368,2023.0,4.0,25.0,10.0,431.0,1.0287884942570957,1.011451179477863,0.7060961790686369,4306.013803897823,6088.827335148683,0.794575574611789
40,2023-08-06,35.0,2023-08-06,9318.416666666666,0.0073265196954234,136.50808692644318,2475.8538067948284,0.1424056198874137,2399.7160001887964,0.1398696899414062,5.881653002566303e-06,724.7520833333333,0.07125,0.0797083333333333,0.0776041666666666,0.0756063563872966,0.0058656056978473,0.0030028774096095,13.235416666666666,13.022916666666667,12.6875,0.0,724.7520833333333,56.04166666666666,13.79375,2023-08-06,0.1398696899414062,1211.514536669683,3166.0030419673967,3059.18393009756,4520.837828691561,0.0656490263387488,0.1211490263387488,F2,6553.874770564352,218.0,218.0,4.0,14.7125,766.1625,57.958333333333336,31.588495471197184,0.8571428571428571,703.7927191493267,2023.0,4.0,27.0,11.0,442.0,1.0324512726167177,1.0140894923687072,0.7037927191493266,4328.474526284759,6134.084656638744,0.7720504978820301
41,2023-08-07,36.0,2023-08-07,9538.4375,0.0072406056312166,138.11602912324523,2516.430138477972,0.1293542577873232,2449.935248693408,0.1258366902669271,5.031094174083412e-06,724.6020833333333,0.0583541666666666,0.0711875,0.0734791666666666,0.0661979993750907,0.016818071800504,0.0086099561553307,14.165217391304347,14.133333333333333,13.633333333333333,0.0,724.6020833333333,47.68958333333333,13.539583333333333,2023-08-07,0.1258366902669271,1200.59606484048,3217.890107830553,3123.2039716336403,4510.871671765022,0.0574797465742972,0.1129797465742972,F2,6548.427239026521,219.0,219.0,4.2,15.166666666666666,766.0812500000001,50.66666666666666,32.47420975691147,0.8857142857142858,850.3740122276984,2023.0,4.2,25.4,10.2,452.2,1.0328323934306112,1.0162471283037706,0.8503740122276984,4349.441722452439,6179.74319120923,0.7566286629561972
42,2023-08-08,37.0,2023-08-08,9818.875,0.0071372510941929,140.12647130626758,2543.190456664809,0.1218526209053658,2485.825221213156,0.1171964009602864,4.282001001299054e-06,723.1479166666667,0.0479791666666666,0.0633541666666666,0.0697083333333333,0.0581885886152811,0.0261419951736564,0.0133833078445595,14.219148936170212,14.277083333333332,13.929166666666667,0.0,723.1479166666667,44.18333333333334,12.685416666666669,2023-08-08,0.1171964009602864,1197.6705198235136,3252.10991860897,3168.956897052906,4483.696660635349,0.0505251723420049,0.1060251723420049,F2,6514.074005924097,220.0,220.0,3.0,13.758333333333333,764.6229166666667,51.15833333333333,33.188495471197186,0.7142857142857143,768.6243202830389,2023.0,3.0,25.4,10.2,462.4,1.0313161430569728,1.0177710489613627,0.7686243202830388,4367.7985866898825,6223.162044542465,0.7393582510994443
43,2023-08-09,38.0,2023-08-09,9964.020833333334,0.0070843456490558,141.16324312684364,2562.971237901425,0.1161977599866119,2505.26248179054,0.1124496459960937,4.271681514938511e-06,722.0791666666668,0.038625,0.0565208333333333,0.0664375,0.0510755926159985,0.0344223832870544,0.0176224251138378,14.167391304347827,14.28125,13.8125,0.0,722.0791666666668,44.29375,12.077083333333334,2023-08-09,0.1124496459960937,1193.0119115188616,3277.404632455056,3193.7357272139634,4448.999165467987,0.0443489553674388,0.0998489553674388,F2,6444.482643046978,221.0,221.0,1.0,12.333333333333334,763.6958333333333,49.925,33.617066899768616,0.4285714285714285,717.9208681105558,2023.0,1.0,24.2,9.6,472.0,1.0260299344571773,1.0199940581041302,0.7179208681105558,4384.015312384533,6263.132287572893,0.7291748447584118
44,2023-08-10,39.0,2023-08-10,10184.3125,0.0070069930705464,142.7173169685643,2589.3086037255625,0.1089294175019711,2524.557293652056,0.1078097025553385,4.750878510898765e-06,722.30625,0.0290416666666666,0.0504583333333333,0.0643541666666666,0.0443982197400514,0.0421956533685075,0.0216019249862815,14.985106382978724,14.98125,14.370833333333332,0.0,722.30625,44.3375,13.314583333333331,2023-08-10,0.1078097025553385,1193.6159720033957,3311.083592047817,3218.332962210256,4426.630000889316,0.0385509901069365,0.0940509901069365,F2,6374.543076029094,222.0,222.0,2.2,13.916666666666666,763.7020833333332,52.19166666666666,34.21706689976862,0.6,760.1431012717891,2023.0,2.2,26.2,10.6,482.6,1.0240357186914686,1.021986639704638,0.7601431012717891,4400.331657902328,6300.775705626732,0.7253621247073484
45,2023-08-11,40.0,2023-08-11,9929.1875,0.0070967667517172,140.91624392785636,2558.5516039637755,0.1172964998397002,2463.849233717772,0.1222852071126302,7.12069202058687e-06,723.9770833333333,0.0250833333333333,0.0454791666666666,0.0623749999999999,0.0405321027086477,0.0466962814463344,0.0239060066242478,14.183333333333332,14.295833333333334,14.008333333333333,1.8756,723.9770833333333,74.90625,11.61875,2023-08-11,0.1222852071126302,1188.176261754468,3271.7530166558604,3140.9416703391557,4334.135797772082,0.0351940393034463,0.0906940393034463,F2,6150.719991305771,223.0,223.0,5.0,14.502439024390243,765.509756097561,70.46829268292683,35.21706689976862,1.0,487.7100890097301,2023.0,4.2,25.0,10.0,492.6,1.0213232047511946,1.0236921723104238,0.4877100890097301,4411.511238597007,6321.648984705802,0.689223966227198
46,2023-08-12,41.0,2023-08-12,10017.75,0.0070652110644268,141.54406611303432,2567.1049568751464,0.1149270524885727,2473.936085651584,0.1197509765625,6.974880635563642e-06,724.9833333333332,0.0245208333333333,0.0420416666666666,0.0609791666666666,0.0387873827824273,0.0487273465755346,0.024945803690075,14.508333333333333,14.383333333333333,13.970833333333331,0.0,724.9833333333332,65.59375,12.502083333333331,2023-08-12,0.1197509765625,1181.5271829722335,3282.690633918278,3153.8004983582887,4330.315064738033,0.0336790983664243,0.0891790983664244,F2,6143.439185642584,224.0,224.0,6.6,12.378723404255318,766.3510638297872,83.0127659574468,36.21706689976862,1.0,244.2724157412801,2023.0,6.6,22.6,9.6,502.2000000000001,1.0180420124709302,1.0245802269811264,0.24427241574128009,4419.493210674256,6338.955355589009,0.629367604205605
47,2023-08-13,42.0,2023-08-13,10196.791666666666,0.007002994308439,142.80275785349554,2590.400708729995,0.1088565637087714,2503.594118979316,0.1128031412760416,6.423600587550777e-06,725.0104166666666,0.0214791666666666,0.039125,0.05975,0.0361968565213297,0.051743032632718,0.0264896741788319,14.015217391304349,14.064583333333331,13.65,0.3865,725.0104166666666,63.84375,12.708333333333334,2023-08-13,0.1128031412760416,1174.9109753404723,3312.480123521805,3191.6088802448776,4341.897936261888,0.0314297434857996,0.0869297434857996,F2,6166.802948821986,225.0,225.0,3.8,14.1,766.5104166666666,68.18333333333334,37.04563832834005,0.8285714285714285,511.9328517309716,2023.0,3.8,27.0,11.0,513.2,1.012697986236128,1.0248730220648488,0.5119328517309716,4429.949088332351,6362.349142006185,0.5951811465053548
48,2023-08-14,43.0,2023-08-14,10179.645833333334,0.0070088131123342,142.68315572756674,2610.573323918056,0.1035352444838324,2535.840405128785,0.1053695678710937,5.458231394861355e-06,727.1625,0.0161875,0.0363958333333333,0.0590625,0.0258838035654361,0.063748674294465,0.0326359226638191,14.97608695652174,14.775,14.072916666666666,0.0,727.1625,52.275,13.51875,2023-08-14,0.1053695678710937,1175.6405092024684,3338.27589582248,3232.7167948422807,4261.052788815244,0.0224749159093166,0.0779749159093166,F2,6038.246051213851,226.0,226.0,3.4,14.916666666666666,768.6458333333334,54.55833333333334,37.81706689976862,0.7714285714285715,770.7899318121077,2023.0,3.4,27.4,11.2,524.4000000000001,1.0091165159093434,1.0237018983218042,0.7707899318121078,4429.978482542838,6369.477340456445,0.6125890421860986
49,2023-08-15,44.0,2023-08-15,10095.0,0.0070382596335501,142.08787478985326,2621.8019621510134,0.1007113542598001,2543.3991317711702,0.1037178039550781,5.7098833818771246e-06,728.9499999999999,0.0107708333333333,0.0338333333333333,0.0584166666666666,0.0248518971925114,0.0649499381873966,0.0332509057351134,16.22391304347826,15.8875,14.90625,0.0,728.9499999999999,50.88125,15.014583333333334,2023-08-15,0.1037178039550781,1175.7514355192304,3352.6345395780727,3242.3527413770234,4267.541881473255,0.0215789112360026,0.0770789112360026,F2,6034.12690699106,227.0,227.0,3.4,15.25,770.44375,55.458333333333336,38.58849547119719,0.7714285714285715,771.9019779450659,2023.0,3.4,28.2,11.6,536.0000000000001,1.007466382179268,1.0221401377028854,0.771901977945066,4427.1497843513735,6365.013490271404,0.6376886300367927
50,2023-08-16,45.0,2023-08-16,10270.729166666666,0.006977822439693,143.31899602735103,2629.234637509235,0.0988271727364978,2543.731365207443,0.1036059061686198,6.226971251852651e-06,727.6104166666668,0.0072708333333333,0.0314791666666666,0.0579375,0.0239295767132527,0.0660236308387024,0.0338005791317847,16.733333333333334,16.354166666666668,15.4625,0.0,727.6104166666668,49.37708333333333,15.839583333333332,2023-08-16,0.1036059061686198,1177.5726706384075,3362.139088162284,3242.7762761574754,4268.978388840351,0.0207780600334205,0.0762780600334205,F2,6015.354937601149,228.0,228.0,6.2,14.95,768.8208333333333,64.66666666666667,39.58849547119719,1.0,600.6187567430053,2023.0,6.2,26.6,11.400000000000002,547.4000000000001,1.0082268297622075,1.0206193174691547,0.6006187567430052,4410.535282833991,6332.423393415107,0.6426503626834181
51,2023-08-17,46.0,2023-08-17,10426.729166666666,0.006925100899755,144.40558603752189,2650.292864858177,0.0937665882208697,2563.4548329896534,0.0993703206380208,6.271489339074168e-06,726.3958333333334,0.0059791666666666,0.0289791666666666,0.0569791666666666,0.0228489674426489,0.0672815907982522,0.0344445875666019,15.108333333333334,15.079166666666666,14.797916666666666,0.0,726.3958333333334,50.770833333333336,15.477083333333333,2023-08-17,0.0993703206380208,1185.8058193722245,3389.067338797365,3267.919966360977,4290.516745562908,0.0198397666166029,0.0753397666166029,F2,6038.8465373168965,229.0,229.0,5.8,14.6,767.43125,70.85000000000001,40.58849547119719,1.0,484.4503740012756,2023.0,5.8,29.0,12.4,559.8000000000001,1.0111310635993487,1.0198302715876704,0.48445037400127555,4394.473449726073,6296.954516623991,0.6354847386145984
52,2023-08-18,47.0,2023-08-18,10432.791666666666,0.0069231482374658,144.44714485796712,2653.189457733324,0.0931067219999245,2547.2563012792293,0.1028544108072916,7.701693525784718e-06,725.3729166666667,0.0065208333333333,0.0278541666666666,0.0558541666666666,0.0222065685829209,0.0680294208100628,0.0348274366642693,13.910416666666668,13.979166666666666,13.904166666666669,0.0,725.3729166666667,65.175,14.045833333333334,2023-08-18,0.1028544108072916,1176.0616214281133,3392.771362770384,3247.2699028135385,4287.644181255541,0.0192819714565474,0.0747819714565474,F2,5986.5649067052245,230.0,230.0,8.6,14.958333333333334,766.5666666666666,75.8,41.58849547119719,1.0,411.58802652146176,2023.0,8.6,24.2,11.4,571.2,1.0112196838575933,1.018409904216616,0.41158802652146176,4378.860931380664,6256.586103377575,0.627872544543996
53,2023-08-19,48.0,2023-08-19,10396.041666666666,0.0069355010261023,144.1916306179534,2651.525362588782,0.0936270313222428,2563.225011815304,0.0996119181315104,6.383636863555175e-06,725.4833333333332,0.0068958333333333,0.0270416666666666,0.0550208333333333,0.0217379254218274,0.0685749781618363,0.0351067329435757,13.83125,13.483333333333334,13.247916666666669,1.1108,725.4833333333332,57.04375,14.922916666666666,2023-08-19,0.0996119181315104,1184.2079332777832,3390.6433977527063,3267.626987840473,4279.426949819032,0.0188750484318681,0.0743750484318681,F2,6013.664555073224,231.0,231.0,5.8,15.766666666666666,766.6583333333333,65.10833333333333,42.58849547119719,1.0,625.0366363828595,2023.0,5.8,27.8,11.8,583.0,1.0131153814756482,1.0172607933017017,0.6250366363828594,4360.896075856255,6215.940553947342,0.6220825772092976
54,2023-08-20,,,,,,,,,,,,,,,,,,,,,,,,,,,,,,,,,,,,232.0,6.6,17.599999999999998,766.9729166666666,49.14166666666667,43.54987094386244,0.9613754726652436,1023.5984874712206,2023.0,6.6,30.6,13.6,596.6,,,1.0235984874712205,,,0.6449258463751472
55,2023-08-21,,,,,,,,,,,,,,,,,,,,,,,,,,,,,,,,,,,,233.0,4.6,16.625,768.9375,44.583333333333336,44.44895295679311,0.8990820129306707,1048.570137932269,2023.0,4.6,30.2,12.6,609.2,,,1.0485701379322692,,,0.6590827124969021
56,2023-08-22,49.0,2023-08-22,10207.104166666666,0.0070001596072619,142.8702614411781,2676.7843604390373,0.0878689141964787,2595.2404343223675,0.0935071309407552,5.854360523191775e-06,728.3354166666667,0.0044583333333333,0.0239583333333333,0.054875,0.0206383451937191,0.0698550226116678,0.0357620474600468,16.037499999999998,15.93125,15.366666666666667,0.0,728.3354166666667,48.69166666666666,14.825,2023-08-22,0.0935071309407552,1215.371158926621,3422.943392126963,3308.440594967811,4307.049468523938,0.0179202825258525,0.0734202825258525,F2,6062.559447674885,234.0,234.0,5.8,16.275000000000002,769.4354166666667,50.54166666666666,45.4441990008058,0.9952460440126976,915.2126591593674,2023.0,5.8,25.4,10.6,619.8000000000001,,,0.9152126591593673,,,0.6695533081309256
57,2023-08-23,50.0,2023-08-23,9588.541666666666,0.0072220076942921,138.4760937123114,2529.783278252184,0.1255477622420671,2420.921219728009,0.1335474650065104,8.328388239955247e-06,727.475,0.0531666666666666,0.0256458333333333,0.05425,0.0438889002637199,0.042788562873611,0.0219054630436507,13.95625,13.902083333333332,13.783333333333331,6.8356,727.475,78.41458333333334,13.072916666666666,2023-08-23,0.1335474650065104,1229.8664444250787,3234.965462210908,3086.216573478462,4319.708192675753,0.0381087478231628,0.0936087478231628,F2,6103.730183777081,235.0,235.0,7.0,15.0,768.7958333333332,70.11666666666666,46.4441990008058,1.0,509.6142990305967,2023.0,7.0,27.0,12.0,631.8000000000001,,,0.5096142990305967,,,0.6546742674823571
58,2023-08-24,51.0,2023-08-24,9763.958333333334,0.0071565478101251,139.7389386489053,2531.933245561365,0.1247425912369023,2423.4287470219465,0.1327374776204427,8.292380059933994e-06,725.6875,0.0546458333333333,0.0325208333333333,0.0548541666666666,0.0470379850526504,0.0391226470967748,0.0200287096035358,13.86875,13.9625,13.852083333333333,1.4618,725.6875,76.08541666666666,13.154166666666669,2023-08-24,0.1327374776204427,1237.906940739251,3237.714737237695,3089.413196412714,4355.107294128066,0.0408430992736209,0.0963430992736209,F2,6163.859426571197,236.0,236.0,9.0,14.983333333333334,766.9625,76.95,47.4441990008058,1.0,392.6607230910364,2023.0,9.0,25.4,12.2,644.0000000000001,1.0522761070149917,,0.3926607230910364,,,0.628425526183732
59,2023-08-25,52.0,2023-08-25,9307.354166666666,0.0073343302337544,136.40601286630735,2427.1591903191456,0.161161352543346,2301.814380763313,0.1732292175292968,1.0095526805767407e-05,725.9354166666667,0.0876041666666666,0.0459583333333333,0.0555208333333333,0.0659755015236512,0.0170770862248763,0.0087425577320095,14.01875,14.075,13.8125,5.9075,725.9354166666667,97.50833333333333,11.564583333333331,2023-08-25,0.1732292175292968,1210.5192227702537,3103.734703075034,2934.37788602676,4348.889392094977,0.0572865516101774,0.1127865516101774,F2,6149.4322892461005,237.0,237.0,11.4,14.495652173913042,767.3565217391305,88.11304347826086,48.4441990008058,1.0,196.224549651852,2023.0,11.0,19.4,10.2,654.2000000000002,1.0508899066014623,,0.196224549651852,,,0.6076051305153121
60,2023-08-26,53.0,2023-08-26,8261.208333333334,0.0077802429314304,128.53660023257115,2177.042448725402,0.276442022379345,2073.7603734418217,0.2767728169759114,9.220899654230751e-06,726.9458333333333,0.1491041666666666,0.1183125,0.0820833333333333,0.1233682938015814,0.0497350693029531,0.0254617040027104,13.45,13.389583333333334,13.20625,21.977499,726.9458333333333,89.77708333333334,11.808333333333332,2023-08-26,0.2767728169759114,1168.343479127529,2783.89741601086,2643.652169176362,4303.089964603087,0.1071207337073489,0.1626207337073489,F2,6196.368376434134,238.0,238.0,7.8,16.772972972972973,768.2945945945946,73.80540540540541,49.4441990008058,1.0,500.3235600396854,2023.0,7.0,26.2,11.6,665.8000000000002,1.0333127668394109,,0.5003235600396854,,,0.6258944979651982
61,2023-08-27,54.0,2023-08-27,8408.645833333334,0.0077121949264614,129.6759041178387,2204.617575864172,0.26009035481753,2105.377008278276,0.2584571838378906,8.734196264954028e-06,727.0166666666668,0.1355625,0.121875,0.1072708333333333,0.1244600584301463,0.0510060154491212,0.0261123606727554,14.391489361702128,14.51875,14.133333333333333,1.9755,727.0166666666668,81.11874999999999,12.852083333333333,2023-08-27,0.2584571838378906,1160.4656605783064,2819.159165377638,2683.957397464974,4364.459958233886,0.1080687133254807,0.1635687133254807,F2,6301.819132311483,239.0,239.0,7.4,15.483720930232558,768.2930232558139,73.45116279069768,50.4441990008058,1.0,467.04326254097,2023.0,6.6,24.6,10.6,676.4000000000002,1.0111877571270567,,0.46704326254096995,,,0.622688098737341
62,2023-08-28,55.0,2023-08-28,8616.854166666666,0.0076180749987995,131.2737309007992,2237.9971285355296,0.2412845278644298,2151.253068024688,0.2342453002929687,7.489669887711537e-06,726.6625,0.1187708333333333,0.1128541666666666,0.1175416666666666,0.1164471877224163,0.0416780642778884,0.0213369469656398,13.795833333333334,13.916666666666666,13.804166666666667,0.46069998,726.6625,72.08333333333333,12.858333333333334,2023-08-28,0.2342453002929687,1163.9154384725855,2861.8433355846987,2742.4406949640857,4378.686321746336,0.1011111348191696,0.1566111348191696,F2,6358.120877919924,240.0,240.0,8.2,14.708333333333334,768.1270833333333,72.69166666666666,51.4441990008058,1.0,457.02848802984295,2023.0,7.0,25.0,11.0,687.4000000000002,0.9978730343064185,,0.45702848802984297,,,0.6002765670386078
63,2023-08-29,56.0,2023-08-29,8670.916666666666,0.0075943344158108,131.68462651771347,2261.479893085608,0.2286011034719673,2195.523040151544,0.2122968037923177,5.566684851751061e-06,727.5500000000001,0.099625,0.1013749999999999,0.1205833333333333,0.104947018715603,0.0282904758755203,0.0144832154239211,12.126086956521736,12.583333333333334,12.808333333333332,0.0,727.5500000000001,59.30416666666667,12.114583333333334,2023-08-29,0.2122968037923177,1161.5592462292873,2891.871968048907,2798.8765345824777,4346.448590868094,0.0911255339503622,0.1466255339503622,F2,6360.297841221154,241.0,241.0,2.6,13.033333333333331,769.2312499999999,64.47500000000001,52.10134185794866,0.6571428571428571,533.2444074333062,2023.0,2.6,26.2,10.6,698.0000000000002,0.9959347758162114,,0.5332444074333061,,,0.5832295977163392
64,2023-08-30,57.0,2023-08-30,8977.625,0.0074634483302394,133.99356348270126,2300.290857184278,0.2097676631484997,2235.094943214479,0.1954511006673177,5.405568190007976e-06,725.7166666666667,0.0797083333333333,0.0884375,0.1195,0.0916833203738387,0.0128499259159928,0.0065784770126044,12.26875,12.527083333333332,12.70625,0.0,725.7166666666667,51.725,13.310416666666669,2023-08-30,0.1954511006673177,1150.7825645190376,2941.5015665578544,2849.32322490916,4324.584502706264,0.0796086599281933,0.1351086599281933,F2,6312.878849691803,242.0,242.0,3.4,13.841666666666669,767.0229166666667,54.958333333333336,52.87277042937723,0.7714285714285715,712.6732154464961,2023.0,3.4,27.0,11.0,709.0000000000002,0.9931683107744179,,0.7126732154464961,,,0.5912334876237314
65,2023-08-31,58.0,2023-08-31,9274.375,0.0073429877342191,136.1906478070733,2334.301144308529,0.1946367481863821,2272.823423867625,0.1807276407877604,5.00942027344454e-06,723.2291666666666,0.068,0.0796666666666666,0.1155833333333333,0.0827447658136933,0.0024443667200852,0.0012513854463894,12.908510638297871,12.802083333333334,12.622916666666669,0.0,723.2291666666666,44.84375,14.483333333333334,2023-08-31,0.1807276407877604,1159.126499101692,2984.992289716892,2897.419900395768,4319.446907501105,0.071847309801183,0.127347309801183,F2,6303.49762369007,243.0,243.0,3.4,15.266666666666666,764.3416666666667,50.45,53.644199000805806,0.7714285714285715,859.6158194685362,2023.0,3.4,27.8,11.4,720.4000000000002,0.9918001085717596,,0.8596158194685362,,,0.6180310194428215
66,2023-09-01,59.0,2023-09-01,9390.020833333334,0.0072974146908501,137.03847271552078,2356.2824666529705,0.1851950703892888,2296.4373996545514,0.1719678243001302,4.826124096834124e-06,723.7312499999999,0.057375,0.0722708333333333,0.1101458333333333,0.0744044007989852,0.0072648274557803,0.0037192043542374,13.922916666666666,13.654166666666669,13.20625,0.0,723.7312499999999,42.22291666666667,14.33125,2023-09-01,0.1719678243001302,1154.5578621547338,3013.1009499366405,2927.523252312159,4292.627317547052,0.0646053678707906,0.1201053678707906,F2,6255.821761538822,244.0,244.0,3.0,14.841666666666669,764.8354166666667,48.575,54.35848471509152,0.7142857142857143,868.0746195610545,2023.0,3.0,29.8,12.4,732.8000000000002,0.9897998098896162,,0.8680746195610546,,,0.6506372046599351
67,2023-09-02,60.0,2023-09-02,9273.270833333334,0.0073437314636509,136.18064371381598,2372.7484718680985,0.178751176553554,2293.003379160108,0.1734275817871093,6.445262664714184e-06,726.0854166666667,0.0491041666666666,0.0661458333333333,0.1050625,0.0675933052625949,0.0151937668962683,0.0077783986394484,13.79375,13.9125,13.716666666666669,0.0,726.0854166666667,59.07083333333333,12.802083333333334,2023-09-02,0.1734275817871093,1144.6542486930089,3034.1568872690773,2923.145525818107,4265.273752833383,0.0586912911763164,0.1141912911763164,F2,6149.54665207384,245.0,245.0,4.2,12.866666666666667,767.4355555555555,77.29777777777778,55.24419900080581,0.8857142857142858,337.072950590493,2023.0,4.2,24.6,9.8,742.6000000000001,0.9880489472116044,,0.337072950590493,,,0.6300683699604804
68,2023-09-03,61.0,2023-09-03,9224.9375,0.0073629129870389,135.82548167802398,2378.6754327277363,0.1763269053687721,2286.236503845487,0.1756782531738281,7.487718164620787e-06,725.1374999999999,0.0448125,0.0618958333333333,0.1001875,0.0631847782742558,0.0203258258030242,0.0104057391989303,13.341666666666669,13.277083333333332,12.995833333333332,0.0,725.1374999999999,73.80416666666666,11.847916666666668,2023-09-03,0.1756782531738281,1158.9051810411806,3041.7360004056186,2914.519039926512,4237.788573172107,0.0548633656128887,0.1103633656128887,F2,6067.01270140922,246.0,246.0,5.8,12.377777777777778,766.5555555555555,81.33333333333333,56.24419900080581,1.0,268.4055744095697,2023.0,5.8,23.4,9.6,752.2000000000002,0.9879857165389174,,0.2684055744095697,,,0.5761260190275054
69,2023-09-04,62.0,2023-09-04,9846.208333333334,0.0071277468431576,140.31872541049526,2406.1055106072995,0.1658378093348513,2330.356600012908,0.1606178283691406,6.032324622053898e-06,718.9041666666667,0.041,0.058375,0.0957708333333333,0.0593372236768644,0.0248048449613512,0.0126987582221293,13.712765957446807,13.675,13.2625,0.0004,718.9041666666667,63.16041666666666,11.585416666666667,2023-09-04,0.1606178283691406,1162.0610329680194,3076.812267740048,2970.7638160496517,4252.365243936594,0.0515225325775017,0.1070225325775018,F2,6125.350511186566,247.0,247.0,4.2,12.375,760.15,68.56666666666666,57.12991328652009,0.8857142857142858,451.8932861773976,2023.0,4.2,21.8,8.4,760.6000000000001,0.9901293759253892,1.008810481612771,0.4518932861773976,4315.394677183617,6207.878262481878,0.5335062439021574
70,2023-09-05,63.0,2023-09-05,9887.1875,0.0071116922286823,140.61876074472858,2428.3516473732047,0.1580484845116786,2363.8945087104344,0.150122324625651,5.055150019313486e-06,721.1958333333333,0.0348125,0.054,0.0896041666666666,0.0537814947177103,0.0312723857893343,0.0160097943279496,13.180434782608694,13.5,13.28125,0.0,721.1958333333333,60.52916666666667,10.047916666666667,2023-09-05,0.150122324625651,1162.592026893886,3105.259559934597,3013.518305051049,4240.642622266675,0.0466984911318048,0.1021984911318047,F2,6125.581463018556,248.0,248.0,0.6,11.28936170212766,762.9510638297871,62.65531914893617,57.50134185794867,0.3714285714285714,499.7382219173535,2023.0,0.6,23.0,9.0,769.6000000000001,0.9952542074892222,1.0055792624977191,0.4997382219173535,4310.651331022384,6212.379835006425,0.5038294983848707
71,2023-09-06,64.0,2023-09-06,9946.958333333334,0.0070904589276976,141.0420617282277,2470.2168782815334,0.1439036481315009,2420.0721260506143,0.1339009602864583,3.8420290746041226e-06,724.3375,0.0276875,0.0494583333333333,0.0837708333333333,0.0478409502378477,0.0381878984513867,0.0195501681304993,13.315217391304348,13.527083333333332,13.147916666666667,0.0,724.3375,42.27708333333333,11.65,2023-09-06,0.1339009602864583,1169.6071228010849,3158.794808277885,3085.1341396684493,4256.771994391853,0.0415403142316078,0.0970403142316078,F2,6170.007327420311,249.0,249.0,0.6,11.991666666666667,765.9833333333332,50.64166666666667,57.87277042937724,0.3714285714285714,691.9018374156121,2023.0,0.6,25.8,10.4,780.0000000000001,0.9983117572209266,1.0018900947453824,0.6919018374156122,4306.15588828782,6217.113916695227,0.5168500368409432
72,2023-09-07,65.0,2023-09-07,10050.6875,0.0070536454215714,141.77643376611624,2488.4804093178805,0.1380488541401222,2440.9803662974723,0.1282437642415364,3.605100112868037e-06,724.8291666666668,0.0210833333333333,0.0450208333333333,0.0788333333333333,0.0423614738922903,0.0445666720095295,0.0228157601265299,13.593478260869563,13.729166666666666,13.272916666666667,0.0,724.8291666666668,36.75416666666667,12.2375,2023-09-07,0.1282437642415364,1170.1615720351815,3182.1493353745377,3111.7881906331363,4233.892232926781,0.036782482957616,0.0922824829576161,F2,6126.885870210063,250.0,250.0,-0.2,12.15,766.4291666666667,46.13333333333333,58.1299132865201,0.2571428571428572,763.0196804395435,2023.0,-0.2,25.8,10.4,790.4000000000001,1.000626084995,0.9977426197513442,0.7630196804395436,4297.497669630585,6214.472948383717,0.5433042480801223
73,2023-09-08,66.0,2023-09-08,10096.416666666666,0.0070375193518964,142.09949952200935,2530.786498173811,0.1250426030202588,2487.52055043108,0.1163736979166666,3.221849748621473e-06,726.7145833333334,0.0157083333333333,0.0409166666666666,0.074375,0.0308939015366255,0.0579163139653181,0.0296500651106042,13.42608695652174,13.616666666666667,13.21875,0.0,726.7145833333334,33.833333333333336,12.029166666666669,2023-09-08,0.1163736979166666,1171.0041783649003,3236.248331706238,3171.118121089121,4185.504911475678,0.0268251857726794,0.0823251857726794,F2,6025.343925673114,251.0,251.0,-0.2,11.908333333333331,768.4187499999999,42.85833333333333,58.38705614366296,0.2571428571428572,796.6168966400159,2023.0,-0.2,26.2,10.6,801.0000000000001,1.003029440577593,0.9953234483497472,0.7966168966400159,4285.82734958635,6205.6094938427905,0.586189415722134
74,2023-09-09,67.0,2023-09-09,10100.083333333334,0.007036185459131,142.1256798949395,2543.79639600582,0.1212823634560967,2501.7649444196936,0.1129900614420573,3.112764250860618e-06,727.6916666666666,0.0114791666666666,0.0373333333333333,0.0706875,0.0288243000603013,0.0603255805339699,0.0308834811507221,13.157446808510638,13.329166666666666,13.085416666666667,0.0,727.6916666666666,31.6875,11.945833333333333,2023-09-09,0.1129900614420573,1169.0380879556476,3252.8847647616885,3189.2770287184053,4184.47674334454,0.0250281500693063,0.0805281500693063,F2,6017.529575390893,252.0,252.0,-0.2,12.058333333333332,769.43125,39.73333333333333,58.64419900080582,0.2571428571428572,848.5353298332072,2023.0,-0.2,26.2,10.6,811.6000000000001,1.002866867057943,0.9953659733636393,0.8485353298332072,4277.354976639311,6192.835293768273,0.6110616849930999
75,2023-09-10,68.0,2023-09-10,10149.270833333334,0.0070192851530305,142.4701810249092,2566.1424988102417,0.1151911885499726,2503.473051924417,0.1127878824869791,4.645981541604312e-06,726.1125000000001,0.0091666666666666,0.0351458333333333,0.0675208333333333,0.0273548350002013,0.0620362156893859,0.0317592351527628,13.683333333333332,13.6625,13.260416666666666,0.0,726.1125000000001,43.54583333333333,12.135416666666666,2023-09-10,0.1127878824869791,1180.492941880301,3281.4598887293287,3191.454542652937,4204.950134368962,0.0237522130311529,0.0792522130311529,F2,5991.636956960247,253.0,253.0,5.4,13.641666666666666,767.4812499999999,43.39166666666667,59.64419900080582,1.0,884.1136937047194,2023.0,5.4,21.0,8.2,819.8000000000002,1.0058185442214682,0.996592074128718,0.8841136937047194,4265.9614177918165,6170.679424100328,0.6408524300762248
76,2023-09-11,69.0,2023-09-11,9788.9375,0.0071482018706589,139.91237403380333,2463.115523416113,0.1467573996365663,2381.4778064305856,0.1452878316243489,6.352092800253064e-06,724.3416666666667,0.0356875,0.0344375,0.065375,0.0419360406548081,0.045061927781225,0.0230693046785186,12.2875,12.458333333333334,12.44375,4.8199,724.3416666666667,75.63958333333333,9.379166666666666,2023-09-11,0.1452878316243489,1198.8005118120843,3149.713936441144,3035.9336832955487,4186.50213813447,0.0364130791250893,0.0919130791250893,F2,5970.413316292259,254.0,254.0,5.8,13.107317073170732,766.1146341463415,68.30243902439025,60.64419900080582,1.0,478.0999260099528,2023.0,3.8,19.8,7.4,827.2000000000002,1.0137599695983297,0.9987277916265853,0.4780999260099528,4252.233976105254,6142.9860268412085,0.6423575327890899
77,2023-09-12,70.0,2023-09-12,9960.375,0.0070857446570191,141.13672842715488,2476.689757276637,0.1417273046661339,2415.5400951344373,0.1350529988606771,4.692349713397868e-06,723.0354166666666,0.0388333333333333,0.0348958333333333,0.0638958333333333,0.0431112305866011,0.0436938644864916,0.0223689292059262,10.404347826086957,11.047916666666666,11.475,0.024799999,723.0354166666666,62.44166666666666,8.69375,2023-09-12,0.1350529988606771,1178.2020282499104,3167.0720153296675,3079.3566576045787,4221.314687920648,0.0374334969639031,0.0929334969639031,F2,6078.208476838225,255.0,255.0,0.6,9.825,764.9833333333332,64.44166666666666,61.01562757223439,0.3714285714285714,431.5489338008606,2023.0,0.6,22.6,8.8,836.0000000000001,1.0163781115969204,0.9997466881737912,0.43154893380086057,4243.295840180436,6122.8367865281425,0.6350935703867723
78,2023-09-13,71.0,2023-09-13,10057.229166666666,0.0070513736559225,141.8224055675885,2502.842690680989,0.1334946069320227,2438.554699155699,0.1287651062011718,4.882000434223165e-06,721.2979166666668,0.0326458333333333,0.035375,0.062625,0.0403367106025569,0.0469237415029531,0.024022454046866,10.733333333333334,11.189583333333331,11.420833333333334,0.0,721.2979166666668,58.19791666666666,8.989583333333334,2023-09-13,0.1287651062011718,1180.0953429269898,3200.5151315941694,3108.6959239068674,4237.774027987252,0.035024380267724,0.090524380267724,F2,6083.221225914548,256.0,256.0,2.2,10.05,762.94375,61.01666666666667,61.6156275722344,0.6,480.3070208622341,2023.0,2.2,19.0,7.0,843.0000000000001,1.0162645173912803,1.0015412612609027,0.4803070208622341,4237.095091986222,6106.432670544053,0.618495985059325
79,2023-09-14,72.0,2023-09-14,9991.145833333334,0.0070752583437051,141.35173833669228,2496.967497162237,0.1355373925582599,2418.067185048716,0.1345952351888021,6.049647096361632e-06,721.6374999999999,0.0329166666666666,0.0347916666666666,0.0618333333333333,0.0400729123628267,0.0472308345772101,0.0241796693291126,10.047916666666667,10.770833333333334,11.152083333333332,0.0857,721.6374999999999,80.83125,6.685416666666666,2023-09-14,0.1345952351888021,1209.4206411969308,3193.0022160490485,3082.578219178976,4225.1403193331225,0.0347953241616547,0.0902953241616547,F2,6028.298443059683,257.0,257.0,2.2,8.875,763.4229166666668,78.78333333333333,62.2156275722344,0.6,241.53088936543045,2023.0,2.2,17.4,6.199999999999999,849.2000000000002,1.0192986932894297,1.0046203454946576,0.24153088936543046,4230.35890711708,6086.775586213311,0.5743470614805318
80,2023-09-15,73.0,2023-09-15,9137.729166666666,0.0073977465641679,135.18325473062313,2287.923349284804,0.2157658438486469,2206.83922199558,0.2074330647786458,6.805172030051384e-06,723.1979166666666,0.1158125,0.0675208333333333,0.06175,0.0869382392806493,0.0073260773035208,0.0037505610109232,8.672916666666667,9.335416666666667,10.033333333333331,10.457399,723.1979166666666,97.09791666666666,5.472916666666666,2023-09-15,0.2074330647786458,1204.4769775513948,2925.6865909224466,2813.302525676679,4265.709322571293,0.0754885043149461,0.1309885043149461,F2,6173.800317717939,258.0,258.0,5.8,8.835294117647058,765.4058823529411,90.2235294117647,63.2156275722344,1.0,110.997020796197,2023.0,2.2,14.6,4.800000000000001,854.0000000000001,1.0268054585092037,1.0076764700208456,0.11099702079619701,4228.4361931902395,6080.916911654676,0.5202700901401848
81,2023-09-16,74.0,2023-09-16,8993.791666666666,0.0074570296024463,134.11239415118078,2271.8922739001555,0.2234212691302477,2212.968724822572,0.2047665913899739,4.938840362620488e-06,725.4333333333334,0.1411458333333333,0.1237083333333333,0.0625208333333333,0.1174187348355516,0.0428090626881254,0.0219159578557942,7.273913043478261,8.05625,8.960416666666667,5.9474998,725.4333333333334,78.85833333333333,5.677083333333333,2023-09-16,0.2047665913899739,1199.7734829828337,2905.1868209867125,2821.1164822225146,4451.4743576718565,0.1019547295255833,0.1574547295255833,F2,6548.206295184271,259.0,259.0,-0.6,10.122222222222222,767.6083333333333,70.64444444444445,63.4156275722344,0.1999999999999999,363.4382491543039,2023.0,-1.0,20.6,7.800000000000001,861.8000000000001,1.0324275122633744,1.011050953771996,0.3634382491543039,4241.736236392988,6109.392600448278,0.5221533257518856
82,2023-09-17,75.0,2023-09-17,9138.104166666666,0.0073974624923827,135.1868469584361,2317.40917579118,0.2018616343980164,2262.658708816314,0.1844355265299479,4.481962781630516e-06,725.75625,0.114875,0.114375,0.0670833333333333,0.1039467554118713,0.0271260483443754,0.0138870906060382,8.460869565217392,9.035416666666666,9.3875,0.0,725.75625,59.19583333333333,7.956250000000001,2023-09-17,0.1844355265299479,1186.0368258655335,2963.391650953823,2884.461811631704,4446.7963155076,0.0902570049653654,0.1457570049653654,F2,6540.375094504998,260.0,260.0,-1.4,8.6,767.8604166666668,62.69166666666666,63.50134185794869,0.0857142857142857,416.8846630391124,2023.0,-1.4,21.8,8.4,870.2,1.0257467453617448,1.0127119945281204,0.4168846630391124,4256.6653608455235,6143.204199955119,0.53275897493971
83,2023-09-18,76.0,2023-09-18,9224.520833333334,0.0073628280233609,135.82396467626475,2358.73092727624,0.1846548792868375,2300.9955005764537,0.1707191467285156,4.644980611180267e-06,723.7333333333332,0.0958958333333333,0.10175,0.0731458333333333,0.0928014735489264,0.01415159152369,0.0072448604092337,8.35,8.84375,9.35625,0.0,723.7333333333332,61.61875,7.758333333333334,2023-09-18,0.1707191467285156,1192.3680991826418,3016.231923890004,2933.3339687014936,4443.001610365102,0.0805795527307252,0.1360795527307252,F2,6512.842242533183,261.0,261.0,-0.6,8.191666666666666,765.6770833333334,67.55,63.70134185794869,0.1999999999999999,352.6839312537002,2023.0,-0.6,21.0,8.0,878.2,1.0222872331873905,1.0145674394341317,0.35268393125370023,4270.2822441618455,6170.882180765592,0.5256725924451603
84,2023-09-19,77.0,2023-09-19,9175.354166666666,0.0073826475470541,135.46078841352173,2357.4519791651987,0.1850042849140874,2289.4968324727865,0.1747385660807291,5.498596664929427e-06,721.4895833333334,0.0858541666666666,0.0941666666666666,0.0773333333333333,0.0868125297767991,0.0071797362284622,0.0036756421822415,8.674999999999999,8.918750000000001,9.208333333333334,2.9166,721.4895833333334,75.0125,6.860416666666667,2023-09-19,0.1747385660807291,1186.0328723970756,3014.596466417126,2918.675342148395,4394.359255404452,0.0753793507077147,0.1308793507077147,F2,6403.493371060441,262.0,262.0,1.4,8.259574468085106,763.4872340425533,76.55319148936171,64.18705614366297,0.4857142857142857,256.01160018350976,2023.0,1.4,19.0,7.0,885.2,1.0183615343607215,1.0160025238158887,0.25601160018350977,4281.262003671686,6190.733031340013,0.5082635480356
85,2023-09-20,78.0,2023-09-20,9276.9375,0.0073430060536821,136.20307142122186,2371.620058681493,0.17960388612772,2311.9814290455884,0.167205810546875,4.78411981863903e-06,720.4833333333332,0.0803333333333333,0.0884375,0.0799791666666666,0.083057482176902,0.0028084064098362,0.0014377543598259,7.512765957446809,8.164583333333333,8.831249999999999,0.0035,720.4833333333332,75.21875,6.03125,2023-09-20,0.167205810546875,1194.5371691136825,3032.7139266340087,2947.338949218911,4391.003032281069,0.0721188415313947,0.1276188415313947,F2,6415.260741667239,263.0,263.0,-1.0,7.939130434782609,762.508695652174,72.52173913043478,64.32991328652011,0.1428571428571428,293.55838958538294,2023.0,-1.0,21.4,8.2,893.4000000000001,1.020790086375006,1.017528779346852,0.29355838958538294,4290.849934949488,6208.25113235765,0.479810444619155
86,2023-09-21,79.0,2023-09-21,9560.958333333334,0.0072322201526543,138.27804531306435,2403.0818085557617,0.1672042271571908,2349.2375008417416,0.154577891031901,4.245826733457507e-06,719.0625,0.0693125,0.081375,0.0802916666666666,0.0759566450177822,0.0054578273422256,0.0027941166310468,9.304166666666667,9.404166666666669,9.404166666666669,0.0034,719.0625,53.69583333333333,8.625,2023-09-21,0.154577891031901,1200.1838137606455,3072.945702651714,2994.83339278156,4390.883978994385,0.0659531820820981,0.1214531820820981,F2,6421.547679205212,264.0,264.0,2.6,10.722448979591835,760.5795918367347,55.46122448979592,64.98705614366297,0.6571428571428571,573.9671649184307,2023.0,1.8,21.4,8.2,901.6,1.0230230396602298,1.019366786862395,0.5739671649184307,4302.063631097173,6229.298404428732,0.4663066935105041
87,2023-09-22,80.0,2023-09-22,9816.25,0.0071374116519264,140.1129483306443,2435.744968073673,0.1552595849514225,2396.8173246502847,0.1402002970377604,3.012258041692706e-06,719.1625,0.0498958333333333,0.073,0.079375,0.0645234618028503,0.0187674361766426,0.0096079267912281,8.669565217391305,9.041666666666666,9.308333333333334,0.0034,719.1625,42.22708333333333,7.766666666666667,2023-09-22,0.1402002970377604,1202.1513487279087,3114.7137836709435,3055.488667147576,4351.401960753817,0.0560257450003805,0.1115257450003805,F2,6381.389520689747,265.0,265.0,-2.6,7.908333333333334,761.0,52.175,64.98705614366297,0.0,509.8574007521024,2023.0,-2.6,20.2,7.6,909.2000000000002,1.0276280958347517,1.0212736642281373,0.5098574007521024,4313.913420331327,6254.730232644206,0.4458238723756532
88,2023-09-23,81.0,2023-09-23,9862.854166666666,0.007120868706185,140.44293293144247,2449.6140950888075,0.1509951834652171,2411.888161276803,0.1363538106282552,2.900661588073106e-06,720.7291666666666,0.0426874999999999,0.0662916666666666,0.0774791666666666,0.0586836661884921,0.0255656649672511,0.0130882575042468,8.5,8.875,9.102083333333333,0.0,720.7291666666666,42.42916666666667,6.910416666666666,2023-09-23,0.1363538106282552,1198.51018628479,3132.4489577748586,3074.7011327965706,4323.268875084759,0.0509550483761966,0.1064550483761966,F2,6329.263189839847,266.0,266.0,-2.6,7.733333333333333,762.9041666666667,47.0,64.98705614366297,0.0,558.3233268097479,2023.0,-2.6,18.2,6.6,915.8000000000002,1.0287631886859467,1.0230779911242813,0.5583233268097478,4323.827144027056,6276.996919390561,0.4250944435882632
89,2023-09-24,82.0,2023-09-24,10004.916666666666,0.0070696125904127,141.45423000524917,2474.890139664038,0.1421665253525018,2441.8606350410714,0.127838134765625,2.5055517599169125e-06,722.50625,0.0366875,0.06025,0.0751875,0.0535037908703278,0.0315956666736682,0.0161752969059495,7.888888888888889,8.527083333333334,8.829166666666667,0.0,722.50625,41.24583333333333,5.535416666666666,2023-09-24,0.127838134765625,1179.1597587516185,3164.770750683011,3112.9103667549666,4319.278577242329,0.0464573607816289,0.1019573607816289,F2,6322.4236122002285,267.0,267.0,-5.0,6.266666666666667,764.9916666666667,46.29166666666666,64.98705614366297,0.0,511.57956652890834,2023.0,-5.0,20.6,7.800000000000001,923.6,1.0227566064044937,1.022996371615901,0.5115795665289083,4331.993461375155,6300.624537621987,0.39848486307570524
90,2023-09-25,83.0,2023-09-25,9561.395833333334,0.0072330697913618,138.27468580225832,2524.496907391184,0.1272032907777363,2491.187154362861,0.115753173828125,2.476249537117054e-06,725.8916666666668,0.0300833333333333,0.0547916666666666,0.0728333333333333,0.0482524952696648,0.037708810231749,0.0193049005032383,8.371739130434783,8.641666666666667,8.829166666666667,0.0,725.8916666666668,36.90833333333333,7.158333333333334,2023-09-25,0.115753173828125,1194.2580421003977,3228.2055048253137,3175.7923474664312,4354.394743326998,0.0418976589301798,0.0973976589301798,F2,6358.585249350227,268.0,268.0,-4.6,7.033333333333334,768.36875,44.54166666666666,64.98705614366297,0.0,556.8869984469553,2023.0,-4.6,23.0,9.0,932.6,1.0205014850346852,1.0227182746787846,0.5568869984469553,4343.985790317477,6328.351104268985,0.40411251110691976
91,2023-09-26,84.0,2023-09-26,9572.25,0.007227874947695,138.36018041759152,2500.6233809122045,0.1341756460072032,2461.5297469245747,0.122839609781901,2.939965010661916e-06,725.81875,0.0238333333333333,0.0499999999999999,0.0707708333333333,0.0434494187401511,0.0433001725503469,0.0221673799231593,9.730434782608697,9.764583333333333,9.485416666666667,0.0,725.81875,36.958333333333336,9.014583333333333,2023-09-26,0.122839609781901,1186.1867402909877,3197.677184757504,3137.984763470482,4265.506930772075,0.037727145858794,0.093227145858794,F2,6197.526752771195,269.0,269.0,-2.2,8.816666666666666,767.9729166666666,44.85833333333333,64.98705614366297,0.0,625.261702275002,2023.0,-2.2,23.8,9.4,942.0,1.0169806707901907,1.0232071109514107,0.625261702275002,4347.142379092579,6336.873838264197,0.41794913742650125
92,2023-09-27,85.0,2023-09-27,9859.520833333334,0.0071219141456826,140.4202330839718,2536.16083004562,0.1236405991631353,2491.949405788432,0.1154123942057291,3.2845485802973747e-06,723.8312500000001,0.0181666666666666,0.0458125,0.0687708333333333,0.0313265579538114,0.0574126495383434,0.0293922157753955,10.465217391304348,10.43125,10.047916666666667,0.0,723.8312500000001,39.90416666666667,9.91875,2023-09-27,0.1154123942057291,1186.314248277405,3243.120769411563,3176.7640738338923,4199.063942036529,0.0272008614947307,0.0827008614947307,F2,6044.009855715485,270.0,270.0,-1.8,9.916666666666666,765.775,46.725,65.0156275722344,0.0285714285714285,650.5528776366967,2023.0,-1.8,25.0,10.0,952.0,1.0190247117708664,1.0235878418400977,0.6505528776366968,4344.377372953242,6334.073026107121,0.43010955576753424
93,2023-09-28,86.0,2023-09-28,10205.1875,0.0070002545502229,142.86055815768978,2542.647165958421,0.1216363025243526,2502.359479022359,0.112866719563802,2.982178303081622e-06,720.9499999999999,0.0134791666666666,0.0421874999999999,0.0669375,0.0296598109722927,0.0593529447241135,0.0303855434693217,10.71063829787234,10.689583333333331,10.35625,0.0,720.9499999999999,35.768750000000004,10.185416666666669,2023-09-28,0.112866719563802,1195.3943577824484,3251.415184523954,3190.034947864762,4191.710392256368,0.0257536244935288,0.0812536244935288,F2,6035.646152640278,271.0,271.0,-1.8,10.033333333333331,762.6895833333333,43.4,65.04419900080582,0.0285714285714285,696.5808342423484,2023.0,-1.8,24.6,9.8,961.8,1.019349357689031,1.022729131335842,0.6965808342423484,4341.989521019188,6334.597862505734,0.46261312325874265
94,2023-09-29,87.0,2023-09-29,10509.666666666666,0.0068980487159481,144.97647359120248,2567.7738193424,0.1147659058098187,2528.4158301383304,0.1070111592610677,2.882454565907627e-06,719.7541666666666,0.0094166666666666,0.0391041666666666,0.0649791666666666,0.0281523374152896,0.0611078263694749,0.0312839493153417,10.764583333333334,10.747916666666669,10.460416666666667,0.0,719.7541666666666,34.6375,9.964583333333334,2023-09-29,0.1070111592610677,1193.2014874362917,3283.5459431454105,3223.251866285395,4216.481490413686,0.0244446846638971,0.0799446846638971,F2,6067.740422092081,272.0,272.0,-2.6,10.041666666666666,761.4833333333332,40.45,65.04419900080582,0.0,733.2959741702776,2023.0,-2.6,24.2,9.6,971.4,1.0213534742066943,1.022038828600873,0.7332959741702777,4338.473247293645,6327.022155675317,0.5070630484997485
95,2023-09-30,88.0,2023-09-30,10693.791666666666,0.0068383824728508,146.24108924913926,2574.3615859064507,0.1129514752915808,2534.5481568207047,0.1056378682454427,2.909232588388044e-06,719.4729166666666,0.0063958333333333,0.0365208333333333,0.0631875,0.026855359597526,0.0626176655014853,0.032056906458254,10.541666666666666,10.60625,10.439583333333331,0.0,719.4729166666666,34.143750000000004,10.089583333333334,2023-09-30,0.1056378682454427,1182.2172845783614,3291.970062907375,3231.0694227126355,4212.838610951259,0.0233185183600618,0.0788185183600618,F2,6054.325123587174,273.0,273.0,-1.8,9.883333333333333,760.9979166666667,42.54166666666666,65.07277042937724,0.0285714285714285,700.0697452288479,2023.0,-1.8,25.4,10.2,981.6,1.020182969774896,1.0209640113068525,0.7000697452288479,4321.427836813602,6291.7449291326675,0.5311081553622159
96,2023-10-01,89.0,2023-10-01,10762.0625,0.0068166200366454,146.7074327016136,2574.804391267818,0.1128647539853907,2511.22392454322,0.1110280354817708,4.699698189883806e-06,718.2229166666666,0.0048333333333333,0.0345,0.0615,0.0257764357701358,0.0638736634011728,0.0326999104230232,10.533333333333331,10.627083333333331,10.50625,0.5703,718.2229166666666,54.82916666666667,10.104166666666666,2023-10-01,0.1110280354817708,1191.0950136157005,3292.5363011550617,3201.3354389580877,4201.46271059322,0.0223816884141904,0.0778816884141904,F2,5977.503999271151,274.0,274.0,3.4,13.441666666666668,759.4854166666668,45.125,65.84419900080582,0.7714285714285715,845.9506637833713,2023.0,3.4,22.6,8.8,990.4,1.0189546451494722,1.0212736812903551,0.8459506637833712,4303.904007891147,6251.539850901679,0.5617557268439487
97,2023-10-02,90.0,2023-10-02,10810.229166666666,0.0068015643298023,147.03430596264394,2571.5850822888974,0.1137564003598507,2509.223399552238,0.1114082336425781,4.605818650476918e-06,718.475,0.0059583333333333,0.0328333333333333,0.0599166666666666,0.024843487471995,0.0649597281197694,0.0332559176585666,9.31875,9.714583333333334,9.914583333333333,0.018,718.475,56.45625,8.383333333333333,2023-10-02,0.1114082336425781,1221.6142909896423,3288.419603314372,3198.785148047125,4185.708327301255,0.0215716090726653,0.0770716090726653,F2,5953.224769017124,275.0,275.0,3.4,9.383333333333333,760.1791666666667,59.65,66.61562757223439,0.7714285714285715,475.3762192242548,2023.0,-0.6,19.4,7.199999999999999,997.6,1.027072196322007,1.0230641778440053,0.47537621922425477,4285.525916243729,6211.567174221958,0.5705194616989883
98,2023-10-03,91.0,2023-10-03,10102.916666666666,0.0070359343888637,142.14065323699046,2380.8890345459085,0.1760254198296189,2320.767839650044,0.1641807556152343,4.798219211028135e-06,717.2895833333333,0.030125,0.0316666666666666,0.0578124999999999,0.0368893028433641,0.0509369413183523,0.0260769984002879,4.539583333333334,6.275,7.96875,6.0365996,717.2895833333333,96.00833333333333,0.4541666666666666,2023-10-03,0.1641807556152343,1246.889246123784,3044.5666481889425,2958.5399605562006,3997.564223643702,0.0320309948753064,0.0875309948753064,F2,5729.600127783555,276.0,276.0,-1.0,3.5729729729729724,760.3459459459459,87.02702702702703,66.75848471509153,0.1428571428571428,102.37483771585154,2023.0,-1.0,10.6,2.8,1000.4,1.0455490057747399,1.0267898980384278,0.10237483771585154,4257.183413975104,6163.431942559325,0.5595454072370127
99,2023-10-04,92.0,2023-10-04,9870.9375,0.0071174980888159,140.5034578771962,2371.410636065209,0.1791777433481884,2317.8586256974486,0.1646982828776041,4.280825511318094e-06,720.1166666666667,0.0757291666666666,0.0491875,0.0571041666666666,0.0623549151329056,0.0212918869243965,0.0109003109903372,4.666666666666667,5.285416666666666,6.233333333333333,3.4542,720.1166666666667,81.99374999999999,2.035416666666667,2023-10-04,0.1646982828776041,1204.970873682102,3032.446127041645,2954.831263121881,4217.60500802307,0.0541427951499374,0.1096427951499374,F2,6035.6461472087685,277.0,277.0,-1.8,4.166666666666667,763.0395833333333,75.875,66.78705614366295,0.0285714285714285,198.51274017352404,2023.0,-1.8,14.2,4.6,1005.0,1.0495133454408503,1.027428665375893,0.19851274017352405,4244.797840813818,6136.31661438372,0.5527564322790227
100,2023-10-05,93.0,2023-10-05,9643.458333333334,0.0072012598570774,138.87309599055746,2414.529478602311,0.1628966414010081,2364.198393028196,0.1498807271321614,3.943517532706562e-06,724.7624999999999,0.0683958333333333,0.0661458333333333,0.0577916666666666,0.0652309755577074,0.0179438045471049,0.0091862713064269,6.425,6.708333333333333,7.008333333333333,0.0,724.7624999999999,66.15625,4.145833333333333,2023-10-05,0.1498807271321614,1203.2899480511417,3087.5844337800813,3013.9057000683897,4319.728080327547,0.0566400794472055,0.1121400794472055,F2,6304.669794053123,278.0,278.0,-2.6,5.291666666666667,767.6875,65.575,66.78705614366295,0.0,306.4620665143233,2023.0,-2.6,16.6,5.800000000000001,1010.8,1.0442780721519243,1.027618827663654,0.3064620665143233,4239.715276623329,6127.9681940157125,0.533648925250158
101,2023-10-06,94.0,2023-10-06,9558.4375,0.0072331627076002,138.2598886009539,2430.0605181290607,0.1573945534667209,2380.730387848449,0.1449851989746093,3.84065470539328e-06,725.8541666666666,0.0561875,0.065625,0.0579999999999999,0.0598605476178083,0.0241956325647062,0.0123868739534321,6.358695652173913,6.960416666666667,7.40625,0.0323,725.8541666666666,63.66666666666666,5.15,2023-10-06,0.1449851989746093,1199.4720549351275,3107.444781855423,3034.98086599744,4299.447125657791,0.0519769349429158,0.1074769349429158,F2,6265.573263986556,279.0,279.0,-3.8,5.558333333333334,768.5833333333334,65.89999999999999,66.78705614366295,0.0,309.2523858656625,2023.0,-3.8,19.0,7.0,1017.8,1.0307309586047149,1.02745479720342,0.3092523858656625,4236.004216973613,6119.6956042512,0.5193199956154123
102,2023-10-07,95.0,2023-10-07,9668.020833333334,0.0071919301470931,139.05097558498414,2458.1800623231634,0.1475905777551478,2413.446997129221,0.135443369547526,3.433366715243627e-06,725.6291666666666,0.0469999999999999,0.0615,0.0580208333333333,0.0544968398710676,0.0304396374642356,0.0155834715810512,6.534782608695653,6.995833333333334,7.33125,0.0,725.6291666666666,53.78333333333333,6.066666666666666,2023-10-07,0.135443369547526,1201.7767233945883,3143.402705628199,3076.6883536131177,4299.457322266227,0.0473196255847532,0.1028196255847532,F2,6265.636758974975,280.0,280.0,-3.4,6.075,768.18125,59.55833333333334,66.78705614366295,0.0,380.14195157518327,2023.0,-3.4,20.2,7.6,1025.4,1.0298183883839347,1.0276547795968907,0.38014195157518327,4234.30339177229,6115.150859189423,0.5065927545272291
103,2023-10-08,96.0,2023-10-08,9876.833333333334,0.0071154055713052,140.54519106277675,2462.185811713976,0.1462852465619298,2420.672999959044,0.1334749857584635,3.177132167416007e-06,724.1750000000001,0.0400833333333333,0.0572291666666666,0.0582083333333333,0.0500943239727794,0.0355646987347478,0.0182072297238349,7.123913043478261,7.464583333333334,7.583333333333333,0.0,724.1750000000001,48.41458333333333,6.54375,2023-10-08,0.1334749857584635,1192.9363326820337,3148.525065729537,3085.9001402304066,4264.657474088612,0.0434969194529703,0.0989969194529703,F2,6210.215357539659,281.0,281.0,-3.4,6.508333333333333,766.5604166666667,54.525,66.78705614366295,0.0,440.4405801470508,2023.0,-3.4,20.6,7.800000000000001,1033.2,1.0268603556638738,1.0284982025049494,0.4404405801470508,4230.401884404167,6107.135983856525,0.5015113983570965
104,2023-10-09,97.0,2023-10-09,10263.229166666666,0.0069803334595395,143.26692653841846,2499.103036551712,0.1345473151074941,2459.100883290937,0.123382568359375,3.012152490560134e-06,720.6895833333333,0.0340625,0.0528333333333333,0.0583958333333333,0.0460328544984038,0.0402927406965232,0.0206277351464738,7.502127659574469,7.797916666666667,7.858333333333333,0.0,720.6895833333333,45.98541666666667,6.402083333333334,2023-10-09,0.123382568359375,1194.8667904893832,3195.7330413444533,3134.888421821788,4288.690710323916,0.0399703440532582,0.0954703440532582,F2,6230.543118180758,282.0,282.0,-3.4,6.533333333333332,762.8770833333333,53.01666666666667,66.78705614366295,0.0,455.8342052182689,2023.0,-3.4,19.4,7.199999999999999,1040.4,1.0255446294726447,1.0285354710115542,0.4558342052182689,4225.708739189661,6097.9901173444205,0.4942933416979045
105,2023-10-10,98.0,2023-10-10,10652.645833333334,0.0068513642704277,145.96099596920416,2497.7627055693715,0.1349338792178482,2458.9818382051785,0.1234245300292968,2.922623153826492e-06,716.2937499999999,0.0287291666666666,0.048375,0.0577291666666666,0.0420524588129682,0.0449264029569303,0.0229999231935911,5.333333333333333,6.30625,7.222916666666666,0.0,716.2937499999999,46.04375,4.589583333333334,2023-10-10,0.1234245300292968,1184.373354429261,3194.0190904012725,3134.736661857992,4246.567036410563,0.0365141650535291,0.0920141650535291,F2,6165.983829560619,283.0,283.0,-4.2,5.025,758.3562499999999,50.73333333333333,66.78705614366295,0.0,430.5090870907133,2023.0,-4.2,17.8,6.4,1046.8000000000002,1.0205724788756336,1.028424452758057,0.4305090870907133,4224.35588959241,6095.737051400807,0.4803824406133125
106,2023-10-11,99.0,2023-10-11,11093.583333333334,0.006714168985665,148.94863601658125,2491.2851576821345,0.1371719929972767,2434.7270217038345,0.1299769083658854,4.30883954653312e-06,709.65,0.0267083333333333,0.0455,0.0566458333333333,0.0399470830970758,0.047377315069614,0.0242546595320424,4.722916666666666,5.364583333333333,6.147916666666667,0.0,709.65,72.65416666666667,3.13125,2023-10-11,0.1299769083658854,1220.6168318457082,3185.7359129942706,3103.8163592627934,4214.245774550908,0.0346860665651221,0.0901860665651221,F2,6067.495313827673,284.0,284.0,-1.0,4.2250000000000005,751.4812499999999,71.625,66.92991328652009,0.1428571428571428,234.4429325286349,2023.0,-1.0,14.2,4.6,1051.4,1.0284808103438932,1.0305245093420268,0.2344429325286349,4225.44030620058,6097.414584123107,0.45066030167702237
107,2023-10-12,,,,,,,,,,,,,,,,,,,,,,,,,,,,,,,,,,,,285.0,-0.2,1.2883720930232558,749.7232558139534,97.50697674418603,67.18705614366294,0.2571428571428572,16.715779440132028,2023.0,-0.2,1.8,0.0,1051.4,,,0.016715779440132028,,,0.40209851204829256
108,2023-10-13,,,,,,,,,,,,,,,,,,,,,,,,,,,,,,,,,,,,286.0,-0.6,2.1,760.0854166666667,84.84166666666667,67.38705614366295,0.1999999999999999,107.7313955710959,2023.0,-3.4,7.8,1.4000000000000004,1052.8000000000002,,,0.1077313955710959,,,0.35741532786263674
109,2023-10-14,,,,,,,,,,,,,,,,,,,,,,,,,,,,,,,,,,,,287.0,-5.8,0.5249999999999999,765.8395833333334,81.04166666666667,67.38705614366295,0.0,120.29735021570652,2023.0,-5.8,11.0,3.0,1055.8000000000002,,,0.12029735021570652,,,0.31600301393312663
110,2023-10-15,,,,,,,,,,,,,,,,,,,,,,,,,,,,,,,,,,,,288.0,-5.0,2.441666666666667,770.0020833333333,74.74166666666666,67.38705614366295,0.0,183.9461605280497,2023.0,-5.0,15.4,5.199999999999999,1061.0000000000002,,,0.18394616052804968,,,0.26871697798631794
111,2023-10-16,,,,,,,,,,,,,,,,,,,,,,,,,,,,,,,,,,,,289.0,-3.4,4.725,770.1999999999999,67.125,67.38705614366295,0.0,281.3136472541111,2023.0,-3.4,20.2,7.6,1068.6,,,0.2813136472541111,,,0.25485536570273626
112,2023-10-17,,,,,,,,,,,,,,,,,,,,,,,,,,,,,,,,,,,,290.0,-2.6,6.358333333333333,765.9770833333333,62.225,67.38705614366295,0.0,362.0971134158418,2023.0,-2.6,19.8,7.4,1076.0000000000002,,,0.36209711341584183,,,0.27340695682416416
113,2023-10-18,,,,,,,,,,,,,,,,,,,,,,,,,,,,,,,,,,,,291.0,-3.4,5.866666666666667,765.4083333333333,58.583333333333336,67.38705614366295,0.0,383.7306018068333,2023.0,-3.4,18.6,6.800000000000001,1082.8000000000002,,,0.3837306018068333,,,0.28663680408368625
114,2023-10-19,,,,,,,,,,,,,,,,,,,,,,,,,,,,,,,,,,,,292.0,-3.0,6.033333333333334,768.6291666666666,63.41666666666666,67.38705614366295,0.0,342.88445362225696,2023.0,-3.0,20.2,7.6,1090.4,,,0.34288445362225695,,,0.2892384031628244
115,2023-10-20,,,,,,,,,,,,,,,,,,,,,,,,,,,,,,,,,,,,293.0,-3.8,6.025,767.8395833333334,52.51666666666667,67.38705614366295,0.0,444.7902113407063,2023.0,-3.8,21.4,8.2,1098.6,,,0.44479021134070634,,,0.29891967641104183
116,2023-10-21,,,,,,,,,,,,,,,,,,,,,,,,,,,,,,,,,,,,294.0,-3.8,5.9750000000000005,763.4479166666666,47.48333333333333,67.38705614366295,0.0,490.2389626809271,2023.0,-3.8,21.8,8.4,1107.0000000000002,,,0.4902389626809271,,,0.30678374863288066
117,2023-10-22,,,,,,,,,,,,,,,,,,,,,,,,,,,,,,,,,,,,295.0,-3.4,6.425,760.0958333333333,48.425,67.38705614366295,0.0,496.6584802713825,2023.0,-3.4,18.6,6.800000000000001,1113.8000000000002,,,0.4966584802713825,,,0.31079931292747576
118,2023-10-23,,,,,,,,,,,,,,,,,,,,,,,,,,,,,,,,,,,,296.0,-3.0,5.633333333333333,756.8958333333334,49.425,67.38705614366295,0.0,461.0596406968901,2023.0,-3.0,18.6,6.800000000000001,1120.6,,,0.4610596406968901,,,0.3111725583188058
119,2023-10-24,,,,,,,,,,,,,,,,,,,,,,,,,,,,,,,,,,,,297.0,-3.8,5.133333333333334,757.4708333333333,51.46666666666667,67.38705614366295,0.0,427.3181302346788,2023.0,-3.8,16.2,5.6,1126.2,,,0.4273181302346788,,,0.31094463282908913
120,2023-10-25,,,,,,,,,,,,,,,,,,,,,,,,,,,,,,,,,,,,298.0,-5.4,3.6,759.1583333333333,58.675,67.38705614366295,0.0,326.7349274812312,2023.0,-5.4,15.4,5.199999999999999,1131.4,,,0.3267349274812312,,,0.3175369181828459
121,2023-10-26,,,,,,,,,,,,,,,,,,,,,,,,,,,,,,,,,,,,299.0,-5.8,2.35,757.1083333333332,58.59166666666667,67.38705614366295,0.0,299.59470768241056,2023.0,-5.8,13.0,4.0,1135.4,,,0.29959470768241053,,,0.3377425559144373
122,2023-10-27,,,,,,,,,,,,,,,,,,,,,,,,,,,,,,,,,,,,300.0,-5.8,1.1666666666666667,760.625,86.08333333333333,67.38705614366295,0.0,92.49714172058088,2023.0,-5.8,10.2,2.6,1138.0,,,0.09249714172058089,,,0.3366543949251148
123,2023-10-28,,,,,,,,,,,,,,,,,,,,,,,,,,,,,,,,,,,,301.0,-0.2,0.7743589743589744,757.9410256410257,90.5846153846154,67.49133515999382,0.1042790163308771,60.8320433969588,2023.0,-0.6,2.2,0.0,1138.0,,,0.0608320433969588,,,0.3324068730094899
124,2023-10-29,,,,,,,,,,,,,,,,,,,,,,,,,,,,,,,,,,,,302.0,-3.8,-1.9333333333333336,760.2948717948718,90.74871794871794,67.49133515999382,0.0,49.03348517614609,2023.0,-11.8,1.0,0.0,1138.0,,,0.049033485176146085,,,0.32277025334149684
125,2023-10-30,,,,,,,,,,,,,,,,,,,,,,,,,,,,,,,,,,,,303.0,-17.4,-9.8,767.7708333333334,81.55833333333334,67.49133515999382,0.0,53.53167437401408,2023.0,-17.4,0.2,0.0,1138.0,,,0.05353167437401408,,,0.30650011242148983
126,2023-10-31,,,,,,,,,,,,,,,,,,,,,,,,,,,,,,,,,,,,304.0,-15.0,-8.450000000000001,769.7854166666666,78.325,67.49133515999382,0.0,69.97134224141821,2023.0,-15.0,4.2,0.0,1138.0,,,0.06997134224141821,,,0.28563398590903105
127,2023-11-01,,,,,,,,,,,,,,,,,,,,,,,,,,,,,,,,,,,,305.0,-10.6,-4.108333333333333,768.1,77.14999999999999,67.49133515999382,0.0,102.95483719279667,2023.0,-10.6,7.8,1.4000000000000004,1139.4,,,0.10295483719279667,,,0.2655785741508856
128,2023-11-02,,,,,,,,,,,,,,,,,,,,,,,,,,,,,,,,,,,,306.0,-8.6,-1.025,766.5645833333333,69.74166666666666,67.49133515999382,0.0,171.47730092351725,2023.0,-8.6,9.4,2.2,1141.6,,,0.17147730092351726,,,0.2533352061009756
129,2023-11-03,,,,,,,,,,,,,,,,,,,,,,,,,,,,,,,,,,,,307.0,-5.4,2.1750000000000003,766.6208333333334,65.925,67.49133515999382,0.0,243.4753863739989,2023.0,-5.4,12.2,3.6,1145.2,,,0.2434753863739989,,,0.2389555757462108
130,2023-11-04,,,,,,,,,,,,,,,,,,,,,,,,,,,,,,,,,,,,308.0,-5.8,1.0166666666666666,768.0958333333333,70.10833333333333,67.49133515999382,0.0,196.5375495538319,2023.0,-5.8,12.6,3.8000000000000007,1149.0,,,0.1965375495538319,,,0.2179769033799897
131,2023-11-05,,,,,,,,,,,,,,,,,,,,,,,,,,,,,,,,,,,,309.0,-5.0,2.0166666666666666,765.2270833333333,61.34166666666667,67.49133515999382,0.0,273.11476152399234,2023.0,-5.0,15.0,5.0,1154.0,,,0.27311476152399233,,,0.20200949489803327
132,2023-11-06,,,,,,,,,,,,,,,,,,,,,,,,,,,,,,,,,,,,310.0,-3.8,3.35,761.21875,57.19166666666666,67.49133515999382,0.0,332.533791387582,2023.0,-3.8,14.2,4.6,1158.6,,,0.33253379138758205,,,0.19282907709022554
133,2023-11-07,,,,,,,,,,,,,,,,,,,,,,,,,,,,,,,,,,,,311.0,-5.0,2.8833333333333333,758.3020833333334,56.458333333333336,67.49133515999382,0.0,327.2221218258633,2023.0,-5.0,15.4,5.199999999999999,1163.8,,,0.3272221218258633,,,0.18567936220388162
134,2023-11-08,,,,,,,,,,,,,,,,,,,,,,,,,,,,,,,,,,,,312.0,-1.0,2.9,758.40625,61.65833333333333,67.49271722733549,0.0013820673416653,288.48468709706884,2023.0,-4.2,6.6,0.7999999999999998,1164.6,,,0.28848468709706887,,,0.1829472021764414
135,2023-11-09,,,,,,,,,,,,,,,,,,,,,,,,,,,,,,,,,,,,313.0,-9.4,-3.216666666666667,764.8562499999999,76.40833333333333,67.49271722733549,0.0,113.65601186368608,2023.0,-10.2,3.8,0.0,1164.6,,,0.11365601186368607,,,0.16966586676081824
136,2023-11-10,,,,,,,,,,,,,,,,,,,,,,,,,,,,,,,,,,,,314.0,-12.6,-5.633333333333333,764.6437500000001,66.25,67.49271722733549,0.0,135.45412770576743,2023.0,-12.6,6.6,0.7999999999999998,1165.4,,,0.13545412770576742,,,0.17273422290261728
137,2023-11-11,,,,,,,,,,,,,,,,,,,,,,,,,,,,,,,,,,,,315.0,-11.4,-4.325,765.0833333333334,62.74166666666667,67.49271722733549,0.0,165.15276247000986,2023.0,-11.4,7.0,1.0,1166.4,,,0.16515276247000987,,,0.18018570283640664
138,2023-11-12,,,,,,,,,,,,,,,,,,,,,,,,,,,,,,,,,,,,316.0,-10.6,-3.083333333333333,768.4770833333333,58.25,67.49271722733549,0.0,203.1508500215781,2023.0,-10.6,10.6,2.8,1169.1999999999998,,,0.2031508500215781,,,0.19119408603965177
139,2023-11-13,,,,,,,,,,,,,,,,,,,,,,,,,,,,,,,,,,,,317.0,-8.2,-0.7333333333333334,768.6999999999999,52.54166666666666,67.49271722733549,0.0,274.7650101584766,2023.0,-8.2,13.0,4.0,1173.1999999999998,,,0.27476501015847665,,,0.2069964671671134
140,2023-11-14,,,,,,,,,,,,,,,,,,,,,,,,,,,,,,,,,,,,318.0,-9.8,-1.2,766.6,54.06666666666666,67.49271722733549,0.0,256.9840681453188,2023.0,-9.8,12.2,3.6,1176.7999999999995,,,0.2569840681453188,,,0.22035451901739203
141,2023-11-15,,,,,,,,,,,,,,,,,,,,,,,,,,,,,,,,,,,,319.0,-8.6,-1.275,766.5833333333334,60.73333333333333,67.49271722733549,0.0,218.47756802315084,2023.0,-8.6,11.4,3.1999999999999997,1179.9999999999998,,,0.21847756802315083,,,0.2286061426481316
142,2023-11-16,,,,,,,,,,,,,,,,,,,,,,,,,,,,,,,,,,,,320.0,-4.2,-0.1749999999999999,762.68125,75.27499999999999,67.49271722733549,0.0,149.10770205493827,2023.0,-4.2,5.4,0.2000000000000001,1180.1999999999998,,,0.14910770205493828,,,0.22700831415751882
143,2023-11-17,,,,,,,,,,,,,,,,,,,,,,,,,,,,,,,,,,,,321.0,-3.8,1.3404255319148937,763.836170212766,83.89787234042552,67.49271722733549,0.0,108.37041308108552,2023.0,-5.4,9.8,2.4000000000000004,1182.6,,,0.10837041308108551,,,0.21735795892231072
144,2023-11-18,,,,,,,,,,,,,,,,,,,,,,,,,,,,,,,,,,,,322.0,-9.0,-1.4500000000000002,763.1479166666667,72.28333333333333,67.49271722733549,0.0,152.2399308893676,2023.0,-9.0,9.4,2.2,1184.8,,,0.1522399308893676,,,0.21419384330342042
145,2023-11-19,,,,,,,,,,,,,,,,,,,,,,,,,,,,,,,,,,,,323.0,-1.4,1.2974358974358975,756.4897435897435,85.44615384615385,67.49271722733549,0.0,97.64757503137088,2023.0,-1.4,4.2,0.0,1184.8,,,0.09764757503137088,,,0.20166047283966174
146,2023-11-20,,,,,,,,,,,,,,,,,,,,,,,,,,,,,,,,,,,,324.0,-1.8,-0.1583333333333333,760.0583333333334,91.25,67.49271722733549,0.0,52.83227945096625,2023.0,-5.4,2.6,0.0,1184.8,,,0.052832279450966246,,,0.18168179341561777
147,2023-11-21,,,,,,,,,,,,,,,,,,,,,,,,,,,,,,,,,,,,325.0,-10.2,-3.1750000000000003,771.6979166666666,81.22500000000001,67.49271722733549,0.0,90.73333659913146,2023.0,-10.2,4.6,0.0,1184.8,,,0.09073333659913146,,,0.16478973732799404
148,2023-11-22,,,,,,,,,,,,,,,,,,,,,,,,,,,,,,,,,,,,326.0,-10.2,-4.266666666666667,769.7229166666666,81.875,67.49271722733549,0.0,80.69614127513414,2023.0,-10.2,7.8,1.4000000000000004,1186.2,,,0.08069614127513414,,,0.149947698340713
149,2023-11-23,,,,,,,,,,,,,,,,,,,,,,,,,,,,,,,,,,,,327.0,-8.6,-3.15,759.5812500000001,79.39166666666667,67.49271722733549,0.0,99.77953214243962,2023.0,-8.6,5.8,0.4000000000000003,1186.6,,,0.09977953214243962,,,0.1489565212177668
150,2023-11-24,,,,,,,,,,,,,,,,,,,,,,,,,,,,,,,,,,,,328.0,-5.0,0.5166666666666667,753.9729166666666,53.90833333333333,67.49271722733549,0.0,292.29143006959333,2023.0,-5.0,5.4,0.2000000000000001,1186.8000000000002,,,0.29229143006959335,,,0.16015918567232582
151,2023-11-25,,,,,,,,,,,,,,,,,,,,,,,,,,,,,,,,,,,,329.0,-9.0,-5.025,754.7854166666666,88.75833333333333,67.49271722733549,0.0,47.25743980859992,2023.0,-11.0,-3.0,0.0,1186.8000000000002,,,0.04725743980859992,,,0.1517380911965108
152,2023-11-26,,,,,,,,,,,,,,,,,,,,,,,,,,,,,,,,,,,,330.0,-18.2,-10.866666666666667,763.1208333333334,79.43333333333334,67.49271722733549,0.0,54.84295505493228,2023.0,-18.2,-2.2,0.0,1186.8000000000002,,,0.05484295505493228,,,0.14114467012746468
153,2023-11-27,,,,,,,,,,,,,,,,,,,,,,,,,,,,,,,,,,,,331.0,-18.2,-12.225,765.8625000000001,77.33333333333333,67.49271722733549,0.0,54.18861396127933,2023.0,-18.2,-0.2,0.0,1186.8000000000002,,,0.05418861396127933,,,0.1253892132562363
154,2023-11-28,,,,,,,,,,,,,,,,,,,,,,,,,,,,,,,,,,,,332.0,-16.6,-10.008333333333333,768.7854166666666,74.61666666666666,67.49271722733549,0.0,72.47504643549176,2023.0,-16.6,4.2,0.0,1186.8000000000002,,,0.07247504643549177,,,0.11220999741982007
155,2023-11-29,,,,,,,,,,,,,,,,,,,,,,,,,,,,,,,,,,,,333.0,-10.2,-7.85,766.275,74.75,67.49271722733549,0.0,85.41998099879106,,,,,,,,0.08541998099879106,,,0.10270588406093725
156,2023-11-30,,,,,,,,,,,,,,,,,,,,,,,,,,,,,,,,,,,,,,,,,,,,,,,,,,,,,,
157,2023-12-01,,,,,,,,,,,,,,,,,,,,,,,,,,,,,,,,,,,,,,,,,,,,,,,,,,,,,,
158,2023-12-02,,,,,,,,,,,,,,,,,,,,,,,,,,,,,,,,,,,,,,,,,,,,,,,,,,,,,,
159,2023-12-03,,,,,,,,,,,,,,,,,,,,,,,,,,,,,,,,,,,,,,,,,,,,,,,,,,,,,,
160,2023-12-04,,,,,,,,,,,,,,,,,,,,,,,,,,,,,,,,,,,,,,,,,,,,,,,,,,,,,,
161,2023-12-05,,,,,,,,,,,,,,,,,,,,,,,,,,,,,,,,,,,,,,,,,,,,,,,,,,,,,,
162,2023-12-06,,,,,,,,,,,,,,,,,,,,,,,,,,,,,,,,,,,,,,,,,,,,,,,,,,,,,,
163,2023-12-07,,,,,,,,,,,,,,,,,,,,,,,,,,,,,,,,,,,,,,,,,,,,,,,,,,,,,,
164,2023-12-08,,,,,,,,,,,,,,,,,,,,,,,,,,,,,,,,,,,,,,,,,,,,,,,,,,,,,,
165,2023-12-09,,,,,,,,,,,,,,,,,,,,,,,,,,,,,,,,,,,,,,,,,,,,,,,,,,,,,,
166,2023-12-10,,,,,,,,,,,,,,,,,,,,,,,,,,,,,,,,,,,,,,,,,,,,,,,,,,,,,,
167,2023-12-11,,,,,,,,,,,,,,,,,,,,,,,,,,,,,,,,,,,,,,,,,,,,,,,,,,,,,,
168,2023-12-12,,,,,,,,,,,,,,,,,,,,,,,,,,,,,,,,,,,,,,,,,,,,,,,,,,,,,,
169,2023-12-13,,,,,,,,,,,,,,,,,,,,,,,,,,,,,,,,,,,,,,,,,,,,,,,,,,,,,,
170,2023-12-14,,,,,,,,,,,,,,,,,,,,,,,,,,,,,,,,,,,,,,,,,,,,,,,,,,,,,,
171,2023-12-15,,,,,,,,,,,,,,,,,,,,,,,,,,,,,,,,,,,,,,,,,,,,,,,,,,,,,,
172,2023-12-16,,,,,,,,,,,,,,,,,,,,,,,,,,,,,,,,,,,,,,,,,,,,,,,,,,,,,,
173,2023-12-17,,,,,,,,,,,,,,,,,,,,,,,,,,,,,,,,,,,,,,,,,,,,,,,,,,,,,,
174,2023-12-18,,,,,,,,,,,,,,,,,,,,,,,,,,,,,,,,,,,,,,,,,,,,,,,,,,,,,,
175,2023-12-19,,,,,,,,,,,,,,,,,,,,,,,,,,,,,,,,,,,,,,,,,,,,,,,,,,,,,,
176,2023-12-20,,,,,,,,,,,,,,,,,,,,,,,,,,,,,,,,,,,,,,,,,,,,,,,,,,,,,,
177,2023-12-21,,,,,,,,,,,,,,,,,,,,,,,,,,,,,,,,,,,,,,,,,,,,,,,,,,,,,,
178,2023-12-22,,,,,,,,,,,,,,,,,,,,,,,,,,,,,,,,,,,,,,,,,,,,,,,,,,,,,,
179,2023-12-23,,,,,,,,,,,,,,,,,,,,,,,,,,,,,,,,,,,,,,,,,,,,,,,,,,,,,,
180,2023-12-24,,,,,,,,,,,,,,,,,,,,,,,,,,,,,,,,,,,,,,,,,,,,,,,,,,,,,,
181,2023-12-25,,,,,,,,,,,,,,,,,,,,,,,,,,,,,,,,,,,,,,,,,,,,,,,,,,,,,,
182,2023-12-26,,,,,,,,,,,,,,,,,,,,,,,,,,,,,,,,,,,,,,,,,,,,,,,,,,,,,,
183,2023-12-27,,,,,,,,,,,,,,,,,,,,,,,,,,,,,,,,,,,,,,,,,,,,,,,,,,,,,,
184,2023-12-28,,,,,,,,,,,,,,,,,,,,,,,,,,,,,,,,,,,,,,,,,,,,,,,,,,,,,,
185,2023-12-29,,,,,,,,,,,,,,,,,,,,,,,,,,,,,,,,,,,,,,,,,,,,,,,,,,,,,,
186,2023-12-30,,,,,,,,,,,,,,,,,,,,,,,,,,,,,,,,,,,,,,,,,,,,,,,,,,,,,,
187,2023-12-31,,,,,,,,,,,,,,,,,,,,,,,,,,,,,,,,,,,,,,,,,,,,,,,,,,,,,,
188,2024-01-01,,,,,,,,,,,,,,,,,,,,,,,,,,,,,,,,,,,,,,,,,,,,,,,,,,,,,,
189,2024-01-02,,,,,,,,,,,,,,,,,,,,,,,,,,,,,,,,,,,,,,,,,,,,,,,,,,,,,,
190,2024-01-03,,,,,,,,,,,,,,,,,,,,,,,,,,,,,,,,,,,,,,,,,,,,,,,,,,,,,,
191,2024-01-04,,,,,,,,,,,,,,,,,,,,,,,,,,,,,,,,,,,,,,,,,,,,,,,,,,,,,,
192,2024-01-05,,,,,,,,,,,,,,,,,,,,,,,,,,,,,,,,,,,,,,,,,,,,,,,,,,,,,,
193,2024-01-06,,,,,,,,,,,,,,,,,,,,,,,,,,,,,,,,,,,,,,,,,,,,,,,,,,,,,,
194,2024-01-07,,,,,,,,,,,,,,,,,,,,,,,,,,,,,,,,,,,,,,,,,,,,,,,,,,,,,,
195,2024-01-08,,,,,,,,,,,,,,,,,,,,,,,,,,,,,,,,,,,,,,,,,,,,,,,,,,,,,,
196,2024-01-09,,,,,,,,,,,,,,,,,,,,,,,,,,,,,,,,,,,,,,,,,,,,,,,,,,,,,,
197,2024-01-10,,,,,,,,,,,,,,,,,,,,,,,,,,,,,,,,,,,,,,,,,,,,,,,,,,,,,,
198,2024-01-11,,,,,,,,,,,,,,,,,,,,,,,,,,,,,,,,,,,,,,,,,,,,,,,,,,,,,,
199,2024-01-12,,,,,,,,,,,,,,,,,,,,,,,,,,,,,,,,,,,,,,,,,,,,,,,,,,,,,,
200,2024-01-13,,,,,,,,,,,,,,,,,,,,,,,,,,,,,,,,,,,,,,,,,,,,,,,,,,,,,,
201,2024-01-14,,,,,,,,,,,,,,,,,,,,,,,,,,,,,,,,,,,,,,,,,,,,,,,,,,,,,,
202,2024-01-15,,,,,,,,,,,,,,,,,,,,,,,,,,,,,,,,,,,,,,,,,,,,,,,,,,,,,,
203,2024-01-16,,,,,,,,,,,,,,,,,,,,,,,,,,,,,,,,,,,,,,,,,,,,,,,,,,,,,,
204,2024-01-17,,,,,,,,,,,,,,,,,,,,,,,,,,,,,,,,,,,,,,,,,,,,,,,,,,,,,,
205,2024-01-18,,,,,,,,,,,,,,,,,,,,,,,,,,,,,,,,,,,,,,,,,,,,,,,,,,,,,,
206,2024-01-19,,,,,,,,,,,,,,,,,,,,,,,,,,,,,,,,,,,,,,,,,,,,,,,,,,,,,,
207,2024-01-20,,,,,,,,,,,,,,,,,,,,,,,,,,,,,,,,,,,,,,,,,,,,,,,,,,,,,,
208,2024-01-21,,,,,,,,,,,,,,,,,,,,,,,,,,,,,,,,,,,,,,,,,,,,,,,,,,,,,,
209,2024-01-22,,,,,,,,,,,,,,,,,,,,,,,,,,,,,,,,,,,,,,,,,,,,,,,,,,,,,,
210,2024-01-23,,,,,,,,,,,,,,,,,,,,,,,,,,,,,,,,,,,,,,,,,,,,,,,,,,,,,,
211,2024-01-24,,,,,,,,,,,,,,,,,,,,,,,,,,,,,,,,,,,,,,,,,,,,,,,,,,,,,,
212,2024-01-25,,,,,,,,,,,,,,,,,,,,,,,,,,,,,,,,,,,,,,,,,,,,,,,,,,,,,,
213,2024-01-26,,,,,,,,,,,,,,,,,,,,,,,,,,,,,,,,,,,,,,,,,,,,,,,,,,,,,,
214,2024-01-27,,,,,,,,,,,,,,,,,,,,,,,,,,,,,,,,,,,,,,,,,,,,,,,,,,,,,,
215,2024-01-28,,,,,,,,,,,,,,,,,,,,,,,,,,,,,,,,,,,,,,,,,,,,,,,,,,,,,,
216,2024-01-29,,,,,,,,,,,,,,,,,,,,,,,,,,,,,,,,,,,,,,,,,,,,,,,,,,,,,,
217,2024-01-30,,,,,,,,,,,,,,,,,,,,,,,,,,,,,,,,,,,,,,,,,,,,,,,,,,,,,,
218,2024-01-31,,,,,,,,,,,,,,,,,,,,,,,,,,,,,,,,,,,,,,,,,,,,,,,,,,,,,,
219,2024-02-01,,,,,,,,,,,,,,,,,,,,,,,,,,,,,,,,,,,,,,,,,,,,,,,,,,,,,,
220,2024-02-02,,,,,,,,,,,,,,,,,,,,,,,,,,,,,,,,,,,,,,,,,,,,,,,,,,,,,,
221,2024-02-03,,,,,,,,,,,,,,,,,,,,,,,,,,,,,,,,,,,,,,,,,,,,,,,,,,,,,,
222,2024-02-04,,,,,,,,,,,,,,,,,,,,,,,,,,,,,,,,,,,,,,,,,,,,,,,,,,,,,,
223,2024-02-05,,,,,,,,,,,,,,,,,,,,,,,,,,,,,,,,,,,,,,,,,,,,,,,,,,,,,,
224,2024-02-06,,,,,,,,,,,,,,,,,,,,,,,,,,,,,,,,,,,,,,,,,,,,,,,,,,,,,,
225,2024-02-07,,,,,,,,,,,,,,,,,,,,,,,,,,,,,,,,,,,,,,,,,,,,,,,,,,,,,,
226,2024-02-08,,,,,,,,,,,,,,,,,,,,,,,,,,,,,,,,,,,,,,,,,,,,,,,,,,,,,,
227,2024-02-09,,,,,,,,,,,,,,,,,,,,,,,,,,,,,,,,,,,,,,,,,,,,,,,,,,,,,,
228,2024-02-10,,,,,,,,,,,,,,,,,,,,,,,,,,,,,,,,,,,,,,,,,,,,,,,,,,,,,,
229,2024-02-11,,,,,,,,,,,,,,,,,,,,,,,,,,,,,,,,,,,,,,,,,,,,,,,,,,,,,,
230,2024-02-12,,,,,,,,,,,,,,,,,,,,,,,,,,,,,,,,,,,,,,,,,,,,,,,,,,,,,,
231,2024-02-13,,,,,,,,,,,,,,,,,,,,,,,,,,,,,,,,,,,,,,,,,,,,,,,,,,,,,,
232,2024-02-14,,,,,,,,,,,,,,,,,,,,,,,,,,,,,,,,,,,,,,,,,,,,,,,,,,,,,,
233,2024-02-15,,,,,,,,,,,,,,,,,,,,,,,,,,,,,,,,,,,,,,,,,,,,,,,,,,,,,,
234,2024-02-16,,,,,,,,,,,,,,,,,,,,,,,,,,,,,,,,,,,,,,,,,,,,,,,,,,,,,,
235,2024-02-17,,,,,,,,,,,,,,,,,,,,,,,,,,,,,,,,,,,,,,,,,,,,,,,,,,,,,,
236,2024-02-18,,,,,,,,,,,,,,,,,,,,,,,,,,,,,,,,,,,,,,,,,,,,,,,,,,,,,,
237,2024-02-19,,,,,,,,,,,,,,,,,,,,,,,,,,,,,,,,,,,,,,,,,,,,,,,,,,,,,,
238,2024-02-20,,,,,,,,,,,,,,,,,,,,,,,,,,,,,,,,,,,,,,,,,,,,,,,,,,,,,,
239,2024-02-21,,,,,,,,,,,,,,,,,,,,,,,,,,,,,,,,,,,,,,,,,,,,,,,,,,,,,,
240,2024-02-22,,,,,,,,,,,,,,,,,,,,,,,,,,,,,,,,,,,,,,,,,,,,,,,,,,,,,,
241,2024-02-23,,,,,,,,,,,,,,,,,,,,,,,,,,,,,,,,,,,,,,,,,,,,,,,,,,,,,,
242,2024-02-24,,,,,,,,,,,,,,,,,,,,,,,,,,,,,,,,,,,,,,,,,,,,,,,,,,,,,,
243,2024-02-25,,,,,,,,,,,,,,,,,,,,,,,,,,,,,,,,,,,,,,,,,,,,,,,,,,,,,,
244,2024-02-26,,,,,,,,,,,,,,,,,,,,,,,,,,,,,,,,,,,,,,,,,,,,,,,,,,,,,,
245,2024-02-27,,,,,,,,,,,,,,,,,,,,,,,,,,,,,,,,,,,,,,,,,,,,,,,,,,,,,,
246,2024-02-28,,,,,,,,,,,,,,,,,,,,,,,,,,,,,,,,,,,,,,,,,,,,,,,,,,,,,,
247,2024-02-29,,,,,,,,,,,,,,,,,,,,,,,,,,,,,,,,,,,,,,,,,,,,,,,,,,,,,,
248,2024-03-01,,,,,,,,,,,,,,,,,,,,,,,,,,,,,,,,,,,,,,,,,,,,,,,,,,,,,,
249,2024-03-02,,,,,,,,,,,,,,,,,,,,,,,,,,,,,,,,,,,,,,,,,,,,,,,,,,,,,,
250,2024-03-03,,,,,,,,,,,,,,,,,,,,,,,,,,,,,,,,,,,,,,,,,,,,,,,,,,,,,,
251,2024-03-04,,,,,,,,,,,,,,,,,,,,,,,,,,,,,,,,,,,,,,,,,,,,,,,,,,,,,,
252,2024-03-05,,,,,,,,,,,,,,,,,,,,,,,,,,,,,,,,,,,,,,,,,,,,,,,,,,,,,,
253,2024-03-06,,,,,,,,,,,,,,,,,,,,,,,,,,,,,,,,,,,,,,,,,,,,,,,,,,,,,,
254,2024-03-07,,,,,,,,,,,,,,,,,,,,,,,,,,,,,,,,,,,,,,,,,,,,,,,,,,,,,,
255,2024-03-08,,,,,,,,,,,,,,,,,,,,,,,,,,,,,,,,,,,,,,,,,,,,,,,,,,,,,,
256,2024-03-09,,,,,,,,,,,,,,,,,,,,,,,,,,,,,,,,,,,,,,,,,,,,,,,,,,,,,,
257,2024-03-10,,,,,,,,,,,,,,,,,,,,,,,,,,,,,,,,,,,,,,,,,,,,,,,,,,,,,,
258,2024-03-11,,,,,,,,,,,,,,,,,,,,,,,,,,,,,,,,,,,,,,,,,,,,,,,,,,,,,,
259,2024-03-12,,,,,,,,,,,,,,,,,,,,,,,,,,,,,,,,,,,,,,,,,,,,,,,,,,,,,,
260,2024-03-13,,,,,,,,,,,,,,,,,,,,,,,,,,,,,,,,,,,,,,,,,,,,,,,,,,,,,,
261,2024-03-14,,,,,,,,,,,,,,,,,,,,,,,,,,,,,,,,,,,,,,,,,,,,,,,,,,,,,,
262,2024-03-15,,,,,,,,,,,,,,,,,,,,,,,,,,,,,,,,,,,,,,,,,,,,,,,,,,,,,,
263,2024-03-16,,,,,,,,,,,,,,,,,,,,,,,,,,,,,,,,,,,,,,,,,,,,,,,,,,,,,,
264,2024-03-17,,,,,,,,,,,,,,,,,,,,,,,,,,,,,,,,,,,,,,,,,,,,,,,,,,,,,,
265,2024-03-18,,,,,,,,,,,,,,,,,,,,,,,,,,,,,,,,,,,,,,,,,,,,,,,,,,,,,,
266,2024-03-19,,,,,,,,,,,,,,,,,,,,,,,,,,,,,,,,,,,,,,,,,,,,,,,,,,,,,,
267,2024-03-20,,,,,,,,,,,,,,,,,,,,,,,,,,,,,,,,,,,,,,,,,,,,,,,,,,,,,,
268,2024-03-21,,,,,,,,,,,,,,,,,,,,,,,,,,,,,,,,,,,,,,,,,,,,,,,,,,,,,,
269,2024-03-22,,,,,,,,,,,,,,,,,,,,,,,,,,,,,,,,,,,,,,,,,,,,,,,,,,,,,,
270,2024-03-23,,,,,,,,,,,,,,,,,,,,,,,,,,,,,,,,,,,,,,,,,,,,,,,,,,,,,,
271,2024-03-24,,,,,,,,,,,,,,,,,,,,,,,,,,,,,,,,,,,,,,,,,,,,,,,,,,,,,,
272,2024-03-25,,,,,,,,,,,,,,,,,,,,,,,,,,,,,,,,,,,,,,,,,,,,,,,,,,,,,,
273,2024-03-26,,,,,,,,,,,,,,,,,,,,,,,,,,,,,,,,,,,,,,,,,,,,,,,,,,,,,,
274,2024-03-27,,,,,,,,,,,,,,,,,,,,,,,,,,,,,,,,,,,,,,,,,,,,,,,,,,,,,,
275,2024-03-28,,,,,,,,,,,,,,,,,,,,,,,,,,,,,,,,,,,,,,,,,,,,,,,,,,,,,,
276,2024-03-29,,,,,,,,,,,,,,,,,,,,,,,,,,,,,,,,,,,,,,,,,,,,,,,,,,,,,,
277,2024-03-30,,,,,,,,,,,,,,,,,,,,,,,,,,,,,,,,,,,,,,,,,,,,,,,,,,,,,,
278,2024-03-31,,,,,,,,,,,,,,,,,,,,,,,,,,,,,,,,,,,,,,,,,,,,,,,,,,,,,,
279,2024-04-01,,,,,,,,,,,,,,,,,,,,,,,,,,,,,,,,,,,,92.0,-5.8,-1.6232558139534885,752.8000000000001,80.26976744186047,0.0,0.0,106.99712949783772,2024.0,-5.8,4.2,0.0,0.0,,,0.10699712949783771,,,
280,2024-04-02,,,,,,,,,,,,,,,,,,,,,,,,,,,,,,,,,,,,93.0,-5.0,0.2999999999999999,761.4270833333334,64.81666666666666,0.0,0.0,219.63727343396545,2024.0,-5.0,7.4,1.2000000000000002,1.2000000000000002,,,0.21963727343396544,,,
281,2024-04-03,,,,,,,,,,,,,,,,,,,,,,,,,,,,,,,,,,,,94.0,-7.0,1.6,765.7854166666666,57.725,0.0,0.0,289.87759267647675,2024.0,-7.0,11.8,3.4000000000000004,4.6000000000000005,,,0.2898775926764767,,,
282,2024-04-04,,,,,,,,,,,,,,,,,,,,,,,,,,,,,,,,,,,,95.0,-6.2,3.275,760.8375,50.88333333333333,0.0,0.0,379.5165054264637,2024.0,-6.2,15.0,5.0,9.6,,,0.3795165054264637,,,
283,2024-04-05,,,,,,,,,,,,,,,,,,,,,,,,,,,,,,,,,,,,96.0,-2.6,5.508333333333333,754.4229166666668,45.35833333333333,0.0,0.0,493.8254674838435,2024.0,-2.6,13.8,4.4,14.000000000000002,,,0.4938254674838435,,,
284,2024-04-06,,,,,,,,,,,,,,,,,,,,,,,,,,,,,,,,,,,,97.0,-5.4,-0.9083333333333332,749.9145833333333,77.31666666666666,0.0,0.0,129.65407898803454,2024.0,-7.0,2.6,0.0,14.000000000000002,,,0.12965407898803455,,,
285,2024-04-07,,,,,,,,,,,,,,,,,,,,,,,,,,,,,,,,,,,,98.0,-11.8,-4.891666666666667,756.8541666666666,68.14166666666667,0.0,0.0,135.28777402011266,2024.0,-11.8,1.8,0.0,14.000000000000002,,,0.13528777402011266,,,
286,2024-04-08,,,,,,,,,,,,,,,,,,,,,,,,,,,,,,,,,,,,99.0,-12.2,-3.4333333333333336,757.7333333333332,58.60833333333333,0.0,0.0,196.2016107273409,2024.0,-12.2,5.4,0.2000000000000001,14.200000000000005,,,0.19620161072734088,,,
287,2024-04-09,,,,,,,,,,,,,,,,,,,,,,,,,,,,,,,,,,,,100.0,-10.6,-1.475,760.4520833333332,53.583333333333336,0.0,0.0,254.48461433930947,2024.0,-10.6,8.6,1.7999999999999998,16.000000000000004,,,0.25448461433930947,,,
288,2024-04-10,,,,,,,,,,,,,,,,,,,,,,,,,,,,,,,,,,,,101.0,-3.4,1.85,762.30625,53.41666666666666,0.0,0.0,325.19931788146573,2024.0,-3.8,7.8,1.4000000000000004,17.400000000000006,,,0.3251993178814657,,,
289,2024-04-11,,,,,,,,,,,,,,,,,,,,,,,,,,,,,,,,,,,,102.0,-8.2,1.1833333333333331,763.88125,51.84166666666667,0.0,0.0,320.46908164175284,2024.0,-8.2,11.8,3.4000000000000004,20.800000000000004,,,0.32046908164175286,,,
290,2024-04-12,,,,,,,,,,,,,,,,,,,,,,,,,,,,,,,,,,,,103.0,-6.6,3.8166666666666655,763.7875,45.85,0.0,0.0,434.7305472704645,2024.0,-6.6,17.4,6.199999999999999,27.000000000000004,,,0.4347305472704645,,,
291,2024-04-13,,,,,,,,,,,,,,,,,,,,,,,,,,,,,,,,,,,,104.0,-1.0,7.116666666666667,762.8375,48.93333333333334,0.1428571428571428,0.1428571428571428,515.7287752860918,2024.0,-1.0,15.8,5.4,32.400000000000006,,,0.5157287752860918,,,
292,2024-04-14,,,,,,,,,,,,,,,,,,,,,,,,,,,,,,,,,,,,105.0,-4.6,5.608333333333333,762.25625,47.125,0.1428571428571428,0.0,481.19108539570175,2024.0,-4.6,18.6,6.800000000000001,39.2,,,0.48119108539570177,,,0.3059143467192044
293,2024-04-15,,,,,,,,,,,,,,,,,,,,,,,,,,,,,,,,,,,,106.0,-5.8,3.1,754.9250000000001,47.46666666666667,0.1428571428571428,0.0,400.9140011497575,2024.0,-5.8,12.2,3.6,42.8,,,0.4009140011497575,,,0.32690840898005574
294,2024-04-16,,,,,,,,,,,,,,,,,,,,,,,,,,,,,,,,,,,,107.0,-1.8,1.7148936170212763,757.6021276595745,83.33617021276596,0.1714285714285714,0.0285714285714285,115.20917204016168,2024.0,-1.8,9.8,2.4000000000000004,45.2,,,0.11520917204016168,,,0.3194492588804984
295,2024-04-17,,,,,,,,,,,,,,,,,,,,,,,,,,,,,,,,,,,,108.0,-4.2,3.978723404255319,760.6106382978722,66.92765957446808,0.1714285714285714,0.0,268.5619598668948,2024.0,-4.2,14.2,4.6,49.8,,,0.26856195986689485,,,0.3179267136798139
296,2024-04-18,,,,,,,,,,,,,,,,,,,,,,,,,,,,,,,,,,,,109.0,0.2,7.0,760.0645833333333,53.40833333333333,0.4857142857142857,0.3142857142857143,466.78253830272223,2024.0,0.2,13.4,4.199999999999999,54.0,,,0.4667825383027222,,,0.3241600017424039
297,2024-04-19,,,,,,,,,,,,,,,,,,,,,,,,,,,,,,,,,,,,110.0,1.8,6.841666666666666,760.4833333333332,61.96666666666667,1.0285714285714285,0.5428571428571428,376.9172095364103,2024.0,1.4,11.8,3.4000000000000004,57.4,,,0.37691720953641034,,,0.31580941188901573
298,2024-04-20,,,,,,,,,,,,,,,,,,,,,,,,,,,,,,,,,,,,111.0,0.2,4.895652173913043,762.0173913043479,79.02608695652174,1.3428571428571427,0.3142857142857143,181.62935990715056,2024.0,0.2,12.6,3.8000000000000007,61.2,,,0.18162935990715057,,,0.3195219319546669
299,2024-04-21,,,,,,,,,,,,,,,,,,,,,,,,,,,,,,,,,,,,112.0,-4.2,5.75,765.1437500000001,52.63333333333333,1.3428571428571427,0.0,435.3221490965402,2024.0,-4.2,15.4,5.199999999999999,66.4,,,0.4353221490965402,,,0.3409529587458403
300,2024-04-22,,,,,,,,,,,,,,,,,,,,,,,,,,,,,,,,,,,,113.0,-4.6,5.9750000000000005,761.9354166666667,51.775,1.3428571428571427,0.0,450.1765910876746,2024.0,-4.6,17.4,6.199999999999999,72.60000000000001,,,0.4501765910876746,,,0.3590940287715784
301,2024-04-23,,,,,,,,,,,,,,,,,,,,,,,,,,,,,,,,,,,,114.0,1.0,8.975,760.8333333333334,51.75,1.7714285714285714,0.4285714285714285,553.0043332646433,2024.0,1.0,18.6,6.800000000000001,79.4,,,0.5530043332646433,,,0.38041686583767376
302,2024-04-24,,,,,,,,,,,,,,,,,,,,,,,,,,,,,,,,,,,,115.0,-0.2,10.591666666666669,761.3895833333332,42.44166666666667,2.0285714285714285,0.2571428571428572,735.3110181135659,2024.0,-0.2,19.8,7.4,86.80000000000001,,,0.7353110181135659,,,0.4097105587113951
303,2024-04-25,,,,,,,,,,,,,,,,,,,,,,,,,,,,,,,,,,,,116.0,-2.6,7.649999999999999,757.4270833333334,46.35,2.0285714285714285,0.0,561.9640433643274,2024.0,-2.6,17.4,6.199999999999999,93.0,,,0.5619640433643274,,,0.4269601988344362
304,2024-04-26,,,,,,,,,,,,,,,,,,,,,,,,,,,,,,,,,,,,117.0,1.0,4.75,753.1854166666667,72.60000000000001,2.457142857142857,0.4285714285714285,234.8741059699421,2024.0,-0.6,11.0,3.0,96.0,,,0.2348741059699421,,,0.41268473874154177
305,2024-04-27,,,,,,,,,,,,,,,,,,,,,,,,,,,,,,,,,,,,118.0,-3.4,0.6977777777777777,751.9822222222222,94.4888888888889,2.457142857142857,0.0,35.410167024905846,2024.0,-3.4,4.2,0.0,96.0,,,0.03541016702490585,,,0.37837626672288555
306,2024-04-28,,,,,,,,,,,,,,,,,,,,,,,,,,,,,,,,,,,,119.0,0.2,3.1405405405405404,757.2891891891892,81.04864864864865,2.771428571428572,0.3142857142857143,145.04566595147384,2024.0,-0.2,8.6,1.7999999999999998,97.8,,,0.14504566595147383,,,0.35436587961972643
307,2024-04-29,,,,,,,,,,,,,,,,,,,,,,,,,,,,,,,,,,,,120.0,-2.2,4.394285714285715,760.1771428571428,74.04571428571428,2.771428571428572,0.0,217.0059994569239,2024.0,-2.2,10.6,2.8,100.6,,,0.2170059994569239,,,0.34122959378452405
308,2024-04-30,,,,,,,,,,,,,,,,,,,,,,,,,,,,,,,,,,,,121.0,1.0,7.325,757.9375,56.63333333333333,3.2,0.4285714285714285,444.26434803242034,2024.0,-1.0,15.8,5.4,106.0,,,0.4442643480324203,,,0.36473353492682825
309,2024-05-01,,,,,,,,,,,,,,,,,,,,,,,,,,,,,,,,,,,,122.0,-2.2,4.408333333333333,756.7020833333332,61.51666666666667,3.2,0.0,322.0796738524925,2024.0,-2.2,15.0,5.0,111.0,,,0.3220796738524925,,,0.36855622878294236
310,2024-05-02,,,,,,,,,,,,,,,,,,,,,,,,,,,,,,,,,,,,123.0,-6.6,2.3583333333333334,758.7125,70.45833333333333,3.2,0.0,213.86495263145437,2024.0,-6.6,12.2,3.6,114.6,,,0.21386495263145439,,,0.3504906869492804
311,2024-05-03,,,,,,,,,,,,,,,,,,,,,,,,,,,,,,,,,,,,124.0,-5.0,5.441666666666666,757.63125,44.65,3.2,0.0,497.91364204356216,2024.0,-5.0,16.6,5.800000000000001,120.4,,,0.49791364204356214,,,0.3591332892712198
312,2024-05-04,,,,,,,,,,,,,,,,,,,,,,,,,,,,,,,,,,,,125.0,-6.2,5.641666666666667,760.1020833333333,53.55,3.2,0.0,423.69978249443017,2024.0,-6.2,18.6,6.800000000000001,127.2,,,0.4236997824944302,,,0.37642403374173977
313,2024-05-05,,,,,,,,,,,,,,,,,,,,,,,,,,,,,,,,,,,,126.0,-0.6,8.441666666666666,755.0854166666667,49.16666666666666,3.4,0.1999999999999999,561.9467788874736,2024.0,-0.6,17.4,6.199999999999999,133.4,,,0.5619467788874736,,,0.38546865015537785
314,2024-05-06,,,,,,,,,,,,,,,,,,,,,,,,,,,,,,,,,,,,127.0,-3.8,2.6833333333333336,751.2125,69.19166666666666,3.4,0.0,228.2602003355797,2024.0,-3.8,9.4,2.2,135.6,,,0.2282602003355797,,,0.36961747938737105
315,2024-05-07,,,,,,,,,,,,,,,,,,,,,,,,,,,,,,,,,,,,128.0,-2.2,-0.2583333333333333,753.2875,79.85833333333333,3.4,0.0,120.73146615079322,2024.0,-2.2,2.6,0.0,135.6,,,0.12073146615079322,,,0.33874084602209603
316,2024-05-08,,,,,,,,,,,,,,,,,,,,,,,,,,,,,,,,,,,,129.0,-9.8,-1.3333333333333333,755.28125,64.75833333333334,3.4,0.0,195.2428322600292,2024.0,-9.8,4.2,0.0,135.6,,,0.1952428322600292,,,0.3001645470325577
317,2024-05-09,,,,,,,,,,,,,,,,,,,,,,,,,,,,,,,,,,,,130.0,-5.0,1.4,760.30625,58.8,3.4,0.0,278.47491020888583,2024.0,-5.0,9.0,2.0,137.6,,,0.2784749102088858,,,0.2799153232357405
318,2024-05-10,,,,,,,,,,,,,,,,,,,,,,,,,,,,,,,,,,,,131.0,-1.8,4.925,764.2770833333334,60.59166666666667,3.4285714285714284,0.0285714285714285,341.967643758138,2024.0,-1.8,13.0,4.0,141.6,,,0.34196764375813804,,,0.287564861649183
319,2024-05-11,,,,,,,,,,,,,,,,,,,,,,,,,,,,,,,,,,,,132.0,-3.4,3.608333333333333,761.9,70.89166666666667,3.4285714285714284,0.0,230.279674331483,2024.0,-3.4,11.8,3.4000000000000004,145.0,,,0.230279674331483,,,0.30148411217108145
320,2024-05-12,,,,,,,,,,,,,,,,,,,,,,,,,,,,,,,,,,,,133.0,-0.2,6.974193548387096,759.1387096774193,71.32903225806452,3.6857142857142855,0.2571428571428572,286.7339004052752,2024.0,-0.2,15.0,5.0,150.0,,,0.28673390040527524,,,0.3116047003463529
321,2024-05-13,,,,,,,,,,,,,,,,,,,,,,,,,,,,,,,,,,,,134.0,-2.2,6.958333333333333,761.9166666666666,70.08333333333333,3.6857142857142855,0.0,298.8661912641347,2024.0,-2.2,19.4,7.199999999999999,157.2,,,0.2988661912641347,,,0.31745185690401084
322,2024-05-14,,,,,,,,,,,,,,,,,,,,,,,,,,,,,,,,,,,,135.0,0.6,9.308333333333334,761.2062500000001,58.48333333333334,4.057142857142857,0.3714285714285714,486.65605396461984,2024.0,0.6,17.4,6.199999999999999,163.39999999999998,,,0.48665605396461986,,,0.32047983589916795
323,2024-05-15,,,,,,,,,,,,,,,,,,,,,,,,,,,,,,,,,,,,136.0,1.4,8.341666666666667,760.5833333333334,59.45,4.542857142857143,0.4857142857142857,445.2347029324498,2024.0,1.4,17.4,6.199999999999999,169.59999999999997,,,0.4452347029324498,,,0.3292766236905935
324,2024-05-16,,,,,,,,,,,,,,,,,,,,,,,,,,,,,,,,,,,,137.0,-1.8,8.633333333333333,760.3791666666666,52.45,4.571428571428571,0.0285714285714285,532.5269721705537,2024.0,-1.8,19.8,7.4,176.99999999999997,,,0.5325269721705537,,,0.3520381965148149
325,2024-05-17,,,,,,,,,,,,,,,,,,,,,,,,,,,,,,,,,,,,138.0,-1.0,9.933333333333334,759.7375000000001,46.74166666666667,4.714285714285714,0.1428571428571428,651.0765398283145,2024.0,-1.0,21.0,8.0,185.0,,,0.6510765398283145,,,0.36297840349944005
326,2024-05-18,,,,,,,,,,,,,,,,,,,,,,,,,,,,,,,,,,,,139.0,-0.2,9.4,761.7734693877551,50.72653061224489,4.971428571428572,0.2571428571428572,581.1583576530323,2024.0,-0.2,18.2,6.6,191.6,,,0.5811583576530324,,,0.3742254445821973
327,2024-05-19,,,,,,,,,,,,,,,,,,,,,,,,,,,,,,,,,,,,140.0,0.6,9.541666666666666,761.1020833333333,63.00833333333333,5.342857142857143,0.3714285714285714,440.4795598977084,2024.0,0.6,19.0,7.0,198.6,,,0.4404795598977084,,,0.36554921465435697
328,2024-05-20,,,,,,,,,,,,,,,,,,,,,,,,,,,,,,,,,,,,141.0,-1.0,9.658333333333331,758.1208333333334,44.81666666666666,5.485714285714287,0.1428571428571428,662.2714923619022,2024.0,-1.0,20.6,7.800000000000001,206.4,,,0.6622714923619022,,,0.3965500212276657
329,2024-05-21,,,,,,,,,,,,,,,,,,,,,,,,,,,,,,,,,,,,142.0,0.2,5.633333333333333,757.5812500000001,67.72500000000001,5.800000000000001,0.3142857142857143,294.2303490557019,2024.0,-3.0,8.6,1.7999999999999998,208.2,,,0.2942303490557019,,,0.40894279857801635
330,2024-05-22,,,,,,,,,,,,,,,,,,,,,,,,,,,,,,,,,,,,143.0,-7.8,1.7833333333333332,762.1104166666668,72.68333333333334,5.800000000000001,0.0,189.78922426290453,2024.0,-7.8,15.4,5.199999999999999,213.4,,,0.18978922426290454,,,0.4085532551496503
331,2024-05-23,,,,,,,,,,,,,,,,,,,,,,,,,,,,,,,,,,,,144.0,-3.8,6.458333333333333,756.4,53.01666666666667,5.800000000000001,0.0,453.4830394206218,2024.0,-3.8,16.6,5.800000000000001,219.2,,,0.45348303942062185,,,0.4210538358076314
332,2024-05-24,,,,,,,,,,,,,,,,,,,,,,,,,,,,,,,,,,,,145.0,-4.6,3.583333333333333,760.2375000000001,74.09166666666667,5.800000000000001,0.0,204.60252517175704,2024.0,-4.6,13.4,4.199999999999999,223.4,,,0.20460252517175703,,,0.41124204162288996
333,2024-05-25,,,,,,,,,,,,,,,,,,,,,,,,,,,,,,,,,,,,146.0,-0.6,6.233333333333333,756.4916666666667,65.2,6.000000000000001,0.1999999999999999,330.7124775840978,2024.0,-0.6,14.2,4.6,228.0,,,0.33071247758409783,,,0.41841581328379096
334,2024-05-26,,,,,,,,,,,,,,,,,,,,,,,,,,,,,,,,,,,,147.0,0.6,6.182222222222222,760.8977777777778,74.12444444444444,6.371428571428572,0.3714285714285714,245.03430111335436,2024.0,0.6,15.0,5.0,233.0,,,0.24503430111335436,,,0.41543727047722523
335,2024-05-27,222.0,,,,,,,,,,,,,,,,,,,,,,,,,,1059.6757480227154,,,,,,F2,,148.0,148.0,-1.8,8.566666666666666,766.03125,57.94166666666666,6.4,0.0285714285714285,468.9006597372588,2024.0,-1.8,19.8,7.4,240.4,,,0.4689006597372588,,,0.42758258965387697
336,2024-05-28,223.0,,,,,,,,,,,,,,,,,,,,,,,,,,1064.8103552680848,,,,,,F2,,149.0,149.0,-1.0,10.633333333333333,767.5875,50.30833333333334,6.542857142857144,0.1428571428571428,636.5800664645274,2024.0,-1.0,22.2,8.6,249.0,,,0.6365800664645274,,,0.4382914476895846
337,2024-05-29,224.0,,,,,,,,,,,,,,,,,,,,,,,,,,1069.8185293142174,,,,,,F2,,150.0,150.0,0.2,10.608333333333333,765.025,53.71666666666667,6.857142857142858,0.3142857142857143,591.9297733453622,2024.0,0.2,21.4,8.2,257.2,0.9126143172442809,,0.5919297733453621,,,0.4487696670047926
338,2024-05-30,225.0,,,,,,,,,,,,,,,,,,,,,,,,,,1082.1073010945545,,,,,,F2,,151.0,151.0,-0.2,10.333333333333334,763.4104166666666,51.93333333333334,7.114285714285715,0.2571428571428572,603.5549763594094,2024.0,-0.2,20.6,7.800000000000001,265.0,0.9190230223760425,,0.6035549763594094,,,0.4538430958754252
339,2024-05-31,100.0,2024-05-31,8053.416666666667,0.007880161667474,126.90878706737608,2046.4910144237224,0.3755065025354633,2006.6390647962864,0.3241907755533854,3.6801926743200178e-06,720.9395833333333,0.1835833333333333,0.17375,0.3493541666666666,0.2174870600604153,0.1593007028919418,0.0815534672275504,8.529166666666667,8.179166666666667,7.591666666666666,0.0,720.9395833333333,49.30833333333334,7.566666666666666,2024-05-31,0.3241907755533854,1082.5290983190666,2616.9545064586173,2558.0851984350807,4510.012592072295,0.1888440921700362,0.2443440921700362,F2,6752.786837217206,152.0,152.0,-2.2,9.175,764.1625,49.59166666666667,7.114285714285715,0.0,585.5955767561969,2024.0,-2.2,20.2,7.6,272.6,0.924085275495812,,0.5855955767561969,,,0.44916588422741677
340,2024-06-01,226.0,,,,,,,,,,,,,,,,,,,,,,,,,,1075.9988866886729,,,,,,F2,,153.0,153.0,-0.6,10.7,763.8854166666666,54.29166666666666,7.314285714285715,0.1999999999999999,588.1587842982242,2024.0,-0.6,22.6,8.8,281.40000000000003,0.9258510064683818,,0.5881587842982242,,,0.44966591470207334
341,2024-06-02,101.0,2024-06-02,8290.354166666666,0.0077665644096172,128.76308271016794,2046.0176770382104,0.375653957856201,2007.9638666593216,0.3230018615722656,3.5139427707538846e-06,717.7604166666666,0.1699583333333333,0.1629791666666666,0.3393125000000001,0.205655944777467,0.1455278529751068,0.0745025023295205,10.770212765957446,9.822916666666666,8.583333333333334,0.0,717.7604166666666,39.12291666666666,11.395833333333334,2024-06-02,0.3230018615722656,1078.5506213142214,2616.3492253235618,2559.774070188922,4458.638443509205,0.1785711305310919,0.2340711305310919,F2,6676.102219020922,154.0,154.0,0.2,12.425,760.4104166666666,45.63333333333333,7.628571428571429,0.3142857142857143,784.1613470027223,2024.0,0.2,23.0,9.0,290.40000000000003,0.9248348614031133,,0.7841613470027223,,,0.47421461378100294
342,2024-06-03,102.0,2024-06-03,8301.645833333334,0.0077615411030984,128.8493111562017,2061.1541110125254,0.3626392009567232,2016.8032637837607,0.3163948059082031,4.0705120037791024e-06,717.6437500000001,0.1574375,0.1530208333333333,0.3330833333333333,0.19543758209442,0.1336324422497772,0.0684126862073376,10.86875,10.3,9.4,0.0,717.6437500000001,43.68541666666667,11.054166666666667,2024-06-03,0.3163948059082031,1087.357632070794,2635.704970753967,2571.04262931538,4446.175844970452,0.1696985225524465,0.2251985225524465,F2,6631.913034781324,155.0,155.0,4.2,12.383333333333333,760.275,48.75,8.514285714285714,0.8857142857142858,737.1862724843825,2024.0,4.2,21.8,8.4,298.8,0.9262143757387672,,0.7371862724843825,,,0.47956566950403723
343,2024-06-04,103.0,2024-06-04,8224.208333333334,0.0077984852841583,128.2442124122076,2050.971953234266,0.3721915367006714,1990.6290193075904,0.3389549255371094,5.632066330630824e-06,717.8000000000001,0.1665208333333333,0.1571458333333333,0.3288958333333333,0.1998189187368438,0.1387328483034823,0.0710238221935371,12.397916666666667,11.158333333333331,9.754166666666666,0.42119998,717.8000000000001,61.90208333333334,11.079166666666666,2024-06-04,0.3389549255371094,1085.4935010163515,2622.6845159874983,2537.67541916316,4443.794599277998,0.1735028387287744,0.2290028387287744,F2,6577.465329443208,156.0,156.0,4.6,13.981818181818182,760.65,57.22727272727273,9.457142857142856,0.9428571428571428,682.9605427742254,2024.0,4.6,21.0,8.0,306.8,0.9289269914622982,,0.6829605427742254,,,0.5073321119125032
344,2024-06-05,104.0,2024-06-05,7986.458333333333,0.007913314156431,126.37909832976646,2053.8840136434223,0.3693414768786355,2000.1568879481567,0.3300183614095052,4.977712159518947e-06,722.7791666666667,0.150875,0.1462083333333333,0.3223333333333333,0.1878462136984525,0.1247951707770061,0.063888474346675,12.32127659574468,11.495833333333332,10.447916666666666,0.0,722.7791666666667,55.57083333333333,11.329166666666666,2024-06-05,0.3300183614095052,1081.2466430395264,2626.4083191007835,2549.821649229971,4395.807633264659,0.1631069346544513,0.2186069346544513,F2,6521.563870397864,157.0,157.0,0.6,12.275,765.8916666666668,59.10833333333333,9.82857142857143,0.3714285714285714,584.0149970233916,2024.0,0.6,24.2,9.6,316.40000000000003,0.9296972461214814,,0.5840149970233917,,,0.5354910956811094
345,2024-06-06,105.0,2024-06-06,7962.8125,0.0079248130925077,126.1931574991135,2090.708172425849,0.3373690293679108,2038.0167603975576,0.3005854288736979,4.790357688859504e-06,724.3562499999999,0.1291666666666666,0.1327291666666666,0.3119375,0.1715307965633053,0.1058020508420828,0.0541650095028795,13.831914893617022,12.802083333333334,11.41875,0.0,724.3562499999999,46.01666666666667,14.129166666666668,2024-06-06,0.3005854288736979,1091.870843406756,2673.4972863100315,2598.085824400549,4395.493069378935,0.1489402521106418,0.2044402521106418,F2,6517.666317953657,158.0,158.0,2.2,14.658333333333331,767.1208333333334,52.958333333333336,10.428571428571429,0.6,784.7462553630652,2024.0,2.2,27.8,11.4,327.8,0.9309866726964882,,0.7847462553630652,,,0.5591527539627125
346,2024-06-07,106.0,2024-06-07,8158.479166666667,0.0078288222550616,127.7362772731508,2107.315823350531,0.3240734989314313,2052.512593597457,0.2902768452962239,4.9461443021178095e-06,722.725,0.108125,0.1206041666666666,0.3000416666666666,0.1556323083934871,0.087294286676935,0.0446900209378795,14.510416666666666,13.627083333333331,12.379166666666668,0.0,722.725,42.24791666666667,15.047916666666666,2024-06-07,0.2902768452962239,1092.973838560845,2694.7343533788435,2616.565269457805,4348.083495290023,0.1351355891368016,0.1906355891368016,F2,6430.471564147782,159.0,159.0,3.4,15.266666666666666,765.1916666666666,50.29166666666666,11.2,0.7714285714285715,862.3626577749442,2024.0,3.4,26.2,10.6,338.40000000000003,0.9331238086074604,,0.8623626577749441,,,0.6061356205772259
347,2024-06-08,107.0,2024-06-08,8267.208333333334,0.0077776113191252,128.58220009588322,2110.650618563141,0.3217720717914349,2043.4581417114105,0.296857198079427,6.096367211203716e-06,721.6687499999999,0.0994375,0.1147291666666666,0.2890416666666666,0.1473974519921392,0.0777079172950123,0.0397823108837052,13.485106382978724,12.958333333333334,12.03125,0.0033,721.6687499999999,63.53958333333333,12.360416666666666,2024-06-08,0.296857198079427,1101.5348725688889,2698.998729473461,2605.0225561936286,4310.328931016251,0.1279852603731907,0.1834852603731907,F2,6330.507870733245,160.0,160.0,3.8,13.116666666666667,764.375,69.69166666666666,12.02857142857143,0.8285714285714285,457.4253811464046,2024.0,3.8,24.6,9.8,348.20000000000005,0.938920165207593,,0.45742538114640463,,,0.6151865422602477
348,2024-06-09,108.0,2024-06-09,8214.1875,0.0078025762481926,128.1697389502589,2094.0812191091204,0.3347344129045587,2022.2296459125057,0.3123079935709635,6.589946203251656e-06,722.3625000000001,0.1221666666666666,0.1234374999999999,0.2832916666666666,0.1588666556895441,0.0910594583300011,0.0466175880950861,12.771739130434783,12.454166666666666,11.6875,1.903,722.3625000000001,71.68958333333333,12.025,2024-06-09,0.3123079935709635,1095.6239653598957,2677.810576549797,2577.9602399849423,4337.804670180642,0.1379439740527448,0.1934439740527448,F2,6363.129083905448,161.0,161.0,3.0,13.8,765.0127659574467,65.85531914893616,12.742857142857144,0.7142857142857143,538.7943942638332,2024.0,3.0,27.0,11.0,359.20000000000005,0.9399924338928769,0.9274811623559306,0.5387943942638331,,,0.6361694060567106
349,2024-06-10,109.0,2024-06-10,8307.583333333334,0.0077585596686497,128.89652263871696,2102.4165562974463,0.328083281462863,2036.9947012206208,0.3013458251953125,5.952472969242825e-06,722.28125,0.0993749999999999,0.1145208333333333,0.2764166666666667,0.1444573743414959,0.0742853111198774,0.0380301189883184,14.733333333333334,13.86875,12.729166666666666,0.0,722.28125,53.09166666666667,14.1125,2024-06-10,0.3013458251953125,1086.465726715458,2688.469405767273,2596.782892299647,4277.306238973959,0.1254323898957889,0.1809323898957889,F2,6283.649024524247,162.0,162.0,5.0,15.666666666666666,764.8562499999999,54.5,13.742857142857144,1.0,809.869335392302,2024.0,5.0,25.0,10.0,369.2000000000001,0.9381330633157244,0.9291212857893764,0.809869335392302,,,0.6605243114606422
350,2024-06-11,110.0,2024-06-11,8317.875,0.007754077451981,128.97455806229408,2112.79047634313,0.3208405776390418,2044.908876132808,0.296667734781901,6.157335822943706e-06,723.275,0.087,0.1051666666666666,0.2647708333333333,0.1332916070451642,0.0612870067757109,0.0313756801308529,14.425,13.604166666666666,12.63125,0.0,723.275,63.0,12.727083333333333,2024-06-11,0.296667734781901,1091.9806829924305,2701.735076919432,2606.8719681358875,4234.881674387754,0.1157371501519996,0.1712371501519996,F2,6205.288576221631,163.0,163.0,3.8,14.948936170212766,765.9936170212766,61.94893617021276,14.571428571428571,0.8285714285714285,646.7721733493199,2024.0,3.8,25.4,10.2,379.4,0.9354034269159451,0.9307846947717499,0.6467721733493199,,,0.6612523190952703
351,2024-06-12,111.0,2024-06-12,8462.395833333334,0.0076871686830912,130.09252584556404,2152.051115346487,0.2923784630024892,2094.000037737835,0.2643915812174479,5.135867213631777e-06,724.1458333333334,0.0712708333333333,0.0956041666666666,0.2515416666666666,0.1202585743158962,0.046114979502837,0.0236084110195977,14.464583333333332,13.929166666666667,13.079166666666666,0.0,724.1458333333334,45.42083333333333,14.39375,2024-06-12,0.2643915812174479,1097.4472431359625,2751.9396981184227,2669.4539122826554,4234.445339193437,0.1044205631638022,0.1599205631638022,F2,6225.2870581992765,164.0,164.0,3.0,15.141666666666666,766.6895833333333,51.55,15.285714285714286,0.7142857142857143,833.8062560239653,2024.0,3.0,26.6,10.8,390.2000000000001,0.935924338223454,0.9324761668514677,0.8338062560239653,,,0.6785292107151706
352,2024-06-13,112.0,2024-06-13,8565.583333333334,0.0076405701731787,130.88415150729742,2179.773860895245,0.2745475656561574,2128.063218941354,0.2452570597330729,4.500900070943252e-06,724.9770833333333,0.0595625,0.086875,0.2370833333333333,0.1089620903396913,0.032964505124784,0.0168760692172845,14.585106382978724,13.785416666666668,12.79375,0.0,724.9770833333333,39.77291666666667,15.014583333333334,2024-06-13,0.2452570597330729,1097.0586478710702,2787.390214824286,2712.8780243599213,4216.11998122454,0.0946118220800468,0.1501118220800468,F2,6206.404249527058,165.0,165.0,2.2,15.341666666666669,767.3729166666667,48.73333333333333,15.885714285714286,0.6,893.6918289925612,2024.0,2.2,27.8,11.4,401.6,0.9389507407178734,0.9333915111483403,0.8936918289925613,,,0.6992532716175385
353,2024-06-14,113.0,2024-06-14,8586.458333333334,0.0076316756925012,131.04126797049148,2196.540002573633,0.2643382674076798,2132.887212031185,0.2428092956542968,5.530344771096433e-06,724.7604166666666,0.0466875,0.078125,0.2223125,0.0970875968247791,0.0191411576965811,0.009799252285562,14.966666666666669,14.620833333333332,13.758333333333333,0.0,724.7604166666666,49.61666666666667,13.279166666666669,2024-06-14,0.2428092956542968,1093.7001713299924,2808.8299522636103,2719.027702962785,4167.668177594238,0.0843011951067471,0.1398011951067471,F2,6087.064271740217,166.0,166.0,7.0,14.391666666666666,767.3312500000001,55.6,16.885714285714286,1.0,728.023367169152,2024.0,5.8,21.8,8.8,410.4,0.9394419993345928,0.9340754213086315,0.7280233671691521,,,0.7094266852184639
354,2024-06-15,114.0,2024-06-15,8752.916666666666,0.0075586637904932,132.30591071167524,2212.8812021431872,0.2546474629450176,2145.133049119618,0.2364018758138021,5.855258044011868e-06,721.8520833333333,0.04325,0.0738333333333333,0.2113541666666666,0.0916620522407113,0.0128251672352961,0.0065658018880247,12.908888888888889,12.758333333333333,12.091666666666669,0.0072,721.8520833333333,66.33333333333333,10.86875,2024-06-15,0.2364018758138021,1102.7591947950443,2829.7262941254025,2734.638828624564,4160.100005807001,0.079590192800579,0.135090192800579,F2,6057.899299765019,167.0,167.0,2.6,13.52,764.6125,68.52000000000001,17.542857142857144,0.6571428571428571,487.7778281201519,2024.0,1.8,24.2,9.6,420.00000000000006,0.9409596263909182,0.9357137282634399,0.4877778281201519,4316.189150290649,6365.315126454349,0.70225661692003
355,2024-06-16,115.0,2024-06-16,9028.0625,0.0074427707923796,134.36823525207703,2236.04172543972,0.2417450577631782,2184.1559691416314,0.2172597249348958,4.400661826840105e-06,718.4729166666666,0.0346666666666666,0.0671041666666666,0.1979583333333333,0.0826371900967293,0.0023191355673996,0.0011872737725486,14.956521739130435,14.097916666666668,12.904166666666669,0.0,718.4729166666666,42.79791666666667,13.925,2024-06-16,0.2172597249348958,1100.7559874291503,2859.3428599376243,2784.385669428824,4136.813647568985,0.0717539017676018,0.1272539017676018,F2,6055.85165877652,168.0,168.0,1.8,13.75,760.8145833333333,55.30833333333334,18.08571428571429,0.5428571428571428,702.9345305655055,2024.0,1.8,26.2,10.6,430.6000000000001,0.9420159580200234,0.9370731747091066,0.7029345305655055,4293.201664866348,6321.011515008321,0.6964547014602288
356,2024-06-17,116.0,2024-06-17,9495.354166666666,0.0072576872757203,137.7994549856265,2269.2266850910314,0.2246630932268699,2227.567831153026,0.198394775390625,3.4626157710469064e-06,714.4083333333333,0.0249583333333333,0.0594375,0.1821874999999999,0.0722708928236935,0.0097484889227946,0.0049907066161695,16.166666666666668,15.56875,14.16875,0.0,714.4083333333333,30.55208333333333,14.691666666666668,2024-06-17,0.198394775390625,1105.2886471668337,2901.778193928378,2839.727580984367,4117.024744528648,0.0627528421314682,0.1182528421314682,F2,6038.955874430534,169.0,169.0,1.0,14.116666666666667,756.43125,43.65833333333333,18.51327825760965,0.4275639718953592,907.5223431813178,2024.0,1.0,25.8,10.4,441.00000000000006,0.9453267909492911,0.9381709388537436,0.9075223431813177,4269.6908719776475,6278.657432126122,0.7086215636528671
357,2024-06-18,117.0,2024-06-18,9657.020833333334,0.0071964490226095,138.96910654599446,2304.5984369739,0.2076711023687326,2258.226838947892,0.1861139933268229,3.8030155066030887e-06,714.2312499999999,0.0182916666666666,0.0532708333333333,0.1655833333333333,0.0556940967399079,0.0290458855843766,0.0148699449223865,16.3,15.579166666666666,14.45625,0.0,714.2312499999999,36.99791666666667,12.677083333333334,2024-06-18,0.1861139933268229,1112.229819872114,2947.0098928895754,2878.8120159555924,4041.343828348613,0.0483592041529111,0.1038592041529112,F2,5880.410407213847,170.0,170.0,3.4,13.05,756.7395833333334,43.03333333333333,19.28470682903822,0.7714285714285715,856.0248119699152,2024.0,3.4,20.2,7.6,448.6000000000001,0.9480325529327804,0.9398077771499717,0.8560248119699152,4240.944388339835,6228.867794824024,0.720983297166845
358,2024-06-19,118.0,2024-06-19,9358.0625,0.0073102697626673,136.80253378602487,2311.336672480081,0.2052024101796348,2255.575691354485,0.1878293355305989,4.586388282985163e-06,720.0791666666668,0.0148125,0.0488125,0.1501666666666666,0.0506821801617169,0.0348803629921498,0.0178568863069922,14.985416666666666,14.84375,14.189583333333331,0.0,720.0791666666668,47.74791666666667,10.827083333333334,2024-06-19,0.1878293355305989,1096.654429243918,2955.626425114343,2875.4323043091194,4008.663320784051,0.0440073551924373,0.0995073551924373,F2,5794.896259448499,171.0,171.0,1.0,12.3,762.6999999999999,52.625,19.713278257609648,0.4285714285714285,677.7237278402835,2024.0,1.0,22.2,8.6,457.2000000000001,0.9468607358541441,0.9407510653661058,0.6777237278402835,4213.291223162649,6176.962965470499,0.72767677793948
359,2024-06-20,119.0,2024-06-20,9015.625,0.0074481114083878,134.27443572251943,2280.581682009566,0.2192828721738289,2198.14684311616,0.21136474609375,6.9518310868950135e-06,723.6333333333333,0.0169374999999999,0.0463958333333333,0.1375208333333333,0.0470001935685518,0.0391666409575543,0.0200512321148504,13.439583333333331,13.30625,12.989583333333334,1.6746,723.6333333333333,67.60416666666667,11.833333333333334,2024-06-20,0.21136474609375,1122.5638030761418,2916.298419107647,2802.2213870002074,3922.424019637761,0.0408102849144384,0.0963102849144384,F2,5590.653313439965,172.0,172.0,4.6,13.825,766.0583333333334,63.96666666666667,20.65613540046679,0.9428571428571428,569.5214441782537,2024.0,4.6,24.2,9.6,466.8000000000001,0.9517962559214973,0.9426301352591028,0.5695214441782537,4179.5005767525645,6110.747750862378,0.712303577140565
360,2024-06-21,120.0,2024-06-21,8435.25,0.0076998780284347,129.8817228894108,2168.821333840759,0.2821874298861859,2080.705463268128,0.273053487141927,7.839920302985268e-06,724.9145833333333,0.1165208333333333,0.0810416666666666,0.1322916666666666,0.1077950122082205,0.0316058849472649,0.0161805281172735,12.9625,12.65625,12.28125,9.8873,724.9145833333333,85.25625000000001,10.079166666666667,2024-06-21,0.273053487141927,1134.596732799254,2773.384648794269,2652.5058448563377,4187.256189385401,0.093598447720359,0.149098447720359,F2,6055.990717718535,173.0,173.0,7.4,12.45,767.9666666666667,80.14166666666667,21.65613540046679,1.0,286.89894007649497,2024.0,7.0,19.8,8.4,475.2000000000001,0.9581864933338939,0.9451783524484932,0.28689894007649497,4168.012912045091,6083.999118974575,0.6711990258763901
361,2024-06-22,121.0,2024-06-22,8169.416666666667,0.0078250912346899,127.81357977701376,2091.4952880185124,0.3402067527628821,2015.1034404649647,0.3205223083496094,7.015071231245163e-06,725.5291666666667,0.1604374999999999,0.1355625,0.1375833333333333,0.1466881250544759,0.0768821749012681,0.0393595748001595,13.123913043478264,12.9375,12.3875,8.715099,725.5291666666667,77.01875,10.78125,2024-06-22,0.3205223083496094,1112.076792425648,2674.503811959451,2568.875676150732,4267.33666085687,0.1273693515390855,0.1828693515390855,F2,6236.331852470854,174.0,174.0,3.4,14.063414634146342,768.4170731707317,70.10731707317073,22.427563971895363,0.7714285714285715,479.8359658091831,2024.0,2.6,24.6,9.8,485.0000000000001,0.9625926696583823,0.9458237448912747,0.4798359658091831,4164.942035605136,6077.27226052726,0.6727997819237314
362,2024-06-23,227.0,,,,,,,,,,,,,,,,,,,,,,,,,,1089.561653745673,,,,,,F2,,175.0,175.0,3.0,14.54,769.7275,69.34,23.14184968618108,0.7142857142857143,507.574205380174,2024.0,3.0,25.8,10.4,495.4000000000001,0.9531639402656388,0.945452600910409,0.5075742053801741,,,0.6705697684320414
363,2024-06-24,122.0,2024-06-24,8341.3125,0.007742797245807,129.1582484794797,2114.857146586822,0.3189544055795839,2045.1660044532337,0.2958017985026042,6.312749088538956e-06,725.0437499999999,0.1244583333333333,0.1248541666666666,0.1800625,0.1371086995913084,0.0657305644200594,0.0336505447494222,14.919148936170211,14.177083333333334,13.216666666666669,0.0,725.0437499999999,54.525,14.75625,2024-06-24,0.2958017985026042,1098.6854481093146,2704.37783565596,2607.1997581017654,4261.06792166916,0.1190515329773749,0.1745515329773749,F2,6242.056660278815,176.0,176.0,4.6,15.358333333333334,767.5437499999999,61.45,24.084706829038225,0.9428571428571428,672.7315588025598,2024.0,4.6,27.4,11.2,506.6000000000001,0.9429040695494427,0.9462007109271471,0.6727315588025597,,,0.6607742129613455
364,2024-06-25,123.0,2024-06-25,8524.0,0.0076594305390419,130.56466518524957,2149.716227820531,0.2947236783983689,2080.992829642483,0.2731259663899739,6.121360455713615e-06,725.3229166666666,0.0949375,0.1046666666666666,0.1791666666666666,0.1172588828554229,0.04262297563897,0.0218206912073158,16.140425531914893,15.31875,14.160416666666668,0.0,725.3229166666666,52.74583333333334,15.31875,2024-06-25,0.2731259663899739,1099.9962807104143,2748.9539559919926,2652.872182620643,4211.08055242471,0.1018159299939671,0.1573159299939671,F2,6155.41003703096,177.0,177.0,4.6,16.099999999999998,767.7208333333333,58.01666666666667,25.027563971895365,0.9428571428571428,768.2669737850558,2024.0,4.6,28.6,11.8,518.4000000000001,0.9394526617411748,0.9466914380681097,0.7682669737850558,,,0.6694524129924695
365,2024-06-26,124.0,2024-06-26,8508.583333333334,0.0076664044171348,130.4463377860393,2192.169757993591,0.2667777886862587,2112.265945530281,0.2537778218587239,7.009152619411995e-06,725.81875,0.0737916666666666,0.0895624999999999,0.1731041666666666,0.1015977475397383,0.0243915189189897,0.0124871573237146,15.15625,15.170833333333334,14.679166666666667,0.0,725.81875,58.739583333333336,14.61875,2024-06-26,0.2537778218587239,1114.5953765585673,2803.241493204928,2692.739489235469,4190.49653222705,0.088217360588408,0.143717360588408,F2,6079.074590054142,178.0,178.0,5.8,15.966666666666669,768.03125,62.16666666666666,26.027563971895365,1.0,686.4551712999345,2024.0,5.8,28.6,12.2,530.6000000000001,0.9466048079766266,0.9477412730003746,0.6864551712999345,,,0.6589273355121816
366,2024-06-27,125.0,2024-06-27,8273.5,0.0077756830627253,128.62557487797707,2127.3746280794817,0.3150663457014502,2029.7745187256005,0.3168500264485677,8.903124136596148e-06,722.6854166666667,0.113,0.1043333333333333,0.1713958333333333,0.1231432026941637,0.0494730360148027,0.0253275569287191,14.514893617021276,13.995833333333332,13.29375,0.8322,722.6854166666667,85.38958333333333,12.264583333333334,2024-06-27,0.3168500264485677,1114.8435632074938,2720.3845903257097,2587.57852550816,4203.548308525859,0.1069252870181342,0.1624252870181342,F2,6062.499999569522,179.0,179.0,7.0,14.783333333333331,765.0770833333332,76.58333333333333,27.027563971895365,1.0,393.79880598833086,2024.0,7.0,25.0,11.0,541.6000000000001,0.9512211889653908,0.9488300926944724,0.39379880598833084,,,0.6232206910118795
367,2024-06-28,126.0,2024-06-28,8494.145833333334,0.0076732213461521,130.33386398251682,2087.336165883828,0.3404529739647822,2000.68842505101,0.3293940226236979,8.026617789344e-06,720.6437500000001,0.1324375,0.1213541666666666,0.1725,0.1376187749655013,0.0663243538817476,0.0339545332976504,14.672916666666666,14.414583333333333,13.877083333333331,4.9042997,720.6437500000001,81.08749999999999,11.614583333333334,2024-06-28,0.3293940226236979,1111.1027902882502,2669.1853261529845,2550.4992584817205,4208.501367707284,0.1194944316075324,0.1749944316075324,F2,6111.028993960396,180.0,180.0,5.8,14.354545454545455,763.2022727272728,75.35454545454546,28.027563971895365,1.0,403.14018293274034,2024.0,5.8,24.2,10.0,551.6000000000001,0.9543943239105941,0.9498955076201099,0.40314018293274034,,,0.6000147492807072
368,2024-06-29,127.0,2024-06-29,8318.958333333334,0.0077534373813787,128.98371946462643,2151.575399067585,0.2936413304238677,2071.447282546837,0.2791773478190104,7.167180043988654e-06,724.74375,0.1202916666666666,0.1193124999999999,0.1712708333333333,0.1314254838281821,0.059114613524598,0.0302635306011037,15.620833333333332,15.020833333333334,14.183333333333332,2.3199,724.74375,63.87083333333334,14.116666666666667,2024-06-29,0.2791773478190104,1124.746242778203,2751.331374968653,2640.703415867956,4301.538206035931,0.1141167946941138,0.1696167946941138,F2,6268.465514282097,181.0,181.0,7.8,16.358333333333334,767.0583333333334,63.76666666666667,29.027563971895365,1.0,674.0571431220959,2024.0,7.8,27.4,12.599999999999998,564.2000000000002,0.9572944311044769,0.9512415882961369,0.6740571431220959,,,0.6133204146379889
369,2024-06-30,128.0,2024-06-30,8290.708333333334,0.0077665830619556,128.7648101508085,2164.0545205153294,0.2846976865403796,2077.164836753815,0.2748959859212239,7.749868422410751e-06,726.9520833333332,0.0979375,0.1046041666666666,0.1675,0.1158986754132013,0.0410395295724373,0.0210100512380674,16.052083333333332,15.427083333333334,14.577083333333334,0.0,726.9520833333332,60.50625,15.4375,2024-06-30,0.2748959859212239,1118.490836473775,2767.289076653708,2647.9922158543177,4230.525388034688,0.1006348613845615,0.1561348613845615,F2,6130.42287715841,182.0,182.0,9.4,17.466666666666665,769.2125,61.625,30.027563971895365,1.0,765.8815889394124,2024.0,9.4,26.6,13.0,577.2000000000002,0.95833645877076,0.9523273428553444,0.7658815889394124,,,0.617816633093268
370,2024-07-01,129.0,2024-07-01,8115.914893617021,0.0078500788370884,127.3985581041187,2068.6568304321872,0.3574285134290573,1970.1818467170024,0.3574679760222739,9.262625769401416e-06,724.5723404255319,0.149875,0.13075,0.1668333333333333,0.147074578529977,0.077332053512931,0.0395898886653626,15.25,14.914583333333333,14.316666666666668,5.8080997,724.5723404255319,88.00851063829786,12.172340425531916,2024-07-01,0.3574679760222739,1118.7856426429405,2645.299088322818,2511.609142237,4222.827350362317,0.1277049092303187,0.1832049092303186,F2,6100.484440121104,183.0,183.0,10.6,14.591666666666669,767.0916666666667,85.40833333333335,31.027563971895365,1.0,242.3716875500539,2024.0,9.4,22.2,10.8,588.0000000000001,0.9605314532570705,0.9531536495432055,0.2423716875500539,,,0.5703058719767491
371,2024-07-02,228.0,,,,,,,,,,,,,,,,,,,,,,,,,,1102.037551914034,,,,,,F2,,184.0,184.0,7.4,14.678048780487805,765.3658536585366,73.1219512195122,32.02756397189536,1.0,448.9489805798437,2024.0,7.0,21.4,9.2,597.2000000000002,0.9540435697293139,0.9525296633239656,0.44894898057984367,,,0.5412290268774583
372,2024-07-03,130.0,2024-07-03,8334.916666666666,0.0077460080516921,129.1073898799264,2079.0038501342774,0.3478112885593438,2016.970074833893,0.3173077901204427,5.706150459830647e-06,723.5145833333332,0.1580625,0.1579791666666666,0.2530833333333333,0.1794175935935836,0.1149832369961149,0.0588652873455379,14.308695652173911,14.23125,13.85,0.9826,723.5145833333332,61.79166666666666,11.627083333333331,2024-07-03,0.3173077901204427,1124.7484572063815,2658.530360606428,2571.255281847549,4409.4868241954455,0.1557883607976529,0.2112883607976529,F2,6511.986073285627,185.0,185.0,2.6,13.075,766.2916666666666,62.9,32.68470682903822,0.6571428571428571,558.4050274235036,2024.0,2.6,23.4,9.2,606.4000000000002,0.9558313748791953,0.9542496226464269,0.5584050274235036,,,0.5327062625619741
373,2024-07-04,131.0,2024-07-04,8454.25,0.0076910614375474,130.02881998461916,2126.003330087884,0.3111471595049953,2079.5179595124896,0.273657480875651,4.140448852389084e-06,724.9187499999999,0.1275,0.1331875,0.2468333333333333,0.1563230636887869,0.0880984094315441,0.0451016889187762,14.332608695652173,14.185416666666669,13.779166666666669,0.0,724.9187499999999,42.41458333333333,12.310416666666669,2024-07-04,0.273657480875651,1116.7455488859894,2718.631040257072,2650.992002215836,4390.351405311946,0.1357353722071889,0.1912353722071889,F2,6521.456858867567,186.0,186.0,0.6,12.825,767.7645833333332,50.15,33.05613540046679,0.3714285714285714,738.1345533846345,2024.0,0.6,23.0,9.0,615.4000000000002,0.9552485191452398,0.9538934202340076,0.7381345533846345,,,0.5447500560767156
374,2024-07-05,132.0,2024-07-05,8478.416666666666,0.0076798001588415,130.21617315325088,2151.588726722765,0.2928761558133065,2107.1392854552737,0.256970723470052,3.908869049868994e-06,726.30625,0.1001041666666666,0.1142291666666666,0.2374583333333333,0.135901899174581,0.0643257026955595,0.0329313304425904,14.008695652173913,13.99375,13.65625,0.0,726.30625,42.89791666666667,11.085416666666667,2024-07-05,0.256970723470052,1113.8523078639882,2751.348417734557,2686.20396748402,4328.020640477923,0.1180036677431674,0.1735036677431674,F2,6419.759414448628,187.0,187.0,-0.2,11.3,769.4270833333334,53.0,33.31327825760965,0.2571428571428572,629.3874149179285,2024.0,-0.2,21.8,8.4,623.8000000000002,0.9586240004079276,0.9526234148398299,0.6293874149179285,,,0.5692135185653894
375,2024-07-06,133.0,2024-07-06,8759.5,0.007555635567055,132.35674938793912,2185.225076888597,0.2710769445088064,2137.6954806231392,0.2401199340820312,4.118891644004762e-06,724.5583333333334,0.0786041666666666,0.0996875,0.2249375,0.1188300327043226,0.0444519841938052,0.022757046079126,14.854347826086956,14.56875,13.879166666666668,0.0,724.5583333333334,43.04791666666667,11.84375,2024-07-06,0.2401199340820312,1115.4575835946457,2794.360968254884,2725.157335805565,4290.660920396717,0.1031801599706661,0.1586801599706661,F2,6339.88648932248,188.0,188.0,0.2,12.1,767.4666666666667,51.35833333333333,33.62756397189537,0.3142857142857143,686.7420846923467,2024.0,0.2,23.4,9.2,633.0000000000002,0.955969593501576,0.952830392041397,0.6867420846923467,,,0.5839925270570439
376,2024-07-07,134.0,2024-07-07,8980.083333333334,0.0074623063827903,134.01263855420098,2221.4030739745176,0.2501156810540299,2172.1398411124405,0.2231114705403646,4.19910924341962e-06,722.9145833333333,0.0633125,0.0886666666666666,0.2105624999999999,0.1052222653696776,0.0286108962894895,0.014647253593592,16.04,15.766666666666666,14.697916666666666,0.0,722.9145833333333,41.68125,12.841666666666669,2024-07-07,0.2231114705403646,1114.2708617063065,2840.6236548933134,2769.067379361997,4271.302915975215,0.0913645307187084,0.1468645307187084,F2,6292.676796145146,189.0,189.0,1.0,13.058333333333332,765.5354166666666,50.93333333333334,34.0561354004668,0.4285714285714285,737.7152099349523,2024.0,1.0,23.4,9.2,642.2000000000003,0.9552625742248836,0.9543431275109886,0.7377152099349523,,,0.600431170239528
377,2024-07-08,135.0,2024-07-08,8987.729166666666,0.0074592522070969,134.0689456161824,2242.704298416974,0.2384199436757026,2189.145381727201,0.2153256734212239,4.53668090901775e-06,724.06875,0.0507708333333333,0.0795,0.194625,0.0930840558351743,0.0144805515012212,0.0074132703801863,16.44222222222222,16.212500000000002,15.15,0.0,724.06875,47.88958333333333,12.135416666666666,2024-07-08,0.2153256734212239,1112.63989959198,2867.862638551138,2790.7462265952545,4226.4973463620245,0.0808249190311156,0.1363249190311156,F2,6199.886072239244,190.0,190.0,2.6,13.316666666666668,766.8645833333334,52.65,34.71327825760966,0.6571428571428571,724.0192636146217,2024.0,2.6,24.2,9.6,651.8000000000003,0.9549161886184246,0.9551974403546118,0.7240192636146217,,,0.604094577726104
378,2024-07-09,136.0,2024-07-09,9078.8125,0.0074215314490239,134.74784370833436,2284.6096282187623,0.2170122367970708,2226.91549282098,0.1986211140950521,4.800439638840505e-06,725.3020833333334,0.0401875,0.0714791666666666,0.1778541666666666,0.0819948241405418,0.0015713438592918,0.000804444284335,16.116666666666667,16.006249999999998,15.289583333333333,1.1137999,725.3020833333334,49.09166666666667,12.152083333333332,2024-07-09,0.1986211140950521,1107.7515349301457,2921.4491634352,2838.895973018164,4221.707327394479,0.0711961351777023,0.1266961351777023,F2,6166.678271537118,191.0,191.0,2.2,12.808333333333332,767.9812499999999,56.96666666666667,35.31327825760966,0.6,636.5040724004567,2024.0,2.2,25.8,10.4,662.2000000000003,0.952714566935627,0.9556722288687794,0.6365040724004567,,,0.5946829419129183
379,2024-07-10,137.0,2024-07-10,9016.9375,0.0074469374273048,134.28796965860096,2307.051223941184,0.2065065542773648,2239.8475340747923,0.1932805379231771,5.555659237511898e-06,726.9854166666668,0.0349791666666666,0.0659583333333333,0.1626458333333333,0.0744279271629999,0.0072374399210539,0.0037051833965441,15.541666666666666,14.947916666666666,14.2875,0.0073,726.9854166666668,54.583333333333336,12.779166666666669,2024-07-10,0.1932805379231771,1120.82527742035,2950.1463991640608,2855.3818791770213,4203.128607982886,0.0646257958210934,0.1201257958210934,F2,6101.677416934416,192.0,192.0,2.6,13.666666666666666,769.68125,60.083333333333336,35.97042111475252,0.6571428571428571,624.4368696136656,2024.0,2.6,26.2,10.6,672.8000000000003,0.954587166549562,0.9560536329194748,0.6244368696136656,,,0.590253063221042
380,2024-07-11,138.0,2024-07-11,9107.75,0.0074096997893084,134.96261732148722,2360.8914703763166,0.183725006762831,2293.581003858897,0.1733716328938802,5.436691433023356e-06,727.2270833333333,0.0270851063829787,0.0598541666666666,0.1459791666666666,0.065178900558501,0.0180044261479714,0.0092173063342064,16.606818181818184,16.554166666666667,15.383333333333333,0.0,727.2270833333333,47.97291666666666,14.8625,2024-07-11,0.1733716328938802,1131.4793400757374,3018.994722730699,2923.8818880359795,4223.319186354011,0.0565948627067375,0.1120948627067375,F2,6115.503997143256,193.0,193.0,3.8,15.441666666666668,769.6958333333333,55.43333333333334,36.79899254332395,0.8285714285714285,781.8982044182537,2024.0,3.8,28.2,11.6,684.4000000000003,0.9599696034464235,0.9570721006005473,0.7818982044182538,,,0.6179744488231792
381,2024-07-12,139.0,2024-07-12,9293.625,0.0073353486559765,136.33210126555795,2379.5627676414765,0.1760875356051206,2316.0233129145595,0.1654408772786458,5.086290045095619e-06,727.13125,0.0210212765957446,0.0538333333333333,0.1286666666666666,0.0565984941036174,0.0279930576085132,0.0143309531272024,17.54222222222222,17.133333333333333,15.808333333333332,0.0,727.13125,41.975,16.416666666666668,2024-07-12,0.1654408772786458,1125.7910381831307,3042.8706817137136,2952.491586521952,4180.957614745783,0.0491444927078406,0.1046444927078406,F2,6045.522884062858,194.0,194.0,4.6,16.925,769.2395833333334,51.74166666666667,37.732809861094914,0.933817317770966,930.6806184742971,2024.0,4.6,29.4,12.2,696.6000000000004,0.9651234979048938,0.9579713375818437,0.9306806184742972,,,0.655655908504719
382,2024-07-13,140.0,2024-07-13,9346.770833333334,0.0073145313733101,136.7209414989923,2415.783742729647,0.1624470600526139,2356.86770867434,0.1521784464518229,4.634176830754799e-06,728.3416666666667,0.016595744680851,0.0484999999999999,0.1117083333333333,0.0419192224109542,0.0450815062523095,0.0230793278119447,17.744444444444444,17.385416666666668,16.15625,0.0,728.3416666666667,35.68333333333333,16.966666666666665,2024-07-13,0.1521784464518229,1135.1727693142325,3089.188326559081,3004.560464311255,4105.889028141668,0.0363984758379255,0.0918984758379255,F2,5908.012576167576,195.0,195.0,4.6,16.758333333333333,770.4416666666666,48.24166666666667,38.649832960168986,0.9170230990740728,987.6791789001168,2024.0,4.6,31.4,13.2,709.8000000000004,0.9692225830031818,0.9586096654691973,0.9876791789001168,,,0.6780574824888633
383,2024-07-14,141.0,2024-07-14,9329.5,0.0073211404783723,136.59554586987025,2427.762379570611,0.158232147693007,2353.913562983555,0.1530291239420572,5.810015786658713e-06,729.0437499999999,0.0132340425531914,0.044,0.09675,0.036996035580029,0.050812691496747,0.0260133891156434,17.66086956521739,17.395833333333332,16.4625,0.0,729.0437499999999,45.1,16.008333333333333,2024-07-14,0.1530291239420572,1149.5042997815744,3104.506032545207,3000.794487410778,4077.3384853494745,0.0321236709487919,0.0876236709487919,F2,5813.728069633987,196.0,196.0,5.8,18.05,771.0916666666667,46.81666666666666,39.58697234079755,0.9371393806285644,1101.153981988594,2024.0,5.8,29.4,12.599999999999998,722.4000000000004,0.9743723223634766,0.9605083570847008,1.101153981988594,,,0.702005510563805
384,2024-07-15,142.0,2024-07-15,9116.229166666666,0.0074067616183633,135.02232862778283,2365.9082218758085,0.1817338335247498,2268.3545133467364,0.1825879414876302,7.964692201032992e-06,727.7020833333332,0.0391063829787234,0.0422916666666666,0.0869166666666666,0.050967862583229,0.034547794082012,0.0176866287549447,15.360869565217392,15.477083333333333,15.070833333333333,4.1549997,727.7020833333332,73.55833333333334,13.641666666666666,2024-07-15,0.1825879414876302,1162.258267732928,3025.4099038147338,2891.722884894987,4105.933600662648,0.0442554133413883,0.0997554133413883,F2,5833.111301278233,197.0,197.0,7.8,16.849999999999998,770.00625,63.65833333333333,40.58697234079755,1.0,697.5369305908735,2024.0,7.8,27.8,12.8,735.2000000000004,0.9847910267843626,0.9631698176234063,0.6975369305908734,,,0.7345173136381492
385,2024-07-16,143.0,2024-07-16,9154.0,0.007391601221292,135.3009243663212,2346.347927166062,0.1896973106784097,2252.965255886738,0.1884867350260416,7.678610506938614e-06,726.3895833333332,0.0594893617021276,0.0427916666666666,0.0815,0.058665724909248,0.0255865507874324,0.0130989499307129,14.967391304347826,15.310416666666669,15.0,3.2642999,726.3895833333332,72.80833333333334,12.65,2024-07-16,0.1884867350260416,1178.6346196563218,3000.3971375589563,2872.10449292108,4140.858992634931,0.0509394699570011,0.1064394699570011,F2,5912.319554191886,198.0,198.0,7.0,15.747826086956522,768.7652173913043,67.52173913043478,41.58697234079755,1.0,581.1026917986488,2024.0,6.6,25.0,10.8,746.0000000000003,0.9972080976145082,0.967859207158882,0.5811026917986488,4226.81806399894,6155.871841089858,0.7439568644394924
386,2024-07-17,144.0,2024-07-17,9121.208333333334,0.0074046681873987,135.0596404480388,2343.14970950384,0.1909188553250745,2258.794391816946,0.1861089070638021,6.918634953608002e-06,727.5041666666666,0.072595744680851,0.0482499999999999,0.0782916666666666,0.0654545228434815,0.0176835684541712,0.0090530443005744,13.34318181818182,13.895833333333334,13.55625,1.5399,727.5041666666666,73.3,11.916666666666666,2024-07-17,0.1861089070638021,1170.5121775261623,2996.3074102819737,2879.5355384959075,4193.931124398541,0.0568341856355339,0.1123341856355339,F2,6026.822269019584,199.0,199.0,3.4,14.121739130434785,770.2478260869566,68.0608695652174,42.35840091222613,0.7714285714285715,514.6281599625988,2024.0,3.4,27.4,11.2,757.2000000000004,1.003210058043997,0.970660932048587,0.5146281599625988,4211.42122829916,6121.217283642284,0.7408299453351421
387,2024-07-18,145.0,2024-07-18,9338.916666666666,0.0073175423610805,136.66387957280554,2385.6403191271843,0.1736988826432481,2302.6495062038084,0.1699473063151041,6.675484414986999e-06,727.8916666666668,0.0491063829787234,0.0511666666666666,0.0757083333333333,0.0558058181021847,0.0289158283988668,0.0148033625770256,16.128888888888888,16.258333333333333,15.197916666666666,0.007999999,727.8916666666668,57.8,14.7,2024-07-18,0.1699473063151041,1163.2873834359884,3050.642362916641,2935.44251297719,4184.470814581105,0.0484562118518028,0.1039562118518027,F2,5999.012788585045,200.0,200.0,5.8,16.283333333333335,770.15,59.333333333333336,43.35840091222613,1.0,752.9250977295872,2024.0,5.8,28.6,12.2,769.4000000000004,1.0035040768783712,0.973510294280506,0.7529250977295872,4196.7154718183865,6083.899850050676,0.741886412788353
388,2024-07-19,146.0,2024-07-19,9251.0625,0.0073522694020617,136.01914810062763,2383.675476665379,0.1745678571783601,2285.666636411943,0.1760838826497396,7.943936841703738e-06,728.36875,0.0454468085106383,0.0489166666666666,0.073,0.052847995111053,0.0323590922977601,0.0165661301256703,16.121739130434783,16.164583333333333,15.3625,0.30269998,728.36875,74.95,13.0,2024-07-19,0.1760838826497396,1174.5768950410352,3048.1298166612887,2913.792566754334,4154.082415614119,0.0458879330888972,0.1013879330888972,F2,5907.071338748616,201.0,201.0,7.4,15.691666666666668,770.7229166666666,67.05,44.35840091222613,1.0,587.4274458215262,2024.0,7.4,25.8,11.6,781.0000000000005,1.0023447830710284,0.977227946300975,0.5874274458215263,4184.291312899543,6047.279273214961,0.7388892721386099
389,2024-07-20,147.0,2024-07-20,9410.770833333334,0.0072895378621567,137.1887087326131,2409.812120265868,0.1644839457961052,2328.310061571653,0.1611874898274739,6.487533261926543e-06,727.9104166666666,0.039875,0.0474583333333333,0.0709583333333333,0.049493792154002,0.0362637904444047,0.0185651274091404,16.62666666666667,16.177083333333332,15.216666666666669,1.3571,727.9104166666666,60.81666666666666,13.675,2024-07-20,0.1611874898274739,1157.0806477816768,3081.5521023062925,2968.1548666942604,4168.297827315943,0.042975477459572,0.098475477459572,F2,5963.360746197745,202.0,202.0,4.6,15.325,770.375,60.9,45.30125805508327,0.9428571428571428,680.870769484853,2024.0,4.6,27.0,11.0,792.0000000000005,0.9985073887842746,0.9797761738948797,0.680870769484853,4175.551091965202,6020.384577277479,0.7384698924809319
390,2024-07-21,148.0,2024-07-21,9565.375,0.0072304018293483,138.3109355581747,2430.583836182055,0.1570605778586317,2348.8048773142427,0.1545702616373697,6.450950425319751e-06,726.94375,0.0280851063829787,0.0445833333333333,0.0694583333333333,0.0431039281836043,0.043702365367271,0.0223732812036855,17.677272727272726,17.625,16.539583333333333,0.0,726.94375,57.54166666666666,13.925,2024-07-21,0.1545702616373697,1152.7650692616962,3108.113975869686,2994.281879626252,4142.659522104204,0.0374271562847648,0.0929271562847648,F2,5908.320343558954,203.0,203.0,7.8,15.283333333333331,769.2770833333334,59.96666666666667,46.30125805508327,1.0,695.2603805097704,2024.0,7.8,24.6,11.2,803.2000000000005,0.9955011587372141,0.9821328481045767,0.6952603805097703,4166.362278117273,5992.930544949894,0.7354374046648474
391,2024-07-22,149.0,2024-07-22,9798.9375,0.0071436833406039,139.98953569599823,2460.720734166975,0.1467815940255416,2384.69043886159,0.1436843872070312,5.9086957950300645e-06,726.15,0.0241702127659574,0.0410416666666666,0.06675,0.0395896922335844,0.0477933612839221,0.0244676530134757,14.074418604651164,14.854166666666666,14.60625,0.017099999,726.15,57.88333333333333,12.475,2024-07-22,0.1436843872070312,1152.4086147130631,3146.6515948655497,3040.02918189016,4158.949783836541,0.0343757439503093,0.0898757439503093,F2,5936.094136656452,204.0,204.0,3.0,13.558333333333332,768.80625,64.10000000000001,47.01554376936898,0.7142857142857143,557.6556510631767,2024.0,3.0,25.4,10.2,813.4000000000005,0.9891676707506619,0.9845675496150258,0.5576556510631767,4161.537452222596,5974.0882638368375,0.7235542894826014
392,2024-07-23,150.0,2024-07-23,9844.270833333334,0.007127364793002,140.31200736144638,2489.8663365231164,0.1375189955697131,2423.2667680754207,0.1329663594563802,5.09740865387538e-06,726.6895833333333,0.0184680851063829,0.038875,0.0649583333333333,0.0280683626789855,0.0612055831246295,0.0313339955623641,16.009302325581395,16.118750000000002,15.14375,0.0,726.6895833333333,50.525,13.5,2024-07-23,0.1329663594563802,1153.7527609405236,3183.9215925795797,3089.206703898522,4087.648535894904,0.0243717693702784,0.0798717693702784,F2,5813.488805499101,205.0,205.0,3.4,14.883333333333333,769.225,55.10833333333333,47.786972340797554,0.7714285714285715,759.8270771157728,2024.0,3.4,27.4,11.2,824.6000000000006,0.9882168919343884,0.9873838149660428,0.7598270771157728,4151.96182425834,5948.860444834122,0.7323630755336953
393,2024-07-24,151.0,2024-07-24,9693.875,0.0071824573447108,139.23594519669743,2535.184818196953,0.1239249094023696,2468.304205184345,0.1212031046549479,5.020999934967291e-06,728.9125,0.0134893617021276,0.0360833333333333,0.0630833333333333,0.026680552683827,0.062821161903069,0.0321610857670468,17.206666666666667,17.01875,15.877083333333331,0.0,728.9125,42.55,15.258333333333333,2024-07-24,0.1212031046549479,1162.9408551396768,3241.8726922943297,3146.620916182626,4146.801269492995,0.0231667334542685,0.0786667334542685,F2,5893.650010429809,206.0,206.0,3.8,15.291666666666666,771.2666666666668,51.68333333333334,48.61554376936898,0.8285714285714285,839.566624053657,2024.0,3.8,29.4,12.2,836.8000000000006,0.9911241186862351,0.9899621949910066,0.839566624053657,4147.938442937634,5934.001344369508,0.7477294865651232
394,2024-07-25,152.0,2024-07-25,9644.791666666666,0.0072007195845981,138.88295532498816,2519.875148648728,0.1283606654270297,2440.2712617036764,0.1283391316731771,6.043470515937949e-06,729.5270833333334,0.0107083333333333,0.0334583333333333,0.0613749999999999,0.0253879128901096,0.0643259510501292,0.0329314575868898,17.72826086956522,17.120833333333334,16.027083333333334,0.0,729.5270833333334,50.425,15.441666666666668,2024-07-25,0.1283391316731771,1155.1215514664575,3222.29542152488,3110.8842164220514,4107.551752490364,0.0220443338582667,0.0775443338582667,F2,5800.6200575558205,207.0,207.0,5.4,16.716666666666665,771.8000000000001,55.18333333333334,49.61554376936898,1.0,852.9548473647197,2024.0,5.4,30.6,13.0,849.8000000000006,0.9918992059768005,0.9914096073001066,0.8529548473647197,4139.669340518802,5911.509634398977,0.7528049610612995
395,2024-07-26,153.0,2024-07-26,9633.770833333334,0.0072048577629391,138.8034627098297,2483.7879263501777,0.1393236479499452,2382.5604042421705,0.1443036397298177,7.872693657247463e-06,726.5083333333333,0.0184680851063829,0.0316666666666666,0.0599166666666666,0.024439848089701,0.06542961320667,0.0334964737725045,17.395555555555553,17.28125,16.352083333333333,1.4219999,726.5083333333333,68.96666666666667,14.0,2024-07-26,0.1443036397298177,1192.860294686143,3176.1488133286257,3037.313790703133,4038.400498840889,0.0212211288524066,0.0767211288524066,F2,5644.434761582075,208.0,208.0,8.2,16.483333333333334,768.6270833333333,61.575,50.61554376936898,1.0,720.5403226990634,2024.0,8.2,26.2,12.2,862.0000000000007,1.0030722465328166,0.9955156896720262,0.7205403226990634,4129.4866893827375,5882.860482793206,0.7377949399344971
396,2024-07-27,154.0,2024-07-27,9443.9375,0.0072786716691884,137.4179426185909,2386.487521289315,0.1756074091002557,2285.6703975589844,0.1781400044759114,8.175958436515242e-06,723.2854166666666,0.0729361702127659,0.0400416666666666,0.058875,0.0583910509172773,0.0259063045534128,0.0132626468121539,15.360869565217392,15.66875,15.175,7.1106,723.2854166666666,77.10000000000001,13.125,2024-07-27,0.1781400044759114,1200.7601508258224,3051.725724387785,2913.797361505291,4209.239852855597,0.0507009704313648,0.1062009704313648,F2,5993.142051857308,209.0,209.0,9.0,15.975,765.4416666666666,71.875,51.61554376936898,1.0,510.5770902472191,2024.0,9.0,27.0,13.0,875.0000000000007,1.013877236876873,0.9995310493925117,0.5105770902472191,4136.8688911480185,5888.941159628186,0.7037162193164328
397,2024-07-28,155.0,2024-07-28,9791.354166666666,0.0071466098070953,139.93429684969715,2413.0210314428537,0.1634945483650953,2345.3573923762083,0.1559499104817708,5.356314217908152e-06,721.7375000000001,0.077531914893617,0.0609583333333333,0.059625,0.0677679888591163,0.0149904140508023,0.0076742928237347,14.86046511627907,15.41875,14.977083333333333,3.2989,721.7375000000001,48.11666666666667,14.875,2024-07-28,0.1559499104817708,1194.7905484065918,3085.655503936816,2989.88698851378,4339.185700387759,0.0588429690057603,0.1143429690057603,F2,6291.500489092822,210.0,210.0,5.0,16.058333333333334,763.7833333333333,53.54166666666666,52.61554376936898,1.0,847.8983068797837,2024.0,5.0,26.2,10.6,885.6000000000007,1.0252106877283536,1.0023035427354372,0.8478983068797837,4155.5722636507535,5923.067761018103,0.6856265282372321
398,2024-07-29,156.0,2024-07-29,9903.645833333334,0.0071056385769567,140.73668710977347,2479.926367763617,0.1405560427745753,2425.781554556156,0.1320775349934896,4.132795456617437e-06,724.35,0.0531063829787234,0.0564166666666666,0.06025,0.0558592961196445,0.0288535735149688,0.0147714913954077,14.465116279069768,15.333333333333334,14.858333333333334,0.0,724.35,37.24166666666667,14.458333333333334,2024-07-29,0.1320775349934896,1186.6342209511497,3171.210837508634,3092.412580922673,4350.3541699435455,0.0485026468335228,0.1040026468335228,F2,6320.011454909045,211.0,211.0,1.8,15.083333333333334,766.6395833333332,45.25833333333333,53.15186029543326,0.5363165260642775,938.5552147789956,2024.0,1.8,28.2,11.6,897.2000000000007,1.0234318955703432,1.0037958758404506,0.9385552147789956,4173.030875742245,5957.846343420305,0.7028421199649552
399,2024-07-30,157.0,2024-07-30,9974.875,0.0070803850063613,141.2408062414126,2529.954364614014,0.1254530240025764,2478.706792727726,0.1186383565266927,3.829138182573411e-06,724.4125,0.0377446808510638,0.049375,0.0604166666666666,0.0468707071543512,0.0393173788133188,0.0201284018608519,15.265116279069767,15.814583333333331,15.072916666666666,0.0,724.4125,33.825,14.791666666666666,2024-07-30,0.1186383565266927,1173.18856601785,3235.184239240677,3159.8822473741675,4350.030975394275,0.0406978518145967,0.0961978518145967,F2,6302.507639753421,212.0,212.0,1.4,15.058333333333332,766.6979166666666,43.46666666666667,53.62729630343378,0.4754360080005186,967.7157119965834,2024.0,1.4,28.6,11.8,909.0000000000008,1.015554680984097,1.0034624601145665,0.9677157119965835,4187.971731653627,5985.7169209604135,0.7304573356933791
400,2024-07-31,158.0,2024-07-31,9923.854166666666,0.0070986682615879,140.87842649813186,2534.373542133017,0.1242784461876719,2483.9365573933724,0.1174799601236979,3.762556491121807e-06,725.0520833333334,0.0259574468085106,0.0429166666666666,0.0600833333333333,0.0395047865814572,0.0478922017377486,0.0245182540564439,15.583333333333334,16.21875,15.354166666666666,0.0,725.0520833333334,33.81666666666667,14.841666666666669,2024-07-31,0.1174799601236979,1167.3753777069408,3240.835271393609,3166.5492079737046,4282.552818811796,0.0343020203421479,0.0898020203421479,F2,6182.497543637158,213.0,213.0,1.0,15.091666666666669,767.4020833333334,42.46666666666667,54.04422293598401,0.4169266325502289,986.947810291624,2024.0,1.0,29.0,12.0,921.0000000000008,1.00772215398125,1.003270420436277,0.986947810291624,4194.301852683146,5996.836583433098,0.7641944535740237
401,2024-08-01,159.0,2024-08-01,9544.212765957447,0.0072384685495792,138.15750563406118,2581.2766313438337,0.1111373079831275,2531.717160489777,0.1062602591007313,3.62406634070899e-06,728.531914893617,0.0171063829787234,0.0375,0.0591666666666666,0.0262892615547316,0.0632766721289382,0.0323942827184904,16.128571428571426,16.591666666666665,15.625,0.0,728.531914893617,30.689361702127663,15.91063829787234,2024-08-01,0.1062602591007313,1176.7465101828486,3300.812691187774,3227.460437948998,4217.797727367815,0.0228269752266862,0.0783269752266862,F2,6036.972914252298,214.0,214.0,2.2,16.075,770.8145833333333,39.5,54.60572086615433,0.561497930170318,1105.3443724249703,2024.0,2.2,31.4,13.2,934.2000000000008,1.0048972304220456,1.0040944087426666,1.1053443724249703,4196.682346453625,5999.548020980758,0.7893672589094083
402,2024-08-02,160.0,2024-08-02,9340.875,0.0073171115899114,136.67610342869835,2584.5168735107645,0.1102545012757047,2515.085455593103,0.110083262125651,5.123593272389272e-06,730.4666666666667,0.0117021276595744,0.033625,0.0582916666666666,0.0247516881569809,0.065066593631424,0.0333106271033101,17.623255813953488,17.625,16.308333333333334,0.0,730.4666666666667,39.38333333333333,17.974999999999998,2024-08-02,0.110083262125651,1176.8047156438918,3304.9561573847923,3206.2581605353257,4205.716031414929,0.0214918996945494,0.0769918996945494,F2,5964.8701311935,215.0,215.0,7.0,18.391666666666666,772.5645833333333,45.03333333333333,55.5236120749486,0.9178912087942716,1162.7481318583311,2024.0,7.0,32.6,14.8,949.0000000000008,1.005930366049856,1.0042307993243151,1.162748131858331,4200.3704618679685,6003.676506155393,0.8304615936263229
403,2024-08-03,161.0,2024-08-03,9601.729166666666,0.0072169548173537,138.571876808372,2609.351062314792,0.1038609168326765,2538.1529040329765,0.1049461364746093,5.202397870982904e-06,728.9416666666666,0.008595744680851,0.030625,0.057,0.0234230757145956,0.0666132592947183,0.0341024374669406,18.226086956521737,17.833333333333332,16.704166666666666,0.0,728.9416666666666,38.34166666666667,17.974999999999998,2024-08-03,0.1049461364746093,1180.1558779915467,3336.712926335593,3235.6647934744165,4230.863338314773,0.0203382650348213,0.0758382650348213,F2,5990.484821775589,216.0,216.0,6.6,18.491666666666667,770.9499999999999,42.95,56.42536084427213,0.9017487693235288,1214.4039381647085,2024.0,6.6,31.8,14.2,963.2000000000008,1.0095817609175284,1.0056435001791173,1.2144039381647085,4204.839426939313,6005.613940125239,0.868571105674884
404,2024-08-04,162.0,2024-08-04,9842.395833333334,0.0071278861161203,140.2996818507905,2606.570519190626,0.1045383906902138,2519.9899294458096,0.1089096069335937,6.367422709149305e-06,727.0375,0.00655,0.02805,0.0556,0.0222171235017508,0.0680171336072546,0.034821146271488,17.69,17.185,16.6175,0.0,727.0375,42.18333333333333,18.58333333333333,2024-08-04,0.1089096069335937,1184.6984584497595,3333.157301215373,3212.5104368857787,4212.428644111789,0.0192911362963489,0.0747911362963489,F2,5922.78422363413,217.0,217.0,9.8,20.166666666666668,768.8479166666666,44.69166666666666,57.298277241918925,0.8729163976467944,1306.6675275302578,2024.0,9.8,29.4,14.6,977.8000000000008,1.0118536362309514,1.0075985110627532,1.3066675275302577,4209.822935654141,6006.647074416323,0.912243044747776
405,2024-08-05,163.0,2024-08-05,9307.041666666666,0.0073324340707546,136.41586943589837,2518.5428984792447,0.1295743224504595,2402.1769179913986,0.1397069295247396,8.98761095773142e-06,728.0208333333334,0.026695652173913,0.02725,0.054375,0.0331165311857938,0.0553289040849645,0.0283254491920869,14.668181818181818,15.364583333333334,15.441666666666668,4.0436997,728.0208333333334,83.49166666666666,12.941666666666668,2024-08-05,0.1397069295247396,1228.081412633159,3220.591803937415,3062.3211347477845,4188.9825098864685,0.0287550958933587,0.0842550958933587,F2,5860.134630199856,218.0,218.0,8.6,16.19090909090909,770.3522727272727,77.43636363636364,58.298277241918925,1.0,415.3012605919302,2024.0,8.2,29.4,13.799999999999995,991.6000000000008,1.0265034123780807,1.0122313153873335,0.4153012605919302,4211.968130371993,6001.22139538371,0.9020748739998298
406,2024-08-06,164.0,2024-08-06,8785.0,0.007544964337844,132.547474594381,2373.902277103676,0.1785462332954827,2271.9422190307546,0.1812464396158854,8.312987781100976e-06,728.9645833333334,0.0976595744680851,0.0474583333333333,0.0542083333333333,0.0705126520976879,0.0117952938991474,0.0060385616446147,13.474418604651165,14.116666666666667,13.96875,6.1782,728.9645833333334,77.10833333333333,13.491666666666667,2024-08-06,0.1812464396158854,1209.1447239114518,3035.63231803791,2896.2965309321035,4292.150250004613,0.0612261610791486,0.1167261610791486,F2,6134.468779429013,219.0,219.0,6.6,16.506382978723405,771.272340425532,71.2936170212766,59.298277241918925,1.0,539.0881564833512,2024.0,6.6,29.8,13.2,1004.8000000000008,1.0347855391223038,1.0156224960050992,0.5390881564833512,4226.5753956655435,6024.148536378704,0.886307808240371
407,2024-08-07,165.0,2024-08-07,9091.083333333334,0.0074174447330461,134.83324377629785,2415.1313165391093,0.1631015045336197,2316.407069394391,0.1655820210774739,7.89233725386699e-06,727.5395833333333,0.0746808510638297,0.0602083333333333,0.0553333333333333,0.0653196440953404,0.0178405836391889,0.0091334277044961,15.0,15.33125,14.852083333333333,0.8746,727.5395833333333,65.2,15.033333333333331,2024-08-07,0.1655820210774739,1220.4605507059844,3088.3540352539026,2952.980803435986,4321.584030460565,0.0567170703701997,0.1122170703701997,F2,6178.716504767416,220.0,220.0,7.4,17.108333333333334,769.6520833333334,66.7,60.298277241918925,1.0,649.7071455442225,2024.0,7.4,28.2,12.8,1017.6000000000008,1.04500278549089,1.0191439396637507,0.6497071455442225,4239.059878591798,6044.510428831389,0.8727464169182687
408,2024-08-08,166.0,2024-08-08,8998.020833333334,0.0074559112195062,134.14009745950588,2362.731093623172,0.1838306971226637,2268.343157674503,0.1834513346354166,7.716697056697323e-06,725.94375,0.104595744680851,0.0700833333333333,0.056625,0.0818597006620958,0.0014140437785836,0.0007239150290081,13.877272727272729,14.5125,14.272916666666667,5.5271,725.94375,78.10000000000001,12.508333333333333,2024-08-08,0.1834513346354166,1222.9550467328415,3021.3471446627345,2891.7084085611173,4364.986410879832,0.0710788074129566,0.1265788074129566,F2,6279.627872647112,221.0,221.0,5.0,14.88695652173913,768.3804347826087,70.31304347826087,61.298277241918925,1.0,502.5926234584739,2024.0,5.0,28.2,11.6,1029.2000000000007,1.0435381803720454,1.0232968099006003,0.5025926234584739,4257.44806847676,6078.725272766482,0.8477205437821081
409,2024-08-09,167.0,2024-08-09,9152.083333333334,0.0073918741383274,135.2898236550013,2411.038123132145,0.1644028636401065,2317.7318713776267,0.1649805704752604,7.456005404917953e-06,726.1062499999999,0.0822978723404255,0.0729583333333333,0.058,0.0735985054177406,0.0082029872039614,0.0041994921300509,15.071739130434782,15.325,14.910416666666668,0.0,726.1062499999999,67.40833333333333,13.0,2024-08-09,0.1649805704752604,1225.0301460421256,3083.119855940792,2954.6696753430606,4385.574488248531,0.063905608622526,0.119405608622526,F2,6301.940953602029,222.0,222.0,9.0,15.033333333333331,768.3604166666668,66.54166666666667,62.298277241918925,1.0,571.8060581191772,2024.0,9.0,25.0,12.0,1041.2000000000007,1.0480766528533312,1.025266297359495,0.5718060581191773,4282.246210577307,6125.690000767907,0.8370966677406878
410,2024-08-10,168.0,2024-08-10,9061.270833333334,0.0074292147588243,134.61456964314507,2409.405866745596,0.1651333006362807,2310.751385451053,0.1674359639485677,7.905532426327244e-06,726.8895833333332,0.0899583333333333,0.0740833333333333,0.0577916666666666,0.0772270201150759,0.0039789569961368,0.0020370138555157,13.571739130434782,13.870833333333332,13.8625,2.9341998,726.8895833333332,80.91666666666667,11.683333333333332,2024-08-10,0.1674359639485677,1218.3959664123836,3081.032604799024,2945.7708763313585,4413.040656199129,0.0670562492342184,0.1225562492342184,F2,6333.655893094856,223.0,223.0,6.6,15.107317073170732,769.490243902439,75.54146341463414,63.298277241918925,1.0,419.9933005934131,2024.0,6.6,25.4,11.0,1052.2000000000007,1.0474868001616795,1.0263459889390665,0.4199933005934131,4296.80341081613,6150.012417999161,0.8306263970511303
411,2024-08-11,169.0,2024-08-11,8068.75,0.0078812446822638,126.98185428638892,2181.1637398853427,0.2824512586298749,2090.897800356257,0.2756856282552083,8.01917939255987e-06,727.0333333333333,0.128695652173913,0.09575,0.0645,0.1028503424482652,0.025849690973707,0.0132336636775327,13.782608695652174,14.11875,13.8625,16.9356,727.0333333333333,83.27499999999999,11.058333333333332,2024-08-11,0.2756856282552083,1154.737489333619,2789.1675253821786,2665.4991464919017,4177.956283684986,0.0893049891962519,0.1448049891962519,F2,6032.032265782361,224.0,224.0,5.4,14.98139534883721,769.7930232558139,74.62325581395349,64.29827724191892,1.0,432.2432699931522,2024.0,5.0,24.6,9.8,1062.000000000001,1.0279970123266375,1.0238938794573755,0.43224326999315216,4285.287023908789,6131.478973476986,0.8009367515592279
412,2024-08-12,170.0,2024-08-12,8124.645833333333,0.0078455375307369,127.46880001272284,2177.9526851010064,0.2757917369979549,2089.761185280217,0.2670860290527344,7.816076338657537e-06,726.24375,0.121695652173913,0.1092916666666666,0.0879166666666666,0.109802385154007,0.0339427099758639,0.0173768579508941,14.31086956521739,14.589583333333332,14.291666666666666,5.1120996,726.24375,73.04166666666667,12.816666666666668,2024-08-12,0.2670860290527344,1150.9272376781714,2785.061382609438,2664.05017729094,4218.127501448094,0.0953414503683715,0.1508414503683715,F2,6103.593300611594,225.0,225.0,7.4,15.141666666666666,768.7312499999999,73.86666666666666,65.29827724191892,1.0,449.74482609067024,2024.0,7.4,24.2,10.8,1072.8000000000006,1.00682577698731,1.0217078433774165,0.44974482609067024,4275.842261873399,6116.020533884309,0.7660217237957762
413,2024-08-13,171.0,2024-08-13,8303.3125,0.0077604691063684,128.86385805238243,2272.924337512361,0.2307566456063146,2176.5075758826947,0.2280591328938802,8.188612704620935e-06,724.9020833333334,0.1064347826086956,0.101625,0.103125,0.1040258616230269,0.0272181375470988,0.0139342353683649,13.904347826086957,14.10625,13.952083333333334,0.0077,724.9020833333334,80.39999999999999,11.533333333333331,2024-08-13,0.2280591328938802,1169.163520698244,2906.5065744094627,2774.6354149208046,4361.991192652362,0.0903256929168534,0.1458256929168534,F2,6291.955235024944,226.0,226.0,8.2,13.108333333333334,767.4145833333333,81.56666666666666,66.29827724191892,1.0,278.05169890665525,2024.0,8.2,19.8,9.0,1081.8000000000006,0.9927600443790098,1.021461423952262,0.27805169890665526,4276.69656310612,6115.2667906894185,0.7167600085750669
414,2024-08-14,,,,,,,,,,,,,,,,,,,,,,,,,,,,,,,,,,,,227.0,5.4,13.548837209302324,768.0093023255814,77.97209302325582,67.29827724191892,1.0,341.9607876590889,2024.0,5.0,22.6,8.8,1090.6000000000006,,,0.3419607876590889,,,0.6706895069584574
415,2024-08-15,,,,,,,,,,,,,,,,,,,,,,,,,,,,,,,,,,,,228.0,4.2,14.4,768.9854166666668,65.675,68.18399152763321,0.8857142857142858,563.1278627720274,2024.0,4.2,24.6,9.8,1100.4000000000003,,,0.5631278627720273,,,0.6319597562689614
416,2024-08-16,172.0,2024-08-16,8511.333333333334,0.0076650329023714,130.46815635248262,2320.2613155167305,0.215456877549794,2245.808759305691,0.2038358052571614,6.125581286478085e-06,725.9354166666667,0.1239166666666666,0.1194583333333333,0.1304166666666666,0.1238369774677545,0.0502806738075409,0.0257410244217438,13.032608695652174,12.958333333333334,12.625,0.0,725.9354166666667,57.59166666666667,13.65,2024-08-16,0.2038358052571614,1181.5135799386806,2967.038830372263,2862.981313622024,4589.278687766253,0.1075276919026033,0.1630276919026033,F2,6714.928617485007,229.0,229.0,4.6,14.975,768.2645833333332,60.525,69.12684867049035,0.9428571428571428,672.1026859941214,2024.0,4.6,27.4,11.2,1111.6000000000006,,,0.6721026859941215,,,0.5969136529929464
417,2024-08-17,173.0,2024-08-17,8582.0,0.0076334387005256,131.00848332915268,2268.085245481122,0.2254195083757792,2196.4185037125912,0.2118771870930989,6.041187698587429e-06,727.2708333333334,0.0999574468085106,0.1031666666666666,0.1313333333333333,0.1081287355103346,0.03199437925603,0.0163794164919184,13.284782608695652,13.570833333333333,13.247916666666669,0.0,727.2708333333334,52.79166666666666,13.95,2024-08-17,0.2118771870930989,1173.823796507986,2900.318575728274,2800.01808122205,4381.201306445093,0.0938882197831485,0.1493882197831485,F2,6396.468851612022,230.0,230.0,3.8,14.4,769.5541666666667,58.958333333333336,69.95542009906177,0.8285714285714285,673.3199136082142,2024.0,3.8,27.4,11.2,1122.8000000000006,,,0.6733199136082142,,,0.558264794096054
418,2024-08-18,174.0,2024-08-18,8432.270833333334,0.0077008039321541,129.86122662829598,2282.7309529978425,0.2178927815676019,2194.172831360108,0.2126693725585937,7.474924244254624e-06,728.3291666666668,0.0877916666666666,0.0944166666666666,0.1294583333333333,0.0994606198659185,0.0219036436848554,0.0112134978376618,14.217391304347826,14.245833333333332,13.722916666666668,0.79499996,728.3291666666668,67.63333333333334,13.441666666666668,2024-08-18,0.2126693725585937,1184.679410044123,2919.0468037126752,2797.155273801321,4348.330307994207,0.0863616918635567,0.1418616918635567,F2,6289.998738552239,231.0,231.0,7.4,15.091666666666669,770.7770833333334,72.85833333333333,70.95542009906177,1.0,465.5980617207154,2024.0,7.4,25.4,11.4,1134.2000000000007,1.0113844401878198,,0.4655980617207154,,,0.49818840368108663
419,2024-08-19,175.0,2024-08-19,8580.458333333334,0.0076347219373864,130.99329545008365,2313.7807362898484,0.2038624595617948,2216.994776914426,0.2032089233398437,8.090247135077758e-06,728.5604166666667,0.0828333333333333,0.0889166666666666,0.1273333333333333,0.0949525088868777,0.0166556569618918,0.0085268084166355,14.589583333333332,14.354166666666666,13.889583333333334,0.0011,728.5604166666667,73.80833333333334,13.358333333333334,2024-08-19,0.2032089233398437,1189.6064905703445,2958.751776633585,2826.2489370047333,4374.354625407165,0.0824472974853245,0.1379472974853245,F2,6301.393136689817,232.0,232.0,7.4,15.675,771.0229166666667,68.56666666666666,71.95542009906177,1.0,559.7908094363604,2024.0,7.4,26.2,11.8,1146.000000000001,1.013696588514328,,0.5597908094363604,,,0.5085090857414032
420,2024-08-20,176.0,2024-08-20,8812.833333333334,0.0075327776366915,132.75883523120962,2337.365394510406,0.1933021973349924,2253.2709884383253,0.1881357828776041,6.911740984595628e-06,728.9708333333333,0.0688260869565217,0.0806382978723404,0.121531914893617,0.0847739974014213,0.0048066378531,0.002460742328886,13.293333333333337,13.889361702127658,13.91063829787234,0.0,728.9708333333333,62.06666666666666,13.808333333333332,2024-08-20,0.1881357828776041,1185.833359603456,2988.9107058341388,2872.4942440869054,4341.049262673951,0.0736092923158246,0.1291092923158246,F2,6275.558752239369,233.0,233.0,5.4,15.2,771.2770833333334,64.075,72.95542009906177,1.0,620.578818841222,2024.0,5.4,26.6,11.0,1157.000000000001,1.0171277262689749,,0.620578818841222,,,0.5143298473383938
421,2024-08-21,177.0,2024-08-21,8831.541666666666,0.0075273333809815,132.88486046802373,2321.2918629701367,0.2022478099732823,2228.342021256384,0.2009010314941406,7.763364294893015e-06,728.1479166666667,0.0847083333333333,0.0806666666666666,0.116,0.0903520316472981,0.0113001447340745,0.0057850716695333,14.05,13.875,13.583333333333334,0.6357,728.1479166666667,70.5,12.933333333333332,2024-08-21,0.2009010314941406,1217.8008185412295,2968.3566450038948,2840.714526907488,4353.998628340637,0.0784527014499743,0.1339527014499743,F2,6277.795451117265,234.0,234.0,7.8,14.733333333333334,770.4729166666666,72.81666666666666,73.95542009906177,1.0,455.6709486883384,2024.0,7.8,25.0,11.4,1168.4000000000008,1.026590528061021,,0.4556709486883384,,,0.5004701189915449
422,2024-08-22,178.0,2024-08-22,8541.791666666666,0.0076539095757769,130.6867835799346,2225.942574421662,0.2504071310963385,2125.4044558792825,0.2500152587890625,8.771500811138263e-06,726.6895833333333,0.1327391304347826,0.1114583333333333,0.1150833333333333,0.121403130610729,0.0474473815370577,0.0242905298279839,13.43695652173913,13.708333333333334,13.625,9.514299,726.6895833333333,92.04166666666669,10.35,2024-08-22,0.2500152587890625,1185.2818748897523,2846.4285502329444,2709.488604431569,4387.192220391759,0.1054143818046683,0.1609143818046683,F2,6330.580268573732,235.0,235.0,9.0,13.195744680851066,769.2829787234043,84.63829787234043,74.95542009906177,1.0,233.0457849776155,2024.0,9.0,20.6,9.8,1178.2000000000007,1.0253549833523534,,0.23304578497761552,,,0.4812167733857694
423,2024-08-23,179.0,2024-08-23,8090.125,0.0078621456853148,127.19832275855993,2110.9978667885234,0.3219075170061747,2015.3814383746555,0.317212422688802,8.783201779702968e-06,725.2020833333332,0.1604782608695652,0.1431666666666666,0.135625,0.1488957621016906,0.0794521315786369,0.0406752556092152,12.641304347826088,13.004166666666668,13.10625,10.0687,725.2020833333332,92.95833333333331,10.275,2024-08-23,0.317212422688802,1176.3583364808142,2699.442773841048,2569.230070894885,4319.262663816638,0.1292862435781171,0.1847862435781171,F2,6254.599867423794,236.0,236.0,7.8,13.984615384615385,767.8487179487179,84.35897435897436,75.95542009906177,1.0,249.7886745039315,2024.0,7.4,21.8,9.6,1187.8000000000006,1.0226479648452012,,0.2497886745039315,,,0.45821553169896617
424,2024-08-24,180.0,2024-08-24,8161.125,0.0078278360893478,127.75544490929258,2125.867639156228,0.3108964653663229,2033.906437745993,0.3037605285644531,8.374305870750077e-06,725.8249999999999,0.161,0.1475416666666666,0.15975,0.1560624256673293,0.0877949952337863,0.0449463570251686,13.2875,13.289583333333333,13.141666666666666,1.1194,725.8249999999999,87.75,10.566666666666666,2024-08-24,0.3037605285644531,1167.2944090203891,2718.4575252049267,2592.8459405967183,4388.672726014014,0.1355090601197779,0.1910090601197779,F2,6376.226346154693,237.0,237.0,8.6,14.075555555555557,768.4088888888889,79.42222222222222,76.95542009906177,1.0,330.57374255844405,2024.0,8.6,21.4,10.0,1197.8000000000006,1.008218260185589,,0.3305737425584441,,,0.4518284204107541
425,2024-08-25,181.0,2024-08-25,8145.291666666667,0.0078357999951587,127.62951953572728,2141.6338504404525,0.2998370644970846,2055.862921938952,0.2885042826334635,7.724596011175639e-06,726.9166666666666,0.1548695652173913,0.1466666666666666,0.1765,0.156899366597573,0.0887692957579402,0.04544514695154,12.622222222222222,13.064583333333331,13.05,1.5078,726.9166666666666,83.50833333333334,9.933333333333334,2024-08-25,0.2885042826334635,1172.7732626136535,2738.6185996387903,2620.8363042894453,4425.7398964432405,0.1362357762293612,0.1917357762293612,F2,6451.818320432236,238.0,238.0,5.8,12.233333333333334,769.5500000000001,80.97500000000001,77.95542009906177,1.0,270.97115824756247,2024.0,5.8,19.4,7.6,1205.4000000000003,1.0046445438482352,,0.27097115824756246,,,0.44030898385749767
426,2024-08-26,182.0,2024-08-26,8081.6875,0.0078664478951439,127.1308829203806,2136.9634147621405,0.3031330534986609,2057.6328451094,0.2877388000488281,7.1468216260962266e-06,728.275,0.1616666666666666,0.1519583333333333,0.1885833333333333,0.1643652607338321,0.0974605000083016,0.0498945801814774,12.3125,12.4375,12.460416666666667,1.5924,728.275,79.10000000000001,10.158333333333331,2024-08-26,0.2877388000488281,1174.0827745923884,2732.646270608592,2623.092621503697,4455.708496781806,0.1427184147826976,0.1982184147826976,F2,6520.949012772498,239.0,239.0,5.8,12.45,770.9583333333334,78.875,78.95542009906177,1.0,305.1988305052098,2024.0,5.8,23.4,9.6,1215.0000000000005,1.003994414759746,,0.3051988305052098,,,0.42998426988710764
427,2024-08-27,183.0,2024-08-27,8209.208333333334,0.0078047284018593,128.13206598470708,2174.54397697118,0.2778056821293187,2104.247301716384,0.2584775288899739,6.187762221805461e-06,728.4729166666666,0.1408695652173913,0.1374166666666666,0.1916666666666666,0.1511065562060562,0.0820257634525766,0.0419928179229829,11.927272727272726,12.425,12.364583333333334,0.0,728.4729166666666,67.28333333333333,11.241666666666667,2024-08-27,0.2584775288899739,1170.5053641177994,2780.702490223066,2682.5172353126213,4461.6976960191,0.1312058768910039,0.1867058768910039,F2,6552.227276205636,240.0,240.0,3.4,13.136170212765958,771.2872340425532,67.1063829787234,79.72684867049034,0.7714285714285715,497.0766331677132,2024.0,3.4,24.6,9.8,1224.8000000000004,1.004911786122519,,0.4970766331677132,,,0.4456289080486117
428,2024-08-28,184.0,2024-08-28,8587.333333333334,0.0076322569091855,131.0423368909983,2198.9776402587554,0.2639451616131449,2134.540837257752,0.2428525288899739,5.592680627298993e-06,726.2479166666667,0.1197916666666666,0.1203333333333333,0.1889999999999999,0.1355540320286729,0.0639207432410188,0.0327240127910998,12.4,12.625,12.59375,0.0,726.2479166666667,57.925,11.775,2024-08-28,0.2428525288899739,1175.907147820748,2811.9470863630195,2721.135762299441,4421.26102934396,0.1177016145757442,0.1732016145757442,F2,6499.611558328452,241.0,241.0,2.6,12.925,768.8770833333333,61.99166666666667,80.3839915276332,0.6571428571428571,566.4908739190898,2024.0,2.6,25.0,10.0,1234.8000000000004,1.0058071385818308,,0.5664908739190898,,,0.4616667713528976
429,2024-08-29,185.0,2024-08-29,8837.25,0.0075224650594806,132.9420378680022,2277.641603205786,0.2206498349081335,2216.945890512419,0.2031809488932291,5.078758979737855e-06,724.9916666666667,0.1017916666666666,0.10775,0.1829166666666666,0.122109853444651,0.0482700924389147,0.0247117139492985,12.343478260869563,12.589583333333332,12.533333333333331,0.0,724.9916666666667,53.28333333333333,11.925,2024-08-29,0.2031809488932291,1200.9951262621846,2912.538787415806,2826.186616090338,4493.718209902596,0.106028029494562,0.161528029494562,F2,6610.827188318031,242.0,242.0,2.2,12.983333333333334,767.5604166666667,58.24166666666667,80.9839915276332,0.6,624.7626159309042,2024.0,2.2,25.0,10.0,1244.8000000000004,1.0134960099542958,1.0136115210642238,0.6247626159309042,4410.104696952887,6418.070241850342,0.46606925372138874
430,2024-08-30,186.0,2024-08-30,8818.416666666666,0.0075307052205097,132.79906324540528,2302.7104443619382,0.2092867815682535,2247.3475495002967,0.1910222371419271,4.563795869725132e-06,727.9499999999999,0.0844680851063829,0.0957083333333333,0.1755833333333333,0.1088619422802043,0.0328479206642501,0.0168163841888522,11.076744186046511,12.104166666666666,12.252083333333331,0.0,727.9499999999999,51.95,10.908333333333331,2024-08-30,0.1910222371419271,1186.2669191563623,2944.595618534491,2864.9429800170296,4453.205843987611,0.094524863484114,0.150024863484114,F2,6554.08036168436,243.0,243.0,1.0,12.0,770.8562499999999,56.75833333333333,81.41256295620462,0.4285714285714285,606.4919947700547,2024.0,1.0,25.8,10.4,1255.2000000000005,1.0179990935498313,1.0139025277547273,0.6064919947700547,4400.385208111556,6406.581080721725,0.4613827757768126
431,2024-08-31,187.0,2024-08-31,8840.4375,0.0075209486300054,132.96694783824373,2321.3909173462484,0.2001720253791146,2267.966894742181,0.1824480692545572,4.361733711712238e-06,728.4708333333333,0.0702127659574468,0.0860833333333333,0.166625,0.0974006632982836,0.0195056049570844,0.0099858298534952,11.486046511627906,12.316666666666668,12.254166666666668,0.0,728.4708333333333,45.9,11.9,2024-08-31,0.1824480692545572,1182.497164310654,2968.4833109868496,2891.2287445025536,4406.864949909486,0.0845730308378541,0.1400730308378541,F2,6476.015689824481,244.0,244.0,1.0,12.8,771.2875,51.74166666666667,81.84113438477605,0.4285714285714285,713.3972111069867,2024.0,1.0,27.8,11.4,1266.6000000000006,1.019881864321966,1.0144335245854155,0.7133972111069867,4402.21832550187,6412.2629977369,0.46424543988386774
432,2024-09-01,188.0,2024-09-01,9026.446808510638,0.0074443816035001,134.35054662813857,2358.204935532992,0.1853429573449074,2305.259873771859,0.1697796760721409,4.259273230280269e-06,728.4000000000001,0.0600851063829787,0.07775,0.1576666666666666,0.0881569491907028,0.0087448031194646,0.0044768729934506,12.88139534883721,13.325,12.835416666666667,0.0,728.4000000000001,40.306382978723406,13.28936170212766,2024-09-01,0.1697796760721409,1195.4808162355932,3015.559310888944,2938.770237805961,4406.24604348359,0.0765467105664754,0.1320467105664755,F2,6467.017320514921,245.0,245.0,2.2,13.4,770.9395833333333,50.175,82.44113438477605,0.6,766.0164225415936,2024.0,2.2,27.8,11.4,1278.000000000001,1.0183064233860504,1.0150948031781304,0.7660164225415935,4406.355163751111,6424.907182162807,0.4857038942282162
433,2024-09-02,189.0,2024-09-02,9206.229166666666,0.0073701555234083,135.68911784282656,2392.240976512732,0.1712140667546175,2331.4497090392365,0.1602630615234375,4.829359540738441e-06,728.1041666666666,0.051063829787234,0.0700416666666666,0.1477083333333333,0.0793790407042277,0.0014737446063087,0.0007544786700276,12.755813953488373,13.433333333333332,13.085416666666667,0.0,728.1041666666666,50.38333333333333,11.516666666666666,2024-09-02,0.1602630615234375,1185.8823330480498,3059.0829668425577,2972.157323267558,4399.301909969639,0.0689248494827881,0.1244248494827881,F2,6420.507866908932,246.0,246.0,1.8,13.3,770.7583333333333,53.75833333333333,82.9839915276332,0.5428571428571428,706.3034074080746,2024.0,1.8,26.6,10.8,1288.8000000000006,1.0181965469562708,1.0148668045637153,0.7063034074080746,4408.137112648431,6433.415377178457,0.49616907979762426
434,2024-09-03,190.0,2024-09-03,9262.604166666666,0.0073477641707196,136.1034948696496,2413.184974053774,0.1635699097391796,2348.64259212331,0.1548169453938802,5.088055786890812e-06,727.1770833333334,0.044127659574468,0.063875,0.136875,0.0718320652252363,0.0102593373515667,0.0052522337773043,12.43409090909091,13.010416666666666,12.852083333333333,0.0,727.1770833333334,53.64166666666667,11.625,2024-09-03,0.1548169453938802,1194.9142586748987,3085.865145880721,2994.074996708376,4374.465553277373,0.062371807970508,0.117871807970508,F2,6362.84524509257,247.0,247.0,2.2,13.191666666666668,769.8229166666666,60.39166666666667,83.58399152763319,0.6,600.7209922617985,2024.0,2.2,26.6,10.8,1299.6000000000006,1.0217441165836991,1.0154227510814278,0.6007209922617985,4410.523990548675,6439.650126667972,0.49475066361337977
435,2024-09-04,191.0,2024-09-04,9331.291666666666,0.0073204201140815,136.6087697044814,2447.0012633764786,0.1516679113509467,2378.2074786936705,0.1457316080729166,5.354200243889826e-06,727.4541666666668,0.038,0.05845,0.125,0.0646541015308714,0.0186153557240243,0.0095300697072141,12.026315789473683,12.44,12.4875,0.0,727.4541666666668,53.95,11.533333333333331,2024-09-04,0.1457316080729166,1204.5254011968575,3129.1077939603074,3031.764634100504,4372.677831177058,0.0561391795230258,0.1116391795230258,F2,6328.029950785879,248.0,248.0,2.2,12.45,770.0229166666667,59.48333333333333,84.18399152763318,0.6,585.3557056869149,2024.0,2.2,23.8,9.4,1309.000000000001,1.0243281587082134,1.0146100097453858,0.5853557056869149,4411.858219322706,6443.238305215729,0.5040138605418496
436,2024-09-05,192.0,2024-09-05,8730.604166666666,0.0075704829438353,132.1243409452734,2409.591296088039,0.1661668549594061,2328.4330541382674,0.1627286275227864,6.468922994291582e-06,729.2666666666668,0.0583404255319148,0.056,0.11525,0.0703378851846291,0.0119987437351452,0.00614271711431,11.134782608695652,11.86875,12.133333333333333,4.3714,729.2666666666668,78.79166666666667,8.641666666666667,2024-09-05,0.1627286275227864,1215.557386693984,3081.26972294414,2968.3116589493766,4355.179935327203,0.0610744109059256,0.1165744109059256,F2,6284.458085721121,249.0,249.0,3.8,11.770731707317074,772.3219512195122,75.1609756097561,85.0125629562046,0.8285714285714285,343.1512202170457,2024.0,3.4,21.0,8.0,1317.000000000001,1.0328063353184966,1.0164635228421743,0.3431512202170457,4409.571627532379,6439.9438635834,0.5118785344875231
437,2024-09-06,193.0,2024-09-06,8618.020833333334,0.0076175868814877,131.28244617859454,2405.8794054237146,0.1662425978595772,2335.7581740291016,0.1589813232421875,5.561837884254652e-06,730.1750000000001,0.0633191489361702,0.0574583333333333,0.109,0.0715716724406078,0.0105624660639785,0.0054074195176345,10.152272727272727,10.935416666666669,11.125,0.0,730.1750000000001,66.85833333333333,9.816666666666666,2024-09-06,0.1589813232421875,1207.5482478216393,3076.5231352811484,2977.649801068825,4359.006229750554,0.0621457088223236,0.1176457088223236,F2,6321.933507426141,250.0,250.0,1.4,11.634782608695652,773.241304347826,69.31304347826087,85.49827724191888,0.4857142857142857,420.1480341700674,2024.0,1.4,24.2,9.6,1326.6000000000006,1.0364158718860284,1.0183730168758909,0.42014803417006735,4412.410453670516,6444.753409297854,0.5240470601779614
438,2024-09-07,194.0,2024-09-07,8867.291666666666,0.0075099373667928,133.16645732264962,2451.6552423684147,0.1500877272665572,2382.82534660983,0.1444282531738281,5.3503913728823806e-06,727.9625,0.0511063829787234,0.0561666666666666,0.1013333333333333,0.064160426505204,0.0191900531953613,0.0098242841742163,11.513953488372094,12.179166666666667,11.827083333333334,0.0,727.9625,57.60833333333333,11.5,2024-09-07,0.1444282531738281,1218.4560710943288,3135.059078969658,3037.651542100999,4376.573268280645,0.0557105213213687,0.1112105213213687,F2,6338.425070193128,251.0,251.0,1.8,12.116666666666667,770.7395833333334,63.88333333333333,86.04113438477603,0.5428571428571428,510.4694399719883,2024.0,1.8,24.2,9.6,1336.2000000000005,1.0403958707463339,1.0215052120084027,0.5104694399719883,4411.546206689562,6442.053318157742,0.5368967528503574
439,2024-09-08,195.0,2024-09-08,9120.770833333334,0.0074045455231481,135.05822253959113,2481.2417039497423,0.1404141389468423,2416.5793306971123,0.1348342895507812,4.95542531280523e-06,725.99375,0.0420425531914893,0.0524166666666666,0.0925416666666666,0.0569963063912244,0.0275299559649869,0.0140938697746326,11.866666666666667,12.372916666666669,12.216666666666669,0.0,725.99375,54.26666666666667,11.15,2024-09-08,0.1348342895507812,1211.614520804791,3172.8928263058137,3080.6814863479262,4363.340348712113,0.0494899132596948,0.1049899132596949,F2,6313.6536125312805,252.0,252.0,1.8,11.75,768.5541666666667,61.85,86.58399152763317,0.5428571428571428,526.3210209679248,2024.0,1.8,25.4,10.2,1346.4000000000003,1.0392693921303864,1.0238831331883498,0.5263210209679248,4407.089096137338,6432.18441045053,0.5551360287589547
440,2024-09-09,196.0,2024-09-09,9185.979166666666,0.0073782297504073,135.5400840129333,2546.593638580648,0.1207062741166733,2480.4136363308694,0.1182365417480468,4.940808581949854e-06,726.0416666666666,0.0362553191489361,0.0489583333333333,0.0846666666666666,0.0515449770841048,0.0338759629642097,0.0173426870393498,11.545454545454543,12.05625,11.808333333333332,0.0,726.0416666666666,54.94166666666666,10.891666666666666,2024-09-09,0.1182365417480468,1234.7726512085485,3256.461744338076,3162.0581500732847,4425.200345606606,0.0447565220692629,0.1002565220692629,F2,6388.95161685559,253.0,253.0,1.4,11.591666666666669,768.6999999999999,61.74166666666667,87.06970581334745,0.4857142857142857,522.3192195061125,2024.0,1.4,25.0,10.0,1356.4000000000003,1.0470474168233743,1.0275986601752398,0.5223192195061125,4404.909942481967,6422.756025027896,0.5706446279733048
441,2024-09-10,197.0,2024-09-10,9026.729166666666,0.0074431590578257,134.35930027406798,2492.7723380709044,0.136775450331407,2409.8542495739107,0.1366984049479166,6.374139956225064e-06,725.2041666666668,0.0382553191489361,0.0455416666666666,0.0777083333333333,0.0496549125957479,0.0360762267524256,0.0184691047982591,10.725,11.71875,11.929166666666667,0.0,725.2041666666668,79.40833333333333,8.566666666666666,2024-09-10,0.1366984049479166,1236.9971772986537,3187.637647911687,3072.108280143908,4313.363990663888,0.0431153783968649,0.0986153783968649,F2,6174.059609922101,254.0,254.0,1.8,11.008333333333333,767.8791666666666,74.00833333333334,87.6125629562046,0.5428571428571428,341.38532840864985,2024.0,1.8,24.2,9.6,1366.0000000000005,1.0523446194780295,1.0316693905845835,0.3413853284086499,4394.314677813737,6395.744048864785,0.5595238204905147
442,2024-09-11,198.0,2024-09-11,9182.270833333334,0.0073806400025718,135.50706575378396,2424.4244860151025,0.1595421085559801,2349.0577436620247,0.1546567281087239,5.938451609084496e-06,721.6333333333333,0.0674166666666666,0.0459583333333333,0.0738333333333333,0.0614366213237714,0.0223608920443949,0.0114475846208811,9.870833333333334,10.347916666666666,10.758333333333333,4.0786,721.6333333333333,69.10833333333333,9.241666666666667,2024-09-11,0.1546567281087239,1234.1800288121742,3100.2376944383686,2994.6042363832757,4303.667914335144,0.053345440306467,0.108845440306467,F2,6206.719129854207,255.0,255.0,1.8,11.35,764.1520833333334,65.77499999999999,88.15542009906174,0.5428571428571428,459.8363470927913,2024.0,1.8,22.6,8.8,1374.8000000000004,1.0587915955970961,1.0352369454059063,0.4598363470927913,4385.915169598822,6374.823161116625,0.551905640002922
443,2024-09-12,199.0,2024-09-12,9772.395833333334,0.007154298384874,139.7938111186293,2437.426338490799,0.1559332269277372,2377.9128765510104,0.1468048095703125,4.6427414383517095e-06,716.3416666666667,0.0627659574468085,0.048375,0.0704583333333333,0.0595181503437639,0.0245942244264679,0.0125909317368895,9.215909090909092,10.027083333333334,10.229166666666666,0.6502,716.3416666666667,55.708333333333336,10.275,2024-09-12,0.1468048095703125,1224.2776287826953,3116.863839478231,3031.389072100448,4309.3661859849,0.0516796312671916,0.1071796312671916,F2,6253.391812522513,256.0,256.0,1.4,11.241666666666667,758.3416666666667,61.025,88.64113438477602,0.4857142857142857,519.9074072438186,2024.0,1.4,25.0,10.0,1384.8000000000004,1.0557931628152415,1.0366623357882998,0.5199074072438187,4372.747167890416,6349.292062845517,0.5444159822395587
444,2024-09-13,200.0,2024-09-13,9818.729166666666,0.0071369060918787,140.12804625838058,2529.611245159032,0.1256341939642348,2480.441261909606,0.1183128356933593,3.673274727312285e-06,718.7208333333333,0.049063829787234,0.0474583333333333,0.0674166666666666,0.0526385723085588,0.0326028857828994,0.0166909393929219,10.25813953488372,11.09375,10.947916666666666,0.0,718.7208333333333,41.46666666666667,10.716666666666669,2024-09-13,0.1183128356933593,1235.9277464692632,3234.745474546554,3162.093367460061,4406.3688872964285,0.0457060911944611,0.1012060911944611,F2,6407.449948977762,257.0,257.0,-0.2,12.1,761.19375,46.825,88.89827724191888,0.2571428571428572,750.7454586982807,2024.0,-0.2,22.6,8.8,1393.6000000000004,1.0554876259305492,1.0397026475233087,0.7507454586982807,4369.4016709839025,6338.818461937902,0.5547198010915748
445,2024-09-14,201.0,2024-09-14,9592.479166666666,0.0072201459849612,138.50697261844493,2528.620429614584,0.1257389072490199,2481.9603614211587,0.117773691813151,3.482163045270228e-06,722.80625,0.0385833333333333,0.0449583333333333,0.064625,0.0466494705784198,0.039574924960368,0.0202602517578182,10.328888888888889,10.902083333333332,10.852083333333333,0.0,722.80625,43.05833333333334,9.55,2024-09-14,0.117773691813151,1225.0975873460304,3233.4784671735247,3164.029931959191,4345.524583531124,0.0405057520164525,0.0960057520164525,F2,6306.889062497799,258.0,258.0,-1.8,9.925,765.6645833333333,51.79166666666666,88.9268486704903,0.0285714285714285,589.01171813393,2024.0,-1.8,25.0,10.0,1403.6000000000004,1.0528927681850073,1.0423107105194154,0.58901171813393,4365.02021624259,6326.7379885574255,0.5458351230220708
446,2024-09-15,202.0,2024-09-15,9642.0625,0.0072018365395761,138.86270567751157,2548.271213742036,0.1201020098298396,2491.628651939194,0.1155446370442708,4.221814161649997e-06,722.9291666666667,0.0312916666666666,0.0418333333333333,0.0623333333333333,0.0419245961104928,0.0450752506157551,0.0230761252595299,10.210416666666667,10.775,10.99375,0.0,722.9291666666667,50.75,8.441666666666666,2024-09-15,0.1155446370442708,1235.879773387617,3258.6069469544445,3176.35517335524,4331.121386386434,0.0364031418231601,0.0919031418231601,F2,6246.020851161938,259.0,259.0,-0.2,8.225,765.5520833333334,59.36666666666667,89.18399152763315,0.2571428571428572,442.6268015205541,2024.0,-0.2,17.4,6.199999999999999,1409.8000000000004,1.0562075062876644,1.044783996410074,0.4426268015205541,4359.6541693070785,6310.952526460782,0.5227358643777108
447,2024-09-16,203.0,2024-09-16,9320.041666666666,0.0073250405402141,136.52513604537526,2467.5179748144005,0.1446612636130116,2386.821675189144,0.1431096394856771,6.261547592919608e-06,721.38125,0.0579999999999999,0.040625,0.0603333333333333,0.0525137603978535,0.0327481819509162,0.0167653232849043,8.997916666666667,9.364583333333334,9.770833333333334,0.8786,721.38125,82.575,7.458333333333333,2024-09-16,0.1431096394856771,1229.3753986482848,3155.343580033524,3042.746105027723,4297.021429718626,0.0455977169676791,0.1010977169676791,F2,6163.399253044454,260.0,260.0,1.4,9.283333333333331,763.9458333333333,75.66666666666667,89.66970581334743,0.4857142857142857,284.75380889019084,2024.0,1.4,20.6,7.800000000000001,1417.6000000000004,1.0543354974717385,1.0474467083480519,0.28475380889019086,4352.348420717722,6292.587625470463,0.49262517876929063
448,2024-09-17,204.0,2024-09-17,9355.479166666666,0.0073109481092667,136.7857206318994,2462.1093330803265,0.1463663020557116,2385.673624459552,0.1433906555175781,5.934458493520641e-06,718.5500000000001,0.0559574468085106,0.0422083333333333,0.059625,0.0520259381147325,0.033316066121667,0.0170560497052377,9.728260869565217,10.172916666666667,10.252083333333331,0.0045,718.5500000000001,70.90833333333333,8.691666666666666,2024-09-17,0.1433906555175781,1229.820882303713,3148.4272685227247,3041.28255753184,4282.970014230407,0.0451741407044719,0.1006741407044719,F2,6152.772577966696,261.0,261.0,2.6,9.466666666666669,760.8895833333332,77.50833333333334,90.32684867049028,0.6571428571428571,266.472289960076,2024.0,1.0,20.6,7.800000000000001,1425.4000000000003,1.0556849450350516,1.0495837451875623,0.266472289960076,4345.813025071509,6277.582434961472,0.4687502714620247
449,2024-09-18,205.0,2024-09-18,9403.08510638298,0.0072515677919124,137.9245771122796,2486.7787184963336,0.1397052015848884,2438.532627204987,0.1298124893851902,3.667888983480708e-06,717.78125,0.0566666666666666,0.0418333333333333,0.05825,0.0518910008437928,0.0334731494343043,0.0171364679868686,7.621739130434783,8.55625,9.204166666666667,0.6275,717.78125,53.76666666666667,6.675,2024-09-18,0.1298124893851902,1232.097563497821,3179.97329480917,3108.6677863452064,4324.587612093851,0.0450569746237707,0.1005569746237707,F2,6292.0421219375785,262.0,262.0,-3.0,6.75,760.7687500000001,66.84166666666667,90.32684867049028,0.0,326.53976131628406,2024.0,-3.0,19.8,7.4,1432.8000000000004,1.0546043659127542,1.0512717550967614,0.32653976131628404,4342.378009422709,6275.011875758022,0.4502634182926939
450,2024-09-19,206.0,2024-09-19,9521.208333333334,0.0072470274320799,137.9920473697958,2523.3908800462555,0.1272611018120698,2475.226837498292,0.1193834940592448,3.603011748782564e-06,720.7291666666666,0.0457916666666666,0.0414583333333333,0.0572916666666666,0.0468804475206901,0.0393060398481821,0.0201225969152058,8.208695652173914,8.9,9.091666666666669,0.0,720.7291666666666,49.84166666666667,7.616666666666667,2024-09-19,0.1193834940592448,1228.0234365154429,3226.7911701303765,3155.44596278278,4338.842818883363,0.0407063093781784,0.0962063093781784,F2,6293.103432140133,263.0,263.0,-2.6,8.141666666666667,763.7416666666667,56.99166666666667,90.32684867049028,0.0,465.8505975516782,2024.0,-2.6,21.8,8.4,1441.2000000000005,1.0542181097034342,1.0520349457162528,0.46585059755167824,4341.211072533863,6275.629400502237,0.4590276595308819
451,2024-09-20,207.0,2024-09-20,9607.729166666666,0.0072146928880661,138.61521329448394,2540.532006256596,0.1223097846478634,2489.447750689242,0.1160176595052083,3.805112689712832e-06,720.6,0.0362916666666666,0.0406666666666666,0.0569583333333333,0.0424562359854825,0.0444563574655387,0.0227592849611053,10.938297872340426,10.754166666666668,10.210416666666667,0.0,720.6,43.78333333333333,10.5,2024-09-20,0.1160176595052083,1227.0605992083847,3248.710419795178,3173.5749368370616,4323.424286263086,0.0368647649170855,0.0923647649170855,F2,6249.941134322228,264.0,264.0,2.2,10.508333333333333,763.19375,54.93333333333334,90.92684867049029,0.6,572.537406926496,2024.0,2.2,23.8,9.4,1450.6000000000006,1.0534294955409869,1.0532295216850533,0.572537406926496,4338.669505141901,6270.487088137672,0.46991261472776963
452,2024-09-21,208.0,2024-09-21,9774.395833333334,0.0071527541700287,139.81342592860042,2567.7763131661573,0.1147927152936914,2517.747855288956,0.1094284057617187,3.681321248601168e-06,719.75625,0.0284166666666666,0.0379583333333333,0.0565,0.0380378625694767,0.0495998788056516,0.0253924936753797,9.15531914893617,10.010416666666666,10.295833333333333,0.0,719.75625,46.04166666666666,8.133333333333333,2024-09-21,0.1094284057617187,1239.969956988673,3283.549132127562,3209.652216483784,4323.53355743406,0.0330282896969871,0.088528289696987,F2,6238.44033940289,265.0,265.0,-1.0,7.858333333333333,762.2208333333333,58.13333333333333,91.06970581334744,0.1428571428571428,444.8174233547648,2024.0,-1.0,23.0,9.0,1459.6000000000006,1.0556786420179378,1.0545466346549623,0.4448174233547648,4334.880954367145,6263.345321652654,0.4652231849693966
453,2024-09-22,209.0,2024-09-22,8975.6875,0.0074643196922167,133.97870170584133,2396.2075742479105,0.1700111898078914,2327.786082418251,0.1616439819335937,5.440244403615281e-06,721.3354166666667,0.09025,0.0450833333333333,0.056625,0.0670562651129763,0.0158189466196601,0.0080984573281885,7.55,8.18125,8.829166666666667,10.8639,721.3354166666667,85.89166666666667,4.266666666666667,2024-09-22,0.1616439819335937,1230.2020864567426,3064.1552616854,2967.486892398274,4302.803543231674,0.058224979021996,0.113724979021996,F2,6234.375146285228,266.0,266.0,1.8,8.053333333333333,764.8033333333333,78.11999999999999,91.61256295620456,0.5428571428571428,235.5757870852201,2024.0,0.6,13.8,4.4,1464.000000000001,1.056301083318119,1.0556845938279098,0.2355757870852201,4330.556896832828,6257.682574063651,0.4444556682634891
454,2024-09-23,210.0,2024-09-23,9074.4375,0.0074237739831886,134.71262090249937,2422.865104546054,0.160104896662449,2361.311804093891,0.1509564717610677,4.830708187260736e-06,722.44375,0.0860416666666666,0.0605833333333333,0.056875,0.0706698780224656,0.0116122638962093,0.005944860040822,7.23695652173913,7.808333333333334,8.254166666666666,0.0014,722.44375,75.98333333333333,5.525,2024-09-23,0.1509564717610677,1232.7827306724737,3098.2436322441285,3010.225845252267,4382.031997314233,0.0613626804059628,0.1168626804059628,F2,6377.562643743496,267.0,267.0,-1.4,8.790000000000001,765.58,69.71000000000001,91.69827724191886,0.0857142857142857,342.8448172485019,2024.0,-1.4,19.8,7.4,1471.4000000000008,1.0579358989352579,1.0555627678518855,0.3428448172485019,4327.473443383373,6256.869075984215,0.4316360681022312
455,2024-09-24,211.0,2024-09-24,9293.354166666666,0.007335311421441,136.33100864742585,2442.0396765746914,0.1531091262867678,2382.3069191709224,0.1443608601888021,4.643344290702844e-06,723.225,0.0694166666666666,0.0606666666666666,0.057125,0.0636231981494862,0.0198154520134282,0.0101444550277496,8.656521739130435,8.918750000000001,8.90625,0.0,723.225,62.25833333333333,7.925,2024-09-24,0.1443608601888021,1218.764879502276,3122.7631548445675,3036.990645190738,4354.604919855713,0.055244045747625,0.110744045747625,F2,6328.326983526319,268.0,268.0,-0.6,9.033333333333331,766.2687500000001,66.09166666666667,91.89827724191886,0.1999999999999999,390.1656622646209,2024.0,-0.6,21.8,8.4,1479.8000000000009,1.0518775984479376,1.0544465587199425,0.3901656622646209,4330.419224039932,6267.888174098802,0.43512037766337197
456,2024-09-25,212.0,2024-09-25,9361.270833333334,0.0073087576390114,136.82760949376896,2485.686253150193,0.1388863279959654,2422.4548629290616,0.1331456502278646,4.834692677733767e-06,724.8166666666666,0.0554583333333333,0.056125,0.0572916666666666,0.0561015661668923,0.0285715418619683,0.0146271062247678,9.72,9.879166666666666,9.54375,0.0,724.8166666666666,56.75833333333333,10.75,2024-09-25,0.1331456502278646,1221.987039114586,3178.576302547497,3088.1716784303794,4362.742384654882,0.0487130100023467,0.1042130100023467,F2,6315.478304667762,269.0,269.0,0.6,11.025,767.5104166666666,63.76666666666667,92.26970581334744,0.3714285714285714,476.43108200772167,2024.0,0.6,27.0,11.0,1490.8000000000009,1.049530555606511,1.0537000852584986,0.47643108200772166,4334.63882906277,6275.656686585485,0.43630571587158135
457,2024-09-26,213.0,2024-09-26,9408.5,0.0072905179831436,137.17154035275425,2518.4725073274208,0.1288647077455252,2455.67737755302,0.1244379679361979,4.737651401406844e-06,724.4229166666668,0.0440833333333333,0.0503333333333333,0.0577083333333333,0.0493119197773631,0.0364755118998686,0.0186735175070249,10.929787234042552,10.964583333333332,10.483333333333333,0.0,724.4229166666668,50.825,11.558333333333332,2024-09-26,0.1244379679361979,1229.8026977037778,3220.501791110248,3130.524099653161,4354.459818012649,0.0428175576097766,0.0983175576097766,F2,6286.628811139664,270.0,270.0,1.8,11.891666666666666,766.8729166666667,58.30833333333334,92.81256295620456,0.5428571428571428,580.5881910373665,2024.0,1.8,25.0,10.0,1500.8000000000009,1.0486791588031716,1.054038338420728,0.5805881910373665,4337.859802779038,6278.030757915281,0.4406400575711204
458,2024-09-27,214.0,2024-09-27,9476.104166666666,0.0072642123453121,137.66507677719594,2529.626358324933,0.1255539785609407,2470.8955352832504,0.1205558776855468,4.401586105262034e-06,725.8541666666666,0.0357916666666666,0.045,0.056875,0.0437222248649126,0.0429825932078357,0.0220047962306114,10.645652173913044,10.775,10.516666666666667,0.0,725.8541666666666,47.18333333333334,11.291666666666666,2024-09-27,0.1205558776855468,1210.615319307253,3234.7648005378887,3149.924371839681,4317.749577802458,0.0379640235146633,0.0934640235146633,F2,6226.596949726166,271.0,271.0,2.2,11.3,768.275,55.89166666666667,93.41256295620455,0.6,590.6644658086162,2024.0,2.2,25.8,10.4,1511.200000000001,1.0463508256700988,1.052488672949846,0.5906644658086162,4331.529852100897,6265.112686540168,0.42920570093614435
459,2024-09-28,215.0,2024-09-28,9448.104166666666,0.007275118904899,137.46058602730534,2553.0869550362963,0.1188790149487194,2492.4179050815424,0.1153958638509114,4.511190304143297e-06,727.1833333333334,0.0293333333333333,0.04125,0.0565416666666666,0.0395793096721104,0.0478054478419105,0.0244738406868061,11.088888888888889,10.991666666666667,10.529166666666669,0.0,727.1833333333334,47.86666666666667,11.958333333333334,2024-09-28,0.1153958638509114,1226.0789434059309,3264.7650858336924,3177.3613218034984,4314.952747094035,0.0343667287684616,0.0898667287684616,F2,6204.263939687206,272.0,272.0,1.4,12.058333333333332,769.7395833333334,57.14166666666667,93.89827724191883,0.4857142857142857,603.4315820426141,2024.0,1.4,26.2,10.6,1521.8000000000009,1.0475198846267675,1.0525487530674473,0.603431582042614,4329.346149498248,6257.782320625125,0.4302356912153361
460,2024-09-29,216.0,2024-09-29,9599.416666666666,0.0072176222350462,138.5564912588674,2567.3064671274446,0.1149126240543731,2506.481242838277,0.112060546875,4.4983475546179945e-06,726.6020833333333,0.0240833333333333,0.0387916666666666,0.0563333333333333,0.0364297608855678,0.0514719037681173,0.0263508706546022,11.846808510638295,11.68125,11.1125,0.0,726.6020833333333,46.41666666666666,12.575,2024-09-29,0.112060546875,1209.4852006831193,3282.948315559259,3195.2894169887422,4305.6716725853175,0.0316319744287107,0.0871319744287107,F2,6179.072337228696,273.0,273.0,3.4,13.008333333333333,769.0187500000001,53.7,94.66970581334742,0.7714285714285715,693.8460373320959,2024.0,3.4,26.6,10.8,1532.6000000000008,1.041715166290777,1.0509328369928232,0.6938460373320958,4327.528312798168,6253.000283915609,0.4481799223447319
461,2024-09-30,217.0,2024-09-30,9641.0,0.0072015165109916,138.85964136494087,2558.858518989045,0.1169399350522879,2505.2763363052886,0.112030029296875,3.960691393250295e-06,724.5,0.02,0.038,0.056,0.0343291844701884,0.0539172289142225,0.0276027467640182,18.9,17.3,13.5,0.0,724.5,23.2,19.8,2024-09-30,0.112030029296875,1219.792493070618,3272.1454848625704,3193.753389099318,4269.082917852328,0.0298080431746586,0.0853080431746586,F2,6136.000335961665,274.0,274.0,1.4,12.025,768.2958333333332,51.04166666666666,95.1554200990617,0.4857142857142857,687.8046857163547,2024.0,1.4,24.6,9.8,1542.4000000000008,1.0443370890976371,1.0503461568696815,0.6878046857163547,4325.532704807718,6251.043218409695,0.47696927068945794
462,2024-10-01,,,,,,,,,,,,,,,,,,,,,,,,,,,,,,,,,,,,275.0,16.6,16.6,768.4,27.2,96.00688799002326,0.8514678909615524,1375.3027489230324,,,,,,,,1.3753027489230323,,,0.5561714463296691
