,date,Unnamed: 0,Date (aggregated based on UTC),Raw_Moderated_cph,Raw_Mod_Coeff_of_Var,Raw_Mod_sqrt,Corrected_Mod_cph_for_Des,SWC_Des_cm3_cm3,Corrected_Mod_cph_for_UTS,SWC_UTS_cm3_cm3,Rhov_g_cm3,BaroPress_mb,SWC_5,SWC_10,SWC_20,WeightedTDR_SWC,WeightedTDR_SD,WeightedTDR_SE,sT_5,sT_10,sT_20,PRISM_ppt_mm,BaroPress,airRH,airT,date.1,CRNS,Bare,scaled_stationary_N_Des,scaled_stationary_N_UTS,N0,TDR_pore_swc_g,TDR_tot_swc_g,NewName,ND,doy_x,doy_y,min_temp_x,mean_temp,mean_P_mb,mean_RH,cumulative_GSI,GSI,VPD,year,min_temp_y,max_temp,GDD,cumulative_GDD,Bare_norm,Bare_norm7,VPD_kPa,N0_7,ND_7,VPD_7
0,2023-06-22,,,,,,,,,,,,,,,,,,,,,,,,,,,,,,,,,,,,,,,,,,,,2023.0,0.0,0.0,0.0,0.0,,,,,,
1,2023-06-23,,,,,,,,,,,,,,,,,,,,,,,,,,,,,,,,,,,,,,,,,,,,2023.0,0.0,0.0,0.0,0.0,,,,,,
2,2023-06-26,247.0,,,,,,,,,,,,,,,,,,,,,,,,,,789.3396609117839,,,,,,R7,,177.0,,,,,,,,,,,,,,,,,,,
3,2023-06-27,248.0,,,,,,,,,,,,,,,,,,,,,,,,,,795.9304288830291,,,,,,R7,,178.0,,,,,,,,,,,,,,,,,,,
4,2023-06-28,249.0,,,,,,,,,,,,,,,,,,,,,,,,,,785.2166677158218,,,,,,R7,,179.0,179.0,0.0,0.0,796.3,15.0,0.2857142857142857,0.2857142857142857,519.18,2023.0,0.0,0.0,0.0,0.0,0.9763291553686743,,0.51918,,,
5,2023-06-29,250.0,,,,,,,,,,,,,,,,,,,,,,,,,,776.3636860341494,,,,,,R7,,180.0,,,,,,,,,,,,,,0.9709847582518264,,,,,
6,2023-06-30,251.0,,,,,,,,,,,,,,,,,,,,,,,,,,789.7797061302292,,,,,,R7,,181.0,181.0,15.0,15.75,792.2,77.25,1.2857142857142856,1.0,407.1007909165121,2023.0,0.0,16.0,5.5,5.5,0.9684514684407269,,0.4071007909165121,,,
7,2023-07-01,0.0,2023-07-01,6138.978260869565,0.0090254765734472,110.80311468791297,2559.900514441512,0.057011111602604,2474.418281815269,0.0692523458729619,6.3981633636692985e-06,789.3956521739129,0.0455652173913043,0.1034782608695652,0.1873695652173913,0.0961176010840436,0.0,0.0,19.334146341463416,19.51086956521739,18.443478260869565,,789.3956521739129,56.119565217391305,14.72608695652174,2023-07-01,0.0692523458729619,780.4258849081148,3101.493162304655,2958.3452674773143,4602.145344383815,0.0832859743631752,0.1397859743631752,R7,6622.472215957888,182.0,182.0,3.0,13.081632653061224,793.973469387755,68.38775510204081,2.0,0.7142857142857143,476.0132652562781,2023.0,3.0,25.0,10.0,15.5,0.9664782952443851,,0.4760132652562781,,,
8,2023-07-02,1.0,2023-07-02,6217.666666666667,0.0089682122385521,111.51086259858842,2561.628406173009,0.0566381997153108,2484.157589001457,0.0675430297851562,5.776741322441648e-06,788.5354166666666,0.0466666666666666,0.103,0.1876041666666666,0.0964859049382905,0.000429474384299,0.0002209083921356,20.41081081081081,21.429166666666664,18.85833333333333,0.0,788.5354166666666,40.24375,18.497916666666665,2023-07-02,0.0675430297851562,783.0868365231696,3103.5866203746887,2969.989310658902,4608.088993100156,0.0836051099326932,0.1401051099326932,R7,6653.736960966856,183.0,183.0,5.0,15.708333333333334,793.2354166666668,55.125,3.0,1.0,800.8786278059814,2023.0,5.0,27.0,11.0,26.5,0.9692473500883171,,0.8008786278059814,,,
9,2023-07-03,2.0,2023-07-03,6261.270833333333,0.0089370159400646,111.90083810499078,2572.8889145588546,0.0544120531357558,2502.075499476932,0.0645065307617187,5.243217843148509e-06,787.7854166666666,0.0448125,0.1016666666666666,0.1884583333333333,0.0953947301775793,0.0008429304605466,0.0004335774600979,20.482857142857146,22.447916666666668,19.602083333333333,0.0,787.7854166666666,34.800000000000004,19.429166666666667,2023-07-03,0.0645065307617187,779.4249783089713,3117.2294903087936,2991.4114631089383,4619.889855498789,0.0826596061735339,0.1391596061735339,R7,6687.967845127404,184.0,184.0,5.0,17.166666666666668,792.4791666666666,47.41666666666666,3.959457982911604,0.9594579829116044,1029.7344546828665,2023.0,5.0,29.0,12.0,38.5,0.96498256242993,,1.0297344546828664,,,
10,2023-07-04,3.0,2023-07-04,6314.416666666667,0.008899338247393,112.3746812670514,2564.1236888069966,0.0561642373938333,2488.135083870093,0.0668881734212239,5.658060482098889e-06,786.0708333333333,0.0426458333333333,0.0985416666666666,0.188,0.0932640493505294,0.0033274899507163,0.0017115583181054,22.80697674418605,21.822916666666668,19.647916666666667,0.0,786.0708333333333,34.80416666666667,19.735416666666666,2023-07-04,0.0668881734212239,779.4701177562247,3106.609824590505,2974.7446922399063,4587.586498404806,0.0808133696181436,0.1373133696181436,R7,6623.352619295305,185.0,185.0,11.0,17.9375,790.7166666666667,43.3125,4.876509907419144,0.91705192450754,1165.4338415758723,2023.0,11.0,29.0,15.0,53.5,0.9645889119135634,,1.1654338415758723,,,
11,2023-07-05,4.0,2023-07-05,6290.666666666667,0.0089166632774203,112.16087186527945,2566.879448713038,0.0556892302999844,2483.97715509932,0.0676752726236979,6.18352539537779e-06,786.2937499999999,0.0421874999999999,0.0965416666666666,0.187875,0.0923439856648179,0.0044003643732359,0.0022634118681818,22.4875,22.29375,19.8625,0.44489998,786.2937499999999,39.85625,19.383333333333333,2023-07-05,0.0676752726236979,780.9953049894762,3109.948614694778,2969.7735889337587,4585.311030432156,0.0800161337354705,0.1365161337354705,R7,6600.20914503322,186.0,186.0,7.0,17.375,790.81875,49.270833333333336,5.843197760329083,0.96668785290994,1006.5988706881924,2023.0,7.0,27.0,12.0,65.5,0.9637274756666627,,1.0065988706881923,,,
12,2023-07-06,5.0,2023-07-06,6391.520833333333,0.0088460219928577,113.0564169715516,2575.7281143309897,0.0538511165171952,2503.7171693330306,0.0642534891764323,5.331381090033872e-06,785.9583333333334,0.0413958333333333,0.0944583333333333,0.187625,0.0912219234978655,0.005708786624973,0.0029364239649044,21.01621621621622,22.4,19.979166666666668,0.0,785.9583333333334,34.77291666666667,19.741666666666667,2023-07-06,0.0642534891764323,783.8443124451759,3120.669373472228,2993.374197657596,4592.261943006099,0.079043866015337,0.135543866015337,R7,6638.583692411181,187.0,187.0,6.0,16.666666666666668,790.5916666666667,52.97916666666666,6.843197760329083,1.0,892.0667723818907,2023.0,6.0,29.0,12.5,78.0,0.9655476608040915,,0.8920667723818907,,,
13,2023-07-07,6.0,2023-07-07,6501.3125,0.008771207263565,114.0224692131986,2581.588413020696,0.0528288296019287,2509.2501224400808,0.0634396870930989,5.3439753771879015e-06,784.2937499999999,0.0398333333333333,0.0929583333333333,0.1878333333333333,0.0900620922142897,0.0070612509575093,0.0036320899511518,23.373170731707315,22.852083333333336,20.416666666666668,0.0,784.2937499999999,36.53333333333333,19.32708333333333,2023-07-07,0.0634396870930989,780.200638247505,3127.769522955636,2999.9892415892177,4593.491832336997,0.0780388713269548,0.1345388713269548,R7,6637.585463098044,188.0,188.0,5.0,16.875,788.9895833333334,42.29166666666666,7.777759036723454,0.934561276394371,1109.4039155380126,2023.0,5.0,29.0,12.0,90.0,0.9658485392848389,,1.1094039155380127,,,
14,2023-07-08,7.0,2023-07-08,6514.666666666667,0.0087625973647342,114.13787679573214,2572.625408498152,0.0545080767006885,2506.6493820913006,0.0638834635416666,4.889591101276285e-06,783.6229166666667,0.0391666666666666,0.0907916666666666,0.1871666666666666,0.088876387346633,0.0084438861434444,0.0043432748948909,20.98378378378378,22.5625,20.23333333333333,0.0,783.6229166666667,31.522916666666664,20.45625,2023-07-08,0.0638834635416666,778.1057872601396,3116.910234837386,2996.8798691927664,4568.106231658282,0.0770114571583094,0.1335114571583094,R7,6615.698857006527,189.0,189.0,5.0,17.3125,788.3145833333333,44.395833333333336,8.715577179835366,0.9378181431119113,1098.981942041884,2023.0,5.0,29.0,12.0,102.0,0.9646584375493334,,1.098981942041884,,,
15,2023-07-09,8.0,2023-07-09,6547.354166666667,0.0087403507523085,114.42535153655837,2609.2866610825217,0.0475158054316179,2564.052855313648,0.0547599792480468,3.273582087355148e-06,785.7416666666667,0.0376458333333333,0.0894583333333333,0.1870416666666666,0.0877207846396703,0.0097914195872146,0.0050364045838667,19.865714285714283,22.945833333333336,20.508333333333333,0.0,785.7416666666667,21.535416666666663,19.558333333333334,2023-07-09,0.0547599792480468,781.0317998988256,3161.3278298066,3065.509855720149,4623.829321940621,0.0760101265347751,0.1325101265347751,R7,6751.345643157984,190.0,190.0,4.0,16.354166666666668,790.4833333333332,37.645833333333336,9.503162550879876,0.7875853710445104,1159.6812814338275,2023.0,4.0,30.0,12.5,114.5,0.9635000518337659,0.9675867382210387,1.1596812814338275,,,
16,2023-07-10,9.0,2023-07-10,6502.875,0.008769562697368,114.03876086972132,2610.2259818699586,0.0472719117663481,2554.4968681877567,0.0561421712239583,4.045549253145348e-06,786.775,0.0366458333333333,0.0888541666666666,0.1875833333333333,0.0871894838447499,0.0104109626062325,0.0053550784261111,21.26176470588236,23.929166666666664,20.99375,0.0,786.775,23.45833333333333,21.13958333333333,2023-07-10,0.0561421712239583,781.1248499150378,3162.465880673425,3054.0849848736507,4621.166858328915,0.075549753992329,0.1320497539923291,R7,6719.115405834762,191.0,191.0,6.0,17.3125,791.5020833333333,39.895833333333336,10.413187033037188,0.9100244821573114,1187.9216570966037,2023.0,6.0,30.0,13.0,127.5,0.9638807056357267,0.9668617190008402,1.1879216570966036,,,
17,2023-07-11,10.0,2023-07-11,6390.625,0.0088462466604425,113.05023636688225,2601.7122738044936,0.0488383282246738,2533.430428582606,0.0593719482421875,4.992896364264131e-06,787.7937499999999,0.0356875,0.0873541666666666,0.1876041666666666,0.0862544139306734,0.0115013355985157,0.0059159327013819,22.10571428571429,24.222916666666663,21.304166666666667,0.0,787.7937499999999,28.64375,21.797916666666666,2023-07-11,0.0593719482421875,778.0858122333616,3152.1509456976582,3028.898539086977,4598.480153759614,0.0747395152013769,0.131239515201377,R7,6649.734461216324,192.0,192.0,7.0,18.45833333333333,792.4770833333333,42.208333333333336,11.310804078880851,0.8976170458436656,1227.62545330027,2023.0,7.0,29.0,13.0,140.5,0.963872478548627,0.9652867965767932,1.22762545330027,,,
18,2023-07-12,11.0,2023-07-12,6336.875,0.0088840913752517,112.57207614492847,2585.335535323295,0.0521601822787503,2506.3981720784386,0.064062754313151,5.848644960757309e-06,787.56875,0.0347499999999999,0.0861666666666666,0.1881041666666666,0.0855397241121408,0.0123347261977174,0.0063446031507058,23.694444444444443,24.86875,21.8,0.0,787.56875,31.31458333333333,22.110416666666666,2023-07-12,0.064062754313151,784.2382853778524,3132.309415867203,2996.5795295298426,4563.731594177645,0.074120235930644,0.130620235930644,R7,6570.708109555901,193.0,193.0,9.0,19.33333333333333,792.2916666666666,44.54166666666666,12.203237904348464,0.892433825467611,1244.2117585036451,2023.0,9.0,30.0,14.5,155.0,0.9651931293599093,0.9652004469334461,1.2442117585036452,,,
19,2023-07-13,12.0,2023-07-13,6490.208333333333,0.0087781396446698,113.9275349474288,2605.12285357372,0.048288526053022,2527.9009828144603,0.0603218078613281,5.657667693980816e-06,786.9041666666667,0.0348958333333333,0.0846666666666666,0.1877291666666666,0.0850039859840138,0.0129594435338783,0.0066659385022794,23.45833333333333,24.8625,21.8875,0.0,786.9041666666667,30.31875,22.847916666666663,2023-07-13,0.0603218078613281,781.9686975235677,3156.2830944956586,3022.28768843162,4594.26609267162,0.0736560184356032,0.1301560184356033,R7,6619.290832793997,194.0,194.0,7.0,19.33333333333333,791.6958333333333,43.833333333333336,13.09070563292122,0.887467728572757,1260.1032685671776,2023.0,7.0,30.0,13.5,168.5,0.9655406837262375,0.9656951316024996,1.2601032685671776,,,1.0046968499849296
20,2023-07-14,13.0,2023-07-14,6566.125,0.008726819646812,114.59378073352008,2601.174940485466,0.0489325757605645,2534.995654396249,0.0591087341308593,4.836430929877582e-06,787.3520833333333,0.034125,0.084,0.1882916666666666,0.0845560992758624,0.0134817184598695,0.0069345806340838,23.22058823529412,25.58333333333333,22.39375,0.0,787.3520833333333,27.18958333333333,22.40416666666667,2023-07-14,0.0591087341308593,773.8083992308252,3151.49992992363,3030.769879277257,4583.627542260654,0.0732679242627151,0.1297679242627151,R7,6631.9983127989135,195.0,195.0,8.0,19.20833333333333,792.0791666666668,40.5,13.95803713099657,0.8673314980753477,1324.5392061588875,2023.0,8.0,28.0,13.0,181.5,0.963778951453025,0.9642855429365711,1.3245392061588874,4595.855949425726,6644.414254589594,1.0702281653593848
21,2023-07-15,14.0,2023-07-15,6407.916666666667,0.0088357458035111,113.19688043015782,2626.955783172409,0.0442922939126984,2572.8218767659178,0.0534464518229166,3.900001795378024e-06,789.4250000000001,0.0324583333333333,0.0820833333333333,0.1877083333333333,0.0830360343657199,0.0152542465880722,0.0078463144955935,21.38823529411765,24.93541666666667,22.347916666666663,0.0,789.4250000000001,23.754166666666663,20.277083333333334,2023-07-15,0.0534464518229166,782.8910743262988,3182.7351700671134,3075.9938524253057,4616.404177964287,0.071950786863231,0.128450786863231,R7,6710.160210265406,196.0,196.0,5.0,17.166666666666668,794.0729166666666,36.1875,14.84877645415752,0.8907393231609525,1249.634165884952,2023.0,5.0,28.0,11.5,193.0,0.9632240774703296,0.9645031145532917,1.249634165884952,4596.874437538617,6650.677682754416,1.125486801118576
22,2023-07-16,15.0,2023-07-16,6331.333333333333,0.0088876762773421,112.5241215953344,2641.690078888965,0.0416494197256755,2581.9777516688223,0.0520947774251302,4.285119009496875e-06,790.9125,0.031625,0.0809375,0.1871249999999999,0.0821483622561599,0.0162893496105272,0.0083787396011291,21.38529411764706,24.9125,22.277083333333334,0.0,790.9125,26.477083333333336,20.704166666666666,2023-07-16,0.0520947774251302,781.5566656400442,3200.586769048585,3086.940360292501,4634.828799826726,0.0711816183059022,0.1276816183059022,R7,6721.175027817187,197.0,197.0,5.0,17.729166666666668,795.5437499999999,40.020833333333336,15.749701876688668,0.900925422531146,1217.038647900333,2023.0,5.0,30.0,12.5,205.5,0.9630543744591018,0.9643680653962392,1.217038647900333,4598.784423733372,6655.494687529439,1.155212516839601
23,2023-07-17,16.0,2023-07-17,6287.166666666667,0.0089188490614428,112.13090502955812,2643.2184684705107,0.0413475490277146,2579.6692748554524,0.052405039469401,4.563919459875825e-06,790.21875,0.0313958333333333,0.0804791666666666,0.1873125,0.0819295550570857,0.0165444978692788,0.0085099800048823,22.76764705882353,25.629166666666663,22.56875,0.0,790.21875,24.77083333333333,23.00208333333333,2023-07-17,0.052405039469401,783.3285396657857,3202.438516727747,3084.18041000192,4635.664060796084,0.070992021701669,0.127492021701669,R7,6711.3883800889225,198.0,198.0,6.0,19.4375,794.9354166666667,39.833333333333336,16.6063838260712,0.8566819493825334,1358.617761975893,2023.0,6.0,34.0,15.0,220.5,0.9669754217462915,0.9647125842186487,1.358617761975893,4599.911152683179,6657.167582883834,1.1787041816462458
24,2023-07-18,17.0,2023-07-18,6402.333333333333,0.008838036405953,113.15424405726186,2655.0331373496056,0.0392608831762212,2588.4980191563955,0.051068623860677,4.758399837014504e-06,788.7125,0.0312083333333333,0.08,0.1877708333333333,0.081780099266757,0.0167187763428576,0.0085996234825602,24.188235294117646,26.35,23.022916666666664,0.0,788.7125,22.53333333333333,24.347916666666663,2023-07-18,0.051068623860677,780.6773109961837,3216.7527896991714,3094.7358096740004,4655.11683906035,0.0708625181458025,0.1273625181458025,R7,6732.949859395258,199.0,199.0,8.0,20.666666666666668,793.4145833333333,36.145833333333336,17.40143668440353,0.795052858332335,1555.8308533365282,2023.0,8.0,32.0,15.0,235.5,0.9660636420557154,0.9648191281551811,1.5558308533365282,4604.734748444289,6664.995957176688,1.2065896824862927
25,2023-07-19,18.0,2023-07-19,6184.291666666667,0.0089923923701002,111.21112599623297,2610.015879755804,0.0474229546723556,2508.866536606592,0.063452402750651,7.465812319065826e-06,790.8395833333334,0.0310208333333333,0.0794583333333333,0.1882083333333333,0.0816045340361943,0.01692350069866,0.0087049273840842,26.41111111111111,26.916666666666668,23.54375,0.0,790.8395833333334,38.07083333333333,23.14583333333333,2023-07-19,0.063452402750651,788.484269558478,3162.211327706714,2999.530637098816,4574.72231782751,0.0707103907401369,0.1272103907401369,R7,6524.123022813684,200.0,200.0,12.0,20.666666666666668,795.4020833333334,50.35416666666666,18.30467435533533,0.9032376709317956,1209.6394530182536,2023.0,12.0,29.0,15.5,251.0,0.9689169048554266,0.9654800859366887,1.2096394530182535,4603.978411829672,6659.561234161008,1.2210925812241542
26,2023-07-20,19.0,2023-07-20,6121.270833333333,0.0090392517687523,110.640248167852,2581.590297113661,0.0528719417156757,2465.6811305520537,0.0710678100585937,8.720964422978514e-06,791.1625,0.0312916666666666,0.0774583333333333,0.1874791666666666,0.0808744244748885,0.0177748720614547,0.0091428465842532,24.723684210526315,25.67708333333333,23.23125,2.5475,791.1625,52.7375,20.80208333333333,2023-07-20,0.0710678100585937,787.5823277570233,3127.7718056620984,2947.899373878515,4518.86169449314,0.0700777502505761,0.1265777502505761,R7,6401.578029120886,201.0,201.0,11.0,19.166666666666668,795.6270833333333,61.10416666666666,19.30467435533533,1.0,863.6219172948976,2023.0,11.0,28.0,14.5,265.5,0.9706689067685682,0.9658099940681794,0.8636219172948976,4598.735536935889,6642.632258211699,1.2190608058607975
27,2023-07-21,20.0,2023-07-21,6166.354166666667,0.0090061977899736,111.04668193259086,2609.0517466249594,0.0476496821179931,2504.3390659705024,0.0643870035807291,7.759088916965236e-06,791.59375,0.0324375,0.0761666666666666,0.1857291666666666,0.0805537047864888,0.0181488591623763,0.0093352140272589,21.64864864864865,24.308333333333334,22.52083333333333,0.3448,791.59375,47.74791666666667,20.652083333333334,2023-07-21,0.0643870035807291,791.9176373178473,3161.0432150023357,2994.117719877685,4564.244362644789,0.0697998463969159,0.126299846396916,R7,6497.597741201318,202.0,202.0,8.0,18.0625,796.0604166666667,64.20833333333333,20.30467435533533,1.0,741.6442058248188,2023.0,8.0,29.0,13.5,279.0,0.975298444676311,0.9668441078819254,0.7416442058248187,4596.6464319578745,6632.633135219076,1.1927922551669978
28,2023-07-22,21.0,2023-07-22,6368.791666666667,0.0088617157310791,112.85559288220382,2629.0750935509764,0.0439320024463557,2557.776328207355,0.0557708740234375,5.170372311687816e-06,790.9479166666666,0.0320208333333333,0.0770624999999999,0.1854166666666666,0.0806136107883188,0.0180790035446436,0.009299282449593,21.90882352941176,25.225,22.741666666666664,0.0,790.9479166666666,31.960416666666664,21.07708333333333,2023-07-22,0.0557708740234375,779.6960179683333,3185.3028583857986,3058.005815519043,4599.778873215659,0.0698517549930143,0.1263517549930143,R7,6636.521910674717,203.0,203.0,6.0,18.3125,795.5854166666667,47.22916666666666,21.23880856050116,0.9341342051658332,1110.7705434693337,2023.0,6.0,30.0,13.0,292.0,0.9716788394517774,0.9669844577729266,1.1107705434693338,4598.908763497687,6634.120496195376,1.1936342981261014
29,2023-07-23,22.0,2023-07-23,6423.666666666667,0.0088234972705896,113.34196842347698,2644.4296392013134,0.0411131488255513,2583.3020904890323,0.0518417358398437,4.3824473827833e-06,790.6333333333333,0.0307083333333333,0.0772083333333333,0.1853958333333333,0.0800836678701201,0.0186969631610925,0.0096171418383369,23.194285714285712,25.76458333333333,23.047916666666666,0.0,790.6333333333333,23.95625,22.40625,2023-07-23,0.0518417358398437,785.5548848508315,3203.905932245958,3088.523702733064,4622.1368935600285,0.0693925590517792,0.1258925590517793,R7,6695.903332054127,204.0,204.0,7.0,18.8125,795.2062500000001,40.47916666666666,22.116094309385858,0.8772857488847006,1292.6856035689582,2023.0,7.0,33.0,15.0,307.0,0.9708437993006824,0.9673836542396614,1.2926856035689582,4598.787875756216,6630.160331116529,1.2031346068500395
30,2023-07-24,23.0,2023-07-24,6295.541666666667,0.0089126607804233,112.20664429376536,2638.776363644192,0.0420504026469752,2558.207155125536,0.055524190266927,5.83368668197056e-06,791.6999999999999,0.0298958333333333,0.0760416666666666,0.184875,0.0792113770631402,0.0197141302445689,0.0101403412494282,23.589189189189188,25.2,22.910416666666663,0.0,791.6999999999999,31.254166666666663,22.67083333333333,2023-07-24,0.055524190266927,786.6767486014431,3197.0566053341804,3058.5209001285725,4604.832432819567,0.0686367184048218,0.1251367184048218,R7,6618.291535535005,205.0,205.0,8.0,19.354166666666668,796.2229166666666,46.6875,23.02308767280258,0.9069933634167192,1197.6212370664985,2023.0,8.0,32.0,15.0,322.0,0.9686852415961704,0.9678736513020203,1.1976212370664985,4597.621131076977,6622.958626095118,1.2038274339907462
31,2023-07-25,24.0,2023-07-25,6252.666666666667,0.0089437220411811,111.82159663402383,2622.9016507068177,0.0449779555894703,2537.254358114303,0.0588493347167968,6.255681952824387e-06,791.3000000000001,0.0305208333333333,0.076125,0.184875,0.0795144611458894,0.0193607077964228,0.0099585516302592,25.186486486486487,26.010416666666668,23.19375,0.2965,791.3000000000001,30.197916666666668,23.83333333333333,2023-07-25,0.0588493347167968,791.3322638864367,3177.823313512464,3033.4703222476496,4579.696908611887,0.0688993409927874,0.1253993409927874,R7,6568.493657313423,206.0,206.0,10.0,20.25,795.8979166666667,43.60416666666666,23.885825319635,0.862737646832421,1339.2395301362528,2023.0,10.0,30.0,15.0,337.0,0.9734778463693836,0.9690427508773745,1.3392395301362527,4596.279470709282,6617.155711530625,1.2117998680504591
32,2023-07-26,25.0,2023-07-26,6136.458333333333,0.0090274685150565,110.77979661383443,2613.720707576485,0.0468039241084029,2510.6115308380013,0.0633049011230468,7.614220708438069e-06,791.4291666666667,0.0304583333333333,0.0749791666666666,0.184625,0.0790367545862175,0.0199177552674851,0.0102450796879836,24.94186046511628,25.183333333333334,23.2875,1.5867,791.4291666666667,44.427083333333336,21.535416666666663,2023-07-26,0.0633049011230468,798.1010506667313,3166.69997798376,3001.616903379745,4559.633491796835,0.0684854078959016,0.1249854078959016,R7,6493.144519607876,207.0,207.0,9.0,19.625,795.8937500000001,46.770833333333336,24.787060788515504,0.901235468880504,1216.0464995823868,2023.0,9.0,30.0,14.5,351.5,0.9786452186128027,0.9702662447938529,1.2160464995823868,4595.986749110653,6611.615455105765,1.209788063841798
33,2023-07-27,26.0,2023-07-27,6059.3125,0.009085195257159,110.07946082335056,2576.736915358444,0.0537016033949479,2467.609869802214,0.0704905192057291,8.19231915533147e-06,790.5458333333332,0.03225,0.0734375,0.1832291666666666,0.0789891272039727,0.0199732929449477,0.0102736465582784,23.25,23.63125,22.4125,1.3464999,790.5458333333332,55.15833333333333,19.360416666666666,2023-07-27,0.0704905192057291,795.1703434839146,3121.891604364064,2950.205320562971,4494.718442293648,0.0684441387330023,0.1249441387330023,R7,6381.164173130064,208.0,208.0,9.0,17.8125,794.9166666666666,59.645833333333336,25.787060788515504,1.0,823.1367529895961,2023.0,9.0,28.0,13.5,365.0,0.9821434639800771,0.9714313899278432,0.8231367529895961,4588.876202655083,6594.606407986912,1.1785761698719706
34,2023-07-28,27.0,2023-07-28,6134.3125,0.0090291368182191,110.7600615692454,2570.9550108157005,0.0548418642612084,2478.766249462416,0.0685272216796875,6.889924061229333e-06,790.0458333333332,0.0345208333333333,0.0739583333333333,0.1817916666666666,0.0798564689318432,0.0189618969189251,0.0097534156013479,24.441304347826087,23.477083333333336,22.075,0.654,790.0458333333332,36.18958333333333,22.73958333333333,2023-07-28,0.0685272216796875,786.1958189068538,3114.886434708738,2963.5435759470715,4491.83111870146,0.0691956909991514,0.1256956909991514,R7,6421.809662345878,209.0,209.0,11.0,20.604166666666668,794.5958333333333,43.66666666666666,26.641026794589475,0.8539660060739709,1367.308780563293,2023.0,11.0,31.0,16.0,381.0,0.9800279233753365,0.9725246734321555,1.367308780563293,4582.319315257998,6579.592932954553,1.1816311394722854
35,2023-07-29,28.0,2023-07-29,6133.5,0.009029626559022,110.75317711652647,2592.879246286972,0.0505385605579658,2507.174691695304,0.0636011759440104,6.3274123881415166e-06,791.4041666666667,0.0353333333333333,0.0741041666666666,0.1813333333333333,0.0801648315268683,0.0186023192655496,0.0095684599342369,22.62391304347826,22.74375,21.883333333333336,1.287,791.4041666666667,36.09791666666667,21.40625,2023-07-29,0.0636011759440104,787.4598325664277,3141.449133539923,2997.5079146579915,4532.710476419563,0.0694628874220144,0.1259628874220144,R7,6499.986550703273,210.0,210.0,7.0,18.916666666666668,795.86875,48.708333333333336,27.57189135960952,0.9308645650200452,1121.233391935855,2023.0,7.0,31.0,14.0,395.0,0.9756451393555372,0.9729279009121117,1.121233391935855,4576.341193719089,6564.580528700115,1.1724596556187785
36,2023-07-30,29.0,2023-07-30,6066.395833333333,0.0090794545971649,110.14555866626654,2568.8031444174053,0.0551863131560123,2475.503118009566,0.0690294901529948,6.981177307992269e-06,791.5791666666668,0.0373541666666666,0.0746666666666666,0.1798541666666666,0.0809279258346365,0.0177124848144248,0.0091107565063929,22.46279069767441,22.695833333333336,21.366666666666664,2.2984,791.5791666666668,35.77291666666667,23.0625,2023-07-30,0.0690294901529948,785.5894017182059,3112.279302563229,2959.6422672792364,4496.919696269011,0.0701241092194445,0.1266241092194445,R7,6414.8130114565065,211.0,211.0,11.0,21.14583333333333,796.1166666666667,44.125,28.414981706588517,0.8430903469789939,1402.1108896672197,2023.0,11.0,30.0,15.5,410.5,0.9716990499069827,0.9732838203809605,1.4021108896672196,4566.490543464966,6542.697527531496,1.1856791014592702
37,2023-07-31,30.0,2023-07-31,6050.020833333333,0.0090943177355675,109.98682781864422,2555.205667431826,0.0590495186402979,2436.404417179716,0.0773493448893229,9.039908818229409e-06,791.0229166666667,0.03775,0.0755833333333333,0.1797708333333333,0.0814008752494361,0.0171609845887728,0.0088270817808093,22.986046511627908,23.0125,21.65,1.5256,791.0229166666667,54.1375,20.10833333333333,2023-07-31,0.0773493448893229,828.7199964564825,3095.805036607401,2912.8969544861047,4476.988323824867,0.0705339202466844,0.1270339202466844,R7,6332.420187425676,212.0,212.0,12.0,18.27083333333333,795.38125,62.625,29.414981706588517,1.0,784.6507784095833,2023.0,12.0,26.0,14.0,424.5,0.9892134250530292,0.977289959855028,0.7846507784095833,4555.156562252736,6515.628370912692,1.1446814597759623
38,2023-08-01,252.0,,,,,,,,,,,,,,,,,,,,,,,,,,851.4122368290099,,,,,,R7,,213.0,213.0,11.0,17.645833333333332,794.94375,77.41666666666667,30.414981706588517,1.0,455.83831766472514,2023.0,11.0,27.0,14.0,438.5,1.0155534147786216,0.9835328522098774,0.45583831766472516,,,1.0661105643708337
39,2023-08-02,253.0,,,,,,,,,,,,,,,,,,,,,,,,,,851.6745155427939,,,,,,R7,,214.0,214.0,12.0,18.82051282051282,794.6435897435897,70.6923076923077,31.414981706588517,1.0,636.8291656518732,2023.0,11.0,27.0,14.0,452.5,1.042771800689606,0.9891098694882846,0.6368291656518732,,,1.0251955438446638
40,2023-08-03,254.0,,,,,,,,,,,,,,,,,,,,,,,,,,831.9940983503955,,,,,,R7,,215.0,215.0,11.0,17.7,793.9300000000001,70.65,32.41498170658851,1.0,594.447920496582,2023.0,10.0,24.0,12.0,464.5,1.0441203005816837,0.9930295442435528,0.594447920496582,,,1.0059688297876412
41,2023-08-04,255.0,,,,,,,,,,,,,,,,,,,,,,,,,,819.6076695282633,,,,,,R7,,216.0,216.0,7.0,16.285714285714285,793.5285714285715,62.53061224489796,33.41498170658851,1.0,693.8341856467827,2023.0,7.0,27.0,12.0,476.5,1.0310209967230057,0.9954733990770261,0.6938341856467827,,,1.0025538283463529
42,2023-08-05,31.0,2023-08-05,5220.25,0.0097881731404966,102.17386895411325,2250.9009050606587,0.1391818439173226,2177.1802049633056,0.1397082010904947,6.27591123117438e-06,789.3229166666666,0.2401666666666666,0.2826041666666666,0.1815416666666666,0.2422363866839714,0.1703872353124832,0.0876419445940918,20.02553191489362,19.80208333333333,19.316666666666663,0.0,789.3229166666666,41.69791666666666,18.935416666666665,2023-08-05,0.1397082010904947,809.6039464785418,2727.119169939327,2602.975739038504,4807.246132799005,0.2098980130969857,0.2663980130969857,R7,7037.335112480893,217.0,217.0,7.0,17.0625,793.5333333333333,56.79166666666666,34.41498170658851,1.0,840.5824946606224,2023.0,7.0,26.0,11.5,488.0,1.0136934486866207,0.9981130000386083,0.8405824946606224,,,0.9832546820028735
43,2023-08-06,32.0,2023-08-06,5309.854166666667,0.0097058354165508,103.04492644948336,2298.783023294403,0.1234978161727143,2221.7645217925387,0.1265042622884114,6.419550280123189e-06,788.9375,0.2212916666666666,0.2660416666666667,0.1838541666666666,0.2287206275281812,0.1546266825112175,0.0795352017805966,21.11063829787234,20.972916666666663,20.054166666666667,0.0,788.9375,43.22083333333333,18.922916666666666,2023-08-06,0.1265042622884114,815.9178696995414,2785.131604977655,2656.279500841747,4853.087147794174,0.1981865975201059,0.2546865975201059,R7,7095.831926191259,218.0,218.0,6.2,16.695833333333333,793.06875,59.5,35.41498170658851,1.0,769.7803288909148,2023.0,6.2,27.8,12.0,500.0,1.0070721542666152,1.000792763164824,0.7697803288909149,,,0.9459043052401561
44,2023-08-07,33.0,2023-08-07,5438.479166666667,0.009589935096734,104.28708615048748,2347.657860528688,0.1083430766649702,2271.4309594085994,0.112829844156901,6.222927116895474e-06,788.8625000000001,0.20625,0.25075,0.1856875,0.2172235618008025,0.1412201021358675,0.0726392698623529,21.68541666666667,21.272916666666667,20.33333333333333,0.0,788.8625000000001,43.49583333333334,18.30625,2023-08-07,0.112829844156901,803.9732693195573,2844.3467864410486,2715.65930406812,4905.231935885679,0.1882243813326155,0.2447243813326154,R7,7171.601610015884,219.0,219.0,7.0,17.308333333333334,792.9625,50.79166666666666,36.39238292336418,0.977401216775669,972.316106317859,2023.0,7.0,27.8,12.4,512.4,1.000632835125895,1.002319311976253,0.9723161063178589,,,0.9298110816152533
45,2023-08-08,34.0,2023-08-08,5657.8125,0.0094030408510083,106.3660873720264,2388.029845685805,0.0972240396651537,2323.5513489131213,0.100262959798177,5.156681642846632e-06,787.0666666666666,0.1909999999999999,0.2362291666666666,0.1872083333333333,0.205834565100884,0.1279395396625708,0.0658081576705948,20.975,21.191666666666663,20.67708333333333,0.0,787.0666666666666,37.34583333333333,17.95625,2023-08-08,0.100262959798177,802.3554716614952,2893.260185695074,2777.9729835146927,4936.178886860948,0.1783558070395231,0.2348558070395231,R7,7252.264347011905,220.0,220.0,5.8,15.86530612244898,791.3102040816326,49.31428571428572,37.38809777549595,0.9957148521317672,913.7124731783452,2023.0,5.8,26.2,11.0,523.4,0.9976474156657712,1.0032921934592627,0.9137124731783453,,,0.8994162918325456
46,2023-08-09,35.0,2023-08-09,5703.666666666667,0.0093645191230409,106.79875313743224,2398.838350335257,0.0942667682632532,2334.607331204524,0.0975519816080729,5.1056811795127655e-06,786.4916666666667,0.1778958333333333,0.2209166666666666,0.1866666666666666,0.19466941652176,0.114920003601966,0.059111309423884,20.772916666666667,20.27083333333333,19.8125,0.0,786.4916666666667,38.37916666666667,17.283333333333335,2023-08-09,0.0975519816080729,796.4169975345735,2906.3554224341187,2791.191206613614,4903.893079797985,0.1686811973131643,0.2251811973131643,R7,7199.909644815434,221.0,221.0,4.6,15.375,790.61875,46.25833333333333,38.31950996005715,0.9314121845611965,938.843494822606,2023.0,4.6,25.4,10.2,533.6,0.9896156179814131,1.0031435630295262,0.938843494822606,,,0.879616077206847
47,2023-08-10,36.0,2023-08-10,5854.958333333333,0.0092417722317443,108.20969568608488,2421.835655543838,0.0881711759712498,2352.821020167975,0.09320068359375,5.431062211765574e-06,786.0875,0.1660208333333333,0.2105,0.1887708333333333,0.1863070283559401,0.1051687303872741,0.0540955548972228,22.0125,21.80625,20.760416666666668,0.0,786.0875,35.52708333333333,18.64583333333333,2023-08-10,0.09320068359375,788.1974546265868,2934.218218059756,2812.966983548466,4908.19642506024,0.1614351816142871,0.2179351816142871,R7,7188.272889590879,222.0,222.0,6.6,16.541666666666668,790.3625000000001,48.18333333333334,39.29598762936417,0.9764776693070242,975.2714582175224,2023.0,6.6,27.4,12.0,545.6,0.9831180546494772,1.0025281528339813,0.9752714582175224,,,0.8904828418659846
48,2023-08-11,37.0,2023-08-11,5729.5,0.0093426067557442,107.04332033177782,2410.435555268066,0.0911112676644633,2312.6236279046475,0.1024640401204427,7.833057856423085e-06,788.1541666666667,0.151,0.1952291666666666,0.1882291666666666,0.1743152683813963,0.0911852934171106,0.0469029057182719,20.339583333333334,20.29583333333333,20.0,2.4413,788.1541666666667,55.99791666666667,17.3625,2023-08-11,0.1024640401204427,786.284313306318,2920.4062230797053,2764.908106017096,4821.931086061784,0.1510443124857919,0.2075443124857919,R7,6966.207183661023,223.0,223.0,7.0,15.466666666666669,792.4041666666667,71.44166666666666,40.29598762936417,1.0,501.8447858831672,2023.0,7.0,25.8,11.4,557.0,0.976498848525253,1.0025359631342448,0.5018447858831672,,,0.8286639851031185
49,2023-08-12,38.0,2023-08-12,5809.0625,0.0092786238836778,107.78312307021255,2425.5928999951184,0.0872817612334094,2330.1054842257804,0.0983975728352864,7.589441412355073e-06,788.9020833333334,0.1376875,0.1850208333333333,0.1895,0.165214883071141,0.0805734512304514,0.0414445010246411,21.725,21.34583333333333,20.50208333333333,0.0,788.9020833333334,48.96666666666667,18.80625,2023-08-12,0.0983975728352864,781.6877586308659,2938.7703746412376,2785.8089243202976,4802.182045817113,0.1431588217005796,0.1996588217005796,R7,6940.181013960681,224.0,224.0,9.8,17.283333333333335,793.0875,63.833333333333336,41.29598762936417,1.0,713.494866594307,2023.0,9.8,26.6,13.200000000000005,570.2,0.970432336939598,1.0020265339403964,0.713494866594307,,,0.7995398047215793
50,2023-08-13,39.0,2023-08-13,5909.583333333333,0.009199367859617,108.7117059417658,2452.40780508103,0.0807138348394258,2362.269958914143,0.0913035074869791,7.073297218098951e-06,789.24375,0.1237708333333333,0.1735,0.1892708333333333,0.1550724672349082,0.0687465106585739,0.0353610871561248,21.77446808510638,20.941666666666663,20.125,0.0,789.24375,49.40625,18.43958333333333,2023-08-13,0.0913035074869791,782.8007704939661,2971.258451542127,2824.26387034721,4796.852983094471,0.1343704106729413,0.1908704106729413,R7,6943.546418135927,225.0,225.0,7.0,16.608333333333334,793.4583333333334,61.48333333333333,42.29598762936417,1.0,728.0239948148086,2023.0,7.0,28.2,12.6,582.8000000000001,0.9682096119889949,1.0017804161372696,0.7280239948148086,,,0.7513907408035498
51,2023-08-14,40.0,2023-08-14,5941.625,0.009175498945398,109.00216045932696,2483.1609640188112,0.0735673901433509,2409.280928669801,0.0815823872884114,5.683284718978571e-06,791.3791666666666,0.1084583333333333,0.1657916666666666,0.1910833333333333,0.1460761040478039,0.0582559673309372,0.0299650748586279,23.861702127659573,22.816666666666663,21.25,0.0,791.3791666666666,35.72083333333333,20.010416666666668,2023-08-14,0.0815823872884114,772.9117776826837,3008.5179901947868,2880.468870495424,4802.6617844202665,0.1265750551364685,0.1830750551364686,R7,6994.200253651112,226.0,226.0,5.4,17.158333333333335,795.6729166666668,49.49166666666667,43.26830688362619,0.9723192542620152,988.5783863615512,2023.0,5.4,28.6,12.0,594.8000000000001,0.96270188393728,0.9968549186094413,0.9885783863615513,,,0.7659569985144048
52,2023-08-15,41.0,2023-08-15,5891.9375,0.0092139054025103,108.54621456604649,2494.465180193851,0.0710169720486335,2415.3561736049664,0.0803883870442708,6.0700809614151135e-06,793.0916666666667,0.0923541666666666,0.15675,0.1922291666666666,0.1361275408237208,0.0466550757951688,0.0239979336502196,24.902083333333334,23.5,21.77916666666667,0.0,793.0916666666667,35.81041666666667,20.722916666666663,2023-08-15,0.0803883870442708,777.6220247117258,3022.213815081071,2887.732263364283,4761.976898894153,0.1179546175445344,0.1744546175445345,R7,6912.009105702581,227.0,227.0,6.6,18.15,797.4229166666668,50.68333333333334,44.22845356749707,0.9601466838708788,1027.530611613188,2023.0,6.6,30.2,13.4,608.2,0.9610273356401207,0.9903423741250033,1.0275306116131881,,,0.8067921623678664
53,2023-08-16,42.0,2023-08-16,5982.083333333333,0.009143552542151,109.37610738056512,2495.8952995782743,0.0706117417679393,2402.9502882904776,0.0827178955078125,7.1656066345035625e-06,791.2791666666667,0.080125,0.1495416666666666,0.1932291666666666,0.1284823191716469,0.0377400812220914,0.0194123350929254,25.751063829787235,24.45,22.4625,0.0,791.2791666666667,39.94375,21.516666666666666,2023-08-16,0.0827178955078125,783.8541880195276,3023.9465017487933,2872.900133979085,4714.976592052734,0.1113300271746742,0.1678300271746743,R7,6794.242384931594,228.0,228.0,9.8,19.225,795.5895833333334,50.43333333333334,45.164529312643865,0.9360757451467944,1104.557615530258,2023.0,9.8,30.2,15.0,623.2,0.9614612052830214,0.9843567171215732,1.104557615530258,,,0.8402013373591796
54,2023-08-17,43.0,2023-08-17,5982.958333333333,0.0091429055848587,109.384018777083,2494.443165957282,0.0709199655636652,2384.3470997016843,0.086530049641927,8.556037215795715e-06,790.0020833333333,0.0725,0.1404791666666666,0.1923958333333333,0.1218213161818648,0.0299727713640377,0.0154170701954333,23.50425531914893,22.875,21.925,4.4915,790.0020833333333,54.67083333333333,19.67708333333333,2023-08-17,0.086530049641927,793.0416648241354,3022.1871433398032,2850.658682189749,4667.716812878283,0.1055582630234347,0.1620582630234347,R7,6674.173249822561,229.0,229.0,8.6,18.85833333333333,794.15,55.48333333333333,46.14278115710064,0.9782518444567814,969.5940977382996,2023.0,8.6,31.0,14.8,638.0,0.9697520745098629,0.9809188701654797,0.9695940977382996,,,0.8669974928764451
55,2023-08-18,44.0,2023-08-18,6000.75,0.0091287619265581,109.54886419959246,2495.7351981997394,0.070570063538529,2376.6528237271946,0.08807373046875,9.28209483914392e-06,789.06875,0.068875,0.1338541666666666,0.1915,0.1177454929368004,0.0252200063345614,0.0129723942863596,21.92083333333333,21.96666666666667,21.604166666666668,1.5689,789.06875,56.08125,19.6625,2023-08-18,0.08807373046875,793.2045677093229,3023.7525280658315,2841.4596211081694,4642.303246334316,0.1020265590850431,0.1585265590850431,R7,6608.935108062809,230.0,230.0,13.0,19.53333333333333,793.21875,54.8,47.10317046334456,0.9603893062439106,1026.7542200194862,2023.0,13.0,25.4,14.2,652.2,0.9761700352916041,0.9785885966754172,1.0267542200194861,4808.888218410796,6984.193589145324,0.8907774953316382
56,2023-08-19,45.0,2023-08-19,5925.708333333333,0.0091869936610381,108.8593088561962,2488.9464165691693,0.0723123142058879,2373.101158934783,0.0890947977701823,9.049221962266124e-06,789.3916666666668,0.0689375,0.1288958333333333,0.1898333333333333,0.1156985803086002,0.0228331278629585,0.0117446575349686,21.82765957446809,21.229166666666668,20.7375,1.9073,789.3916666666668,60.09583333333333,19.297916666666666,2023-08-19,0.0890947977701823,787.2755354515913,3015.5274585020693,2837.2133500522555,4615.567189662373,0.1002529077375977,0.1567529077375977,R7,6576.284795851878,231.0,231.0,8.6,18.45,793.5875,60.38333333333333,48.10317046334456,1.0,841.1081597761141,2023.0,8.6,29.8,14.2,666.4000000000001,0.9775791810031276,0.9766179454751102,0.8411081597761141,4795.196865329608,6951.261423671823,0.8908150428398877
57,2023-08-20,46.0,2023-08-20,6065.854166666667,0.0090803244616666,110.1387455001202,2542.380441879163,0.0606051342281081,2461.657450359126,0.0717277526855468,6.095473062805111e-06,789.2770833333334,0.0681875,0.1275,0.1901458333333333,0.1149537308024482,0.0219645684401845,0.011297897326272,24.025,22.589583333333334,21.23333333333333,0.0,789.2770833333334,36.33958333333333,21.866666666666664,2023-08-20,0.0717277526855468,791.7829333252595,3080.2664056597537,2943.088774415979,4709.383504690485,0.0996074950746291,0.1561074950746291,R7,6813.776012300822,232.0,232.0,8.2,20.175,793.56875,46.96666666666667,48.99268110281451,0.889510639469954,1253.5659536961473,2023.0,8.2,32.6,15.4,681.8000000000001,0.9770607489734022,0.9744878547455055,1.2535659536961472,4784.932319393631,6931.1145726796485,0.9253711588974044
58,2023-08-21,47.0,2023-08-21,6071.270833333333,0.0090764742875481,110.18711988501012,2559.425272587245,0.0571422021467876,2495.199597366617,0.0657335917154948,4.770896319966221e-06,791.0,0.0632083333333333,0.126125,0.1910625,0.1124903437238169,0.0190920444720364,0.0098203594931126,24.325,23.70208333333333,21.97083333333333,0.0,791.0,24.691666666666663,22.70625,2023-08-21,0.0657335917154948,786.1636640915477,3100.9173745530866,2983.190826922576,4723.287767873967,0.0974729682994751,0.1539729682994751,R7,6876.582467401596,233.0,233.0,9.4,20.133333333333333,795.3166666666666,37.13333333333333,49.81075100417751,0.8180699013630017,1482.1763156383945,2023.0,9.4,31.0,15.2,697.0000000000001,0.9741608215806867,0.972916022344301,1.4821763156383945,4771.936307392794,6910.041776778628,0.9617897452774427
59,2023-08-22,48.0,2023-08-22,6045.145833333333,0.009095664956284,109.95138973358554,2568.029809484736,0.0554213144582048,2488.41628205034,0.0668729146321614,5.927816736259268e-06,791.8645833333334,0.057625,0.1241458333333333,0.1917916666666666,0.1095124469490404,0.0156195573690477,0.008034219106917,25.230434782608693,24.18125,22.55,0.0,791.8645833333334,34.1,20.70625,2023-08-22,0.0668729146321614,783.8678174460598,3111.3423548215824,2975.080884916735,4717.502024150657,0.0948926184817205,0.1513926184817206,R7,6824.076294480041,234.0,234.0,9.0,18.516666666666666,796.0124999999999,47.09166666666667,50.73949898777298,0.9287479835954696,1128.0064524944974,2023.0,9.0,27.0,13.0,710.0000000000001,0.9727572894025237,0.9712843469901287,1.1280064524944973,4756.316531484917,6879.456915883496,0.977096458085739
60,2023-08-23,49.0,2023-08-23,5943.0625,0.0091737591173906,109.017848909489,2546.1474583465424,0.0597954344163599,2441.260418492983,0.0752830505371093,7.959218943385551e-06,791.65,0.0544583333333333,0.119875,0.1900625,0.106273027043833,0.0118421115095141,0.0060912173314538,23.84042553191489,22.729166666666668,21.77083333333333,0.8099,791.65,52.50833333333333,18.75,2023-08-23,0.0752830505371093,797.2412634640581,3084.8304017017704,2918.702653793106,4653.643570906805,0.0920856586727595,0.1485856586727595,R7,6656.799488113416,235.0,235.0,9.8,17.758333333333333,795.7687500000001,61.1,51.73949898777298,1.0,790.7725708584519,2023.0,9.8,27.8,13.8,723.8000000000001,0.9750054044098114,0.9713570946944481,0.7907725708584519,4738.441566564118,6840.663333261923,0.9665199635168709
61,2023-08-24,50.0,2023-08-24,5927.666666666667,0.0091861554826774,108.87457549869472,2525.979164998172,0.064036250160453,2395.4478337638457,0.0842984517415364,1.010347774572735e-05,789.9562500000001,0.0535,0.1176875,0.1898958333333333,0.1050597189842347,0.010427288596714,0.0053634760126474,23.97872340425532,22.9,21.758333333333336,2.8309999,789.9562500000001,71.59791666666666,17.995833333333334,2023-08-24,0.0842984517415364,839.2115801887236,3060.395145893022,2863.930409253707,4607.910652758174,0.0910343263173256,0.1475343263173257,R7,6517.580654426051,236.0,236.0,13.0,17.964102564102564,794.0230769230769,75.72307692307692,52.73949898777298,1.0,499.9432129364201,2023.0,11.8,28.6,15.200000000000005,739.0000000000001,0.9968541774321141,0.9758594772262946,0.4999432129364201,4716.992582828256,6792.756745035863,0.9325679459967923
62,2023-08-25,51.0,2023-08-25,5374.604166666667,0.0096476735640886,103.66942091373032,2315.007356053247,0.1185674634229695,2174.965632406884,0.1409136454264322,1.1928920681267276e-05,790.8270833333332,0.0649791666666666,0.1139166666666666,0.1892291666666666,0.1086484965834687,0.0146121159669543,0.0075160222867025,20.527083333333334,21.279166666666665,21.3125,12.064899,790.8270833333332,91.40416666666664,15.45625,2023-08-25,0.1409136454264322,852.7949757682367,2804.7884849347606,2600.32805805024,4246.986757376478,0.0941440048335798,0.1506440048335798,R7,5955.107048435283,237.0,237.0,13.8,16.154285714285713,794.9228571428571,88.67428571428572,53.73949898777298,1.0,207.97216609387493,2023.0,13.0,19.8,11.4,750.4000000000001,1.0252431123432395,0.9817295463796972,0.20797216609387492,4675.925130779305,6720.535306805454,0.9115770445832714
63,2023-08-26,52.0,2023-08-26,5361.791666666667,0.0096582018179215,103.54943876261795,2322.441057721586,0.1158375617121813,2194.775465498991,0.1342786153157552,1.0777189153556462e-05,791.4104166666666,0.0760416666666666,0.1131458333333333,0.1872083333333333,0.1128011330123955,0.0194544518615327,0.0100067706893062,20.23191489361702,19.933333333333334,19.89375,2.6729999,791.4104166666666,75.68124999999999,17.693749999999998,2023-08-26,0.1342786153157552,835.0912691840175,2813.7949188820567,2624.012140247756,4287.977012190841,0.0977422674541458,0.1542422674541458,R7,6052.992761304789,238.0,238.0,12.2,19.25142857142857,795.3428571428572,71.90857142857143,54.73949898777298,1.0,627.0284107314619,2023.0,9.8,27.0,13.4,763.8000000000001,1.0408323426977995,0.9864428102140627,0.6270284107314619,4639.196199806001,6657.1647173300325,0.9054008691644968
64,2023-08-27,53.0,2023-08-27,5589.104166666667,0.0094598701963921,105.72122764186705,2394.320014765815,0.0953831181118634,2277.762908778191,0.1111958821614583,9.48442510266916e-06,791.2208333333333,0.0833333333333333,0.1176666666666666,0.1890625,0.1179639973147059,0.0254748014774456,0.0131034530581893,22.44782608695652,22.11458333333333,20.90833333333333,1.4231,791.2208333333333,63.84375,18.666666666666668,2023-08-27,0.1111958821614583,816.4972474597338,2900.8811523230083,2723.2296055766,4455.10372365014,0.1022158932945035,0.1587158932945035,R7,6335.996528429613,239.0,239.0,9.4,18.37391304347826,795.3804347826087,66.36521739130436,55.73949898777298,1.0,710.7085305505649,2023.0,9.4,27.0,13.2,777.0000000000001,1.0314770213833933,0.9894167792393802,0.7107085305505649,4614.785538417119,6613.768296636726,0.9041640502884792
65,2023-08-28,54.0,2023-08-28,5782.625,0.0093000816445122,107.5365404677251,2451.2144418327016,0.081184058390141,2346.126096219254,0.0951894124348958,8.317936186833554e-06,790.6895833333333,0.0852708333333333,0.1191666666666666,0.189375,0.1194004489877167,0.0271498292859468,0.0139650357590119,23.038297872340426,22.40625,21.13958333333333,0.38419998,790.6895833333333,52.3625,19.902083333333334,2023-08-28,0.0951894124348958,810.1914501870164,2969.81261099717,2804.9627197886266,4570.642397019105,0.1034605797604892,0.1599605797604892,R7,6541.966954356791,240.0,240.0,11.0,18.8,794.8666666666667,57.8,56.73456377429837,0.9950647865253902,915.7926831187516,2023.0,11.0,27.4,14.2,791.2000000000002,1.0139299652715412,0.992706992379896,0.9157926831187516,4598.212725031322,6581.465918115702,0.8989650714854223
66,2023-08-29,55.0,2023-08-29,5859.083333333333,0.0092388882747327,108.24636289684948,2495.534547229474,0.0706148567242714,2416.680362286685,0.0799763997395833,6.047292567082301e-06,791.9104166666666,0.0840208333333333,0.1198541666666666,0.1895416666666667,0.1191257070304352,0.0268294562255403,0.0138002457267181,22.444444444444443,22.24791666666667,21.216666666666665,0.0,791.9104166666666,42.40416666666667,18.55,2023-08-29,0.0799763997395833,800.485408215844,3023.5094258012014,2889.315426303467,4651.403910255608,0.1032225156457739,0.1597225156457739,R7,6735.3836185163855,241.0,241.0,5.8,16.116666666666667,796.19375,58.88333333333333,57.73456377429837,1.0,753.2082732531951,2023.0,5.8,28.2,12.0,803.2000000000002,0.9996768964016928,0.9947248589486853,0.7532082732531951,4590.314654414283,6568.849811888116,0.8793706187454227
67,2023-08-30,56.0,2023-08-30,6072.270833333333,0.009075093352487,110.19874435142152,2520.1419429498665,0.0652850856723285,2449.424019123944,0.0738143920898437,5.3513837914279095e-06,789.3312500000001,0.078875,0.1204583333333333,0.189625,0.1170947151142747,0.0244611426913443,0.0125820582071849,22.75531914893617,22.491666666666664,21.422916666666666,0.0,789.3312500000001,35.27708333333333,19.16875,2023-08-30,0.0738143920898437,799.8121027840117,3053.32295532642,2928.462826303011,4683.17294852923,0.1014626596074063,0.1579626596074063,R7,6803.706666642582,242.0,242.0,5.8,16.416666666666668,793.6520833333334,50.43333333333334,58.72658507836888,0.9920213040705024,925.5318269743929,2023.0,5.8,29.8,12.8,816.0000000000001,0.992804808567058,0.9961332656573879,0.9255318269743928,4588.042965591176,6569.525832010329,0.8665830624200037
68,2023-08-31,57.0,2023-08-31,6257.333333333333,0.0089396983144377,111.8661787339122,2547.491171636779,0.0595436044825772,2478.543023978699,0.0685475667317708,5.152432168082382e-06,786.53125,0.072,0.12,0.1889375,0.1137714512085314,0.0205859274218735,0.0105887668593074,23.01521739130435,22.23333333333333,21.164583333333333,0.0,786.53125,31.85,20.51875,2023-08-31,0.0685475667317708,797.327989161968,3086.4584015237383,2963.2766938042305,4710.431477547431,0.0985830489082817,0.1550830489082817,R7,6846.849911825526,243.0,243.0,7.0,18.15833333333333,790.8874999999999,45.19166666666666,59.65078843480602,0.9242033564371366,1142.549259401163,2023.0,7.0,30.2,13.6,829.6000000000001,0.9875067523775808,0.9965115662086927,1.142549259401163,4591.0940130675435,6581.859879296256,0.8789370025387796
69,2023-09-01,58.0,2023-09-01,6240.020833333333,0.0089522671441167,111.71058803578777,2537.1346964294567,0.0616311774775733,2467.6319428220004,0.0704307556152343,5.218022051972177e-06,787.0770833333332,0.0654375,0.120375,0.1892083333333333,0.1110798772046624,0.0174473176170133,0.0089743626692543,23.63913043478261,22.879166666666663,21.566666666666663,0.0,787.0770833333332,30.98125,20.341666666666665,2023-09-01,0.0704307556152343,795.4438337376729,3073.9108291239977,2950.23171044786,4672.045392325953,0.0962507979890478,0.1527507979890478,R7,6785.0215887681725,244.0,244.0,8.2,17.141666666666666,791.3562499999999,46.8,60.60698739024709,0.9561989554410724,1040.1633425885684,2023.0,8.2,28.6,13.4,843.0000000000001,0.9854302859571692,0.9967091983770207,1.0401633425885684,4593.218452066946,6594.437485060925,0.8798947970079999
70,2023-09-02,59.0,2023-09-02,6052.354166666667,0.0090902974546666,110.01673159204928,2529.528814774288,0.063372681083949,2433.802222645735,0.0767618815104166,7.284309770435539e-06,790.1354166666666,0.0598125,0.1192708333333333,0.1889375,0.108171292742736,0.0140556547099769,0.0072297957594434,23.12978723404256,22.50208333333333,21.51458333333333,0.0,790.1354166666666,46.89166666666667,18.99375,2023-09-02,0.0767618815104166,777.7463378850065,3064.6957874402588,2909.785843506513,4637.080724442397,0.0937305073430368,0.1502305073430368,R7,6657.867413975958,245.0,245.0,7.8,16.766666666666666,794.2541666666666,58.26666666666667,61.60698739024709,1.0,796.7984295007375,2023.0,7.8,25.0,11.4,854.4000000000001,0.9763420893924125,0.9958681745979491,0.7967984295007375,4594.755133122662,6600.264814926931,0.8767298162740443
71,2023-09-03,60.0,2023-09-03,6008.75,0.0091238717486107,109.61707129351136,2531.4097993534874,0.0629066102047843,2421.081943466326,0.079168955485026,8.442957647109888e-06,789.1979166666666,0.0565416666666666,0.1171249999999999,0.18775,0.1057380229127525,0.0112182500778625,0.0057703222307913,21.84255319148936,21.535416666666663,20.98958333333333,0.011899999,789.1979166666666,59.125,17.435416666666665,2023-09-03,0.079168955485026,788.7599459008911,3066.9747278826217,2894.5778336126527,4622.792622611256,0.0916220771867172,0.1481220771867172,R7,6594.667693987628,246.0,246.0,8.2,15.85,793.3770833333333,66.85833333333333,62.60698739024709,1.0,596.8610798046287,2023.0,8.2,27.4,12.799999999999995,867.2,0.9728131810727413,0.9956013730871226,0.5968610798046288,4588.5700701170035,6584.614220761702,0.829822325281793
72,2023-09-04,61.0,2023-09-04,6386.208333333333,0.0088500796619309,113.00787160213508,2552.518286868112,0.0584965551312148,2455.4268376718032,0.0727183024088541,7.332332625727316e-06,782.8729166666667,0.0541875,0.1140625,0.1861666666666666,0.1033046202688608,0.0083806905731592,0.0043107690404507,19.472340425531915,19.8125,20.28125,1.9905,782.8729166666667,56.06041666666667,15.958333333333334,2023-09-04,0.0727183024088541,788.7811043556558,3092.549092715892,2935.639628209581,4643.2783091456295,0.0895135319470452,0.1460135319470452,R7,6659.8615999892,247.0,247.0,7.8,14.883333333333333,786.9812499999999,63.68333333333334,63.60698739024709,1.0,614.6883983795317,2023.0,7.8,23.4,10.6,877.8000000000001,0.9700690117879376,0.9958323819928601,0.6146883983795317,4582.855108779265,6569.134158803674,0.7678589026204456
73,2023-09-05,62.0,2023-09-05,6329.729166666667,0.0088889891753568,112.50907035485253,2558.873185483674,0.0572593884301496,2477.060779430452,0.0688578287760416,6.118868318064753e-06,786.1750000000001,0.052375,0.1122708333333333,0.1844375,0.1015172605268678,0.006296473381669,0.0032387119272307,19.397777777777776,19.18958333333333,19.354166666666668,0.0019,786.1750000000001,55.26666666666667,14.054166666666667,2023-09-05,0.0688578287760416,784.5006904594202,3100.2484835680416,2961.5045636931754,4641.424168887441,0.0879647833726895,0.1444647833726896,R7,6696.7369284045335,248.0,248.0,3.4,13.141666666666666,790.1750000000001,61.44166666666666,64.37841596167566,0.7714285714285715,582.8891136694318,2023.0,3.4,24.6,9.8,887.6,0.9728509177923248,0.9958882378243351,0.5828891136694319,4577.420976260463,6560.03848979828,0.7289219498472269
74,2023-09-06,63.0,2023-09-06,6339.375,0.0088818849305541,112.59620020746696,2570.8975257409083,0.0548500527930527,2510.6437020632493,0.0631243387858073,4.447402981567605e-06,788.5354166666666,0.0507708333333333,0.1127708333333333,0.1848958333333333,0.1010849911184489,0.0057924095878984,0.0029794370407962,21.20888888888889,20.575,19.810416666666665,0.0,788.5354166666666,33.99791666666667,16.970833333333335,2023-09-06,0.0631243387858073,788.9004258092215,3114.816787640269,3001.655366396552,4659.960332903373,0.0875902216018846,0.1440902216018846,R7,6783.006645869657,249.0,249.0,4.2,14.566666666666668,792.7770833333334,46.7,65.26413024738994,0.8857142857142858,883.8994295348501,2023.0,4.2,28.2,11.6,899.2,0.9729087770610223,0.9951520957980963,0.8838994295348501,4577.872173545933,6569.05328678087,0.7355738683241124
75,2023-09-07,64.0,2023-09-07,6441.75,0.0088110664559232,113.50154708182556,2591.439810406727,0.0509013005056251,2543.957802079904,0.0578358968098958,3.459932166867856e-06,788.8895833333332,0.048625,0.111875,0.1852291666666666,0.0999051485938767,0.0044166104047846,0.0022717683263064,21.817777777777778,21.104166666666668,20.195833333333333,0.0,788.8895833333332,23.527083333333334,18.839583333333334,2023-09-07,0.0578358968098958,788.2366137305072,3139.705159305389,3041.484772301295,4688.156996356409,0.0865678871579758,0.1430678871579758,R7,6857.086368854662,250.0,250.0,4.2,15.366666666666667,793.1541666666667,40.30833333333333,66.11047737556493,0.8463471281749865,1042.2297304645654,2023.0,4.2,26.6,10.8,910.0,0.9726845184481137,0.9906531693534316,1.0422297304645654,4583.604055231521,6593.303694954341,0.7743086195761226
76,2023-09-08,65.0,2023-09-08,6428.583333333333,0.0088204936258875,113.38374937816768,2623.2593116733624,0.0449202205421601,2580.041694448997,0.0523541768391927,3.1059089566008285e-06,790.9770833333333,0.0456666666666666,0.1093958333333333,0.1848125,0.097659526650485,0.0017980195581622,0.0009248458677468,21.404444444444444,20.85833333333333,20.154166666666665,0.0,790.9770833333333,23.23125,17.381249999999998,2023-09-08,0.0523541768391927,792.0495637363284,3178.256644040703,3084.6256644482582,4728.185554365244,0.0846220540379506,0.1411220540379506,R7,6925.716881921857,251.0,251.0,2.6,14.358333333333334,795.2687500000001,41.10833333333333,66.75456737250833,0.6440899969434034,963.5617540147312,2023.0,2.6,27.0,11.0,921.0,0.975793662613158,0.9852919271678888,0.9635617540147311,4617.975397873575,6662.632968774812,0.8282793044276124
77,2023-09-09,66.0,2023-09-09,6404.145833333333,0.0088367745667238,113.17030144196626,2628.8365629729847,0.0438717365036305,2586.1092792280115,0.0514157613118489,3.0614741610259307e-06,792.0375,0.0433333333333333,0.1068333333333333,0.1844166666666666,0.0956638007271475,0.0005291707556826,0.0002721891341525,21.21555555555556,20.697916666666668,20.022916666666667,0.0,792.0375,22.45625,17.287499999999998,2023-09-09,0.0514157613118489,780.8327761295945,3185.01386240628,3091.879899048742,4722.483675914218,0.0828927560091569,0.1393927560091569,R7,6915.716482099585,252.0,252.0,1.8,14.158333333333331,796.3708333333334,40.41666666666666,67.2868501420036,0.5322827694952672,962.3331482384244,2023.0,1.8,27.4,11.2,932.2,0.9724708507170089,0.9805032046593553,0.9623331482384244,4649.01158813953,6724.256091688725,0.8522296428209668
78,2023-09-10,67.0,2023-09-10,6339.479166666667,0.0088817967186721,112.59719925278485,2606.384726931603,0.0479793390460582,2544.604165327478,0.0576820373535156,4.505517685359662e-06,790.24375,0.0418958333333333,0.104875,0.1846041666666666,0.0943957413146153,0.002007838516479,0.0010327702758508,21.96170212765957,21.25625,20.3,0.0,790.24375,30.308333333333334,17.772916666666667,2023-09-10,0.0576820373535156,787.48935263763,3157.811939686747,3042.2575461158854,4672.159156699123,0.0817939815648094,0.1382939815648094,R7,6788.006518859047,253.0,253.0,8.2,15.575,794.40625,45.68333333333334,68.26774419075421,0.9808940487506136,961.1390439980364,2023.0,8.2,24.2,11.2,943.4,0.9721630773074604,0.9779430384800173,0.9611390439980364,4664.51554764303,6756.542519576542,0.8701175366386434
79,2023-09-11,68.0,2023-09-11,6210.291666666667,0.0089747072976609,111.4398315331114,2575.608780973821,0.0539179227563256,2474.967614529576,0.0693028767903645,7.549030209706791e-06,789.36875,0.0410208333333333,0.1003958333333333,0.1831874999999999,0.0921570537977808,0.0046183432175404,0.00237553347025,19.55434782608696,19.6875,19.652083333333334,1.5653,789.36875,65.42291666666667,14.8125,2023-09-11,0.0693028767903645,795.928822320279,3120.5247930132587,2959.0020343010906,4599.432150105203,0.0798541571306643,0.1363541571306643,R7,6573.671470213101,254.0,254.0,9.0,15.99,793.45,62.56,69.26774419075421,1.0,680.3318264655147,2023.0,7.0,23.4,10.2,953.6,0.973760822262046,0.9766842536658541,0.6803318264655147,4666.571958577751,6758.807127851993,0.8532989040205551
80,2023-09-12,69.0,2023-09-12,6354.625,0.0088715697005842,112.7300777438626,2587.396330782877,0.0516368497516421,2519.8398678256813,0.0616226196289062,4.968729186069558e-06,787.8604166666668,0.0419791666666666,0.0978125,0.182,0.0914281468694799,0.0054683122054661,0.0028127313319904,18.993333333333336,18.972916666666663,19.00208333333333,0.0,787.8604166666668,46.36875,14.19375,2023-09-12,0.0616226196289062,778.2489710970273,3134.8062093913045,3012.6500448881243,4614.70328218573,0.0792225587235159,0.1357225587235159,R7,6683.543448561675,255.0,255.0,2.6,12.233333333333334,792.1916666666666,60.16666666666666,69.92488704789707,0.6571428571428571,567.3421534924876,2023.0,2.6,23.8,9.4,963.0,0.9726966339989853,0.9747217198587752,0.5673421534924876,4663.950485144188,6755.104258569513,0.840022752609076
81,2023-09-13,70.0,2023-09-13,6383.8125,0.0088512044829965,112.98893679066651,2595.386363944496,0.0500470208914894,2525.796874505842,0.0606053670247395,5.106475585678039e-06,785.9083333333333,0.0411666666666666,0.0974166666666666,0.1823125,0.0910018979679407,0.0059653555636494,0.0030683951226428,20.18723404255319,20.01875,19.38125,0.0,785.9083333333333,40.35833333333333,15.345833333333331,2023-09-13,0.0606053670247395,783.1255426957331,3144.4866766897594,3019.772075407417,4625.555925579233,0.0788532137264962,0.1353532137264962,R7,6694.022488044403,256.0,256.0,6.2,12.458333333333334,790.1229166666667,58.40833333333333,70.92488704789707,1.0,601.2156086116391,2023.0,6.2,21.4,8.799999999999999,971.8,0.970899317535916,0.9732490046876298,0.6012156086116391,4659.834983504903,6747.269674383929,0.8168573084403079
82,2023-09-14,71.0,2023-09-14,6316.270833333333,0.0088978847999428,112.3918109287077,2589.5652550564314,0.0511903212976967,2501.3910952208307,0.0646146138509114,6.527393655565078e-06,786.5875,0.039,0.0934583333333333,0.1806875,0.0883318230673249,0.0090788955409033,0.0046699041657207,17.04375,17.916666666666668,18.6125,0.6351,786.5875,61.57083333333333,12.347916666666668,2023-09-14,0.0646146138509114,789.2933721636672,3137.4340083100656,2990.5932085288787,4593.806867091948,0.0765395917965647,0.1330395917965647,R7,6594.361349993734,257.0,257.0,4.2,10.516666666666667,790.7479166666667,75.27499999999999,71.81060133361136,0.8857142857142858,314.2868763173197,2023.0,4.2,19.4,7.199999999999999,979.0,0.9681663837085619,0.9725398889510645,0.3142868763173197,4651.504654186654,6729.2347771102295,0.7576957096486048
83,2023-09-15,72.0,2023-09-15,6243.708333333333,0.008949634756791,111.7435290685411,2576.2343282056563,0.0538152943406647,2479.445521863516,0.0684496561686198,7.233517977508104e-06,788.74375,0.0397708333333333,0.0909166666666666,0.1784166666666666,0.0873019511553319,0.0102798159228378,0.0052876206125096,16.120833333333334,16.431250000000002,17.341666666666665,1.5332999,788.74375,73.97291666666666,11.408333333333331,2023-09-15,0.0684496561686198,802.2401294656278,3121.2826859279603,2964.3556950248726,4561.892558055089,0.0756472070023936,0.1321472070023936,R7,6523.026520870266,258.0,258.0,8.2,12.048275862068964,792.951724137931,84.4551724137931,72.81060133361136,1.0,218.7211462690366,2023.0,5.8,18.6,7.200000000000001,986.2000000000002,0.9780475894618181,0.9731397134669142,0.2187211462690366,4643.636594595878,6710.520843688951,0.6990212670543526
84,2023-09-16,73.0,2023-09-16,6130.604166666667,0.0090325476253558,110.72375609882243,2570.625608957152,0.0548415809719197,2485.8852138613806,0.067328135172526,6.329460419170563e-06,791.2645833333332,0.0410416666666666,0.090375,0.1777291666666666,0.0875242255676847,0.0100206245913057,0.0051543005766762,15.755555555555556,16.275000000000002,16.983333333333334,3.5663,791.2645833333332,73.02708333333334,10.597916666666666,2023-09-16,0.067328135172526,797.2886451859889,3114.487342007215,2972.0548106052497,4553.743953461154,0.0758398079495669,0.1323398079495669,R7,6542.219117246816,259.0,259.0,5.8,14.244444444444444,795.1,65.92592592592592,73.81060133361136,1.0,553.4109012292188,2023.0,1.0,22.2,8.6,994.8000000000002,0.983880927213189,0.9748644699349389,0.5534109012292188,4637.683968097218,6702.26025106544,0.681636443606387
85,2023-09-17,74.0,2023-09-17,6270.166666666667,0.0089306871755738,111.9802348014972,2607.187864311185,0.0478725033454345,2544.0430130996683,0.0577341715494791,4.5951345418951335e-06,790.8208333333333,0.0419166666666666,0.0917291666666666,0.1781041666666666,0.0884574410728197,0.0089324140014227,0.0045945585745813,17.891489361702128,17.583333333333332,17.360416666666666,0.0,790.8208333333333,42.25416666666667,13.604166666666666,2023-09-17,0.0577341715494791,786.0450441677648,3158.784995114921,3041.586648212457,4626.0866610378525,0.0766484398937623,0.1331484398937623,R7,6707.635433025495,260.0,260.0,1.4,10.908333333333331,795.0541666666667,63.36666666666667,74.29631561932564,0.4857142857142857,477.9685972140283,2023.0,1.4,23.4,9.2,1004.0000000000002,0.982543042781415,0.974624859317209,0.4779685972140283,4637.919256556261,6710.329375282431,0.673144123421344
86,2023-09-18,75.0,2023-09-18,6226.333333333333,0.0089626740653367,111.58565435662918,2610.0246614701505,0.0473628414209576,2539.123961814976,0.0585314432779947,5.174460392805059e-06,788.6437500000001,0.0400416666666666,0.0911458333333333,0.178,0.0874104327594995,0.0101533169203961,0.0052225534228057,17.16595744680851,17.65625,17.556250000000002,0.0,788.6437500000001,48.625,12.86875,2023-09-18,0.0585314432779947,815.5612634308095,3162.221967349484,3035.7055681236566,4622.610917896183,0.0757412063948221,0.1322412063948221,R7,6681.049763183114,261.0,261.0,3.0,10.541666666666666,792.8708333333334,68.69166666666666,75.01060133361135,0.7142857142857143,398.6340089417527,2023.0,3.0,21.4,8.2,1012.2000000000004,0.9880296001020038,0.9769884109627857,0.3986340089417527,4636.443014324157,6711.842815510567,0.6577116670329312
87,2023-09-19,76.0,2023-09-19,5994.020833333333,0.0091342590759872,109.48592906474008,2545.8470525330554,0.0600307897113035,2452.271620664701,0.0733757019042968,7.068268535685445e-06,786.8208333333333,0.0390833333333333,0.0875833333333333,0.1755624999999999,0.0852327091929851,0.0126927323436066,0.0065287504827804,13.769565217391303,15.016666666666666,16.25,3.7988,786.8208333333333,78.56666666666666,10.08125,2023-09-19,0.0733757019042968,809.3425725124712,3084.4664396762187,2931.867339033809,4491.564996105714,0.0738542072699458,0.1303542072699458,R7,6424.607817635554,262.0,262.0,3.4,10.327272727272726,790.9045454545455,79.10000000000001,75.78202990503992,0.7714285714285715,262.32713045746624,2023.0,3.4,18.2,6.6,1018.8000000000004,0.9929942347485601,0.9791808949969893,0.26232713045746625,4625.738787696891,6692.405021884212,0.6348143825177907
88,2023-09-20,77.0,2023-09-20,6117.854166666667,0.0090422535484286,110.607355891695,2564.999190469961,0.0561019626753075,2492.0634265568888,0.0663414001464843,5.425923093229499e-06,785.4333333333334,0.0413541666666666,0.0868125,0.1741458333333333,0.0856575842074181,0.0121972910574957,0.0062739107486459,13.382608695652175,14.370833333333332,15.522916666666667,0.2279,785.4333333333334,60.68125,11.170833333333334,2023-09-20,0.0663414001464843,803.9013208311512,3107.670554257909,2979.4413088475017,4528.783751732412,0.0742223617927441,0.1307223617927441,R7,6534.40670080446,263.0,263.0,1.4,9.916666666666666,789.6770833333334,70.23333333333333,76.2677441907542,0.4857142857142857,363.4873891628783,2023.0,1.4,23.4,9.2,1028.0000000000002,1.0003486751214314,0.9805048374730109,0.36348738916287826,4616.369031898966,6674.647882950982,0.5976420939197927
89,2023-09-21,78.0,2023-09-21,6337.791666666667,0.0088834384917591,112.58027412637216,2592.889530555374,0.0506612958104237,2530.998096975884,0.0598742167154947,4.532161940597522e-06,783.2541666666666,0.04425,0.0892708333333333,0.1746666666666666,0.0878909866668236,0.0095929491938825,0.0049343175279668,16.906382978723403,16.474999999999998,16.110416666666666,0.7532,783.2541666666666,38.85416666666666,14.84375,2023-09-21,0.0598742167154947,802.9024459502207,3141.461593628879,3025.9905114707235,4596.147437774239,0.0761576067206118,0.1326576067206118,R7,6666.611613057219,264.0,264.0,7.0,13.483333333333334,787.5166666666668,54.14166666666667,77.2677441907542,1.0,708.8724632768459,2023.0,6.2,23.4,9.8,1037.8000000000002,0.9951349051901587,0.9817992081217952,0.7088724632768459,4609.796920571667,6661.0425432511665,0.5738308605492415
90,2023-09-22,79.0,2023-09-22,6492.645833333333,0.0087764490299402,113.94910955190116,2620.705938410271,0.045334144668066,2581.8093961916534,0.0520311991373697,2.79127890156247e-06,783.59375,0.0430208333333333,0.0895624999999999,0.1751874999999999,0.0875646263412398,0.0099735137692285,0.0051300682211791,16.37608695652174,16.502083333333335,16.464583333333334,0.0,783.59375,22.85833333333333,15.11875,2023-09-22,0.0520311991373697,796.2832815663779,3175.1630590862824,3086.739079194314,4642.789160393606,0.0758748152505462,0.1323748152505462,R7,6795.903754747596,265.0,265.0,2.6,11.675,788.0395833333333,46.51666666666667,77.92488704789706,0.6571428571428571,734.2126983278392,2023.0,2.6,22.2,8.6,1046.4,0.9897561927975601,0.9821728657507899,0.7342126983278392,4603.697178145122,6651.770177024433,0.5574487851430349
91,2023-09-23,80.0,2023-09-23,6431.6875,0.0088183640934693,113.41113278863354,2627.4430010371293,0.0441819949104047,2584.923393704464,0.0516815185546875,3.0534325300719816e-06,786.3416666666667,0.0409166666666666,0.0892708333333333,0.1749583333333333,0.0864910872014494,0.0112253539434923,0.005773976240417,16.42391304347826,16.368750000000002,16.333333333333332,0.0,786.3416666666667,31.65833333333333,11.99375,2023-09-23,0.0516815185546875,794.0382954895052,3183.3254675679177,3090.462087495967,4645.907827335124,0.0749445927703132,0.1314445927703132,R7,6789.157643830468,266.0,266.0,0.6,11.125,790.4395833333333,43.00833333333333,78.29631561932563,0.3714285714285714,754.3766551489771,2023.0,0.6,19.4,7.199999999999999,1053.6,0.9856939219704066,0.9833383527415962,0.7543766551489771,4598.227474675186,6642.730260005211,0.54259474992236
92,2023-09-24,81.0,2023-09-24,6472.6875,0.008790034733288,113.7735686452225,2634.74828272506,0.0428527148812387,2598.692238333284,0.0496686299641927,2.573483056533395e-06,788.1645833333333,0.0387291666666666,0.0880625,0.1739375,0.0848934433223335,0.0130883459089593,0.0067322419128264,15.273333333333332,15.635416666666666,15.945833333333333,0.0,788.1645833333333,29.6875,10.577083333333333,2023-09-24,0.0496686299641927,783.7408856208405,3192.1763119956627,3106.9237329039606,4645.593659003403,0.0735602331352742,0.1300602331352742,R7,6803.099529356528,267.0,267.0,-2.2,8.625,792.5458333333332,48.7,78.29631561932563,0.0,574.2000468051846,2023.0,-2.2,21.8,8.4,1062.0000000000002,0.977801876190081,0.9830075221680711,0.5742000468051845,4596.329939125492,6643.808332183603,0.5149562501228706
93,2023-09-25,,,,,,,,,,,,,,,,,,,,,,,,,,,,,,,,,,,,268.0,-1.4,9.083333333333334,795.875,47.85833333333333,78.38202990503991,0.0857142857142857,601.9962233524863,2023.0,-1.4,23.4,9.2,1071.2000000000005,,,0.6019962233524863,,,0.5093608499005114
94,2023-09-26,82.0,2023-09-26,6138.770833333333,0.0090256854476492,110.80100207591757,2621.5148718157848,0.0452249558416693,2579.6468387284044,0.0523567199707031,3.0042311465201177e-06,790.6999999999999,0.0372083333333333,0.0877291666666666,0.1741041666666666,0.0841466259620626,0.0139592000210948,0.0071801824390363,16.82,16.589583333333334,16.14375,0.0,790.6999999999999,27.945833333333336,13.777083333333332,2023-09-26,0.0523567199707031,788.8739793995051,3176.1431367931336,3084.1535859961486,4616.075960138325,0.0729131153252166,0.1294131153252166,R7,6743.255398990615,269.0,269.0,-0.2,10.675,795.1895833333333,47.25,78.63917276218277,0.2571428571428572,677.6386033561414,2023.0,-0.2,25.4,10.2,1081.4000000000003,,,0.6776386033561415,,,0.5172391677479153
95,2023-09-27,83.0,2023-09-27,6277.833333333333,0.0089254325270424,112.04784758237946,2634.7144317121665,0.0428425955240999,2586.9359574929235,0.0513102213541666,3.4196578404363274e-06,788.40625,0.0366458333333333,0.0874375,0.1745,0.0838840522249963,0.0142653838765156,0.0073376739814231,17.666666666666668,17.1875,16.458333333333332,0.0,788.40625,29.71666666666667,14.789583333333333,2023-09-27,0.0513102213541666,786.1674328547656,3192.1352991967537,3092.8682524531373,4637.128278323383,0.0726855949825623,0.1291855949825623,R7,6758.7381724459,270.0,270.0,0.2,11.666666666666666,792.8729166666667,49.2,78.95345847646848,0.3142857142857143,696.9921111865905,2023.0,0.2,25.8,10.4,1091.8000000000004,,,0.6969921111865904,,,0.524080346503269
96,2023-09-28,84.0,2023-09-28,6491.104166666667,0.0087775348594007,113.9353829143006,2630.455895988653,0.0435299702175464,2585.221663360087,0.0514933268229166,3.240304208650178e-06,784.9812499999999,0.035875,0.0866874999999999,0.1748125,0.0833535358789214,0.0148840121598308,0.007655877311803,18.006666666666664,17.545833333333334,16.745833333333334,0.0,784.9812499999999,26.6125,15.739583333333334,2023-09-28,0.0514933268229166,788.6218434581156,3186.9757942263864,3090.8186903511223,4625.208088221899,0.0722259021656369,0.1287259021656369,R7,6746.815007506782,271.0,271.0,1.4,12.416666666666666,789.4791666666666,44.958333333333336,79.43917276218276,0.4857142857142857,793.4626008319427,2023.0,1.4,26.6,10.8,1102.6000000000004,0.9735187689675553,,0.7934626008319428,,,0.5583071839685992
97,2023-09-29,85.0,2023-09-29,6681.541666666667,0.0086513742674012,115.59538419171136,2652.5731519584974,0.0396888856125888,2611.4615643095462,0.0478299458821614,2.9156492810369552e-06,783.7729166666667,0.0351875,0.0858541666666666,0.1749375,0.0827904049241198,0.0155406719186261,0.0079936428615049,18.03333333333333,17.627083333333335,16.881249999999998,0.0,783.7729166666667,22.99375,16.022916666666667,2023-09-29,0.0478299458821614,794.137370015189,3213.7723504880187,3122.1903817758875,4659.349868955923,0.0717379487654713,0.1282379487654713,R7,6807.185523038661,272.0,272.0,1.0,11.991666666666667,788.1958333333333,43.40833333333333,79.8677441907542,0.4285714285714285,793.2982235167016,2023.0,1.0,23.8,9.4,1112.0000000000005,0.9756865944987059,,0.7932982235167015,,,0.5993484037720039
98,2023-09-30,86.0,2023-09-30,6768.583333333333,0.0085955704409717,116.34587217430692,2644.3795385264384,0.0410295079459714,2599.56719019257,0.0494219462076822,3.192720416397764e-06,783.0770833333332,0.0343333333333333,0.0848333333333333,0.1749583333333333,0.0820668469843271,0.0163844035198949,0.008427632403709,18.19782608695652,17.6125,16.900000000000002,0.0,783.0770833333332,26.235416666666666,15.583333333333334,2023-09-30,0.0494219462076822,789.0739099679972,3203.84523187902,3107.9698008671708,4638.859514975023,0.0711109852609291,0.1276109852609291,R7,6766.376916588012,273.0,273.0,1.0,11.825,787.4583333333334,46.25,80.29631561932563,0.4285714285714285,745.2227333827999,2023.0,1.0,24.6,9.8,1121.8000000000004,0.97688368127258,,0.7452227333827999,,,0.6130492489258311
99,2023-10-01,87.0,2023-10-01,6776.833333333333,0.00859022348996,116.41728176401654,2628.894065253248,0.0439423275738714,2559.18172094912,0.0555025736490885,5.048906815436587e-06,781.65625,0.0340833333333333,0.0839166666666666,0.1751874999999999,0.0816892688555423,0.016824692516371,0.0086541034991744,18.41086956521739,17.916666666666668,17.141666666666666,0.0,781.65625,40.6625,15.375,2023-10-01,0.0555025736490885,788.916784488298,3185.083530320344,3059.686063760459,4608.523481548989,0.0707838135254779,0.127283813525478,R7,6655.700356472647,274.0,274.0,7.8,16.858333333333334,785.8562499999999,36.69166666666667,81.19763623703183,0.9013206177062012,1215.7740233401555,2023.0,7.8,23.8,10.8,1132.6000000000004,0.9770051582333643,,1.2157740233401555,,,0.6657496365062687
100,2023-10-02,88.0,2023-10-02,6699.5625,0.0086397333088708,115.75116572257882,2612.443203706273,0.0469386160801284,2538.4103134153115,0.0587056477864583,5.408615524721328e-06,783.0229166666667,0.0328958333333333,0.0817916666666666,0.1744375,0.0802715097989711,0.0184779231054194,0.0095044743818342,15.558333333333332,16.477083333333333,16.760416666666668,0.0,783.0229166666667,54.075,11.658333333333331,2023-10-02,0.0587056477864583,806.0725762790645,3165.1521953664565,3034.852350063757,4567.8075619825,0.0695553242258386,0.1260553242258386,R7,6582.451005795374,275.0,275.0,7.4,13.133333333333333,787.2145833333334,52.43333333333334,82.19763623703183,1.0,718.677302812567,2023.0,2.2,21.8,8.4,1141.0000000000005,0.9819208953974046,,0.7186773028125669,,,0.6886098717827555
101,2023-10-03,89.0,2023-10-03,6539.9375,0.0087444606711377,114.36422234681972,2556.9921804565447,0.0577048441240421,2480.0907276070293,0.0683670043945312,5.743882318799049e-06,783.30625,0.0314166666666666,0.0770416666666666,0.1702916666666666,0.0770867468882527,0.0221916341471249,0.0114146929305342,10.383333333333333,12.26875,14.541666666666666,4.7960997,783.30625,82.77291666666666,5.875,2023-10-03,0.0683670043945312,824.4521592689089,3097.9695183516237,2965.1270849599937,4444.480794674904,0.0667957247441271,0.1232957247441271,R7,6387.624402315857,276.0,276.0,3.0,6.975757575757576,788.1575757575757,80.61818181818182,82.91192195131754,0.7142857142857143,193.85537917305373,2023.0,2.2,11.0,3.0,1144.0000000000005,0.9964920867988931,,0.19385537917305373,,,0.6837190324052973
102,2023-10-04,90.0,2023-10-04,6488.458333333333,0.0087791590200509,113.91289383730415,2581.871975648988,0.0526682140963291,2520.1260189377417,0.0615463256835937,4.53984311998791e-06,786.43125,0.0356875,0.0771875,0.1681666666666667,0.0785539906713589,0.0204807000553415,0.0105346411437838,11.371739130434785,12.208333333333334,13.566666666666668,0.3166,786.43125,58.79166666666666,8.010416666666666,2023-10-04,0.0615463256835937,803.351374423111,3128.113078319515,3012.992159151654,4500.038995040345,0.0680670925969042,0.1245670925969042,R7,6510.634291231142,277.0,277.0,0.6,6.616666666666667,790.8666666666667,72.88333333333334,83.2833505227461,0.3714285714285714,264.6020293305258,2023.0,0.6,15.8,5.4,1149.4000000000003,1.0024372417146494,,0.2646020293305258,,,0.6766557924172723
103,2023-10-05,91.0,2023-10-05,6288.875,0.0089179720769113,112.14475041779647,2610.4039031362186,0.0472579226939585,2552.88519326545,0.0563710530598958,4.1731746036419e-06,791.25,0.0390833333333333,0.0787291666666666,0.1684583333333333,0.0806402906869724,0.0180478924581988,0.0092832798651889,12.535555555555556,13.395833333333334,13.94375,0.0,791.25,52.66458333333333,8.391666666666667,2023-10-05,0.0563710530598958,796.5706702007352,3162.681444359444,3052.1581114286246,4567.335789209582,0.0698748731454673,0.1263748731454673,R7,6624.676399309709,278.0,278.0,-1.0,6.833333333333333,795.6645833333333,65.94166666666666,83.42620766560324,0.1428571428571428,337.33090146584544,2023.0,-1.0,17.8,6.4,1155.8000000000006,0.9985237045871144,,0.33733090146584543,,,0.650117109430772
104,2023-10-06,92.0,2023-10-06,6204.416666666667,0.0089781308742783,111.39054289310542,2611.183100356421,0.0471109784345018,2550.883113353511,0.0566813151041666,4.378296646130421e-06,791.9583333333334,0.0392916666666666,0.0799375,0.1687708333333333,0.0812170637302628,0.0173753248355928,0.0089373318004286,13.224444444444446,13.925,14.175,0.0,791.9583333333334,50.86875,9.908333333333331,2023-10-06,0.0566813151041666,791.0709094851491,3163.6254946601925,3049.7644807009,4573.529695609792,0.0703746474256728,0.1268746474256728,R7,6627.413855250278,279.0,279.0,-1.4,7.816666666666666,796.3583333333332,65.64999999999999,83.51192195131753,0.0857142857142857,363.920119022308,2023.0,-1.4,19.8,7.4,1163.2000000000007,0.9847750146595003,,0.363920119022308,,,0.6236676394803772
105,2023-10-07,93.0,2023-10-07,6260.333333333333,0.0089376580747821,111.89256359285424,2627.4399531051854,0.0440515294364095,2572.333108853991,0.0533599853515625,3.967230082755194e-06,791.3541666666666,0.038125,0.0804375,0.1686458333333333,0.0808512486021109,0.0178018971484229,0.009156747456407,13.508888888888889,14.033333333333331,14.191666666666668,0.0,791.3541666666666,44.43333333333334,10.71875,2023-10-07,0.0533599853515625,790.7507168283065,3183.321774791565,3075.409495184749,4598.922385008992,0.0700576683392068,0.1265576683392068,R7,6677.975726143928,280.0,280.0,-1.4,8.391666666666667,795.7916666666666,59.55833333333334,83.59763623703182,0.0857142857142857,445.5554068216612,2023.0,-1.4,21.4,8.2,1171.4000000000008,0.9795851989612492,,0.4455554068216612,,,0.6016089788855689
106,2023-10-08,94.0,2023-10-08,6392.895833333333,0.0088445464293237,113.0708628266291,2620.320882081084,0.0454396973128303,2572.5891607245057,0.0534083048502604,3.436410325974506e-06,789.5333333333333,0.036875,0.0806875,0.1683958333333333,0.0803354635323525,0.0184033474800197,0.0094661149776372,13.906666666666666,14.2,14.227083333333333,0.0,789.5333333333333,36.50625,11.64375,2023-10-08,0.0534083048502604,791.2297343563109,3174.696537217429,3075.715623637216,4582.120465128186,0.0696107401844015,0.1261107401844015,R7,6671.549784684278,281.0,281.0,-1.8,8.991666666666667,794.0416666666666,54.68333333333334,83.62620766560325,0.0285714285714285,519.9699236835147,2023.0,-1.8,22.6,8.8,1180.2000000000007,0.9773854349822506,,0.5199699236835147,,,0.5977353986625925
107,2023-10-09,95.0,2023-10-09,6610.604166666667,0.0086980392644287,114.97846514343394,2638.743383778384,0.0420101555447009,2591.1245733012006,0.0506083170572916,3.404011712242688e-06,785.6041666666666,0.0359375,0.0811666666666666,0.1688333333333333,0.0801840342804528,0.0185799271817376,0.0095569421361742,14.566666666666666,14.635416666666666,14.4125,0.0,785.6041666666666,35.31458333333334,12.172916666666666,2023-10-09,0.0506083170572916,790.7552979182751,3197.016647989073,3097.8760443227507,4613.050360347457,0.0694795266225843,0.1259795266225843,R7,6717.186807373367,282.0,282.0,-1.0,8.825000000000001,790.0958333333333,54.3,83.76906480846039,0.1428571428571428,518.493108074477,2023.0,-1.0,21.8,8.4,1188.6000000000008,0.9772554444756449,0.982310655120465,0.518493108074477,4588.030802797521,6662.684546224753,0.5917708904284489
108,2023-10-10,96.0,2023-10-10,6854.208333333333,0.0085414464302407,117.08069496180444,2626.9148966124026,0.044247624940937,2583.974365864164,0.0517870585123697,3.0832514620657243e-06,780.9458333333333,0.0335208333333333,0.0799375,0.168375,0.0785996606176875,0.0204274449187084,0.0105072483421716,12.735416666666666,13.695833333333333,14.285416666666668,0.0,780.9458333333333,33.4375,10.120833333333334,2023-10-10,0.0517870585123697,786.4004746435963,3182.685633225516,3089.327456362384,4578.934628572001,0.068106665640095,0.124606665640095,R7,6676.117497556449,283.0,283.0,-1.8,7.458333333333333,785.525,50.51666666666667,83.79763623703181,0.0285714285714285,511.5732544059669,2023.0,-1.8,18.2,6.6,1195.2000000000007,0.9754637161462668,0.9820923496122803,0.5115732544059669,4585.3778505427845,6657.888981836599,0.5799090797891507
109,2023-10-11,97.0,2023-10-11,7098.666666666667,0.0083942511483402,119.14485728895384,2602.51920081174,0.0490506836712962,2535.8792157895664,0.0594762166341145,4.886754414552937e-06,773.8625000000001,0.0331666666666666,0.0785625,0.1669166666666666,0.0776546686479096,0.0215293878924463,0.0110740538594574,12.427083333333334,12.9625,13.570833333333333,0.1917,773.8625000000001,54.85,9.654166666666669,2023-10-11,0.0594762166341145,832.9058581189078,3153.1285925168745,3031.826240558474,4528.427697483893,0.0672878293803395,0.1237878293803395,R7,6539.344236290332,284.0,284.0,3.4,8.508333333333333,778.3229166666666,63.11666666666667,84.56906480846038,0.7714285714285715,409.5821867212589,2023.0,3.8,15.0,5.0,1200.2000000000007,0.9926288045329689,0.9862173692447148,0.4095821867212589,4577.613523339964,6642.217986396915,0.5593797994701984
110,2023-10-12,,,,,,,,,,,,,,,,,,,,,,,,,,,,,,,,,,,,285.0,0.6,3.605405405405405,777.7918918918919,95.77297297297297,84.94049337988895,0.3714285714285714,33.433627534319335,2023.0,-0.2,4.2,0.0,1200.2000000000007,,,0.03343362753431933,,,0.5050920156632254
111,2023-10-13,98.0,2023-10-13,5890.5,0.0092148550612118,108.53367743573314,2339.27325340331,0.1109076693669591,2279.87952810399,0.1106758117675781,4.825740090032672e-06,784.3270833333332,0.0984375,0.0746875,0.1614791666666666,0.10378449479089,0.0089402660772242,0.0045985974404687,6.534042553191489,7.816666666666666,10.466666666666669,3.5058,784.3270833333332,85.99166666666667,2.575,2023-10-13,0.1106758117675781,865.5320075840687,2834.1882660136853,2725.760176422906,4258.642184965549,0.0899293435849607,0.1464293435849608,R7,6188.278311695568,286.0,286.0,1.0,4.507692307692308,788.4564102564102,80.3076923076923,85.36906480846038,0.4285714285714285,165.96362250010264,2023.0,-0.6,10.6,2.8,1203.000000000001,,,0.16596362250010263,,,0.46028240130489684
112,2023-10-14,99.0,2023-10-14,5766.229166666667,0.0093127534031453,107.3860566069484,2384.0162912424216,0.0981617535868569,2329.66332759981,0.0985145568847656,4.320607330435256e-06,789.49375,0.1082916666666666,0.0768541666666666,0.1610208333333333,0.1087595806570765,0.0147416496755159,0.007582650435742,6.273913043478261,7.8,10.133333333333333,0.0,789.49375,74.86041666666667,3.377083333333333,2023-10-14,0.0985145568847656,852.5041407818129,2888.397492167546,2785.280294229122,4374.343997365253,0.0942402592677554,0.1507402592677554,R7,6379.945965292097,287.0,287.0,-3.0,3.275555555555556,794.0377777777777,78.3288888888889,85.36906480846038,0.0,167.45574286150944,2023.0,-3.0,13.4,4.199999999999999,1207.2000000000007,,,0.16745574286150944,,,0.41901333055337614
113,2023-10-15,100.0,2023-10-15,5691.125,0.009374393845816,106.68294166451136,2413.621647411128,0.0902628976066606,2361.0765998649863,0.0914268493652343,4.122024488709203e-06,793.56875,0.10675,0.0795625,0.1604375,0.1088947332587476,0.0148992493848858,0.0076637148709463,7.178260869565217,8.0875,9.75625,0.0,793.56875,62.1625,6.054166666666667,2023-10-15,0.0914268493652343,837.2852138841322,2924.2663898871388,2822.837123656313,4429.598014579849,0.0943573690997835,0.1508573690997835,R7,6467.926677790564,288.0,288.0,-3.4,4.9,798.0354166666666,71.13333333333334,85.36906480846038,0.0,250.05477099340575,2023.0,-3.4,17.8,6.4,1213.6000000000008,1.0524567325240135,,0.25005477099340573,,,0.3500333839571797
114,2023-10-16,101.0,2023-10-16,5761.520833333333,0.009316980094933,107.34057403188172,2421.183843226014,0.0882820326079756,2368.044020989378,0.089874267578125,4.155659442360263e-06,793.4166666666666,0.1071041666666666,0.0840416666666666,0.1617916666666666,0.1108914317073883,0.0172275737479702,0.008861333192837,9.558695652173911,9.945833333333333,10.435416666666669,0.0,793.4166666666666,50.90208333333334,9.19375,2023-10-16,0.089874267578125,821.600237934591,2933.4285032112944,2831.1671774153506,4457.233261161628,0.0960875098224912,0.1525875098224912,R7,6505.552139211994,289.0,289.0,-2.2,7.141666666666667,797.8666666666667,63.94166666666666,85.36906480846038,0.0,364.78271264209,2023.0,-2.2,21.4,8.2,1221.8000000000009,1.0343626143350688,,0.36478271264209,,,0.32475519894500277
115,2023-10-17,102.0,2023-10-17,6019.895833333333,0.0091143509717301,109.72300781200812,2440.650985476186,0.0833871819064755,2386.929594048149,0.0858701070149739,4.168432189383708e-06,788.7875,0.1062916666666666,0.0878333333333333,0.1631666666666666,0.1121427897251093,0.0186867662272272,0.0096118968497014,11.004347826086956,11.225,11.189583333333331,0.0,788.7875,44.364583333333336,11.4125,2023-10-17,0.0858701070149739,819.5239373128649,2957.0142668915264,2853.746240176326,4501.705422093593,0.0971718124955462,0.1536718124955463,R7,6575.146983033645,290.0,290.0,-1.0,8.5,793.2208333333333,62.083333333333336,85.48978193436923,0.120717125908852,420.8192211287599,2023.0,-1.0,21.0,8.0,1229.8000000000009,1.0207791028074449,,0.4208192211287599,,,0.3409669019418389
116,2023-10-18,103.0,2023-10-18,6133.020833333333,0.009030033905895,110.74863551844516,2465.267874676479,0.0775677564063635,2413.41646695311,0.0806007385253906,3.979058265021993e-06,788.35,0.1032708333333333,0.0898541666666666,0.1640208333333333,0.1117003112820643,0.0181707978095712,0.0093464985914952,10.869565217391305,11.272916666666667,11.48125,0.0,788.35,42.50416666666667,10.927083333333334,2023-10-18,0.0806007385253906,810.396178277379,2986.8392984117754,2885.4132043612094,4544.03156197796,0.0967884045884816,0.1532884045884817,R7,6643.674027368624,291.0,291.0,-0.6,8.858333333333333,792.8541666666666,55.19166666666666,85.65055097156753,0.160769037198287,509.5241864360277,2023.0,-0.6,19.8,7.4,1237.200000000001,1.0097043522991618,,0.5095241864360277,,,0.3584613417350891
117,2023-10-19,104.0,2023-10-19,5995.0,0.0091333598595798,109.49548448145724,2497.025411943075,0.0704160240128721,2441.8970734772342,0.0752474466959635,4.182198790282056e-06,791.6625,0.1008749999999999,0.0918333333333333,0.1645833333333333,0.1114549038589876,0.0178846313719601,0.0091993033921376,11.293478260869565,11.560416666666669,11.670833333333334,0.0,791.6625,44.51458333333333,11.333333333333334,2023-10-19,0.0752474466959635,813.1756860925021,3025.315709556789,2919.4638206796903,4600.835670780985,0.0965757588699412,0.1530757588699412,R7,6719.18773414514,292.0,292.0,-1.0,8.516666666666667,796.0958333333333,60.25833333333333,85.75953724460604,0.1089862730385068,441.5729238726476,2023.0,-1.0,21.0,8.0,1245.200000000001,1.006234543594985,,0.4415729238726476,,,0.36590720047843206
118,2023-10-20,105.0,2023-10-20,6102.791666666667,0.0090531904230656,110.47199105930925,2551.9637315985683,0.0586212158545723,2506.1120318450635,0.0638504028320312,3.389997798467136e-06,790.6020833333333,0.0979583333333333,0.0933125,0.1650208333333333,0.1107810460884756,0.0170988544984393,0.0087951239764312,11.197826086956525,11.585416666666667,11.810416666666669,0.0,790.6020833333333,36.99166666666667,11.43125,2023-10-20,0.0638504028320312,811.5217253584289,3091.8772113803057,2996.237428272565,4697.191478121213,0.0959918605998396,0.1524918605998396,R7,6887.829265868294,293.0,293.0,-2.2,8.466666666666667,795.1374999999999,52.39166666666667,85.75953724460604,0.0,527.1889665891814,2023.0,-2.2,23.0,9.0,1254.200000000001,1.002938683445671,,0.5271889665891814,,,0.377569261018923
119,2023-10-21,106.0,2023-10-21,6379.104166666667,0.0088542769963794,112.94808208847104,2536.92089190502,0.0618008454668149,2497.505918593272,0.0653457641601562,2.9222922590171413e-06,785.9729166666666,0.0943541666666666,0.0943125,0.1651041666666667,0.1095635025334072,0.0156790926288831,0.0080648422104277,11.056521739130435,11.491666666666667,11.789583333333333,0.0,785.9729166666666,30.93125,11.5625,2023-10-21,0.0653457641601562,804.2988907039913,3073.651790436022,2985.9482000539897,4660.723662299451,0.0949368581843631,0.1514368581843631,R7,6849.533952947178,294.0,294.0,-2.2,8.266666666666667,790.5124999999999,49.01666666666667,85.75953724460604,0.0,556.9464793534778,2023.0,-2.2,23.4,9.2,1263.400000000001,1.0004274019092085,,0.5569464793534779,,,0.38552576619976703
120,2023-10-22,107.0,2023-10-22,6555.833333333333,0.0087343104482316,114.50112179150956,2525.252379281413,0.064194894160845,2483.486476986912,0.0677045186360677,3.1155851283911112e-06,782.5729166666666,0.0905416666666666,0.0952708333333333,0.1653541666666666,0.1082759878296959,0.0141777383034359,0.0072925917987955,11.302127659574468,11.6,11.847916666666668,0.0,782.5729166666666,32.052083333333336,11.779166666666669,2023-10-22,0.0677045186360677,800.4740961574598,3059.514595684812,2969.1869479109514,4629.998636327301,0.093821225715428,0.150321225715428,R7,6795.116067261464,295.0,295.0,-1.4,8.65,787.0854166666667,49.31666666666666,85.8145305948446,0.0549933502385631,568.2594510428447,2023.0,-1.4,21.0,8.0,1271.400000000001,0.9951960153453192,,0.5682594510428447,,,0.3889750181540049
121,2023-10-23,108.0,2023-10-23,6756.604166666667,0.0086029218447004,116.24407535815251,2573.128704689072,0.0543422864782884,2529.9454168577854,0.0599085489908854,3.1605545001824344e-06,779.2895833333333,0.0855833333333333,0.0956041666666666,0.1653958333333333,0.1062245895738906,0.0117856291992134,0.0060621645711291,11.23191489361702,11.5375,11.84375,0.0,779.2895833333333,32.21041666666667,11.572916666666666,2023-10-23,0.0599085489908854,804.2941236009013,3117.5200123212944,3024.731956573829,4702.597818065482,0.0920436875682548,0.1485436875682548,R7,6897.889392530449,296.0,296.0,-0.6,9.258333333333336,783.8000000000001,44.925,85.93486880974677,0.1203382149021793,643.4141050355344,2023.0,-0.6,21.8,8.4,1279.800000000001,0.992219192843818,,0.6434141050355343,,,0.3978979465083662
122,2023-10-24,109.0,2023-10-24,6768.3125,0.0085957209349623,116.34365174917303,2577.272966342341,0.0535602852759635,2533.450987521164,0.05938720703125,3.20342183409059e-06,780.2375000000001,0.080125,0.0952708333333333,0.1649791666666666,0.1036244861039163,0.0087536820066853,0.0045026243428225,10.5125,11.1,11.722916666666668,0.0,780.2375000000001,35.58958333333333,9.98125,2023-10-24,0.05938720703125,794.1087797134284,3122.5410665020736,3028.923118778711,4690.717010595603,0.0897906959361339,0.1462906959361339,R7,6875.860539218935,297.0,297.0,-1.4,7.983333333333333,784.6604166666666,48.075,85.98304729993708,0.0481784901903142,556.4032240053234,2023.0,-1.4,18.6,6.800000000000001,1286.600000000001,0.9880222056955003,,0.5564032240053234,,,0.40110008719403456
123,2023-10-25,110.0,2023-10-25,6704.5,0.0086365955615596,115.7936154049914,2569.2621258142426,0.0551543643083114,2522.467522173562,0.0611610412597656,3.436222941437589e-06,781.96875,0.075375,0.0941666666666666,0.1639166666666666,0.1009295014759931,0.005611095117011,0.0028861744628661,9.440425531914894,10.09375,11.139583333333334,0.0,781.96875,41.33541666666667,8.785416666666666,2023-10-25,0.0611610412597656,791.7743947986932,3112.8353896673507,3015.7915949088897,4655.817611572812,0.0874554897085658,0.1439554897085658,R7,6811.742871136554,298.0,298.0,-2.2,7.024489795918367,786.4612244897959,53.46938775510204,85.98304729993708,0.0,466.95536326788255,2023.0,-2.2,18.2,6.6,1293.200000000001,0.9844390715342769,,0.46695536326788256,,,0.40519817123307905
124,2023-10-26,111.0,2023-10-26,6830.625,0.0085562527928843,116.87876348332128,2568.913602877598,0.0552291316226033,2520.244084466843,0.0615119934082031,3.575199903717466e-06,779.9375,0.0716666666666666,0.0942708333333333,0.163625,0.0992755773951188,0.00368247553261,0.0018941519651176,9.372916666666669,10.104166666666666,11.01875,0.0,779.9375,42.12291666666667,8.816666666666666,2023-10-26,0.0615119934082031,801.1416146713673,3112.4131304823504,3013.1333149949637,4642.606498868157,0.0860223632359452,0.1425223632359452,R7,6785.137644099936,299.0,299.0,-0.6,6.325,784.5333333333333,49.96666666666667,86.07980342164113,0.09675612170404,478.4985242192041,2023.0,-0.6,16.2,5.6,1298.8000000000009,0.98314065197099,1.0085748946751352,0.47849852421920414,4560.431630626774,6670.201540828603,0.4369885209962851
125,2023-10-27,112.0,2023-10-27,6494.4375,0.0087748923500316,113.96633483309893,2530.360736578716,0.0631368626628402,2465.575250006658,0.0708630879720052,4.866395771805746e-06,784.5,0.0672916666666666,0.09225,0.1622916666666666,0.0963696749009238,0.0002939400336276,0.0001511936976613,7.383333333333333,8.597916666666666,10.314583333333331,3.1299,784.5,87.86458333333333,2.439583333333333,2023-10-27,0.0708630879720052,798.9178818662764,3065.703717152156,2947.772786060808,4550.957875839443,0.083504396517011,0.140004396517011,R7,6602.168466123601,300.0,300.0,-0.6,2.83,788.765,88.9,86.16882580134643,0.0890223797053012,83.10262855564477,2023.0,-0.6,11.4,3.1999999999999997,1302.000000000001,0.9851213703310885,1.0026956941066434,0.08310262855564476,4581.311322832052,6699.765123287748,0.431069878571681
126,2023-10-28,113.0,2023-10-28,6406.458333333333,0.0088379890897046,113.17875751756384,2455.7236738757824,0.0809771157152382,2387.4877666641605,0.0870145161946614,5.3075343849113225e-06,781.225,0.0665625,0.0920208333333333,0.1614166666666666,0.0957821410282379,0.0003911756536424,0.0002012087049843,7.154166666666666,8.4,9.935416666666669,6.4993997,781.225,84.51041666666667,4.033333333333333,2023-10-28,0.0870145161946614,872.4331880261228,2975.27585156842,2854.4135757392537,4412.376986282253,0.082995297969959,0.139495297969959,R7,6385.138111032643,301.0,301.0,1.0,3.15,785.8020833333334,90.61666666666667,86.34316062909865,0.1743348277522125,71.86425517742845,2023.0,-0.2,5.0,0.0,1302.000000000001,1.0183421977477713,1.0044545833005754,0.07186425517742845,4584.027964897553,6700.135990840645,0.42424191516567517
127,2023-10-29,114.0,2023-10-29,5792.625,0.0092925833330221,107.62739426777192,2308.913271753004,0.1200629268302195,2258.772036539043,0.1160736083984375,4.110236553735462e-06,784.5145833333332,0.0887916666666666,0.0887916666666666,0.1590416666666666,0.1039078318965867,0.0090840878888059,0.0046725749495171,3.30625,5.395833333333333,8.481250000000001,16.475399,784.5145833333332,92.89791666666667,-1.34375,2023-10-29,0.1160736083984375,902.8943560220944,2797.405088321852,2700.524650061668,4204.20227315429,0.0900362152807504,0.1465362152807504,R7,6136.388451982222,302.0,302.0,-3.4,-0.7857142857142857,789.9250000000001,87.81428571428572,86.34316062909865,0.0,70.2803148363752,2023.0,-7.4,1.8,0.0,1302.000000000001,1.0602509608761208,1.0102450864648727,0.0702803148363752,4567.928269081441,6676.454688997191,0.41140088258303015
128,2023-10-30,,,,,,,,,,,,,,,,,,,,,,,,,,,,,,,,,,,,303.0,-12.6,-5.916666666666667,796.4291666666667,80.84166666666667,86.34316062909865,0.0,75.24344027154805,2023.0,-12.6,3.4,0.0,1302.000000000001,,,0.07524344027154806,,,0.39071950598513433
129,2023-10-31,,,,,,,,,,,,,,,,,,,,,,,,,,,,,,,,,,,,304.0,-11.4,-4.5,797.9541666666668,76.22500000000001,86.34316062909865,0.0,104.00164082706289,2023.0,-11.4,7.0,1.0,1303.000000000001,,,0.10400164082706288,,,0.3680896788207274
130,2023-11-01,,,,,,,,,,,,,,,,,,,,,,,,,,,,,,,,,,,,305.0,-7.4,-0.8612244897959185,795.8510204081632,74.88979591836734,86.34316062909865,0.0,144.02227669833002,2023.0,-7.4,11.0,3.0,1306.000000000001,,,0.14402227669833,,,0.34198239955374893
131,2023-11-02,,,,,,,,,,,,,,,,,,,,,,,,,,,,,,,,,,,,306.0,-5.4,2.066666666666667,794.19375,67.925,86.34316062909865,0.0,227.41661972781975,2023.0,-5.4,13.4,4.199999999999999,1310.200000000001,,,0.22741661972781976,,,0.3266855206862612
132,2023-11-03,,,,,,,,,,,,,,,,,,,,,,,,,,,,,,,,,,,,307.0,-2.6,4.691666666666666,794.0770833333332,61.53333333333333,86.34316062909865,0.0,328.3950736894068,2023.0,-2.6,14.6,4.800000000000001,1315.000000000001,,,0.3283950736894068,,,0.312485956907706
133,2023-11-04,,,,,,,,,,,,,,,,,,,,,,,,,,,,,,,,,,,,308.0,-3.0,4.391666666666667,795.5604166666667,62.48333333333333,86.34316062909865,0.0,313.62242356939475,2023.0,-3.0,15.8,5.4,1320.400000000001,,,0.31362242356939474,,,0.29510566720884285
134,2023-11-05,,,,,,,,,,,,,,,,,,,,,,,,,,,,,,,,,,,,309.0,-2.6,5.416666666666667,792.1999999999999,54.91666666666666,86.34316062909865,0.0,404.85285338000057,2023.0,-2.6,19.4,7.199999999999999,1327.600000000001,,,0.40485285338000054,,,0.2834337673757825
135,2023-11-06,,,,,,,,,,,,,,,,,,,,,,,,,,,,,,,,,,,,310.0,2.6,9.191666666666666,787.6895833333333,38.7,86.39520033159508,0.052039702496423,712.9255514085613,2023.0,2.6,17.8,6.4,1334.0000000000011,,,0.7129255514085613,,,0.28839887068814163
136,2023-11-07,,,,,,,,,,,,,,,,,,,,,,,,,,,,,,,,,,,,311.0,0.6,9.241666666666667,784.8937500000001,35.208333333333336,86.41190564678635,0.0167053151912688,756.0790956642347,2023.0,0.6,18.6,6.800000000000001,1340.800000000001,,,0.7560790956642347,,,0.3026614329494924
137,2023-11-08,,,,,,,,,,,,,,,,,,,,,,,,,,,,,,,,,,,,312.0,-0.6,4.816666666666666,786.3395833333334,61.00833333333333,86.41415565450934,0.002250007722994,335.80027090334863,2023.0,-3.0,7.4,1.2000000000000002,1342.0000000000011,,,0.33580027090334863,,,0.2932932120663114
138,2023-11-09,,,,,,,,,,,,,,,,,,,,,,,,,,,,,,,,,,,,313.0,-6.2,-1.1333333333333333,793.2895833333333,81.77499999999999,86.41415565450934,0.0,102.46457874184416,2023.0,-7.4,6.2,0.5999999999999996,1342.600000000001,,,0.10246457874184417,,,0.2664336445322143
139,2023-11-10,,,,,,,,,,,,,,,,,,,,,,,,,,,,,,,,,,,,314.0,-10.6,-3.208333333333333,792.8249999999999,66.31666666666666,86.41415565450934,0.0,162.37513324493452,2023.0,-10.6,8.2,1.5999999999999996,1344.200000000001,,,0.16237513324493452,,,0.27209596629573496
140,2023-11-11,,,,,,,,,,,,,,,,,,,,,,,,,,,,,,,,,,,,315.0,-9.8,-1.6583333333333332,793.05625,60.325,86.41415565450934,0.0,214.60146454092396,2023.0,-9.8,9.4,2.2,1346.400000000001,,,0.21460146454092396,,,0.28229148125027037
141,2023-11-12,,,,,,,,,,,,,,,,,,,,,,,,,,,,,,,,,,,,316.0,-8.6,-0.5916666666666666,796.4520833333332,55.90833333333333,86.41415565450934,0.0,257.93375473859413,2023.0,-8.6,11.8,3.4000000000000004,1349.800000000001,,,0.25793375473859415,,,0.29569529838614317
142,2023-11-13,,,,,,,,,,,,,,,,,,,,,,,,,,,,,,,,,,,,317.0,-7.4,0.6833333333333332,796.2666666666668,53.16666666666666,86.41415565450934,0.0,300.600696370838,2023.0,-7.4,15.0,5.0,1354.800000000001,,,0.300600696370838,,,0.31179224525037813
143,2023-11-14,,,,,,,,,,,,,,,,,,,,,,,,,,,,,,,,,,,,318.0,-6.2,2.058333333333333,793.9479166666666,48.30833333333334,86.41415565450934,0.0,366.28336937918914,2023.0,-6.2,15.4,5.199999999999999,1360.0000000000011,,,0.36628336937918915,,,0.3305266544326729
144,2023-11-15,,,,,,,,,,,,,,,,,,,,,,,,,,,,,,,,,,,,319.0,-6.6,1.3166666666666669,794.2062500000001,54.14166666666667,86.41415565450934,0.0,308.1081096943205,2023.0,-6.6,13.4,4.199999999999999,1364.2000000000012,,,0.3081081096943205,,,0.3422470710752436
145,2023-11-16,,,,,,,,,,,,,,,,,,,,,,,,,,,,,,,,,,,,320.0,-1.0,2.583333333333333,789.8937500000001,67.55833333333334,86.41415565450934,0.0,238.6566150245196,2023.0,-1.0,7.8,1.4000000000000004,1365.6000000000013,,,0.2386566150245196,,,0.3430499278821508
146,2023-11-17,,,,,,,,,,,,,,,,,,,,,,,,,,,,,,,,,,,,321.0,-2.2,3.2297872340425533,791.4702127659574,83.17446808510638,86.41415565450934,0.0,129.59252183678504,2023.0,-3.0,11.8,3.4000000000000004,1369.0000000000014,,,0.12959252183678505,,,0.3288497456069635
147,2023-11-18,,,,,,,,,,,,,,,,,,,,,,,,,,,,,,,,,,,,322.0,-6.2,0.1166666666666666,790.7145833333334,73.23333333333333,86.41415565450934,0.0,164.88416649526744,2023.0,-6.2,8.2,1.5999999999999996,1370.6000000000013,,,0.16488416649526744,,,0.31822558438738296
148,2023-11-19,,,,,,,,,,,,,,,,,,,,,,,,,,,,,,,,,,,,323.0,-0.2,2.273684210526316,784.271052631579,87.52631578947368,86.41415565450934,0.0,89.75845389608317,2023.0,-0.2,6.2,0.5999999999999996,1371.2000000000012,,,0.08975845389608317,,,0.29571884156710315
149,2023-11-20,,,,,,,,,,,,,,,,,,,,,,,,,,,,,,,,,,,,324.0,-0.2,1.5391304347826087,788.4065217391304,92.07826086956524,86.41415565450934,0.0,54.08201710748528,2023.0,-2.6,4.6,0.0,1371.2000000000012,,,0.05408201710748528,,,0.2486585891170263
150,2023-11-21,,,,,,,,,,,,,,,,,,,,,,,,,,,,,,,,,,,,325.0,-6.2,-0.425,800.1020833333333,81.97500000000001,86.41415565450934,0.0,106.73758211476812,2023.0,-6.2,6.6,0.7999999999999998,1372.0000000000011,,,0.10673758211476812,,,0.20227705243492156
151,2023-11-22,,,,,,,,,,,,,,,,,,,,,,,,,,,,,,,,,,,,326.0,-7.8,-1.8,797.9250000000001,78.54166666666667,86.41415565450934,0.0,114.85982337256571,2023.0,-7.8,8.6,1.7999999999999998,1373.800000000001,,,0.11485982337256571,,,0.1864955918970085
152,2023-11-23,,,,,,,,,,,,,,,,,,,,,,,,,,,,,,,,,,,,327.0,-6.2,-1.675,787.3604166666668,76.93333333333334,86.41415565450934,0.0,124.61385444577073,2023.0,-6.2,5.4,0.2000000000000001,1374.0000000000011,,,0.12461385444577072,,,0.18807768301871755
153,2023-11-24,,,,,,,,,,,,,,,,,,,,,,,,,,,,,,,,,,,,328.0,-1.8,1.2916666666666667,781.3791666666666,73.39166666666667,86.41415565450934,0.0,178.45182031834472,2023.0,-2.2,5.8,0.4000000000000003,1374.4000000000012,,,0.17845182031834472,,,0.1892260178096754
154,2023-11-25,,,,,,,,,,,,,,,,,,,,,,,,,,,,,,,,,,,,329.0,-6.2,-3.725,783.2916666666666,91.53333333333336,86.41415565450934,0.0,39.26440223088795,2023.0,-12.2,-1.4,0.0,1374.4000000000012,,,0.03926440223088795,,,0.1767019419303871
155,2023-11-26,,,,,,,,,,,,,,,,,,,,,,,,,,,,,,,,,,,,330.0,-15.0,-8.891666666666667,792.38125,80.19166666666666,86.41415565450934,0.0,61.768986861614806,2023.0,-15.0,-1.8,0.0,1374.4000000000012,,,0.061768986861614805,,,0.16269017279631717
156,2023-11-27,,,,,,,,,,,,,,,,,,,,,,,,,,,,,,,,,,,,331.0,-15.0,-9.15,794.69375,77.59166666666667,86.41415565450934,0.0,68.4713631259998,2023.0,-15.0,1.8,0.0,1374.4000000000012,,,0.0684713631259998,,,0.14610950613597157
157,2023-11-28,,,,,,,,,,,,,,,,,,,,,,,,,,,,,,,,,,,,332.0,-13.8,-7.433333333333334,797.28125,73.59166666666667,86.41415565450934,0.0,92.27828760817997,2023.0,-13.8,4.2,0.0,1374.4000000000012,,,0.09227828760817997,,,0.1265377145808995
158,2023-11-29,,,,,,,,,,,,,,,,,,,,,,,,,,,,,,,,,,,,333.0,-8.2,-5.6,794.45,70.35,86.41415565450934,0.0,119.3021916813179,,,,,,,,0.11930219168131789,,,0.11305157757997074
159,2023-11-30,,,,,,,,,,,,,,,,,,,,,,,,,,,,,,,,,,,,,,,,,,,,,,,,,,,,,,
160,2023-12-01,,,,,,,,,,,,,,,,,,,,,,,,,,,,,,,,,,,,,,,,,,,,,,,,,,,,,,
161,2023-12-02,,,,,,,,,,,,,,,,,,,,,,,,,,,,,,,,,,,,,,,,,,,,,,,,,,,,,,
162,2023-12-03,,,,,,,,,,,,,,,,,,,,,,,,,,,,,,,,,,,,,,,,,,,,,,,,,,,,,,
163,2023-12-04,,,,,,,,,,,,,,,,,,,,,,,,,,,,,,,,,,,,,,,,,,,,,,,,,,,,,,
164,2023-12-05,,,,,,,,,,,,,,,,,,,,,,,,,,,,,,,,,,,,,,,,,,,,,,,,,,,,,,
165,2023-12-06,,,,,,,,,,,,,,,,,,,,,,,,,,,,,,,,,,,,,,,,,,,,,,,,,,,,,,
166,2023-12-07,,,,,,,,,,,,,,,,,,,,,,,,,,,,,,,,,,,,,,,,,,,,,,,,,,,,,,
167,2023-12-08,,,,,,,,,,,,,,,,,,,,,,,,,,,,,,,,,,,,,,,,,,,,,,,,,,,,,,
168,2023-12-09,,,,,,,,,,,,,,,,,,,,,,,,,,,,,,,,,,,,,,,,,,,,,,,,,,,,,,
169,2023-12-10,,,,,,,,,,,,,,,,,,,,,,,,,,,,,,,,,,,,,,,,,,,,,,,,,,,,,,
170,2023-12-11,,,,,,,,,,,,,,,,,,,,,,,,,,,,,,,,,,,,,,,,,,,,,,,,,,,,,,
171,2023-12-12,,,,,,,,,,,,,,,,,,,,,,,,,,,,,,,,,,,,,,,,,,,,,,,,,,,,,,
172,2023-12-13,,,,,,,,,,,,,,,,,,,,,,,,,,,,,,,,,,,,,,,,,,,,,,,,,,,,,,
173,2023-12-14,,,,,,,,,,,,,,,,,,,,,,,,,,,,,,,,,,,,,,,,,,,,,,,,,,,,,,
174,2023-12-15,,,,,,,,,,,,,,,,,,,,,,,,,,,,,,,,,,,,,,,,,,,,,,,,,,,,,,
175,2023-12-16,,,,,,,,,,,,,,,,,,,,,,,,,,,,,,,,,,,,,,,,,,,,,,,,,,,,,,
176,2023-12-17,,,,,,,,,,,,,,,,,,,,,,,,,,,,,,,,,,,,,,,,,,,,,,,,,,,,,,
177,2023-12-18,,,,,,,,,,,,,,,,,,,,,,,,,,,,,,,,,,,,,,,,,,,,,,,,,,,,,,
178,2023-12-19,,,,,,,,,,,,,,,,,,,,,,,,,,,,,,,,,,,,,,,,,,,,,,,,,,,,,,
179,2023-12-20,,,,,,,,,,,,,,,,,,,,,,,,,,,,,,,,,,,,,,,,,,,,,,,,,,,,,,
180,2023-12-21,,,,,,,,,,,,,,,,,,,,,,,,,,,,,,,,,,,,,,,,,,,,,,,,,,,,,,
181,2023-12-22,,,,,,,,,,,,,,,,,,,,,,,,,,,,,,,,,,,,,,,,,,,,,,,,,,,,,,
182,2023-12-23,,,,,,,,,,,,,,,,,,,,,,,,,,,,,,,,,,,,,,,,,,,,,,,,,,,,,,
183,2023-12-24,,,,,,,,,,,,,,,,,,,,,,,,,,,,,,,,,,,,,,,,,,,,,,,,,,,,,,
184,2023-12-25,,,,,,,,,,,,,,,,,,,,,,,,,,,,,,,,,,,,,,,,,,,,,,,,,,,,,,
185,2023-12-26,,,,,,,,,,,,,,,,,,,,,,,,,,,,,,,,,,,,,,,,,,,,,,,,,,,,,,
186,2023-12-27,,,,,,,,,,,,,,,,,,,,,,,,,,,,,,,,,,,,,,,,,,,,,,,,,,,,,,
187,2023-12-28,,,,,,,,,,,,,,,,,,,,,,,,,,,,,,,,,,,,,,,,,,,,,,,,,,,,,,
188,2023-12-29,,,,,,,,,,,,,,,,,,,,,,,,,,,,,,,,,,,,,,,,,,,,,,,,,,,,,,
189,2023-12-30,,,,,,,,,,,,,,,,,,,,,,,,,,,,,,,,,,,,,,,,,,,,,,,,,,,,,,
190,2023-12-31,,,,,,,,,,,,,,,,,,,,,,,,,,,,,,,,,,,,,,,,,,,,,,,,,,,,,,
191,2024-01-01,,,,,,,,,,,,,,,,,,,,,,,,,,,,,,,,,,,,,,,,,,,,,,,,,,,,,,
192,2024-01-02,,,,,,,,,,,,,,,,,,,,,,,,,,,,,,,,,,,,,,,,,,,,,,,,,,,,,,
193,2024-01-03,,,,,,,,,,,,,,,,,,,,,,,,,,,,,,,,,,,,,,,,,,,,,,,,,,,,,,
194,2024-01-04,,,,,,,,,,,,,,,,,,,,,,,,,,,,,,,,,,,,,,,,,,,,,,,,,,,,,,
195,2024-01-05,,,,,,,,,,,,,,,,,,,,,,,,,,,,,,,,,,,,,,,,,,,,,,,,,,,,,,
196,2024-01-06,,,,,,,,,,,,,,,,,,,,,,,,,,,,,,,,,,,,,,,,,,,,,,,,,,,,,,
197,2024-01-07,,,,,,,,,,,,,,,,,,,,,,,,,,,,,,,,,,,,,,,,,,,,,,,,,,,,,,
198,2024-01-08,,,,,,,,,,,,,,,,,,,,,,,,,,,,,,,,,,,,,,,,,,,,,,,,,,,,,,
199,2024-01-09,,,,,,,,,,,,,,,,,,,,,,,,,,,,,,,,,,,,,,,,,,,,,,,,,,,,,,
200,2024-01-10,,,,,,,,,,,,,,,,,,,,,,,,,,,,,,,,,,,,,,,,,,,,,,,,,,,,,,
201,2024-01-11,,,,,,,,,,,,,,,,,,,,,,,,,,,,,,,,,,,,,,,,,,,,,,,,,,,,,,
202,2024-01-12,,,,,,,,,,,,,,,,,,,,,,,,,,,,,,,,,,,,,,,,,,,,,,,,,,,,,,
203,2024-01-13,,,,,,,,,,,,,,,,,,,,,,,,,,,,,,,,,,,,,,,,,,,,,,,,,,,,,,
204,2024-01-14,,,,,,,,,,,,,,,,,,,,,,,,,,,,,,,,,,,,,,,,,,,,,,,,,,,,,,
205,2024-01-15,,,,,,,,,,,,,,,,,,,,,,,,,,,,,,,,,,,,,,,,,,,,,,,,,,,,,,
206,2024-01-16,,,,,,,,,,,,,,,,,,,,,,,,,,,,,,,,,,,,,,,,,,,,,,,,,,,,,,
207,2024-01-17,,,,,,,,,,,,,,,,,,,,,,,,,,,,,,,,,,,,,,,,,,,,,,,,,,,,,,
208,2024-01-18,,,,,,,,,,,,,,,,,,,,,,,,,,,,,,,,,,,,,,,,,,,,,,,,,,,,,,
209,2024-01-19,,,,,,,,,,,,,,,,,,,,,,,,,,,,,,,,,,,,,,,,,,,,,,,,,,,,,,
210,2024-01-20,,,,,,,,,,,,,,,,,,,,,,,,,,,,,,,,,,,,,,,,,,,,,,,,,,,,,,
211,2024-01-21,,,,,,,,,,,,,,,,,,,,,,,,,,,,,,,,,,,,,,,,,,,,,,,,,,,,,,
212,2024-01-22,,,,,,,,,,,,,,,,,,,,,,,,,,,,,,,,,,,,,,,,,,,,,,,,,,,,,,
213,2024-01-23,,,,,,,,,,,,,,,,,,,,,,,,,,,,,,,,,,,,,,,,,,,,,,,,,,,,,,
214,2024-01-24,,,,,,,,,,,,,,,,,,,,,,,,,,,,,,,,,,,,,,,,,,,,,,,,,,,,,,
215,2024-01-25,,,,,,,,,,,,,,,,,,,,,,,,,,,,,,,,,,,,,,,,,,,,,,,,,,,,,,
216,2024-01-26,,,,,,,,,,,,,,,,,,,,,,,,,,,,,,,,,,,,,,,,,,,,,,,,,,,,,,
217,2024-01-27,,,,,,,,,,,,,,,,,,,,,,,,,,,,,,,,,,,,,,,,,,,,,,,,,,,,,,
218,2024-01-28,,,,,,,,,,,,,,,,,,,,,,,,,,,,,,,,,,,,,,,,,,,,,,,,,,,,,,
219,2024-01-29,,,,,,,,,,,,,,,,,,,,,,,,,,,,,,,,,,,,,,,,,,,,,,,,,,,,,,
220,2024-01-30,,,,,,,,,,,,,,,,,,,,,,,,,,,,,,,,,,,,,,,,,,,,,,,,,,,,,,
221,2024-01-31,,,,,,,,,,,,,,,,,,,,,,,,,,,,,,,,,,,,,,,,,,,,,,,,,,,,,,
222,2024-02-01,,,,,,,,,,,,,,,,,,,,,,,,,,,,,,,,,,,,,,,,,,,,,,,,,,,,,,
223,2024-02-02,,,,,,,,,,,,,,,,,,,,,,,,,,,,,,,,,,,,,,,,,,,,,,,,,,,,,,
224,2024-02-03,,,,,,,,,,,,,,,,,,,,,,,,,,,,,,,,,,,,,,,,,,,,,,,,,,,,,,
225,2024-02-04,,,,,,,,,,,,,,,,,,,,,,,,,,,,,,,,,,,,,,,,,,,,,,,,,,,,,,
226,2024-02-05,,,,,,,,,,,,,,,,,,,,,,,,,,,,,,,,,,,,,,,,,,,,,,,,,,,,,,
227,2024-02-06,,,,,,,,,,,,,,,,,,,,,,,,,,,,,,,,,,,,,,,,,,,,,,,,,,,,,,
228,2024-02-07,,,,,,,,,,,,,,,,,,,,,,,,,,,,,,,,,,,,,,,,,,,,,,,,,,,,,,
229,2024-02-08,,,,,,,,,,,,,,,,,,,,,,,,,,,,,,,,,,,,,,,,,,,,,,,,,,,,,,
230,2024-02-09,,,,,,,,,,,,,,,,,,,,,,,,,,,,,,,,,,,,,,,,,,,,,,,,,,,,,,
231,2024-02-10,,,,,,,,,,,,,,,,,,,,,,,,,,,,,,,,,,,,,,,,,,,,,,,,,,,,,,
232,2024-02-11,,,,,,,,,,,,,,,,,,,,,,,,,,,,,,,,,,,,,,,,,,,,,,,,,,,,,,
233,2024-02-12,,,,,,,,,,,,,,,,,,,,,,,,,,,,,,,,,,,,,,,,,,,,,,,,,,,,,,
234,2024-02-13,,,,,,,,,,,,,,,,,,,,,,,,,,,,,,,,,,,,,,,,,,,,,,,,,,,,,,
235,2024-02-14,,,,,,,,,,,,,,,,,,,,,,,,,,,,,,,,,,,,,,,,,,,,,,,,,,,,,,
236,2024-02-15,,,,,,,,,,,,,,,,,,,,,,,,,,,,,,,,,,,,,,,,,,,,,,,,,,,,,,
237,2024-02-16,,,,,,,,,,,,,,,,,,,,,,,,,,,,,,,,,,,,,,,,,,,,,,,,,,,,,,
238,2024-02-17,,,,,,,,,,,,,,,,,,,,,,,,,,,,,,,,,,,,,,,,,,,,,,,,,,,,,,
239,2024-02-18,,,,,,,,,,,,,,,,,,,,,,,,,,,,,,,,,,,,,,,,,,,,,,,,,,,,,,
240,2024-02-19,,,,,,,,,,,,,,,,,,,,,,,,,,,,,,,,,,,,,,,,,,,,,,,,,,,,,,
241,2024-02-20,,,,,,,,,,,,,,,,,,,,,,,,,,,,,,,,,,,,,,,,,,,,,,,,,,,,,,
242,2024-02-21,,,,,,,,,,,,,,,,,,,,,,,,,,,,,,,,,,,,,,,,,,,,,,,,,,,,,,
243,2024-02-22,,,,,,,,,,,,,,,,,,,,,,,,,,,,,,,,,,,,,,,,,,,,,,,,,,,,,,
244,2024-02-23,,,,,,,,,,,,,,,,,,,,,,,,,,,,,,,,,,,,,,,,,,,,,,,,,,,,,,
245,2024-02-24,,,,,,,,,,,,,,,,,,,,,,,,,,,,,,,,,,,,,,,,,,,,,,,,,,,,,,
246,2024-02-25,,,,,,,,,,,,,,,,,,,,,,,,,,,,,,,,,,,,,,,,,,,,,,,,,,,,,,
247,2024-02-26,,,,,,,,,,,,,,,,,,,,,,,,,,,,,,,,,,,,,,,,,,,,,,,,,,,,,,
248,2024-02-27,,,,,,,,,,,,,,,,,,,,,,,,,,,,,,,,,,,,,,,,,,,,,,,,,,,,,,
249,2024-02-28,,,,,,,,,,,,,,,,,,,,,,,,,,,,,,,,,,,,,,,,,,,,,,,,,,,,,,
250,2024-02-29,,,,,,,,,,,,,,,,,,,,,,,,,,,,,,,,,,,,,,,,,,,,,,,,,,,,,,
251,2024-03-01,,,,,,,,,,,,,,,,,,,,,,,,,,,,,,,,,,,,,,,,,,,,,,,,,,,,,,
252,2024-03-02,,,,,,,,,,,,,,,,,,,,,,,,,,,,,,,,,,,,,,,,,,,,,,,,,,,,,,
253,2024-03-03,,,,,,,,,,,,,,,,,,,,,,,,,,,,,,,,,,,,,,,,,,,,,,,,,,,,,,
254,2024-03-04,,,,,,,,,,,,,,,,,,,,,,,,,,,,,,,,,,,,,,,,,,,,,,,,,,,,,,
255,2024-03-05,,,,,,,,,,,,,,,,,,,,,,,,,,,,,,,,,,,,,,,,,,,,,,,,,,,,,,
256,2024-03-06,,,,,,,,,,,,,,,,,,,,,,,,,,,,,,,,,,,,,,,,,,,,,,,,,,,,,,
257,2024-03-07,,,,,,,,,,,,,,,,,,,,,,,,,,,,,,,,,,,,,,,,,,,,,,,,,,,,,,
258,2024-03-08,,,,,,,,,,,,,,,,,,,,,,,,,,,,,,,,,,,,,,,,,,,,,,,,,,,,,,
259,2024-03-09,,,,,,,,,,,,,,,,,,,,,,,,,,,,,,,,,,,,,,,,,,,,,,,,,,,,,,
260,2024-03-10,,,,,,,,,,,,,,,,,,,,,,,,,,,,,,,,,,,,,,,,,,,,,,,,,,,,,,
261,2024-03-11,,,,,,,,,,,,,,,,,,,,,,,,,,,,,,,,,,,,,,,,,,,,,,,,,,,,,,
262,2024-03-12,,,,,,,,,,,,,,,,,,,,,,,,,,,,,,,,,,,,,,,,,,,,,,,,,,,,,,
263,2024-03-13,,,,,,,,,,,,,,,,,,,,,,,,,,,,,,,,,,,,,,,,,,,,,,,,,,,,,,
264,2024-03-14,,,,,,,,,,,,,,,,,,,,,,,,,,,,,,,,,,,,,,,,,,,,,,,,,,,,,,
265,2024-03-15,,,,,,,,,,,,,,,,,,,,,,,,,,,,,,,,,,,,,,,,,,,,,,,,,,,,,,
266,2024-03-16,,,,,,,,,,,,,,,,,,,,,,,,,,,,,,,,,,,,,,,,,,,,,,,,,,,,,,
267,2024-03-17,,,,,,,,,,,,,,,,,,,,,,,,,,,,,,,,,,,,,,,,,,,,,,,,,,,,,,
268,2024-03-18,,,,,,,,,,,,,,,,,,,,,,,,,,,,,,,,,,,,,,,,,,,,,,,,,,,,,,
269,2024-03-19,,,,,,,,,,,,,,,,,,,,,,,,,,,,,,,,,,,,,,,,,,,,,,,,,,,,,,
270,2024-03-20,,,,,,,,,,,,,,,,,,,,,,,,,,,,,,,,,,,,,,,,,,,,,,,,,,,,,,
271,2024-03-21,,,,,,,,,,,,,,,,,,,,,,,,,,,,,,,,,,,,,,,,,,,,,,,,,,,,,,
272,2024-03-22,,,,,,,,,,,,,,,,,,,,,,,,,,,,,,,,,,,,,,,,,,,,,,,,,,,,,,
273,2024-03-23,,,,,,,,,,,,,,,,,,,,,,,,,,,,,,,,,,,,,,,,,,,,,,,,,,,,,,
274,2024-03-24,,,,,,,,,,,,,,,,,,,,,,,,,,,,,,,,,,,,,,,,,,,,,,,,,,,,,,
275,2024-03-25,,,,,,,,,,,,,,,,,,,,,,,,,,,,,,,,,,,,,,,,,,,,,,,,,,,,,,
276,2024-03-26,,,,,,,,,,,,,,,,,,,,,,,,,,,,,,,,,,,,,,,,,,,,,,,,,,,,,,
277,2024-03-27,,,,,,,,,,,,,,,,,,,,,,,,,,,,,,,,,,,,,,,,,,,,,,,,,,,,,,
278,2024-03-28,,,,,,,,,,,,,,,,,,,,,,,,,,,,,,,,,,,,,,,,,,,,,,,,,,,,,,
279,2024-03-29,,,,,,,,,,,,,,,,,,,,,,,,,,,,,,,,,,,,,,,,,,,,,,,,,,,,,,
280,2024-03-30,,,,,,,,,,,,,,,,,,,,,,,,,,,,,,,,,,,,,,,,,,,,,,,,,,,,,,
281,2024-03-31,,,,,,,,,,,,,,,,,,,,,,,,,,,,,,,,,,,,,,,,,,,,,,,,,,,,,,
282,2024-04-01,,,,,,,,,,,,,,,,,,,,,,,,,,,,,,,,,,,,92.0,-2.6,1.0930232558139534,781.1488372093023,76.37209302325581,0.0,0.0,156.21139959435902,2024.0,-2.6,7.8,1.4000000000000004,1.4000000000000004,,,0.15621139959435903,,,
283,2024-04-02,,,,,,,,,,,,,,,,,,,,,,,,,,,,,,,,,,,,93.0,-3.8,2.0083333333333333,790.2229166666666,68.79166666666667,0.0,0.0,220.3502997754791,2024.0,-3.8,11.0,3.0,4.4,,,0.2203502997754791,,,
284,2024-04-03,,,,,,,,,,,,,,,,,,,,,,,,,,,,,,,,,,,,94.0,-3.8,4.508333333333334,794.0583333333334,54.708333333333336,0.0,0.0,381.7280794594841,2024.0,-3.8,15.8,5.4,9.8,,,0.3817280794594841,,,
285,2024-04-04,,,,,,,,,,,,,,,,,,,,,,,,,,,,,,,,,,,,95.0,-3.8,6.508333333333333,788.3375,48.95,0.0,0.0,494.43631921950407,2024.0,-3.8,19.8,7.4,17.200000000000003,,,0.4944363192195041,,,
286,2024-04-05,,,,,,,,,,,,,,,,,,,,,,,,,,,,,,,,,,,,96.0,1.4,10.483333333333333,781.4229166666668,34.55833333333333,0.4857142857142857,0.4857142857142857,830.0000803206049,2024.0,1.4,18.6,6.800000000000001,24.000000000000004,,,0.8300000803206049,,,
287,2024-04-06,,,,,,,,,,,,,,,,,,,,,,,,,,,,,,,,,,,,97.0,-3.4,1.3583333333333334,778.3312500000001,73.88333333333334,0.4857142857142857,0.0,175.99682494879977,2024.0,-5.4,3.0,0.0,24.000000000000004,,,0.17599682494879976,,,
288,2024-04-07,,,,,,,,,,,,,,,,,,,,,,,,,,,,,,,,,,,,98.0,-7.8,-2.5083333333333333,785.81875,75.425,0.4857142857142857,0.0,124.81462973524482,2024.0,-7.8,5.0,0.0,24.000000000000004,,,0.12481462973524482,,,
289,2024-04-08,,,,,,,,,,,,,,,,,,,,,,,,,,,,,,,,,,,,99.0,-7.4,0.0416666666666666,786.0979166666666,57.083333333333336,0.4857142857142857,0.0,262.9309588992773,2024.0,-7.4,8.6,1.7999999999999998,25.800000000000004,,,0.2629309588992773,,,
290,2024-04-09,,,,,,,,,,,,,,,,,,,,,,,,,,,,,,,,,,,,100.0,-7.4,1.3666666666666665,788.8937500000001,52.23333333333333,0.4857142857142857,0.0,322.08641903187964,2024.0,-7.4,11.8,3.4000000000000004,29.200000000000003,,,0.3220864190318796,,,
291,2024-04-10,,,,,,,,,,,,,,,,,,,,,,,,,,,,,,,,,,,,101.0,-3.0,4.408333333333333,790.7333333333332,47.24166666666667,0.4857142857142857,0.0,441.5518439064813,2024.0,-3.0,11.0,3.0,32.2,,,0.4415518439064813,,,
292,2024-04-11,,,,,,,,,,,,,,,,,,,,,,,,,,,,,,,,,,,,102.0,-5.4,4.508333333333334,791.9416666666666,48.95,0.4857142857142857,0.0,430.26057309453546,2024.0,-5.4,15.4,5.199999999999999,37.400000000000006,,,0.43026057309453547,,,
293,2024-04-12,,,,,,,,,,,,,,,,,,,,,,,,,,,,,,,,,,,,103.0,-4.2,7.1000000000000005,791.2833333333333,42.75833333333333,0.4857142857142857,0.0,577.4302628305303,2024.0,-4.2,21.0,8.0,45.400000000000006,,,0.5774302628305303,,,
294,2024-04-13,,,,,,,,,,,,,,,,,,,,,,,,,,,,,,,,,,,,104.0,2.6,12.1,790.1541666666667,35.975,1.1420500883466618,0.6563358026323761,903.930004572777,2024.0,2.6,19.4,7.199999999999999,52.60000000000001,,,0.903930004572777,,,
295,2024-04-14,,,,,,,,,,,,,,,,,,,,,,,,,,,,,,,,,,,,105.0,-1.8,9.3,789.7270833333333,40.15,1.1706215169180902,0.0285714285714285,701.164498775516,2024.0,-1.8,22.2,8.6,61.20000000000001,,,0.701164498775516,,,0.4302065852974623
296,2024-04-15,,,,,,,,,,,,,,,,,,,,,,,,,,,,,,,,,,,,106.0,-1.4,6.741666666666667,782.44375,38.641666666666666,1.256335802632376,0.0857142857142857,603.903995631446,2024.0,-1.4,15.4,5.199999999999999,66.4,,,0.603903995631446,,,0.46218462787153997
297,2024-04-16,,,,,,,,,,,,,,,,,,,,,,,,,,,,,,,,,,,,107.0,-0.2,3.810526315789474,785.857894736842,80.14736842105263,1.513478659775233,0.2571428571428572,159.31321231593253,2024.0,-0.2,12.6,3.8000000000000007,70.2,,,0.15931321231593254,,,0.4578248359101438
298,2024-04-17,,,,,,,,,,,,,,,,,,,,,,,,,,,,,,,,,,,,108.0,-1.4,7.5,788.1166666666667,58.825,1.5991929454895186,0.0857142857142857,426.8941352082711,2024.0,-1.4,19.0,7.0,77.2,,,0.42689413520827113,,,0.46105098274934286
299,2024-04-18,,,,,,,,,,,,,,,,,,,,,,,,,,,,,,,,,,,,109.0,3.8,10.558333333333334,787.6854166666667,42.96666666666667,2.427764374060948,0.8285714285714285,726.9859871070133,2024.0,3.8,17.4,6.199999999999999,83.4,,,0.7269859871070133,,,0.47766167331273646
300,2024-04-19,,,,,,,,,,,,,,,,,,,,,,,,,,,,,,,,,,,,110.0,4.6,9.691666666666666,788.0583333333334,53.29166666666666,3.3706215169180904,0.9428571428571428,561.8173287559674,2024.0,4.6,13.0,4.0,87.4,,,0.5618173287559675,,,0.45850576248669084
301,2024-04-20,,,,,,,,,,,,,,,,,,,,,,,,,,,,,,,,,,,,111.0,3.0,7.708333333333333,789.8020833333334,69.83333333333333,4.084907231203805,0.7142857142857143,317.245940930349,2024.0,3.0,14.2,4.6,92.0,,,0.31724594093034897,,,0.4685949850568015
302,2024-04-21,,,,,,,,,,,,,,,,,,,,,,,,,,,,,,,,,,,,112.0,-2.2,7.425,793.1583333333333,53.0,4.084907231203805,0.0,484.79293363729136,2024.0,-2.2,18.2,6.6,98.6,,,0.48479293363729137,,,0.49430772104980486
303,2024-04-22,,,,,,,,,,,,,,,,,,,,,,,,,,,,,,,,,,,,113.0,1.0,10.308333333333334,789.125,38.99166666666667,4.513478659775234,0.4285714285714285,764.7796420216071,2024.0,1.0,21.0,8.0,106.6,,,0.7647796420216071,,,0.5301540555585427
304,2024-04-23,,,,,,,,,,,,,,,,,,,,,,,,,,,,,,,,,,,,114.0,5.8,13.4,787.9812499999999,40.333333333333336,5.5080650462216605,0.9945863864464266,917.323563371435,2024.0,5.8,21.8,8.8,115.4,,,0.917323563371435,,,0.5726709944399395
305,2024-04-24,,,,,,,,,,,,,,,,,,,,,,,,,,,,,,,,,,,,115.0,3.4,13.458333333333334,788.6083333333332,36.833333333333336,6.261453507929063,0.7533884617074021,974.8330477322578,2024.0,3.4,21.8,8.4,123.8,,,0.9748330477322578,,,0.6107625089989235
306,2024-04-25,,,,,,,,,,,,,,,,,,,,,,,,,,,,,,,,,,,,116.0,2.6,12.133333333333333,784.6437500000001,34.550000000000004,6.913240633288988,0.6517871253599256,926.0800852038408,2024.0,2.6,19.0,7.0,130.8,,,0.9260800852038408,,,0.6461781884353025
307,2024-04-26,,,,,,,,,,,,,,,,,,,,,,,,,,,,,,,,,,,,117.0,3.0,6.897872340425532,780.936170212766,67.95744680851064,7.627526347574703,0.7142857142857143,318.7767286945955,2024.0,1.4,12.2,3.6,134.4,,,0.3187767286945955,,,0.6277029359970214
308,2024-04-27,,,,,,,,,,,,,,,,,,,,,,,,,,,,,,,,,,,,118.0,0.2,2.825,780.0041666666666,93.38333333333333,7.941812061860417,0.3142857142857143,49.51955174864131,2024.0,0.2,5.8,0.4000000000000003,134.8,,,0.04951955174864131,,,0.5666736179381545
309,2024-04-28,,,,,,,,,,,,,,,,,,,,,,,,,,,,,,,,,,,,119.0,1.8,4.75,785.0791666666668,82.74166666666666,8.48466920471756,0.5428571428571428,147.93925591963207,2024.0,1.8,9.8,2.4000000000000004,137.20000000000002,,,0.14793925591963208,,,0.5271575291627343
310,2024-04-29,,,,,,,,,,,,,,,,,,,,,,,,,,,,,,,,,,,,120.0,0.2,6.248780487804877,788.3268292682927,76.06829268292684,8.798954919003275,0.3142857142857143,227.67143792272904,2024.0,-0.6,13.4,4.199999999999999,141.4,,,0.22767143792272904,,,0.5002837750406831
311,2024-04-30,,,,,,,,,,,,,,,,,,,,,,,,,,,,,,,,,,,,121.0,6.6,10.9,785.3145833333333,43.825,9.798954919003275,1.0,732.5297255179767,2024.0,3.4,17.4,6.199999999999999,147.6,,,0.7325297255179767,,,0.541227811697972
312,2024-05-01,,,,,,,,,,,,,,,,,,,,,,,,,,,,,,,,,,,,122.0,1.4,7.325,784.1083333333332,55.35,10.28466920471756,0.4857142857142857,457.4112945345327,2024.0,1.4,15.8,5.4,153.0,,,0.4574112945345327,,,0.543407608792705
313,2024-05-02,,,,,,,,,,,,,,,,,,,,,,,,,,,,,,,,,,,,123.0,-3.8,4.791666666666667,786.7208333333333,64.02499999999999,10.28466920471756,0.0,309.2793519007424,2024.0,-3.8,14.2,4.6,157.6,,,0.3092793519007424,,,0.5135714205636855
314,2024-05-03,,,,,,,,,,,,,,,,,,,,,,,,,,,,,,,,,,,,124.0,-0.6,8.491666666666667,785.1604166666666,38.24166666666667,10.48466920471756,0.1999999999999999,685.0393027889614,2024.0,-0.6,17.4,6.199999999999999,163.79999999999998,,,0.6850393027889614,,,0.5223729901374708
315,2024-05-04,,,,,,,,,,,,,,,,,,,,,,,,,,,,,,,,,,,,125.0,-3.4,6.866666666666667,788.0208333333334,54.10833333333333,10.48466920471756,0.0,455.5770445010441,2024.0,-3.4,19.0,7.0,170.79999999999998,,,0.4555770445010441,,,0.5322537832496633
316,2024-05-05,,,,,,,,,,,,,,,,,,,,,,,,,,,,,,,,,,,,126.0,9.8,14.15,781.9645833333334,34.30833333333333,11.434539138453744,0.9498699337361828,1060.4162120442156,2024.0,9.8,21.4,10.6,181.4,,,1.0604162120442155,,,0.5733697317073008
317,2024-05-06,,,,,,,,,,,,,,,,,,,,,,,,,,,,,,,,,,,,127.0,-1.8,4.866666666666666,779.4875000000001,63.25833333333333,11.463110567025172,0.0285714285714285,317.5308044252125,2024.0,-1.8,9.0,2.0,183.4,,,0.31753080442521253,,,0.5414233861647012
318,2024-05-07,,,,,,,,,,,,,,,,,,,,,,,,,,,,,,,,,,,,128.0,-1.0,1.7333333333333334,781.7395833333334,78.55833333333332,11.605967709882314,0.1428571428571428,148.43804147389395,2024.0,-1.0,4.6,0.0,183.4,,,0.14843804147389394,,,0.4865029917434483
319,2024-05-08,256.0,,,,,,,,,,,,,,,,,,,,,,,,,,841.375121343735,,,,,,R7,,129.0,129.0,-5.4,1.4916666666666665,783.7895833333333,59.475,11.605967709882314,0.0,275.7237484502643,2024.0,-5.4,6.6,0.7999999999999998,184.2,,,0.27572374845026426,,,0.43656661322330587
320,2024-05-09,257.0,,,,,,,,,,,,,,,,,,,,,,,,,,828.6483799830808,,,,,,R7,,130.0,130.0,-2.2,3.583333333333333,788.5437499999999,54.35833333333333,11.605967709882314,0.0,360.4400226329087,2024.0,-2.2,11.4,3.1999999999999997,187.4,,,0.3604400226329087,,,0.39616375161109646
321,2024-05-10,258.0,,,,,,,,,,,,,,,,,,,,,,,,,,807.2389183036863,,,,,,R7,,131.0,131.0,1.0,7.425,792.2270833333333,57.69166666666666,12.034539138453743,0.4285714285714285,436.3995964674696,2024.0,1.0,14.2,4.6,192.0,1.0203067020396783,,0.4363995964674696,,,0.4045653850234446
322,2024-05-11,259.0,,,,,,,,,,,,,,,,,,,,,,,,,,811.5031707096149,,,,,,R7,,132.0,132.0,-0.6,6.016666666666667,789.6229166666667,66.53333333333333,12.234539138453744,0.1999999999999999,313.31123231458525,2024.0,-0.6,11.8,3.4000000000000004,195.4,1.0080033823778327,,0.31331123231458524,,,0.42340764792101204
323,2024-05-12,260.0,,,,,,,,,,,,,,,,,,,,,,,,,,818.3950843614685,,,,,,R7,,133.0,133.0,1.4,6.833333333333333,787.1458333333334,77.10000000000001,12.720253424168028,0.4857142857142857,226.81314343727487,2024.0,1.4,15.4,5.199999999999999,200.6,1.0037803714614983,,0.22681314343727488,,,0.4290414970294151
324,2024-05-13,261.0,,,,,,,,,,,,,,,,,,,,,,,,,,822.8029324395843,,,,,,R7,,134.0,134.0,1.4,10.0,789.2645833333332,63.73333333333333,13.205967709882314,0.4857142857142857,445.3411099470813,2024.0,1.4,21.0,8.0,208.6,1.010190700786183,,0.4453411099470813,,,0.4445893307454402
325,2024-05-14,115.0,2024-05-14,5289.75,0.0097237556626963,102.8514170054868,2202.750230061855,0.1570083227491872,2145.0776018959864,0.1502265930175781,4.983041473577273e-06,782.9562500000001,0.231,0.317625,0.3475625,0.286055993610555,0.2214847149831875,0.1139249139373329,12.425,11.641666666666666,10.0125,0.0,782.9562500000001,46.89791666666667,12.71875,2024-05-14,0.1502265930175781,815.67446906208,2668.7813601585726,2564.594764990642,4864.797701398373,0.2478677357901348,0.3043677357901348,R7,7183.41381481284,135.0,135.0,5.4,12.241666666666667,788.4541666666668,51.65,14.205967709882314,1.0,689.0219693990091,2024.0,5.4,18.2,6.800000000000001,215.4,1.0119087277628573,,0.6890219693990091,,,0.44148163387979966
326,2024-05-15,116.0,2024-05-15,5410.020833333333,0.0096156805008022,104.01191782780468,2247.209084267244,0.1406928463364753,2187.1566169914304,0.1367645263671875,5.091661513356008e-06,782.69375,0.2208333333333333,0.308375,0.344375,0.2777082712118391,0.2117505433307646,0.1089179559274418,12.289583333333333,11.345833333333331,10.13125,0.51309997,782.69375,58.71666666666667,10.48125,2024-05-15,0.1367645263671875,821.9352021772156,2722.6462785583403,2614.903258135297,4933.474012965249,0.2406344279895953,0.2971344279895953,R7,7278.4656105385,136.0,136.0,2.2,10.2,788.2229166666666,59.175,14.805967709882314,0.6,508.0741286876252,2024.0,2.2,18.6,6.800000000000001,222.2,1.0133667912707014,,0.5080741286876252,,,0.44510040774787774
327,2024-05-16,117.0,2024-05-16,5544.875,0.0094969723666177,105.3041547759278,2271.3041467109742,0.1324060907643769,2221.2880082479464,0.1266148885091146,4.174185939194914e-06,782.3000000000001,0.2105416666666666,0.3007916666666666,0.3415416666666667,0.2699586166248499,0.2027137708563534,0.104269718569407,14.016666666666666,12.883333333333333,11.120833333333332,0.0,782.3000000000001,43.06458333333333,11.945833333333333,2024-05-16,0.1266148885091146,813.3958285765683,2751.839081557107,2655.7097945799183,4958.004067470927,0.2339193464022896,0.2904193464022896,R7,7347.934915099856,137.0,137.0,1.0,10.458333333333334,787.9145833333333,51.25833333333333,15.234539138453744,0.4285714285714285,617.1622664200491,2024.0,1.0,21.0,8.0,230.2,1.0094923002025933,,0.6171622664200491,,,0.4670920444992568
328,2024-05-17,118.0,2024-05-17,5619.270833333333,0.0094341644821343,106.00719545987928,2273.987147428897,0.1314566035933161,2227.2826685519976,0.1248054504394531,3.8830892537246325e-06,781.2916666666666,0.1955,0.2889791666666666,0.3375000000000001,0.2584012678848591,0.18923689523585,0.097337628942696,14.304166666666667,13.59375,11.927083333333334,0.0,781.2916666666666,35.047916666666666,13.797916666666666,2024-05-17,0.1248054504394531,810.2671010975837,2755.0897189682687,2662.8768427184464,4920.241218005287,0.2239048949385718,0.2804048949385718,R7,7299.550664839969,138.0,138.0,2.6,12.308333333333332,786.86875,44.10833333333333,15.8916819955966,0.6571428571428571,799.9974266764108,2024.0,2.6,21.8,8.4,238.6,1.0072651749166928,,0.7999974266764108,,,0.47530333906264605
329,2024-05-18,119.0,2024-05-18,5599.645833333333,0.0094515962245816,105.81848682771384,2314.193310671555,0.1183765151767519,2260.1930594228475,0.1156692504882812,4.424785462175207e-06,783.0208333333334,0.1801249999999999,0.2739166666666667,0.3320208333333334,0.2452637538932836,0.1739174092524904,0.0894577573120469,13.86875,13.425,12.129166666666668,0.0,783.0208333333334,37.21041666666667,14.364583333333334,2024-05-18,0.1156692504882812,810.2997590659464,2803.8022137219227,2702.2235852636,4954.809947530676,0.2125212290838498,0.2690212290838499,R7,7325.123108111765,139.0,139.0,3.8,12.433333333333332,788.8562499999999,46.34166666666667,16.72025342416803,0.8285714285714285,774.3685874129685,2024.0,3.8,19.4,7.199999999999999,245.8,1.0024729007944382,,0.7743685874129685,,,0.4980741635563549
330,2024-05-19,120.0,2024-05-19,5563.520833333333,0.0094812320198672,105.48036228055108,2306.5542871482844,0.1206517592979343,2240.957786125344,0.120855967203776,5.427836937313044e-06,782.5020833333333,0.1672916666666667,0.2582708333333333,0.3258125,0.2328827697643854,0.1594801030053207,0.082031651759704,12.86875,12.441666666666668,11.658333333333331,0.3153,782.5020833333333,52.42083333333333,13.179166666666667,2024-05-19,0.120855967203776,804.546389203275,2794.5470184163046,2679.2264306812485,4887.189187467886,0.2017930969298996,0.2582930969298996,R7,7182.302176409135,140.0,140.0,3.4,12.15,788.30625,57.86666666666667,17.4916819955966,0.7714285714285715,596.8173738091479,2024.0,3.4,21.8,8.4,254.2,0.9988280942409152,,0.5968173738091479,,,0.46495996082527863
331,2024-05-20,121.0,2024-05-20,5867.645833333333,0.0092330721896416,108.32180963888707,2354.38463880634,0.106304820792557,2304.286591704805,0.1045023600260416,4.03494978573635e-06,779.4666666666667,0.1542916666666666,0.2400833333333333,0.3196041666666667,0.2195491712721283,0.1439319654093598,0.074034168783779,13.654166666666669,12.852083333333333,11.795833333333334,0.0,779.4666666666667,38.69166666666667,13.929166666666667,2024-05-20,0.1045023600260416,815.4213847121914,2852.4967347358274,2754.9405787934857,4929.796464790024,0.1902395237063649,0.2467395237063649,R7,7292.345535138499,141.0,141.0,3.8,13.316666666666668,785.24375,38.68333333333333,18.310522697894875,0.818840702298274,937.5807359514936,2024.0,3.8,21.4,8.2,262.4,1.000950982019991,,0.9375807359514936,,,0.5092492416485844
332,2024-05-21,122.0,2024-05-21,5647.6875,0.009416090419116,106.25320536134622,2302.5992821951013,0.1224376589360998,2243.409540400444,0.1209576924641927,4.91705110182813e-06,780.1208333333334,0.1473124999999999,0.2218333333333333,0.3137083333333333,0.2089031173574896,0.1315177389561678,0.0676486731508825,11.7875,12.458333333333334,12.154166666666669,4.066,780.1208333333334,72.58749999999999,6.7125,2024-05-21,0.1209576924641927,878.0399660990512,2789.7552615687327,2682.1576794963994,4773.657463672053,0.1810147099011567,0.2375147099011567,R7,7024.043923492587,142.0,142.0,0.2,7.908333333333334,785.71875,65.2,18.624808412180588,0.3142857142857143,370.9992168567311,2024.0,-0.6,13.0,4.0,266.4,1.0288510489187337,1.0149217327688727,0.3709992168567311,,,0.5251464684616443
333,2024-05-22,123.0,2024-05-22,5291.5625,0.0097242996378074,102.86117605248673,2211.104016539662,0.1542838324070585,2158.0857786387173,0.1461474100748697,4.545850586325396e-06,784.5333333333333,0.2035624999999999,0.2168541666666666,0.3076041666666667,0.2305491007090951,0.1567588415546958,0.0806319187054978,7.629166666666666,8.183333333333334,9.429166666666667,7.8398,784.5333333333333,83.26666666666667,2.8541666666666665,2024-05-22,0.1461474100748697,858.0190796541559,2678.902539280225,2580.146977156297,4675.463468969293,0.1997709709205218,0.2562709709205218,R7,6901.8630421647895,143.0,143.0,-5.0,5.568421052631579,789.7342105263158,70.0421052631579,18.624808412180588,0.0,271.8781896342076,2024.0,-5.0,17.4,6.199999999999999,272.6,1.0508747731761199,1.0163906880108156,0.2718781896342076,,,0.5248717856890688
334,2024-05-23,124.0,2024-05-23,5685.541666666667,0.0093788401338356,106.63118576623444,2262.026349728172,0.1352679997711378,2221.1521670254383,0.1263504028320312,3.4078538154066257e-06,777.7624999999999,0.2003958333333333,0.2272708333333333,0.3038541666666666,0.2319570935482191,0.158400683883272,0.0814764318178176,10.74375,10.660416666666666,10.239583333333334,0.0,777.7624999999999,32.59375,12.014583333333334,2024-05-23,0.1263504028320312,838.1745774646221,2740.5984010146094,2655.5473866149077,4789.002709749595,0.2009909977853234,0.2574909977853234,R7,7112.817857245464,144.0,144.0,1.8,10.258333333333333,783.7395833333334,45.425,19.167665555037733,0.5428571428571428,681.8504316125952,2024.0,1.8,17.8,6.4,278.99999999999994,1.0602460997155052,1.0172314470096848,0.6818504316125952,,,0.5478296720447606
335,2024-05-24,125.0,2024-05-24,5580.229166666667,0.0094667813641286,105.63957140439312,2275.360457394659,0.1308160216296068,2225.1532734855105,0.1252772013346354,4.180382355344133e-06,782.4250000000001,0.1817291666666666,0.2206041666666666,0.2968541666666666,0.2199531276640738,0.1444030137590145,0.0742764615428925,9.535416666666666,9.629166666666666,9.683333333333334,0.0,782.4250000000001,61.96041666666667,6.158333333333334,2024-05-24,0.1252772013346354,826.4256818286373,2756.753577170768,2660.3309975540183,4766.085700627393,0.1905895522268852,0.2470895522268852,R7,7045.118779834873,145.0,145.0,-1.4,6.795348837209303,788.1,68.13953488372093,19.253379840752014,0.0857142857142857,314.73886459972766,2024.0,-1.8,15.8,5.4,284.3999999999999,1.0389877946829933,1.018924824049583,0.31473886459972766,,,0.5391396197684933
336,2024-05-25,126.0,2024-05-25,5820.020833333333,0.0092700804282772,107.88398898009709,2286.8183230595127,0.126902368040821,2230.235916583388,0.1237691243489583,4.70399294384422e-06,778.13125,0.1686458333333333,0.2153125,0.2928333333333333,0.2115159485391695,0.1345645277695077,0.0692158474516975,10.152083333333334,10.25,9.979166666666666,0.0,778.13125,53.8,9.391666666666667,2024-05-25,0.1237691243489583,842.4956585069417,2770.635558839068,2666.407663437626,4752.724920680331,0.1832787301051401,0.2397787301051401,R7,7001.541510436197,146.0,146.0,2.6,8.683333333333334,783.775,59.60833333333333,19.91052269789488,0.6571428571428571,453.8934243673226,2024.0,2.6,16.2,5.6,289.99999999999994,1.0325941843373239,1.0216601455735634,0.4538934243673226,,,0.5491812049151175
337,2024-05-26,262.0,,,,,,,,,,,,,,,,,,,,,,,,,,841.6476148097075,,,,,,R7,,147.0,147.0,3.0,7.972727272727273,788.85,74.0909090909091,20.62480841218059,0.7142857142857143,277.42879631165107,2024.0,3.0,15.8,5.4,295.3999999999999,1.034024619502991,1.0237123573042903,0.27742879631165107,,,0.5527966086918586
338,2024-05-27,127.0,2024-05-27,5322.583333333333,0.0096930692283751,103.17244202210289,2235.4842738321854,0.1446788153762968,2181.324687716364,0.1383488972981771,4.599807198056245e-06,787.975,0.2132291666666666,0.2542708333333333,0.2865416666666666,0.2432057725181186,0.1715176236575085,0.0882233815340294,12.34375,11.2375,10.14375,0.0,787.975,47.6125,11.860416666666666,2024-05-27,0.1383488972981771,834.6954074252875,2708.440875188754,2607.9307666620703,4778.165865520679,0.2107379866587501,0.2672379866587501,R7,7058.559836549426,148.0,148.0,1.0,10.783333333333331,793.5166666666668,56.59166666666667,21.05337984075202,0.4285714285714285,561.6723140081043,2024.0,1.0,21.4,8.2,303.5999999999999,1.037430660132126,1.0247619581951424,0.5616723140081044,,,0.5611059804105031
339,2024-05-28,128.0,2024-05-28,5320.645833333333,0.0096952399666698,103.15223037609483,2280.640825515213,0.1291066003774977,2226.459170119876,0.12493896484375,4.507528101216525e-06,789.3166666666666,0.1919583333333333,0.2456249999999999,0.2842916666666666,0.2303963514140897,0.1565807225677014,0.0805402997860365,14.059574468085106,13.416666666666666,11.820833333333333,0.0,789.3166666666666,40.10833333333333,14.083333333333334,2024-05-28,0.12493896484375,824.5791236247687,2763.1511014214016,2661.892291033169,4821.858888450476,0.1996386135403507,0.2561386135403508,R7,7118.810735432525,149.0,149.0,1.4,12.758333333333333,794.8666666666667,50.71666666666667,21.539094126466303,0.4857142857142857,726.5631568771795,2024.0,1.4,23.4,9.2,312.7999999999999,1.0300514012886746,1.0255478613290958,0.7265631568771795,,,0.563787493801801
340,2024-05-29,129.0,2024-05-29,5483.958333333333,0.0095496331629382,104.72389533198742,2301.8948029618628,0.1220435382258275,2246.0323511874217,0.1193084716796875,4.605641982660788e-06,786.19375,0.1679375,0.2248958333333333,0.2790833333333333,0.2115625307964178,0.1346188467401628,0.0692437874567561,14.085416666666667,13.520833333333334,12.277083333333332,0.0,786.19375,38.45625,15.120833333333332,2024-05-29,0.1193084716796875,828.7926478744415,2788.901737178801,2685.293438691265,4784.269104246303,0.1833190936664359,0.2398190936664359,R7,7051.865148751288,150.0,150.0,3.4,13.633333333333333,791.9458333333333,47.89166666666667,22.310522697894875,0.7714285714285715,813.3910563030491,2024.0,3.4,23.4,9.2,321.9999999999999,1.024756843548398,1.0261530827923682,0.8133910563030491,,,0.5855958457743312
341,2024-05-30,130.0,2024-05-30,5653.145833333333,0.0094054567653322,106.32778476452428,2334.5830295190226,0.1119936895171918,2283.4831966825823,0.109503428141276,4.146751824128923e-06,784.8666666666667,0.1496041666666666,0.2037708333333333,0.2728333333333333,0.1948632618452535,0.1151460441388668,0.0592275777122611,14.2375,13.075,11.897916666666667,0.0,784.8666666666667,33.862500000000004,15.285416666666668,2024-05-30,0.109503428141276,825.580065369896,2828.505741546531,2730.068621750595,4773.477696998789,0.1688491644332424,0.2253491644332424,R7,7043.661649737722,151.0,151.0,2.2,13.458333333333334,790.4354166666667,43.28333333333333,22.91052269789488,0.6,875.2920478714706,2024.0,2.2,22.2,8.6,330.5999999999999,1.021002520019005,1.0272284338700877,0.8752920478714705,,,0.6040336873065757
342,2024-05-31,131.0,2024-05-31,5763.083333333333,0.0093149878277746,107.35794649799504,2390.922188693779,0.0961912024914389,2343.117716152909,0.0953305562337239,3.775863285792811e-06,785.6437500000001,0.1302083333333333,0.1841874999999999,0.2687708333333333,0.1787019252519865,0.0963005175368268,0.0495340194168089,15.670833333333334,14.94375,13.21875,0.0,785.6437500000001,33.72291666666667,13.99375,2024-05-31,0.0953305562337239,823.0861955923723,2896.764455494492,2801.3659847509607,4806.120719528873,0.1548453539968526,0.2113453539968526,R7,7095.528702360878,152.0,152.0,0.6,12.475,791.35,43.3,23.281951269323446,0.3714285714285714,820.5073697024569,2024.0,0.6,21.8,8.4,338.9999999999999,1.0203876297816823,1.028359815943022,0.820507369702457,,,0.6054986832370075
343,2024-06-01,132.0,2024-06-01,5752.041666666667,0.0093245607008324,107.25261335837553,2378.897401101852,0.0994222879909895,2319.960037316438,0.1006647745768229,4.705228674770409e-06,785.0791666666668,0.1150625,0.1679583333333333,0.262375,0.1650640273766669,0.0803975403466656,0.0413540178854436,15.70625,14.658333333333331,13.277083333333332,0.0,785.0791666666668,39.27916666666667,15.341666666666669,2024-06-01,0.1006647745768229,809.1170989005064,2882.195609445932,2773.6793118488454,4708.906797781103,0.1430281051267075,0.1995281051267075,R7,6908.732536621877,153.0,153.0,1.8,13.675,790.8166666666666,49.0,23.82480841218059,0.5428571428571428,798.2518295768754,2024.0,1.8,25.0,10.0,348.9999999999999,1.0122838881976923,1.0282554372359225,0.7982518295768753,,,0.6072046291058582
344,2024-06-02,133.0,2024-06-02,6005.791666666667,0.0091249506880488,109.5947851653056,2404.362979771677,0.0926479813790687,2352.78561562002,0.0932273864746093,4.060383279364393e-06,781.2708333333334,0.1039583333333333,0.1582291666666666,0.2575833333333333,0.1557939488309747,0.0695878210621465,0.0357938313088257,17.414583333333333,16.154166666666665,14.170833333333334,0.0,781.2708333333334,29.585416666666664,17.691666666666666,2024-06-02,0.0932273864746093,811.1952066838476,2913.0488858420363,2812.9246548614938,4707.023003352465,0.1349955750240673,0.1914955750240674,R7,6922.30709549614,154.0,154.0,3.4,15.808333333333332,787.0124999999999,40.083333333333336,24.553762477197083,0.7289540650164927,1076.1905451167709,2024.0,3.4,24.6,9.8,358.7999999999999,1.006359216023697,1.0288422456806838,1.0761905451167708,,,0.6414455699135454
345,2024-06-03,134.0,2024-06-03,6061.791666666667,0.0090832042230434,110.1025224452523,2444.34687870017,0.0825915429547415,2385.328025420328,0.086255391438802,4.580185196259136e-06,781.3770833333333,0.094375,0.1504791666666666,0.2515833333333333,0.1476160454675582,0.060051673201184,0.0308887306365906,16.625,15.8125,14.370833333333332,0.0,781.3770833333333,34.56666666666667,16.472916666666666,2024-06-03,0.086255391438802,811.8958548087772,2961.492092298462,2851.8314495342283,4736.875886810252,0.1279094155466321,0.1844094155466322,R7,6940.158675728,155.0,155.0,7.8,14.841666666666669,786.9979166666667,45.49166666666667,25.547474188905635,0.9937117117085532,920.1225225326295,2024.0,7.8,23.4,10.6,369.3999999999999,1.0017502655915045,1.0285310909940606,0.9201225225326295,,,0.6401985546693408
346,2024-06-04,135.0,2024-06-04,5982.479166666667,0.009144122351761,109.37619879718652,2444.0276987899406,0.0826616275969792,2360.9987453012573,0.0916519165039062,6.53488408018146e-06,782.4020833333334,0.0891666666666666,0.1463333333333333,0.2462083333333333,0.1427395014050509,0.0543651979319114,0.0279637829456954,17.210416666666667,15.997916666666669,14.46875,0.4535,782.4020833333334,54.10208333333333,15.883333333333333,2024-06-04,0.0916519165039062,808.9228135319264,2961.105384180886,2822.7440429181647,4706.676553742023,0.1236838864115911,0.1801838864115911,R7,6822.364163881619,156.0,156.0,6.6,15.643478260869566,787.8543478260871,57.60869565217392,26.547474188905635,1.0,753.4168695415314,2024.0,6.6,22.6,9.6,379.0,1.0016702455411057,1.0224309793692878,0.7534168695415313,,,0.6675141012896838
347,2024-06-05,136.0,2024-06-05,5830.25,0.0092620248934188,107.97844818506972,2453.2305221216816,0.0805339329283382,2380.3963261091667,0.0874061584472656,5.667148645667482e-06,787.3354166666667,0.0850833333333333,0.1434166666666666,0.2417916666666666,0.1389881388738482,0.0499907823650003,0.0257137183440623,18.567391304347822,16.916666666666668,15.002083333333331,0.0,787.3354166666667,43.645833333333336,16.620833333333334,2024-06-05,0.0874061584472656,796.8152276289476,2972.255229058166,2845.935247818853,4701.184566686738,0.1204333279282647,0.1769333279282647,R7,6841.229108202788,157.0,157.0,3.4,15.008333333333333,793.0291666666667,53.89166666666667,27.318902760334208,0.7714285714285715,786.728682464123,2024.0,3.4,25.8,10.4,389.3999999999999,0.995747583134152,1.0170292763859763,0.7867286824641231,,,0.7042891364918206
348,2024-06-06,137.0,2024-06-06,5832.0625,0.0092609368925887,107.99383974251242,2488.524074914016,0.0722159735875386,2420.121885417263,0.0793406168619791,5.240524067666008e-06,788.2395833333334,0.0805208333333333,0.1424375,0.2389375,0.1360331570442402,0.046545016084653,0.0239413223258245,21.00869565217392,18.897916666666667,16.197916666666668,0.0,788.2395833333334,34.9125,19.516666666666666,2024-06-06,0.0793406168619791,807.141478332419,3015.015762931001,2893.43001507008,4750.031903384585,0.1178728339279079,0.1743728339279079,R7,6925.296947671744,158.0,158.0,5.0,17.283333333333335,793.9729166666666,46.958333333333336,28.273151404784613,0.9542486444504058,1046.404337758701,2024.0,5.0,29.0,12.0,401.3999999999999,0.9937894045639658,1.014290370604445,1.0464043377587011,,,0.7303287012165425
349,2024-06-07,138.0,2024-06-07,5985.666666666667,0.009140343336369,109.41075279637066,2501.1342966949765,0.0693914053864929,2431.451530157154,0.0771280924479166,5.309416731900148e-06,786.0291666666667,0.0746458333333333,0.1402083333333333,0.236125,0.1320786869605348,0.0419337594148001,0.0215694339573841,21.7125,19.84375,17.2625,0.0,786.0291666666667,31.99375,20.41875,2024-06-07,0.0771280924479166,806.4889151670745,3030.293902221241,2906.9754213357774,4748.498456567702,0.1144462825960301,0.1709462825960301,R7,6916.525011454412,159.0,159.0,5.4,17.541666666666668,791.7229166666666,46.34166666666667,29.218155936807666,0.9450045320230476,1075.9854975262474,2024.0,5.4,27.4,11.4,412.7999999999999,0.9927869581561635,1.012530800113539,1.0759854975262475,,,0.7847034607112937
350,2024-06-08,139.0,2024-06-08,5992.083333333333,0.0091356183257218,109.46869294176344,2494.2200626176195,0.0709008037968493,2398.922765772143,0.0834732055664062,7.3595027013982435e-06,785.3312500000001,0.0701041666666666,0.1368125,0.231375,0.1278886793232526,0.0370478454351326,0.0190562703303543,19.78333333333333,18.70208333333333,16.966666666666665,0.7672,785.3312500000001,54.58125,17.189583333333335,2024-06-08,0.0834732055664062,808.6547723163945,3021.916838506257,2868.084940739794,4707.891470820609,0.110815637795032,0.167315637795032,R7,6781.019987459066,160.0,160.0,6.6,14.975,790.9791666666666,70.26666666666667,30.218155936807666,1.0,506.24073962994,2024.0,6.6,26.6,11.6,424.3999999999999,0.9976632953168838,1.0095440858815965,0.50624073962994,,,0.7884425546586236
351,2024-06-09,140.0,2024-06-09,6082.875,0.0090676192077382,110.2931273564813,2508.7181797899134,0.0677759560136608,2425.014848141472,0.078460693359375,6.400510418521997e-06,785.9916666666667,0.0689166666666666,0.1348958333333333,0.227625,0.1258974787179532,0.0347259320364103,0.017861949611024,19.89565217391305,18.6375,16.895833333333332,0.0,785.9916666666667,44.57708333333333,18.725,2024-06-09,0.078460693359375,797.9324236335619,3039.482291156659,2899.279904405883,4721.964045909786,0.1090902609577564,0.1655902609577564,R7,6832.421207309231,161.0,161.0,5.0,15.683333333333332,791.7624999999999,62.26666666666667,31.218155936807666,1.0,672.3451094034966,2024.0,5.0,27.8,11.4,435.7999999999999,0.9938703744885388,1.0056858895299194,0.6723451094034967,4746.638925700027,6947.0343433326225,0.8166508627366126
352,2024-06-10,141.0,2024-06-10,6115.0,0.0090436768846727,110.5843759422666,2509.2240833611263,0.0677117973681758,2428.240257565288,0.0778592427571614,6.181611095485416e-06,785.8770833333333,0.0670208333333333,0.134375,0.2256041666666667,0.1244505333110376,0.033038667619859,0.016994072776003,21.235416666666666,19.62708333333333,17.497916666666665,0.0,785.8770833333333,39.99375,19.241666666666667,2024-06-10,0.0778592427571614,801.3733936863273,3040.0952276587027,2903.136113671207,4713.190025868487,0.1078364816633697,0.1643364816633697,R7,6825.625229297892,162.0,162.0,7.0,16.958333333333332,791.4854166666668,52.80833333333334,32.21439500847534,0.9962390716676836,912.0349706634128,2024.0,7.0,26.6,11.8,447.5999999999999,0.9917634516167934,1.002744969717396,0.9120349706634128,4741.9977942963,6930.39615710037,0.8416767667834203
353,2024-06-11,142.0,2024-06-11,6062.458333333333,0.0090830422430888,110.10721051058518,2508.2172031181235,0.0678676608821928,2419.971656523456,0.0794486999511718,6.76495223373726e-06,787.2104166666667,0.0644583333333333,0.132125,0.2228541666666667,0.1219558206328425,0.0301296152732258,0.0154977458703087,20.75,19.11458333333333,17.377083333333335,0.6282,787.2104166666667,47.13333333333333,18.616666666666667,2024-06-11,0.0794486999511718,799.9379524927996,3038.875323927556,2893.2504056078087,4694.406855743221,0.1056748112323945,0.1621748112323945,R7,6775.4784902451165,163.0,163.0,5.8,17.041666666666668,792.8125,56.40833333333333,33.21439500847534,1.0,846.9215006327684,2024.0,5.8,27.4,11.599999999999998,459.19999999999993,0.9881732668967534,1.0005701999404704,0.8469215006327684,4732.894077674353,6905.87242530127,0.8502737913373909
354,2024-06-12,143.0,2024-06-12,6167.3125,0.009004914501876,111.05772572413848,2535.703703105082,0.0619661561591919,2467.968479686245,0.0704154968261718,5.086231937765709e-06,787.5500000000001,0.0626875,0.1318333333333333,0.2220625,0.120907510517322,0.028907194339461,0.0148689702020423,22.68958333333333,20.72083333333333,18.339583333333334,0.0,787.5500000000001,29.68125,21.14583333333333,2024-06-12,0.0704154968261718,798.4624490105044,3072.1770836187275,2950.634064506988,4738.625022080715,0.1047664497208587,0.1612664497208588,R7,6897.997074055312,164.0,164.0,7.0,18.78333333333333,793.2520833333333,42.45,34.10576787695443,0.891372868479088,1247.6068208669185,2024.0,7.0,30.2,13.6,472.8,0.988391567727566,0.9978933304254556,1.2476068208669184,4729.633786091096,6894.881848537271,0.881289203091953
355,2024-06-13,144.0,2024-06-13,6217.3125,0.008968711751241,111.5066762141504,2554.14696700559,0.0582104617080935,2492.00563031822,0.0662447611490885,4.618591628542313e-06,788.0520833333334,0.06,0.1296041666666666,0.220125,0.1185399880701187,0.0261464568842257,0.0134489319072321,22.83043478260869,20.789583333333333,18.5625,0.0,788.0520833333334,28.104166666666668,21.235416666666666,2024-06-13,0.0662447611490885,796.0610242147706,3094.5223492082714,2979.372209281596,4756.54265953702,0.1027149897216688,0.1592149897216688,R7,6938.119713706174,165.0,165.0,4.6,18.23333333333333,793.88125,43.575,34.96559402098513,0.859826144030696,1181.8021778352131,2024.0,4.6,30.6,12.8,485.6,0.986203569341691,0.9952880517151146,1.181802177835213,4728.424140558113,6887.343138820732,0.9031827838036489
356,2024-06-14,145.0,2024-06-14,6129.145833333333,0.0090332876136263,110.7120117797744,2547.108801032798,0.0595929610209867,2468.270096273773,0.0704129536946614,5.9258683613596e-06,788.5020833333333,0.0574791666666666,0.1283541666666666,0.2194791666666666,0.116862351802193,0.0241901868236842,0.0124426868564064,22.51458333333333,21.0625,19.085416666666667,0.0,788.5020833333333,36.579166666666666,19.372916666666665,2024-06-14,0.0704129536946614,801.3447761266843,3085.9951335931983,2950.994668860288,4731.648074259505,0.1012613166209531,0.1577613166209531,R7,6854.16054231349,166.0,166.0,12.2,17.275000000000002,794.0875,49.10833333333333,35.933262677215524,0.9676686562303956,1003.460300062734,2024.0,9.0,24.2,11.6,497.2,0.9867829958775581,0.9933692069610153,1.003460300062734,4723.104665896016,6870.102555960205,0.9162508502579545
357,2024-06-15,146.0,2024-06-15,6170.3125,0.0090039967339067,111.07948890459232,2557.9590828260166,0.0575004784616457,2459.2105546227745,0.0721651713053385,7.449596354761311e-06,786.0145833333332,0.0549166666666666,0.1239166666666666,0.2161666666666666,0.1134896715040168,0.0202573477349955,0.0104197555911846,18.784782608695654,18.572916666666668,17.8625,1.4525,786.0145833333332,66.21249999999999,14.76875,2024-06-15,0.0721651713053385,802.5531818308563,3099.1409861764923,2940.163334333821,4727.766495139128,0.098338886580242,0.154838886580242,R7,6788.652596124518,167.0,167.0,3.8,13.591666666666669,791.78125,71.36666666666666,36.76183410578695,0.8285714285714285,445.7447038553206,2024.0,3.8,25.4,10.2,507.4,0.9884678404381441,0.9927898916198383,0.4457447038553206,4724.451787135875,6861.52541735325,0.8910717698492718
358,2024-06-16,147.0,2024-06-16,6424.916666666667,0.0088224787997648,113.35367052631028,2561.752311885531,0.0566059897265833,2499.687800299905,0.0648587544759114,4.598908633534038e-06,781.2125,0.0560416666666666,0.1230625,0.2141875,0.1132618850028811,0.0199917288276753,0.0102831294083851,20.5,19.04375,17.650000000000002,0.0,781.2125,30.65,19.754166666666663,2024-06-16,0.0648587544759114,790.755285909554,3103.7367405524024,2988.5567967768843,4733.139816603423,0.0981415094039507,0.1546415094039507,R7,6898.695304867379,168.0,168.0,5.0,17.025000000000002,787.1791666666667,46.53333333333333,37.71880853403231,0.9569744282453576,1037.6818296148551,2024.0,5.0,29.0,12.0,519.4,0.9862825732217269,0.9909859139718353,1.0376818296148551,4726.317273796657,6859.838860879768,0.8883211473134208
359,2024-06-17,148.0,2024-06-17,6780.0,0.008588643072281,116.44253702325658,2594.797310873352,0.0501425323848316,2551.783357903225,0.0564905802408854,3.121580241928283e-06,776.8249999999999,0.0550833333333333,0.1231041666666666,0.2142708333333333,0.1128737195631781,0.0195390941041981,0.0100503080512946,22.51521739130435,20.55625,18.50208333333333,0.0,776.8249999999999,17.747916666666665,21.620833333333334,2024-06-17,0.0564905802408854,795.9391055006605,3143.772998926862,3050.840787897137,4791.364391514831,0.0978051637555454,0.1543051637555454,R7,7038.7057374701135,169.0,169.0,5.8,17.733333333333334,782.8354166666667,34.6,38.58525186412117,0.866443330088855,1327.381343715664,2024.0,5.8,27.8,11.8,531.1999999999999,0.9840561470163134,0.9895776101234743,1.3273813437156639,4730.209309846984,6866.87793671849,0.917411063112209
360,2024-06-18,149.0,2024-06-18,6725.125,0.0086244718468027,115.96649299911542,2609.291117784082,0.0473838276443554,2560.9993936684014,0.0550651550292968,3.4928466808573627e-06,778.6625,0.0525625,0.1213333333333333,0.21375,0.1110427587888429,0.017404034310047,0.008952099069613,22.69782608695652,20.960416666666667,19.004166666666663,0.0,778.6625,26.885416666666668,16.616666666666667,2024-06-18,0.0550651550292968,805.1549094249923,3161.333229402928,3061.85922240806,4804.644618400319,0.09621863485354,0.15271863485354,R7,7041.724763313309,170.0,170.0,5.8,15.691666666666668,784.03125,35.19166666666667,39.50544160503591,0.9201897409147376,1155.3928290728402,2024.0,5.8,21.8,8.8,539.9999999999999,0.9851277170204209,0.9892450640796914,1.1553928290728401,4737.207028751148,6882.546550963611,0.9461236316501596
361,2024-06-19,150.0,2024-06-19,6519.4375,0.008758422631857,114.18387609520488,2607.918508412108,0.0479185816470058,2552.627019309992,0.0566965738932291,4.024479978947942e-06,784.1020833333333,0.0498125,0.1176458333333333,0.2116666666666666,0.1081118110660585,0.0139862938923434,0.0071941186917048,20.50625,19.66875,18.566666666666663,0.0,784.1020833333333,31.8875,15.3875,2024-06-19,0.0566965738932291,792.8823010756106,3159.6702200173377,3051.849445870773,4780.338578710045,0.0936789664250054,0.1501789664250054,R7,6982.84633881713,171.0,171.0,3.0,13.283333333333331,789.6041666666666,51.21666666666667,40.21972731932162,0.7142857142857143,744.3152487538498,2024.0,3.0,24.6,9.8,549.7999999999998,0.9860037678627015,0.9888979535565244,0.7443152487538498,4742.860886752814,6892.662067436063,0.9430941006708543
362,2024-06-20,151.0,2024-06-20,6310.416666666667,0.0089023463796622,112.3383022050036,2563.213192247348,0.0562858499052641,2480.223835978671,0.0681902567545573,6.198670681467913e-06,786.5833333333334,0.0495208333333333,0.1153125,0.2101458333333333,0.1068491876738948,0.0125139650049362,0.0064367980711913,20.335416666666667,19.17083333333333,18.079166666666666,0.0,786.5833333333334,39.19583333333333,19.166666666666668,2024-06-20,0.0681902567545573,831.8782077683777,3105.506696231367,2965.2862256049693,4689.094123921234,0.0925849022964371,0.1490849022964371,R7,6769.868159303098,172.0,172.0,9.8,18.125,792.3916666666668,47.425,41.159195923606006,0.9394686042843832,1093.7004662899742,2024.0,9.8,27.0,13.4,563.1999999999998,1.0008059570124932,0.9910811570767302,1.0937004662899743,4738.508188219716,6881.560011124017,0.9464723955659453
363,2024-06-21,152.0,2024-06-21,5670.333333333333,0.0093915021345596,106.48811693696985,2400.706254794696,0.0937055759843239,2284.799729137653,0.1093432108561198,9.395929592140374e-06,789.6166666666667,0.0514375,0.1119791666666666,0.2086458333333333,0.1062140334788204,0.0117733198726109,0.0060558330327476,17.048936170212766,17.341666666666665,17.383333333333333,6.6482,789.6166666666667,81.69166666666666,13.470833333333331,2024-06-21,0.1093432108561198,874.5471926237753,2908.6185154239074,2731.6426311194077,4387.408858793672,0.0920345407038566,0.1485345407038567,R7,6229.5380957097705,173.0,173.0,9.8,13.983333333333334,795.0833333333334,80.09166666666667,42.159195923606006,1.0,317.911532299928,2024.0,9.8,21.4,10.6,573.7999999999998,1.0293864622736655,0.9970878149620132,0.317911532299928,4712.716074092999,6832.489517142256,0.8923242551926368
364,2024-06-22,153.0,2024-06-22,5398.75,0.0096279496190054,103.89524953388312,2275.8403712634667,0.1320511000829872,2173.037384888424,0.1422665913899739,8.76144746999222e-06,790.0833333333334,0.0919166666666666,0.1117916666666666,0.2073749999999999,0.1236378693612841,0.0320910306471857,0.0165066375118412,16.178260869565218,16.568749999999998,16.429166666666667,14.7717,790.0833333333334,76.76666666666667,13.945833333333333,2024-06-22,0.1422665913899739,875.6671363159592,2757.3350253849485,2598.022699266447,4269.838331010288,0.1071323077334995,0.1636323077334995,R7,6100.502264235744,174.0,174.0,7.0,16.08421052631579,795.6210526315789,70.92631578947368,43.159195923606006,1.0,531.4931074319111,2024.0,4.6,25.8,10.4,584.1999999999998,1.06348293972137,1.0030021630717714,0.5314931074319111,4681.4265641065485,6783.881108340591,0.8941279957499205
365,2024-06-23,263.0,,,,,,,,,,,,,,,,,,,,,,,,,,849.9328229326933,,,,,,R7,,175.0,175.0,4.6,14.225,796.6062499999999,73.925,44.10205306646315,0.9428571428571428,422.96163906316366,2024.0,4.6,27.0,11.0,595.1999999999998,1.0709190695027464,1.007591591722632,0.42296163906316364,,,0.8763148907256111
366,2024-06-24,154.0,2024-06-24,5555.375,0.0094884532139271,105.40209573201469,2292.3910825503267,0.1253704176361078,2205.5491295141087,0.1311353047688802,7.294895676059391e-06,788.5208333333334,0.0994166666666666,0.1243124999999999,0.2106875,0.1319741530080793,0.0418118637182128,0.0215067345663942,19.882608695652173,19.125,17.245833333333334,0.0,788.5208333333334,45.14791666666667,19.90833333333333,2024-06-24,0.1311353047688802,836.0344498872087,2777.3873350735043,2636.892831514365,4351.566373862614,0.1143557038468093,0.1708557038468093,R7,6272.398220428956,176.0,176.0,7.0,17.591666666666665,794.15,60.075,45.10205306646315,1.0,803.1268704762016,2024.0,7.0,29.0,13.0,608.1999999999998,1.0550568785549217,1.0106506921630407,0.8031268704762016,,,0.8685357407122387
367,2024-06-25,155.0,2024-06-25,5699.333333333333,0.0093670490148911,106.76209603477838,2335.5991482050545,0.1120039496917115,2252.4773942945963,0.1178550720214843,6.834854488401586e-06,788.75625,0.0933125,0.1275,0.2129375,0.1308827619009452,0.0405392065945876,0.0208521189497285,20.30444444444445,19.75208333333333,17.95,0.0,788.75625,42.74791666666667,20.025,2024-06-25,0.1178550720214843,819.8259380081071,2829.736838278236,2692.9989519082174,4426.921378174732,0.1134100126233102,0.1699100126233103,R7,6395.695380784672,177.0,177.0,7.8,18.316666666666663,794.3874999999999,54.61666666666667,46.08470271583378,0.982649649370628,955.5211220139904,2024.0,7.8,28.6,13.2,621.3999999999999,1.0320576401892398,1.0124059573487327,0.9555211220139904,,,0.8762928565251832
368,2024-06-26,156.0,2024-06-26,5709.5625,0.0093586637359622,106.85783390150895,2385.0312168129926,0.0977775163865725,2291.443510835126,0.1075325012207031,7.561728002227268e-06,789.1083333333332,0.08775,0.1283125,0.2142291666666666,0.129001031420231,0.0383449448992435,0.0197234583339517,20.5531914893617,20.17708333333333,18.56458333333333,0.0036,789.1083333333332,44.69791666666666,20.39583333333333,2024-06-26,0.1075325012207031,815.6578685958257,2889.627143358917,2739.5857506345337,4508.812722733972,0.1117794917321559,0.1682794917321559,R7,6488.186058096638,178.0,178.0,8.2,17.541666666666668,794.6416666666668,61.333333333333336,47.08470271583378,1.0,775.3646076287912,2024.0,8.2,25.8,12.0,633.3999999999999,1.0179408613833731,1.0139235832203046,0.7753646076287912,,,0.8425612698653169
369,2024-06-27,157.0,2024-06-27,5782.645833333333,0.0093010566780851,107.53286282446324,2409.006552450314,0.0916459090651613,2294.211343244129,0.1072362263997395,9.279982494454289e-06,786.11875,0.0844166666666666,0.1275,0.2136875,0.1271406723216109,0.0361756040975056,0.0186076162580889,21.652083333333334,20.32708333333333,18.539583333333333,0.6393,786.11875,59.39791666666667,18.99375,2024-06-27,0.1072362263997395,812.9201776052643,2918.674889208264,2742.894893623219,4542.265687217555,0.1101674891598227,0.1666674891598227,R7,6476.83047160812,179.0,179.0,9.8,16.658333333333335,791.75625,73.44166666666666,48.08470271583378,1.0,503.5909281203419,2024.0,9.8,26.2,13.0,646.3999999999999,1.0084208175094764,1.0154115310561376,0.5035909281203419,,,0.7941176091713976
370,2024-06-28,158.0,2024-06-28,5956.208333333333,0.0091633226294454,109.13958679699904,2387.780841878947,0.097223143686911,2278.2662084447634,0.1110445658365885,8.902950396346476e-06,784.4895833333334,0.0807916666666666,0.1253541666666666,0.2133333333333333,0.1247313088772918,0.0333660763940349,0.0171624817627051,19.01458333333333,19.129166666666663,18.41875,3.0709,784.4895833333334,63.41458333333333,17.060416666666665,2024-06-28,0.1110445658365885,811.4879322852499,2892.958500688176,2723.831336576435,4486.877730350186,0.1080797739048439,0.1645797739048439,R7,6407.127424955175,180.0,180.0,8.6,16.650000000000002,790.1458333333334,67.24166666666666,49.08470271583378,1.0,620.8245784859563,2024.0,8.6,27.0,12.8,659.1999999999998,1.0049866544376669,1.016306741325899,0.6208245784859563,,,0.7667864862016277
371,2024-06-29,159.0,2024-06-29,5843.083333333333,0.0092523164769869,108.09536338848989,2453.88798831064,0.0804383151497272,2353.8054951303457,0.0931968688964843,7.879350953200034e-06,788.2062500000001,0.0799791666666666,0.1246041666666666,0.2119166666666666,0.1238104328617435,0.0322922547241475,0.0166101409777654,19.94255319148936,19.38958333333333,18.225,1.5008,788.2062500000001,50.66666666666666,19.3875,2024-06-29,0.0931968688964843,814.6395697208596,2973.0517939551214,2814.143994269444,4605.024767581327,0.10728183413775,0.1637818341377501,R7,6610.037332663297,181.0,181.0,12.6,20.118367346938776,793.8775510204082,51.99183673469388,50.01257220454708,0.9278694887132968,1130.8176361174503,2024.0,12.6,29.0,15.8,674.9999999999998,1.004567249065602,1.0173734564976173,1.1308176361174502,,,0.8157202670774941
372,2024-06-30,160.0,2024-06-30,5804.645833333333,0.0092823077707458,107.7415494143221,2471.7130378585102,0.076318755555549,2356.6733246993736,0.0926221211751302,9.041639718924804e-06,790.5583333333334,0.077375,0.1237291666666666,0.2113541666666666,0.1222439210545511,0.030465565467075,0.0156705483001486,20.091666666666665,19.5,18.4125,0.7497,790.5583333333334,55.59166666666667,19.710416666666667,2024-06-30,0.0926221211751302,826.229772722112,2994.648050910647,2817.5726910648946,4628.015921602604,0.1059244504666849,0.1624244504666849,R7,6601.513408616421,182.0,182.0,12.2,20.058333333333334,796.0645833333333,55.16666666666666,50.96503441259724,0.9524622080501608,1052.1209342394852,2024.0,12.2,28.2,15.2,690.1999999999998,1.0100490538964282,1.0205043483435736,1.0521209342394853,,,0.8167516316935391
373,2024-07-01,161.0,2024-07-01,5575.479166666667,0.0094715655051521,105.59179326691876,2324.3424491285004,0.1155167938823625,2191.822823268241,0.1353721618652343,1.119746896152173e-05,788.0479166666668,0.0777916666666666,0.1237916666666666,0.2113749999999999,0.1224528629128775,0.0307092098789493,0.0157958714794759,19.993617021276595,19.46875,18.416666666666668,5.7854,788.0479166666668,79.49583333333334,17.114583333333332,2024-07-01,0.1353721618652343,857.9912591504599,2816.0985835807987,2620.4820438068728,4353.395827208966,0.106105498745665,0.162605498745665,R7,6141.90371608154,183.0,183.0,13.4,16.458333333333332,793.7916666666666,83.61666666666666,51.96503441259724,1.0,306.7296477440478,2024.0,11.8,24.2,13.0,703.1999999999998,1.0292023158567791,1.0259809203631416,0.30672964774404776,,,0.743847939124138
374,2024-07-02,162.0,2024-07-02,5599.395833333333,0.0094535193826161,105.8097714320692,2282.7875885695,0.1290057267850094,2179.233895771298,0.1400477091471354,8.83029765815471e-06,786.7520833333333,0.0860833333333333,0.12575,0.2121458333333333,0.1269347266352294,0.035935453483175,0.018484090180582,20.17708333333333,19.535416666666663,18.447916666666668,15.154799,786.7520833333333,69.39166666666667,16.3,2024-07-02,0.1400477091471354,860.5965023695717,2765.7520505193834,2605.43107430956,4303.0251032958895,0.1099890370661091,0.1664890370661091,R7,6150.143068932609,184.0,184.0,9.8,16.21818181818182,792.2318181818181,71.19090909090909,52.96503441259724,1.0,531.1767192011752,2024.0,9.8,23.4,11.6,714.7999999999998,1.0481305351746424,1.0308740603878077,0.5311767192011752,,,0.6992610741333048
375,2024-07-03,163.0,2024-07-03,5896.666666666667,0.0092097558509252,108.5915497675372,2394.432407728266,0.0954821639731781,2319.633397991551,0.101111094156901,5.9865530039673534e-06,787.5041666666666,0.0885625,0.1266458333333333,0.2125416666666666,0.1284177347926881,0.0376647702090004,0.0193735974279557,20.163829787234043,19.660416666666663,18.495833333333334,0.0,787.5041666666666,45.27291666666667,17.618750000000002,2024-07-03,0.101111094156901,846.318550553583,2901.017324022872,2773.288791010856,4522.8947869731865,0.1112740647612395,0.1677740647612395,R7,6556.828799591465,185.0,185.0,5.0,15.716666666666669,793.1125000000001,59.125,53.96503441259724,1.0,729.8803965888758,2024.0,5.0,26.6,10.8,725.5999999999998,1.0564044727659183,1.0355902136799773,0.7298803965888758,,,0.6982300132643781
376,2024-07-04,164.0,2024-07-04,6049.4375,0.0090928120949974,109.98891920369616,2472.378033200815,0.0760423729166637,2422.1039289642017,0.0790799458821614,3.849533827127718e-06,789.1354166666666,0.085,0.1262291666666666,0.2125,0.126701374642893,0.0356633447281946,0.0183441258200838,20.680434782608696,19.902083333333334,18.6,0.0,789.1354166666666,27.13958333333333,18.210416666666667,2024-07-04,0.0790799458821614,826.7766969332296,2995.453737887733,2895.799690880396,4658.864947482481,0.1097868373874641,0.1662868373874641,R7,6832.6257992529045,186.0,186.0,4.2,15.866666666666667,794.7541666666666,44.43333333333334,54.82257505295135,0.8575406403541084,1001.7886542045118,2024.0,4.2,25.0,10.0,735.5999999999998,1.0435481734981868,1.035139966752933,1.0017886542045118,,,0.6916648838297021
377,2024-07-05,165.0,2024-07-05,6082.5625,0.009068251683685,110.28870983656104,2516.1122629280394,0.066308385995511,2468.324946014807,0.070569356282552,3.593556224364644e-06,790.9395833333333,0.0799583333333333,0.1250833333333333,0.2121875,0.1240253721414386,0.0325428926518919,0.0167390614062016,20.995555555555555,20.25,18.822916666666668,0.0,790.9395833333333,28.010416666666668,16.789583333333333,2024-07-05,0.070569356282552,814.3522659358483,3048.4407245664875,2951.0602456760603,4723.25220191323,0.1074680791869026,0.1639680791869026,R7,6934.144256876704,187.0,187.0,3.4,14.358333333333334,796.6437500000001,46.75,55.59400362437992,0.7714285714285715,871.2550740277532,2024.0,3.4,24.2,9.6,745.1999999999998,1.0245016227613162,1.0298273090637329,0.8712550740277532,,,0.7311894225245468
378,2024-07-06,166.0,2024-07-06,6242.0,0.0089507701875885,111.72861829248274,2532.190877391748,0.0627468187471523,2480.4468278502336,0.0682601928710937,3.865638801291386e-06,788.775,0.0737083333333333,0.1240208333333333,0.211875,0.1208479910831267,0.0288377894932719,0.0148332704873711,21.817391304347822,20.610416666666666,19.072916666666668,0.0,788.775,28.620833333333334,17.541666666666668,2024-07-06,0.0682601928710937,814.4910107969323,3067.9210569220613,2965.552828447654,4731.649806944346,0.1047148760859096,0.1612148760859096,R7,6932.201223864003,188.0,188.0,3.8,14.9,794.3791666666666,45.59166666666667,56.41690614009652,0.822902515716596,921.8937324048702,2024.0,3.8,26.2,10.6,755.7999999999998,1.0113928572684827,1.0244280531543584,0.9218937324048702,,,0.7590751814511867
379,2024-07-07,167.0,2024-07-07,6384.083333333333,0.0088505116144362,112.99347857542456,2559.828930447001,0.0571287664387317,2506.114700209488,0.0639139811197916,3.968337649490284e-06,786.6999999999999,0.068125,0.1234583333333333,0.2118125,0.1181899488097388,0.0257382806077663,0.013238978605622,22.52391304347826,21.120833333333334,19.40833333333333,0.0,786.6999999999999,27.047916666666666,18.78333333333333,2024-07-07,0.0639139811197916,809.148069487636,3101.406433438336,2996.2406184944143,4764.658798632289,0.1024116804366127,0.1589116804366127,R7,6973.83139404273,189.0,189.0,4.2,16.116666666666667,792.2937499999999,43.8,57.26677198633942,0.8498658462428957,1029.5169426063126,2024.0,4.2,25.8,10.4,766.1999999999998,1.0041321784691886,1.020828490102885,1.0295169426063127,4543.373289569527,6555.247611128231,0.8024005602756974
380,2024-07-08,168.0,2024-07-08,6285.395833333333,0.0089200374737464,112.1154139825618,2557.7869851538107,0.0573997676612907,2493.92919109237,0.065863291422526,4.744185948507539e-06,788.3708333333334,0.063875,0.1231875,0.2116875,0.1162044458233055,0.0234230111290743,0.0120480753140709,23.384444444444444,21.710416666666664,19.7625,0.0,788.3708333333334,31.947916666666668,18.866666666666667,2024-07-08,0.065863291422526,803.1330220906456,3098.932478169801,2981.6719647250197,4746.820970883069,0.1006912405904132,0.1571912405904132,R7,6917.043618993354,190.0,190.0,5.0,15.583333333333334,793.9645833333334,47.61666666666667,58.25820208956871,0.9914301032292916,927.4236696662664,2024.0,5.0,26.2,10.6,776.7999999999998,0.9995113237723391,1.0179246901817507,0.9274236696662664,4571.605760785274,6601.293711025689,0.8112789030749877
381,2024-07-09,169.0,2024-07-09,6275.375,0.0089270552211357,112.0264211786127,2561.216030271852,0.056700975195095,2498.593187931333,0.0650787353515625,4.644652317533867e-06,789.0916666666667,0.0599375,0.12275,0.2121875,0.1144328816950025,0.0213572129994157,0.0109854923988069,23.60434782608696,22.172916666666666,20.26458333333333,0.0,789.0916666666667,31.016666666666666,19.279166666666665,2024-07-09,0.0650787353515625,799.3906185287286,3103.086998990763,2987.248108854521,4740.54964881084,0.0991561789273204,0.1556561789273204,R7,6909.19907395036,191.0,191.0,5.0,16.383333333333333,794.8083333333334,48.65,59.24045265600282,0.9822505664341128,956.7981874108392,2024.0,5.0,28.2,11.6,788.3999999999999,0.9932919457554659,1.0161211186328354,0.9567981874108392,4594.007780116424,6637.972546251809,0.8113701220319055
382,2024-07-10,170.0,2024-07-10,6210.404255319149,0.0089737192513004,111.44462421056868,2575.904936231607,0.0537725061715871,2504.573288156252,0.0640395144198803,5.275256078016055e-06,790.75,0.0560416666666666,0.120375,0.2105,0.1115384773703257,0.017982085367925,0.0092494307253217,23.289130434782606,21.725,20.035416666666663,0.0,790.75,35.78333333333333,18.85,2024-07-10,0.0640395144198803,799.722170794661,3120.8836052021784,2994.397749369806,4746.781961213338,0.0966481753810093,0.1531481753810094,R7,6892.299465456031,192.0,192.0,5.8,16.641666666666666,796.5208333333334,50.43333333333334,60.22830485873267,0.9878522027298504,938.872951264479,2024.0,5.8,27.8,11.8,800.1999999999998,0.989409713686316,1.0147146727392298,0.938872951264479,4611.005582864951,6666.837789634622,0.8230492894344545
383,2024-07-11,171.0,2024-07-11,6223.333333333333,0.0089642446595009,111.5611936838506,2611.616712439711,0.0471816751215867,2536.395924032718,0.0590591430664062,5.491746978100931e-06,790.7354166666668,0.053875,0.1192916666666666,0.21075,0.1102666820556208,0.0164990612196867,0.0084866087921339,23.038297872340426,21.8375,20.316666666666663,0.0,790.7354166666668,34.358333333333334,20.216666666666665,2024-07-11,0.0590591430664062,809.0535116706334,3164.150845119646,3032.4440024773176,4803.176955886349,0.0955461637745909,0.1520461637745909,R7,6964.891529584892,193.0,193.0,6.2,17.724999999999998,796.4083333333333,50.61666666666667,61.196500076439534,0.9681952177068603,1001.7753033380468,2024.0,6.2,29.8,13.0,813.1999999999998,0.9918481776738004,1.014373410216963,1.0017753033380468,4629.642102055578,6701.6992937758205,0.8586338876642906
384,2024-07-12,172.0,2024-07-12,6289.1875,0.0089172234940969,112.14974370493634,2600.307083863329,0.0490974219456391,2528.941064882593,0.0601056416829427,5.231668342740318e-06,790.1541666666667,0.053625,0.1190416666666666,0.2105416666666666,0.1100256477526729,0.016217994221175,0.0083420365871467,24.195348837209306,22.679166666666664,20.55625,0.0,790.1541666666667,29.183333333333334,22.808333333333334,2024-07-12,0.0601056416829427,799.8770754301158,3150.448462741904,3023.531181452449,4780.595051151762,0.0953373073679644,0.1518373073679644,R7,6940.935127002643,194.0,194.0,7.8,19.875,795.8937500000001,46.39166666666667,62.089047931150326,0.8925478547107891,1243.8468649254748,2024.0,7.8,32.6,15.2,828.3999999999999,0.992048534015868,1.0133486642567358,1.2438468649254748,4650.621910684263,6739.828415350639,0.9031354795528277
385,2024-07-13,173.0,2024-07-13,6281.520833333333,0.0089233212408281,112.07862135458276,2616.0368291394275,0.0463235338636394,2555.39016964822,0.0560938517252604,4.397616153698957e-06,791.3625000000001,0.052375,0.11925,0.2122499999999999,0.1099168327165601,0.0160911064080333,0.0082767694051971,25.041463414634148,24.125,21.51875,0.0,791.3625000000001,22.78333333333333,23.65833333333333,2024-07-13,0.0560938517252604,798.4476425487404,3169.50611640594,3055.1529911066364,4808.703982049335,0.0952430190565022,0.1517430190565022,R7,7033.520105935312,195.0,195.0,7.4,20.675,797.15625,37.88333333333333,62.89708764928084,0.8080397181305184,1514.272901982341,2024.0,7.4,33.0,15.2,843.5999999999999,0.9915235958014315,1.0119196041826217,1.5142729019823409,4665.170426003406,6770.077184870069,0.9305251414003199
386,2024-07-14,174.0,2024-07-14,6207.958333333333,0.0089756266015834,111.42210319546554,2600.698655398852,0.0491505273465348,2526.733577874229,0.0605367024739583,5.421885667383635e-06,792.0395833333333,0.050375,0.1175,0.212875,0.108568177997677,0.0145184574977776,0.0074678472555665,26.09777777777778,24.547916666666666,22.13958333333333,0.0,792.0395833333333,28.008333333333336,23.225,2024-07-14,0.0605367024739583,795.3924368894676,3150.9228782252903,3020.8919717472004,4770.503022230739,0.0940744087179705,0.1505744087179705,R7,6917.625724315286,196.0,196.0,9.0,20.78333333333333,797.7104166666667,41.85,63.732381916231375,0.8352942669505306,1427.058345758302,2024.0,9.0,30.2,14.6,858.1999999999999,0.98589702751951,1.0091979759933378,1.4270583457583021,4675.348076048273,6792.656635991416,0.9573063850802354
387,2024-07-15,175.0,2024-07-15,6171.604166666667,0.0090018319198397,111.09614641853943,2581.711608253148,0.0527331931146341,2484.129436366558,0.0675900777180989,7.276331943285639e-06,791.0416666666666,0.0489583333333333,0.1137083333333333,0.2115416666666666,0.1063476322402138,0.0119291076688312,0.0061359654756489,24.35531914893617,23.227083333333336,21.679166666666664,0.0038,791.0416666666666,42.275,21.016666666666666,2024-07-15,0.0675900777180989,804.6084025825986,3127.9187823385387,2969.955652156282,4719.200914290703,0.0921503041321036,0.1486503041321036,R7,6774.317536011003,197.0,197.0,9.8,19.40833333333333,796.6583333333333,53.96666666666667,64.6893847908225,0.9570028745911322,1037.590801308377,2024.0,9.8,28.6,14.200000000000005,872.4,0.9878457127960344,1.0044865350294332,1.037590801308377,4701.477010839825,6837.8290517006635,1.0095107531919731
388,2024-07-16,176.0,2024-07-16,6120.6875,0.0090399599538301,110.63382569416258,2560.588509686301,0.0569556702038115,2443.087666002731,0.0750694274902343,8.916952129740761e-06,790.0666666666666,0.0485833333333333,0.1097916666666666,0.2094583333333333,0.1043795317976271,0.0096341310725448,0.0049555002176289,21.808333333333334,21.55,20.879166666666663,3.2161,790.0666666666666,61.40833333333333,18.508333333333333,2024-07-16,0.0750694274902343,813.9342842750666,3102.3267152241438,2920.887259792302,4665.984694757895,0.0904449436033685,0.1469449436033685,R7,6639.692126802634,198.0,198.0,9.4,17.77446808510638,795.6553191489362,65.53191489361703,65.6893847908225,1.0,701.3915829535408,2024.0,9.4,27.4,13.4,885.8,0.994224174851667,1.00036824125627,0.7013915829535409,4727.402695944254,6872.796841548523,1.0216689577457136
389,2024-07-17,177.0,2024-07-17,6167.145833333333,0.009005449837993,111.054500103646,2587.809480899995,0.0515132299556339,2487.335378877241,0.0670255025227864,7.485194830599059e-06,791.75,0.0510416666666666,0.1080833333333333,0.207875,0.1045264197363744,0.0098054152074433,0.0050436034997385,21.38478260869565,20.935416666666665,20.241666666666667,2.3225,791.75,58.88333333333333,17.016666666666666,2024-07-17,0.0670255025227864,801.7895660089936,3135.306768790397,2973.788587324918,4716.693260190255,0.0905722221138889,0.1470722221138889,R7,6761.274990356079,199.0,199.0,6.2,15.991666666666667,797.2125,65.5,66.6893847908225,1.0,626.9750799583616,2024.0,6.2,29.0,12.6,898.4,0.9968589517177524,0.9964382214830165,0.6269750799583615,4741.245444031188,6887.400140888852,1.014318577986391
390,2024-07-18,178.0,2024-07-18,6258.791666666667,0.0089388254489271,111.87851440423088,2584.550563452949,0.0520916460707684,2498.821729140444,0.0650444030761718,6.358485412536714e-06,791.3291666666668,0.0514583333333333,0.1100416666666666,0.2089166666666666,0.1056110277876185,0.0110701626968944,0.0056941506442631,24.47446808510638,22.954166666666666,21.010416666666668,0.0,791.3291666666668,38.11666666666667,21.075,2024-07-18,0.0650444030761718,794.9711824621054,3131.358369185996,2987.521346329917,4718.886855167224,0.091512035814306,0.148012035814306,R7,6805.442844679572,200.0,200.0,7.8,18.566666666666663,796.8375,53.51666666666667,67.65996833755167,0.970583546729174,994.132650466643,2024.0,7.8,29.0,13.4,911.8,0.9928896829797891,0.9936311442040624,0.994132650466643,4745.532723151527,6885.458501276472,1.0137717205765433
391,2024-07-19,179.0,2024-07-19,6233.708333333333,0.0089566265559356,111.65477865763876,2590.451866841788,0.0509313035964786,2494.689458208724,0.0656878153483073,7.110744994366335e-06,791.8395833333334,0.049625,0.1091666666666666,0.209125,0.1045486213493618,0.0098313042226091,0.005056920011557,24.6875,23.06041666666667,21.352083333333336,0.0685,791.8395833333334,42.15,20.53333333333333,2024-07-19,0.0656878153483073,791.6190979502315,3138.508198644569,2982.580918818276,4721.676657438179,0.0905914598284098,0.1470914598284098,R7,6780.929214382961,201.0,201.0,11.4,17.966666666666665,797.38125,64.34166666666667,68.65996833755167,1.0,734.4430269793927,2024.0,11.4,27.0,14.2,926.0,0.9836987575517557,0.9916247701399356,0.7344430269793927,4745.420184260452,6874.514569669775,1.0039994315016605
392,2024-07-20,180.0,2024-07-20,6188.479166666667,0.0089893941682899,111.2485779777096,2582.023777271181,0.052568792551366,2487.5375597167795,0.0669263203938802,7.0375021244157446e-06,791.8166666666666,0.0482499999999999,0.107375,0.2087916666666666,0.1032535864976127,0.0083211807493207,0.0042801590204331,23.53695652173913,22.522916666666664,21.235416666666666,0.7928,791.8166666666666,45.51666666666667,19.591666666666665,2024-07-20,0.0669263203938802,786.2605527153877,3128.2969962845305,2974.030309079974,4696.566542849714,0.0894693111454866,0.1459693111454866,R7,6746.139861468151,202.0,202.0,8.2,17.541666666666668,797.2020833333332,59.49166666666667,69.65996833755167,1.0,812.2946891559386,2024.0,8.2,27.4,12.799999999999995,938.8,0.9773028439763612,0.9891332186347048,0.8122946891559386,4742.9142368251205,6861.224472355786,0.9961709284124511
393,2024-07-21,181.0,2024-07-21,6298.645833333333,0.008910620367407,112.23364092618672,2588.638331066191,0.0513004192538611,2509.9378936434496,0.0631802876790364,5.81317881940406e-06,790.6979166666666,0.0482499999999999,0.1067083333333333,0.2086666666666666,0.1029960057615718,0.0080208191681348,0.0041256622765414,24.98958333333333,23.09375,21.37291666666667,0.0,790.6979166666666,34.141666666666666,21.141666666666666,2024-07-21,0.0631802876790364,788.2361234796482,3136.3109770041656,3000.811521597229,4706.64809374022,0.0892461172420142,0.1457461172420142,R7,6803.746522729701,203.0,203.0,9.8,17.366666666666667,796.0979166666666,54.50833333333333,70.65928145252323,0.9993131149715538,902.1980320910276,2024.0,9.8,27.0,13.4,952.2,0.9745288843974409,0.987287581188688,0.9021980320910276,4738.770615047116,6849.075552976284,0.9870767205185021
394,2024-07-22,182.0,2024-07-22,6365.541666666667,0.0088635286893848,112.82869644077712,2604.869782746433,0.0482899931778418,2524.5145447768978,0.0608355204264322,5.89591594819875e-06,790.4229166666668,0.0465,0.1049583333333333,0.2087916666666666,0.1016494621289184,0.0064506319683614,0.0033180063549431,23.527659574468085,22.66875,21.45833333333333,0.0,790.4229166666668,41.79166666666666,17.958333333333332,2024-07-22,0.0608355204264322,787.7406357739306,3155.9764820175637,3018.238957861024,4725.868743932349,0.0880793361613045,0.1445793361613045,R7,6826.909864933237,204.0,204.0,5.8,16.025000000000002,795.8833333333333,55.90833333333333,71.65928145252323,1.0,802.9940005669048,2024.0,5.8,26.6,11.2,963.4,0.97293146745819,0.9859290866440464,0.8029940005669048,4737.274027407779,6842.637427686275,0.9781888870114049
395,2024-07-23,183.0,2024-07-23,6331.958333333333,0.0088873476219262,112.52920806512782,2607.781380859819,0.0477001557840156,2532.400120616413,0.0595436096191406,5.515072252645026e-06,790.6166666666667,0.0462916666666666,0.1036666666666666,0.2079583333333333,0.1009317824168656,0.0056137548928063,0.0028875425695935,24.05208333333333,22.48958333333333,21.166666666666668,0.0,790.6166666666667,36.25,19.441666666666663,2024-07-23,0.0595436096191406,792.21584695907,3159.504080683645,3027.666731708964,4725.636770374735,0.0874574661455648,0.1439574661455648,R7,6838.957588420052,205.0,205.0,5.8,17.183333333333334,796.0812500000001,51.225,72.64173013918341,0.9824486866601808,956.1642026874216,2024.0,5.8,28.2,12.0,975.4,0.9753842663951527,0.9852958587717805,0.9561642026874216,4736.2088218051995,6837.620178719825,0.9781436023883037
396,2024-07-24,184.0,2024-07-24,6226.333333333333,0.0089624241081995,111.5866654056702,2638.211853078728,0.0422746385669012,2568.110075897709,0.0541305541992187,5.055130899335129e-06,792.4770833333333,0.0461666666666666,0.1034583333333333,0.2080833333333333,0.100831741143568,0.0054970980515634,0.0028275378843952,24.91063829787234,23.229166666666668,21.472916666666663,0.0,792.4770833333333,29.508333333333336,21.10833333333333,2024-07-24,0.0541305541992187,794.7231165807898,3196.372662482121,3070.3605551359183,4780.001777443409,0.0873707803062476,0.1438707803062476,R7,6934.358955056726,206.0,206.0,7.8,17.98333333333333,797.9833333333332,47.50833333333333,73.58476529877508,0.9430351595916776,1082.287489306632,2024.0,7.8,29.8,13.8,989.2,0.9780560554170711,0.9848546544167069,1.082287489306632,4738.581665821634,6840.624427977018,0.9883874979627433
397,2024-07-25,185.0,2024-07-25,6145.645833333333,0.0090207399025511,110.86260327111628,2595.7681527254776,0.0500823552956578,2512.7535956195684,0.0628153483072916,6.118960127944941e-06,792.7104166666667,0.04575,0.1033333333333333,0.2086666666666666,0.1007311753007898,0.0053798295166007,0.0027672185627923,25.79148936170213,24.05,22.06041666666667,0.0,792.7104166666667,34.858333333333334,21.825,2024-07-25,0.0628153483072916,782.6916849816251,3144.949239702258,3004.177896101044,4702.330097742994,0.0872836399270769,0.143783639927077,R7,6783.362247152358,207.0,207.0,7.8,19.15833333333333,798.2458333333334,50.19166666666666,74.5205955953427,0.935830296567619,1105.3430509836194,2024.0,7.8,30.6,14.2,1003.4,0.9759765509241939,0.9825280237691308,1.1053430509836193,4731.378318811394,6827.658050660408,0.9957851942231413
398,2024-07-26,186.0,2024-07-26,6230.020833333333,0.0089595232827421,111.62073481551552,2592.747459220705,0.0504974399479812,2491.046441655644,0.0663070678710937,7.564710701406546e-06,789.7958333333332,0.04525,0.1015416666666666,0.2085416666666666,0.0998649170122955,0.0043696968752906,0.0022476374520359,24.995652173913044,23.65416666666667,22.025,0.3216,789.7958333333332,42.85,21.025,2024-07-26,0.0663070678710937,807.0304450138342,3141.2894645673978,2978.225430153182,4690.213545703342,0.0865330264619704,0.1430330264619704,R7,6714.191645991344,208.0,208.0,12.2,18.891666666666666,795.2395833333334,54.975,75.494748936089,0.974153340746301,982.7093096118368,2024.0,12.2,27.0,14.6,1018.0,0.9820782192672491,0.9831593627542193,0.9827093096118368,4724.9224969936495,6811.46208773103,0.9771325117007386
399,2024-07-27,187.0,2024-07-27,6057.333333333333,0.0090891315191857,110.05150234898252,2494.9090445221764,0.0717477865279052,2369.4879834468343,0.0907007853190104,9.821095062924536e-06,786.5291666666667,0.0462916666666666,0.0999583333333333,0.208125,0.0996844674304045,0.0041592769402668,0.0021394039200285,23.041666666666668,22.839583333333334,21.86875,8.390699,786.5291666666667,67.70833333333333,18.091666666666665,2024-07-27,0.0907007853190104,856.6560686655529,3022.751586830999,2832.893538529728,4511.891641212323,0.0863766667621681,0.1428766667621681,R7,6383.782613899821,209.0,209.0,11.4,17.866666666666667,792.1125000000001,70.31666666666666,76.494748936089,1.0,607.5433402798087,2024.0,11.4,27.8,14.6,1032.6,1.0075864599721684,0.9882966967390076,0.6075433402798087,4703.721615505291,6765.052266871352,0.9123661144362719
400,2024-07-28,188.0,2024-07-28,6294.625,0.0089132017322398,112.1989317333014,2508.6053702664617,0.0677315218988839,2431.073441002882,0.0772743225097656,5.922459984660146e-06,784.6687499999999,0.0515,0.0980833333333333,0.2055416666666666,0.100765201688089,0.0054195072489044,0.002787627565907,20.62391304347826,20.6625,20.529166666666665,3.4571998,784.6687499999999,39.375,20.266666666666666,2024-07-28,0.0772743225097656,836.1250728184979,3039.3456147648794,2906.5233885212588,4544.683548670015,0.0873131238175227,0.1438131238175227,R7,6562.96276695747,210.0,210.0,7.8,19.0,790.3125,50.1,77.43334291464559,0.9385939785566008,1096.4992686188775,2024.0,7.8,28.2,13.0,1045.6,1.0295939967154009,0.9918916600253931,1.0964992686188775,4687.591653108097,6739.719198488651,0.8887547517834558
401,2024-07-29,189.0,2024-07-29,6414.041666666667,0.008830126572256,113.25698225298464,2588.2268519187733,0.0514011777767,2536.878971841325,0.0588277180989583,3.750055342592063e-06,787.5104166666666,0.0555833333333333,0.1003749999999999,0.2057083333333333,0.1033857972028935,0.0084753499511727,0.0043594589082565,22.36,21.78333333333333,20.675,0.0,787.5104166666666,24.416666666666668,20.425,2024-07-29,0.0588277180989583,818.5947425559538,3135.81244209824,3033.021520922384,4708.849542077458,0.0895838718220575,0.1460838718220575,R7,6882.237595696194,211.0,211.0,5.0,17.591666666666665,793.1541666666667,44.39166666666667,78.36502695720667,0.931684042561072,1118.6110638045693,2024.0,5.0,29.4,12.2,1057.8,1.0343569682088953,0.9931260603426896,1.1186110638045692,4686.852269378579,6747.42777418045,0.8945419133903268
402,2024-07-30,190.0,2024-07-30,6449.645833333333,0.0088056894369872,113.57100280506675,2633.9444399396502,0.0429709128779362,2585.291184046961,0.0515594482421875,3.487540715848052e-06,787.4812499999999,0.0528333333333333,0.1024166666666666,0.2062083333333333,0.102993160270568,0.0080175010776973,0.0041239555530433,23.71521739130435,22.558333333333334,21.1,0.0,787.4812499999999,21.3,20.916666666666668,2024-07-30,0.0515594482421875,799.5106363753653,3191.202401920466,3090.9018073392717,4789.001483771895,0.0892436516218976,0.1457436516218976,R7,7008.302254073578,212.0,212.0,4.6,17.7,793.1979166666666,40.708333333333336,79.21923215845952,0.8542052012528519,1200.8793169600174,2024.0,4.6,29.8,12.4,1070.2,1.0108205567675392,0.9918530642924089,1.2008793169600174,4695.63918287958,6773.757068985518,0.9302196086765037
403,2024-07-31,191.0,2024-07-31,6333.5625,0.0088858994425224,112.54483561594368,2606.2853584044965,0.0480790205836367,2561.6805134030706,0.0550816853841145,3.2259570391558543e-06,788.3562499999999,0.0489583333333333,0.103125,0.2064583333333333,0.1015917143373112,0.0063832930117929,0.0032833692702473,24.17826086956521,22.8375,21.35,0.0,788.3562499999999,20.616666666666667,20.716666666666665,2024-07-31,0.0550816853841145,795.8352164152443,3157.69154797401,3062.6735501061908,4727.994087074205,0.0880292976560039,0.1445292976560039,R7,6926.292902012458,213.0,213.0,5.0,17.55,793.9208333333332,39.96666666666667,80.12409041511675,0.9048582566572312,1204.4535786968606,2024.0,5.0,29.8,12.4,1082.6,0.9942264284318794,0.9913275478927062,1.2044535786968606,4696.446384799861,6785.54406267526,0.9714680728721107
404,2024-08-01,192.0,2024-08-01,6079.833333333333,0.009069881372427,110.2655767829292,2649.229858919663,0.0401980876948373,2604.288427644668,0.0487696329752604,3.1962518118056685e-06,791.8895833333332,0.04675,0.1030833333333333,0.2063749999999999,0.1005903533995118,0.0052156189099241,0.0026827536856804,23.44761904761905,23.31041666666667,21.59583333333333,0.0,791.8895833333332,19.633333333333333,21.491666666666664,2024-08-01,0.0487696329752604,799.4750719738172,3209.721724129288,3113.614380272236,4798.075918066818,0.0871616176426323,0.1436616176426323,R7,7028.701688530271,214.0,214.0,5.0,17.933333333333334,797.4395833333333,38.84166666666667,81.01252172115775,0.8884313060409975,1257.019820668808,2024.0,5.0,31.4,13.2,1095.8000000000002,0.9863516357247528,0.9917250502166104,1.2570198206688081,4702.1027464355475,6801.491122950308,0.9902457278865511
405,2024-08-02,193.0,2024-08-02,5922.25,0.0091895453892231,108.82805480245706,2628.979147961121,0.0438020590432507,2570.835196179311,0.053619384765625,4.191826155926769e-06,793.6125000000001,0.0457916666666666,0.1030416666666666,0.2073333333333333,0.1003616321422934,0.0049489099955662,0.0025455668368415,24.5,24.385416666666668,22.20208333333333,0.0,793.6125000000001,22.0,23.65833333333333,2024-08-02,0.053619384765625,797.9957484787091,3185.1866137937877,3073.6186327001,4759.621850120409,0.0869634304994852,0.1434634304994852,R7,6935.484243563864,215.0,215.0,7.4,19.675,799.2125,40.65833333333333,81.86880184766949,0.856280126511735,1359.9035951624478,2024.0,7.4,31.8,14.6,1110.4,0.9857277009080176,0.9922878378687507,1.3599035951624479,4704.81311734142,6812.530767891802,1.0349214827567692
406,2024-08-03,194.0,2024-08-03,6052.520833333333,0.0090897814382053,110.01981824241624,2639.1344214884534,0.0419565773359601,2577.020627988273,0.0526835123697916,4.465669979741578e-06,791.9229166666668,0.044875,0.1021666666666666,0.2080833333333333,0.0998180110855179,0.0043150004777631,0.0022195033102218,25.0219512195122,24.90625,22.754166666666663,0.0,791.9229166666668,22.40833333333333,23.84166666666667,2024-08-03,0.0526835123697916,795.6478546080408,3197.4904167067016,3081.0137619124184,4773.759465178972,0.0864923824407815,0.1429923824407816,R7,6945.033266734417,216.0,216.0,8.2,20.325,797.56875,41.391666666666666,82.71310114663122,0.8442992989617257,1398.2422433224776,2024.0,8.2,31.4,14.799999999999995,1125.2,0.9856505324554221,0.993116338281076,1.3982422433224777,4710.326897507795,6826.737439696536,1.0767748794829506
407,2024-08-04,195.0,2024-08-04,6145.020833333333,0.0090213566379136,110.85632981634424,2613.1323919671613,0.046843031101346,2529.0119935843736,0.0602531433105468,6.16904518274017e-06,789.6645833333333,0.0434,0.1002,0.2086999999999999,0.0986229598894334,0.0029214666585373,0.0015027124452805,25.74736842105263,24.615,23.0875,0.0,789.6645833333333,28.691666666666663,24.45833333333333,2024-08-04,0.0602531433105468,800.1919500210878,3165.9871937058947,3023.615981823826,4717.44675916798,0.0854568696714528,0.1419568696714528,R7,6800.721262131256,217.0,217.0,12.2,22.725,795.2125,40.266666666666666,83.47858261349577,0.7654814668645555,1650.4593060334223,2024.0,12.2,31.0,16.6,1141.8,0.9859457920413179,0.9941715304260125,1.6504593060334223,4711.0982307526365,6826.521349653789,1.1302221133359789
408,2024-08-05,196.0,2024-08-05,5871.895833333333,0.0092300713144934,108.35962745449667,2581.0503245598256,0.0529354241403004,2451.0610180632048,0.0737419128417968,9.846169798370133e-06,791.4583333333334,0.0435833333333333,0.0987916666666666,0.2086666666666666,0.0982089143959339,0.0024386535374091,0.0012543682501674,25.419148936170213,24.485416666666666,23.022916666666664,5.1033,791.4583333333334,66.64166666666667,19.266666666666666,2024-08-05,0.0737419128417968,805.917910512317,3127.1175922760294,2930.419976434182,4656.34351014553,0.0850980989367708,0.1415980989367709,R7,6586.196311028582,218.0,218.0,11.8,18.82857142857143,797.1547619047619,73.4857142857143,84.47858261349577,1.0,576.4211331258464,2024.0,11.0,28.2,14.6,1156.4,0.9892086821386618,0.9957758124431375,0.5764211331258464,4706.132142625006,6809.327524374886,1.114038337090189
409,2024-08-06,197.0,2024-08-06,5973.3125,0.0091504392435054,109.295184101431,2602.207730770675,0.0488889034320805,2496.431802967708,0.0656089782714843,7.853190977211134e-06,792.2958333333332,0.0445833333333333,0.0974999999999999,0.2064166666666666,0.0977166149965761,0.0018645895438016,0.0009590874174869,25.35106382978724,23.73125,22.37708333333333,0.3409,792.2958333333332,45.0,21.641666666666666,2024-08-06,0.0656089782714843,794.2876734826374,3152.751225428905,2984.6640174641007,4690.68621142822,0.0846715211332105,0.1411715211332105,R7,6701.30449470977,219.0,219.0,9.8,19.808163265306124,797.895918367347,57.55102040816327,85.45331683905832,0.9747342255625464,980.850478199852,2024.0,9.8,30.6,15.200000000000005,1171.6,0.9886484661892978,0.995958666808393,0.9808504781998519,4703.635674128826,6799.495160538436,1.115801642483934
410,2024-08-07,198.0,2024-08-07,6113.8125,0.0090447909611433,110.5726650883805,2609.8603798922472,0.0474115177530249,2508.660428009849,0.0635210673014323,7.476932728026857e-06,790.3770833333333,0.0453333333333333,0.0991666666666666,0.2079583333333333,0.0989541532522831,0.0033076669764369,0.0017013619908377,26.92954545454546,25.49791666666667,23.166666666666668,0.0,790.3770833333333,38.625,23.225,2024-08-07,0.0635210673014323,797.1451275197232,3162.022929071361,2999.284219427139,4714.112822826174,0.085743848971981,0.1422438489719811,R7,6750.131945591368,220.0,220.0,11.0,20.15,796.0229166666667,58.31666666666666,86.42714163273783,0.9738247936795098,983.7606602255686,2024.0,11.0,29.0,15.0,1186.6,0.987393575551377,0.9961724275976497,0.9837606602255686,4698.929320227596,6786.336088433768,1.1087640118352866
411,2024-08-08,199.0,2024-08-08,6175.645833333333,0.0089991192018276,111.13156068872917,2623.8523020587936,0.0448188418423045,2521.544148261321,0.0614280700683593,7.525472412217017e-06,789.5666666666666,0.04325,0.09675,0.2072083333333333,0.0970423804021762,0.0010783732607948,0.0005546819830781,24.64375,24.008333333333336,22.92708333333333,0.75799996,789.5666666666666,53.11666666666667,18.425,2024-08-08,0.0614280700683593,797.2291573660858,3178.9750921270065,3014.6876348939377,4724.40561769766,0.0840872963449237,0.1405872963449237,R7,6760.81927585907,221.0,221.0,7.4,16.35111111111111,795.12,74.02666666666666,87.42714163273783,1.0,482.9657481818128,2024.0,7.4,27.8,12.6,1199.1999999999998,0.9838149506155536,0.9974554695198575,0.48296574818181276,4700.506143081501,6784.725876198533,1.0643084902065862
412,2024-08-09,,,,,,,,,,,,,,,,,,,,,,,,,,,,,,,,,,,,222.0,11.8,16.833333333333332,795.1125000000001,65.02499999999999,88.42714163273783,1.0,670.5957782616427,2024.0,11.8,23.4,12.6,1211.7999999999995,,,0.6705957782616427,,,1.042014666538715
413,2024-08-10,200.0,2024-08-10,5759.479166666667,0.0093194888101733,107.31823213593786,2510.2632294570035,0.0675736573268531,2388.6855481050948,0.0858205159505208,9.434069354400384e-06,791.1416666666668,0.0435,0.09175,0.2030833333333333,0.0945343485082357,0.0018462104518982,0.0009496337788306,19.574468085106385,19.991666666666667,20.60625,7.1520996,791.1416666666668,74.825,15.95,2024-08-10,0.0858205159505208,859.1425038593552,3041.3542236598432,2855.845609718028,4500.907797809274,0.0819140848033861,0.1384140848033861,R7,6374.160249711693,223.0,223.0,8.6,15.491666666666667,796.6208333333334,79.01666666666667,89.42714163273783,1.0,369.3238841965218,2024.0,8.6,27.0,12.8,1224.5999999999997,,,0.3693238841965218,,,1.0249989911041946
414,2024-08-11,264.0,,,,,,,,,,,,,,,,,,,,,,,,,,837.1635794369519,,,,,,R7,,224.0,224.0,8.2,16.2,796.6829787234042,76.54468085106383,90.42714163273784,1.0,431.9637429303351,2024.0,8.2,25.4,11.799999999999995,1236.3999999999996,,,0.4319637429303351,,,0.9775321678407273
415,2024-08-12,265.0,,,,,,,,,,,,,,,,,,,,,,,,,,826.9312450524397,,,,,,R7,,225.0,225.0,10.2,17.8,795.5520833333334,65.24166666666666,91.42714163273784,1.0,708.4361244981785,2024.0,10.2,23.8,12.0,1248.3999999999996,1.0392423251368406,,0.7084361244981785,,,0.9482339578902709
416,2024-08-13,201.0,2024-08-13,5008.8125,0.0099932152914917,100.08134687922444,2249.055249169592,0.1445218179974221,2131.924783146797,0.1588872273763021,1.0149284637737048e-05,789.0833333333334,0.2035416666666666,0.257125,0.2063333333333333,0.2226835663267482,0.1475869431423124,0.0759141767278987,18.40833333333333,19.133333333333333,19.6,1.0364,789.0833333333334,77.14166666666667,15.925,2024-08-13,0.1588872273763021,849.6349367191679,2724.883032599685,2548.869622888917,4722.659375612739,0.1929554794025009,0.2494554794025009,R7,6767.45470926452,226.0,226.0,12.2,15.216666666666669,794.3874999999999,81.11666666666666,92.42714163273784,1.0,326.54577228545566,2024.0,11.8,18.6,10.2,1258.5999999999997,1.035326456395461,,0.32654577228545567,,,0.8857815618420879
417,2024-08-14,,,,,,,,,,,,,,,,,,,,,,,,,,,,,,,,,,,,227.0,7.8,15.445454545454544,795.075,78.13636363636364,93.42714163273784,1.0,383.6789714213296,2024.0,7.8,24.6,11.2,1269.7999999999995,,,0.3836789714213296,,,0.8271548041795499
418,2024-08-15,,,,,,,,,,,,,,,,,,,,,,,,,,,,,,,,,,,,228.0,7.0,16.641666666666666,795.86875,62.10833333333333,94.42714163273784,1.0,717.7295409212487,2024.0,7.0,26.6,11.8,1281.5999999999997,,,0.7177295409212487,,,0.7886340699118672
419,2024-08-16,202.0,2024-08-16,5289.75,0.0097233303621687,102.8529406158514,2329.338659422193,0.1215020657758495,2251.0702533432973,0.1251157124837239,6.435826389182878e-06,789.1999999999999,0.1717083333333333,0.2181666666666666,0.208125,0.1956201190597951,0.1160286055958525,0.0596815401359847,19.68695652173913,19.0875,18.29375,0.0,789.1999999999999,40.03333333333333,20.125,2024-08-16,0.1251157124837239,830.5368094356262,2822.1518313441024,2691.3166135563947,4766.412051077441,0.1695049817846532,0.2260049817846532,R7,6949.63579426923,229.0,229.0,7.8,17.641666666666666,794.8041666666667,57.2,95.42714163273784,1.0,863.6791912692859,2024.0,7.8,29.0,13.4,1294.9999999999998,,,0.8636791912692858,,,0.7531894696337842
420,2024-08-17,203.0,2024-08-17,5357.604166666667,0.0096619923395856,103.50895995182084,2284.1658194778,0.127906230993038,2213.53497056459,0.1287040710449218,5.915880844804258e-06,790.4958333333334,0.1445416666666666,0.1974166666666666,0.2120833333333333,0.1773711581730952,0.0947487271733481,0.0487358262610352,21.414583333333336,21.047916666666666,19.745833333333334,0.0,790.4958333333334,36.63333333333333,19.73333333333333,2024-08-17,0.1287040710449218,818.2138090288519,2767.421870777653,2646.440479643276,4584.8292735333525,0.1536922433119637,0.2101922433119638,R7,6692.372236809333,230.0,230.0,6.6,17.05,796.0604166666667,54.833333333333336,96.42714163273784,1.0,877.9847915065095,2024.0,6.6,29.8,13.2,1308.1999999999998,,,0.8779847915065095,,,0.7160282230755007
421,2024-08-18,204.0,2024-08-18,5098.229166666667,0.0099047850156378,100.97210436623592,2265.436909890388,0.1342004804802797,2155.505967354381,0.1468772888183593,9.457592356194075e-06,792.4125,0.1245416666666666,0.1797916666666666,0.2130416666666666,0.1627027142752261,0.0776440435296085,0.0399377039518444,19.854166666666668,20.1875,19.697916666666668,3.1114,792.4125,67.15833333333333,17.416666666666668,2024-08-18,0.1468772888183593,843.848289925074,2744.730526057386,2577.062626963733,4471.924452979735,0.1409820255303382,0.1974820255303382,R7,6399.427042974714,231.0,231.0,10.2,16.925,797.8125,72.25,97.42714163273784,1.0,535.1694801449507,2024.0,10.2,24.6,12.4,1320.6,1.0266233207969873,,0.5351694801449507,,,0.6363646640834669
422,2024-08-19,205.0,2024-08-19,5131.354166666667,0.0098723511952487,101.30102008810655,2270.382756718174,0.1324963945620667,2155.452862520817,0.1466878255208333,9.87580253869586e-06,792.6791666666667,0.1147916666666666,0.1697083333333333,0.2124583333333333,0.1548098258042562,0.0684402478665341,0.035203555011173,18.77872340425532,18.90833333333333,18.872916666666665,1.0332,792.6791666666667,70.60833333333333,17.091666666666665,2024-08-19,0.1466878255208333,831.4654703763996,2750.722755064587,2576.999136310512,4439.388932584682,0.1341428316737436,0.1906428316737436,R7,6333.332890320604,232.0,232.0,10.2,16.8,798.0229166666667,69.95833333333333,98.42714163273784,1.0,574.7889190587821,2024.0,10.2,25.4,12.799999999999995,1333.4,1.0270058071150638,,0.574788919058782,,,0.6362480773643909
423,2024-08-20,206.0,2024-08-20,5322.229166666667,0.0096936839739196,103.16796633399368,2303.6862967487923,0.1216155729349024,2205.110173589471,0.1310590108235677,8.27795462506961e-06,792.63125,0.1089166666666666,0.1634583333333333,0.2139166666666666,0.1503830289351866,0.0632782170112003,0.0325483653698454,20.05,19.852083333333333,19.166666666666668,0.38149998,792.63125,52.525,19.35,2024-08-20,0.1310590108235677,820.817303331512,2791.0722534543856,2636.368028092152,4479.887355497463,0.1303070088235048,0.1868070088235048,R7,6440.351839779158,233.0,233.0,7.8,16.708333333333332,798.0166666666668,65.28333333333333,99.42714163273784,1.0,660.3811056094762,2024.0,7.8,25.0,11.4,1344.8,1.028078104771007,,0.6603811056094762,,,0.6133574078936499
424,2024-08-21,207.0,2024-08-21,5388.479166666667,0.009636549571661,103.79869189980596,2312.3741033738534,0.1195047609442642,2202.8399795162727,0.1328582763671875,9.246410307668698e-06,791.7604166666666,0.1023333333333333,0.1565,0.2157916666666667,0.1454899725531916,0.0575724869386898,0.0296135136013622,20.26875,20.572916666666668,19.8625,2.9569,791.7604166666666,63.69166666666666,17.875,2024-08-21,0.1328582763671875,853.3129812652198,2801.5981206476777,2633.6538475746306,4468.98805194165,0.1260671717510827,0.1825671717510827,R7,6390.2405450823,234.0,234.0,10.6,17.258333333333333,797.2354166666668,69.85000000000001,100.42714163273784,1.0,593.8586633135794,2024.0,10.6,25.4,13.0,1357.8,1.0319763143149634,,0.5938586633135794,,,0.5855072652570792
425,2024-08-22,208.0,2024-08-22,5234.4375,0.0097762525522518,102.30784948450248,2243.7354140516622,0.142604835397069,2122.8086639484086,0.1588617960611979,1.0553878189187144e-05,791.0812500000001,0.10175,0.1505,0.21375,0.142718535208347,0.0543407495197738,0.0279512074356929,17.097916666666666,17.760416666666668,18.49375,9.9176,791.0812500000001,84.86666666666666,14.675,2024-08-22,0.1588617960611979,853.8626107407908,2718.437691403898,2537.9706458297405,4320.838460306056,0.1236657191862184,0.1801657191862185,R7,6133.935846020817,235.0,235.0,11.8,14.883333333333333,796.3833333333333,86.125,101.42714163273784,1.0,234.84538396097295,2024.0,11.8,19.4,10.6,1368.4,1.0412009940417564,,0.23484538396097296,,,0.5677843820984477
426,2024-08-23,209.0,2024-08-23,5188.583333333333,0.0098172433373417,101.8661161472714,2224.2350871239864,0.1487270790535834,2104.3735722345104,0.1645228068033854,1.054785102456435e-05,789.4833333333332,0.1057083333333333,0.1481666666666666,0.2122083333333333,0.1433163196321999,0.0550378182428334,0.0283097581117023,16.452083333333334,16.770833333333332,17.587500000000002,0.792,789.4833333333332,85.125,14.6,2024-08-23,0.1645228068033854,857.6031257417355,2694.811722235293,2515.930165960948,4286.612834019586,0.1241836998436444,0.1806836998436444,R7,6085.341022254919,236.0,236.0,10.6,14.625,794.7312499999999,88.46666666666665,102.42714163273784,1.0,191.9847519474751,2024.0,10.6,21.4,11.0,1379.4,1.0563519206645364,,0.1919847519474751,,,0.5335978802188645
427,2024-08-24,266.0,,,,,,,,,,,,,,,,,,,,,,,,,,849.8137545192752,,,,,,R7,,237.0,237.0,10.6,15.183333333333332,795.4479166666666,81.18333333333334,103.42714163273784,1.0,324.6964702745514,2024.0,10.6,23.4,12.0,1391.4,1.0549106989059727,,0.3246964702745514,,,0.5304102077958665
428,2024-08-25,210.0,2024-08-25,5202.354166666667,0.009805931518387,101.99535348734668,2236.117038535296,0.1446088018971141,2138.2784049997003,0.152685801188151,8.478452705462824e-06,791.2333333333332,0.1186666666666666,0.147,0.2126666666666666,0.1486973341238998,0.0613125499869603,0.0315372868103927,16.502083333333335,17.160416666666666,17.5625,1.3658,791.2333333333332,69.53333333333333,14.6,2024-08-25,0.152685801188151,845.9546303355979,2709.20751255961,2556.4658354120834,4339.283845503178,0.1288463529888444,0.1853463529888444,R7,6230.375971598159,238.0,238.0,8.6,14.425,796.5187500000001,76.45,104.42714163273784,1.0,386.9810091937464,2024.0,8.6,19.0,8.8,1400.1999999999998,1.0516536497766276,,0.3869810091937464,,,0.5271971553861101
429,2024-08-26,211.0,2024-08-26,5167.041666666667,0.0098383188885852,101.65224720285644,2234.320645805222,0.1452520748355201,2142.083162709006,0.1513303120930989,7.976049976024957e-06,792.5770833333332,0.1159166666666666,0.1445,0.2102499999999999,0.1461055660671486,0.0582903226125135,0.0299827461570612,15.929166666666667,15.747916666666669,16.3,3.938,792.5770833333332,64.54166666666667,15.25,2024-08-26,0.1513303120930989,838.2914029626899,2707.0310608820128,2561.0146972783014,4321.544532228461,0.126600583998614,0.183100583998614,R7,6219.430291784439,239.0,239.0,9.8,15.483333333333334,797.9562500000001,67.69166666666666,105.42714163273784,1.0,568.3493478521577,2024.0,9.8,25.0,12.4,1412.6,1.0436997567924797,,0.5683493478521577,,,0.5171909570542514
430,2024-08-27,212.0,2024-08-27,5309.270833333333,0.0097055649798853,103.04209938614106,2300.3525878501337,0.1228227602905928,2217.600104758134,0.1275914510091146,6.91254897609676e-06,792.8937500000001,0.1126666666666666,0.1465416666666666,0.2120416666666666,0.1457714668417288,0.0579007338056698,0.0297823536771829,18.20434782608696,17.964583333333334,17.270833333333332,0.0,792.8937500000001,53.80833333333334,16.358333333333334,2024-08-27,0.1275914510091146,827.4259563148066,2787.033238931761,2651.300640349132,4447.359173166757,0.1263110867659611,0.182811086765961,R7,6434.948529465319,240.0,240.0,5.8,15.133333333333333,798.24375,65.05833333333334,106.42714163273784,1.0,601.0107451197916,2024.0,5.8,25.8,10.8,1423.4,1.0344789248083823,,0.6010107451197917,,,0.5367955979709899
431,2024-08-28,213.0,2024-08-28,5550.770833333333,0.0094937527821968,105.35327523858466,2309.72685664079,0.1202170409499746,2240.564433695348,0.1215286254882812,5.727384730655843e-06,790.1479166666667,0.1062083333333333,0.1469166666666666,0.2140416666666666,0.1434976773700469,0.0552492971668294,0.0284185363550119,19.76875,19.26875,18.210416666666667,0.0,790.1479166666667,42.2,17.391666666666666,2024-08-28,0.1215286254882812,820.7392262362652,2798.3908016150785,2678.7561495213163,4452.421708538633,0.1243408464612725,0.1808408464612725,R7,6486.681028074661,241.0,241.0,5.4,15.4,795.5979591836735,58.64489795918367,107.42714163273784,1.0,723.6157807109978,2024.0,5.4,26.6,11.0,1434.4,1.0240934906318022,,0.7236157807109977,,,0.5610767986345375
432,2024-08-29,214.0,2024-08-29,5738.3125,0.0093353118966248,107.12605318796022,2403.3489788941274,0.0929070841182391,2336.222925185986,0.0969492594401041,5.323661067123523e-06,788.86875,0.0997916666666666,0.1455,0.2149166666666666,0.1403801350241394,0.0516139711606089,0.0265486366536973,19.99347826086957,19.6375,18.547916666666666,0.0,788.86875,38.23333333333333,17.808333333333334,2024-08-29,0.0969492594401041,827.2833719293586,2911.820354979001,2793.1227655761177,4614.071978065369,0.1216394936500394,0.1781394936500394,R7,6727.469618775006,242.0,242.0,5.4,15.433333333333332,794.3145833333333,55.4,108.42714163273784,1.0,782.0647772070199,2024.0,5.4,25.8,10.6,1444.9999999999998,1.0195596278683878,1.0343053036971317,0.78206477720702,,,0.5656721726549497
433,2024-08-30,215.0,2024-08-30,5673.3125,0.0093897113780947,106.51353613825074,2420.121023887908,0.0891419616465065,2354.965703035196,0.0932362874348958,5.124705785250069e-06,792.2895833333333,0.0935833333333333,0.1432916666666666,0.2151666666666666,0.1369455866031956,0.047608988450215,0.0244885969320543,19.541304347826088,19.34583333333333,18.616666666666667,0.0,792.2895833333333,40.60833333333333,16.341666666666665,2024-08-30,0.0932362874348958,814.4857264799583,2932.140825470967,2815.5311063797235,4625.129205981387,0.1186634548339469,0.1751634548339469,R7,6747.807006483725,243.0,243.0,3.4,14.1,797.81875,55.55833333333334,109.1985702041664,0.7714285714285715,715.0701671768653,2024.0,3.4,26.6,10.8,1455.7999999999995,1.0142299530136751,1.0328886741906866,0.7150701671768653,,,0.555057242362634
434,2024-08-31,216.0,2024-08-31,5705.354166666667,0.0093628942855565,106.81546360721012,2435.3539192954827,0.0848779626322045,2382.304696239096,0.0869979858398437,4.125225345502864e-06,792.7395833333334,0.0879583333333333,0.14175,0.2151666666666666,0.1339438930301527,0.044108752207037,0.0226881832430345,20.34565217391304,19.829166666666666,18.81458333333333,0.0,792.7395833333334,31.066666666666663,17.341666666666665,2024-08-31,0.0869979858398437,807.4361708276039,2950.5965118080594,2848.2168417530565,4635.417724232158,0.1160624850724152,0.1725624850724152,R7,6795.7889552860925,244.0,244.0,3.0,14.466666666666669,798.2541666666666,50.775,109.91285591845212,0.7142857142857143,811.0630345343158,2024.0,3.0,27.4,11.2,1466.9999999999998,1.0087508416835615,1.0319374660804397,0.8110630345343157,,,0.5502771168646202
435,2024-09-01,217.0,2024-09-01,5788.375,0.0092951127821112,107.59132465967656,2457.0669205558647,0.079581214330576,2397.2174067244014,0.0839157104492187,4.625007974166996e-06,792.125,0.0814166666666666,0.1402083333333333,0.2156666666666666,0.1306475565019323,0.0402649366059353,0.0207110429172123,21.32391304347826,20.647916666666667,19.291666666666668,0.0,792.125,31.23333333333333,18.666666666666668,2024-09-01,0.0839157104492187,804.5413949325538,2976.9032860605266,2866.0460611755298,4655.63776832763,0.1132062069663719,0.1697062069663719,R7,6804.550516385532,245.0,245.0,4.6,16.208333333333332,797.6625,47.208333333333336,110.83427721541632,0.9214212969642064,972.7519618184508,2024.0,4.6,28.2,11.6,1478.5999999999997,0.9993841345621848,1.0284683352182455,0.9727519618184508,,,0.5815330084127274
436,2024-09-02,218.0,2024-09-02,5867.5,0.0092321009713353,108.32470528969392,2483.3893742777746,0.0733839160611977,2416.484297872284,0.0800107320149739,5.128179180588786e-06,792.2145833333334,0.0755833333333333,0.13775,0.2152916666666666,0.1271565654346578,0.0361941368520824,0.0186171489360904,20.969565217391303,20.385416666666668,19.316666666666663,0.0,792.2145833333334,36.43333333333333,17.741666666666667,2024-09-02,0.0800107320149739,804.0714157726843,3008.79472472114,2889.0810171751777,4682.622010362627,0.1101812605543524,0.1666812605543524,R7,6821.242117242626,246.0,246.0,4.6,15.508333333333333,797.6750000000001,51.55,111.77713435827346,0.9428571428571428,853.6716470171252,2024.0,4.6,27.4,11.2,1489.7999999999995,0.9950948065816068,1.026050602647803,0.8536716470171253,,,0.6014532032668948
437,2024-09-03,219.0,2024-09-03,5892.104166666667,0.0092127877937442,108.55164849977352,2495.7154734636865,0.0706144749602916,2424.191561371175,0.0785230000813802,5.464996981555761e-06,791.0291666666667,0.071375,0.1359166666666666,0.2152083333333333,0.1246576465943879,0.0332801797539878,0.0171182991773488,21.62666666666667,20.860416666666666,19.622916666666665,0.0,791.0291666666667,39.06666666666667,18.091666666666665,2024-09-03,0.0785230000813802,802.4214970807312,3023.728630209782,2898.295605777561,4689.204234778245,0.1080159454807439,0.1645159454807439,R7,6816.772654713029,247.0,247.0,5.0,15.791666666666666,796.6208333333334,55.43333333333334,112.77713435827346,1.0,799.6291519749504,2024.0,5.0,27.8,11.4,1501.1999999999998,0.9930294197287922,1.0244270335713936,0.7996291519749504,,,0.611399492293
438,2024-09-04,220.0,2024-09-04,5847.479166666667,0.0092494860897362,108.13352337335728,2511.469281266817,0.0673161056142457,2422.9042268060543,0.078826904296875,6.771225542424438e-06,791.5916666666667,0.06515,0.13175,0.21465,0.1203642171470606,0.0282736669326846,0.0145431032215628,18.69210526315789,19.185,19.41,0.0,791.5916666666667,53.3,15.483333333333334,2024-09-04,0.078826904296875,835.8484783325571,3042.815437257957,2896.7565045890624,4689.616013549108,0.1042956856027686,0.1607956856027686,R7,6766.685410536788,248.0,248.0,5.4,14.2,797.0500000000001,60.68333333333334,113.77713435827346,1.0,636.7221604722424,2024.0,5.4,25.4,10.4,1511.6,1.0059238255701817,1.0228856590586493,0.6367221604722424,,,0.6144611706614759
439,2024-09-05,221.0,2024-09-05,5382.375,0.009641658216847,103.74102839232482,2449.30336693849,0.0821647143507386,2350.9824966427645,0.0945116678873698,7.76067605053312e-06,794.4895833333334,0.0664166666666666,0.1295416666666666,0.2120833333333333,0.1196036011859695,0.0273867224497233,0.0140868863043086,17.275000000000002,17.575,18.125,6.3918,794.4895833333334,72.08333333333333,13.5,2024-09-05,0.0945116678873698,837.8619622661696,2967.497214096544,2810.7688962606685,4568.441801330098,0.103636611294617,0.160136611294617,R7,6557.186559182206,249.0,249.0,6.2,13.075,799.8291666666668,76.30833333333334,114.77713435827346,1.0,356.5915303155931,2024.0,6.2,23.4,9.8,1521.4,1.0198410919767134,1.0214734807767223,0.3565915303155931,,,0.6231573239725202
440,2024-09-06,222.0,2024-09-06,5436.791666666667,0.0095913620580371,104.2711382177516,2484.684284393035,0.0732232605507533,2406.5216059499885,0.0821482340494791,6.020956020959016e-06,795.0479166666668,0.0712916666666666,0.12925,0.2106666666666666,0.1213369826832408,0.0294079963047533,0.0151265673043972,17.941304347826087,18.010416666666668,17.849999999999998,0.0,795.0479166666668,50.71666666666667,15.266666666666666,2024-09-06,0.0821482340494791,817.0891588722021,3010.3635961853324,2877.169901453047,4646.1861596678655,0.1051385876789122,0.1616385876789122,R7,6730.739328517141,250.0,250.0,3.8,13.283333333333331,800.56875,67.625,115.60570578684488,0.8285714285714285,493.9639120957817,2024.0,3.8,25.4,10.2,1531.6,1.0258822418809375,1.0178978166891939,0.4939639120957817,,,0.6447272639831135
441,2024-09-07,223.0,2024-09-07,5559.0625,0.0094855414921727,105.43620812797418,2501.780580496912,0.0693998297067449,2426.4059285697404,0.0782470703125,5.756586450566939e-06,792.1479166666667,0.0745,0.1292916666666666,0.2105,0.1227233472421491,0.0310246181741299,0.0159581077894908,19.539130434782606,19.19375,18.3,0.0,792.1479166666667,43.2,17.091666666666665,2024-09-07,0.0782470703125,813.0278839297343,3031.0769188975937,2900.9430412457177,4687.561156407923,0.1063398736224751,0.1628398736224751,R7,6801.8391071007845,251.0,251.0,4.6,14.516666666666666,797.65625,59.79166666666666,116.54856292970202,0.9428571428571428,664.6432741472636,2024.0,4.6,25.8,10.4,1542.0,1.0164831547155164,1.0146511853035516,0.6646432741472635,4575.321236581389,6638.679792510394,0.6690091785454501
442,2024-09-08,224.0,2024-09-08,5763.8125,0.0093151513988671,107.36184450667996,2544.520103871893,0.060309401003218,2473.9388521886017,0.0695508321126302,5.289638535733399e-06,789.8395833333334,0.0716666666666666,0.1280833333333333,0.21075,0.1211157668750805,0.0291500393979456,0.0149938822186122,19.67333333333333,19.591666666666665,18.6875,0.0,789.8395833333334,39.86666666666667,17.016666666666666,2024-09-08,0.0695508321126302,811.2671680188099,3082.8587513398525,2957.772074829344,4756.543620166543,0.104946904013076,0.161446904013076,R7,6917.329576873499,252.0,252.0,4.2,14.2,795.3897959183673,60.06530612244897,117.4342772154163,0.8857142857142858,646.7309342139531,2024.0,4.2,26.2,10.6,1552.6,1.0055295929955614,1.0115897543236367,0.6467309342139531,4605.1255062002,6687.747907172918,0.6875627446183221
443,2024-09-09,225.0,2024-09-09,5759.916666666667,0.0093180319421539,107.326585096304,2592.332352243048,0.050655600038502,2520.1007141312243,0.0615310668945312,5.30771863029504e-06,790.0145833333332,0.0667083333333333,0.12575,0.2093749999999999,0.1178368003399643,0.0253264787222479,0.0130271604024088,19.273913043478263,18.929166666666667,18.4625,0.0,790.0145833333332,40.458333333333336,16.666666666666668,2024-09-09,0.0615310668945312,823.5886217159405,3140.786534298989,3012.9619054329696,4822.635786405186,0.102105677019254,0.1586056770192541,R7,7008.822664716252,253.0,253.0,3.4,13.675,795.56875,58.28333333333333,118.20570578684487,0.7714285714285715,652.9491272650062,2024.0,3.4,25.0,10.0,1562.6,1.008206517913396,1.0102921226436758,0.6529491272650062,4640.917738641395,6744.133076668048,0.693605586004954
444,2024-09-10,226.0,2024-09-10,5737.020833333333,0.0093369076797414,107.1119024057844,2567.479285035131,0.055568623392168,2481.735919829661,0.0680414835611979,6.400201049985389e-06,789.1395833333332,0.0629166666666666,0.1239583333333333,0.2086666666666666,0.1154006461898099,0.0224857107215039,0.0115659568605515,17.51489361702128,18.122916666666665,18.214583333333334,0.4204,789.1395833333332,53.65,15.125,2024-09-10,0.0680414835611979,814.8073347873186,3110.675357097843,2967.094030751528,4759.072442124739,0.099994747597315,0.156494747597315,R7,6873.952428412289,254.0,254.0,4.2,12.55,794.61875,74.25833333333334,119.09142007255916,0.8857142857142858,374.3476167109477,2024.0,4.2,24.2,9.6,1572.1999999999998,1.0089394179168663,1.0091784338267982,0.3743476167109477,4663.182972138394,6775.490498021402,0.6774153625471796
445,2024-09-11,227.0,2024-09-11,5958.083333333333,0.0091627041161323,109.15344537019888,2549.6011096235216,0.0592096502706826,2468.407285038604,0.0704129536946614,6.091408137204063e-06,785.4354166666667,0.0619583333333333,0.1223333333333333,0.2065416666666666,0.113960589694132,0.0208064793756854,0.0107022119896345,17.193749999999998,17.46875,17.662499999999998,0.24129999,785.4354166666667,49.04166666666666,15.133333333333333,2024-09-11,0.0704129536946614,813.1559101591075,3089.014734553812,2951.158687909198,4715.68346795265,0.0987469375497496,0.1552469375497497,R7,6820.120920527047,255.0,255.0,4.2,13.625,790.9375,60.86666666666667,119.97713435827345,0.8857142857142858,610.525064448688,2024.0,4.2,22.6,8.8,1580.9999999999998,1.009717331572238,1.0085091488108728,0.610525064448688,4681.98738352511,6799.307633196572,0.6693374542427287
446,2024-09-12,228.0,2024-09-12,6325.395833333333,0.0088926774520391,112.46782826457012,2537.465280189455,0.0620336673465482,2474.4288958693664,0.0696652730305989,4.722741892221162e-06,779.1354166666666,0.061875,0.1209166666666666,0.204875,0.1130751925830482,0.0197740291996738,0.010171151426581,17.517021276595745,17.110416666666666,17.108333333333334,1.1671,779.1354166666666,35.075,17.341666666666665,2024-09-12,0.0696652730305989,802.58323569199,3074.3113537793192,2958.357957343429,4686.936165257638,0.0979797402803289,0.1544797402803289,R7,6827.57104067761,256.0,256.0,7.8,16.525000000000002,784.7791666666667,43.175,120.92450842189636,0.9473740636229072,1068.4029964066967,2024.0,7.8,26.6,12.2,1593.1999999999998,1.0010658718119256,1.006329174917291,1.0684029964066968,4687.191968324557,6806.457734761045,0.6897901841855629
447,2024-09-13,229.0,2024-09-13,6261.1875,0.0089382385380553,111.89519533236704,2618.314347546833,0.0457881119658546,2568.974370727233,0.0539271036783854,3.557017452730568e-06,782.9604166666667,0.0605,0.1210833333333333,0.2052083333333333,0.1126012420909815,0.0192213616307047,0.0098868762555583,18.284444444444443,18.1,17.647916666666667,0.0,782.9604166666667,29.016666666666666,15.4,2024-09-13,0.0539271036783854,813.7195548890496,3172.2654844859658,3071.393881852512,4832.7820725716665,0.0975690618188765,0.1540690618188765,R7,7082.43428964166,257.0,257.0,2.6,14.191666666666668,788.3416666666667,43.59166666666667,121.57897677008752,0.6544683481911735,913.0236957647206,2024.0,2.6,24.6,9.8,1602.9999999999998,1.0006178493853337,1.006261554477868,0.9130236957647206,4702.024315938149,6830.359683558039,0.7039297219418382
448,2024-09-14,230.0,2024-09-14,6076.083333333333,0.0090722054180392,110.23350757269844,2603.358500181429,0.048548817238755,2554.084810310951,0.0561637878417968,3.573581492475314e-06,787.0291666666667,0.05775,0.1196666666666666,0.2045833333333333,0.1107698599304099,0.0170858104634867,0.0087884145267093,17.955555555555556,17.825,17.560416666666665,0.0,787.0291666666667,31.391666666666666,14.658333333333331,2024-09-14,0.0561637878417968,810.7811264482181,3154.145460649652,3053.5923400048614,4791.707060680921,0.0959821677853772,0.1524821677853772,R7,7019.052688123516,258.0,258.0,1.4,12.2,792.5666666666666,49.725,122.0646910558018,0.4857142857142857,714.4923230994928,2024.0,1.4,26.6,10.8,1613.7999999999995,0.9996397504496236,1.0065567721178863,0.7144923230994927,4713.187839970203,6846.307093046428,0.6970318139822079
449,2024-09-15,231.0,2024-09-15,6101.208333333333,0.0090534713398186,110.46132937803424,2612.1560552338774,0.0468791941301405,2554.245527023682,0.0561459859212239,4.20424409349157e-06,786.7583333333333,0.0547916666666666,0.118125,0.2041666666666667,0.108848636862637,0.0148454969706503,0.0076360662850556,17.01875,17.558333333333334,17.691666666666666,0.0,786.7583333333333,35.875,13.825,2024-09-15,0.0561459859212239,803.5775902031786,3164.804295509147,3053.7844884100064,4793.614145767299,0.0943174265375326,0.1508174265375326,R7,6996.325410066485,259.0,259.0,2.2,11.17142857142857,792.2816326530613,54.44081632653061,122.6646910558018,0.6,604.9110681001372,2024.0,2.2,19.8,7.4,1621.1999999999998,1.0000492938891599,1.0064717090587858,0.6049110681001372,4723.043295501608,6860.005299737923,0.6707574644309
450,2024-09-16,232.0,2024-09-16,6003.3125,0.0091272707093372,109.57043957356068,2576.840703986275,0.053737434298994,2489.6353771994177,0.0667152404785156,6.4905199828474605e-06,785.1520833333334,0.0536595744680851,0.1157446808510638,0.2022127659574468,0.107107792282839,0.0128155205111372,0.0065919089333287,16.282978723404256,16.25531914893617,16.74042553191489,0.28059998,785.1520833333334,58.46666666666667,13.283333333333331,2024-09-16,0.0667152404785156,816.7080731061054,3122.017351328731,2976.5384009686422,4715.942660137563,0.0928089833865581,0.1493089833865581,R7,6798.05981273973,260.0,260.0,4.6,12.425,790.6437500000001,64.125,123.60754819865892,0.9428571428571428,517.445524041496,2024.0,4.6,22.6,8.8,1629.9999999999998,1.0012801708208354,1.0075869896719882,0.517445524041496,4725.423341914103,6858.349420844859,0.6467413127897835
451,2024-09-17,233.0,2024-09-17,5863.3125,0.0092361133007662,108.28324788450225,2530.1406836042656,0.0633052697218717,2426.062035864185,0.0783348083496093,7.950429667202677e-06,782.6833333333334,0.0537083333333333,0.1140833333333333,0.201125,0.106320257093678,0.011897185862779,0.0061195458820552,14.683333333333332,15.460416666666667,16.210416666666667,1.8889999,782.6833333333334,80.575,11.233333333333334,2024-09-17,0.0783348083496093,830.5592088799727,3065.437108043031,2900.5318927485228,4624.732679339023,0.0921265835468325,0.1486265835468325,R7,6619.116999005955,261.0,261.0,6.6,11.816666666666668,787.8833333333333,75.20833333333333,124.60754819865892,1.0,343.5376685116007,2024.0,6.6,19.8,8.2,1638.1999999999998,1.0094261427205837,1.0100703556161272,0.3435376685116007,4720.818230811302,6844.231159722925,0.6141633496852587
452,2024-09-18,234.0,2024-09-18,5984.854166666667,0.0091406298281649,109.40466129275949,2548.797309160956,0.0592028352509653,2498.5309343449267,0.0650507609049479,3.7260125587166695e-06,782.4145833333333,0.0545,0.110875,0.1980416666666666,0.1048940120651883,0.0102340598910925,0.0052640851194211,12.124444444444444,13.345833333333331,14.822916666666666,3.8902,782.4145833333333,37.09166666666667,12.116666666666667,2024-09-18,0.0650507609049479,822.3276761750352,3088.0408757556124,2987.173680208369,4648.309784273096,0.0908907411460787,0.1473907411460787,R7,6795.753243613438,262.0,262.0,0.6,10.65,787.8166666666666,54.06666666666666,124.9789767700875,0.3714285714285714,589.0877131156708,2024.0,0.6,21.4,8.2,1646.4,1.0171487151171563,1.0088770425331375,0.5890877131156708,4717.867785863015,6846.3074335141155,0.6107608891597892
453,2024-09-19,235.0,2024-09-19,5970.541666666667,0.0091520345298504,109.27195755915884,2580.42920459893,0.0529195963154283,2527.2108938527017,0.0603574117024739,3.899955377156002e-06,785.3416666666667,0.059125,0.1127083333333333,0.1975,0.1074412778677684,0.0132043937597027,0.0067919333520734,14.515555555555556,14.897916666666667,15.1125,0.0,785.3416666666667,39.125,12.216666666666669,2024-09-19,0.0603574117024739,810.5407488292998,3126.3650633004613,3021.462637376525,4724.984730299043,0.0930979488992599,0.1495979488992599,R7,6905.340812732911,263.0,263.0,0.2,10.7,790.7333333333332,51.875,125.29326248437322,0.3142857142857143,619.2556024288504,2024.0,0.2,23.8,9.4,1655.8,1.014608587658954,1.0064657387467542,0.6192556024288504,4729.049423646511,6871.1755944820225,0.6295226085964504
454,2024-09-20,236.0,2024-09-20,6051.4375,0.0090911804295192,110.0075826345284,2597.01446041759,0.0497365549261101,2542.867072731592,0.0579261779785156,3.949096040885446e-06,784.6541666666667,0.0604583333333333,0.114375,0.1983333333333333,0.1087823646589182,0.0147682178068293,0.0075963162639847,16.76304347826087,16.416666666666668,15.8625,0.0,784.6541666666667,34.300000000000004,15.15,2024-09-20,0.0579261779785156,809.3110605345179,3146.4592260331365,3040.180726809313,4765.3356562019935,0.094260001622661,0.150760001622661,R7,6964.451723118567,264.0,264.0,4.2,12.583333333333334,789.9916666666667,53.14166666666667,126.1789767700875,0.8857142857142858,682.9289050852215,2024.0,4.2,25.4,10.2,1666.0,1.0058571417116025,1.0057792627226985,0.6829289050852214,4737.560101970377,6887.869336953554,0.643020108095696
455,2024-09-21,237.0,2024-09-21,6126.770833333333,0.0090383413836062,110.67776503353817,2615.5128246422573,0.0469253940541514,2558.262304966422,0.0563939412434895,4.1781019157797744e-06,783.7687500000001,0.0562083333333333,0.1132916666666666,0.1987083333333333,0.1066233043449077,0.0122505653621641,0.0063013134097048,15.140425531914897,16.135416666666668,16.1875,0.0,783.7687500000001,40.525,12.6,2024-09-21,0.0563939412434895,847.1529568971127,3168.871249403953,3058.586835735332,4783.067417454661,0.0923891742202584,0.1488891742202585,R7,6980.263221388894,265.0,265.0,0.6,9.491666666666667,789.2020833333332,60.25,126.55040534151608,0.3714285714285714,471.7350856595494,2024.0,0.6,20.6,7.800000000000001,1673.8,1.0160818963036211,1.0087910585877313,0.47173508565954936,4744.381977759431,6900.613916545561,0.629240951775145
456,2024-09-22,238.0,2024-09-22,5064.458333333333,0.0099375740839538,100.6377243037846,2240.504810134123,0.1432212345483755,2158.7350180570475,0.1458905537923177,7.014543481367124e-06,787.1437500000001,0.1625,0.1109166666666666,0.1965,0.1519668617716177,0.0651251040975432,0.0334983471885888,12.151063829787237,12.910416666666668,14.308333333333332,24.081999,787.1437500000001,86.34166666666665,8.358333333333333,2024-09-22,0.1458905537923177,864.6930875851231,2714.5235955615644,2580.9231896401734,4365.6334612499295,0.1316794011795647,0.1881794011795647,R7,6318.6421975539215,266.0,266.0,5.0,9.529411764705882,792.4323529411765,81.78823529411765,127.55040534151608,1.0,216.6785414264353,2024.0,3.4,16.2,5.6,1679.4,1.0383855463835876,1.0135063001870452,0.21667854142643528,4716.4598235511,6857.850532308448,0.5985229237188937
457,2024-09-23,239.0,2024-09-23,5220.854166666667,0.0097875294947532,102.18004457316714,2294.142690933952,0.124688380226281,2221.25305793918,0.126410166422526,6.077414057968311e-06,787.5666666666666,0.154375,0.117375,0.197625,0.1508784512490417,0.0638559225952106,0.0328455193244399,13.006666666666666,13.610416666666666,14.225,0.0,787.5666666666666,64.41666666666667,11.158333333333331,2024-09-23,0.126410166422526,860.4954555680806,2779.509527476765,2655.6680089686106,4464.092372888836,0.1307362926348496,0.1872362926348496,R7,6492.3439703957365,267.0,267.0,1.4,10.339534883720932,792.8953488372093,72.8,128.03611962723036,0.4857142857142857,341.6817024145784,2024.0,1.4,21.0,8.0,1687.4,1.0594667935210547,1.016763607495768,0.3416817024145784,4690.849579728505,6820.959196999839,0.5762895362295775
458,2024-09-24,240.0,2024-09-24,5366.166666666667,0.0096538652195294,103.59313592318706,2314.261072437638,0.118334399055797,2246.235490871612,0.1194203694661458,5.608795976014762e-06,788.0729166666666,0.1254166666666666,0.12225,0.1991666666666667,0.140190203135766,0.051392494030035,0.0264347156409464,14.333333333333334,14.627083333333331,14.58125,0.0,788.0729166666666,54.25833333333333,12.65,2024-09-24,0.1194203694661458,839.5536479650758,2803.8843116991634,2685.53630681416,4441.9252775771165,0.1214749175244661,0.1779749175244661,R7,6466.596041642562,268.0,268.0,2.6,11.308333333333332,793.5,67.05833333333334,128.6932624843732,0.6571428571428571,441.3729827570701,2024.0,2.6,23.4,9.2,1696.6,1.0563368764913588,1.0189476568536942,0.4413729827570701,4668.196210832245,6791.8623122305735,0.5810770623757291
459,2024-09-25,241.0,2024-09-25,5446.1875,0.009582550415808,104.3631494350714,2362.194696608237,0.1041775896791792,2290.016600695039,0.1079928080240885,5.83628332895443e-06,789.0020833333333,0.1081666666666666,0.1259166666666666,0.2014583333333333,0.1343828144114726,0.0446205727807954,0.0229514479781256,15.953333333333331,15.925,15.216666666666669,0.0,789.0020833333333,49.30833333333334,15.05,2024-09-25,0.1079928080240885,835.0533631507168,2861.9591496746643,2737.8797767937062,4498.850332889057,0.1164428107827926,0.1729428107827926,R7,6536.805570638205,269.0,269.0,3.0,12.608333333333334,794.43125,66.15833333333333,129.40754819865893,0.7142857142857143,494.02954186544576,2024.0,3.0,26.2,10.6,1707.1999999999998,1.0441292035184062,1.0208802727469386,0.4940295418654458,4652.7081297562745,6771.625501524229,0.5727559536197833
460,2024-09-26,242.0,2024-09-26,5544.166666666667,0.0094975868413269,105.29740455920695,2409.553904068385,0.0913516561309806,2340.741093627633,0.0960108439127604,5.449616973772516e-06,788.0375,0.0964166666666666,0.12725,0.2035416666666666,0.1301365923636428,0.0396691079004782,0.0204045669872786,16.815217391304348,16.65625,15.877083333333331,0.0,788.0375,41.81666666666667,16.666666666666668,2024-09-26,0.0960108439127604,834.40037069149,2919.3380428313235,2798.524561353833,4562.378103016549,0.112763456152347,0.169263456152347,R7,6638.985872961154,270.0,270.0,4.2,13.716666666666669,793.4895833333334,61.55,130.2932624843732,0.8857142857142858,603.4527018214173,2024.0,4.2,25.8,10.4,1717.6,1.0333814564170511,1.0236883756254378,0.6034527018214173,4643.811125310483,6758.155132401624,0.5395452182922633
461,2024-09-27,243.0,2024-09-27,5610.083333333333,0.009441856383068,105.92065505083144,2433.591067886107,0.08534597714766,2370.3205521099057,0.0895729064941406,4.945937918886877e-06,789.6708333333332,0.088875,0.12675,0.2040416666666666,0.1267619012271326,0.035733923999088,0.0183804296226415,16.913333333333334,16.7375,15.989583333333334,0.0,789.6708333333332,38.00833333333333,16.558333333333334,2024-09-27,0.0895729064941406,822.0062701325182,2948.4606977162643,2833.8889343293586,4586.168320308609,0.1098392837186919,0.1663392837186919,R7,6687.269322402652,271.0,271.0,3.8,13.133333333333333,795.15,59.85833333333333,131.12183391294462,0.8285714285714285,606.4941428956089,2024.0,3.8,26.6,10.8,1728.4,1.026154241785324,1.0244197409394062,0.6064941428956089,4626.195857291693,6729.929063313124,0.5176502502301839
462,2024-09-28,244.0,2024-09-28,5608.4375,0.0094430587166346,105.9057816857058,2465.025909543835,0.0776849023147382,2396.824545350459,0.0839958190917968,5.272298400677831e-06,790.9770833333333,0.0837499999999999,0.1267083333333333,0.2047083333333333,0.124642095909625,0.0332620463006259,0.0171089718875907,17.433333333333334,17.129166666666666,16.318749999999998,0.0,790.9770833333333,40.0,16.875,2024-09-28,0.0839958190917968,825.4656179262469,2986.546141236261,2865.5763671084765,4631.43865989832,0.1080024708005824,0.1645024708005824,R7,6737.410481016676,272.0,272.0,3.8,13.925,796.4458333333333,58.75833333333333,131.95040534151605,0.8285714285714285,656.0893224605626,2024.0,3.8,26.2,10.6,1738.9999999999998,1.022205350205467,1.025715758408905,0.6560893224605626,4614.74811437865,6709.8117628054915,0.5134786073274031
463,2024-09-29,245.0,2024-09-29,5701.0625,0.0093657504800184,106.77781740417748,2476.635635675883,0.0748757036721283,2407.8438524511425,0.081671396891276,5.292676068808856e-06,790.1729166666668,0.079375,0.126625,0.2059166666666666,0.1229535252785563,0.0312930258199508,0.0160961684134602,18.39565217391305,17.724999999999998,16.710416666666667,0.0,790.1729166666668,38.10833333333333,17.8,2024-09-29,0.081671396891276,814.90299989002,3000.612112164288,2878.750742375487,4641.988441981098,0.1065393230658961,0.1630393230658962,R7,6752.594853439149,273.0,273.0,4.6,14.466666666666669,795.6854166666667,58.16666666666666,132.8932624843732,0.9428571428571428,689.2731392182607,2024.0,4.6,26.6,10.8,1749.7999999999995,1.0141749946229286,1.0267153114969596,0.6892731392182607,4603.91770696535,6692.402437332111,0.5195044695501263
464,2024-09-30,246.0,2024-09-30,5764.0,0.0093137165381468,107.36852425175638,2467.845053213224,0.0767190517546989,2411.411869419007,0.080780029296875,4.333805321294813e-06,787.5,0.084,0.132,0.206,0.1268607834003673,0.0358492292286653,0.0184397390804391,26.7,22.6,17.3,0.0,787.5,18.0,25.8,2024-09-30,0.080780029296875,817.6369062401542,2989.9617250704136,2883.0165636348647,4651.370453169711,0.1099249651969239,0.1664249651969239,R7,6804.491833036083,274.0,274.0,5.4,14.825,794.9875000000001,50.84166666666667,133.8932624843732,1.0,828.9212805137672,2024.0,5.4,25.8,10.6,1760.3999999999996,1.0123753906618373,1.0267972880481924,0.8289212805137672,4599.305406467645,6692.861867353279,0.5417527378695742
465,2024-10-01,,,,,,,,,,,,,,,,,,,,,,,,,,,,,,,,,,,,275.0,22.2,22.2,795.1,20.4,134.50877448659338,0.6155120022201777,2130.3615928954314,,,,,,,,2.1303615928954316,,,0.669383018182705
