Date (aggregated based on UTC),Raw_Moderated_cph,Raw_Mod_Coeff_of_Var,Raw_Mod_sqrt,Corrected_Mod_cph_for_Des,SWC_Des_cm3_cm3,Corrected_Mod_cph_for_UTS,SWC_UTS_cm3_cm3,Rhov_g_cm3,BaroPress_mb,SWC_5,SWC_10,SWC_20,SWC_50,WeightedTDR_SWC,WeightedTDR_SD,WeightedTDR_SE,sT_5,sT_10,sT_20,sT_50,PRISM_ppt_mm,BaroPress,airRH,airT
2023-07-01,9168.652173913044,0.0073851526810735715,135.41246808571276,2416.5753770067095,0.19420277728536608,2342.819967015109,0.18406610903532608,5.833182797092442e-06,724.2021739130436,0.030369565217391304,0.06789130434782609,0.19608695652173913,,0.08064501270277169,0.0,0.0,11.5,11.382608695652175,11.358695652173912,,,724.2021739130436,74.23913043478261,9.115217391304348
2023-07-02,9313.645833333334,0.0073274445902949915,136.47895704527204,2449.975397812876,0.18077412602756035,2374.4794148964825,0.17271041870117188,5.887499761803234e-06,724.1437500000001,0.03145833333333333,0.06641666666666667,0.18502083333333333,,0.07811150976835365,0.002949304004322521,0.0015098864166579072,14.610638297872342,14.239583333333334,13.21875,,0.0,724.1437500000001,60.356249999999996,11.700000000000001
2023-07-03,9351.0625,0.007312756986852849,136.75291593465906,2459.3559439110873,0.17706308984193445,2388.387352776241,0.1679967244466146,5.507918536619473e-06,723.7166666666667,0.030104166666666668,0.06479166666666668,0.17202083333333332,,0.07404280925335052,0.007685763772443645,0.003934701307374983,14.473333333333333,13.864583333333334,12.952083333333334,,2.98,723.7166666666667,56.770833333333336,12.720833333333333
2023-07-04,9482.083333333334,0.007262198294484493,137.70674086071674,2465.2901699356808,0.17501973215524677,2397.8313356787226,0.16501363118489584,5.211929888802424e-06,722.4875000000001,0.024791666666666667,0.0616875,0.15864583333333335,,0.06767991889204268,0.01509293815015207,0.007726779696827918,16.60625,15.964583333333332,14.69375,,0.0,722.4875000000001,46.262499999999996,13.875
2023-07-05,9609.145833333334,0.0072138297061538495,138.62757566622136,2502.9024584729787,0.16127542735472186,2426.027414439258,0.15594991048177084,5.872196005282703e-06,722.2312499999999,0.020395833333333332,0.05808333333333334,0.14535416666666665,,0.061556024499048616,0.022221892298947808,0.011376424161578942,14.872916666666667,14.575000000000001,13.979166666666666,,0.0,722.2312499999999,54.95416666666667,13.231250000000001
2023-07-06,9794.520833333334,0.007146015168257784,139.95325290247277,2524.034070050826,0.15424554418822514,2457.9618198010003,0.14669672648111978,4.9879921988503425e-06,722.03125,0.017625,0.05514583333333334,0.13389583333333335,,0.04921170227796704,0.03659217719685985,0.018733243919413892,15.368085106382978,14.512500000000001,13.545833333333334,,0.0,722.03125,49.25208333333333,13.643749999999999
2023-07-07,10059.6875,0.0070506966319526495,141.83851489471542,2546.827412154166,0.14689099853741813,2490.672359288376,0.13752873738606772,4.182059781386039e-06,720.44375,0.012479166666666666,0.051666666666666666,0.12227083333333333,,0.04539184855738994,0.04103894918238833,0.02100975410930415,16.476086956521737,15.808333333333332,14.585416666666667,,0.0,720.44375,39.49791666666667,13.941666666666668
2023-07-08,10165.1875,0.007013919311253967,142.58096765389047,2574.7785998055692,0.1380337735109448,2511.933332894345,0.13178634643554688,4.638883651995458e-06,719.9416666666666,0.009145833333333334,0.04814583333333333,0.11172916666666667,,0.04180137745611135,0.04521869204060519,0.02314955962189125,17.580851063829787,16.558333333333334,15.137500000000001,,0.0,719.9416666666666,42.454166666666666,14.9
2023-07-09,10241.9375,0.006987465865322867,143.11905261241554,2621.8842666521587,0.12420008567331932,2572.710574275313,0.11671702067057292,3.5428425351745832e-06,721.9854166666668,0.006145833333333333,0.041833333333333333,0.09864583333333332,,0.036673066629506035,0.05118866643883572,0.026205868241983576,17.12608695652174,16.412499999999998,15.264583333333334,,0.0,721.9854166666668,31.806250000000002,14.320833333333333
2023-07-10,10093.833333333334,0.007038786196061637,142.0788604334113,2613.8468280392785,0.12653118125700044,2552.956537604808,0.12150955200195312,4.426204507649023e-06,723.4729166666666,0.0033958333333333336,0.034645833333333334,0.08870833333333333,,0.03194997905541134,0.05668691193356344,0.029020676812335378,16.704166666666666,16.3875,15.510416666666666,,0.0,723.4729166666666,36.081250000000004,14.504166666666668
2023-07-11,10083.895833333334,0.007041871565803769,142.01147039371298,2637.045151062329,0.1200293553841904,2570.013115255405,0.11732101440429688,4.8307541674585665e-06,724.375,0.0037291666666666667,0.0326875,0.08389583333333334,,0.030189414406194943,0.05873642223776024,0.030069916824410025,16.332608695652173,15.30625,14.31875,,0.0,724.375,41.106249999999996,15.3125
2023-07-12,10037.291666666666,0.007058311779671468,141.68218582609293,2636.2401805934346,0.12029680891988305,2555.4681083414303,0.12084706624348958,5.858641677710512e-06,724.2979166666668,0.002375,0.03025,0.08077083333333333,,0.02864283205088173,0.060536831257056514,0.030991630258725273,18.260416666666668,17.056250000000002,15.674999999999999,,0.0,724.2979166666668,45.387499999999996,15.889583333333334
2023-07-13,10279.208333333334,0.006974698693539283,143.37983411233876,2661.830840344722,0.11349139312223823,2583.992553319204,0.11409886678059895,5.576401021159705e-06,723.75625,0.0017083333333333334,0.028479166666666667,0.07714583333333333,,0.027214378473538928,0.062199724083590265,0.03184294273362151,17.741666666666667,16.602083333333333,15.502083333333333,,0.0,723.75625,44.39791666666667,15.939583333333333
2023-07-14,10457.041666666666,0.0069152048345831685,144.61430562222858,2670.6124400545827,0.11118557238130544,2603.8278102796157,0.10971577962239583,4.753126741774056e-06,723.8666666666667,0.001542857142857143,0.02675,0.07420833333333333,,0.025955058747656846,0.06366572463950418,0.03259345686269849,18.082608695652173,16.79375,15.577083333333334,,0.0,723.8666666666667,39.875,15.864583333333334
2023-07-15,10241.625,0.006988333635359987,143.1116390230416,2690.3490459602044,0.10635964103702578,2631.861749597918,0.1039415995279948,4.1280122070078715e-06,725.4395833333333,0.0018333333333333335,0.024874999999999998,0.071625,,0.024724987393139858,0.06509767655169436,0.03332653990139321,18.506521739130434,17.29375,16.041666666666668,,0.0,725.4395833333333,36.87916666666667,14.845833333333333
2023-07-16,10242.125,0.006987499450402037,143.11970137213783,2726.6911548328076,0.09754624159633817,2670.0567511102286,0.09608840942382812,3.933089924419166e-06,726.9145833333333,0.0014615384615384616,0.023166666666666665,0.0693125,,0.023613528385402836,0.06639154933850924,0.033988933789182295,18.73695652173913,17.443749999999998,16.210416666666667,,0.0,726.9145833333333,35.75,15.085416666666667
2023-07-17,10110.4375,0.007033102662657214,142.19499033883656,2726.8239790479397,0.09750089777694476,2663.1536945149533,0.09740193684895833,4.430163001190042e-06,727.025,0.0007500000000000001,0.021604166666666664,0.067625,,0.022693177172485222,0.06746294952548576,0.034537433566333,19.628260869565217,18.047916666666666,16.604166666666668,,0.0,727.025,34.15416666666667,17.277083333333334
2023-07-18,10309.9375,0.006964305891212444,143.59392204307127,2753.283262845937,0.09132710998304626,2684.4766779058605,0.09311548868815105,4.74583385217004e-06,725.8291666666668,0.0005714285714285715,0.02002083333333333,0.06610416666666667,,0.021803125545997268,0.06849907732719193,0.0350678757626698,19.715217391304346,18.147916666666667,16.839583333333334,,0.0,725.8291666666668,32.420833333333334,17.927083333333332
2023-07-19,10078.0,0.007044259757621096,141.9677460000451,2724.68377962709,0.09809875660890792,2623.5271080302296,0.1056365966796875,7.142918343744221e-06,727.2458333333334,0.0007,0.0190625,0.06447916666666667,,0.014510687964703489,0.07698835715694757,0.039413934454269606,19.752083333333335,18.075,16.820833333333333,,0.0,727.2458333333334,54.18333333333334,16.570833333333333
2023-07-20,10083.8125,0.00704224746350737,142.0085480213015,2711.0862237506876,0.10127634649725174,2604.1385624372438,0.10972340901692708,7.604185336303759e-06,727.2770833333334,0.0017272727272727272,0.0185,0.06289583333333333,,0.014154367355554063,0.0774031574656863,0.03962629009847318,17.539583333333333,16.7625,16.145833333333332,,1.4382,727.2770833333334,63.043749999999996,15.200000000000001
2023-07-21,10183.395833333334,0.0070080194679204184,142.70605363371445,2740.1465007015395,0.09452129985222735,2644.4686923427053,0.10145823160807292,6.719462928059212e-06,727.4416666666666,0.0017083333333333334,0.018625,0.0613125,,0.01379804674640464,0.077817957774425,0.03983864574267675,17.75,16.314583333333335,15.383333333333333,,0.069699995,727.4416666666666,58.24166666666667,15.268749999999999
2023-07-22,10395.5625,0.006935607691145702,144.18867799754787,2753.1091188244354,0.09145227914280529,2678.5247988498313,0.0943756103515625,5.1577399865232095e-06,727.1125000000001,0.0012307692307692308,0.0183125,0.06083333333333333,,0.013690212877846263,0.07794348944680646,0.03990291126658047,18.608888888888888,17.2625,16.075,,0.0,727.1125000000001,44.854166666666664,15.24375
2023-07-23,10477.916666666666,0.006908242346762763,144.75907201026072,2777.169368092223,0.08602019599523682,2711.309362153679,0.0880877176920573,4.498542175337933e-06,727.2875,0.0005,0.01775,0.060145833333333336,,0.01353549471861033,0.07812360010717982,0.03999511832261622,19.421739130434784,17.785416666666666,16.502083333333335,,0.0,727.2875,35.770833333333336,16.464583333333334
2023-07-24,10356.416666666666,0.0069486553174435,143.917273552076,2783.9035226249325,0.0845760341818692,2706.4693923488517,0.08900197347005208,5.299665276739365e-06,728.3458333333333,0.0005,0.016979166666666667,0.05927083333333333,,0.013338580697764595,0.07835283185674596,0.04011247275757083,19.815217391304348,18.022916666666667,16.741666666666667,,0.0,728.3458333333333,39.677083333333336,17.625
2023-07-25,10356.208333333334,0.006948746767219783,143.91567943404803,2790.324357203315,0.08322685031496121,2705.7638296477994,0.08913675944010417,5.78809412825572e-06,728.1062499999999,,0.016208333333333335,0.058770833333333335,,0.013226058400138461,0.07848382142792662,0.040179532434687755,20.123404255319148,18.489583333333332,17.214583333333334,,0.0,728.1062499999999,41.28541666666667,17.45625
2023-07-26,10272.6875,0.006977014269751808,143.33365137966194,2786.02780824133,0.08450223323311179,2695.369163275955,0.09140904744466145,6.230271237769204e-06,727.8666666666667,,0.015604166666666667,0.0575,,0.012940064227005372,0.07881675325467742,0.04034997578069325,18.610416666666666,17.183333333333334,16.337500000000002,,0.0,727.8666666666667,48.07708333333333,16.583333333333332
2023-07-27,10273.395833333334,0.0069767743967712485,143.33857859504198,2771.3854246775754,0.08725320992893308,2680.594439727102,0.093841552734375,6.2732547017813325e-06,726.8645833333334,0.0,0.015270833333333332,0.05664583333333334,,0.012747838635227396,0.07904052710544435,0.04046453606243465,18.170833333333334,16.9375,16.099999999999998,,0.0,726.8645833333334,51.87708333333333,15.735416666666666
2023-07-28,10303.354166666666,0.00696656616002065,143.54782514313328,2761.6120783398287,0.08950801191896568,2680.427197344463,0.093994140625,5.61242262280147e-06,726.9479166666666,0.0,0.0150625,0.05560416666666667,,0.012513417181839615,0.07931342204540405,0.0406042437230949,17.965217391304346,16.78125,15.9125,,0.0,726.9479166666666,43.5625,16.822916666666668
2023-07-29,10308.8125,0.0069647402348244685,143.5857146028434,2788.1118229759936,0.083732154307403,2709.063775706405,0.08859888712565105,5.407925710179195e-06,728.1895833333333,,0.014729166666666666,0.05506249999999999,,0.012391518026077969,0.07945532741418307,0.04067689170663823,18.691666666666666,17.235416666666666,16.170833333333334,,0.0,728.1895833333333,38.510416666666664,18.114583333333332
2023-07-30,10224.979166666666,0.006993199171771446,143.00092733121792,2776.2972885176346,0.08620899889423127,2684.2423524551073,0.09315236409505208,6.351032868812293e-06,728.3770833333333,,0.014249999999999999,0.05433333333333334,,0.012227423008706526,0.07964635387215485,0.0407746870691004,17.46382978723404,16.545833333333334,15.841666666666667,,0.0,728.3770833333333,46.552083333333336,17.0125
2023-07-31,10202.583333333334,0.007002045240926915,142.83636326610005,2749.279590220234,0.09282142051221028,2636.5463980919008,0.10360972086588542,7.948598934552032e-06,727.2833333333333,0.022600000000000002,0.014020833333333331,0.053125,,0.021650414807352473,0.06867685110707175,0.03515888646047684,15.642553191489363,15.310416666666667,14.983333333333334,,0.0104,727.2833333333333,66.75833333333334,14.454166666666666
2023-08-01,9258.478260869566,0.007351905563660865,136.0576756845746,2515.8752250583043,0.1594603529316116,2393.6385288138235,0.16833761463994565,9.43921087693368e-06,726.6608695652175,0.08254166666666667,0.0380625,0.06452083333333333,,0.0630974240731009,0.020427516664226982,0.01045779949851399,14.708333333333334,14.50625,14.204166666666666,,11.5675,726.6608695652175,84.16956521739131,13.382608695652175
2023-08-02,8684.208333333334,0.007535247489615592,132.73972590871287,2439.8358509663885,0.18611062311562085,2330.2413549717226,0.18994854866190158,8.710356149379475e-06,726.1791666666667,0.11722916666666666,0.09139583333333333,0.08291666666666668,,0.100569594812707,0.023194624724120753,0.011874411304870639,14.702083333333334,14.610416666666666,14.214583333333332,,7.8251,726.1791666666667,77.60625,13.845833333333333
2023-08-03,8939.3125,0.0074795926372775295,133.7063704862803,2425.3036963391705,0.19043343022981515,2328.6411899447266,0.18927001953125,7.693843933310715e-06,725.2583333333333,0.11777083333333332,0.10862500000000001,0.08614583333333332,,0.10748955356514023,0.03125029412202737,0.01599848457204133,14.289583333333333,14.522916666666667,14.383333333333333,,5.8805,725.2583333333333,72.6125,12.902083333333332
2023-08-04,9112.145833333334,0.007408174433656317,134.993587067964,2463.9826326348334,0.17577920124620663,2382.1853758669727,0.17047754923502603,6.361677915021312e-06,724.9916666666667,0.0985625,0.09970833333333334,0.08560416666666666,,0.09604272865603761,0.017924804704763257,0.0091765444000693,12.68125,13.077083333333334,13.252083333333333,,0.057499997,724.9916666666667,64.31458333333333,12.114583333333334
2023-08-05,9207.833333333334,0.007369354052159446,135.7019206198905,2519.990501620762,0.15557405921673134,2441.364544326658,0.15139643351236978,5.963913280359532e-06,725.21875,0.08295833333333334,0.08835416666666666,0.08193750000000001,,0.08459543245212289,0.004598766643304712,0.002354323351519088,12.135416666666666,12.427083333333334,12.68125,,0.0348,725.21875,56.26666666666667,13.033333333333333
2023-08-06,9318.416666666666,0.00732651969542344,136.50808692644318,2554.092959726206,0.14485109925549558,2475.54947109835,0.14196014404296875,5.881653002566303e-06,724.7520833333333,0.07125,0.07970833333333334,0.07760416666666667,,0.07560635638729667,0.005865605697847362,0.0030028774096095066,13.235416666666666,13.022916666666667,12.6875,,0.0,724.7520833333333,56.041666666666664,13.793750000000001
2023-08-07,9538.4375,0.007240605631216621,138.11602912324523,2596.925527649792,0.13135606462199023,2528.300043775359,0.12751261393229166,5.031094174083412e-06,724.6020833333333,0.05835416666666667,0.0711875,0.07347916666666666,,0.06619799937509077,0.01681807180050402,0.008609956155330783,14.165217391304349,14.133333333333333,13.633333333333333,,0.0,724.6020833333333,47.68958333333333,13.539583333333333
2023-08-08,9818.875,0.007137251094192959,140.12647130626758,2627.334488159932,0.12300169519200192,2568.0700820486322,0.11813990275065105,4.282001001299054e-06,723.1479166666667,0.04797916666666666,0.06335416666666667,0.06970833333333333,,0.058188588615281124,0.026141995173656406,0.013383307844559513,14.219148936170212,14.277083333333332,13.929166666666667,,0.0,723.1479166666667,44.18333333333334,12.685416666666667
2023-08-09,9964.020833333334,0.007084345649055854,141.16324312684364,2647.459600471417,0.11738068946167252,2587.8404241134967,0.11342112223307292,4.2716815149385106e-06,722.0791666666668,0.038625,0.05652083333333333,0.0664375,,0.05107559261599853,0.034422383287054464,0.017622425113837843,14.167391304347827,14.28125,13.8125,,0.0,722.0791666666668,44.293749999999996,12.077083333333334
2023-08-10,10184.3125,0.007006993070546443,142.7173169685643,2681.969683042998,0.10823751313841552,2614.897849557623,0.10722605387369792,4.750878510898765e-06,722.30625,0.029041666666666664,0.050458333333333334,0.06435416666666667,,0.04439821974005148,0.042195653368507516,0.021601924986281575,14.985106382978723,14.981250000000001,14.370833333333332,,0.0,722.30625,44.3375,13.314583333333333
2023-08-11,9929.1875,0.007096766751717287,140.91624392785636,2654.2041135327713,0.11550925219493624,2555.9588684039973,0.12071990966796875,7.12069202058687e-06,723.9770833333333,0.025083333333333332,0.04547916666666666,0.06237499999999999,,0.0405321027086477,0.046696281446334406,0.023906006624247876,14.183333333333332,14.295833333333334,14.008333333333333,,1.8756,723.9770833333333,74.90625,11.61875
2023-08-12,10017.75,0.007065211064426889,141.54406611303432,2668.7177504609203,0.11169353648452655,2571.8611461861915,0.11694081624348958,6.974880635563642e-06,724.9833333333332,0.024520833333333335,0.04204166666666667,0.06097916666666667,,0.03878738278242737,0.04872734657553464,0.024945803690075076,14.508333333333333,14.383333333333333,13.970833333333333,,0.0,724.9833333333332,65.59375,12.502083333333333
2023-08-13,10196.791666666666,0.007002994308439025,142.80275785349554,2695.7489361677835,0.10500938904655328,2605.4111037692587,0.10948689778645833,6.423600587550777e-06,725.0104166666666,0.021479166666666664,0.039125,0.05975,,0.036196856521329784,0.05174303263271807,0.026489674178831912,14.015217391304349,14.064583333333333,13.65,,0.3865,725.0104166666666,63.84375,12.708333333333334
2023-08-14,10179.645833333334,0.0070088131123342105,142.68315572756674,2716.1131724024044,0.0999487410175567,2638.3592336795577,0.10234578450520833,5.458231394861355e-06,727.1625,0.0161875,0.03639583333333333,0.0590625,,0.025883803565436105,0.06374867429446505,0.032635922663819136,14.976086956521739,14.775,14.072916666666666,,0.0,727.1625,52.275,13.518749999999999
2023-08-15,10095.0,0.007038259633550144,142.08787478985326,2727.624528950439,0.09722977107144216,2646.058880597992,0.10076649983723958,5.7098833818771246e-06,728.9499999999999,0.010770833333333334,0.03383333333333333,0.058416666666666665,,0.02485189719251145,0.06494993818739665,0.033250905735113495,16.22391304347826,15.887500000000001,14.90625,,0.0,728.9499999999999,50.88125,15.014583333333334
2023-08-16,10270.729166666666,0.006977822439693099,143.31899602735103,2739.7927939079823,0.09436591029314843,2650.6886654095993,0.0997912089029948,6.226971251852651e-06,727.6104166666668,0.007270833333333333,0.03147916666666667,0.0579375,,0.023929576713252763,0.06602363083870244,0.033800579131784726,16.733333333333334,16.354166666666668,15.4625,,0.0,727.6104166666668,49.37708333333333,15.839583333333332
2023-08-17,10426.729166666666,0.0069251008997550595,144.40558603752189,2761.283845024169,0.08950408769855028,2670.812249541741,0.09573109944661458,6.271489339074168e-06,726.3958333333334,0.005979166666666667,0.028979166666666667,0.05697916666666667,,0.02284896744264895,0.06728159079825226,0.03444458756660191,15.108333333333334,15.079166666666666,14.797916666666666,,0.0,726.3958333333334,50.770833333333336,15.477083333333333
2023-08-18,10432.791666666666,0.006923148237465821,144.44714485796712,2764.9384590337086,0.0887138107593306,2654.5469609946626,0.09900156656901042,7.701693525784718e-06,725.3729166666667,0.006520833333333333,0.027854166666666666,0.05585416666666667,,0.02220656858292097,0.06802942081006283,0.03482743666426937,13.910416666666668,13.979166666666666,13.904166666666667,,0.0,725.3729166666667,65.175,14.045833333333334
2023-08-19,10396.041666666666,0.006935501026102398,144.1916306179534,2758.9785453909203,0.0901434922370163,2667.086175130184,0.09662119547526042,6.383636863555175e-06,725.4833333333332,0.006895833333333334,0.02704166666666667,0.05502083333333333,,0.021737925421827457,0.06857497816183632,0.03510673294357574,13.831249999999999,13.483333333333334,13.247916666666667,,1.1108,725.4833333333332,57.043749999999996,14.922916666666666
2023-08-20,10396.770833333334,0.006935301839149193,144.1963742042816,2778.5585835558654,0.08573418351084476,2711.3350616817247,0.08818817138671875,4.603612672515591e-06,726.0979166666666,0.006458333333333333,0.0264375,0.05502083333333333,,0.021528897884568084,0.06881831151040983,0.03523130664543644,15.834042553191491,14.995833333333332,13.997916666666667,,0.0,726.0979166666666,34.16458333333333,18.056250000000002
2023-08-21,10368.520833333334,0.0069448737314089515,143.99943562472217,2800.326699494685,0.08117982764462801,2738.4095407830378,0.08335240681966145,4.190388182959494e-06,727.86875,0.003708333333333333,0.025291666666666667,0.05514583333333334,,0.021160596922793047,0.069247058399392,0.03545080219520334,16.52978723404255,15.952083333333334,15.004166666666668,,0.0,727.86875,31.93958333333333,17.091666666666665
2023-08-22,10207.104166666666,0.0070001596072619314,142.8702614411781,2778.548158439559,0.0859538167480029,2693.899449731929,0.09187952677408855,5.8543605231917745e-06,728.3354166666667,0.004458333333333333,0.02395833333333333,0.054875,,0.020638345193719126,0.06985502261166787,0.035762047460046874,16.037499999999998,15.93125,15.366666666666667,,0.0,728.3354166666667,48.69166666666666,14.825000000000001
2023-08-23,9588.541666666666,0.007222007694292117,138.4760937123114,2626.6927184404426,0.12303040964845709,2513.6625640395137,0.13129552205403647,8.328388239955247e-06,727.475,0.05316666666666667,0.025645833333333336,0.05425,,0.04388890026371995,0.042788562873611005,0.02190546304365073,13.956249999999999,13.902083333333332,13.783333333333333,,6.8356,727.475,78.41458333333334,13.072916666666666
2023-08-24,9763.958333333334,0.007156547810125142,139.7389386489053,2631.632080323299,0.12149131852752104,2518.854980352816,0.12982177734375,8.292380059933994e-06,725.6875,0.05464583333333334,0.03252083333333333,0.05485416666666667,,0.047037985052650444,0.039122647096774814,0.02002870960353585,13.86875,13.9625,13.852083333333333,,1.4618,725.6875,76.08541666666666,13.154166666666667
2023-08-25,9307.354166666666,0.007334330233754458,136.40601286630735,2524.928879347052,0.15656734308443648,2394.5381975839814,0.1689173380533854,1.0095526805767407e-05,725.9354166666667,0.08760416666666666,0.04595833333333333,0.05552083333333333,,0.06597550152365121,0.01707708622487633,0.008742557732009567,14.018749999999999,14.075000000000001,13.8125,,5.9075,725.9354166666667,97.50833333333333,11.564583333333333
2023-08-26,8261.208333333334,0.007780242931430471,128.53660023257115,2261.487703951601,0.2711318008813751,2154.202028957736,0.27170562744140625,9.220899654230753e-06,726.9458333333333,0.14910416666666668,0.1183125,0.08208333333333333,,0.12336829380158144,0.049735069302953176,0.025461704002710438,13.450000000000001,13.389583333333334,13.206249999999999,,21.977499,726.9458333333333,89.77708333333334,11.808333333333332
2023-08-27,8408.645833333334,0.007712194926461483,129.6759041178387,2291.434735263933,0.2543315410009947,2188.2897181284993,0.25307337443033856,8.734196264954028e-06,727.0166666666668,0.1355625,0.121875,0.10727083333333333,,0.12446005843014632,0.05100601544912124,0.02611236067275544,14.391489361702128,14.518749999999999,14.133333333333333,,1.9755,727.0166666666668,81.11874999999999,12.852083333333333
2023-08-28,8616.854166666666,0.007618074998799527,131.2737309007992,2325.9850993411196,0.23590509153386882,2235.8107373206212,0.22933832804361978,7.489669887711537e-06,726.6625,0.11877083333333333,0.11285416666666666,0.11754166666666667,,0.11644718772241638,0.041678064277888414,0.02133694696563985,13.795833333333334,13.916666666666666,13.804166666666667,,0.46069998,726.6625,72.08333333333333,12.858333333333334
2023-08-29,8670.916666666666,0.007594334415810839,131.68462651771347,2347.1065087230004,0.22516030890121774,2278.6554049081237,0.2093531290690104,5.566684851751061e-06,727.5500000000001,0.099625,0.10137499999999999,0.12058333333333333,,0.10494701871560307,0.02829047587552038,0.014483215423921182,12.126086956521737,12.583333333333334,12.808333333333332,,0.0,727.5500000000001,59.30416666666667,12.114583333333334
2023-08-30,8977.625,0.007463448330239433,133.99356348270126,2389.3565123715816,0.2057006684598955,2321.6320619510548,0.19197209676106772,5.405568190007976e-06,725.7166666666667,0.07970833333333334,0.0884375,0.1195,,0.09168332037383878,0.012849925915992811,0.0065784770126044514,12.268749999999999,12.527083333333332,12.706249999999999,,0.0,725.7166666666667,51.725,13.310416666666667
2023-08-31,9274.375,0.007342987734219131,136.1906478070733,2425.340947768111,0.19054450078989302,2361.464175050496,0.17726771036783853,5.00942027344454e-06,723.2291666666666,0.068,0.07966666666666666,0.11558333333333333,,0.08274476581369333,0.0024443667200852895,0.0012513854463894803,12.908510638297873,12.802083333333334,12.622916666666667,,0.0,723.2291666666666,44.84375,14.483333333333334
2023-09-01,9390.020833333334,0.00729741469085016,137.03847271552078,2449.977449967662,0.18058027508431443,2387.7518041410017,0.16808573404947916,4.826124096834124e-06,723.7312499999999,0.057375,0.07227083333333333,0.11014583333333333,,0.07440440079898523,0.00726482745578033,0.0037192043542374083,13.922916666666666,13.654166666666667,13.206249999999999,,0.0,723.7312499999999,42.22291666666667,14.331249999999999
2023-09-02,9273.270833333334,0.007343731463650901,136.18064371381598,2469.109916787734,0.17347799735527183,2386.1290338211224,0.1688385009765625,6.4452626647141835e-06,726.0854166666667,0.04910416666666667,0.06614583333333333,0.1050625,,0.0675933052625949,0.015193766896268338,0.007778398639448441,13.793750000000001,13.9125,13.716666666666667,,0.0,726.0854166666667,59.07083333333333,12.802083333333334
2023-09-03,9224.9375,0.007362912987038908,135.82548167802398,2471.412107986743,0.17257352475989987,2375.3679829331736,0.17233403523763022,7.487718164620787e-06,725.1374999999999,0.0448125,0.06189583333333334,0.1001875,,0.06318477827425587,0.02032582580302421,0.010405739198930333,13.341666666666667,13.277083333333332,12.995833333333332,,0.0,725.1374999999999,73.80416666666666,11.847916666666668
2023-09-04,9846.208333333334,0.00712774684315766,140.31872541049526,2503.3995735221433,0.16104788625346472,2424.5957702587284,0.15649922688802084,6.032324622053898e-06,718.9041666666667,0.041,0.058375,0.09577083333333335,,0.05933722367686444,0.024804844961351203,0.01269875822212931,13.712765957446809,13.674999999999999,13.262500000000001,,0.0004,718.9041666666667,63.16041666666666,11.585416666666667
2023-09-05,9887.1875,0.007111692228682353,140.61876074472858,2528.6725391831587,0.1526729568717003,2461.5492561920923,0.14557647705078125,5.055150019313486e-06,721.1958333333333,0.0348125,0.054,0.08960416666666667,,0.053781494717710314,0.03127238578933439,0.01600979432794961,13.180434782608694,13.5,13.28125,,0.0,721.1958333333333,60.52916666666667,10.047916666666667
2023-09-06,9946.958333333334,0.007090458927697645,141.0420617282277,2572.707060881196,0.13872500881305808,2520.4772949506746,0.1296234130859375,3.8420290746041226e-06,724.3375,0.0276875,0.04945833333333333,0.08377083333333334,,0.04784095023784778,0.0381878984513867,0.019550168130499364,13.315217391304348,13.527083333333332,13.147916666666667,,0.0,724.3375,42.27708333333333,11.65
2023-09-07,10050.6875,0.007053645421571479,141.77643376611624,2593.9683953427198,0.13234349103606133,2544.451465231964,0.12356821695963542,3.6051001128680364e-06,724.8291666666668,0.021083333333333332,0.045020833333333336,0.07883333333333332,,0.042361473892290336,0.04456667200952956,0.022815760126529933,13.593478260869563,13.729166666666666,13.272916666666667,,0.0,724.8291666666668,36.75416666666667,12.237499999999999
2023-09-08,10096.416666666666,0.007037519351896446,142.09949952200935,2636.830794041338,0.12004730903578449,2591.7505408227166,0.1123186747233073,3.2218497486214726e-06,726.7145833333334,0.015708333333333335,0.040916666666666664,0.074375,,0.030893901536625537,0.05791631396531811,0.029650065110604213,13.42608695652174,13.616666666666667,13.21875,,0.0,726.7145833333334,33.833333333333336,12.029166666666667
2023-09-09,10100.083333333334,0.007036185459131012,142.1256798949395,2651.437467458727,0.11609820294143923,2607.628011641799,0.10879262288411458,3.112764250860618e-06,727.6916666666666,0.011479166666666665,0.03733333333333333,0.0706875,,0.02882430006030136,0.06032558053396995,0.030883481150722137,13.157446808510638,13.329166666666666,13.085416666666667,,0.0,727.6916666666666,31.6875,11.945833333333333
2023-09-10,10149.270833333334,0.007019285153030558,142.4701810249092,2671.320122211067,0.11102776622826967,2606.078376368945,0.10931015014648438,4.645981541604312e-06,726.1125000000001,0.009166666666666667,0.035145833333333334,0.06752083333333334,,0.02735483500020134,0.062036215689385915,0.03175923515276282,13.683333333333332,13.6625,13.260416666666666,,0.0,726.1125000000001,43.54583333333333,12.135416666666666
2023-09-11,9788.9375,0.007148201870658981,139.91237403380333,2565.4973861267067,0.1414405006816396,2480.4679110489383,0.14069239298502603,6.352092800253064e-06,724.3416666666667,0.0356875,0.0344375,0.065375,,0.04193604065480816,0.045061927781225086,0.02306930467851866,12.2875,12.458333333333334,12.44375,,4.8199,724.3416666666667,75.63958333333333,9.379166666666666
2023-09-12,9960.375,0.007085744657019176,141.13672842715488,2577.212252930927,0.1372809009471283,2513.5774779664175,0.13132349650065103,4.692349713397868e-06,723.0354166666666,0.03883333333333333,0.034895833333333334,0.06389583333333333,,0.04311123058660117,0.04369386448649169,0.022368929205926202,10.404347826086957,11.047916666666666,11.475,,0.024799999,723.0354166666666,62.44166666666666,8.69375
2023-09-13,10057.229166666666,0.007051373655922589,141.8224055675885,2599.514250697313,0.13064599064961188,2532.74514931489,0.126373291015625,4.882000434223165e-06,721.2979166666668,0.03264583333333334,0.035375,0.062625,,0.040336710602556974,0.04692374150295313,0.024022454046866062,10.733333333333334,11.189583333333333,11.420833333333334,,0.0,721.2979166666668,58.197916666666664,8.989583333333334
2023-09-14,9991.145833333334,0.007075258343705131,141.35173833669228,2595.225682568264,0.13212801443942737,2513.2193997106874,0.13166300455729166,6.049647096361632e-06,721.6374999999999,0.03291666666666667,0.03479166666666667,0.06183333333333333,,0.0400729123628267,0.04723083457721019,0.024179669329112613,10.047916666666667,10.770833333333334,11.152083333333332,,0.0857,721.6374999999999,80.83125,6.685416666666666
2023-09-15,9137.729166666666,0.0073977465641679166,135.18325473062313,2383.188406858549,0.20857953174434,2298.7277713961835,0.20110321044921875,6.805172030051384e-06,723.1979166666666,0.1158125,0.06752083333333334,0.06175,,0.08693823928064932,0.007326077303520839,0.0037505610109232635,8.672916666666667,9.335416666666667,10.033333333333333,,10.457399,723.1979166666666,97.09791666666666,5.472916666666666
2023-09-16,8993.791666666666,0.0074570296024463216,134.11239415118078,2364.707605595012,0.2168912773954752,2303.3808889137044,0.19925562540690103,4.938840362620488e-06,725.4333333333334,0.14114583333333333,0.12370833333333332,0.06252083333333333,,0.11741873483555161,0.04280906268812546,0.02191595785579421,7.273913043478261,8.05625,8.960416666666667,,5.9474998,725.4333333333334,78.85833333333333,5.677083333333333
2023-09-17,9138.104166666666,0.007397462492382733,135.1868469584361,2409.9952948710634,0.19672814012256803,2353.058996750468,0.18015034993489584,4.481962781630516e-06,725.75625,0.114875,0.114375,0.06708333333333334,,0.10394675541187133,0.027126048344375434,0.013887090606038219,8.460869565217392,9.035416666666666,9.387500000000001,,0.0,725.75625,59.19583333333333,7.956250000000001
2023-09-18,9224.520833333334,0.00736282802336095,135.82396467626475,2444.4168277625045,0.18307476425755473,2384.592172672736,0.16940180460611978,4.644980611180267e-06,723.7333333333332,0.09589583333333333,0.10175000000000001,0.07314583333333333,,0.09280147354892646,0.014151591523690065,0.007244860409233753,8.35,8.84375,9.356250000000001,,0.0,723.7333333333332,61.61875,7.758333333333334
2023-09-19,9175.354166666666,0.007382647547054179,135.46078841352173,2436.673193213384,0.1860182003917756,2366.4338387849944,0.17559305826822916,5.498596664929427e-06,721.4895833333334,0.08585416666666666,0.09416666666666666,0.07733333333333332,,0.08681252977679911,0.007179736228462247,0.0036756421822415663,8.674999999999999,8.918750000000001,9.208333333333334,,2.9166,721.4895833333334,75.0125,6.860416666666667
2023-09-20,9276.9375,0.007343006053682141,136.20307142122186,2449.5648935809327,0.1812959947865489,2387.967978975725,0.1686274210611979,4.78411981863903e-06,720.4833333333332,0.08033333333333333,0.0884375,0.07997916666666667,,0.08305748217690204,0.0028084064098362164,0.0014377543598259046,7.512765957446809,8.164583333333333,8.831249999999999,,0.0035,720.4833333333332,75.21875,6.03125
2023-09-21,9560.958333333334,0.007232220152654344,138.27804531306435,2484.6196211410384,0.16788726012927246,2428.9533878602574,0.15514628092447916,4.245826733457507e-06,719.0625,0.0693125,0.081375,0.08029166666666666,,0.07595664501778224,0.0054578273422256594,0.002794116631046858,9.304166666666667,9.404166666666667,9.404166666666667,,0.0034,719.0625,53.69583333333333,8.625
2023-09-22,9816.25,0.007137411651926475,140.1129483306443,2520.9276284840575,0.15509005913031984,2480.640969809961,0.1400629679361979,3.012258041692706e-06,719.1625,0.049895833333333334,0.073,0.079375,,0.06452346180285035,0.018767436176642647,0.009607926791228193,8.669565217391305,9.041666666666666,9.308333333333334,,0.0034,719.1625,42.22708333333333,7.766666666666667
2023-09-23,9862.854166666666,0.007120868706185063,140.44293293144247,2538.8606420923247,0.1496085426907865,2499.7538346945935,0.135223388671875,2.900661588073106e-06,720.7291666666666,0.042687499999999996,0.06629166666666668,0.07747916666666667,,0.0586836661884921,0.02556566496725117,0.01308825750424683,8.5,8.875,9.102083333333333,,0.0,720.7291666666666,42.42916666666667,6.910416666666666
2023-09-24,10004.916666666666,0.0070696125904127745,141.45423000524917,2570.949647694532,0.13905326055243392,2536.636941710468,0.125335693359375,2.5055517599169125e-06,722.50625,0.0366875,0.06025,0.0751875,,0.053503790870327805,0.03159566667366821,0.016175296905949505,7.888888888888889,8.527083333333334,8.829166666666667,,0.0,722.50625,41.24583333333333,5.535416666666666
2023-09-25,9561.395833333334,0.007233069791361869,138.27468580225832,2602.3856660191354,0.13005289914200358,2568.051136604947,0.11803181966145833,2.476249537117054e-06,725.8916666666668,0.030083333333333333,0.05479166666666666,0.07283333333333332,,0.04825249526966484,0.03770881023174906,0.01930490050323832,8.371739130434783,8.641666666666667,8.829166666666667,,0.0,725.8916666666668,36.90833333333333,7.158333333333334
2023-09-26,9572.25,0.00722787494769507,138.36018041759152,2583.594335244355,0.13534573321463722,2543.204274307783,0.12378311157226562,2.9399650106619157e-06,725.81875,0.023833333333333335,0.049999999999999996,0.07077083333333332,,0.04344941874015115,0.04330017255034697,0.022167379923159328,9.730434782608697,9.764583333333333,9.485416666666667,,0.0,725.81875,36.958333333333336,9.014583333333333
2023-09-27,9859.520833333334,0.007121914145682604,140.4202330839718,2622.3737597503687,0.12415907396099585,2576.6616381096783,0.11583455403645833,3.2845485802973747e-06,723.8312500000001,0.018166666666666668,0.0458125,0.06877083333333334,,0.03132655795381145,0.05741264953834346,0.02939221577539555,10.465217391304348,10.43125,10.047916666666667,,0.0,723.8312500000001,39.90416666666667,9.918750000000001
2023-09-28,10205.1875,0.007000254550222923,142.86055815768978,2634.423459139872,0.12070952426743481,2592.6822875568805,0.11211522420247395,2.982178303081622e-06,720.9499999999999,0.013479166666666667,0.042187499999999996,0.0669375,,0.02965981097229272,0.05935294472411354,0.03038554346932174,10.71063829787234,10.689583333333333,10.356250000000001,,0.0,720.9499999999999,35.768750000000004,10.185416666666667
2023-09-29,10509.666666666666,0.006898048715948121,144.97647359120248,2666.113226945333,0.11238306053406259,2625.250068316262,0.10508982340494792,2.882454565907627e-06,719.7541666666666,0.009416666666666665,0.03910416666666667,0.06497916666666667,,0.02815233741528967,0.06110782636947492,0.0312839493153417,10.764583333333334,10.747916666666667,10.460416666666667,,0.0,719.7541666666666,34.637499999999996,9.964583333333334
2023-09-30,10693.791666666666,0.006838382472850892,146.24108924913926,2679.823447261714,0.10883628203674849,2638.3785270658086,0.10231781005859375,2.9092325883880437e-06,719.4729166666666,0.006395833333333333,0.03652083333333333,0.0631875,,0.02685535959752606,0.06261766550148538,0.03205690645825408,10.541666666666666,10.606250000000001,10.439583333333333,,0.0,719.4729166666666,34.143750000000004,10.089583333333334
2023-10-01,10762.0625,0.006816620036645498,146.7074327016136,2683.856781084196,0.10784212603149983,2617.5707931761963,0.10682042439778645,4.699698189883806e-06,718.2229166666666,0.004833333333333334,0.0345,0.0615,,0.025776435770135823,0.06387366340117281,0.032699910423023226,10.533333333333333,10.627083333333333,10.50625,,0.5703,718.2229166666666,54.82916666666667,10.104166666666666
2023-10-02,10810.229166666666,0.006801564329802314,147.03430596264394,2683.7371924916642,0.10790634539173034,2618.6520392379,0.10654576619466145,4.605818650476918e-06,718.475,0.005958333333333334,0.03283333333333333,0.05991666666666667,,0.024843487471995027,0.06495972811976948,0.03325591765856664,9.31875,9.714583333333334,9.914583333333333,,0.018,718.475,56.456250000000004,8.383333333333333
2023-10-03,10102.916666666666,0.0070359343888637335,142.14065323699046,2486.288556068393,0.16765202478273436,2423.5071153497925,0.15714263916015625,4.798219211028135e-06,717.2895833333333,0.030125,0.03166666666666667,0.057812499999999996,,0.03688930284336417,0.05093694131835235,0.026076998400287918,4.539583333333334,6.2749999999999995,7.96875,,6.0365996,717.2895833333333,96.00833333333333,0.45416666666666666
2023-10-04,9870.9375,0.007117498088815981,140.5034578771962,2474.1891005794837,0.17153257534704502,2418.3144266770782,0.1583429972330729,4.280825511318094e-06,720.1166666666667,0.07572916666666667,0.0491875,0.05710416666666667,,0.062354915132905614,0.02129188692439653,0.010900310990337248,4.666666666666667,5.285416666666666,6.233333333333333,,3.4542,720.1166666666667,81.99374999999999,2.035416666666667
2023-10-05,9643.458333333334,0.007201259857077404,138.87309599055746,2512.3856282482243,0.15806105471816462,2460.0148701319,0.14589055379231772,3.943517532706562e-06,724.7624999999999,0.06839583333333334,0.06614583333333333,0.057791666666666665,,0.0652309755577074,0.017943804547104984,0.009186271306426992,6.425,6.708333333333333,7.008333333333333,,0.0,724.7624999999999,66.15625,4.145833333333333
2023-10-06,9558.4375,0.0072331627076002184,138.2598886009539,2524.643176285374,0.15396900310420983,2473.390461324999,0.14215850830078125,3.84065470539328e-06,725.8541666666666,0.0561875,0.065625,0.057999999999999996,,0.059860547617808374,0.02419563256470627,0.012386873953432131,6.358695652173913,6.960416666666667,7.40625,,0.0323,725.8541666666666,63.666666666666664,5.1499999999999995
2023-10-07,9668.020833333334,0.007191930147093119,139.05097558498414,2552.197749064456,0.14485562550743755,2505.755072332114,0.13320287068684897,3.433366715243627e-06,725.6291666666666,0.04699999999999999,0.0615,0.058020833333333334,,0.054496839871067626,0.03043963746423562,0.0155834715810512,6.534782608695653,6.995833333333334,7.33125,,0.0,725.6291666666666,53.78333333333333,6.066666666666666
2023-10-08,9876.833333333334,0.007115405571305242,140.54519106277675,2561.112510646028,0.14207289130422346,2517.9300151945836,0.1300532023111979,3.177132167416007e-06,724.1750000000001,0.04008333333333333,0.057229166666666664,0.058208333333333334,,0.05009432397277941,0.035564698734747865,0.018207229723834956,7.123913043478261,7.464583333333334,7.583333333333333,,0.0,724.1750000000001,48.41458333333333,6.54375
2023-10-09,10263.229166666666,0.006980333459539592,143.26692653841846,2599.6648084983776,0.1305205469499882,2558.055044585746,0.12012354532877605,3.012152490560134e-06,720.6895833333333,0.0340625,0.052833333333333336,0.058395833333333334,,0.04603285449840383,0.04029274069652326,0.020627735146473855,7.502127659574469,7.797916666666667,7.858333333333333,,0.0,720.6895833333333,45.98541666666667,6.402083333333334
2023-10-10,10652.645833333334,0.006851364270427744,145.96099596920416,2603.092644675065,0.12948721642678263,2562.6711079918055,0.1190185546875,2.9226231538264918e-06,716.2937499999999,0.028729166666666667,0.048375,0.057729166666666665,,0.04205245881296821,0.04492640295693032,0.022999923193591124,5.333333333333333,6.3062499999999995,7.222916666666666,,0.0,716.2937499999999,46.043749999999996,4.589583333333334
2023-10-11,11093.583333333334,0.006714168985665027,148.94863601658125,2600.3751282666713,0.13050582612723893,2541.339045888643,0.12443288167317708,4.30883954653312e-06,709.65,0.026708333333333334,0.045500000000000006,0.05664583333333334,,0.0399470830970758,0.04737731506961402,0.024254659532042443,4.722916666666666,5.364583333333333,6.147916666666667,,0.0,709.65,72.65416666666667,3.13125
2023-10-12,10301.958333333334,0.006968876526180356,143.52563773144823,2375.436104227283,0.21235105342377036,2320.2208164174276,0.1927515665690104,4.4047744742006825e-06,707.0,0.07385416666666667,0.05152083333333333,0.05633333333333334,,0.06218438678819987,0.02149040255390642,0.01100194040936356,2.43125,3.860416666666667,5.352083333333333,,10.2561,707.0,96.82291666666667,-0.9416666666666668
2023-10-13,9125.625,0.0074031360143612815,135.0907124593886,2253.1193139795146,0.27639673140862364,2204.5896933452345,0.24419021606445312,4.0740898832515505e-06,716.7770833333334,0.11108333333333333,0.09200000000000001,0.05697916666666667,,0.09230509600542093,0.013573747994547716,0.006949035328358065,1.8541666666666667,2.654166666666667,3.9895833333333335,,7.3069,716.7770833333334,91.35416666666667,-1.0979166666666667
2023-10-14,9010.729166666666,0.0074495811196565375,134.24126290074867,2323.0935307687305,0.23691464943378063,2275.655617601452,0.21044540405273438,3.860648463552983e-06,722.3979166666667,0.10862500000000001,0.11345833333333333,0.058687500000000004,,0.09905905582266489,0.021436174543742397,0.010974178559168041,2.3208333333333333,2.93125,3.7895833333333333,,0.0,722.3979166666667,85.74374999999999,-0.5791666666666666
2023-10-15,8910.9375,0.007491081732624488,133.49641728036147,2358.509449744393,0.219561829029816,2312.9722781468413,0.19513956705729166,3.646342016374616e-06,726.6395833333332,0.1074375,0.11564583333333334,0.0639375,,0.10048795147480889,0.02309958199884187,0.011825754496454004,3.5583333333333336,3.975,4.379166666666666,,1.1284,726.6395833333332,75.37708333333333,1.5645833333333332
2023-10-16,8951.645833333334,0.007474105412869361,133.80054462773265,2365.12346515146,0.2164989456257788,2319.102941435042,0.1927769978841146,3.6752278496898953e-06,727.3125,0.10047916666666667,0.11283333333333334,0.07027083333333334,,0.09795519726306964,0.020151149598323186,0.010316314294476643,4.691666666666666,4.85625,5.010416666666667,,0.0,727.3125,61.512499999999996,4.770833333333333
2023-10-17,9310.9375,0.007328622820118889,136.458413476134,2392.4321047201292,0.20422083555870388,2345.1843847030846,0.18298467000325522,3.731951463377266e-06,723.6,0.09077083333333334,0.10647916666666667,0.07589583333333333,,0.09285801094769955,0.0142174078976639,0.007278554883900022,5.73125,5.8062499999999995,5.808333333333334,,0.0,723.6,56.87083333333334,6.40625
2023-10-18,9469.25,0.007266929775539869,137.6147125040298,2409.658426666359,0.19688488350696356,2364.554479934346,0.17607752482096353,3.532837289920424e-06,722.9125,0.07922916666666667,0.0975625,0.08064583333333333,,0.08589088442217914,0.006106829503935274,0.0031263711381816902,5.427083333333333,5.7,5.935416666666666,,0.0,722.9125,52.025,6.095833333333334
2023-10-19,9233.708333333334,0.0073591571860375125,135.89162388526668,2427.419769351109,0.18982926898485175,2378.281366675675,0.17160415649414062,3.828542681382146e-06,726.0479166666668,0.07058333333333333,0.09041666666666666,0.08320833333333334,,0.08028639084739053,0.0004174792378348595,0.00021372711308149662,5.4750000000000005,5.610416666666667,5.8,,0.0,726.0479166666668,59.1625,6.10625
2023-10-20,9383.708333333334,0.007300278402125968,136.98982689013647,2477.234522530653,0.17043700969603834,2438.6019583361026,0.15213902791341147,2.9347112840695654e-06,725.3916666666668,0.06235416666666666,0.0838125,0.08508333333333334,,0.0748933242753519,0.006695661362832133,0.003427821658080882,5.3808510638297875,5.65625,5.90625,,0.0,725.3916666666668,45.45416666666667,6.760416666666667
2023-10-21,9790.4375,0.00714664106129596,139.92974444288058,2475.960346099606,0.1708577002263784,2441.758033639531,0.15113449096679688,2.593478844783148e-06,721.25,0.05510416666666667,0.07822916666666667,0.08568749999999999,,0.06998748972288711,0.01240664645527758,0.006351541560871962,5.329787234042553,5.5874999999999995,5.84375,,0.0,721.25,38.581250000000004,6.729166666666667
2023-10-22,10042.895833333334,0.007056855439952489,141.71827938548742,2469.2433526636564,0.17353254421500464,2431.474287833901,0.15442911783854166,2.878447709421704e-06,718.0354166666666,0.04960416666666667,0.07431249999999999,0.08585416666666666,,0.06631053873385843,0.016687062368090002,0.008542886310321221,5.6000000000000005,5.783333333333334,5.952083333333333,,0.0,718.0354166666666,43.03958333333333,6.254166666666666
2023-10-23,10351.770833333334,0.006950191540431847,143.88514282536627,2515.935300140995,0.15672838678838666,2477.9125633627955,0.1406987508138021,2.840830186272615e-06,714.9416666666666,0.04491666666666666,0.0694375,0.08508333333333334,,0.06243959278358495,0.021193311891846763,0.010849845828912597,5.158333333333333,5.327083333333333,5.627083333333334,,0.0,714.9416666666666,43.19375,5.904166666666666
2023-10-24,10383.833333333334,0.006939405137209173,144.10813203781643,2518.9625786999154,0.15569478834707318,2477.8495063869277,0.14072163899739584,3.0727721392374723e-06,715.4083333333333,0.040875,0.06581250000000001,0.08427083333333334,,0.05926878954466825,0.024884510572697704,0.01273954276799862,5.03125,5.385416666666667,5.770833333333333,,0.0,715.4083333333333,47.41041666666666,5.066666666666666
2023-10-25,10359.5625,0.0069478466364523,143.9374210476096,2519.589427061247,0.1556132720931411,2477.366113009824,0.14096959431966147,3.1567930329463668e-06,716.6,0.03727083333333333,0.06270833333333332,0.082875,,0.05633458466588107,0.028300280130705954,0.014488234679890879,4.208510638297873,4.627083333333333,5.102083333333334,,0.0,716.6,57.125,3.0895833333333336
2023-10-26,10662.270833333334,0.00684825694078179,146.02701258070815,2541.3036049387806,0.14848477413844227,2502.8897396517864,0.13405990600585938,2.8416509413577847e-06,714.5291666666667,0.034270833333333334,0.06010416666666666,0.08210416666666667,,0.053973195652266374,0.031049222703064497,0.015895546725069563,3.6020833333333333,4.214583333333334,4.860416666666667,,0.0,714.5291666666667,52.39166666666667,2.55625
2023-10-27,10309.854166666666,0.006964406521401144,143.59284392527536,2510.5097413063872,0.1587413335363125,2457.0304289500477,0.14672724405924478,4.029602233113938e-06,717.3125,0.0340625,0.05808333333333334,0.081,,0.052936177257241444,0.032256437608345706,0.016513576397426028,3.627083333333333,4.2,4.716666666666667,,2.3409,717.3125,84.83125,0.14374999999999996
2023-10-28,9821.875,0.007144629083571146,140.09297230713568,2364.375181052087,0.22904397369427976,2312.2796573301944,0.20646286010742188,4.200857810701385e-06,714.8625000000001,0.036020833333333335,0.05716666666666667,0.08020833333333334,,0.05328095519012093,0.0318550743716076,0.0163080998177284,2.1333333333333333,3.225,4.2250000000000005,,1.6501,714.8625000000001,87.11041666666667,-4.625929269271485e-18
2023-10-29,8186.645833333333,0.007818921704778834,127.93689254873867,2008.4228432843536,0.4976088962889957,1972.2048168186975,0.42691930135091144,3.3889999424718034e-06,715.7041666666668,0.052062500000000005,0.05808333333333333,0.07985416666666667,,0.06039993190286726,0.023567723983989264,0.012065418235222664,1.2562499999999999,2.0791666666666666,3.1770833333333335,,27.1141,715.7041666666668,87.3,-3.1645833333333333
2023-10-30,7748.875,0.00803316904228933,124.48792671517522,1963.0356201985087,0.556100478989367,1945.6755088667853,0.45531336466471356,1.6511145324202145e-06,721.34375,0.07510416666666667,0.06933333333333333,0.07968750000000001,,0.07413904768844026,0.007573730587826432,0.00387734628957399,1.0229166666666667,1.7895833333333335,2.7937499999999997,,2.8367999,721.34375,75.67708333333333,-10.85
2023-10-31,7725.979166666667,0.008045121696767812,124.30357982043381,1986.9947755876844,0.5207318935809613,1967.844539439736,0.42707570393880206,1.8017224103154103e-06,723.3270833333332,0.09318749999999999,0.08947916666666667,0.08,,0.08893672779210494,0.009652559775419987,0.004941596006896877,0.8354166666666667,1.5895833333333333,2.5520833333333335,,1.3072,723.3270833333332,74.79375,-9.262500000000001
2023-11-01,7733.395833333333,0.008041334508488256,124.36286206632508,1987.8668888046432,0.5196095770322122,1962.2397712881293,0.43403371175130206,2.418267992981641e-06,722.71875,0.10467391304347826,0.1047608695652174,0.0807608695652174,,0.09932249677556708,0.021742851692894957,0.011131180909934927,0.7543478260869566,1.4760869565217392,2.3717391304347823,,0.85789996,722.71875,73.96249999999999,-4.672916666666667
2023-11-02,7877.833333333333,0.007967030601803928,125.52014445588065,2017.991398887257,0.48046165213833025,1991.1540582754897,0.4011484781901042,2.4942786632974845e-06,721.8104166666667,0.1136875,0.11658333333333333,0.08152083333333333,,0.10745045612900793,0.031204779975042497,0.015975183755239295,0.6583333333333333,1.34375,2.2270833333333333,,0.0,721.8104166666667,64.23333333333333,-1.9166666666666667
2023-11-03,7927.454545454545,0.007942143926221775,125.91437880093677,2022.601613005526,0.47417379756620615,1990.0201875388295,0.4018304998224432,3.0314053776876512e-06,722.5272727272727,0.12704545454545454,0.12965909090909092,0.08277272727272728,,0.11798637361338611,0.043469862917615065,0.022254252344652767,0.8318181818181819,1.375,2.215909090909091,,0.64419997,722.5272727272727,58.06136363636363,1.6522727272727273
2023-11-04,8010.239130434783,0.007902135416251527,126.56412310954855,2056.48860712314,0.437488018641074,2024.0336768954603,0.371177341627038,2.9756138339109365e-06,723.9021739130435,0.1368888888888889,0.1455111111111111,0.09395555555555556,,0.13021006151044023,0.0576997148639487,0.029539177918053473,0.5688888888888889,1.1911111111111112,2.02,,0.0,723.9021739130435,64.3108695652174,1.0739130434782609
2023-11-05,8175.354166666667,0.007821031742075938,127.86671636901082,2069.012396649185,0.42303002441136006,2037.4542778119423,0.3568611145019531,2.8688182025575647e-06,721.24375,0.14729166666666668,0.1508125,0.10862500000000001,,0.1398080683099066,0.0688729562692062,0.03525928184871397,0.5020833333333333,1.0854166666666667,1.8666666666666665,,0.0,721.24375,58.56875,1.7708333333333333
2023-11-06,8304.5625,0.007760083961046438,128.87245329425846,2087.4605182038317,0.40368699265098246,2055.6611488171834,0.34055328369140625,2.8641887384245376e-06,717.6979166666666,0.16045833333333334,0.16827083333333334,0.12691666666666668,,0.15561290482639395,0.08727169857674029,0.044678457034798655,0.6375000000000001,1.0854166666666667,1.7916666666666667,,0.0,717.6979166666666,52.21041666666667,2.6916666666666664
2023-11-07,8555.520833333334,0.007645941892618497,130.80224457896765,2111.298504152482,0.3815488002510636,2083.1480401069653,0.31949106852213544,2.504778730895458e-06,715.0541666666667,0.15075,0.1653125,0.14922916666666666,,0.15544602911061595,0.08707743504932058,0.04457900446535407,0.5395833333333333,1.0562500000000001,1.7437500000000001,,0.0,715.0541666666667,44.37708333333333,3.1791666666666667
2023-11-08,8627.4375,0.007613626401629981,131.35303210975366,2131.1577463489916,0.3636725261071088,2095.83001776363,0.3097381591796875,3.1219963172389705e-06,714.4666666666667,0.16504166666666667,0.1775,0.17149999999999999,,0.17080537165288137,0.10495756845996937,0.05373267954435674,0.6791666666666667,1.1041666666666667,1.7020833333333334,,0.2092,714.4666666666667,64.00625000000001,0.6
2023-11-09,8301.583333333334,0.0077619696395119,128.84670979791585,2116.576308759256,0.378310442850003,2088.9498880216934,0.31708653767903644,2.454891537719045e-06,719.5083333333333,0.1480625,0.16572916666666668,0.18795833333333334,,0.16315309516806048,0.09604939260105741,0.04917216841805096,0.49583333333333335,1.05,1.6833333333333333,,1.9194,719.5083333333333,75.02916666666667,-4.84375
2023-11-10,8437.479166666666,0.007698564952349561,129.90054974188612,2141.368358481039,0.3549061327321532,2120.2433238038498,0.2928326924641927,1.8451179012399091e-06,719.0854166666667,0.08704166666666667,0.14029166666666668,0.1906875,,0.12878985594202494,0.056046423717928964,0.028692780991694773,0.08541666666666668,0.8104166666666667,1.5125,,0.0,719.0854166666667,63.731249999999996,-6.204166666666667
2023-11-11,8325.285714285714,0.007700089197908426,129.8727603140799,2154.7829715480543,0.3438982995001788,2132.8455734185727,0.284576416015625,1.9048369159582087e-06,719.9314285714286,0.04271428571428572,0.11368571428571429,0.18805714285714284,,0.09997736467774353,0.02250519717904098,0.01152146115661189,-0.3457142857142857,0.44285714285714284,1.2114285714285713,,0.0,719.9314285714286,52.379999999999995,-2.7
2023-11-12,8249.958333333334,0.007785690736609631,128.4482496449124,2174.3346696965323,0.3290031276542113,2152.853689098868,0.27250417073567706,1.848911448534998e-06,723.4645833333334,0.025520833333333336,0.08670833333333333,0.18475,,0.08252394073028486,0.0021872996001290794,0.0011197807857568746,-0.7645833333333334,0.18541666666666667,1.01875,,0.0,723.4645833333334,51.73541666666667,-2.35
2023-11-13,8162.604166666667,0.007827015550146936,127.76762964205966,2190.878858078464,0.3170287594984824,2167.7582582233545,0.2638893127441406,1.9748759879722326e-06,724.3541666666666,0.03258333333333333,0.06699999999999999,0.18081250000000001,,0.07784886792808603,0.0032550508896648433,0.0016664125219482565,-0.5166666666666667,0.043750000000000004,0.84375,,0.0,724.3541666666666,43.30416666666667,0.41041666666666665
2023-11-14,8322.5625,0.007751441243647356,129.01341435005676,2201.1553596089943,0.3095970754277672,2177.49045281638,0.2582995096842448,2.0129029325461193e-06,722.15,0.0626875,0.058687500000000004,0.17714583333333334,,0.08706182284466982,0.007469943527349711,0.0038242128477148315,-0.5208333333333334,-0.01875,0.7458333333333332,,0.0,722.15,44.916666666666664,-0.24583333333333335
2023-11-15,8378.104166666666,0.007725735167591455,129.443014415485,2197.444399654419,0.3119599647377106,2171.2119074936163,0.2616221110026042,2.2383027349025367e-06,722.1458333333334,0.08877083333333334,0.056791666666666664,0.17418749999999997,,0.09692934872860924,0.018956937762445666,0.009704941500434083,-0.41875,-0.0375,0.65,,0.0,722.1458333333334,53.18125,-0.48125
2023-11-16,8570.9375,0.0076383820287793695,130.92391926076567,2182.930361154655,0.3227563231370959,2142.705993801295,0.27900950113932294,3.487391872562106e-06,718.5583333333334,0.09325,0.06666666666666667,0.17200000000000001,,0.10177505023670369,0.02459792071431956,0.01259282403921282,-0.10208333333333335,0.016666666666666666,0.5979166666666667,,0.0,718.5583333333334,72.32083333333334,-0.4916666666666667
2023-11-17,8490.708333333334,0.007674271867331829,130.31034618904914,2174.849218104615,0.3289662357237723,2127.8056244922163,0.2883809407552083,4.097485164907367e-06,719.8020833333334,0.12766666666666668,0.08679166666666667,0.1729375,,0.12371282895838616,0.05013614991896101,0.025667035895661272,-0.07083333333333335,0.09791666666666667,0.6812499999999999,,3.1209998,719.8020833333334,81.25833333333334,1.1145833333333333
2023-11-18,8771.4375,0.007551840564189002,132.43899751470374,2207.802001418105,0.3053163572557728,2175.4638024245924,0.2597084045410156,2.754460168100369e-06,718.7416666666667,0.11235416666666666,0.1089375,0.1766458333333333,,0.12564057200732803,0.0523802761113213,0.026815908867096228,-0.2625,0.16874999999999998,0.7020833333333333,,0.0,718.7416666666667,66.62083333333334,-1.6500000000000001
2023-11-19,8894.958333333334,0.007498229751369715,133.3741724458705,2154.264444092086,0.34660181882981117,2109.7913741290063,0.3019701639811198,3.9076103828309125e-06,712.3354166666667,0.10960416666666667,0.10839583333333334,0.17699999999999996,,0.12435317962633721,0.050881595587683896,0.026048664336782146,-0.09375,0.1729166666666667,0.6895833333333333,,3.5444,712.3354166666667,87.76875,-1.1208333333333333
2023-11-20,8281.9375,0.007776085025534215,128.6669786072674,2028.7072923886024,0.4690308404000245,1990.0297920750306,0.4041786193847656,3.5977009165433473e-06,715.4333333333334,0.11091666666666666,0.1273125,0.17737499999999998,,0.13154533028325954,0.0592541293013756,0.030334955240936448,-0.05625,0.20000000000000004,0.6999999999999998,,4.0895,715.4333333333334,93.12708333333335,-3.2375000000000003
2023-11-21,7467.645833333333,0.008183406151389237,122.20618601341266,1972.9012482364317,0.541766709940091,1943.7639481621372,0.4584999084472656,2.773839648315847e-06,726.2520833333333,0.12089583333333333,0.13802083333333334,0.1786458333333333,,0.13981700821353812,0.06888336339888443,0.03526460974428341,-0.04583333333333334,0.22916666666666666,0.7270833333333333,,4.0387,726.2520833333333,83.8125,-5.095833333333333
2023-11-22,7686.3125,0.008067120900676428,123.97755780485603,1985.3045658027293,0.5249701948837916,1955.9733229661967,0.44372304280598956,2.7744993884067827e-06,724.4770833333333,0.13443750000000002,0.14225,0.18027083333333335,,0.1474549862412093,0.07777489412336437,0.039816599449146874,-0.010416666666666666,0.29583333333333334,0.7979166666666667,,0.0,724.4770833333333,80.74791666666667,-4.154166666666667
2023-11-23,8308.25,0.007760430767512594,128.88960382545108,2009.1017636130484,0.49248085602241454,1980.4429975956036,0.41411463419596356,2.6811292608424665e-06,715.0854166666667,0.13839583333333333,0.1423333333333333,0.18125,,0.14940221484094865,0.08004170385487225,0.04097708518331856,-0.05833333333333334,0.3083333333333333,0.8000000000000002,,0.0,715.0854166666667,73.18958333333333,-3.15625
2023-11-24,8682.6875,0.007589058277920156,131.7747161239327,2028.690084850293,0.4667766349898251,2003.7555012767432,0.38752110799153644,2.3046052066901412e-06,709.8604166666668,0.13547916666666668,0.14195833333333333,0.1825,,0.14830259121354497,0.078761608883009,0.040321744802260626,-0.0375,0.34791666666666665,0.8020833333333334,,1.2501,709.8604166666668,56.80833333333334,-2.4541666666666666
2023-11-25,8386.770833333334,0.007723618545203057,129.49948399867517,1980.8703908042128,0.5342237844681458,1953.9943438199837,0.45000584920247394,2.544870902000487e-06,709.6520833333334,0.1335625,0.142,0.18299999999999997,,0.14760731985330278,0.07795222888230098,0.03990738539163611,-0.03958333333333334,0.3541666666666667,0.8166666666666668,,3.7972999,709.6520833333334,89.52708333333334,-7.5874999999999995
2023-11-26,7869.9375,0.007971481548480354,125.45482601047856,1961.0008930305612,0.5593441296522504,1943.1390932033412,0.4589589436848958,1.7012365663363932e-06,716.3854166666666,0.12708333333333333,0.14145833333333332,0.18360416666666668,,0.1447764552117048,0.07465675986596931,0.03822028094360917,-0.05833333333333334,0.36874999999999997,0.8791666666666668,,0.3746,716.3854166666666,80.71458333333334,-11.258333333333333
2023-11-27,7768.9375,0.00802300676740619,124.64785912752654,1960.3435333680106,0.5602614600035039,1945.343034513018,0.4559923807779948,1.427792658606099e-06,718.9416666666666,0.09608333333333334,0.1365,0.18377083333333333,,0.1298001527375573,0.05722253144772018,0.029294885448588846,-0.1416666666666667,0.32708333333333334,0.8520833333333333,,1.3012999,718.9416666666666,75.47916666666667,-12.295833333333334
2023-11-28,7544.458333333333,0.008141300478738353,122.83480029604499,1965.407576624889,0.5520572230157176,1949.5234934382563,0.4499867757161458,1.5088138982254989e-06,722.36875,0.06610416666666667,0.12683333333333333,0.18283333333333332,,0.11338430615092421,0.038112499477923986,0.01951156787576318,-0.19791666666666666,0.2916666666666667,0.8000000000000002,,0.0,722.36875,68.52291666666666,-9.485416666666667
2023-11-29,7892.020833333333,0.007961724901519059,125.62330873110257,1965.3965807697484,0.5522900434934978,1951.252572996211,0.44778188069661456,1.3412874680683507e-06,717.0458333333332,0.055625,0.1163125,0.18110416666666665,,0.10485986400049009,0.028189017240211035,0.014431274011614512,-0.23750000000000002,0.23750000000000002,0.7895833333333333,,0.0,717.0458333333332,52.0375,-7.441666666666666
2023-11-30,8368.333333333334,0.007730907487306967,129.36382244027664,1970.2335176981187,0.5456808701227662,1952.0153024566414,0.44774119059244794,1.7287063316039288e-06,708.7895833333333,0.051166666666666666,0.10529166666666667,0.17899999999999996,,0.09866085162640961,0.020972616671123042,0.010736861641625125,-0.2854166666666667,0.1875,0.725,,0.0311,708.7895833333333,58.53125,-6.645833333333333
2023-12-01,8171.854166666667,0.007822928858283415,127.83811462187056,1914.596968969683,0.640551793824007,1886.3605304845116,0.5537910461425781,2.769309019115118e-06,706.7104166666667,0.05406521739130435,0.10184782608695651,0.17632608695652172,,0.09811103043349069,0.02033255826664772,0.010409185861383875,-0.17391304347826086,0.19130434782608696,0.7,,5.3989997,706.7104166666667,87.17708333333333,-5.972916666666666
2023-12-02,7583.395833333333,0.008121324637462271,123.14653563152943,1827.232213472642,0.8503948010623502,1805.9947142466056,0.8010698954264323,2.176136141704077e-06,709.1208333333334,0.057770833333333334,0.1079375,0.17518749999999997,,0.10155131299784399,0.024337463493007305,0.012459483827419302,-0.11458333333333333,0.20000000000000004,0.7020833333333333,,3.2953,709.1208333333334,88.33958333333334,-9.422916666666667
2023-12-03,7338.916666666667,0.00825715626982772,121.1373210364142,1766.1673634652198,1.0781321380246194,1740.9321422169796,1.5135955810546875,2.690270229409523e-06,711.4958333333334,0.05979166666666667,0.11527083333333334,0.17497916666666666,,0.10490848517958748,0.028245618176511014,0.014460250673485994,-0.10416666666666667,0.19791666666666666,0.7062499999999999,,6.7563996,711.4958333333334,93.19166666666666,-7.402083333333334
2023-12-04,6657.25,0.008667890538769962,115.38176374966052,1696.309593307481,1.4778083255159438,1664.3336759159947,3.6673062642415366,3.557879789346878e-06,719.4520833333332,0.06475,0.12297916666666665,0.17570833333333333,,0.1098665030990022,0.034017351022990465,0.01741507018775286,-0.08125,0.21875,0.7208333333333333,,13.158999,719.4520833333332,91.14166666666667,-3.0229166666666667
2023-12-05,6301.386363636364,0.008917665226159317,112.22236234236404,1672.6146015080326,1.4065700461728847,1643.6782043846993,3.5583052201704546,3.2511756915404323e-06,725.3818181818182,0.07265853658536586,0.13078048780487805,0.17653658536585365,,0.11614456587559192,0.0413257758267839,0.021156594059907316,-0.10975609756097561,0.18292682926829268,0.7146341463414634,,1.8912,725.3818181818182,84.46136363636364,-3.002272727272727
2023-12-06,6571.354166666667,0.008724769947277335,114.63316733902094,1722.718116613182,1.2929593842159486,1694.1028968051933,2.8352877298990884,3.124871303529099e-06,724.8604166666668,0.08029166666666666,0.13683333333333333,0.17883333333333332,,0.12203003050618277,0.048177168878865535,0.02466414204050239,-0.03125,0.26875,0.7416666666666667,,0.0,724.8604166666668,84.41458333333334,-3.2229166666666664
2023-12-07,7130.375,0.008377562468065163,119.40130010344176,1732.660169656743,1.2540394673997637,1708.7248960035165,2.2471656799316406,2.5944350177906557e-06,714.7041666666668,0.08420833333333333,0.14008333333333334,0.18089583333333334,,0.12529877591022265,0.051982384092267346,0.02661220936579502,-0.006250000000000001,0.2916666666666667,0.7666666666666666,,0.0,714.7041666666668,72.54166666666667,-3.7062500000000003
2023-12-08,7243.866666666667,0.008310394998987116,120.35400520958979,1695.1549979542806,2.107813510090085,1669.9235936487623,3.306920708550347,2.7947495069094177e-06,709.5666666666667,0.08842222222222221,0.14173333333333332,0.18284444444444445,,0.12811583068357918,0.05526177675078218,0.028291083575683943,-0.03111111111111111,0.2688888888888889,0.7666666666666667,,2.7003999,709.5666666666667,85.28888888888889,-5.535555555555556
2023-12-09,6942.458333333333,0.00848940085195999,117.82079791779911,1693.148900127063,1.5073762208183485,1676.6840004343157,3.3492584228515625,1.818447519029002e-06,715.8125,0.09770833333333334,0.144,0.18489583333333334,,0.13334524304362572,0.06134944556861274,0.031407645464076206,-0.016666666666666666,0.29791666666666666,0.7479166666666667,,5.3645997,715.8125,83.1375,-10.9
2023-12-10,6453.131578947368,0.008761365825585737,114.22354533154521,1673.0565274260207,1.5276188709578529,1658.8369614779651,3.413883518528294,1.5977110338694853e-06,722.1315789473684,0.10462162162162163,0.1451891891891892,0.1864864864864865,,0.13708029664120938,0.06569749994899701,0.033633617502974306,-0.03513513513513513,0.26216216216216215,0.745945945945946,,0.0,722.1315789473684,83.55263157894737,-13.1
2023-12-11,6526.666666666667,0.008619972980729165,116.01848376788853,1698.0366022928101,1.4709652847986596,1672.2249229636593,3.6362152099609375,2.8591657275537685e-06,718.5714285714286,0.11021052631578947,0.14568421052631578,0.18831578947368421,,0.140060758778025,0.06916711855311408,0.03540987725566918,-0.03684210526315789,0.23157894736842102,0.7684210526315789,,2.4633,718.5714285714286,66.18095238095238,-1.2666666666666668
2023-12-12,6595.15,0.008635922869616222,115.87556775239936,1665.208593141188,1.3141804259902814,1640.4683978736803,3.898416619551809,2.7962263231971925e-06,716.1571428571428,0.12533333333333335,0.147,0.1894761904761905,,0.14726449661425947,0.07755314114573299,0.03970307374671391,-0.009523809523809521,0.2619047619047619,0.7809523809523811,,0.0,716.1571428571428,62.69047619047619,-0.7428571428571429
2023-12-13,6670.875,0.008658208671415934,115.50343928826125,1679.971631551335,1.5952737885070611,1654.6668164522316,3.9170608520507812,2.831724418624902e-06,718.6541666666667,0.1366666666666667,0.14833333333333332,0.19091666666666665,,0.1529117297820418,0.0841272039458257,0.04306864342334551,0.027083333333333334,0.3104166666666667,0.7895833333333333,,0.0,718.6541666666667,69.52708333333334,-2.28125
2023-12-14,6395.736842105263,0.00870628726359667,114.88628892343986,1669.8226445574999,10.356313136540342,1644.1777800242942,3.8687107631138393,2.8854996710964067e-06,718.6684210526316,0.15457142857142858,0.1502,0.19225714285714285,,0.16153998283680954,0.09417153463872856,0.04821080525386791,-0.011428571428571427,0.2457142857142857,0.7914285714285714,,0.0,718.6684210526316,71.76842105263158,-2.494736842105263
2023-12-15,6222.257142857143,0.008872745665903615,112.78485863593932,1661.240670418746,1.9024741186114449,1639.0831700068204,3.7509441953716856,2.5004846768135852e-06,722.7142857142857,0.16511764705882354,0.15135294117647058,0.19367647058823528,,0.16678238961532865,0.10027433053216438,0.05133511139851408,0.0823529411764706,0.2882352941176471,0.8352941176470589,,0.0,722.7142857142857,71.80857142857144,-3.922857142857143
2023-12-16,6199.65,0.008904749626911474,112.39535289349911,1645.0348732445143,1.923363311967977,1627.325688363188,3.8746418200041117,2.013189167559076e-06,723.45,0.15812500000000002,0.151125,0.1958125,,0.16418453188980608,0.09725010976318234,0.04978687159231966,0.10625000000000001,0.35000000000000003,0.8125,,0.0,723.45,45.045,-0.09500000000000003
2023-12-17,6497.446808510638,0.008777971004812517,113.97246227201703,1676.636657074295,1.480055918272479,1660.456533147098,3.6201554968001997,1.805416822589946e-06,722.5531914893617,0.14946808510638296,0.1498936170212766,0.19595744680851065,,0.16007748878498088,0.09246901458052822,0.047339205748968854,0.07234042553191489,0.3404255319148936,0.8170212765957446,,0.0,722.5531914893617,57.38723404255319,-4.872340425531915
2023-12-18,6322.25,0.008900318983352657,112.41769105334342,1656.2902798332213,-0.9991810286104871,1641.2182237954974,3.6922760009765625,1.700012390341255e-06,721.6035714285715,0.13936,0.14776,0.196,,0.15501272942760497,0.08657302178308156,0.04432077176436424,0.10400000000000001,0.348,0.8160000000000001,,0.0,721.6035714285715,40.63928571428572,-1.0642857142857143
2023-12-19,6632.235294117647,0.008693950636402912,115.1252739653227,1667.669002382798,1.2740804522813232,1643.9226434854716,3.8180380428538605,2.668871769641316e-06,716.7235294117646,0.13258823529411765,0.14494117647058824,0.196,,0.15113253897028572,0.08205601053441118,0.04200830281634712,0.11176470588235295,0.3235294117647059,0.8117647058823529,,0.0,716.7235294117646,45.88235294117647,2.9529411764705884
2023-12-20,6671.586956521739,0.00862241348007476,115.9837434881756,1683.7975286902022,1.5829959701041056,1658.3880422075422,3.8297329372829862,2.837931867510945e-06,717.1521739130435,0.13691304347826086,0.1452391304347826,0.19595652173913045,,0.15308109051381252,0.08432436033258203,0.04316957698254607,0.03260869565217391,0.2956521739130435,0.7804347826086956,,1.3748,717.1521739130435,65.57826086956521,-1.2543478260869565
2023-12-21,6420.642857142857,0.008841131359789192,113.25292165466689,1683.696367076602,1.1664274581454446,1650.0405579558762,3.222259521484375,3.7680674940466724e-06,721.0533333333333,0.14846153846153845,0.14746153846153845,0.19684615384615387,,0.15900425803381105,0.09121964411050178,0.04669959467486401,0.015384615384615387,0.25384615384615383,0.7846153846153847,,0.0,721.0533333333333,75.15333333333334,0.5533333333333333
2023-12-22,6505.066666666667,0.008805862770870313,113.90735303495096,1660.8730923313988,0.9602035397357118,1669.8253658565302,2.4359654017857144,2.506099438761679e-06,718.1466666666668,0.1535,0.14878571428571427,0.19757142857142856,,0.16178700419904218,0.09445909739734573,0.04835802205570875,0.21428571428571427,0.32142857142857145,0.7928571428571428,,0.0,718.1466666666668,50.66,1.3
2023-12-23,6600.444444444444,0.008497116434638826,117.7970328882697,1648.1639141997248,0.4283661457056195,1614.7652344899216,3.952423095703125,3.828809695607782e-06,709.3545454545455,0.14855555555555555,0.148,0.19777777777777777,,0.15944054140330893,0.09172753074887861,0.04695960555721569,0.06666666666666668,0.3222222222222222,0.7777777777777778,,0.3593,709.3545454545455,79.43636363636364,-0.8
2023-12-24,,,,,,,,,,,,,,,,,,,,,4.2474,,,
2023-12-25,,,,,,,,,,,,,,,,,,,,,0.0,,,
2023-12-26,,,,,,,,,,,,,,,,,,,,,0.2956,,,
2023-12-27,,,,,,,,,,,,,,,,,,,,,1.7119,,,
2023-12-28,,,,,,,,,,,,,,,,,,,,,0.0,,,
2023-12-29,,,,,,,,,,,,,,,,,,,,,0.0,,,
2023-12-30,,,,,,,,,,,,,,,,,,,,,0.0,,,
2023-12-31,,,,,,,,,,,,,,,,,,,,,1.6229999,,,
2024-01-01,,,,,,,,,,,,,,,,,,,,,0.0,,,
2024-01-02,,,,,,,,,,,,,,,,,,,,,0.0,,,
2024-01-03,,,,,,,,,,,,,,,,,,,,,0.0,,,
2024-01-04,,,,,,,,,,,,,,,,,,,,,0.0,,,
2024-01-05,,,,,,,,,,,,,,,,,,,,,0.3487,,,
2024-01-06,,,,,,,,,,,,,,,,,,,,,1.8195,,,
2024-01-07,,,,,,,,,,,,,,,,,,,,,1.293,,,
2024-01-08,,,,,,,,,,,,,,,,,,,,,0.3204,,,
2024-01-09,,,,,,,,,,,,,,,,,,,,,0.0,,,
2024-01-10,,,,,,,,,,,,,,,,,,,,,3.8767,,,
2024-01-11,,,,,,,,,,,,,,,,,,,,,4.6977997,,,
2024-01-12,,,,,,,,,,,,,,,,,,,,,4.3563,,,
2024-01-13,,,,,,,,,,,,,,,,,,,,,4.8441997,,,
2024-01-14,,,,,,,,,,,,,,,,,,,,,7.6513996,,,
2024-01-15,,,,,,,,,,,,,,,,,,,,,16.3584,,,
2024-01-16,,,,,,,,,,,,,,,,,,,,,3.9550998,,,
2024-01-17,,,,,,,,,,,,,,,,,,,,,0.0,,,
2024-01-18,,,,,,,,,,,,,,,,,,,,,12.7027,,,
2024-01-19,,,,,,,,,,,,,,,,,,,,,5.4922,,,
2024-01-20,,,,,,,,,,,,,,,,,,,,,2.2919,,,
2024-01-21,,,,,,,,,,,,,,,,,,,,,0.0,,,
2024-01-22,,,,,,,,,,,,,,,,,,,,,0.0,,,
2024-01-23,,,,,,,,,,,,,,,,,,,,,0.0,,,
2024-01-24,,,,,,,,,,,,,,,,,,,,,0.0,,,
2024-01-25,,,,,,,,,,,,,,,,,,,,,0.0012,,,
2024-01-26,,,,,,,,,,,,,,,,,,,,,0.0,,,
2024-01-27,,,,,,,,,,,,,,,,,,,,,0.0,,,
2024-01-28,,,,,,,,,,,,,,,,,,,,,0.0,,,
2024-01-29,,,,,,,,,,,,,,,,,,,,,0.0,,,
2024-01-30,,,,,,,,,,,,,,,,,,,,,0.0,,,
2024-01-31,5960.692307692308,0.009163474526996377,109.16669350788547,1467.7278616443498,-8.372581879169216,1449.325518731454,3.999969482421875,2.350048701751247e-06,718.6692307692308,0.2014166666666667,0.16283333333333336,0.21683333333333332,,0.19153717317665558,0.12909189426643713,0.06608816770596206,0.3416666666666666,0.4666666666666666,0.8333333333333334,,0.0,718.6692307692308,34.353846153846156,5.161538461538461
2024-02-01,5936.666666666667,0.00905573386647547,110.54061280469627,1460.606565293572,6.652330534393187,1438.4862924931224,3.999969482421875,2.843336569063506e-06,714.0333333333333,0.20153846153846156,0.16276923076923078,0.21769230769230768,,0.19176055014246043,0.12935193208631557,0.06622129320658063,0.27692307692307694,0.4,0.7692307692307693,,0.0,714.0333333333333,50.946666666666665,2.1
2024-02-02,6567.944444444444,0.008641468167163728,115.76662155361156,1490.793043655979,27.33239595861816,1465.300186951426,3.999969482421875,3.221159468988683e-06,703.9166666666666,0.2016666666666667,0.16283333333333333,0.21883333333333332,,0.1920945070649983,0.1297406983575251,0.06642032081149817,0.35000000000000003,0.4722222222222222,0.8166666666666667,,1.5514,703.9166666666666,55.583333333333336,2.7777777777777777
2024-02-03,4830.0,,,,,,,,702.2,,,,,,,,,,,,11.1816,702.2,92.0,-1.8
2024-02-04,5807.0,0.0090408218712089,110.61583846273176,1476.3133551702797,-150.95564867195586,1455.9285267221999,3.999969482421875,2.592829639422592e-06,714.825,0.20637499999999998,0.16525,0.22175,,0.19560677242614152,0.13382940027025547,0.0685135182135791,0.46249999999999997,0.6625,0.9750000000000001,,9.3604,714.825,64.2375,-2.725
2024-02-05,5889.925925925926,0.009155316550212499,109.2328292771123,1468.9419211782947,6.802461740579147,1449.3651816549752,3.999969482421875,2.5060835226244155e-06,717.125,0.20779310344827587,0.16648275862068967,0.22248275862068964,,0.19680651774932653,0.13522604901210883,0.0692285279111471,0.23793103448275862,0.39655172413793105,0.7068965517241379,,0.0,717.125,73.63571428571429,-4.546428571428572
2024-02-06,5961.823529411765,0.009092516215025043,109.99431870219459,1454.6324616664738,-38.80220793450128,1431.915240387833,3.999969482421875,2.939626550788238e-06,713.7111111111111,0.21044444444444443,0.1678888888888889,0.22422222222222224,,0.1988218318756738,0.1375721185358724,0.07042959043344865,0.41111111111111115,0.48888888888888893,0.7944444444444445,,0.1277,713.7111111111111,48.68888888888889,3.5888888888888886
2024-02-07,5617.2307692307695,0.008826991586947323,113.37906642742229,1430.431464879393,-82.70530624926513,1411.3295535593895,3.999969482421875,2.514533872318332e-06,702.6538461538462,0.212,0.169,0.226,,0.20027362995755438,0.1392621871906939,0.07129481548362807,0.45454545454545453,0.5545454545454546,0.9,,1.7502999,702.6538461538462,62.400000000000006,-1.7000000000000002
2024-02-08,4144.0,0.0093032312942948,107.48953437428224,1330.8610969926056,-2.800464719527405,1314.5945812163675,3.999969482421875,2.2914423803216427e-06,708.3,0.212,0.17,0.226,,0.2006196065709492,0.13966494583660866,0.07150100643843196,0.0,0.0,0.4,,2.5888999,708.3,77.6,-6.2
2024-02-09,,,,,,,,,,,,,,,,,,,,,2.1631,,,
2024-02-10,6136.1,0.008921177617609155,112.10166897773735,1432.9129141748622,-9.932794413353342,1417.8314073810986,3.999969482421875,1.9709646184004387e-06,707.5600000000001,0.213,0.171,0.23000000000000004,,0.20229474035670603,0.1416150042774304,0.0724993323984451,0.8300000000000001,0.8400000000000001,1.1,,4.2311,707.5600000000001,56.5,-4.63
2024-02-11,5400.25,0.009246041191529542,108.21869249746666,1431.9089855102811,4.591704151910322,1420.794796637487,3.999969482421875,1.4531697074975643e-06,713.8375,0.213,0.171,0.23075,,0.20246352380314522,0.14181148863420134,0.07259992191412046,1.2125,1.1,1.4875,,1.6445999,713.8375,45.275,-5.4125
2024-02-12,5317.615384615385,0.00931673592735032,107.40750297354559,1452.5961213954574,32.23547592944154,1433.532241081442,3.999969482421875,2.457792949169922e-06,715.4,0.21207142857142855,0.171,0.23171428571428573,,0.20228219364231076,0.1416003983835495,0.07249185495944878,0.7928571428571428,0.7285714285714285,1.0357142857142858,,0.0,715.4,64.14285714285714,-3.35
2024-02-13,5675.6,0.009163359776944775,109.13282190224432,1453.7226877679323,-6.237155127391026,1440.1599863848746,3.999969482421875,1.744396380271972e-06,713.67,0.211,0.17,0.23200000000000004,,0.20154089535110992,0.14073743746531464,0.07205006497556113,1.4,1.21,1.5,,0.0,713.67,32.89,1.46
2024-02-14,,,,,,,,,,,,,,,,,,,,,0.0,,,
2024-02-15,5130.909090909091,0.009263653508724544,107.95469798416879,1441.50607186121,-16.4856447577877,1422.3079307060857,3.999969482421875,2.4998061051551334e-06,714.3363636363637,0.209,0.17,0.233,,0.20090798236365634,0.1400006501567523,0.07167286915324719,0.6363636363636364,0.5909090909090909,0.8636363636363636,,1.1142,714.3363636363637,52.22727272727273,-0.23636363636363633
2024-02-16,4380.0,0.009595205723791434,104.33398228852845,1361.7316677770511,-6.382905963234184,1340.0382193169876,3.999969482421875,2.9966376681967027e-06,713.775,0.208,0.16975,0.233,,0.20039250941895473,0.13940057726981187,0.07136566382627237,0.625,0.5875,0.8375,,6.8862,713.775,71.45,-2.1125
2024-02-17,4922.428571428572,0.00941700178112897,106.19245103904962,1428.7218630726968,-8.957290789556776,1411.3775169678115,3.999969482421875,2.27714995818456e-06,717.1928571428572,0.20835714285714285,0.17,0.2337857142857143,,0.20080903103691344,0.13988545883795367,0.07161389733911204,0.7928571428571428,0.7357142857142858,1.0071428571428571,,8.0302,717.1928571428572,57.392857142857146,-3.0357142857142856
2024-02-18,5550.772727272727,0.00935542728026257,106.8971928037821,1434.097590674251,-0.7052831602755516,1419.723625284829,3.999969482421875,1.8775998159704466e-06,716.1863636363637,0.20895652173913043,0.17030434782608697,0.234,,0.20121967293727433,0.14036349570328505,0.07185862672901817,0.3347826086956522,0.4652173913043478,0.7695652173913043,,0.0,716.1863636363637,76.85909090909091,-9.481818181818182
2024-02-19,5635.5,0.00941993343018095,106.16260950719474,1421.60963757535,-8.508282935272735,1405.4844124679364,3.999969482421875,2.123431400128037e-06,717.79,0.2102,0.171,0.23569999999999997,,0.2023763539338558,0.14171001235759675,0.07254797147041112,1.3599999999999999,1.05,1.3800000000000001,,3.9283998,717.79,34.489999999999995,3.6700000000000004
2024-02-20,5304.142857142857,0.00952224797585795,105.02055833316318,1409.3261157672878,-6.430873232764711,1384.80448371476,3.999969482421875,3.2797229577998717e-06,719.6428571428571,0.211,0.171,0.236,,0.2027870503455138,0.14218811268067458,0.07279273334730037,0.8857142857142858,0.7000000000000001,0.9857142857142857,,0.0,719.6428571428571,59.67142857142857,1.9428571428571428
2024-02-21,5371.777777777777,0.009259331422369151,108.08007482937273,1402.1454520537807,-10.817762003033733,1390.2060625476934,3.999969482421875,1.588885735714917e-06,713.3666666666667,0.211,0.172,0.23744444444444446,,0.203458091374273,0.14296928564333342,0.0731926522582198,1.488888888888889,1.2777777777777777,1.5666666666666667,,0.0,713.3666666666667,25.955555555555556,3.011111111111111
2024-02-22,5502.571428571428,0.009358615673859066,106.85553439817146,1436.704440698187,-12.458872615111929,1418.6003458977084,3.999969482421875,2.363955962809862e-06,717.842857142857,0.213,0.173,0.238,,0.20478705034551375,0.1445163547081502,0.07398466914192356,2.242857142857143,2.1142857142857143,2.3428571428571425,,0.0195,717.842857142857,53.51428571428572,-1.2714285714285716
2024-02-23,5476.818181818182,,,,,,,,606.8363636363637,0.214,0.174,0.23999999999999996,,0.20601209494076606,0.14594245486424937,0.07471475639346901,1.9545454545454546,1.6,1.9181818181818182,,1.9161999,606.8363636363637,39.25454545454546,-0.20909090909090908
2024-02-24,5584.916666666667,0.009472897075149008,105.64778061493219,1407.1132260466968,-12.523425951507528,1396.0392529765677,3.999969482421875,1.4691103510170053e-06,718.4,0.215,0.17499999999999996,0.241,,0.20701209494076606,0.14710657587798717,0.0753107242907806,1.7666666666666666,1.4166666666666667,1.7000000000000002,,1.1502,718.4,24.541666666666668,3.275
2024-02-25,5447.615384615385,0.009373780744266673,106.68619357875173,1428.6119938588542,-11.46815135232995,1414.472674763634,3.999969482421875,1.8503452601621521e-06,717.0076923076923,0.215,0.175,0.242,,0.20723713953601833,0.1473685550203485,0.07544484364501447,1.6307692307692307,1.353846153846154,1.5692307692307692,,0.3353,717.0076923076923,30.45384615384615,3.569230769230769
2024-02-26,5454.777777777777,0.009327687641291129,107.28535223829087,1363.2780564777574,-5.244364243934436,1348.0595430434819,3.999969482421875,2.0902663326542126e-06,709.1333333333333,0.215,0.175,0.24333333333333332,,0.20753719899635467,0.14771786054349687,0.07562366945065957,1.7333333333333334,1.3888888888888888,1.6333333333333333,,0.3127,709.1333333333333,35.099999999999994,2.988888888888889
2024-02-27,,,,,,,,,,,,,,,,,,,,,0.6829,,,
2024-02-28,5579.4,0.009335045485027766,107.12582043366649,1438.1279909041687,-16.33104778253054,1422.927522596408,3.999969482421875,1.9777396220819543e-06,717.42,0.215,0.176,0.24500000000000002,,0.20825824993516995,0.14855725109334714,0.07605339266251987,1.67,1.3,1.55,,12.0012,717.42,38.62,0.9200000000000002
2024-02-29,5853.222222222223,0.009243120241690056,108.1937492444848,1433.5980280000108,-14.898426059397597,1422.3913183391446,3.999969482421875,1.4579093874776712e-06,715.2555555555556,0.21522222222222223,0.177,0.24611111111111109,,0.2089496047191457,0.14936207172532148,0.07646541791942221,1.5,1.1111111111111112,1.3777777777777778,,1.9986,715.2555555555556,22.255555555555556,4.555555555555555
2024-03-01,5288.333333333333,,,,,,,,602.3666666666667,0.216,0.17699999999999996,0.247,,0.20948329453042222,0.14998335124944628,0.07678347991406533,0.9333333333333332,0.6666666666666666,1.0333333333333332,,0.0319,602.3666666666667,41.0,2.0
2024-03-02,5827.5,0.009156231383358712,109.3369506597649,1388.6786665313434,-8.171781918650884,1376.1721515473303,3.999969482421875,1.6864036169123352e-06,708.11,0.21600000000000003,0.177,0.248,,0.20970833912567452,0.1502453303918076,0.07691759926829916,1.97,1.6199999999999999,1.8800000000000001,,0.015,708.11,24.71,4.96
2024-03-03,,,,,,,,,,,,,,,,,,,,,10.5727,,,
2024-03-04,,,,,,,,,,,,,,,,,,,,,19.7122,,,
2024-03-05,5284.307692307692,0.00944017834992447,105.97154319003934,1388.0387652020559,-6.18443448761833,1364.9643027803254,3.999969482421875,3.129491929065675e-06,712.9153846153846,0.21700000000000003,0.179,0.25123076923076926,,0.21155633829770903,0.15239662506134313,0.07801894744909019,1.4461538461538461,1.146153846153846,1.3692307692307693,,4.5615,712.9153846153846,69.1923076923077,-1.0461538461538462
2024-03-06,5372.666666666667,0.009335472757087845,107.18201300426539,1382.1737729533525,-5.34216859458142,1383.6442466134145,3.999969482421875,2.7181558524449253e-06,710.7666666666668,0.218,0.18000000000000002,0.253,,0.21272944952482611,0.1537622684922819,0.07871808408042778,1.8,1.5166666666666666,1.7666666666666666,,2.1943,710.7666666666668,53.199999999999996,0.9333333333333332
2024-03-07,,,,,,,,,,,,,,,,,,,,,0.20109999,,,
2024-03-08,5607.142857142857,0.0092666410848584,107.92088987303846,1419.9320992815576,-9.751582892452051,1398.7838040021604,3.999969482421875,2.8003021746354307e-06,713.3285714285714,0.21885714285714286,0.18,0.25457142857142856,,0.21345078713852503,0.1546019927663883,0.0791479781413157,2.157142857142857,1.8571428571428572,2.085714285714286,,0.243,713.3285714285714,64.4,-1.8285714285714287
2024-03-09,5516.6,0.009383871576757255,106.56774584070395,1432.7255416764147,-10.226229524832743,1419.3964835710474,3.999969482421875,1.7381396491743159e-06,718.3,0.21869999999999998,0.18,0.256,,0.21370486846452996,0.15489777417718903,0.07929940245492101,1.8199999999999998,1.46,1.75,,2.1901,718.3,32.67,1.5100000000000002
2024-03-10,5532.6,0.009377332161740045,106.64878184216087,1406.495091866137,-7.260231754171155,1395.2690759551374,3.999969482421875,1.490374517458622e-06,718.1600000000001,0.21800000000000003,0.181,0.256,,0.21375055992397773,0.15495096456528054,0.0793266330979332,1.6,1.23,1.48,,0.0,718.1600000000001,21.509999999999998,5.3
2024-03-11,5650.75,0.00932144500740361,107.338551855309,1391.9268343532776,-7.911059972860087,1377.067040288368,3.999969482421875,1.999637902558593e-06,714.7083333333334,0.219,0.18108333333333335,0.2575,,0.21454593699265861,0.15587687972477712,0.0798006522971248,1.7083333333333333,1.3916666666666666,1.6083333333333334,,1.3278999,714.7083333333334,27.75,5.708333333333333
2024-03-12,5619.1,0.009160329580192313,109.17157264506318,1434.4447966259338,-3.6419331539967734,1415.1171121485781,3.999969482421875,2.5249058450860637e-06,712.9300000000001,0.219,0.182,0.2581,,0.21499810897875524,0.15640326263561577,0.08007013228490201,1.8,1.45,1.6300000000000001,,1.1094999,712.9300000000001,38.160000000000004,4.4399999999999995
2024-03-13,,,,,,,,,,,,,,,,,,,,,2.2642,,,
2024-03-14,5263.0,0.009258182820783601,108.01529835651293,1401.8082790160925,-5.600490085452945,1381.996598844565,3.999969482421875,2.6550698686752625e-06,713.175,0.221,0.183,0.261,,0.21685467250108745,0.15856452724530187,0.08117658454353179,2.0625,1.7625,2.0125,,5.1355,713.175,64.9875,-2.5
2024-03-15,,,,,,,,,,,,,,,,,,,,,4.6496997,,,
2024-03-16,,,,,,,,,,,,,,,,,,,,,0.0,,,
2024-03-17,5510.642857142857,0.009392268713972009,106.52152661882417,1402.8543075854507,-8.814464453035946,1383.771638273066,3.999969482421875,2.552799471423557e-06,717.0500000000001,0.223,0.18514285714285714,0.26421428571428573,,0.21917736616866446,0.1612684237522041,0.08256083540469665,1.9928571428571427,1.6428571428571428,1.8071428571428572,,0.0,717.0500000000001,43.82857142857143,2.707142857142857
2024-03-18,5456.0,0.009476471934516966,105.56650835764702,1414.9182201177462,-10.893225883492432,1397.9309510140413,3.999969482421875,2.2508433590686795e-06,720.4307692307692,0.223,0.186,0.266,,0.21987578290023907,0.1620814653457762,0.08297706935566042,1.2923076923076924,1.0230769230769232,1.223076923076923,,0.0,720.4307692307692,34.892307692307696,4.853846153846154
2024-03-19,5426.272727272727,0.00949870194260945,105.36154937117797,1368.5225213516155,-4.997170787773205,1350.6879873007001,3.999969482421875,2.4474301020042375e-06,716.709090909091,0.22445454545454543,0.187,0.268,,0.2212958178551972,0.1637345578770852,0.08382336460187578,1.5636363636363635,1.2090909090909092,1.3818181818181818,,0.0,716.709090909091,30.681818181818183,7.554545454545454
2024-03-20,5425.285714285715,0.009321664770433918,107.31074736316187,1411.0225355396587,-10.390913379482193,1393.6943715330965,3.999969482421875,2.305481057468892e-06,715.7214285714286,0.2250714285714286,0.188,0.269,,0.22213146883773086,0.16470735674600334,0.08432138576082276,1.2285714285714284,0.9857142857142858,1.1714285714285713,,0.0,715.7214285714286,33.35,5.885714285714286
2024-03-21,5628.7,0.009297269235732545,107.56073532461417,1429.2596019630353,-9.713439577767307,1411.4084933283689,3.999969482421875,2.341787840684309e-06,716.2,0.2259,0.188,0.27,,0.22271195300296126,0.1653831105608901,0.0846673356881978,1.29,0.96,1.21,,0.0,716.2,31.810000000000002,6.37
2024-03-22,5439.0,0.00937467596752798,106.75011070335593,1422.74260186747,-19.414840290556715,1407.0165466239966,3.999969482421875,2.0723478866246473e-06,717.8583333333332,0.227,0.18899999999999997,0.27158333333333334,,0.2238861268959937,0.16674999106355154,0.08536710563430654,1.6833333333333333,1.2833333333333334,1.4666666666666668,,2.004,717.8583333333332,27.849999999999998,6.583333333333333
2024-03-23,,,,,,,,,,,,,,,,,,,,,0.0,,,
2024-03-24,5975.555555555556,0.009003553831186863,111.18638461349742,1392.4355026708738,-8.963307228290212,1395.6327843412605,3.999969482421875,3.0870655500293686e-06,697.2,0.228,0.19088888888888889,0.274,,0.22551247484006312,0.1686432568808921,0.08633635679883064,1.7222222222222223,1.3333333333333333,1.5333333333333332,,3.4431999,697.2,55.41111111111111,1.9555555555555557
2024-03-25,,,,,,,,,,,,,,,,,,,,,13.4203,,,
2024-03-26,5625.777777777777,0.009056649340661829,110.41782902913315,1446.5590455224767,-19.21918969040877,1428.3909631268314,3.999969482421875,2.3547816273270808e-06,707.3000000000001,0.22788888888888892,0.1902222222222222,0.275,,0.22545920404956854,0.16858124323425894,0.08630460911783147,1.2777777777777777,1.088888888888889,1.2444444444444445,,2.0342999,707.3000000000001,61.72222222222222,-2.9444444444444446
2024-03-27,5708.5,0.00935929834034775,106.8487804818558,1434.2167667688432,-11.959007804584756,1418.08218808431,3.999969482421875,2.1069630407943535e-06,716.0875,0.22775,0.190625,0.27525,,0.22559523650219995,0.16873960147091743,0.08638568009259234,1.9125,1.6,1.8875000000000002,,5.8036,716.0875,47.9625,-1.3875
2024-03-28,5587.0,0.009360923105520226,106.87875578287772,1409.3820737957506,-11.519239424770896,1392.0355935157552,3.999969482421875,2.305697263858168e-06,713.9166666666666,0.22766666666666668,0.19066666666666668,0.276,,0.22574268740825115,0.16891125216914632,0.08647355609902836,1.8333333333333333,1.4749999999999999,1.675,,0.42139998,713.9166666666666,38.266666666666666,3.4
2024-03-29,5744.363636363636,0.00921204760753404,108.55821678325484,1433.771846668438,-5.062869289025722,1406.429664393056,3.999969482421875,3.603527577546097e-06,710.4454545454545,0.22699999999999998,0.191,0.2760909090909091,,0.22559248568471588,0.16873639918647929,0.08638404069368048,2.118181818181818,1.7545454545454546,1.9545454545454546,,3.6875,710.4454545454545,62.85454545454545,2.7181818181818183
2024-03-30,5578.9375,0.009332303298237272,107.25656055723341,1392.730838196772,-8.237937271752026,1401.7179698483421,3.999969482421875,2.9038884699548025e-06,711.10625,0.226375,0.1910625,0.276,,0.22532553887888912,0.16842564080026615,0.08622494896711785,1.8687500000000001,1.49375,1.61875,,5.7836,711.10625,44.15,5.38125
2024-03-31,6023.142857142857,0.009112218213501456,109.75132598263414,1409.8282995676905,-6.553391300415734,1383.1670724290723,3.999969482421875,3.5741587308486144e-06,706.5,0.227,0.192,0.277,,0.22614304829379459,0.16937732068908612,0.0867121583341515,1.6714285714285713,1.3142857142857143,1.5714285714285714,,0.5352,706.5,63.300000000000004,2.442857142857143
2024-04-01,6077.428571428572,0.009071183353532445,110.24579351096882,1437.2781518908344,-19.21968148177887,1414.8884803068781,3.999969482421875,2.928195106088148e-06,709.2428571428571,0.227,0.192,0.277,,0.22614304829379459,0.16937732068908612,0.0867121583341515,1.4000000000000001,1.1857142857142857,1.5285714285714285,,3.5806,709.2428571428571,67.08571428571429,-1.4714285714285715
2024-04-02,5581.111111111111,0.009470881760893455,105.63049613013295,1413.7084187031478,-14.925844874237113,1397.6090372592564,3.999969482421875,2.132849210277437e-06,719.9777777777778,0.227,0.192,0.27722222222222226,,0.22619305820385066,0.16943553827627755,0.08674196263509237,1.7999999999999998,1.4444444444444444,1.7444444444444445,,2.2259,719.9777777777778,33.666666666666664,4.088888888888889
2024-04-03,5684.875,0.009379027929596837,106.62631893950753,1446.6239795311326,-7.72163990139212,1426.4911457258668,3.999969482421875,2.6135099083421268e-06,719.925,0.228,0.193,0.28,,0.22759313748429916,0.1710653999875466,0.0875763649399308,1.6375,1.1625,1.1125,,0.0,719.925,30.0125,8.8875
2024-04-04,5733.583333333333,0.009248896232420655,108.22811916601162,1426.0443997290631,30.326761436454515,1411.2779519402013,3.999969482421875,1.9392027790391647e-06,715.0166666666668,0.228,0.19299999999999998,0.281,,0.22781818207955137,0.17132737912990784,0.08771048429416461,1.4083333333333332,1.0166666666666666,1.05,,0.0,715.0166666666668,18.0,11.958333333333334
2024-04-05,6080.333333333333,0.008974895869825673,111.46839788156126,1441.9819856672364,-1040.4041031349605,1425.632824815843,3.999969482421875,2.1199725776626694e-06,708.6,0.228,0.19299999999999998,0.282,,0.22804322667480362,0.1715893582722691,0.08784460364839843,1.625,1.2833333333333334,1.3416666666666666,,0.0,708.6,21.875,10.366666666666667
2024-04-06,,,,,,,,,,,,,,,,,,,,,1.2708,,,
2024-04-07,6124.75,0.00903557220355005,110.67619669634425,1455.6835574060126,-18.816060596967557,1439.4608023569979,3.999969482421875,2.0870428755704914e-06,712.6375,0.228,0.194,0.282,,0.22838920328819848,0.17199211691818392,0.08805079460320236,2.3,2.1374999999999997,2.1875,,7.1853,712.6375,47.7125,-1.475
2024-04-08,5891.538461538462,0.009137338803185591,109.54835099430763,1457.2797800773335,17.7021163533137,1444.4741784026799,3.999969482421875,1.6460759369588243e-06,713.2,0.22792307692307692,0.193,0.282,,0.22801022830623804,0.17155094417800285,0.08782493768006969,2.0923076923076924,1.830769230769231,1.853846153846154,,0.0,713.2,30.46153846153846,1.7153846153846155
2024-04-09,5517.428571428572,0.009082759054162979,110.10738834728406,1472.6368304246364,10.215586640173601,1458.9620845254883,3.999969482421875,1.7358235358265651e-06,715.8857142857142,0.226,0.193,0.28178571428571425,,0.22713704525025807,0.17053445343369675,0.0873045486102292,1.4142857142857144,1.1785714285714286,1.292857142857143,,0.0,715.8857142857142,32.357142857142854,3.107142857142857
2024-04-10,5841.6,0.00926125088969635,108.05306313262095,1470.8170479155192,12.813502452996868,1452.3070937853245,3.999969482421875,2.3650310600908335e-06,719.0600000000001,0.2251,0.193,0.28159999999999996,,0.22670917034177934,0.17003635526148547,0.0870495489007107,2.19,1.9,1.9,,0.0,719.0600000000001,38.410000000000004,3.54
2024-04-11,5810.583333333333,0.009173204151894628,109.01522766403782,1489.4114292296206,62.609608285306074,1472.8362158281236,3.999969482421875,2.0838607367340107e-06,719.2916666666666,0.22508333333333333,0.19299999999999998,0.28191666666666665,,0.22677328481708664,0.1701109922694755,0.08708775906974685,1.4333333333333333,1.1166666666666667,1.2166666666666666,,0.0,719.2916666666666,27.53333333333333,7.041666666666667
2024-04-12,5645.125,0.009266114573323271,107.97951639797695,1464.9307831095186,6.383667613398305,1446.1960729316063,3.999969482421875,2.397150940816772e-06,719.9,0.227,0.194,0.283,,0.22818526909209783,0.1717547128350834,0.08792925636916231,1.3,0.9625,1.05,,0.0,719.9,20.8125,12.9625
2024-04-13,5980.4,0.009154047279536701,109.32591367108655,1499.9419766370015,7.134324820429235,1479.145373850114,3.999969482421875,2.5984818641170575e-06,719.6899999999999,0.22920000000000001,0.195,0.285,,0.2299250882369736,0.1737800728617367,0.08896613272663641,1.45,1.09,1.15,,0.0,719.6899999999999,24.09,12.26
2024-04-14,5983.333333333333,0.009023520430395988,110.82553681592073,1523.3060269387804,8.832444475902564,1508.4665002711336,3.999969482421875,1.8215608968586528e-06,718.0222222222222,0.23011111111111113,0.196,0.2867777777777778,,0.2310619914740496,0.17510356581060346,0.08964369055828338,1.2999999999999998,0.9555555555555555,1.0555555555555556,,0.0,718.0222222222222,15.377777777777778,13.466666666666667
2024-04-15,6183.0,0.00865746186716166,115.60319327222695,1537.7211231711176,2.016792283681874,1523.7997397269687,3.999969482421875,1.714036639356861e-06,707.9,0.232,0.197,0.28828571428571426,,0.23255761432109456,0.1768446517954749,0.09053503376160794,1.8,1.5142857142857142,1.542857142857143,,0.0,707.9,30.87142857142857,5.5
2024-04-16,5319.0,0.00920461199357887,108.71595631602472,1494.8298160409217,8.435078284907826,1461.3047836995247,3.999969482421875,4.24748636707269e-06,716.7642857142857,0.232,0.1970714285714286,0.289,,0.232743073075803,0.17706054822901265,0.09064556122568956,0.9785714285714285,0.7785714285714286,0.8714285714285713,,7.8975997,716.7642857142857,73.39285714285714,2.6999999999999997
2024-04-17,5785.0,0.009110908283821755,109.82346159487155,1506.842496719108,9.832321404227555,1482.5483587079486,3.999969482421875,3.0374738747171625e-06,715.7538461538461,0.232,0.198,0.29,,0.23328938166920757,0.17769651754258045,0.09097114360938414,1.2692307692307692,1.0230769230769232,1.1076923076923078,,6.8052998,715.7538461538461,35.62307692307692,8.507692307692308
2024-04-18,5580.8,0.009231265270242275,108.43142031074046,1483.8679606741402,4.304998111325377,1453.4719651367052,3.999969482421875,3.875256184037477e-06,717.12,0.23400000000000004,0.199,0.292,,0.23494340505581274,0.17962200092414138,0.09195688844920347,1.33,1.06,1.21,,1.0294,717.12,52.52,6.39
2024-04-19,,,,,,,,,,,,,,,,,,,,,0.0,,,
2024-04-20,,,,,,,,,,,,,,,,,,,,,0.4948,,,
2024-04-21,6095.2307692307695,0.0089662144034217,111.58012568519278,1611.6819893848806,1.4627872361951664,1592.5156158169136,3.999969482421875,2.2271951250791366e-06,721.5076923076923,0.24115384615384614,0.20384615384615384,0.3119230769230769,,0.24417249001043057,0.19036577265738375,0.09745712680371725,1.6384615384615384,1.3076923076923077,1.3076923076923077,,0.94,721.5076923076923,23.684615384615384,10.169230769230769
2024-04-22,,,,,,,,,,,,,,,,,,,,,0.0,,,
2024-04-23,,,,,,,,,,,,,,,,,,,,,0.0,,,
2024-04-24,6465.583333333333,0.008822182898126583,113.60121033223163,1634.9325210573588,-4.054709698923225,1611.267848098248,3.5009613037109375,2.7156539690371554e-06,718.1833333333334,0.25566666666666665,0.21541666666666667,0.44049999999999995,,0.2833368506666525,0.23595782788689923,0.12079782847355931,1.4333333333333333,1.1333333333333333,1.0916666666666666,,0.0,718.1833333333334,21.441666666666666,15.025
2024-04-25,6855.818181818182,0.008587957688239563,116.89315121430876,1636.8848206430403,0.6989426300077626,1616.3442994902662,2.9072626287286933,2.3560842213759603e-06,712.0181818181818,0.25945454545454544,0.22036363636363634,0.45581818181818184,,0.29012058018046577,0.24385490996544287,0.12484071348783732,1.2,0.9545454545454546,0.990909090909091,,0.0,712.0181818181818,23.472727272727273,11.172727272727274
2024-04-26,7043.9,0.008455950949863091,118.55758794500784,1661.0271093000028,2.1291124983719443,1625.528825913886,3.099249267578125,4.045362492220147e-06,708.36,0.25460000000000005,0.21669999999999998,0.43339999999999995,,0.2817254599834417,0.23408197413123216,0.11983749135633866,1.3800000000000001,1.1199999999999999,1.17,,0.6242,708.36,56.0,6.02
2024-04-27,7167.25,0.008356090477439636,119.70918513572649,1709.9959691670615,1.5182367671791268,1666.1453071348526,3.1668319702148438,4.87292145459872e-06,708.0875,0.248375,0.21325,0.41362499999999996,,0.273411190819944,0.224403158684132,0.11488245384528621,1.625,1.3125,1.4375,,3.3298,708.0875,84.0375,2.65
2024-04-28,6658.875,0.008665894587524512,115.40000844588974,1651.2046483150843,1.897577962978316,1614.0541857486937,3.999969482421875,4.2633929978466954e-06,714.5375,0.2455,0.21137499999999998,0.40625,,0.2698694667547037,0.2202801632749247,0.112771700001267,1.25,0.9375,1.1,,19.2398,714.5375,76.45,2.075
2024-04-29,6159.384615384615,0.008954767848853932,111.9269372899641,1580.5726635095582,-2.867825550674043,1547.4492374372758,3.8785298665364585,3.967986786284758e-06,716.4230769230769,0.24246153846153848,0.21,0.40069230769230774,,0.266839584737023,0.21675301394899624,0.11096598758608761,1.4923076923076921,1.2692307692307692,1.3153846153846156,,5.2458997,716.4230769230769,58.51538461538462,5.023076923076923
2024-04-30,6297.357142857143,0.008850794979727569,113.34333345667132,1597.1310110347356,-1.0662660095028387,1567.5458271975795,3.1511864295372596,3.489895959723525e-06,715.25,0.2452857142857143,0.21128571428571427,0.4022857142857143,,0.2688545108848963,0.21909863181886535,0.11216681888567381,1.6714285714285713,1.5142857142857142,1.5357142857142858,,0.0,715.25,40.49285714285714,9.15
2024-05-01,,,,,,,,,,,,,,,,,,,,,0.0,,,
2024-05-02,6791.785714285715,0.008631196326734135,116.32800741264474,1637.3516579519237,0.913328988144513,1616.161948743968,2.2399204799107144,2.40758475285766e-06,714.4214285714286,0.24885714285714286,0.21392857142857144,0.40328571428571436,,0.27152598935609534,0.22220855604493642,0.11375893429286756,1.9714285714285715,1.8,1.7357142857142858,,3.7368999,714.4214285714286,33.02142857142857,6.292857142857143
2024-05-03,7279.0625,0.00832387651379035,120.49540890485375,1751.5528709961927,0.5267677150363148,1730.3099287210857,1.4007453918457031,2.2708437758594064e-06,713.6125,0.255375,0.219,0.40468750000000003,,0.27639207181636755,0.22787326489152043,0.11665896322486088,1.6,1.41875,1.41875,,0.0,713.6125,23.3125,10.625
2024-05-04,7188.583333333333,0.00838439281411875,119.7074989388063,1761.423359427349,0.16730507273868236,1737.3458206493149,1.28326416015625,2.5711223059350987e-06,715.8166666666666,0.26675,0.22908333333333333,0.40758333333333335,,0.28541199472682266,0.23837354669387661,0.12203454771571762,1.5583333333333333,1.3499999999999999,1.3333333333333333,,0.0,715.8166666666666,22.90833333333333,12.866666666666667
2024-05-05,7954.0,0.007928766529184679,126.12562214665996,1869.8350255797002,0.7323131115604514,1840.7085294085732,0.658660888671875,2.9299847543951242e-06,709.8555555555555,0.26222222222222225,0.22566666666666668,0.4043333333333334,,0.28155619239119484,0.23388492617015283,0.11973661330530432,1.6,1.3222222222222222,1.2999999999999998,,0.0,709.8555555555555,26.688888888888886,12.5
2024-05-06,,,,,,,,,,,,,,,,,,,,,2.8622,,,
2024-05-07,,,,,,,,,,,,,,,,,,,,,6.6882997,,,
2024-05-08,6968.375,0.008202731615581478,121.91280742581725,1774.025524301561,1.0309102352731094,1750.9773643842711,1.2039751325334822,2.437749007634589e-06,711.9875,0.2416875,0.21225,0.3886875,,0.26458436894527326,0.21412766985530693,0.10962195137269458,1.04375,0.9375,1.00625,,8.6473,711.9875,54.6875,-1.2875
2024-05-09,7219.0,0.008322794111740051,120.15614277445604,1771.853239148789,1.0405737191325837,1746.629161101475,1.2698809305826824,2.673254245430071e-06,715.7708333333334,0.2391875,0.210875,0.3846875,,0.262136025742464,0.21127750208407442,0.10816281742221914,0.20833333333333334,0.3416666666666666,0.6145833333333334,,0.0,715.7708333333334,68.28125,-2.4229166666666666
2024-05-10,7107.0625,0.008389754652412184,119.21312332849674,1808.207966759399,0.9073001740494505,1774.926239426183,0.9874954223632812,3.4737627204839006e-06,720.1791666666667,0.24120833333333333,0.21227083333333333,0.38502083333333337,,0.2635608609379374,0.21293618267623826,0.109011973457681,0.19166666666666668,0.3083333333333333,0.6,,1.888,720.1791666666667,63.74583333333334,1.9375
2024-05-11,6733.875,0.008618100129191644,116.04538199245754,1819.7330621891297,0.8771321816043606,1783.2524264077408,0.9902598063151041,3.7918376325434076e-06,717.9666666666667,0.24983333333333335,0.21725000000000003,0.387,,0.26942887899565476,0.21976726580622022,0.1125091238409254,0.18333333333333335,0.3104166666666667,0.6,,0.251,717.9666666666667,75.41041666666666,0.9645833333333332
2024-05-12,6478.791666666667,0.008788438957927533,113.81609184753732,1732.5529361146152,1.313813208567259,1688.695319500666,2.886876424153646,4.813886881091199e-06,715.1166666666667,0.24672916666666667,0.2155,0.3861041666666667,,0.2672901958074756,0.21727757976513298,0.11123453731825056,0.20000000000000004,0.3125,0.6,,13.0485,715.1166666666667,88.29375,1.9937500000000001
2024-05-13,6657.8125,0.008667333561502793,115.3874816207455,1767.0552853157988,1.0762244334345288,1723.7270634498236,2.0507100423177085,4.65772899555567e-06,718.2291666666666,0.26529166666666665,0.2263125,0.3932291666666667,,0.28059742949546795,0.232768810136045,0.11916522139831756,0.19166666666666668,0.3229166666666667,0.6104166666666666,,4.3141,718.2291666666666,79.89583333333333,3.7125
2024-05-14,6983.604166666667,0.008462719661479554,118.17706950548093,1831.686454886865,0.8353175449403761,1786.032333908536,0.904730478922526,4.732801378569987e-06,717.9499999999999,0.27770833333333333,0.23497916666666666,0.4032708333333333,,0.29118220294817987,0.2450907673380014,0.12547340657645004,0.19583333333333333,0.3354166666666667,0.6375,,1.3343999,717.9499999999999,71.35208333333334,5.21875
2024-05-15,7218.166666666667,0.008324517304899097,120.143163471265,1872.0712058114896,0.7300969851803156,1831.0069835845106,0.6995035807291666,4.162751727010341e-06,716.9645833333334,0.27995833333333336,0.23645833333333333,0.4055625,,0.2931748895001569,0.24741049562695064,0.12666098379083288,0.18125000000000002,0.3145833333333333,0.63125,,1.8541,716.9645833333334,67.575,5.077083333333333
2024-05-16,7441.541666666667,0.008197724679629195,121.99251831991513,1912.907051877308,0.6450147506202786,1875.82080422143,0.5811195373535156,3.6665122752826207e-06,716.8020833333334,0.27999999999999997,0.23697916666666666,0.4018541666666667,,0.2925384193952126,0.24666956740316906,0.12628166804068752,0.15,0.3125,0.6,,0.0,716.8020833333334,57.81458333333333,5.908333333333334
2024-05-17,7592.166666666667,0.008116245390109167,123.21969246081392,1941.3095087947784,0.5923382207628294,1904.4625151307134,0.5208015441894531,3.584929545322359e-06,716.4979166666667,0.27647916666666666,0.236625,0.39743750000000005,,0.28991157622104935,0.24361160406433183,0.12471615383761413,1.1624999999999999,0.5916666666666667,0.65,,0.0,716.4979166666667,49.55833333333334,7.789583333333333
2024-05-18,7574.145833333333,0.008126600675730402,123.06980089102491,1981.8934085454484,0.528398207366409,1939.1560521087742,0.4651629130045573,4.084013824558194e-06,718.7145833333334,0.2573125,0.22591666666666665,0.389875,,0.27628275006675374,0.2277460011455364,0.1165938109716131,5.066666666666666,3.747916666666667,2.3833333333333333,,0.0,718.7145833333334,52.25,7.802083333333333
2024-05-19,7614.791666666667,0.008104438599234669,123.4018591421019,1989.4983974375227,0.5176899389661352,1941.9701187034382,0.4618263244628906,4.540820332905828e-06,717.9479166666666,0.24110416666666667,0.21460416666666668,0.38302083333333337,,0.2638733652212548,0.2132999754793312,0.10919821597831057,6.5375000000000005,5.516666666666667,4.116666666666666,,0.2243,717.9479166666666,64.64791666666666,7.235416666666667
2024-05-20,7986.770833333333,0.007913714078078803,126.37863981305854,2025.3103828993728,0.47155228225258794,1992.2287067208263,0.4004402160644531,3.07704382902544e-06,715.2083333333334,0.22147916666666667,0.2013541666666667,0.377375,,0.2495999020361108,0.19668393704669154,0.10069169013650563,7.379166666666666,6.3625,5.083333333333333,,0.0,715.2083333333334,40.40208333333333,8.725
2024-05-21,7863.75,0.007976943546420975,125.39329442143753,1992.8427460892433,0.5160642080090201,1952.505576042124,0.45263036092122394,3.8424073641829454e-06,713.7624999999999,0.2256875,0.20285416666666667,0.3725416666666667,,0.2508364371594273,0.1981234135679692,0.1014286253739005,4.841666666666667,5.41875,5.489583333333333,,0.6842,713.7624999999999,71.09583333333333,2.75
2024-05-22,7554.395833333333,0.00813845157754033,122.90299846771528,1948.2118332840384,0.5851452034367347,1915.8356407802169,0.5071970621744791,3.129203833643738e-06,717.49375,0.24045833333333333,0.21558333333333332,0.3756458333333333,,0.26227538129580297,0.21143972881209738,0.10824586885832127,2.9416666666666664,2.5166666666666666,2.6437500000000003,,8.5261,717.49375,74.61458333333333,-0.5104166666666666
2024-05-23,8064.333333333333,0.007874988742140336,126.99390545296534,2028.3989795749455,0.46726406275421656,1994.8195166209289,0.3969281514485677,3.117834161897887e-06,713.1541666666667,0.2227916666666667,0.2046875,0.3745833333333333,,0.250687942582665,0.19795054791073416,0.10134012737322534,6.265217391304348,5.727083333333333,4.635416666666667,,0.0008,713.1541666666667,48.512499999999996,5.452083333333333
2024-05-24,7786.229166666667,0.008014122266029787,124.78634760977887,1982.6340665493983,0.5276833078809696,1942.0925931675972,0.4613138834635417,3.8674913139718305e-06,716.0291666666667,0.232125,0.21072916666666666,0.37320833333333336,,0.256472583689414,0.20468457018003236,0.10478758777031681,4.979166666666667,5.04375,4.804166666666666,,4.3066998,716.0291666666667,80.34166666666667,0.7041666666666666
2024-05-25,8156.3125,0.007830979775444153,127.71328180409516,2022.6159940343941,0.475176422030928,1980.892429858857,0.4133466084798177,3.9025328476376385e-06,713.2229166666666,0.21833333333333335,0.20181250000000003,0.3714166666666667,,0.24706808815607434,0.19373659930606799,0.09918281034203597,6.379166666666666,5.8374999999999995,5.029166666666667,,0.020399999,713.2229166666666,57.979166666666664,5.272916666666666
2024-05-26,7766.895833333333,0.008024740464925665,124.62790253903484,1973.9198429797136,0.5414001941546825,1925.9044667713254,0.4865163167317708,4.6196906004424026e-06,716.9041666666667,0.23427083333333332,0.21252083333333335,0.3701666666666667,,0.25732846480096555,0.2056809193672508,0.10529766543671691,6.314583333333334,5.989583333333333,5.375,,6.8374,716.9041666666667,82.76458333333333,2.6416666666666666
2024-05-27,7672.5625,0.008073169748313362,123.8726515840321,2020.9269850087483,0.47671605107300424,1978.6043611804419,0.4153734842936198,3.963897167531788e-06,722.2791666666667,0.21208333333333332,0.19793750000000002,0.36824999999999997,,0.24233367011491483,0.18822516377653464,0.09636124917705198,8.252083333333333,7.264583333333333,6.04375,,0.0,722.2791666666667,58.82083333333333,6.8
2024-05-28,7616.5,0.008102887020424316,123.41897153140452,2049.5124062910545,0.44356509183081777,2009.910576708001,0.38236109415690106,3.65044611100118e-06,724.1604166666666,0.19610416666666666,0.18504166666666666,0.36162500000000003,,0.22952636932430448,0.17331591579692388,0.08872850905463463,9.147916666666667,8.529166666666667,7.420833333333333,,0.0,724.1604166666666,47.72291666666666,9.054166666666667
2024-05-29,7741.375,0.008037446519088899,124.42567617523294,2057.01063249297,0.4346061817358901,2014.3262515535034,0.3772226969401042,3.926374233854834e-06,722.00625,0.19229166666666667,0.18175,0.357375,,0.2257956084666914,0.16897285868534587,0.08650509535095051,9.0625,8.46875,7.51875,,0.0,722.00625,49.520833333333336,9.314583333333333
2024-05-30,7979.3125,0.007916393567191439,126.32501471992803,2084.916641392709,0.40581288354536266,2044.148244290737,0.3499412536621094,3.6942178760239433e-06,720.3416666666667,0.18852083333333333,0.17777083333333332,0.3535208333333333,,0.22193394295596308,0.16447741271628036,0.08420366667640099,8.866666666666667,8.170833333333333,7.360416666666667,,0.0,720.3416666666667,45.88958333333333,9.125
2024-05-31,8053.416666666667,0.007880161667474015,126.90878706737608,2114.868320849226,0.37788428007574915,2073.68615087442,0.3261858622233073,3.6801926743200178e-06,720.9395833333333,0.18358333333333332,0.17375,0.34935416666666663,,0.2174870600604153,0.15930070289194181,0.08155346722755043,8.529166666666667,8.179166666666667,7.591666666666666,,0.0,720.9395833333333,49.30833333333334,7.566666666666666
2024-06-01,7977.31914893617,0.007917843068728026,126.30681456417038,2090.391100683043,0.4008824867008918,2044.5802044906638,0.35000480489527924,4.149910138034405e-06,720.7617021276596,0.18019565217391303,0.1708695652173913,0.3445434782608695,,0.21395463419479915,0.15518853171230698,0.07944825481201004,8.58695652173913,7.941304347826088,7.404347826086957,,0.0,720.7617021276596,54.04680851063829,8.953191489361702
2024-06-02,8290.354166666666,0.007766564409617219,128.76308271016794,2117.5021071140864,0.37531713749789736,2078.1176665595463,0.3227030436197917,3.5139427707538846e-06,717.7604166666666,0.16995833333333332,0.16297916666666667,0.3393125000000001,,0.20565594477746701,0.1455278529751068,0.0745025023295205,10.770212765957446,9.822916666666666,8.583333333333334,,0.0,717.7604166666666,39.12291666666666,11.395833333333334
2024-06-03,8301.645833333334,0.007761541103098463,128.8493111562017,2131.7959482345614,0.3634524993966402,2085.9263350771103,0.3170789082845052,4.0705120037791024e-06,717.6437500000001,0.1574375,0.15302083333333333,0.33308333333333334,,0.19543758209442008,0.13363244224977724,0.0684126862073376,10.86875,10.299999999999999,9.4,,0.0,717.6437500000001,43.68541666666667,11.054166666666667
2024-06-04,8224.208333333334,0.0077984852841583305,128.2442124122076,2122.8897093022238,0.37150785867507813,2060.4232951781164,0.3382733662923177,5.632066330630824e-06,717.8000000000001,0.1665208333333333,0.15714583333333335,0.32889583333333333,,0.1998189187368438,0.1387328483034823,0.07102382219353717,12.397916666666667,11.158333333333333,9.754166666666666,,0.42119998,717.8000000000001,61.90208333333334,11.079166666666666
2024-06-05,7986.458333333333,0.007913314156431027,126.37909832976646,2124.666241537898,0.36982329795773533,2069.0882541993533,0.3304328918457031,4.977712159518947e-06,722.7791666666667,0.150875,0.14620833333333333,0.32233333333333336,,0.18784621369845253,0.1247951707770061,0.06388847434667504,12.321276595744681,11.495833333333332,10.447916666666666,,0.0,722.7791666666667,55.57083333333333,11.329166666666666
2024-06-06,7962.8125,0.007924813092507785,126.1931574991135,2158.4000395813014,0.34123339435065625,2104.0046180545796,0.3039054870605469,4.790357688859504e-06,724.3562499999999,0.12916666666666668,0.13272916666666668,0.31193750000000003,,0.17153079656330536,0.10580205084208281,0.05416500950287958,13.831914893617022,12.802083333333334,11.418750000000001,,0.0,724.3562499999999,46.01666666666667,14.129166666666668
2024-06-07,8158.479166666667,0.007828822255061695,127.7362772731508,2177.9397152895067,0.3259943020858522,2121.2997161836734,0.29191335042317706,4.9461443021178095e-06,722.725,0.10812500000000001,0.12060416666666667,0.30004166666666665,,0.15563230839348718,0.087294286676935,0.04469002093787956,14.510416666666666,13.627083333333333,12.379166666666668,,0.0,722.725,42.24791666666667,15.047916666666666
2024-06-08,8267.208333333334,0.0077776113191252855,128.58220009588322,2185.636383866627,0.3205964888273007,2116.0565771503975,0.2957954406738281,6.096367211203716e-06,721.6687499999999,0.0994375,0.11472916666666667,0.28904166666666664,,0.14739745199213927,0.07770791729501231,0.0397823108837052,13.485106382978723,12.958333333333334,12.03125,,0.0033,721.6687499999999,63.53958333333333,12.360416666666666
2024-06-09,8214.1875,0.0078025762481926655,128.1697389502589,2171.829203027454,0.3309224107810647,2097.3120086579756,0.30885060628255206,6.589946203251656e-06,722.3625000000001,0.12216666666666666,0.12343749999999999,0.28329166666666666,,0.15886665568954417,0.0910594583300011,0.04661758809508613,12.771739130434783,12.454166666666666,11.6875,,1.903,722.3625000000001,71.68958333333333,12.025
2024-06-10,8307.583333333334,0.007758559668649749,128.89652263871696,2181.873951354311,0.32328176784380885,2113.9783972730797,0.2970695495605469,5.952472969242825e-06,722.28125,0.09937499999999999,0.11452083333333334,0.2764166666666667,,0.14445737434149591,0.0742853111198774,0.038030118988318436,14.733333333333334,13.86875,12.729166666666666,,0.0,722.28125,53.09166666666667,14.112499999999999
2024-06-11,8317.875,0.007754077451981075,128.97455806229408,2193.92903704524,0.3152289205355284,2123.433610287751,0.29161961873372394,6.157335822943706e-06,723.275,0.08700000000000001,0.10516666666666667,0.26477083333333334,,0.13329160704516424,0.06128700677571093,0.031375680130852915,14.424999999999999,13.604166666666666,12.63125,,0.0,723.275,63.0,12.727083333333333
2024-06-12,8462.395833333334,0.007687168683091202,130.09252584556404,2233.931998255009,0.2878108695018885,2173.668967318898,0.2604688008626302,5.135867213631777e-06,724.1458333333334,0.07127083333333332,0.09560416666666667,0.25154166666666666,,0.12025857431589629,0.04611497950283706,0.023608411019597722,14.464583333333332,13.929166666666667,13.079166666666666,,0.0,724.1458333333334,45.42083333333333,14.393749999999999
2024-06-13,8565.583333333334,0.007640570173178773,130.88415150729742,2263.532361795366,0.26974040880644795,2209.837615914777,0.24122492472330728,4.500900070943252e-06,724.9770833333333,0.0595625,0.086875,0.2370833333333333,,0.1089620903396913,0.03296450512478402,0.016876069217284555,14.585106382978724,13.785416666666668,12.793750000000001,,0.0,724.9770833333333,39.77291666666667,15.014583333333334
2024-06-14,8586.458333333334,0.007631675692501231,131.04126797049148,2280.3386179480026,0.2600701403815655,2214.2571511763504,0.23913447062174478,5.530344771096433e-06,724.7604166666666,0.0466875,0.078125,0.2223125,,0.09708759682477919,0.019141157696581104,0.00979925228556205,14.966666666666667,14.620833333333332,13.758333333333333,,0.0,724.7604166666666,49.61666666666667,13.279166666666667
2024-06-15,8752.916666666666,0.007558663790493226,132.30591071167524,2295.887998799092,0.2512626452006575,2225.593758540933,0.23345311482747397,5.855258044011868e-06,721.8520833333333,0.043250000000000004,0.07383333333333332,0.21135416666666665,,0.09166205224071133,0.01282516723529618,0.006565801888024745,12.908888888888889,12.758333333333333,12.091666666666667,,0.0072,721.8520833333333,66.33333333333333,10.86875
2024-06-16,9028.0625,0.007442770792379673,134.36823525207703,2316.274296820973,0.24043829295052513,2262.5307053721504,0.21616999308268228,4.400661826840105e-06,718.4729166666666,0.03466666666666667,0.06710416666666667,0.19795833333333335,,0.08263719009672939,0.0023191355673996463,0.001187273772548689,14.956521739130435,14.097916666666668,12.904166666666667,,0.0,718.4729166666666,42.79791666666667,13.924999999999999
2024-06-17,9495.354166666666,0.007257687275720344,137.7994549856265,2353.0406359409444,0.22230989545359783,2309.8418751097424,0.19646835327148438,3.4626157710469064e-06,714.4083333333333,0.024958333333333332,0.0594375,0.18218749999999997,,0.07227089282369359,0.009748488922794611,0.004990706616169518,16.166666666666668,15.56875,14.168750000000001,,0.0,714.4083333333333,30.552083333333332,14.691666666666668
2024-06-18,9657.020833333334,0.007196449022609556,138.96910654599446,2390.533259157448,0.2050974676058618,2342.4353271738255,0.18400446573893228,3.8030155066030887e-06,714.2312499999999,0.018291666666666668,0.05327083333333333,0.16558333333333333,,0.05569409673990796,0.02904588558437662,0.014869944922386547,16.3,15.579166666666666,14.456249999999999,,0.0,714.2312499999999,36.99791666666667,12.677083333333334
2024-06-19,9358.0625,0.007310269762667361,136.80253378602487,2400.1818795100994,0.20132176217707756,2342.264770002745,0.1845575968424479,4.586388282985163e-06,720.0791666666668,0.0148125,0.0488125,0.15016666666666667,,0.050682180161716925,0.03488036299214987,0.017856886306992253,14.985416666666666,14.84375,14.189583333333333,,0.0,720.0791666666668,47.74791666666667,10.827083333333334
2024-06-20,9015.625,0.00744811140838781,134.27443572251943,2372.871703412787,0.21326005418246552,2287.1030357545724,0.20603307088216147,6.9518310868950135e-06,723.6333333333333,0.016937499999999998,0.04639583333333333,0.13752083333333334,,0.047000193568551805,0.03916664095755438,0.0200512321148504,13.439583333333333,13.30625,12.989583333333334,,1.6746,723.6333333333333,67.60416666666667,11.833333333333334
2024-06-21,8435.25,0.007699878028434719,129.8817228894108,2254.983090897194,0.27550357212674814,2163.3653926638804,0.2668876647949219,7.839920302985268e-06,724.9145833333333,0.11652083333333334,0.08104166666666666,0.13229166666666667,,0.1077950122082205,0.03160588494726497,0.01618052811727354,12.9625,12.65625,12.28125,,9.8873,724.9145833333333,85.25625000000001,10.079166666666667
2024-06-22,8169.416666666667,0.007825091234689939,127.81357977701377,2175.7002673558886,0.3310412249603732,2096.2427639255043,0.31203969319661456,7.015071231245163e-06,725.5291666666667,0.16043749999999998,0.1355625,0.13758333333333334,,0.14668812505447593,0.07688217490126811,0.0393595748001595,13.123913043478263,12.9375,12.387500000000001,,8.715099,725.5291666666667,77.01875,10.78125
2024-06-23,8113.541666666667,0.007851195576433224,127.38008112930521,2128.8642945263186,0.36773250981972255,2049.9009829934757,0.3476664225260417,7.136746594662517e-06,726.8833333333333,0.15852083333333333,0.14495833333333333,0.16495833333333335,,0.15527725009610255,0.08688095585184757,0.0444784175909642,13.25531914893617,13.081249999999999,12.543750000000001,,0.0009,726.8833333333333,77.23125,11.335416666666667
2024-06-24,8341.3125,0.007742797245807086,129.1582484794797,2201.567529724765,0.30955602292986556,2129.017346920119,0.2873942057291667,6.312749088538956e-06,725.0437499999999,0.12445833333333334,0.12485416666666667,0.1800625,,0.1371086995913084,0.06573056442005942,0.033650544749422265,14.919148936170213,14.177083333333334,13.216666666666667,,0.0,725.0437499999999,54.525,14.75625
2024-06-25,8524.0,0.0076594305390419145,130.56466518524957,2240.3601801286995,0.28430311886114956,2168.735856003314,0.26390711466471356,6.121360455713615e-06,725.3229166666666,0.09493750000000001,0.10466666666666667,0.17916666666666667,,0.11725888285542291,0.04262297563897004,0.02182069120731581,16.140425531914893,15.31875,14.160416666666668,,0.0,725.3229166666666,52.74583333333334,15.31875
2024-06-26,8508.583333333334,0.007666404417134863,130.44633778603927,2279.0182586247015,0.2606336889248882,2195.9599727883437,0.24830754597981772,7.009152619411995e-06,725.81875,0.07379166666666666,0.08956249999999999,0.17310416666666664,,0.10159774753973831,0.02439151891898977,0.012487157323714686,15.15625,15.170833333333334,14.679166666666667,,0.0,725.81875,58.739583333333336,14.61875
2024-06-27,8273.5,0.007775683062725331,128.62557487797707,2208.315807239061,0.30950465897258234,2107.0039509321496,0.3098462422688802,8.903124136596148e-06,722.6854166666667,0.113,0.10433333333333333,0.17139583333333333,,0.12314320269416373,0.0494730360148027,0.025327556928719165,14.514893617021277,13.995833333333332,13.293750000000001,,0.8322,722.6854166666667,85.38958333333333,12.264583333333334
2024-06-28,8494.145833333334,0.007673221346152112,130.33386398251682,2177.75798817955,0.3266346627548819,2087.3544112065915,0.3161659240722656,8.026617789344e-06,720.6437500000001,0.1324375,0.12135416666666667,0.1725,,0.13761877496550134,0.06632435388174764,0.03395453329765047,14.672916666666666,14.414583333333333,13.877083333333333,,4.9042997,720.6437500000001,81.08749999999999,11.614583333333334
2024-06-29,8318.958333333334,0.007753437381378765,128.98371946462643,2232.830313112007,0.28929406643086214,2149.674503657977,0.2752037048339844,7.167180043988654e-06,724.74375,0.12029166666666667,0.11931249999999999,0.17127083333333334,,0.13142548382818214,0.059114613524598014,0.030263530601103723,15.620833333333332,15.020833333333334,14.183333333333332,,2.3199,724.74375,63.87083333333334,14.116666666666667
2024-06-30,8290.708333333334,0.007766583061955688,128.7648101508085,2249.1431391435485,0.27854191290141517,2158.825909822154,0.2691942850748698,7.749868422410751e-06,726.9520833333332,0.09793750000000001,0.10460416666666666,0.1675,,0.11589867541320134,0.04103952957243731,0.021010051238067422,16.052083333333332,15.427083333333334,14.577083333333334,,0.0,726.9520833333332,60.50625,15.4375
2024-07-01,8115.914893617021,0.007850078837088485,127.3985581041187,2155.977985123088,0.3447276586337084,2053.346201337198,0.34455579392453456,9.262625769401416e-06,724.5723404255319,0.149875,0.13075,0.16683333333333336,,0.14707457852997707,0.07733205351293101,0.039589888665362685,15.25,14.914583333333333,14.316666666666668,,5.8080997,724.5723404255319,88.00851063829786,12.172340425531916
2024-07-02,8052.125,0.007881493297228643,126.89484540923672,2089.503090894333,0.4036007756470476,2006.1571831923254,0.38847986857096356,7.700010952758685e-06,722.5020833333333,0.19360416666666666,0.18027083333333335,0.21797916666666664,,0.19447660716400972,0.13251375113961128,0.06783997599869178,15.225,14.816666666666668,14.154166666666667,,20.5781,722.5020833333333,80.08541666666666,11.231250000000001
2024-07-03,8334.916666666666,0.007746008051692104,129.1073898799264,2165.829683304007,0.33616520703412583,2101.196368455047,0.306884765625,5.706150459830647e-06,723.5145833333332,0.15806250000000002,0.15797916666666667,0.2530833333333333,,0.1794175935935836,0.11498323699611494,0.058865287345537955,14.308695652173913,14.231250000000001,13.85,,0.9826,723.5145833333332,61.791666666666664,11.627083333333333
2024-07-04,8454.25,0.007691061437547434,130.02881998461916,2211.5057671152144,0.30303188681912374,2163.147614339063,0.26685206095377606,4.140448852389084e-06,724.9187499999999,0.1275,0.13318750000000001,0.24683333333333332,,0.15632306368878696,0.08809840943154415,0.04510168891877622,14.332608695652173,14.185416666666667,13.779166666666667,,0.0,724.9187499999999,42.41458333333333,12.310416666666667
2024-07-05,8478.416666666666,0.007679800158841551,130.21617315325088,2237.342492963961,0.285716037629166,2191.1184883452756,0.25101979573567706,3.908869049868994e-06,726.30625,0.10010416666666666,0.11422916666666667,0.23745833333333333,,0.135901899174581,0.0643257026955595,0.03293133044259047,14.008695652173913,13.99375,13.65625,,0.0,726.30625,42.89791666666667,11.085416666666667
2024-07-06,8759.5,0.007555635567055027,132.35674938793912,2275.57805582428,0.2626456690660074,2226.0769317577556,0.23310089111328125,4.118891644004762e-06,724.5583333333334,0.07860416666666667,0.0996875,0.2249375,,0.11883003270432266,0.04445198419380527,0.022757046079126046,14.854347826086956,14.56875,13.879166666666668,,0.0,724.5583333333334,43.04791666666667,11.84375
2024-07-07,8980.083333333334,0.007462306382790316,134.01263855420098,2312.7011029126484,0.24257258585255712,2261.416085282823,0.21685282389322916,4.19910924341962e-06,722.9145833333333,0.06331250000000001,0.08866666666666667,0.21056249999999999,,0.1052222653696776,0.028610896289489582,0.01464725359359204,16.04,15.766666666666666,14.697916666666666,,0.0,722.9145833333333,41.68125,12.841666666666667
2024-07-08,8987.729166666666,0.007459252207096909,134.0689456161824,2334.7063727559566,0.23130414318013884,2278.949049502949,0.2093683878580729,4.53668090901775e-06,724.06875,0.05077083333333333,0.0795,0.19462500000000002,,0.0930840558351743,0.014480551501221267,0.007413270380186391,16.44222222222222,16.212500000000002,15.15,,0.0,724.06875,47.88958333333333,12.135416666666666
2024-07-09,9078.8125,0.007421531449023906,134.74784370833436,2378.9260136282733,0.21021373974430704,2318.8464061822983,0.1928990681966146,4.800439638840505e-06,725.3020833333334,0.0401875,0.07147916666666666,0.17785416666666665,,0.0819948241405418,0.0015713438592918673,0.0008044442843350082,16.116666666666667,16.006249999999998,15.289583333333333,,1.1137999,725.3020833333334,49.09166666666667,12.152083333333332
2024-07-10,9016.9375,0.007446937427304859,134.28796965860096,2401.0192809464156,0.20050711682037467,2331.082171046194,0.18815104166666666,5.555659237511898e-06,726.9854166666668,0.034979166666666665,0.06595833333333334,0.16264583333333335,,0.07442792716299992,0.007237439921053985,0.0037051833965441867,15.541666666666666,14.947916666666666,14.2875,,0.0073,726.9854166666668,54.583333333333336,12.779166666666667
2024-07-11,9107.75,0.007409699789308433,134.96261732148722,2450.7772595531383,0.18057176292267252,2380.902319996369,0.17067845662434897,5.436691433023356e-06,727.2270833333333,0.027085106382978723,0.059854166666666674,0.14597916666666666,,0.06517890055850109,0.018004426147971434,0.009217306334206483,16.606818181818184,16.554166666666667,15.383333333333333,,0.0,727.2270833333333,47.97291666666666,14.862499999999999
2024-07-12,9293.625,0.007335348655976533,136.33210126555795,2475.6647500855956,0.17110002923575676,2409.5571689150106,0.1612269083658854,5.086290045095619e-06,727.13125,0.02102127659574468,0.05383333333333334,0.12866666666666668,,0.05659849410361746,0.027993057608513287,0.014330953127202435,17.54222222222222,17.133333333333333,15.808333333333332,,0.0,727.13125,41.975,16.416666666666668
2024-07-13,9346.770833333334,0.007314531373310181,136.7209414989923,2511.154382113042,0.15847096820074394,2449.9065129149453,0.14883804321289062,4.634176830754799e-06,728.3416666666667,0.016595744680851066,0.048499999999999995,0.11170833333333334,,0.04191922241095426,0.04508150625230957,0.023079327811944737,17.744444444444444,17.385416666666668,16.15625,,0.0,728.3416666666667,35.68333333333333,16.966666666666665
2024-07-14,9329.5,0.007321140478372342,136.59554586987025,2525.343605901086,0.15376094367468351,2448.5291648335674,0.1491978963216146,5.810015786658713e-06,729.0437499999999,0.013234042553191489,0.044000000000000004,0.09675,,0.03699603558002906,0.050812691496747005,0.02601338911564343,17.66086956521739,17.395833333333332,16.4625,,0.0,729.0437499999999,45.1,16.008333333333333
2024-07-15,9116.229166666666,0.007406761618363344,135.02232862778283,2463.5977671095948,0.17579477119677164,2362.0175242085784,0.17725118001302084,7.964692201032992e-06,727.7020833333332,0.0391063829787234,0.04229166666666667,0.08691666666666666,,0.05096786258322906,0.03454779408201208,0.017686628754944776,15.360869565217392,15.477083333333333,15.070833333333333,,4.1549997,727.7020833333332,73.55833333333334,13.641666666666666
2024-07-16,9154.0,0.007391601221292087,135.3009243663212,2444.3475485066524,0.18314516829041927,2347.0702231130103,0.18263880411783853,7.678610506938614e-06,726.3895833333332,0.05948936170212766,0.04279166666666667,0.0815,,0.05866572490924807,0.025586550787432487,0.013098949930712978,14.967391304347826,15.310416666666667,15.0,,3.2642999,726.3895833333332,72.80833333333334,12.65
2024-07-17,9121.208333333334,0.0074046681873987585,135.0596404480388,2441.652783683078,0.18409588660556464,2353.7525668857343,0.1801020304361979,6.918634953608002e-06,727.5041666666666,0.07259574468085106,0.048249999999999994,0.07829166666666666,,0.06545452284348155,0.017683568454171242,0.009053044300574459,13.343181818181819,13.895833333333334,13.55625,,1.5399,727.5041666666666,73.3,11.916666666666666
2024-07-18,9338.916666666666,0.007317542361080517,136.66387957280554,2488.2422925337282,0.1665142702240422,2401.6789024177724,0.1636683146158854,6.675484414986999e-06,727.8916666666668,0.0491063829787234,0.051166666666666666,0.07570833333333334,,0.05580581810218471,0.028915828398866836,0.014803362577025683,16.128888888888888,16.258333333333333,15.197916666666666,,0.007999999,727.8916666666668,57.800000000000004,14.700000000000001
2024-07-19,9251.0625,0.007352269402061744,136.01914810062763,2486.727281917131,0.16713607732187816,2384.4797359167774,0.16941324869791666,7.943936841703738e-06,728.36875,0.0454468085106383,0.048916666666666664,0.073,,0.05284799511105302,0.03235909229776015,0.016566130125670365,16.121739130434783,16.164583333333333,15.362499999999999,,0.30269998,728.36875,74.95,13.0
2024-07-20,9410.770833333334,0.0072895378621567995,137.1887087326131,2512.068245958342,0.15806264909020729,2427.105846602269,0.15560022989908853,6.487533261926543e-06,727.9104166666666,0.039875,0.04745833333333333,0.07095833333333333,,0.04949379215400205,0.036263790444404795,0.018565127409140417,16.62666666666667,16.177083333333332,15.216666666666667,,1.3571,727.9104166666666,60.81666666666666,13.674999999999999
2024-07-21,9565.375,0.007230401829348323,138.3109355581747,2534.867684229013,0.15047434481283148,2449.5786385179285,0.14884821573893228,6.450950425319751e-06,726.94375,0.028085106382978724,0.044583333333333336,0.06945833333333333,,0.043103928183604354,0.04370236536727107,0.022373281203685536,17.677272727272726,17.625,16.539583333333333,,0.0,726.94375,57.541666666666664,13.924999999999999
2024-07-22,9798.9375,0.007143683340603946,139.98953569599823,2568.347772369118,0.13985153002972933,2488.99085260165,0.1377410888671875,5.9086957950300645e-06,726.15,0.02417021276595745,0.04104166666666667,0.06675,,0.03958969223358447,0.04779336128392219,0.024467653013475754,14.074418604651164,14.854166666666666,14.606250000000001,,0.017099999,726.15,57.88333333333333,12.475
2024-07-23,9844.270833333334,0.007127364793002044,140.31200736144638,2594.5620016267735,0.13209938065909246,2525.1570821620558,0.128387451171875,5.09740865387538e-06,726.6895833333333,0.018468085106382977,0.038875,0.06495833333333334,,0.028068362678985596,0.061205583124629585,0.03133399556236414,16.009302325581395,16.118750000000002,15.143749999999999,,0.0,726.6895833333333,50.525,13.5
2024-07-24,9693.875,0.007182457344710884,139.23594519669743,2632.5267315252745,0.12135706744894305,2563.0735739510137,0.11904271443684895,5.020999934967291e-06,728.9125,0.01348936170212766,0.036083333333333335,0.06308333333333334,,0.02668055268382705,0.06282116190306906,0.03216108576704681,17.206666666666667,17.01875,15.877083333333333,,0.0,728.9125,42.550000000000004,15.258333333333333
2024-07-25,9644.791666666666,0.007200719584598124,138.88295532498816,2621.103584341985,0.12447988771579603,2538.301865337327,0.12500635782877603,6.043470515937949e-06,729.5270833333334,0.010708333333333334,0.03345833333333333,0.06137499999999999,,0.02538791289010968,0.0643259510501292,0.03293145758688986,17.72826086956522,17.120833333333334,16.027083333333334,,0.0,729.5270833333334,50.425000000000004,15.441666666666668
2024-07-26,9633.770833333334,0.007204857762939114,138.8034627098297,2585.1397299194373,0.1347908264675353,2479.7845580620437,0.14027023315429688,7.872693657247463e-06,726.5083333333333,0.018468085106382977,0.03166666666666667,0.05991666666666667,,0.024439848089701066,0.06542961320667004,0.03349647377250453,17.395555555555553,17.28125,16.352083333333333,,1.4219999,726.5083333333333,68.96666666666667,14.0
2024-07-27,9443.9375,0.007278671669188454,137.4179426185909,2485.374534520308,0.1695534546429709,2380.379358794046,0.1726710001627604,8.175958436515242e-06,723.2854166666666,0.07293617021276595,0.04004166666666666,0.058875000000000004,,0.05839105091727739,0.025906304553412807,0.013262646812153925,15.360869565217392,15.668750000000001,15.174999999999999,,7.1106,723.2854166666666,77.10000000000001,13.125
2024-07-28,9791.354166666666,0.007146609807095396,139.93429684969715,2513.0072049520995,0.1579219073836263,2442.547936178294,0.15121332804361978,5.356314217908152e-06,721.7375000000001,0.07753191489361702,0.06095833333333334,0.059625000000000004,,0.06776798885911636,0.014990414050802398,0.007674292823734713,14.86046511627907,15.418750000000001,14.977083333333333,,3.2989,721.7375000000001,48.11666666666667,14.875
2024-07-29,9903.645833333334,0.00710563857695672,140.73668710977347,2579.714324127434,0.1364057145109543,2523.3929405665235,0.1286443074544271,4.132795456617437e-06,724.35,0.0531063829787234,0.05641666666666667,0.06025,,0.05585929611964454,0.02885357351496881,0.014771491395407756,14.465116279069768,15.333333333333334,14.858333333333334,,0.0,724.35,37.24166666666667,14.458333333333334
2024-07-30,9974.875,0.007080385006361367,141.2408062414126,2625.6327684720013,0.12327390446261433,2572.4483921613187,0.11684163411458333,3.829138182573411e-06,724.4125,0.03774468085106383,0.049375,0.06041666666666667,,0.04687070715435121,0.039317378813318864,0.020128401860851953,15.265116279069767,15.814583333333333,15.072916666666666,,0.0,724.4125,33.824999999999996,14.791666666666666
2024-07-31,9923.854166666666,0.007098668261587927,140.87842649813186,2628.5161084081296,0.12253969828881973,2576.1991187295584,0.1160418192545573,3.7625564911218067e-06,725.0520833333334,0.02595744680851064,0.042916666666666665,0.06008333333333333,,0.039504786581457216,0.047892201737748635,0.0245182540564439,15.583333333333334,16.21875,15.354166666666666,,0.0,725.0520833333334,33.81666666666667,14.841666666666667
2024-08-01,9544.212765957447,0.007238468549579249,138.15750563406118,2660.1956917343823,0.11392951113627545,2609.1232719359386,0.10853933780751329,3.62406634070899e-06,728.531914893617,0.017106382978723404,0.0375,0.059166666666666666,,0.026289261554731665,0.0632766721289382,0.032394282718490465,16.128571428571426,16.591666666666665,15.625,,0.0,728.531914893617,30.689361702127663,15.910638297872339
2024-08-02,9340.875,0.007317111589911448,136.67610342869835,2661.788921613603,0.11349592224145481,2590.277918448717,0.1128069559733073,5.1235932723892715e-06,730.4666666666667,0.01170212765957447,0.033625,0.058291666666666665,,0.024751688156980995,0.06506659363142404,0.033310627103310196,17.623255813953488,17.625,16.308333333333334,,0.0,730.4666666666667,39.38333333333333,17.974999999999998
2024-08-03,9601.729166666666,0.007216954817353728,138.571876808372,2691.5917489067065,0.10593345653824544,2618.1414957908287,0.10668055216471355,5.2023978709829034e-06,728.9416666666666,0.008595744680851064,0.030625,0.057,,0.023423075714595683,0.06661325929471835,0.03410243746694062,18.226086956521737,17.833333333333332,16.704166666666666,,0.0,728.9416666666666,38.34166666666667,17.974999999999998
2024-08-04,9842.395833333334,0.007127886116120352,140.2996818507905,2698.3751593305583,0.10423644791985916,2608.72772265893,0.10863494873046875,6.367422709149305e-06,727.0375,0.00655,0.028050000000000002,0.055600000000000004,,0.02221712350175084,0.06801713360725467,0.03482114627148803,17.69,17.185,16.6175,,0.0,727.0375,42.18333333333333,18.583333333333332
2024-08-05,9307.041666666666,0.007332434070754681,136.41586943589837,2606.132379481515,0.12958694799195628,2485.7271559164496,0.1397221883138021,8.98761095773142e-06,728.0208333333334,0.026695652173913044,0.02725,0.054375,,0.03311653118579386,0.055328904084964506,0.028325449192086932,14.668181818181818,15.364583333333334,15.441666666666668,,4.0436997,728.0208333333334,83.49166666666666,12.941666666666668
2024-08-06,8785.0,0.007544964337844056,132.54747459438101,2458.2948248815233,0.17777827633740462,2352.717038676819,0.18055597941080728,8.312987781100976e-06,728.9645833333334,0.0976595744680851,0.04745833333333333,0.05420833333333333,,0.07051265209768795,0.011795293899147455,0.006038561644614735,13.474418604651163,14.116666666666667,13.96875,,6.1782,728.9645833333334,77.10833333333333,13.491666666666667
2024-08-07,9091.083333333334,0.007417444733046112,134.83324377629785,2503.507631154594,0.16149901724107277,2401.1724110793984,0.16414642333984375,7.89233725386699e-06,727.5395833333333,0.07468085106382978,0.06020833333333333,0.05533333333333334,,0.06531964409534047,0.017840583639188928,0.00913342770449612,15.0,15.331249999999999,14.852083333333333,,0.8746,727.5395833333333,65.2,15.033333333333333
2024-08-08,8998.020833333334,0.007455911219506298,134.14009745950588,2449.550758259755,0.1818826125403239,2351.6896191612573,0.18169657389322916,7.716697056697323e-06,725.94375,0.10459574468085107,0.07008333333333333,0.056625,,0.08185970066209586,0.0014140437785836002,0.000723915029008153,13.877272727272727,14.512500000000001,14.272916666666667,,5.5271,725.94375,78.10000000000001,12.508333333333333
2024-08-09,9152.083333333334,0.007391874138327454,135.2898236550013,2498.4806964317154,0.16307686891003584,2401.7905200157743,0.16379801432291666,7.456005404917953e-06,726.1062499999999,0.08229787234042553,0.07295833333333333,0.058,,0.07359850541774061,0.008202987203961462,0.004199492130050902,15.071739130434782,15.325000000000001,14.910416666666668,,0.0,726.1062499999999,67.40833333333333,13.0
2024-08-10,9061.270833333334,0.00742921475882434,134.61456964314507,2495.731430449545,0.1642143300543865,2393.540837164227,0.1666081746419271,7.905532426327244e-06,726.8895833333332,0.08995833333333332,0.07408333333333333,0.057791666666666665,,0.07722702011507593,0.0039789569961368185,0.0020370138555157067,13.571739130434782,13.870833333333332,13.862499999999999,,2.9341998,726.8895833333332,80.91666666666667,11.683333333333332
2024-08-11,8068.75,0.00788124468226382,126.98185428638892,2253.658480857254,0.28453841632464344,2160.393512016114,0.2776387532552083,8.01917939255987e-06,727.0333333333333,0.12869565217391304,0.09575,0.0645,,0.10285034244826526,0.02584969097370702,0.013233663677532717,13.782608695652174,14.11875,13.862499999999999,,16.9356,727.0333333333333,83.27499999999999,11.058333333333332
2024-08-12,8124.645833333333,0.0078455375307369,127.46880001272285,2250.887795314034,0.27745298250244793,2159.7437969107136,0.2686055501302083,7.816076338657537e-06,726.24375,0.12169565217391304,0.10929166666666668,0.08791666666666666,,0.10980238515400703,0.0339427099758639,0.017376857950894147,14.31086956521739,14.589583333333332,14.291666666666666,,5.1120996,726.24375,73.04166666666667,12.816666666666668
2024-08-13,8303.3125,0.007760469106368456,128.86385805238245,2337.810667636196,0.23541899125533705,2238.6737844852037,0.2322845458984375,8.188612704620935e-06,724.9020833333334,0.10643478260869565,0.10162500000000001,0.10312500000000001,,0.10402586162302692,0.027218137547098835,0.013934235368364902,13.904347826086957,14.106250000000001,13.952083333333334,,0.0077,724.9020833333334,80.39999999999999,11.533333333333333
2024-08-14,8234.041666666666,0.007793404280169672,128.3232304742288,2598.4170983717286,0.13159967316802149,2494.8484728883313,0.13678359985351562,7.690889941923032e-06,725.3604166666668,0.1336086956521739,0.11662499999999999,0.11283333333333334,,0.12305735114324373,0.04937309442031474,0.02527639216043643,12.236363636363636,12.920833333333334,13.083333333333334,,6.4442,725.3604166666668,84.375,10.133333333333333
2024-08-15,8170.770833333333,0.00782379230666997,127.82776129864051,2653.5027915780106,0.11589598632629167,2557.0141596669578,0.1206525166829427,6.990006846601433e-06,726.36875,0.13978260869565218,0.12633333333333333,0.12441666666666666,,0.13167145174859984,0.05940094994946166,0.03041011958544117,12.080434782608696,12.641666666666666,12.8125,,0.79109997,726.36875,74.97500000000001,10.908333333333333
2024-08-16,8511.333333333334,0.007665032902371439,130.46815635248262,2386.529849306796,0.2177105401714092,2309.9888980067008,0.20574315388997397,6.125581286478085e-06,725.9354166666667,0.12391666666666667,0.11945833333333333,0.13041666666666665,,0.1238369774677545,0.05028067380754093,0.025741024421743895,13.032608695652174,12.958333333333334,12.625,,0.0,725.9354166666667,57.59166666666667,13.65
2024-08-17,8582.0,0.007633438700525623,131.00848332915268,2348.7355573521777,0.22450436208007396,2274.52782971441,0.21109644571940103,6.041187698587429e-06,727.2708333333334,0.09995744680851062,0.10316666666666667,0.13133333333333333,,0.10812873551033467,0.03199437925603005,0.016379416491918406,13.284782608695652,13.570833333333333,13.247916666666667,,0.0,727.2708333333334,52.791666666666664,13.950000000000001
2024-08-18,8432.270833333334,0.00770080393215413,129.86122662829598,2359.863097969168,0.21893165664576453,2268.31135945298,0.213592529296875,7.474924244254624e-06,728.3291666666668,0.08779166666666666,0.09441666666666666,0.12945833333333334,,0.0994606198659185,0.02190364368485546,0.011213497837661845,14.217391304347826,14.245833333333332,13.722916666666668,,0.79499996,728.3291666666668,67.63333333333334,13.441666666666668
2024-08-19,8580.458333333334,0.007634721937386415,130.99329545008365,2395.469987614975,0.20333896840661625,2295.270051879219,0.2027435302734375,8.090247135077758e-06,728.5604166666667,0.08283333333333333,0.08891666666666666,0.12733333333333333,,0.09495250888687773,0.01665565696189182,0.008526808416635539,14.589583333333332,14.354166666666666,13.889583333333334,,0.0011,728.5604166666667,73.80833333333334,13.358333333333334
2024-08-20,8812.833333333334,0.007532777636691575,132.75883523120962,2425.487300483201,0.19046698264495396,2338.2227402665294,0.18564478556315103,6.9117409845956275e-06,728.9708333333333,0.06882608695652175,0.08063829787234042,0.12153191489361702,,0.0847739974014213,0.004806637853100024,0.0024607423288860153,13.293333333333335,13.889361702127658,13.910638297872339,,0.0,728.9708333333333,62.06666666666666,13.808333333333332
2024-08-21,8831.541666666666,0.007527333380981574,132.88486046802373,2412.469411295309,0.19755342958593103,2315.8417628522125,0.19659932454427084,7.763364294893015e-06,728.1479166666667,0.08470833333333333,0.08066666666666666,0.116,,0.09035203164729813,0.011300144734074554,0.005785071669533373,14.049999999999999,13.875,13.583333333333334,,0.6357,728.1479166666667,70.5,12.933333333333332
2024-08-22,8541.791666666666,0.007653909575776906,130.6867835799346,2315.222757211795,0.24403111884122838,2210.6632933078413,0.24407323201497397,8.771500811138263e-06,726.6895833333333,0.1327391304347826,0.11145833333333333,0.11508333333333333,,0.12140313061072903,0.04744738153705778,0.024290529827983957,13.43695652173913,13.708333333333334,13.625,,9.514299,726.6895833333333,92.04166666666667,10.35
2024-08-23,8090.125,0.00786214568531488,127.19832275855993,2191.5056985383767,0.3167410974691521,2092.245289311847,0.31223169962565106,8.783201779702968e-06,725.2020833333332,0.16047826086956524,0.14316666666666666,0.135625,,0.14889576210169064,0.07945213157863691,0.04067525560921526,12.641304347826088,13.004166666666668,13.106250000000001,,10.0687,725.2020833333332,92.95833333333333,10.275
2024-08-24,8161.125,0.00782783608934784,127.75544490929258,2208.777249020275,0.3046022202509064,2113.228492522987,0.2977790832519531,8.374305870750077e-06,725.8249999999999,0.161,0.14754166666666665,0.15975,,0.15606242566732936,0.08779499523378632,0.044946357025168686,13.2875,13.289583333333333,13.141666666666666,,1.1194,725.8249999999999,87.75,10.566666666666666
2024-08-25,8145.291666666667,0.007835799995158757,127.62951953572728,2222.3476384012583,0.29563548775198073,2133.348519563176,0.28462982177734375,7.724596011175639e-06,726.9166666666666,0.1548695652173913,0.14666666666666664,0.1765,,0.15689936659757303,0.08876929575794028,0.04544514695154003,12.622222222222222,13.064583333333333,13.049999999999999,,1.5078,726.9166666666666,83.50833333333334,9.933333333333334
2024-08-26,8081.6875,0.007866447895143928,127.13088292038061,2217.535037304833,0.2988389978640122,2135.2155958981543,0.28381093343098956,7.1468216260962266e-06,728.275,0.16166666666666665,0.15195833333333333,0.18858333333333333,,0.16436526073383215,0.09746050000830163,0.04989458018147743,12.3125,12.4375,12.460416666666667,,1.5924,728.275,79.10000000000001,10.158333333333333
2024-08-27,8209.208333333334,0.007804728401859327,128.13206598470708,2254.0242393515905,0.2753856499164761,2181.153923488328,0.2563323974609375,6.187762221805461e-06,728.4729166666666,0.1408695652173913,0.13741666666666666,0.19166666666666665,,0.15110655620605623,0.08202576345257663,0.04199281792298292,11.927272727272726,12.424999999999999,12.364583333333334,,0.0,728.4729166666666,67.28333333333333,11.241666666666667
2024-08-28,8587.333333333334,0.007632256909185501,131.0423368909983,2286.1516139080736,0.2577206431658558,2219.1597424222286,0.23747889200846353,5.592680627298993e-06,726.2479166666667,0.11979166666666667,0.12033333333333333,0.18899999999999997,,0.1355540320286729,0.06392074324101885,0.03272401279109982,12.4,12.625,12.59375,,0.0,726.2479166666667,57.925000000000004,11.775
2024-08-29,8837.25,0.007522465059480606,132.9420378680022,2361.1378532070853,0.21858414000781626,2298.2117643916063,0.20141728719075522,5.078758979737855e-06,724.9916666666667,0.10179166666666667,0.10775,0.18291666666666664,,0.12210985344465101,0.04827009243891472,0.024711713949298542,12.343478260869563,12.589583333333332,12.533333333333333,,0.0,724.9916666666667,53.28333333333333,11.924999999999999
2024-08-30,8818.416666666666,0.007530705220509735,132.79906324540528,2388.064528941105,0.20678876865466556,2330.65477712472,0.188934326171875,4.563795869725132e-06,727.9499999999999,0.08446808510638297,0.09570833333333334,0.1755833333333333,,0.10886194228020435,0.03284792066425019,0.016816384188852278,11.076744186046511,12.104166666666666,12.252083333333333,,0.0,727.9499999999999,51.949999999999996,10.908333333333333
2024-08-31,8840.4375,0.007520948630005427,132.96694783824373,2406.029275743614,0.19849850860664897,2350.6562568475415,0.18105061848958334,4.361733711712238e-06,728.4708333333333,0.07021276595744681,0.08608333333333333,0.166625,,0.09740066329828365,0.01950560495708445,0.009985829853495264,11.486046511627906,12.316666666666668,12.254166666666668,,0.0,728.4708333333333,45.9,11.9
2024-09-01,9026.446808510638,0.007444381603500162,134.35054662813857,2445.762241825945,0.18314035440408574,2390.849535733155,0.16794862138464095,4.259273230280269e-06,728.4000000000001,0.06008510638297872,0.07775,0.15766666666666665,,0.08815694919070284,0.008744803119464692,0.004476872993450677,12.88139534883721,13.325000000000001,12.835416666666667,,0.0,728.4000000000001,40.306382978723406,13.28936170212766
2024-09-02,9206.229166666666,0.007370155523408379,135.68911784282656,2484.153315674384,0.16799522919062906,2421.0242870731713,0.15755208333333334,4.829359540738441e-06,728.1041666666666,0.05106382978723404,0.07004166666666667,0.14770833333333333,,0.07937904070422774,0.0014737446063087007,0.0007544786700276107,12.755813953488373,13.433333333333332,13.085416666666667,,0.0,728.1041666666666,50.38333333333333,11.516666666666666
2024-09-03,9262.604166666666,0.0073477641707196525,136.1034948696496,2502.7667641450416,0.16155512787122095,2435.8282146123943,0.15311050415039062,5.088055786890812e-06,727.1770833333334,0.044127659574468084,0.063875,0.136875,,0.07183206522523639,0.010259337351566753,0.005252233777304361,12.43409090909091,13.010416666666666,12.852083333333333,,0.0,727.1770833333334,53.64166666666667,11.625
2024-09-04,9331.291666666666,0.007320420114081562,136.6087697044814,2536.656904081809,0.15006031601017678,2465.3495295367675,0.14437357584635416,5.354200243889826e-06,727.4541666666668,0.038,0.05845,0.125,,0.0646541015308714,0.01861535572402435,0.009530069707214131,12.026315789473685,12.440000000000001,12.4875,,0.0,727.4541666666668,53.949999999999996,11.533333333333333
2024-09-05,8730.604166666666,0.007570482943835353,132.1243409452734,2482.6396030940373,0.16995758069892683,2399.0193593327313,0.16602198282877603,6.468922994291582e-06,729.2666666666668,0.058340425531914895,0.056,0.11525,,0.07033788518462919,0.011998743735145251,0.006142717114310005,11.134782608695653,11.86875,12.133333333333333,,4.3714,729.2666666666668,78.79166666666667,8.641666666666667
2024-09-06,8618.020833333334,0.007617586881487768,131.28244617859454,2474.2175175560005,0.17173719858879608,2402.103431204983,0.16366449991861978,5.561837884254652e-06,730.1750000000001,0.06331914893617022,0.057458333333333333,0.109,,0.07157167244060786,0.010562466063978534,0.005407419517634539,10.152272727272727,10.935416666666667,11.125,,0.0,730.1750000000001,66.85833333333333,9.816666666666666
2024-09-07,8867.291666666666,0.0075099373667928855,133.16645732264962,2519.4251533488364,0.15585954751483014,2448.6920190737032,0.14932378133138022,5.3503913728823806e-06,727.9625,0.05110638297872341,0.05616666666666667,0.10133333333333333,,0.06416042650520401,0.01919005319536132,0.009824284174216375,11.513953488372094,12.179166666666667,11.827083333333334,,0.0,727.9625,57.60833333333333,11.5
2024-09-08,9120.770833333334,0.007404545523148104,135.05822253959113,2550.5907623973867,0.14564366647765728,2484.1231732449955,0.13922754923502603,4.95542531280523e-06,725.99375,0.04204255319148936,0.05241666666666667,0.09254166666666667,,0.0569963063912244,0.027529955964986925,0.014093869774632605,11.866666666666667,12.372916666666667,12.216666666666667,,0.0,725.99375,54.26666666666667,11.15
2024-09-09,9185.979166666666,0.007378229750407388,135.5400840129333,2609.541754188847,0.12782009383638754,2541.726840565191,0.12419764200846355,4.940808581949854e-06,726.0416666666666,0.03625531914893617,0.04895833333333333,0.08466666666666667,,0.05154497708410481,0.033875962964209784,0.017342687039349814,11.545454545454545,12.05625,11.808333333333332,,0.0,726.0416666666666,54.94166666666666,10.891666666666666
2024-09-10,9026.729166666666,0.007443159057825711,134.35930027406798,2556.9659472678263,0.14362219369640525,2471.918985812107,0.14261881510416666,6.374139956225064e-06,725.2041666666668,0.03825531914893617,0.04554166666666667,0.07770833333333334,,0.049654912595747974,0.036076226752425646,0.01846910479825918,10.725,11.71875,11.929166666666667,,0.0,725.2041666666668,79.40833333333333,8.566666666666666
2024-09-11,9182.270833333334,0.007380640002571867,135.50706575378396,2495.2178758309833,0.16421884391117947,2417.652162545994,0.1586736043294271,5.938451609084496e-06,721.6333333333333,0.06741666666666667,0.04595833333333333,0.07383333333333332,,0.06143662132377148,0.022360892044394943,0.011447584620881185,9.870833333333334,10.347916666666666,10.758333333333333,,4.0786,721.6333333333333,69.10833333333333,9.241666666666667
2024-09-12,9772.395833333334,0.007154298384874041,139.7938111186293,2517.230117340421,0.1573103513034374,2455.7716844719102,0.1479517618815104,4.6427414383517095e-06,716.3416666666667,0.06276595744680852,0.048375,0.07045833333333333,,0.05951815034376398,0.0245942244264679,0.012590931736889594,9.215909090909092,10.027083333333334,10.229166666666666,,0.6502,716.3416666666667,55.708333333333336,10.275
2024-09-13,9818.729166666666,0.007136906091878721,140.12804625838058,2601.5947001114323,0.13017283952245165,2551.025925889486,0.12202835083007812,3.6732747273122853e-06,718.7208333333333,0.049063829787234045,0.04745833333333333,0.06741666666666667,,0.05263857230855888,0.03260288578289945,0.016690939392921905,10.258139534883721,11.09375,10.947916666666666,,0.0,718.7208333333333,41.46666666666667,10.716666666666667
2024-09-14,9592.479166666666,0.00722014598496127,138.50697261844493,2601.2628615892704,0.1300836600837908,2553.2618870865495,0.12131118774414062,3.4821630452702276e-06,722.80625,0.03858333333333334,0.04495833333333333,0.064625,,0.0466494705784198,0.039574924960368026,0.020260251757818214,10.328888888888889,10.902083333333332,10.852083333333333,,0.0,722.80625,43.05833333333334,9.549999999999999
2024-09-15,9642.0625,0.00720183653957616,138.86270567751157,2622.5694055828903,0.12403391348746372,2564.27823506706,0.11879984537760417,4.221814161649997e-06,722.9291666666667,0.03129166666666667,0.041833333333333333,0.06233333333333333,,0.04192459611049289,0.045075250615755146,0.02307612525952992,10.210416666666667,10.775,10.99375,,0.0,722.9291666666667,50.75,8.441666666666666
2024-09-16,9320.041666666666,0.007325040540214153,136.52513604537526,2539.3429540016173,0.1491090813817432,2456.302166697765,0.14695103963216147,6.2615475929196075e-06,721.38125,0.057999999999999996,0.040625,0.06033333333333333,,0.05251376039785358,0.032748181950916264,0.016765323284904387,8.997916666666667,9.364583333333334,9.770833333333334,,0.8786,721.38125,82.575,7.458333333333333
2024-09-17,9355.479166666666,0.007310948109266707,136.7857206318994,2527.96876503357,0.15276277358995685,2449.487907619041,0.14888127644856772,5.934458493520641e-06,718.5500000000001,0.055957446808510634,0.04220833333333334,0.059625000000000004,,0.052025938114732564,0.033316066121667015,0.01705604970523777,9.728260869565217,10.172916666666667,10.252083333333333,,0.0045,718.5500000000001,70.90833333333333,8.691666666666666
2024-09-18,9403.08510638298,0.007251567791912482,137.9245771122796,2549.1202497315435,0.14725925180829044,2499.6668756295467,0.13600490404211957,3.667888983480708e-06,717.78125,0.05666666666666667,0.041833333333333333,0.05825,,0.05189100084379289,0.03347314943430432,0.017136467986868655,7.621739130434783,8.55625,9.204166666666667,,0.6275,717.78125,53.76666666666667,6.675
2024-09-19,9521.208333333334,0.00724702743207993,137.9920473697958,2588.277463034328,0.13387366422150856,2538.8758917120426,0.12478892008463542,3.6030117487825643e-06,720.7291666666666,0.04579166666666667,0.04145833333333333,0.057291666666666664,,0.04688044752069018,0.039306039848182164,0.020122596915205872,8.208695652173914,8.9,9.091666666666667,,0.0,720.7291666666666,49.84166666666667,7.616666666666667
2024-09-20,9607.729166666666,0.0072146928880661015,138.61521329448394,2607.013857458914,0.12844271198230048,2554.591034443087,0.12105178833007812,3.8051126897128316e-06,720.6,0.036291666666666667,0.04066666666666666,0.05695833333333333,,0.042456235985482545,0.04445635746553872,0.022759284961105325,10.938297872340426,10.754166666666668,10.210416666666667,,0.0,720.6,43.78333333333333,10.5
2024-09-21,9774.395833333334,0.0071527541700287245,139.81342592860042,2635.332748767701,0.12059975086573353,2583.9899914634457,0.11417388916015625,3.6813212486011683e-06,719.75625,0.02841666666666667,0.03795833333333334,0.0565,,0.03803786256947678,0.049599878805651684,0.025392493675379792,9.15531914893617,10.010416666666666,10.295833333333333,,0.0,719.75625,46.041666666666664,8.133333333333333
2024-09-22,8975.6875,0.007464319692216726,133.97870170584133,2460.205782143001,0.17713679631136645,2389.9603298272173,0.1677068074544271,5.440244403615281e-06,721.3354166666667,0.09025,0.045083333333333336,0.056625,,0.06705626511297637,0.01581894661966018,0.008098457328188506,7.55,8.18125,8.829166666666667,,10.8639,721.3354166666667,85.89166666666667,4.266666666666667
2024-09-23,9074.4375,0.007423773983188668,134.71262090249937,2489.063808072613,0.16642318463288933,2425.8300741501816,0.15625890096028647,4.830708187260736e-06,722.44375,0.08604166666666667,0.06058333333333333,0.056875,,0.07066987802246569,0.011612263896209323,0.005944860040822073,7.23695652173913,7.808333333333334,8.254166666666666,,0.0014,722.44375,75.98333333333333,5.5249999999999995
2024-09-24,9293.354166666666,0.007335311421441015,136.33100864742585,2517.0281853421275,0.1564155378538307,2455.462368525793,0.1471227010091146,4.643344290702844e-06,723.225,0.06941666666666667,0.06066666666666667,0.057125,,0.0636231981494862,0.01981545201342826,0.010144455027749697,8.656521739130435,8.918750000000001,8.90625,,0.0,723.225,62.25833333333333,7.925
2024-09-25,9361.270833333334,0.0073087576390114045,136.82760949376896,2562.285042640297,0.1418711079666863,2497.103531465956,0.13564554850260416,4.834692677733767e-06,724.8166666666666,0.05545833333333333,0.056125,0.057291666666666664,,0.056101566166892367,0.028571541861968357,0.014627106224767884,9.719999999999999,9.879166666666666,9.543750000000001,,0.0,724.8166666666666,56.75833333333333,10.75
2024-09-26,9408.5,0.007290517983143616,137.17154035275425,2591.0073612691085,0.13321527800968772,2526.40117435047,0.12807083129882812,4.737651401406844e-06,724.4229166666668,0.044083333333333335,0.050333333333333334,0.057708333333333334,,0.04931191977736312,0.03647551189986862,0.018673517507024985,10.929787234042553,10.964583333333332,10.483333333333333,,0.0,724.4229166666668,50.824999999999996,11.558333333333332
2024-09-27,9476.104166666666,0.007264212345312167,137.66507677719594,2607.1223623727897,0.1284659253840891,2546.5919955400514,0.1229718526204427,4.401586105262034e-06,725.8541666666666,0.035791666666666666,0.045000000000000005,0.056875,,0.04372222486491263,0.042982593207835734,0.022004796230611495,10.645652173913044,10.775,10.516666666666667,,0.0,725.8541666666666,47.18333333333334,11.291666666666666
2024-09-28,9448.104166666666,0.007275118904899073,137.46058602730534,2629.6266934911537,0.12217887930729138,2567.13602765087,0.1181348164876302,4.511190304143297e-06,727.1833333333334,0.029333333333333333,0.04125,0.056541666666666664,,0.03957930967211041,0.04780544784191056,0.024473840686806154,11.088888888888889,10.991666666666667,10.529166666666667,,0.0,727.1833333333334,47.86666666666667,11.958333333333334
2024-09-29,9599.416666666666,0.007217622235046211,138.5564912588674,2647.2509219853514,0.11734303982724782,2584.5282107164785,0.11408106486002605,4.4983475546179945e-06,726.6020833333333,0.02408333333333333,0.03879166666666667,0.05633333333333334,,0.036429760885567805,0.05147190376811733,0.02635087065460228,11.846808510638297,11.68125,11.112499999999999,,0.0,726.6020833333333,46.416666666666664,12.575000000000001
2024-09-30,9641.0,0.0072015165109916,138.85964136494087,2634.376584418977,0.1205612249313037,2579.213062732785,0.115020751953125,3.960691393250295e-06,724.5,0.02,0.038,0.056,,0.034329184470188435,0.05391722891422256,0.02760274676401828,18.9,17.3,13.5,,0.0,724.5,23.2,19.8
