Date (aggregated based on UTC),Raw_Moderated_cph,Raw_Mod_Coeff_of_Var,Raw_Mod_sqrt,Corrected_Mod_cph_for_Des,SWC_Des_cm3_cm3,Corrected_Mod_cph_for_UTS,SWC_UTS_cm3_cm3,Rhov_g_cm3,BaroPress_mb,SWC_5,SWC_10,SWC_20,SWC_50,WeightedTDR_SWC,WeightedTDR_SD,WeightedTDR_SE,sT_5,sT_10,sT_20,sT_50,PRISM_ppt_mm,BaroPress,airRH,airT
2023-07-01,7688.391304347826,0.008064854661262971,124.00036860431524,1915.4013036173676,0.11947792871391426,1861.8579764649114,0.12146128778872282,5.3239134567220215e-06,716.8282608695652,0.07302272727272728,0.07290909090909091,0.12915909090909092,0.21072727272727274,0.09589720911587798,0.0,0.0,13.34772727272727,13.275,13.147727272727273,11.338636363636365,,716.8282608695652,66.76739130434783,8.428260869565218
2023-07-02,7669.375,0.00807465146344805,123.84792337668989,1910.2179589237815,0.12153320240306438,1855.6539109567932,0.1238263448079427,5.444362188840355e-06,716.9583333333334,0.07532608695652174,0.07384782608695652,0.1282608695652174,0.20802173913043476,0.09667314725023032,0.0008883732708528983,0.00043258187667040475,17.280434782608694,15.802173913043477,14.030434782608696,11.221739130434784,0.0,716.9583333333334,57.0,11.168750000000001
2023-07-03,7746.0,0.008034773269725888,124.46424832438645,1928.4553732766637,0.11406223761325296,1877.252567468184,0.11551920572916667,5.054338788500483e-06,716.5020833333333,0.07447826086956522,0.07397826086956522,0.12689130434782608,0.2048260869565217,0.09584405844595663,6.0852318497620645e-05,2.963124960994547e-05,17.817391304347826,16.62608695652174,14.943478260869565,11.402173913043478,0.0,716.5020833333333,50.927083333333336,12.389583333333334
2023-07-04,7752.6875,0.008031241372838416,124.51830835587094,1912.3686440459576,0.12074678121625991,1859.6367771397033,0.12233606974283855,5.250056206531857e-06,715.2291666666666,0.07345652173913043,0.09417391304347826,0.12530434782608696,0.20110869565217393,0.10126807199036338,0.00614911267776719,0.0029942309041474584,17.445652173913043,16.81304347826087,15.369565217391305,11.66304347826087,0.0,715.2291666666666,49.0,12.708333333333334
2023-07-05,7804.770833333333,0.008004546823658422,124.93510140009334,1921.5625718431304,0.11692385610554688,1868.2911535602882,0.11898422241210938,5.282008719282687e-06,714.9145833333333,0.07252173913043478,0.0941086956521739,0.12299999999999998,0.19747826086956521,0.10010219164498728,0.004814293714771666,0.0023442580706858145,16.639130434782608,15.732608695652175,14.700000000000001,11.839130434782609,0.1478,714.9145833333333,50.97291666666666,12.716666666666667
2023-07-06,7976.916666666667,0.00791803553789816,126.3036280441505,1944.359999644963,0.10786388010593058,1897.4278105868398,0.10817209879557292,4.585890146568834e-06,714.6666666666666,0.07230434782608695,0.09373913043478262,0.12169565217391304,0.19280434782608696,0.09925729153839352,0.003846965730737012,0.0018732302173964292,17.795652173913044,16.680434782608696,15.204347826086956,11.910869565217391,0.0,714.6666666666666,45.856249999999996,12.510416666666666
2023-07-07,8132.208333333333,0.007841937786565294,127.5278597307253,1950.7605320390128,0.10560483351124685,1909.0880149726365,0.10427347819010417,4.0482402369387635e-06,713.1270833333333,0.07123913043478261,0.09319565217391304,0.1196304347826087,0.18784782608695652,0.09784185290837749,0.0022264269406330212,0.0010841298087727557,18.506521739130434,17.391304347826086,15.791304347826086,12.097826086956522,0.0,713.1270833333333,40.56875,12.754166666666668
2023-07-08,8171.895833333333,0.007822660326237156,127.83980747940747,1955.5910033530797,0.10351516732498456,1914.4990647505508,0.10216522216796875,3.979497890008026e-06,712.6125000000001,0.06991489361702127,0.0921063829787234,0.11753191489361701,0.18253191489361703,0.0961185080644981,0.00025336565135577484,0.00012337312765170865,18.98936170212766,17.663829787234043,16.01276595744681,12.334042553191491,0.0,712.6125000000001,38.07083333333333,13.272916666666667
2023-07-09,8152.4375,0.007832102805877999,127.6869025738535,1976.9838391890326,0.09562813496728595,1940.8077615377126,0.09340413411458333,3.4554160337671675e-06,714.6104166666668,0.06783333333333334,0.09095833333333332,0.11529166666666668,0.1763958333333333,0.09399326854193268,0.0021798257364900884,0.0010614379550163988,19.083333333333332,17.8625,16.289583333333333,12.545833333333334,0.0,714.6104166666668,32.266666666666666,12.941666666666668
2023-07-10,8014.395833333333,0.007899707041684656,126.5988970368947,1967.3718820603478,0.09910693983641394,1920.4744666316747,0.1002209981282552,4.535313812408633e-06,716.0583333333334,0.06566666666666666,0.08970833333333333,0.11333333333333334,0.17041666666666666,0.09187758233010213,0.004602079517935037,0.002240923111681974,19.275000000000002,18.327083333333334,16.741666666666667,12.762500000000001,0.0,716.0583333333334,37.987500000000004,13.981250000000001
2023-07-11,7979.041666666667,0.007916507672042673,126.32298154627387,1976.6077200008524,0.09573451518651653,1926.5496357498585,0.09792200724283855,4.8096179224457164e-06,716.9499999999999,0.06361702127659576,0.08797872340425532,0.11089361702127659,0.16463829787234044,0.08956144300372318,0.007253832509613596,0.0035321599411122177,18.627659574468087,17.32127659574468,16.06595744680851,12.942553191489361,0.0,716.9499999999999,41.475,14.491666666666667
2023-07-12,7898.166666666667,0.007956983019007541,125.68090192783954,1965.1037683175562,0.09992132822991363,1905.264090149215,0.10533396402994792,5.8223910755358824e-06,716.8854166666666,0.06237499999999999,0.08739583333333333,0.10970833333333334,0.15764583333333335,0.08810793161571771,0.008917960883794023,0.004342485734044183,19.587500000000002,18.345833333333335,16.743750000000002,13.00625,0.0,716.8854166666666,48.5875,14.520833333333334
2023-07-13,8072.708333333333,0.007870564017838987,127.06164641613434,1979.5069497524464,0.09482049608351821,1922.6949150623716,0.09933217366536458,5.471440314220011e-06,716.3395833333334,0.06041666666666667,0.08579166666666667,0.10781249999999999,0.150875,0.08591289504674927,0.011431063063059714,0.005566208343266234,18.979166666666668,17.752083333333335,16.48125,13.183333333333332,0.0,716.3395833333334,45.31458333333333,14.827083333333334
2023-07-14,8184.708333333333,0.00781647153664535,127.94033012940163,1979.7541870313873,0.09465623965978408,1930.9095907583217,0.09660847981770833,4.68781417423462e-06,716.4479166666666,0.05948936170212766,0.08497872340425533,0.10648936170212765,0.1434255319148936,0.08444101128327416,0.013116226010187028,0.00638677664949623,20.18723404255319,18.638297872340427,17.004255319148935,13.302127659574468,0.0,716.4479166666666,42.65,14.147916666666667
2023-07-15,8051.229166666667,0.00788171544233691,126.88895747022752,1999.4745322069477,0.08807418772130872,1959.1849658253404,0.0879071553548177,3.812007150594354e-06,717.9458333333333,0.057645833333333334,0.08360416666666666,0.104875,0.136375,0.08240474640540851,0.015447550132286396,0.007521984784356604,20.077083333333334,18.708333333333332,17.2375,13.516666666666666,0.0,717.9458333333333,35.639583333333334,13.147916666666667
2023-07-16,7959.583333333333,0.007926374204324358,126.16780631910541,2006.3246739770746,0.0856001390243225,1964.9213108479123,0.08601888020833333,3.906950262182472e-06,719.4270833333334,0.056,0.08245833333333334,0.10345833333333332,0.1300625,0.08061692261639343,0.017494433507185398,0.008518688175476392,20.327083333333334,18.872916666666665,17.377083333333335,13.69375,0.0,719.4270833333334,37.87291666666667,13.497916666666667
2023-07-17,7817.458333333333,0.007998169648824738,125.03596269865727,1996.1030342283418,0.08906937000658333,1950.1748695240565,0.09048716227213542,4.3610198545087835e-06,719.5500000000001,0.05478723404255319,0.0814468085106383,0.10236170212765958,0.12425531914893617,0.07914704812427925,0.01917729603512732,0.009338136322330824,21.227659574468085,19.414893617021278,17.672340425531914,13.863829787234042,0.0,719.5500000000001,35.09583333333333,16.014583333333334
2023-07-18,7967.5625,0.00792234487993274,126.23135892701026,2017.659334734316,0.08195539298316462,1965.6950703300097,0.08572133382161458,4.893327971987356e-06,718.4208333333332,0.0525,0.08016666666666666,0.10116666666666667,0.11897916666666665,0.07719877914113829,0.021407873464472052,0.0104242871579117,21.141666666666666,19.7,18.079166666666666,14.079166666666666,0.0,718.4208333333332,35.547916666666666,16.589583333333334
2023-07-19,7804.458333333333,0.008004623738041268,124.93303900297065,1992.7894488197146,0.09022481410460136,1922.9290733140472,0.0993194580078125,6.728299995287309e-06,719.6875,0.050854166666666666,0.07852083333333333,0.10020833333333334,0.11545833333333333,0.0755643640012566,0.023279118940711118,0.01133546594545599,20.302083333333332,18.866666666666667,17.6125,14.254166666666668,0.0,719.6875,53.604166666666664,15.360416666666666
2023-07-20,7712.833333333333,0.008052385085407184,124.19567883102462,1963.3920287028238,0.1008907331075789,1885.1407385256705,0.1128222147623698,7.687285250393867e-06,719.7083333333334,0.04958333333333333,0.07741666666666668,0.09902083333333334,0.11195833333333334,0.07419683689782641,0.024844803719006364,0.01209785590234765,19.71875,18.849999999999998,17.741666666666667,14.333333333333334,2.2333,719.7083333333334,67.48958333333333,13.71875
2023-07-21,7747.041666666667,0.008034526946442152,124.47110313075008,1974.7436253255426,0.09659521413045845,1902.964932748967,0.10635630289713542,6.993986653297758e-06,719.8041666666667,0.04904166666666667,0.075875,0.09800000000000002,0.11035416666666666,0.07314881185513789,0.02604468988761963,0.012682124956403348,18.402083333333334,17.270833333333332,16.58125,14.3125,0.8402,719.8041666666667,64.24374999999999,13.441666666666668
2023-07-22,7964.583333333333,0.007923712583340703,126.20835129763651,1993.8657582023461,0.08977081228825977,1941.4232835207229,0.09322738647460938,5.005014968442076e-06,719.4916666666667,0.050895833333333335,0.075875,0.09804166666666668,0.10760416666666667,0.0736592105483837,0.02546033330494401,0.012397580074795377,20.354166666666668,18.779166666666665,17.275000000000002,14.229166666666666,0.0,719.4916666666667,44.87916666666666,14.25
2023-07-23,7960.958333333333,0.007925721347078895,126.17855066611305,1997.605305374848,0.08860437819676231,1949.7963481195804,0.09061940511067708,4.538874549525248e-06,719.7312499999999,0.05197872340425532,0.0756595744680851,0.09757446808510639,0.10468085106382978,0.07367947322927493,0.02543713451717646,0.012386283725075928,21.146808510638298,19.50851063829787,17.82127659574468,14.357446808510637,0.0,719.7312499999999,36.525,15.612499999999999
2023-07-24,7872.729166666667,0.007969870625871475,125.47810960777677,2002.7713776112384,0.08671706861758126,1946.8690930591565,0.09145482381184895,5.319030314413879e-06,720.7583333333333,0.0514375,0.07508333333333334,0.09702083333333333,0.10266666666666667,0.07301297934019807,0.02620020483171499,0.012757850947463928,20.931250000000002,19.45625,17.979166666666668,14.529166666666667,0.0,720.7583333333333,40.68958333333333,16.60625
2023-07-25,7882.375,0.00796493497539913,125.55526865995864,2011.160617624576,0.08387877736337068,1949.3533703578842,0.09061940511067708,5.87317497423517e-06,720.5604166666667,0.050249999999999996,0.07483333333333332,0.0966875,0.10077083333333335,0.07226156705752469,0.02706049840122072,0.013176759776662472,21.681250000000002,20.1375,18.466666666666665,14.714583333333332,0.0,720.5604166666667,43.98333333333333,16.364583333333332
2023-07-26,7824.979166666667,0.007994335809188043,125.09604871143388,2007.1892678560573,0.08572667240758515,1942.0048398357403,0.09340540568033855,6.214341996082941e-06,720.225,0.04780851063829787,0.07331914893617021,0.09531914893617022,0.09951063829787235,0.07044449633456075,0.029140866654906165,0.014189768196513726,19.96382978723404,18.929787234042553,17.93404255319149,14.893617021276595,0.0,720.225,51.38125,15.029166666666667
2023-07-27,7845.333333333333,0.007983660690797909,125.26020392182913,1997.6543904274988,0.08842747319929899,1935.8162267396722,0.09497451782226562,5.91757386241672e-06,719.18125,0.04677083333333334,0.07258333333333333,0.09500000000000001,0.09833333333333334,0.06965269851424907,0.03004739771497786,0.01463119177384551,20.222916666666666,19.0625,17.85625,14.910416666666668,0.0,719.18125,49.22083333333333,14.84375
2023-07-28,7817.125,0.007998044260547798,125.03484925735891,1987.659742677373,0.09182994697200307,1924.6504179396632,0.09864298502604167,6.067957955958304e-06,719.38125,0.045375,0.0715,0.09372916666666666,0.09770833333333334,0.06844275580636586,0.03143266377339115,0.015305729168088499,19.006249999999998,18.020833333333332,17.23125,14.891666666666667,0.0,719.38125,48.78333333333333,15.741666666666667
2023-07-29,7834.229166666667,0.007989395198693955,125.17112272996371,2005.5055722454326,0.08601468493107378,1947.4855616263674,0.09142812093098958,5.517219837988277e-06,720.5500000000001,0.04568085106382978,0.07151063829787234,0.09357446808510637,0.09593617021276596,0.0683947048868572,0.031487677376462776,0.015332517330722295,20.66808510638298,19.21276595744681,17.772340425531915,14.834042553191491,0.0,720.5500000000001,42.327083333333334,16.375
2023-07-30,7766.583333333333,0.008023953494771955,124.630363662943,1997.1502415184334,0.08852270159198751,1927.9773684572729,0.09742228190104167,6.64473162229278e-06,720.6916666666666,0.044104166666666667,0.07060416666666666,0.09316666666666666,0.09529166666666666,0.06736283927477693,0.032669062577551665,0.015907777577878354,19.620833333333334,18.599999999999998,17.547916666666666,14.929166666666667,0.9759,720.6916666666666,51.92083333333333,15.433333333333332
2023-07-31,7743.833333333333,0.00803599697515227,124.44632319417109,1979.6498956833848,0.09494253286949676,1892.5767947011652,0.1099408467610677,8.516752098866155e-06,719.63125,0.042270833333333334,0.06906250000000001,0.09166666666666667,0.09500000000000001,0.06581340433443697,0.03444301403706138,0.016771580302087044,17.085416666666667,17.008333333333333,16.702083333333334,14.877083333333333,1.4971,719.63125,78.02916666666667,12.739583333333334
2023-08-01,7550.791666666667,0.008138710174916033,122.88220412981282,1932.1288565693674,0.1133842150904798,1845.3804442948858,0.12886683146158853,8.699899298694892e-06,718.9208333333332,0.042063829787234046,0.06868085106382979,0.09425531914893616,0.09540425531914894,0.0662195077149788,0.033978065386512726,0.01654517956896209,16.66595744680851,16.085106382978722,15.740425531914893,14.619148936170212,5.8371,718.9208333333332,79.25625000000001,12.94375
2023-08-02,7339.416666666667,0.008255482487620643,121.14797356387142,1917.9242525756908,0.11905120869573178,1834.592011164162,0.13340886433919272,8.410934460795843e-06,718.4395833333333,0.043562500000000004,0.06964583333333334,0.09333333333333334,0.09549999999999999,0.06690256927646858,0.0331960267075128,0.01616437594677989,18.035416666666666,17.141666666666666,16.216666666666665,14.404166666666667,4.7422,718.4395833333333,77.62083333333334,13.125
2023-08-03,7360.291666666667,0.008242803836535756,121.32492590497377,1884.0228844573667,0.1332215848089604,1813.1448952798391,0.14236831665039062,7.240444493206318e-06,717.5791666666668,0.04520833333333333,0.07014583333333334,0.09381250000000001,0.09516666666666666,0.06777306756805838,0.03219939130536573,0.015679077225215433,19.016666666666666,18.072916666666668,16.8625,14.416666666666666,9.3111,717.5791666666668,70.85416666666667,12.225
2023-08-04,7481.625,0.008175588312068542,122.32135279259838,1910.6505853856813,0.12165179424275756,1849.4514195620284,0.12673314412434897,6.130811827238087e-06,717.30625,0.04534042553191489,0.0697872340425532,0.09370212765957446,0.09523404255319148,0.06768957115131263,0.032294986535919556,0.015725626086589905,17.131914893617022,17.061702127659576,16.504255319148935,14.495744680851063,0.67109996,717.30625,63.9375,11.15625
2023-08-05,7494.166666666667,0.008168613397672619,122.42450222679514,1938.8336940472109,0.10989596012627655,1879.2236178533433,0.11468505859375,5.873426922713993e-06,717.5604166666667,0.04649999999999999,0.06964583333333334,0.0933125,0.09493750000000001,0.06797859768015106,0.031964079429515034,0.015564495150092216,16.91875,16.427083333333332,15.84375,14.377083333333333,0.0,717.5604166666667,56.987500000000004,12.208333333333334
2023-08-06,7574.625,0.008125359543908675,123.07869225267262,1960.6094464053294,0.10155837316564904,1903.7325392321545,0.10584513346354167,5.538822276728549e-06,717.1291666666666,0.048375,0.07014583333333334,0.09335416666666667,0.09393750000000001,0.06878888980542726,0.031036374199150504,0.015112761084339928,17.683333333333334,16.947916666666668,16.039583333333333,14.225,0.0,717.1291666666666,53.927083333333336,12.924999999999999
2023-08-07,7708.041666666667,0.008054560719334265,124.15877240914763,1981.893142602016,0.09395091926294513,1931.9862388032423,0.09628550211588542,4.785564840025521e-06,716.9145833333333,0.050191489361702125,0.07065957446808512,0.09353191489361702,0.09342553191489361,0.06964839196350081,0.030052328294369376,0.014633592655722795,18.49148936170213,17.61063829787234,16.45957446808511,14.212765957446809,0.0,716.9145833333333,45.5875,12.970833333333333
2023-08-08,7866.4375,0.007973591070529336,125.42516480892259,1987.6202090173285,0.09202397311140725,1945.9283129820476,0.09192276000976562,3.972001048151696e-06,715.4916666666667,0.05052083333333333,0.07039583333333334,0.09314583333333333,0.09208333333333334,0.06950266570040649,0.030219170612413623,0.014714834365053298,17.7375,17.443749999999998,16.589583333333334,14.295833333333334,0.0,715.4916666666667,39.947916666666664,12.30625
2023-08-09,7884.75,0.00796378536074428,125.57391897151179,1981.925970759381,0.09397475424321729,1937.1891455363937,0.09466171264648438,4.280509524842629e-06,714.4479166666666,0.049479166666666664,0.06972916666666666,0.0923125,0.09170833333333334,0.06867753603030959,0.031163863380366832,0.015174840292568227,16.308333333333334,16.077083333333334,15.737499999999999,14.277083333333335,0.0,714.4479166666666,46.61666666666667,11.027083333333332
2023-08-10,7999.25,0.007906583402869479,126.48241218600764,1992.202472539074,0.09042355736679743,1943.6888573265644,0.09257761637369792,4.6235892565959335e-06,714.7270833333333,0.05029787234042553,0.07038297872340425,0.09234042553191489,0.09034042553191489,0.06910219444392507,0.030677671031780075,0.014938095215386277,17.96382978723404,17.342553191489362,16.238297872340425,14.140425531914895,0.0,714.7270833333333,44.50416666666666,12.325000000000001
2023-08-11,7830.979166666667,0.007991144300124129,125.14467125756342,1970.8200342949742,0.09776724903652938,1905.231168290231,0.1052258809407552,6.377749184946691e-06,716.225,0.048666666666666664,0.06958333333333334,0.09177083333333334,0.08997916666666667,0.06806896640503299,0.03186061607831221,0.015514115009110535,16.685416666666665,16.366666666666667,15.852083333333333,14.166666666666666,0.42949998,716.225,65.17708333333333,11.491666666666667
2023-08-12,7875.75,0.007968278058980786,125.50252779086503,1979.8390212431261,0.09462447680973562,1910.5155114521087,0.103424072265625,6.719275439456001e-06,717.19375,0.04847916666666666,0.06997916666666666,0.09185416666666667,0.089125,0.06807768040634907,0.0318506393991046,0.015509256994179012,17.752083333333335,17.175,16.179166666666667,14.112499999999999,0.0,717.19375,62.949999999999996,12.397916666666667
2023-08-13,7962.208333333333,0.007924858286607498,126.1897355724127,1987.8563688571103,0.09193281549295139,1923.7323593388398,0.09903335571289062,6.172791905158204e-06,717.3208333333333,0.04670212765957447,0.06895744680851064,0.09097872340425532,0.08885106382978723,0.06685625350205694,0.03324905373915946,0.01619019677414669,16.174468085106383,15.865957446808512,15.557446808510639,14.102127659574467,0.8491,717.3208333333333,62.541666666666664,11.956249999999999
2023-08-14,7937.270833333333,0.007937533477910366,125.99071297122414,1996.6791216144873,0.0887866248541128,1943.9511399784808,0.09236526489257812,5.022672829313243e-06,719.3874999999999,0.0469375,0.06916666666666667,0.09106249999999999,0.08845833333333332,0.06700203856778421,0.033082144097851866,0.01610892228262366,17.4875,16.7625,15.895833333333334,14.041666666666666,0.0,719.3874999999999,47.104166666666664,13.102083333333333
2023-08-15,7831.6875,0.00799074551101244,125.150527713619,2000.267662076683,0.08757738589203151,1941.500398368272,0.09315872192382812,5.605993555706675e-06,721.2875,0.04691666666666666,0.06960416666666668,0.091125,0.08760416666666666,0.06708314441805373,0.03298928583209672,0.016063706150866164,19.089583333333334,18.037499999999998,16.7,14.116666666666667,0.0,721.2875,49.68333333333334,13.927083333333334
2023-08-16,7910.895833333333,0.007950563170945573,125.78221685395026,1996.6870132384183,0.08867166094427277,1931.426330900517,0.09630584716796875,6.258557433901087e-06,719.9812499999999,0.04623404255319149,0.06972340425531916,0.09142553191489361,0.08651063829787234,0.06684450355181824,0.033262506282943284,0.016196747316387126,20.151063829787233,18.96595744680851,17.41063829787234,14.355319148936172,0.0,719.9812499999999,51.71875,15.033333333333333
2023-08-17,8000.729166666667,0.007905742737787293,126.49469258540022,2003.7916854580983,0.08632707163626012,1937.5802148028179,0.09433746337890625,6.328587568378231e-06,718.6875,0.043583333333333335,0.0685,0.09083333333333332,0.08660416666666666,0.06531547594880587,0.035013093337214383,0.017049173045590435,17.885416666666668,17.6375,17.033333333333335,14.6,0.6153,718.6875,52.65208333333334,14.795833333333334
2023-08-18,8017.395833333333,0.007897594927333032,126.62598095344289,2001.7948173850107,0.08695805093054909,1929.1129172106773,0.09711074829101562,6.981696227634274e-06,717.6979166666666,0.042770833333333334,0.06791666666666667,0.09035416666666667,0.08641666666666666,0.06469763605918384,0.03572045958112898,0.01739361589109849,17.908333333333335,17.510416666666668,16.764583333333334,14.606250000000001,0.0,717.6979166666666,56.92083333333333,14.510416666666666
2023-08-19,8003.145833333333,0.007904688458394144,126.5130500861418,2008.6515912270152,0.08496381109516095,1942.0247946495565,0.09317906697591145,6.356447549061489e-06,717.8312500000001,0.04176595744680851,0.06706382978723405,0.0893191489361702,0.0864255319148936,0.06381121426324785,0.03673532583830585,0.017887791891776174,17.102127659574467,16.625531914893617,16.161702127659574,14.580851063829787,0.73149997,717.8312500000001,58.94166666666666,13.847916666666668
2023-08-20,8015.3125,0.007898845086957946,126.6083348282475,2027.7128935954813,0.078674023635689,1977.8114011124344,0.08224868774414062,4.6826622159687625e-06,718.4979166666667,0.04175,0.0666875,0.08927083333333334,0.08502083333333334,0.06356801284921909,0.037013767670317506,0.018023375541337705,17.46875,16.704166666666666,16.016666666666666,14.410416666666668,0.0,718.4979166666667,36.922916666666666,16.289583333333333
2023-08-21,7939.583333333333,0.007936694624058204,126.00737112745048,2031.0054042498684,0.07770827234511489,1984.3672347126937,0.08041127522786458,4.359183832288742e-06,720.2895833333333,0.04197916666666667,0.06697916666666667,0.08925,0.085,0.06374256044771177,0.03681392774220018,0.017926066072474826,18.91875,17.966666666666665,16.76875,14.387500000000001,0.0,720.2895833333333,30.41458333333333,17.5125
2023-08-22,7867.479166666667,0.00797240174950061,125.43694797859109,2021.5691493422812,0.08052136409493484,1963.0061452146645,0.08644739786783855,5.527648673487347e-06,720.625,0.040723404255319146,0.06623404255319149,0.08923404255319149,0.08497872340425533,0.06301930389991948,0.037641985749124036,0.018329278211312795,18.493617021276595,17.72553191489362,16.8,14.52127659574468,0.0,720.625,41.25416666666667,15.981250000000001
2023-08-23,7881.979166666667,0.007965215103528921,125.55169697775999,2023.7093340796791,0.07984524562916087,1953.6174945246796,0.08927408854166667,6.6434112062967936e-06,719.7687500000001,0.03975,0.065875,0.08860416666666666,0.08495833333333334,0.06239062607092216,0.038361760373585845,0.018679763157275313,18.23125,17.422916666666666,16.602083333333333,14.575000000000001,2.1773999,719.7687500000001,55.99375,14.275
2023-08-24,7988.25,0.007912144429766585,126.39478746391234,2030.5294046857546,0.07771656427554366,1947.4924183705537,0.0911712646484375,7.893904995218803e-06,717.9208333333332,0.03866666666666666,0.0649375,0.08816666666666666,0.08429166666666667,0.06152919981897997,0.039348009177654734,0.01916000425921489,17.277083333333334,16.954166666666666,16.360416666666666,14.572916666666666,2.368,717.9208333333332,73.83541666666666,12.475
2023-08-25,7774.416666666667,0.008020276928183969,124.69129854056008,1984.2306969209033,0.09325573049998408,1890.0789119925346,0.11081568400065105,9.222010930043787e-06,718.1395833333332,0.03795744680851064,0.064,0.08736170212765958,0.08329787234042553,0.06070425003400364,0.04029249599473909,0.019619909901617383,15.75531914893617,15.880851063829788,15.719148936170212,14.480851063829787,4.8262997,718.1395833333332,95.3,10.447916666666666
2023-08-26,7590.25,0.00811662653783553,123.20741168507355,1956.8364456150794,0.1029053606059584,1869.247873792873,0.11846415201822917,8.679536536855344e-06,719.0875,0.0383125,0.06325,0.086625,0.08354166666666667,0.06045484885854283,0.040578035947204,0.019758949889147698,15.304166666666667,14.893749999999999,14.814583333333333,14.25,8.2605,719.0875,83.57916666666667,12.258333333333333
2023-08-27,7634.708333333333,0.008093566700341167,123.56461908185129,1959.200451817853,0.1023970935225119,1878.0383923150023,0.11547088623046875,8.004229219428238e-06,719.275,0.04004166666666666,0.064125,0.08741666666666666,0.08368750000000001,0.06158277765172358,0.03928666779950558,0.01913013486833167,17.431250000000002,16.672916666666666,15.720833333333333,14.05625,5.0768,719.275,76.23125,12.441666666666668
2023-08-28,7662.604166666667,0.008079069116882581,123.78891222872183,1951.4924927969378,0.10542453524906736,1878.21061493673,0.11568196614583333,7.235487323666967e-06,718.8541666666666,0.03974468085106383,0.06438297872340426,0.09117021276595745,0.0856595744680851,0.06253667933599731,0.03819454367025697,0.018598339145871643,16.395744680851063,15.993617021276597,15.497872340425532,14.127659574468085,2.6654,718.8541666666666,70.27291666666666,12.495833333333332
2023-08-29,7621.291666666667,0.008100110049140644,123.4589359304623,1946.9169193309517,0.10666879118060235,1892.4851709686188,0.1097119649251302,5.327836035112039e-06,719.7624999999999,0.04002083333333333,0.06510416666666667,0.0918125,0.08858333333333333,0.06323659655832117,0.03739320690822102,0.018208138571698923,15.606250000000001,15.512500000000001,15.331249999999999,14.102083333333333,1.129,719.7624999999999,56.67291666666667,11.581249999999999
2023-08-30,7835.75,0.0079884913418078,125.18393845678708,1966.047433812364,0.09948239780689332,1915.6301155730807,0.10159556070963542,4.87537692862608e-06,717.9958333333334,0.041708333333333326,0.06572916666666667,0.0914375,0.08839583333333333,0.06398371549413193,0.03653782880094918,0.01779162326327324,16.341666666666665,16.10625,15.549999999999999,14.052083333333334,0.0,717.9958333333334,45.9625,13.102083333333333
2023-08-31,8081.041666666667,0.007866412631427783,127.12770927288987,1994.8945970411578,0.08937867550539451,1946.5755365709647,0.09152984619140625,4.597458422499105e-06,715.6062499999999,0.04321276595744681,0.06580851063829787,0.09070212765957447,0.08695744680851063,0.06431178595399992,0.036162220212325805,0.017608725518044783,16.631914893617022,15.938297872340426,15.327659574468084,14.02127659574468,0.0,715.6062499999999,41.02708333333333,14.314583333333333
2023-09-01,8094.395833333333,0.00786001833110111,127.23218251628036,1995.1978914805195,0.08921003164947644,1945.9264149940016,0.0916887919108073,4.69071014841251e-06,716.0208333333334,0.04504166666666667,0.06647916666666667,0.09070833333333334,0.08587499999999999,0.06514481793656574,0.035208480069505305,0.01714431408833,17.527083333333334,16.910416666666666,15.952083333333334,14.008333333333333,0.0,716.0208333333334,40.24791666666666,14.458333333333334
2023-09-02,7946.333333333333,0.007933280089237736,126.06118355718564,1998.0505325113818,0.08841069429855487,1932.337204970907,0.09621429443359375,6.299500827830955e-06,718.31875,0.04520833333333333,0.06627083333333333,0.09014583333333333,0.08535416666666668,0.06497736742074631,0.03540019453211343,0.01723766696683372,16.510416666666668,16.427083333333332,15.922916666666666,14.145833333333334,0.0,718.31875,60.49166666666667,12.202083333333334
2023-09-03,7888.041666666667,0.007962310929545186,125.59914791424522,1991.4445173064817,0.09050496630063491,1919.1961312012088,0.10040283203125,6.972258873047389e-06,717.3458333333333,0.04451063829787234,0.0655531914893617,0.08914893617021276,0.08453191489361703,0.06419724742595725,0.03629335562414684,0.017672580211116565,15.261702127659573,15.219148936170212,15.095744680851064,14.089361702127658,0.0,717.3458333333333,68.89791666666666,11.689583333333333
2023-09-04,8376.708333333334,0.007727327439711087,129.42695626750478,2008.491349064393,0.08481100336155585,1950.6607343403264,0.09034220377604167,5.500099485219391e-06,711.21875,0.04414583333333333,0.06529166666666668,0.08833333333333333,0.08404166666666668,0.06375553567442818,0.036799072376691264,0.01791883244433527,14.799999999999999,14.704166666666666,14.639583333333334,13.9,0.8842,711.21875,56.12916666666666,11.4
2023-09-05,8363.458333333334,0.007732324470496889,129.33079098249814,2018.1836196376305,0.08160850620842584,1967.3980266925507,0.08517837524414062,4.78541821243696e-06,713.40625,0.0436875,0.06491666666666666,0.08770833333333333,0.08422916666666667,0.06333550244049752,0.03727996934691862,0.01815299900549975,14.174999999999999,14.220833333333333,14.275,13.710416666666667,0.0,713.40625,61.64791666666667,8.762500000000001
2023-09-06,8316.270833333334,0.007754602270908483,128.9633704377446,2030.1339353087562,0.07801082525790345,1991.7860640240076,0.07831827799479167,3.5708328195943663e-06,716.5916666666667,0.044276595744680854,0.06529787234042553,0.08774468085106382,0.08380851063829788,0.0636587830247738,0.03690984469735944,0.017972771593485683,15.425531914893616,15.0,14.529787234042553,13.565957446808511,0.0,716.5916666666667,38.84375,11.502083333333333
2023-09-07,8341.979166666666,0.0077423312954337875,129.1642850445111,2034.0330399582263,0.07663319847141344,1997.080602500125,0.07664108276367188,3.4271543472223107e-06,717.1520833333334,0.044083333333333335,0.06535416666666667,0.08772916666666665,0.083,0.06353830250096779,0.03704778311315461,0.018039938921372903,15.735416666666666,15.385416666666666,14.866666666666667,13.554166666666667,0.0,717.1520833333334,34.608333333333334,12.05625
2023-09-08,8319.833333333334,0.007752792964453872,128.99181465749493,2052.582018616488,0.0710106263417818,2018.7402955436992,0.07081349690755208,3.1048543864058144e-06,718.9770833333333,0.043354166666666666,0.06516666666666666,0.087625,0.0825625,0.06314335737195277,0.03749995665707167,0.018260118981518744,15.745833333333332,15.439583333333333,14.979166666666666,13.614583333333334,0.0,718.9770833333333,32.2125,11.80625
2023-09-09,8293.729166666666,0.007764996966090256,128.7892292920031,2056.1018213412563,0.07001709064806143,2023.5598474878425,0.06960423787434895,2.9790764448963066e-06,719.9229166666668,0.04246808510638298,0.0648936170212766,0.08746808510638297,0.08251063829787235,0.06267849286282551,0.03803218105254041,0.018519278768688613,15.763829787234043,15.427659574468086,14.96595744680851,13.651063829787235,0.0,719.9229166666668,29.895833333333332,11.741666666666667
2023-09-10,8245.5625,0.007787570902320723,128.41509403029286,2048.336708305357,0.07229146531009882,2000.302387060354,0.07584889729817708,4.454092740283232e-06,718.30625,0.04164583333333333,0.06489583333333333,0.08739583333333333,0.0823125,0.0623337370732154,0.03842689271175928,0.018711478507121383,16.625,16.16875,15.393749999999999,13.672916666666666,0.0,718.30625,42.3125,11.829166666666666
2023-09-11,8106.208333333333,0.007854537784481934,127.32363678300582,2002.5622566611019,0.08693017893018201,1938.5975978337344,0.09425099690755208,6.1151636936602374e-06,716.3937500000001,0.03966666666666666,0.06372916666666667,0.08635416666666666,0.082,0.06094880099889478,0.040012509058986914,0.019483573883769176,14.7125,14.666666666666666,14.683333333333332,13.699999999999998,4.0627,716.3937500000001,75.18124999999999,8.68125
2023-09-12,8225.666666666666,0.007797145859742521,128.25919485824087,2007.765879276767,0.08512945194101702,1960.351371245539,0.08736546834309895,4.481367335553653e-06,715.1708333333332,0.03891489361702127,0.06291489361702127,0.08614893617021276,0.082,0.06035561932258222,0.04069164406043345,0.019814269890816135,13.608510638297872,13.76595744680851,14.004255319148937,13.574468085106384,0.68979996,715.1708333333332,59.145833333333336,8.18125
2023-09-13,8304.875,0.0077597523217968895,128.87590230820507,2026.5502728794465,0.07896764899089515,1975.958177050624,0.08264541625976562,4.7441452493470465e-06,713.49375,0.03945833333333333,0.063125,0.08600000000000001,0.082,0.060597329593789946,0.04041490944110612,0.019679517546395242,14.266666666666666,14.158333333333333,13.958333333333334,13.335416666666667,0.0,713.49375,57.364583333333336,8.44375
2023-09-14,8211.208333333334,0.007803897330083111,128.14703540761582,2010.2128819860816,0.0842685228280728,1949.0436600198227,0.0907745361328125,5.8125392757542355e-06,713.6625,0.03897916666666667,0.06241666666666667,0.08514583333333332,0.0815,0.05995988423497467,0.04114472202967466,0.020034890349178432,12.929166666666667,13.404166666666667,13.575000000000001,13.204166666666666,1.6592,713.6625,78.97083333333333,6.352083333333333
2023-09-15,7817.541666666667,0.007998068979810707,125.03694536729954,1918.0445358970385,0.1185417258745803,1854.4815559409974,0.12463887532552083,6.347777979155908e-06,715.1291666666666,0.0375,0.06175,0.0849375,0.0820625,0.059177533619346884,0.042040436964395786,0.020471047154134277,10.829166666666666,11.433333333333332,12.233333333333334,12.956249999999999,10.6468,715.1291666666666,92.81458333333335,5.16875
2023-09-16,7745.229166666667,0.00803539433721463,124.45690573117434,1922.9580633110866,0.11635916023423988,1871.080455277497,0.1179033915201823,5.135463765438882e-06,717.40625,0.036937500000000005,0.0616875,0.08472916666666667,0.08266666666666667,0.05894175773802382,0.04231037728773616,0.02060249110398149,9.347916666666666,10.052083333333334,11.135416666666666,12.497916666666667,5.7574,717.40625,79.17708333333333,5.483333333333333
2023-09-17,7851.895833333333,0.007980333365257337,125.31252907037275,1953.2635999246675,0.10429833531280337,1909.3420552813802,0.10378265380859375,4.259937708035125e-06,717.8874999999999,0.03872916666666667,0.063,0.08533333333333333,0.08291666666666668,0.06019940214917658,0.040870497444688875,0.01990136023352285,11.231250000000001,11.19375,11.341666666666667,12.070833333333333,0.023799999,717.8874999999999,56.052083333333336,7.65625
2023-09-18,7839.75,0.00798703800066686,125.21283484350863,1961.9622832616058,0.10127646678529982,1914.634111613175,0.10217030843098958,4.5780471376798696e-06,715.9291666666667,0.039212765957446806,0.06346808510638298,0.08568085106382979,0.08280851063829787,0.060603013876028886,0.040408401493910985,0.01967634858566296,11.114893617021275,11.546808510638298,11.661702127659575,11.893617021276595,0.0,715.9291666666667,61.76458333333333,7.079166666666667
2023-09-19,7728.3125,0.008044117579681412,124.32126372649867,1935.908635981369,0.11126215669765449,1881.7156537394733,0.11402384440104167,5.336706035726745e-06,713.5729166666666,0.03916666666666666,0.062875,0.08535416666666668,0.08268750000000001,0.06031408828207205,0.04073919303974832,0.01983742325143677,9.643749999999999,10.106250000000001,10.75625,11.731250000000001,4.2703,713.5729166666666,77.72708333333334,5.789583333333333
2023-09-20,7797.666666666667,0.008008765888332303,124.8752427348849,1939.3889603363116,0.10991477967148387,1893.8211753146186,0.10963821411132812,4.462388758244151e-06,712.4875000000001,0.03960416666666667,0.06279166666666668,0.08527083333333334,0.08189583333333333,0.06037636598235121,0.040667891164187876,0.0198027037251385,9.147916666666667,9.639583333333333,10.327083333333333,11.44375,0.44239998,712.4875000000001,68.88333333333334,6.147916666666667
2023-09-21,7986.416666666667,0.007912896144456729,126.38110837957923,1956.4384349911807,0.10314200637417857,1916.1886481687525,0.10145060221354167,3.890151602466387e-06,711.2104166666667,0.04131914893617021,0.06348936170212766,0.08527659574468086,0.08102127659574469,0.06119008779653215,0.03973625927547853,0.019349057623880898,10.65531914893617,10.529787234042553,10.55531914893617,11.193617021276596,0.75119996,711.2104166666667,47.822916666666664,8.85
2023-09-22,8196.3125,0.007810935968462496,128.0309998110862,1986.1609688919727,0.09232781920297368,1957.3089701357967,0.08817672729492188,2.731987360509729e-06,711.3874999999999,0.0418125,0.06370833333333333,0.08552083333333332,0.081,0.06150144100829858,0.03937979030085033,0.019175479666192687,10.352083333333333,10.56875,10.799999999999999,11.125,0.6543,711.3874999999999,36.333333333333336,7.9312499999999995
2023-09-23,8175.1875,0.007821239917863222,127.86471842695607,1987.7818047024055,0.0920062166615313,1957.9764373677792,0.08821741739908855,2.8224200374367895e-06,712.9520833333332,0.0425625,0.06389583333333333,0.0855625,0.081,0.06185736579465061,0.03897229123277953,0.018977053264373697,10.264583333333333,10.483333333333333,10.714583333333332,11.075000000000001,0.0,712.9520833333332,43.37708333333333,6.14375
2023-09-24,8249.104166666666,0.007785839824572539,128.44300171106588,2000.319893372189,0.08749842617005127,1974.5967652723023,0.08301289876302083,2.4129948753289225e-06,714.6062499999999,0.043312500000000004,0.06389583333333333,0.08541666666666665,0.081,0.06211165393601581,0.038681156182338604,0.01883528881623428,10.002083333333333,10.333333333333334,10.629166666666666,11.004166666666668,0.0,714.6062499999999,40.52291666666667,4.983333333333333
2023-09-25,7835.125,0.007989978476676816,125.17277404661083,2013.9788944319089,0.08310330815510368,1987.1714159009014,0.07947921752929688,2.4973485366872987e-06,718.0166666666668,0.044041666666666666,0.06395833333333334,0.08533333333333333,0.08102083333333333,0.06239342968070026,0.03835855051460547,0.018678200157951564,10.03125,10.268749999999999,10.522916666666667,10.93125,0.0,718.0166666666668,36.65,6.7124999999999995
2023-09-26,7827.229166666667,0.007993124318032176,125.1143655410134,1994.5134288882766,0.08953552310148759,1963.7714085203015,0.08627065022786458,2.898673925368925e-06,717.9458333333333,0.045000000000000005,0.06435416666666667,0.08552083333333332,0.081,0.06292644710434261,0.03774829769791928,0.018381045440056833,10.935416666666667,10.860416666666666,10.760416666666666,10.877083333333333,0.0,717.9458333333333,35.50625,8.916666666666666
2023-09-27,7986.5625,0.007912934095808066,126.38167790997421,2005.898382245541,0.08567170959215657,1971.886659575384,0.0838330586751302,3.193967824423692e-06,716.0208333333334,0.04440425531914894,0.065,0.08561702127659575,0.081,0.06292631719569837,0.03774844643061083,0.01838111786351772,11.668085106382978,11.48723404255319,11.22340425531915,10.92127659574468,0.0,716.0208333333334,38.045833333333334,9.7125
2023-09-28,8255.104166666666,0.007783231379941527,128.48848505191185,2012.4712905293634,0.08344997796496322,1981.9414024709015,0.08086395263671875,2.8530925168121214e-06,713.1770833333334,0.043666666666666666,0.06516666666666666,0.08589583333333334,0.081,0.06275961499353333,0.03793930414727577,0.018474053560663,11.85,11.766666666666666,11.566666666666668,11.043750000000001,0.0,713.1770833333334,32.99375,10.227083333333333
2023-09-29,8486.5,0.007676169726050181,130.2780817293171,2033.0401295260724,0.07692147460154214,2003.112184285408,0.07495498657226562,2.7663661664946352e-06,711.9666666666667,0.0431875,0.06508333333333334,0.08579166666666667,0.081,0.06252658893786303,0.038206096189198756,0.018603964495584505,11.606250000000001,11.654166666666667,11.6,11.141666666666666,0.0,711.9666666666667,32.520833333333336,9.799999999999999
2023-09-30,8567.6875,0.007639914415568785,130.89860632303566,2027.2335880827188,0.07875082477052923,1996.4946575631345,0.0767822265625,2.850601620969944e-06,711.6270833333333,0.04270212765957447,0.06504255319148936,0.08553191489361701,0.08097872340425533,0.06226851700068089,0.038501563315764466,0.018747838392174726,11.702127659574469,11.704255319148936,11.591489361702127,11.189361702127659,0.0,711.6270833333333,30.777083333333334,10.708333333333334
2023-10-01,8657.625,0.007599901474129808,131.58516391393837,2031.1058327152093,0.07750999025860145,1985.4037234037778,0.07996368408203125,4.269901159555513e-06,710.1374999999999,0.0420625,0.06495833333333334,0.0855,0.08095833333333334,0.06198840569541778,0.038822263363155696,0.018903999133273564,11.870833333333332,11.768749999999999,11.589583333333332,11.185416666666667,0.51489997,710.1374999999999,47.041666666666664,10.358333333333333
2023-10-02,8645.083333333334,0.007605592065157367,131.4887816624582,2026.739683132555,0.07901795391667395,1976.855070629622,0.08251190185546875,4.677115761804661e-06,710.5458333333332,0.04083333333333333,0.06458333333333334,0.08547916666666666,0.08095833333333334,0.06139403253165221,0.039502762501198885,0.01923535938899659,10.916666666666666,11.416666666666666,11.56875,11.21875,0.9849,710.5458333333332,58.07708333333333,8.091666666666667
2023-10-03,8265.125,0.007778429298968373,128.56690073913185,1913.5144759536588,0.12038439184988324,1868.9605322289165,0.11881383260091145,4.4143957702959924e-06,709.1729166666668,0.037361702127659574,0.06306382978723404,0.08440425531914894,0.07925531914893617,0.05921326915374559,0.041999523272731494,0.020451124761034063,6.176595744680851,7.895744680851064,9.668085106382978,11.01063829787234,8.8972,709.1729166666668,89.26875,0.3520833333333333
2023-10-04,8133.5625,0.00784115756600791,127.53915227770092,1921.4638973695348,0.11701393079093675,1878.9700672639003,0.11491012573242188,4.188070448577516e-06,712.0458333333332,0.032100000000000004,0.06355,0.08410000000000001,0.07880000000000001,0.057254476777051394,0.044242148958422295,0.02154314233924643,5.115,6.0200000000000005,7.602500000000001,10.317499999999999,2.7242,712.0458333333332,78.375,2.0208333333333335
2023-10-05,7858.604166666667,0.007977357842786664,125.36379208008763,1930.5041148220478,0.11324293592654583,1890.9378493882384,0.11039479573567708,3.875251640250629e-06,716.7375000000001,0.0305,0.06333333333333334,0.08600000000000001,0.07804166666666666,0.056939387981124315,0.04460289481154431,0.021718802867612807,6.625,6.910416666666666,7.641666666666667,9.793750000000001,0.0,716.7375000000001,67.8125,3.25
2023-10-06,7775.425531914893,0.008019616212438043,124.70012086654867,1938.176331840571,0.11016661856261656,1898.898199490333,0.10755368496509309,3.833554788312162e-06,717.8937500000001,0.031404255319148935,0.06374468085106383,0.08629787234042553,0.07842553191489361,0.05751185205962469,0.04394747943324529,0.021399656824338642,7.453191489361703,7.64468085106383,8.078723404255319,9.5,0.0,717.8937500000001,64.02083333333333,4.416666666666667
2023-10-07,7833.833333333333,0.0079895255895404,125.1683245819839,1951.7813708339572,0.10487401118110083,1915.8991412398675,0.10153834025065105,3.467793611447123e-06,717.65,0.03195833333333333,0.06383333333333334,0.08666666666666667,0.07916666666666666,0.05789017417786308,0.043514337610803526,0.021188744014865646,7.802083333333333,7.979166666666667,8.28125,9.4,0.0,717.65,54.770833333333336,5.3125
2023-10-08,8014.854166666667,0.0078989133533509,126.60555397907478,1960.12441388118,0.10168168108110905,1928.8931029212583,0.0971692403157552,3.0003775407686917e-06,716.2624999999999,0.03266666666666666,0.06435555555555555,0.0872,0.08,0.05850954580051409,0.04280521768238653,0.02084344723536607,8.679545454545455,8.584090909090909,8.615909090909092,9.263636363636364,0.0,716.2624999999999,47.083333333333336,5.729166666666667
2023-10-09,8242.36170212766,0.007789178590360977,128.38963741187698,1970.976276746714,0.09770935424630281,1939.942535660502,0.09357793280418883,2.963091724546748e-06,712.8083333333334,0.033217391304347824,0.06434782608695652,0.08747826086956521,0.08,0.05877962967982301,0.04249599805695006,0.02069287673728456,8.488888888888889,8.504444444444443,8.697777777777777,9.295555555555556,0.0,712.8083333333334,46.625,5.6875
2023-10-10,8569.645833333334,0.007638895511258758,130.91440978778584,1977.0521215492397,0.0955320973623398,1946.352775120452,0.09157562255859375,2.923059970911841e-06,708.3916666666668,0.033375,0.0645,0.08745833333333332,0.08,0.0588840482957629,0.042376448954678035,0.020634663847824874,7.5687500000000005,8.231250000000001,8.725,9.341666666666667,0.0,708.3916666666668,46.166666666666664,4.1875
2023-10-11,8917.375,0.0074886293658107264,133.54314440254504,1970.7212742171687,0.0980575270572666,1929.1816046168126,0.0973803202311198,3.992940665071655e-06,701.78125,0.03291666666666667,0.06416666666666666,0.08658333333333333,0.08,0.058407466900306425,0.04292208803898815,0.02090035574426046,6.335416666666667,7.220833333333334,8.00625,9.125,0.0,701.78125,64.14583333333333,3.7708333333333335
2023-10-12,8172.04255319149,0.007829209487799414,127.80529034756964,1782.8128087026726,0.19130909672431995,1738.3054096575447,0.1860020414311835,4.740062623838397e-06,699.1458333333334,0.03212765957446809,0.0634468085106383,0.086,0.07851063829787235,0.05763341952535433,0.043808296575259226,0.02133188353141847,4.3255319148936175,5.740425531914894,7.085106382978723,8.921276595744681,12.401899,699.1458333333334,97.77083333333333,0.0
2023-10-13,7006.583333333333,0.008450154470210117,118.36510695057912,1634.9044706892864,0.3106091006896849,1595.7399139045654,0.3031883239746094,4.54477544577892e-06,708.7041666666668,0.032,0.06241666666666667,0.08537499999999999,0.07870833333333334,0.057131385825796244,0.04438307605832595,0.021611764968213543,2.685416666666667,3.9812499999999997,5.6625000000000005,8.50625,7.9774,708.7041666666668,92.6875,0.1875
2023-10-14,6805.583333333333,0.00857218780541198,116.66338242521682,1657.8088549755782,0.2861646667860785,1618.9992758743108,0.2760912577311198,4.4384348884320385e-06,714.1833333333334,0.0335,0.06783333333333334,0.084,0.07804166666666666,0.059077995970657174,0.04215439783656415,0.02052653892720649,1.9312500000000001,3.2312499999999997,4.741666666666666,7.9937499999999995,0.0,714.1833333333334,87.27083333333333,0.8958333333333334
2023-10-15,6722.191489361702,0.008625044757105934,115.94709128441205,1681.7590597301864,0.26333441235082783,1644.624716025291,0.25091877389461437,4.181685403202045e-06,718.5041666666666,0.03412765957446809,0.07285106382978723,0.0854468085106383,0.07868085106382978,0.06129086325876953,0.039620881227866195,0.019292875775551766,1.574468085106383,2.668085106382979,4.1,7.453191489361703,0.0,718.5041666666666,79.70833333333333,1.8958333333333333
2023-10-16,6846.458333333333,0.008546708464659223,117.01252514033975,1710.4492597728367,0.23856352936884087,1672.8477280650297,0.22672271728515625,4.163858330384471e-06,719.275,0.03979166666666666,0.08366666666666667,0.08970833333333333,0.09179166666666666,0.06885037685888824,0.030965977536865263,0.01507848233994069,2.1104166666666666,2.4,3.4625,6.877083333333334,0.0743,719.275,72.1875,3.7291666666666665
2023-10-17,7274.0625,0.008291643537151217,120.61150643414874,1764.3589201514567,0.19908593387895493,1729.5459908900239,0.18698883056640625,3.7288328893955758e-06,715.6833333333334,0.049416666666666664,0.09275,0.096375,0.1585,0.08195775309854658,0.01595931374910842,0.007771181459943168,3.983333333333333,3.9,4.14375,6.3812500000000005,0.0,715.6833333333334,60.958333333333336,4.770833333333333
2023-10-18,7442.326086956522,0.008196985489760727,122.00046865396538,1789.346038077746,0.1831500577376772,1755.7248441372,0.17147031037703805,3.5460201408768983e-06,715.1062499999999,0.05472340425531915,0.09429787234042554,0.09974468085106385,0.1404255319148936,0.08386561419448343,0.013774999398396541,0.006707557832273823,5.1,5.23404255319149,5.276595744680851,6.402127659574467,0.0,715.1062499999999,56.99583333333334,4.454166666666667
2023-10-19,7309.104166666667,0.008271647465834408,120.90214110043131,1815.5691128732553,0.16814934897449932,1777.1947527181028,0.13940556844075522,3.79671121965801e-06,718.1333333333333,0.05752173913043478,0.09629166666666666,0.10041666666666667,0.13091666666666668,0.08500327377263493,0.012472490453655527,0.006073317944399761,5.418181818181818,5.433333333333334,5.625,6.599999999999999,0.0,718.1333333333333,60.708333333333336,5.885714285714285
2023-10-20,7400.583333333333,0.008220405032280961,121.65619063709865,1843.9806332385642,0.15245140317324649,1815.6528288378042,0.1410649617513021,2.8914488062379245e-06,717.4833333333332,0.061125000000000006,0.098625,0.102,0.12458333333333334,0.0870001163624958,0.010186300995505299,0.004960087550512235,5.7625,5.927083333333333,6.0375000000000005,6.6937500000000005,0.0,717.4833333333332,44.75,6.1499999999999995
2023-10-21,7743.729166666667,0.008036001563998805,124.44574305886994,1850.6076830571546,0.14928994020586026,1823.293365699903,0.13777669270833334,2.77475019333786e-06,713.3416666666667,0.0634468085106383,0.10054166666666668,0.10320833333333333,0.12070833333333332,0.08847620111821446,0.0084963283231499,0.004137177210777071,5.8999999999999995,6.066666666666666,6.2437499999999995,6.900000000000001,0.0,713.3416666666667,41.375,6.375
2023-10-22,7907.875,0.007952330024099561,125.7568911784356,1837.4835952065903,0.15590757493457896,1807.9788027442075,0.14468892415364584,3.0232258024353126e-06,710.1625,0.06570833333333333,0.10245833333333332,0.104,0.11820833333333332,0.08994035143093765,0.006820019420739946,0.0033209202671303753,6.2124999999999995,6.375,6.491666666666667,6.900000000000001,0.0,710.1625,45.10833333333333,6.008333333333333
2023-10-23,8157.229166666667,0.00782972546764009,127.72483836857741,1873.4466680602238,0.13807049131480917,1844.2908498396491,0.12863667805989584,2.9285710799383855e-06,707.1,0.06748936170212766,0.10316666666666667,0.10454166666666666,0.11612499999999999,0.09081072890623379,0.005823522341432311,0.00283568890008393,6.1521739130434785,6.372916666666666,6.59375,7.108333333333333,0.0,707.1,43.01666666666667,6.066666666666666
2023-10-24,8142.520833333333,0.007836540229648076,127.61102102081736,1864.5756722963133,0.14216196313908094,1834.2835262327808,0.13273493448893228,3.0582523166602887e-06,707.4958333333334,0.06908333333333334,0.1045,0.10562500000000001,0.1145,0.09196445139035944,0.004502622940432085,0.002192494017341779,5.770833333333333,6.216666666666666,6.564583333333334,7.3,0.0,707.4958333333334,46.875,4.891666666666667
2023-10-25,8109.208333333333,0.007852959375076938,127.3478785978042,1860.491835532106,0.1443293788070992,1829.4130331785702,0.13502629597981772,3.146361298465504e-06,708.5895833333334,0.06944680851063831,0.10458333333333332,0.106,0.11341666666666667,0.09213168816809923,0.004311153187019844,0.002099260296816658,4.8130434782608695,5.3500000000000005,6.0562499999999995,7.3,0.0,708.5895833333334,55.916666666666664,3.091666666666667
2023-10-26,8335.458333333334,0.0077454034581292755,129.11354162905292,1875.9092969966216,0.13681015625746942,1848.7355307361104,0.12668736775716147,2.722702573513367e-06,706.7354166666668,0.07008333333333334,0.10533333333333333,0.106,0.112,0.09250749881122962,0.0038808867579343096,0.001889747622956715,4.354166666666667,5.083333333333333,5.8187500000000005,6.908333333333334,0.0,706.7354166666668,47.958333333333336,2.7416666666666667
2023-10-27,8085.979166666667,0.007863854188408598,127.16737993363563,1853.5699873067554,0.14760024198951746,1817.4711600902158,0.14017740885416666,3.6772993945517556e-06,709.2687500000001,0.07076595744680851,0.10612499999999998,0.10620833333333334,0.11041666666666666,0.09294804730973134,0.0033765018163307093,0.0016441438978539741,4.478260869565218,4.8812500000000005,5.51875,6.900000000000001,1.6237999,709.2687500000001,80.5,-0.35833333333333334
2023-10-28,7809.6875,0.0080071966045248,124.94776189425333,1770.013409200332,0.2032833025217549,1732.9865285848452,0.19410578409830728,3.974335953887162e-06,706.7479166666667,0.07037500000000001,0.10608333333333332,0.10695833333333334,0.11,0.09292081267157336,0.0034076828132552895,0.001659327081104343,3.3020833333333335,4.33125,5.222916666666667,6.6125,6.1299996,706.7479166666667,86.34166666666665,-0.6583333333333333
2023-10-29,6799.791666666667,0.008577682633038647,116.60532716577269,1569.8236496627098,0.39574663866378096,1544.440756385174,0.38021596272786456,3.037578668562369e-06,707.6,0.07004255319148937,0.10625,0.108,0.10858333333333332,0.09297186238050993,0.0033492358895943894,0.0016308671074059327,1.9130434782608696,2.8937500000000003,4.16875,6.4937499999999995,32.328197,707.6,95.10000000000001,-6.058333333333334
2023-10-30,6497.041666666667,0.008773093378256594,113.989354224666,1547.431956396403,0.42996668399891935,1533.915445006253,0.39771143595377606,1.6296053126615188e-06,712.88125,0.07158333333333333,0.10766666666666667,0.108,0.108,0.09396929315904509,0.002207275204911406,0.0010748041187145687,1.4812500000000002,2.31875,3.6062499999999997,6.125,1.0248,712.88125,76.02499999999999,-10.516666666666667
2023-10-31,6429.229166666667,0.008819762750455316,113.39066491587005,1554.4193937629036,0.41878439537770956,1540.0144099943889,0.3875834147135417,1.7323739786705553e-06,714.8916666666668,0.07412765957446808,0.108,0.108,0.10679166666666666,0.0949572608128526,0.0010761488724719877,0.0005240167777489968,1.3,1.9937500000000001,3.1875,5.7625,0.13769999,714.8916666666668,72.625,-9.033333333333333
2023-11-01,6333.166666666667,0.008885866515347066,112.54262265922496,1533.8591748468887,0.4531470269276927,1512.7236334316012,0.44370269775390625,2.587297328656856e-06,714.4145833333333,0.07770833333333334,0.10829166666666667,0.108,0.106,0.09635967139126371,0.0005294740727924272,0.0002578205531071145,1.125,1.8937499999999998,2.9,5.4437500000000005,1.4353,714.4145833333333,76.64166666666667,-4.641666666666667
2023-11-02,6436.875,0.008814042274568718,113.46013529695115,1555.344726385949,0.41751325826719504,1533.4324667625324,0.4005839029947917,2.64482886109972e-06,713.6770833333334,0.08306382978723405,0.11,0.108,0.106,0.09895292128793035,0.0034984915638113447,0.0017035452279379588,1.0,1.6187500000000001,2.625,5.1875,0.7615,713.6770833333334,69.93333333333334,-2.6333333333333333
2023-11-03,6383.083333333333,0.008851026923507477,112.98538474404819,1537.2267057749534,0.4469562469198218,1511.5184137807337,0.4463386535644531,3.1492207014456137e-06,714.4666666666667,0.1095,0.113,0.108,0.10595833333333333,0.11001589021450563,0.01616450893754044,0.007871098603567312,1.0,1.6000000000000003,2.4812499999999997,4.941666666666666,0.6642,714.4666666666667,66.65833333333333,0.2583333333333333
2023-11-04,6413.0625,0.008830788693471899,113.24836886457653,1551.2011694333412,0.4238702126416243,1527.620039666828,0.41313425699869794,2.864115476808595e-06,715.7354166666668,0.16847368421052633,0.12975,0.10945,0.10594999999999999,0.13823617493238546,0.04847397476905105,0.023603775195913237,1.0,1.3675000000000002,2.2,4.7,0.0,715.7354166666668,64.54166666666667,0.041666666666666706
2023-11-05,6535.895833333333,0.00874715416432333,114.32892090941374,1558.820836790961,0.4122362269583368,1536.6774009073345,0.3951988220214844,2.6674369203210193e-06,713.2395833333334,0.19287500000000002,0.14716666666666667,0.11170833333333334,0.10491666666666666,0.15355284230688332,0.06601006081978494,0.03214274553886075,1.0,1.3062500000000001,2.2,4.468750000000001,0.0,713.2395833333334,54.43333333333334,1.4416666666666667
2023-11-06,6599.104166666667,0.008705005964140821,114.88111353166948,1564.0192819882104,0.4023069390443688,1541.7602145294813,0.38180287679036456,2.6731968944964533e-06,709.7541666666666,0.22208695652173913,0.20458333333333334,0.11541666666666667,0.104,0.18381393285147513,0.1006560497156827,0.04901316182378646,0.9869565217391304,1.3,2.0187500000000003,4.3812500000000005,0.1218,709.7541666666666,45.199999999999996,3.5583333333333336
2023-11-07,6766.166666666667,0.008597323328544187,116.32411855575664,1575.4970251438483,0.38525450809052547,1556.974887838571,0.35626475016276044,2.20391860155842e-06,707.2895833333333,0.23945833333333333,0.25216666666666665,0.12441666666666666,0.104,0.20765547019927225,0.1279522780851039,0.06230470726023552,0.7999999999999999,1.3,1.8999999999999997,4.1,0.0,707.2895833333333,33.358333333333334,4.9750000000000005
2023-11-08,6830.25,0.008557279342557336,116.87195319172936,1591.845711000424,0.3630154763631607,1566.238269335522,0.3431447347005208,3.0295517114784394e-06,706.5437499999999,0.24717391304347824,0.2635,0.23808333333333334,0.104,0.23954175481167625,0.16445895523161605,0.08008116162820328,0.7521739130434782,1.3,1.8999999999999997,4.0249999999999995,0.0,706.5437499999999,71.66666666666667,-1.1583333333333334
2023-11-09,6511.1875,0.008763458683861582,114.11381071801554,1564.0252082711368,0.4021081435829254,1542.5668952905914,0.3802960713704427,2.577524738188892e-06,711.2270833333333,0.23370833333333332,0.2511666666666667,0.25475,0.104,0.23416682209194606,0.15830518297910712,0.07708466180438837,0.7999999999999999,1.3,1.8999999999999997,3.7999999999999994,2.2927,711.2270833333333,85.79166666666667,-6.541666666666667
2023-11-10,6627.791666666667,0.008686135543608796,115.13059614964084,1583.8480266788818,0.3732852924434847,1567.589476855658,0.33971913655598956,1.9204743189932074e-06,710.7583333333333,0.2257826086956522,0.24450000000000002,0.2534166666666667,0.10404166666666666,0.2287136444336952,0.15206182792497533,0.07404454079372011,0.7391304347826086,1.125,1.78125,3.7999999999999994,0.0,710.7583333333333,72.425,-7.741666666666667
2023-11-11,6624.729166666667,0.008688159075124704,115.10392117411664,1591.9532400766057,0.3622882553768398,1576.115440033148,0.3277397155761719,1.8611932811160075e-06,711.625,0.21208333333333332,0.23687499999999997,0.250625,0.106,0.22056691081971347,0.1427346147529341,0.06950277494996296,0.49374999999999997,1.0,1.6000000000000003,3.74375,0.0,711.625,64.46666666666667,-6.183333333333334
2023-11-12,6454.875,0.008802348037906473,113.61606205602676,1602.2468124888699,0.34858544439899314,1586.6165074917478,0.31346384684244794,1.825033503441797e-06,715.2541666666666,0.19965217391304346,0.230375,0.24650000000000002,0.106,0.2128193193609983,0.13386438030936515,0.06518352898883488,0.4,0.8312499999999999,1.5437500000000002,3.5,0.0,715.2541666666666,53.99166666666667,-3.9
2023-11-13,6367.979166666667,0.008861680019152548,112.85093900499184,1609.4361970793263,0.3400878106788046,1593.9176922043014,0.3048858642578125,1.8032035025569728e-06,716.2166666666667,0.21320833333333333,0.23516666666666666,0.24579166666666666,0.106,0.21937500880238972,0.14137000352068702,0.06883829515623366,0.35000000000000003,0.6999999999999998,1.3,3.5,0.0,716.2166666666667,37.13333333333333,0.9416666666666668
2023-11-14,6448.9375,0.00880589319740549,113.5659790352638,1607.0754261494078,0.3430357890482983,1590.5201259219539,0.3090985616048177,1.9269581379665277e-06,714.0333333333333,0.26682608695652177,0.27558333333333335,0.2853333333333333,0.10775,0.26172198904305166,0.18985315402151987,0.09244653835608647,0.32173913043478264,0.6999999999999998,1.26875,3.25625,0.0,714.0333333333333,42.824999999999996,-0.5333333333333333
2023-11-15,6522.5,0.008756045838518035,114.21206796231805,1610.506040796363,0.3380329655196306,1592.965660512725,0.3050333658854167,2.039147204946789e-06,713.99375,0.27975,0.282625,0.303875,0.12695833333333334,0.274493729317725,0.2044755474572615,0.09956672375717732,0.125,0.5812499999999999,1.0999999999999999,3.2000000000000006,0.0,713.99375,47.6,-0.9916666666666667
2023-11-16,6654.145833333333,0.008668926172123986,115.35923303876432,1597.217133488848,0.3557499375203301,1568.9966812024925,0.3386980692545573,3.3335741536139383e-06,710.5208333333334,0.30478260869565216,0.28475,0.31054166666666666,0.24570833333333333,0.29520355852898517,0.22818627631655208,0.11111235657132963,0.0,0.4000000000000001,1.0,3.09375,0.78859997,710.5208333333334,64.93333333333334,0.4666666666666666
2023-11-17,6670.520833333333,0.008658423917986486,115.50043719480486,1607.2456362714963,0.34285302575941307,1575.3428697651898,0.3297475179036458,3.7527742609848894e-06,711.6520833333334,0.32254166666666667,0.29275,0.32008333333333333,0.28395833333333337,0.30956464754525626,0.24462831861035333,0.11911859645393912,0.13958333333333334,0.44375000000000003,1.0,2.9,3.1111,711.6520833333334,77.79166666666667,0.25833333333333336
2023-11-18,6864.4375,0.008536424897839427,117.16189084002292,1626.5876618841503,0.3198224618639958,1604.3176190502418,0.29284922281901044,2.57152544714448e-06,710.5749999999999,0.2717391304347826,0.2805416666666667,0.31716666666666665,0.2906666666666667,0.2860986786582286,0.21776207939490178,0.10603642867581776,0.16304347826086957,0.55625,1.0,2.9,0.0,710.5749999999999,60.88333333333333,-1.75
2023-11-19,7036.75,0.008430069339199394,118.62885191676338,1603.4136287259007,0.34788785480820156,1573.1637805694875,0.33313878377278644,3.5619744183338077e-06,704.2229166666666,0.25795833333333335,0.27066666666666667,0.30604166666666666,0.2692083333333333,0.27357639774949205,0.20342529253402858,0.09905531570317515,0.0,0.4000000000000001,1.0,2.9,5.2183,704.2229166666666,87.70833333333333,-2.4916666666666667
2023-11-20,6682.895833333333,0.008654736711983156,115.58826390089546,1542.016771939763,0.43966970684619194,1513.5637669146897,0.44445164998372394,3.4805866135681327e-06,707.2770833333334,0.2722608695652174,0.2644166666666667,0.3,0.25958333333333333,0.27497618344181357,0.20502791024145536,0.099835689672327,0.0,0.4000000000000001,1.0,2.9,5.5055,707.2770833333334,95.91666666666667,-4.133333333333334
2023-11-21,6134.166666666667,0.009028999744199276,110.75975998038126,1524.1914032413424,0.4725657834870569,1502.1750903577151,0.4753316243489583,2.7142488179826177e-06,717.8625000000001,0.27587500000000004,0.262,0.29675,0.25345833333333334,0.2743995716782325,0.20436774616941583,0.09951423131404134,0.0,0.4000000000000001,1.0,2.591666666666667,3.8274999,717.8625000000001,85.35000000000001,-5.883333333333333
2023-11-22,6234.145833333333,0.008957279239964654,111.65467943326713,1515.847374006096,0.48874690503260015,1493.4464305437932,0.5001996358235677,2.7771955929398787e-06,716.1770833333334,0.27608695652173915,0.2607083333333334,0.2942916666666667,0.24845833333333334,0.27314270777742655,0.2029287599343755,0.09881353557444643,0.0,0.4000000000000001,1.0,2.5,0.0,716.1770833333334,81.29166666666667,-4.591666666666667
2023-11-23,6707.416666666667,0.008636488402680874,115.8108905892401,1529.3554580816037,0.4627913965437705,1506.6420542688563,0.4640960693359375,2.79189147085809e-06,706.9166666666666,0.29212499999999997,0.2670416666666667,0.29524999999999996,0.24366666666666667,0.2811487440554426,0.21209488841806529,0.10327686331219997,0.0,0.4000000000000001,1.0,2.5,0.0,706.9166666666666,76.95,-3.591666666666667
2023-11-24,6966.416666666667,0.0084724923614941,118.03463168811147,1535.2724823368253,0.4511093525919158,1514.117472869111,0.4421132405598958,2.587084835489339e-06,701.61875,0.2835652173913043,0.264,0.2949583333333333,0.24091666666666667,0.27663172606918185,0.20692334462442863,0.10075864693521831,0.0,0.4000000000000001,1.0,2.5,0.5936,701.61875,67.68333333333334,-3.3166666666666664
2023-11-25,6820.6875,0.008563854317928722,116.78749672566971,1515.8638393071085,0.49055585459256745,1496.9079905032486,0.49642308553059894,2.342854926737289e-06,701.4395833333333,0.2777916666666667,0.26045833333333335,0.29320833333333335,0.23829166666666665,0.2727050165214676,0.20242764625602214,0.09856952474868262,0.0,0.4000000000000001,1.0,2.5,6.2879996,701.4395833333333,88.72500000000001,-8.666666666666666
2023-11-26,6429.916666666667,0.008818937338491081,113.39824778092202,1504.7441558614598,0.5118141295300322,1492.4994985016829,0.5027249654134115,1.520081481738844e-06,707.8937500000001,0.27269565217391306,0.2571666666666667,0.29112499999999997,0.23541666666666664,0.2690240641193007,0.19821331578224496,0.09651741102006317,0.0,0.4000000000000001,1.0,2.5,0.91899997,707.8937500000001,83.24166666666666,-13.575000000000001
2023-11-27,6342.416666666667,0.008879664654414842,112.62360656077318,1504.4003931763173,0.5118844946985749,1493.5076809413358,0.49734242757161456,1.350144970970488e-06,710.5041666666666,0.26608333333333334,0.25395833333333334,0.28875,0.23329166666666667,0.264781669634586,0.1933561890374948,0.09415229595930404,0.0,0.4000000000000001,1.0,2.5,0.0,710.5041666666666,74.39166666666667,-12.775
2023-11-28,6176.1875,0.008998153731106599,111.13879564038945,1513.5985137209452,0.492507003707392,1501.1624266202252,0.4746233622233073,1.5339207970147642e-06,713.9562500000001,0.25530434782608696,0.24987499999999999,0.28654166666666664,0.230625,0.2586628787440987,0.18635077193477148,0.09074109868831276,0.0,0.4000000000000001,1.0,2.5,0.0,713.9562500000001,68.825,-9.725
2023-11-29,6430.0,0.008819911329600907,113.39458241792659,1508.1895587921917,0.5040124984402619,1496.7934362674212,0.48755518595377606,1.409071761601956e-06,708.75,0.24120833333333333,0.24658333333333335,0.283875,0.22875,0.25148634165065076,0.1781343388857308,0.08674021286193213,0.0,0.4000000000000001,0.9187500000000001,2.38125,0.0,708.75,54.6,-7.291666666666667
2023-11-30,6766.979166666667,0.008596846237118755,116.33093380911417,1502.8026644190284,0.5151063676442312,1487.7561695786865,0.5154571533203125,1.8731023717442166e-06,700.65625,0.22413043478260872,0.24250000000000002,0.281375,0.2267916666666667,0.24294767216651264,0.16835839747683598,0.08197994460575236,0.0,0.4000000000000001,0.6999999999999998,2.2,0.0,700.65625,65.175,-7.283333333333334
2023-12-01,6690.916666666667,0.00864553960541162,115.67544026908853,1476.4178030167125,0.5823876617857847,1455.6663065588791,0.6948318481445312,2.637326927268594e-06,698.56875,0.21033333333333334,0.23887499999999998,0.279125,0.22508333333333333,0.23588438448145965,0.160271623923706,0.07804219479427608,0.0,0.4000000000000001,0.6999999999999998,2.2,7.9459,698.56875,91.56666666666666,-7.366666666666667
2023-12-02,6289.4375,0.008917655340210032,112.14939925573924,1428.156175215664,0.73647030872093,1412.2073684850163,1.4153556823730469,2.0906468965756116e-06,701.0291666666667,0.208,0.23516666666666666,0.2767083333333334,0.22341666666666668,0.23314379524650744,0.15713391730132056,0.07651432912824864,0.0,0.4000000000000001,0.6999999999999998,2.2,5.9691997,701.0291666666667,91.94166666666666,-10.516666666666667
2023-12-03,6261.208333333333,0.00893719466198353,111.89971343540223,1422.3135457736719,0.7535875952916622,1403.0383746804127,1.5410931905110676,2.5426629858089776e-06,703.6416666666668,0.208,0.2324166666666667,0.2743333333333334,0.222,0.2316295793023985,0.1554002881477947,0.07567016082953029,0.0,0.4000000000000001,0.6999999999999998,2.2,7.6439,703.6416666666668,94.14999999999999,-8.299999999999999
2023-12-04,5886.208333333333,0.00921778006795432,108.49583507618031,1413.2717662962903,0.7916525723819902,1386.8990523586629,2.3228683471679688,3.520601921862143e-06,711.3104166666667,0.21,0.22970000000000002,0.27205,0.22000000000000003,0.2308670566584717,0.15452727430133636,0.07524505802595581,0.0,0.4,0.7,2.2,11.2478,711.3104166666667,96.41666666666667,-4.125
2023-12-05,5693.854166666667,0.009371941309528242,106.70930639333386,1423.2084816543818,0.7567311239150328,1397.780418224386,1.9299837748209636,3.366356819857325e-06,717.0833333333334,0.21224999999999997,0.22733333333333336,0.270125,0.21875,0.23044838544865842,0.1540479367155065,0.07501165078685927,0.0,0.4000000000000001,0.6999999999999998,2.2,0.8283,717.0833333333334,90.89999999999999,-3.8000000000000003
2023-12-06,5826.875,0.009265525180923948,107.9440055773718,1438.9430103187997,0.6958359565821498,1414.0335805595585,1.3199412027994792,3.2601228209091223e-06,716.5500000000001,0.2161304347826087,0.226,0.268,0.21754166666666666,0.23094170525954588,0.15461273964833366,0.07528667427152215,0.0,0.4000000000000001,0.6999999999999998,2.2,0.0,716.5500000000001,86.01666666666667,-3.4333333333333336
2023-12-07,6265.229166666667,0.008935617001679696,111.9302321345313,1437.4599044423978,0.7009099652909699,1418.1015646763124,1.1959864298502605,2.527341872329774e-06,706.8354166666667,0.21908333333333332,0.226,0.26629166666666665,0.21554166666666666,0.23153911941990687,0.15529672043004472,0.07561972986860804,0.0,0.4000000000000001,0.6999999999999998,2.2,0.0,706.8354166666667,63.46666666666667,-2.275
2023-12-08,6440.354166666667,0.008811934059535937,113.48961760169266,1417.7962687396364,0.773582310036543,1398.5087603468094,1.8302319844563801,2.553369681092695e-06,701.4187499999999,0.22169565217391304,0.226,0.26508333333333334,0.214,0.23215231510130419,0.15599876950978286,0.07596158358977673,0.0,0.4000000000000001,0.6999999999999998,2.2,4.1348,701.4187499999999,86.81666666666666,-7.066666666666666
2023-12-09,6173.854166666667,0.009001531835021967,111.11086374160215,1417.4279366334804,0.7821217025094844,1404.032629776304,1.7742220560709636,1.7663859273389468e-06,707.5270833333334,0.2246808510638298,0.226,0.2631489361702128,0.21238297872340425,0.2327406730917129,0.15667238186266472,0.07628959041451858,0.0,0.4,0.7,2.2,7.1106997,707.5270833333334,89.34166666666665,-12.366666666666667
2023-12-10,5907.708333333333,0.009201022180657306,108.69370089790446,1420.4426218301815,0.7646069164389323,1406.6797273647644,1.5252151489257812,1.8110646698292065e-06,713.3375,0.2270434782608696,0.226,0.262,0.211,0.23328361970832082,0.15729400263414167,0.07659228061099944,0.0,0.4000000000000001,0.6999999999999998,2.2,0.0,713.3375,87.85000000000001,-12.316666666666668
2023-12-11,5949.0,0.009168471021307826,109.07512164348047,1415.088975286769,0.7828330332634158,1392.800935329803,1.9295705159505208,2.96366470826306e-06,710.63125,0.22995833333333335,0.226,0.260125,0.20954166666666665,0.23387030400181416,0.15796569876775643,0.07691935435754785,0.0,0.4000000000000001,0.6999999999999998,2.15625,2.1697,710.63125,84.28333333333333,-4.466666666666667
2023-12-12,6093.645833333333,0.009059077826001424,110.3928758288747,1421.3821193704646,0.7593567627231641,1401.3550570975412,1.7177225748697917,2.646867587915536e-06,708.2937499999999,0.23221739130434785,0.226,0.26,0.208,0.23458971871740636,0.1587893582525732,0.07732042469292315,0.0,0.4000000000000001,0.6999999999999998,1.9312500000000001,0.0,708.2937499999999,77.73333333333333,-4.683333333333333
2023-12-13,5949.770833333333,0.009168019812189844,109.08161490414768,1411.2022764849055,0.8001385697712059,1388.8895289139998,2.2470881144205728,2.975202780396201e-06,710.3145833333333,0.23445833333333332,0.226,0.25866666666666666,0.2065,0.23503622264081916,0.1593005615732116,0.0775693485395283,0.0,0.4000000000000001,0.6999999999999998,1.8999999999999997,0.2311,710.3145833333333,74.03333333333333,-2.6333333333333333
2023-12-14,5916.625,0.009193621126316784,108.7775213532557,1408.7082740940025,0.8127815275609934,1387.0287206900673,2.3805363972981772,2.8962072205013303e-06,710.3583333333332,0.2363478260869565,0.226,0.2575,0.2055833333333333,0.2354295556769086,0.1597508894284045,0.07778862986541654,0.0,0.4000000000000001,0.6999999999999998,1.8999999999999997,0.9697,710.3583333333332,79.24166666666666,-4.041666666666667
2023-12-15,5754.020833333333,0.009323046547833329,107.27071209084164,1409.5966972769947,0.8122179010561598,1392.714223817056,2.1515795389811196,2.2413975112794703e-06,714.5020833333333,0.238,0.226,0.25708333333333333,0.2037083333333333,0.23582676651734188,0.1602056569902907,0.07801007304906916,0.0,0.4000000000000001,0.6999999999999998,1.8999999999999997,0.0,714.5020833333333,75.93333333333334,-6.55
2023-12-16,5697.729166666667,0.009368391870269454,106.74697500604167,1405.5232092488015,0.823368372623325,1391.7072500977984,2.0513127644856772,1.8382342216281492e-06,715.8729166666667,0.23800000000000002,0.226,0.256,0.20225,0.2354752564835818,0.15980321238213946,0.07781410785114869,0.0,0.4000000000000001,0.6999999999999998,1.8999999999999997,0.0,715.8729166666667,65.21666666666667,-6.55
2023-12-17,5821.4375,0.009268217583698267,107.89996946456317,1414.5222140562157,0.7850637482701669,1401.8280640126002,1.6396395365397136,1.6775938593407574e-06,714.4229166666668,0.23704166666666668,0.226,0.25595833333333334,0.201125,0.23501452250689595,0.15927571704231688,0.0775572508164742,0.0,0.4000000000000001,0.6999999999999998,1.8999999999999997,0.0,714.4229166666668,55.775,-5.483333333333333
2023-12-18,5678.1875,0.009385498460869291,106.55995674406346,1400.294292027892,0.8556480754667953,1388.216496481363,2.3575642903645835,1.610246109403134e-06,713.7833333333333,0.23417391304347826,0.226,0.254,0.20000000000000004,0.23339680255011094,0.15742358591780053,0.07665537951533326,0.0,0.4000000000000001,0.6999999999999998,1.8999999999999997,0.0,713.7833333333333,51.125,-5.0
2023-12-19,5914.604166666667,0.0091949682014551,108.7598198525044,1399.523695991432,0.8563647612801119,1384.8890017857755,2.486982981363932,1.958418130260841e-06,709.1625,0.230625,0.226,0.254,0.19862500000000002,0.23193592136638908,0.15575101984835005,0.07584094509579753,0.0,0.4000000000000001,0.6999999999999998,1.8999999999999997,0.0,709.1625,46.98333333333333,-2.191666666666667
2023-12-20,5943.458333333333,0.009172738291958507,109.02431490164862,1401.874521735469,0.8455754418188198,1382.0037995981784,2.8200098673502603,2.662596171212384e-06,709.0375,0.22721739130434782,0.22483333333333333,0.253125,0.19800000000000004,0.23001831032688008,0.15355554276587083,0.07477188592023956,0.0,0.4000000000000001,0.6999999999999998,1.8999999999999997,0.0,709.0375,60.6,-1.2833333333333334
2023-12-21,5839.541666666667,0.009253890982171427,108.06742593239373,1418.7720806852503,0.7711831530243461,1392.7975837024371,2.046391805013021,3.4530843716422976e-06,711.5166666666668,0.226,0.224,0.252,0.19633333333333333,0.2289101836846331,0.1522868461441822,0.07415411050584808,0.0,0.4000000000000001,0.6999999999999998,1.8999999999999997,0.236,711.5166666666668,84.08333333333333,-2.35
2023-12-22,5912.541666666667,0.009197039624343905,108.73900588561202,1434.728918310454,0.7083362723458572,1416.0076849540937,1.210558573404948,2.448463964586501e-06,711.55625,0.226,0.22316666666666665,0.251875,0.19587500000000002,0.22858159289230054,0.1519106418257796,0.07397092267770702,0.0,0.4000000000000001,0.6999999999999998,1.8999999999999997,0.0,711.55625,73.85000000000001,-4.891666666666667
2023-12-23,6268.020833333333,0.008933381696921957,111.95619898807513,1424.8188497664135,0.7491021810498402,1401.474309025354,1.815722147623698,3.0873171910494793e-06,703.0104166666666,0.22583333333333333,0.222,0.25033333333333335,0.19400000000000003,0.22766022718728965,0.1508557682105069,0.07345726561134047,0.0,0.4000000000000001,0.6999999999999998,1.8999999999999997,0.76199996,703.0104166666666,76.61666666666666,-2.6416666666666666
2023-12-24,6339.0,0.008881745415258659,112.59457683626952,1420.2808614932683,0.7619759099658588,1401.8942125650908,1.6801643371582031,2.4325978281517578e-06,702.8208333333333,0.224,0.222,0.24966666666666668,0.19395833333333334,0.22680759822594024,0.14987959144372107,0.07298192895771417,0.0,0.4000000000000001,0.6999999999999998,1.8999999999999997,4.4515,702.8208333333333,92.56666666666666,-8.891666666666667
2023-12-25,6306.3125,0.008904828995975484,112.30350308406628,1421.283168962018,0.7573813873160931,1410.6561631693214,1.3028958638509114,1.3940998588641204e-06,705.3020833333334,0.22587500000000002,0.22058333333333335,0.248,0.19200000000000003,0.2265529110636862,0.14958799955338986,0.0728399420572976,0.0,0.4000000000000001,0.6999999999999998,1.8999999999999997,0.0,705.3020833333334,85.97500000000001,-14.950000000000001
2023-12-26,6288.666666666667,0.008917293040666447,112.14636464280835,1417.2696228372558,0.772415867789556,1407.2212279238004,1.4042930603027344,1.322662289302814e-06,705.8041666666667,0.22708695652173913,0.22,0.248,0.19200000000000003,0.22683003772702637,0.14990528247770127,0.07299443887449959,0.0,0.4000000000000001,0.6999999999999998,1.8999999999999997,0.042099997,705.8041666666667,82.89999999999999,-15.208333333333334
2023-12-27,6050.666666666667,0.00909126578052593,110.00259668477194,1401.6784862012062,0.8501523742281759,1388.8349736370528,2.3868535359700522,1.7113073503002588e-06,709.4208333333332,0.228,0.22,0.248,0.19020833333333334,0.2270437376299914,0.15014994796502965,0.07311357556978015,0.0,0.4000000000000001,0.6999999999999998,1.8999999999999997,1.4268999,709.4208333333332,78.21666666666667,-10.666666666666666
2023-12-28,5922.0,0.009189507779933928,108.82669153702933,1410.8974909629694,0.8094024619226365,1399.227261417225,1.8694000244140625,1.5437882998486315e-06,711.4895833333334,0.22682608695652176,0.22,0.246125,0.19000000000000003,0.22616151490513908,0.14913988923354074,0.07262174053157001,0.0,0.4000000000000001,0.6999999999999998,1.8999999999999997,0.0,711.4895833333334,75.04166666666667,-10.991666666666667
2023-12-29,5780.25,0.009301159463746407,107.51767044514621,1403.0232099073266,0.8390936728955287,1390.9659912959721,2.1086298624674478,1.6038881963195518e-06,713.9229166666668,0.22541666666666668,0.22,0.246,0.18841666666666668,0.22547510254705247,0.14835401422017225,0.07223906885597475,0.0,0.4000000000000001,0.6999999999999998,1.8187499999999999,0.0,713.9229166666668,67.35000000000001,-8.775
2023-12-30,5848.916666666667,0.009246668192977342,108.15336956429951,1400.2771704601776,0.849311686821607,1387.657065498839,2.2888755798339844,1.6836050431896956e-06,711.8729166666667,0.2231304347826087,0.21983333333333333,0.24591666666666667,0.18725,0.2244409823503236,0.1471700477401772,0.0716625516884339,0.0,0.4000000000000001,0.6999999999999998,1.625,0.0,711.8729166666667,64.29166666666667,-7.641666666666667
2023-12-31,5961.520833333333,0.009158609380037005,109.19075397807639,1395.9508327666247,0.8719825281202737,1378.3933835728988,2.691112518310547,2.36293589573337e-06,708.4895833333334,0.22004166666666666,0.218,0.24554166666666666,0.18600000000000003,0.22249652455233382,0.14494383374506606,0.07057852557072943,0.0,0.4000000000000001,0.6999999999999998,1.6000000000000003,0.0277,708.4895833333334,68.0,-4.808333333333334
2024-01-01,5943.291666666667,0.009172751151459936,109.02324512346489,1396.5022302144062,0.867530663084486,1379.904658038842,2.841963450113932,2.2268143945430213e-06,710.1333333333333,0.217,0.21762499999999999,0.244,0.18579166666666666,0.22085464262756996,0.14306403953044844,0.06966318408557559,0.0,0.39166666666666666,0.6999999999999998,1.6000000000000003,0.0,710.1333333333333,71.64999999999999,-5.95
2024-01-02,6053.520833333333,0.009088883019955472,110.02950793305887,1405.7537225461856,0.8251802899978938,1392.5091446299687,2.0984484354654946,1.7611225708554695e-06,710.0854166666667,0.2155,0.216,0.24354166666666666,0.18400000000000002,0.21952469383387588,0.14154137824134058,0.06892174386040618,0.0,0.38333333333333336,0.6875,1.6000000000000003,0.0,710.0854166666667,66.33333333333333,-7.95
2024-01-03,6211.979166666667,0.008972642420269001,111.45849441904123,1421.4071080256078,0.7573104071018509,1410.1290131705173,1.3133748372395833,1.4803690695701599e-06,707.6645833333333,0.21330434782608695,0.21529166666666666,0.242,0.18400000000000002,0.21811559540702477,0.13992809836373762,0.06813617808535975,0.0,0.325,0.65625,1.6000000000000003,0.0,707.6645833333333,61.34166666666667,-8.958333333333334
2024-01-04,6307.791666666667,0.008903983062073363,112.31583289300973,1400.5448089251838,0.8568362352715867,1386.729681936233,2.5119552612304688,1.8491328755762487e-06,701.46875,0.20934999999999998,0.2136,0.242,0.18265,0.2159613797052398,0.1374617320847884,0.066935212918454,0.0,0.08,0.48250000000000004,1.6,0.0804,701.46875,61.71666666666667,-6.858333333333333
2024-01-05,6295.4375,0.008912374350210365,112.2072238710794,1389.5210593714476,0.9027447458830734,1373.1974590681837,3.151269276936849,2.201557029342146e-06,701.2645833333332,0.2048695652173913,0.212,0.24083333333333332,0.18200000000000002,0.21342833378089587,0.13456164225364703,0.06552305167629567,0.0,0.0,0.4000000000000001,1.6000000000000003,1.6504999,701.2645833333332,90.95,-9.741666666666667
2024-01-06,6313.75,0.008899798638634491,112.36879470287147,1383.25992686849,0.9407643767340231,1370.2682372150537,3.1426925659179688,1.7557724564094075e-06,701.2479166666667,0.20129166666666667,0.210125,0.24,0.18200000000000002,0.21127593465336028,0.1320973557745378,0.06432309924102807,0.0,0.0,0.4000000000000001,1.6000000000000003,2.0612,701.2479166666667,83.40833333333333,-11.4
2024-01-07,6655.916666666667,0.008670076381113688,115.36431979597728,1384.424477899958,0.9331697057297971,1373.6165159665354,3.061870574951172,1.4567649303984422e-06,694.6687499999999,0.2,0.20875,0.24,0.18008333333333335,0.2101981146140972,0.1308633572490366,0.06372221961589333,0.0,0.0,0.4000000000000001,1.6000000000000003,0.0,694.6687499999999,73.44166666666666,-12.141666666666666
2024-01-08,6709.145833333333,0.008635511477374543,115.82526290669601,1391.3934501567282,0.8909369161436965,1380.0609977922848,2.7591985066731772,1.520792122492817e-06,694.2020833333332,0.200125,0.2075,0.23875,0.18000000000000002,0.20956203374534607,0.1301351068681334,0.06336760750993184,0.0,0.016666666666666666,0.4000000000000001,1.6000000000000003,1.3317,694.2020833333332,87.06666666666666,-13.991666666666667
2024-01-09,6252.458333333333,0.008943357179412808,111.82187213606032,1382.3345759926135,0.9442400481869854,1371.9063091841692,3.11309814453125,1.4072003787570424e-06,702.4041666666667,0.20199999999999999,0.206,0.238,0.17920833333333333,0.20957308021139043,0.1301477539913211,0.06337376586302791,0.0,0.008333333333333333,0.4000000000000001,1.6000000000000003,0.0,702.4041666666667,85.05,-15.333333333333334
2024-01-10,6530.958333333333,0.00875050442842608,114.28554041820097,1371.7536423775555,1.0074395965450311,1359.2753612999722,3.5904312133789062,1.6996846620338939e-06,694.8395833333334,0.20200000000000004,0.206,0.23641666666666664,0.17800000000000002,0.20912909933109744,0.12963943930828103,0.06312624860114822,0.0,0.03333333333333333,0.4000000000000001,1.6000000000000003,6.4992,694.8395833333334,83.45,-12.041666666666666
2024-01-11,6707.375,0.008634540252324649,115.81935804749885,1372.3403655916693,1.0040893848609216,1359.997272759789,3.534132639567057,1.6815419690219689e-06,690.3604166666668,0.20199999999999999,0.20575,0.236,0.17800000000000002,0.2089564620000649,0.12944178644956605,0.06303000409744978,0.0,0.025000000000000005,0.4000000000000001,1.6000000000000003,6.6555,690.3604166666668,86.77499999999999,-12.674999999999999
2024-01-12,6420.1875,0.00882551019719824,113.31288620446543,1364.3820913420655,1.0581086947724083,1355.5505509294915,3.734851837158203,1.2057117148924876e-06,695.4895833333334,0.20200000000000004,0.204,0.235125,0.17695833333333333,0.20812401542562864,0.12848871654179628,0.06256591903002613,0.0,0.025000000000000005,0.4000000000000001,1.6000000000000003,3.8486998,695.4895833333334,87.03333333333335,-16.983333333333334
2024-01-13,6390.583333333333,0.008846602435275889,113.04844846794477,1371.196765988682,1.0147700731345968,1360.192410345169,3.6107813517252603,1.4987307015598454e-06,696.0124999999999,0.20199999999999999,0.204,0.234,0.17600000000000002,0.2078010140740074,0.12811891158631594,0.0623858472889098,0.0,0.0,0.4000000000000001,1.6000000000000003,5.3160996,696.0124999999999,68.15833333333333,-10.825000000000001
2024-01-14,6289.479166666667,0.00891687558606905,112.15293160238063,1357.672669983576,1.1090847538331874,1339.7249675417768,3.9596023559570312,2.4826529533467375e-06,696.7666666666668,0.20200000000000004,0.204,0.23229166666666667,0.17600000000000002,0.20742051557907723,0.12768327802542923,0.06217372115962175,0.0,0.008333333333333333,0.4000000000000001,1.6000000000000003,8.9283,696.7666666666668,87.79166666666667,-7.716666666666666
2024-01-15,6173.979166666667,0.008999977445423054,111.11804663702252,1356.4105254978333,1.1191101789737778,1339.9620919688955,3.8544336954752603,2.275671888929522e-06,699.2166666666667,0.2038695652173913,0.204,0.232,0.1745,0.20795703128075324,0.12829753602830427,0.062472826151140005,0.0,0.008333333333333333,0.4000000000000001,1.6000000000000003,18.2817,699.2166666666667,93.075,-9.75
2024-01-16,5956.3125,0.009163161795913541,109.14087422271626,1350.5331088786531,1.1643892404228222,1339.6352604722204,3.999969482421875,1.5069025646582078e-06,704.50625,0.204,0.204,0.23195833333333335,0.17400000000000002,0.20795983469124021,0.12830074565911578,0.062474389039359875,0.0,0.008333333333333333,0.4000000000000001,1.6000000000000003,3.7796998,704.50625,88.39999999999999,-14.950000000000001
2024-01-17,6001.729166666667,0.009128408637465722,109.55623371518162,1350.137350320759,1.1676920889742919,1333.7623622987192,3.993366241455078,2.277883428216149e-06,702.8583333333332,0.20399999999999996,0.204,0.23,0.1738333333333333,0.20751105711199003,0.12778693922492537,0.062224197640271484,0.0,0.008333333333333333,0.4000000000000001,1.6000000000000003,0.0,702.8583333333332,93.075,-9.958333333333334
2024-01-18,5847.979166666667,0.009248322089997981,108.1411442826369,1339.5833382771373,1.259565712604504,1318.1312177490242,3.999969482421875,3.014521170881274e-06,705.2604166666666,0.2047083333333333,0.204,0.23,0.17275,0.20770001872572671,0.12800328179069065,0.06232954285514111,0.0,0.008333333333333333,0.4000000000000001,1.5250000000000001,14.0682,705.2604166666666,95.31666666666666,-6.083333333333333
2024-01-19,5659.791666666667,0.00939973775159927,106.39100446662093,1343.2512838756788,1.2258662092002763,1324.305257886963,3.999969482421875,2.6506819322644924e-06,711.34375,0.206,0.204,0.23,0.17200000000000001,0.20813721621066483,0.12850383014951994,0.06257327840587283,0.0,0.0,0.4000000000000001,1.3375000000000001,4.0631,711.34375,94.2,-8.033333333333333
2024-01-20,5730.854166666667,0.009342034011785752,107.0539403571446,1334.3008103429624,1.3118447601140462,1310.9879706219062,3.999969482421875,3.2917011582618585e-06,708.69375,0.206,0.204,0.22854166666666667,0.17104166666666665,0.2077399712502767,0.12804902352362266,0.06235181620050515,0.0,0.008333333333333333,0.4000000000000001,1.3,0.96629995,708.69375,90.98333333333333,-4.158333333333333
2024-01-21,6005.520833333333,0.00912569053304354,109.59017979830055,1348.6923245568416,1.182888083885864,1324.677173789539,3.999969482421875,3.357441706478097e-06,703.6666666666666,0.2068695652173913,0.204,0.228,0.17,0.20787308465724175,0.12820142535503748,0.06242602630160166,0.0,0.0,0.4000000000000001,1.3,0.0,703.6666666666666,87.52499999999999,-3.341666666666667
2024-01-22,6073.4375,0.009074105697589825,110.20980372064456,1360.2226914044002,1.0860533875671787,1339.2846118181662,3.930170694986979,2.89699430350718e-06,703.4333333333334,0.208,0.204,0.228,0.17,0.2083053172789935,0.1286962894311219,0.06266699396435434,0.0,0.0,0.4000000000000001,1.3,0.0,703.4333333333334,84.75,-4.783333333333333
2024-01-23,5956.104166666667,0.009162988091488652,109.14027670209202,1360.9077323832205,1.0864685644187795,1342.4017608646866,3.861109415690104,2.5528476658245073e-06,703.6583333333333,0.2083913043478261,0.204,0.228,0.16970833333333335,0.20843289260239253,0.1288423506985227,0.06273811660979417,0.0,0.0,0.4000000000000001,1.3,0.0,703.6583333333333,81.73333333333333,-6.05
2024-01-24,5848.625,0.009246648948223466,108.15164636935548,1366.7079701619825,1.042419400768804,1347.5698608874297,3.9202779134114585,2.629350408040438e-06,705.3479166666666,0.21,0.204,0.22741666666666668,0.168,0.20878895368458142,0.12925000581199586,0.062936618995904,0.0,0.0,0.4000000000000001,1.3,0.0,705.3479166666666,84.85833333333333,-6.283333333333334
2024-01-25,5885.916666666667,0.009217897947119778,108.49360097021757,1368.0118923023674,1.0373752396855698,1349.6392732045538,3.8463414510091147,2.522615267651067e-06,705.3541666666666,0.211,0.204,0.226,0.168,0.20885577797425656,0.12932651308772175,0.06297387322450171,0.0,0.0,0.4000000000000001,1.3,0.3978,705.3541666666666,80.36666666666666,-5.966666666666666
2024-01-26,5766.25,0.00931311557252919,107.3848073392799,1360.4308188508478,1.0896229148065373,1342.459076650088,3.8777643839518228,2.4780389349637687e-06,707.38125,0.212,0.204,0.226,0.168,0.20923813760119078,0.12976427746271949,0.06318703692616752,0.0,0.0,0.4000000000000001,1.3,0.0,707.38125,85.10000000000001,-7.141666666666667
2024-01-27,5538.729166666667,0.009501965494984799,105.24679593916653,1356.204936811211,1.1237595302096828,1341.4124529652117,3.881849924723307,2.043086075027732e-06,714.5500000000001,0.21365217391304347,0.204,0.226,0.16716666666666669,0.20980688031348818,0.13041543224069557,0.06350410832520834,0.0,0.0,0.4000000000000001,1.3,0.0,714.5500000000001,75.11666666666666,-7.433333333333334
2024-01-28,5427.791666666667,0.009598703442850161,104.18700281810662,1349.224114286519,1.176398711573156,1333.1710446248974,3.976729075113932,2.230481035196592e-06,717.2145833333334,0.2147916666666667,0.204,0.226,0.166,0.21015440169344365,0.13081331023036297,0.06369784986730914,0.0,0.0,0.4000000000000001,1.3,0.0,717.2145833333334,74.69166666666666,-6.591666666666666
2024-01-29,5437.0,0.009590462673885422,104.27573288112939,1344.4900877349341,1.21363878679358,1323.277319331018,3.999969482421875,2.9685229910130076e-06,717.1999999999999,0.216,0.204,0.226,0.166,0.21061641957598917,0.13134227551681854,0.06395542267348865,0.0,0.0,0.4000000000000001,1.3,0.0,717.1999999999999,79.94166666666666,-3.533333333333333
2024-01-30,5602.895833333333,0.009447549220302462,105.85412217398333,1354.5091548632124,1.143940017697359,1335.357988950378,3.9860242207845054,2.6553082965953526e-06,715.1604166666666,0.21645833333333334,0.20541666666666666,0.226,0.166,0.21124405371875318,0.13206085522262406,0.064305325769263,0.0,0.0,0.4000000000000001,1.3,0.0,715.1604166666666,73.49166666666666,-3.341666666666667
2024-01-31,5766.3125,0.009313438256719422,107.38392721872003,1361.1503954494844,1.0874319094920264,1344.1086454798049,3.8103307088216147,2.347096745047232e-06,712.8312500000001,0.2174782608695652,0.206,0.226,0.16495833333333335,0.21174158205027377,0.13263047649994905,0.064582695484473,0.0,0.0,0.4000000000000001,1.3,0.0,712.8312500000001,65.45,-3.625
2024-02-01,5956.416666666667,0.00916322270789889,109.14124197329615,1357.6634426460303,1.1094636577575627,1339.6375582892506,3.964799245198568,2.489772217402965e-06,707.7312499999999,0.218,0.206,0.226,0.164,0.21186864485751072,0.13277595098647246,0.06465353240455225,0.0,0.0,0.4000000000000001,1.3,0.0,707.7312499999999,68.15833333333333,-3.7916666666666665
2024-02-02,6313.125,0.008901964741216349,112.35597099900274,1354.3719792858867,1.13415694058314,1332.572911704932,3.999969482421875,3.030011842562183e-06,698.8208333333333,0.21856521739130436,0.206,0.226,0.164,0.21208476116838665,0.13302338302451472,0.06477401623592861,0.0,0.0,0.4000000000000001,1.3,0.70489997,698.8208333333333,70.825,-1.7083333333333333
2024-02-03,6458.5,0.008799417459871263,113.64995506617332,1353.432817071008,1.1401818996154984,1330.8455407336428,3.999969482421875,3.143189263643117e-06,694.9666666666667,0.22,0.206,0.226,0.164,0.21263336411137929,0.13365147973646804,0.06507985980788393,0.0,0.0,0.4000000000000001,1.3,13.1862,694.9666666666667,95.13333333333333,-5.466666666666666
2024-02-04,6123.583333333333,0.009038121142056812,110.65874408475564,1351.6989626157047,1.1526579540245805,1332.9997872589117,3.9796371459960938,2.59679857678231e-06,702.6729166666668,0.22089473684210525,0.20600000000000002,0.22600000000000003,0.16375,0.21295658078991364,0.13402153122020322,0.0652600515927461,0.0,0.0,0.4,1.3,7.8026996,702.6729166666668,93.39166666666667,-7.866666666666667
2024-02-05,5809.25,0.00927822343734344,107.78585519540358,1344.897612395632,1.2251899580413899,1325.304440284969,3.999969482421875,2.739259523612089e-06,708.8020833333334,0.222,0.206,0.226,0.162,0.2132469268323091,0.13435394904057152,0.06542191815187338,0.0,0.0,0.4000000000000001,1.3,0.0,708.8020833333334,92.125,-7.5
2024-02-06,5865.5,0.009233591084913746,108.3065741961042,1345.5694369188234,1.216960279353864,1325.5418755993542,3.9628092447916665,2.8005530704408283e-06,706.96875,0.22334782608695655,0.206,0.226,0.162,0.2137622811120901,0.13494397928513377,0.06570922574977082,0.0,0.0,0.4000000000000001,1.3,0.7977,706.96875,61.625,-0.9
2024-02-07,6267.0,0.008934321905904275,111.94621385458572,1339.1780398056703,1.2570525651825577,1319.364820594647,3.999969482421875,2.783833672128518e-06,696.9666666666667,0.224,0.20604166666666665,0.226,0.162,0.21402495155619,0.1352447112523494,0.06585566329243576,0.0,0.008333333333333333,0.4000000000000001,1.3,1.5956999,696.9666666666667,68.88333333333334,-2.591666666666667
2024-02-08,6295.645833333333,0.008913053207980314,112.20562043440329,1342.173009250529,1.23223126561031,1326.1876559856285,3.999969482421875,2.232819726072516e-06,697.4145833333333,0.22591304347826086,0.20795833333333333,0.226,0.162,0.2153684737674138,0.13678291277693955,0.0666046706343222,0.0,0.0,0.4000000000000001,1.3,3.1546998,697.4145833333333,80.31666666666666,-7.699999999999999
2024-02-09,6223.416666666667,0.0089641679379089,111.56199891542319,1345.4690981178571,1.2205460094478526,1331.922141296944,3.9710973103841147,1.8840202482592298e-06,699.4208333333332,0.22658333333333336,0.208,0.22595833333333334,0.16116666666666668,0.2155658086765292,0.1370088419469379,0.06671468392215857,0.0,0.0,0.4000000000000001,1.3,2.3161,699.4208333333332,80.22500000000001,-10.008333333333333
2024-02-10,6202.916666666667,0.008978749886050246,111.37901418898679,1352.616191784766,1.1462601563021124,1339.6632038226942,3.928319295247396,1.7915658935629192e-06,700.125,0.22799999999999998,0.208,0.226,0.16,0.2160285906215677,0.13753868201021652,0.0669726826896003,0.0,0.0,0.4000000000000001,1.3,3.3511999,700.125,82.95,-11.158333333333333
2024-02-11,5953.770833333333,0.00916549397201634,109.11606713322668,1337.0512843323318,1.2852984749465377,1325.236219448527,3.999969482421875,1.652596000683101e-06,703.6895833333333,0.22895833333333335,0.208,0.226,0.16,0.2163950185973797,0.1379582062029227,0.06717696457036337,0.0,0.0,0.4000000000000001,1.3,1.0029,703.6895833333333,81.625,-12.025
2024-02-12,5766.895833333333,0.009312166837064232,107.39245658028948,1341.3404874085434,1.2767889962954304,1328.0873044905645,3.945969899495443,1.8441885070595377e-06,706.9875000000001,0.23,0.208,0.226,0.16,0.21679330987543627,0.1384142107602121,0.06739901009293198,0.0,0.0,0.4000000000000001,1.3,0.0,706.9875000000001,77.27499999999999,-10.075000000000001
2024-02-13,5679.208333333333,0.009385026931424116,106.56813561939082,1329.109775105769,1.3782864317542003,1316.5268852028205,3.999969482421875,1.770178099914094e-06,706.5583333333334,0.23,0.20958333333333332,0.226,0.15995833333333334,0.21729576864146843,0.1389894769028167,0.06767912850229602,0.0,0.0,0.4000000000000001,1.3,0.0,706.5583333333334,70.78333333333333,-8.266666666666667
2024-02-14,5820.75,0.009269343788320544,107.89136224108539,1347.6857698359515,1.1984366139485916,1332.1175061095978,3.904310862223307,2.167582787055805e-06,704.6,0.23086956521739133,0.21,0.226,0.159125,0.21769832808498402,0.13945036809209585,0.06790355350712289,0.0,0.0,0.4000000000000001,1.3,0.0,704.6,71.30833333333334,-6.625
2024-02-15,5640.375,0.00941632861374373,106.20673511176498,1332.1295008647926,1.3413909858016388,1315.8063972370487,3.999969482421875,2.296587483803615e-06,707.2062500000001,0.232,0.21,0.226,0.158,0.21804553515695776,0.13984788622986596,0.06809711982399555,0.0,0.0,0.4000000000000001,1.3,2.7338,707.2062500000001,73.925,-6.1499999999999995
2024-02-16,5665.333333333333,0.009394997786095876,106.44361319215936,1325.758795979718,1.4030278646789984,1307.1437726482898,3.999969482421875,2.6358443111330974e-06,706.2854166666666,0.232,0.21,0.226,0.158,0.21804553515695776,0.13984788622986596,0.06809711982399555,0.0,0.0,0.4000000000000001,1.3,7.2595,706.2854166666666,88.49166666666667,-6.883333333333333
2024-02-17,5615.291666666667,0.009436909857317358,105.97193217563547,1330.052623150136,1.3533927443812699,1315.377045366947,3.999969482421875,2.0678028649330057e-06,707.74375,0.232,0.21,0.226,0.158,0.21804553515695776,0.13984788622986596,0.06809711982399555,0.0,0.008333333333333333,0.4000000000000001,1.3,8.1272,707.74375,81.85000000000001,-9.125
2024-02-18,5698.645833333333,0.009367998489134909,106.75419914587063,1333.73014339376,1.3170525570106844,1320.8691201526797,3.997058868408203,1.805382729926219e-06,706.9979166666667,0.232,0.21,0.226,0.15708333333333332,0.21797625507936086,0.13976856731716544,0.06805849650513038,0.0,0.0,0.4000000000000001,1.3,0.0,706.9979166666667,79.54166666666667,-10.683333333333332
2024-02-19,5671.791666666667,0.009389689114615598,106.50410739257579,1338.3621780880337,1.2671708804562045,1321.8482771473007,3.999969482421875,2.315711402671529e-06,708.0666666666666,0.232,0.21,0.226,0.15637500000000001,0.2179227204739451,0.13970727543007871,0.06802865121328004,0.0,0.0,0.4000000000000001,1.3,2.6272,708.0666666666666,72.71666666666667,-4.966666666666667
2024-02-20,5560.8125,0.00948332968975906,105.4554805627364,1332.4192820741332,1.3406559819493673,1312.158267618825,3.999969482421875,2.8622092024865607e-06,710.7229166666666,0.232,0.21,0.226,0.15645833333333334,0.21792901866281755,0.1397144862403242,0.06803216242408597,0.0,0.0,0.4000000000000001,1.3,0.0,710.7229166666666,68.11666666666666,-2.025
2024-02-21,5720.583333333333,0.009351595622589175,106.95345843915554,1336.8935038057261,1.2841831318839578,1321.0043349552095,3.9802538553873696,2.228368693917525e-06,707.7479166666667,0.23270833333333332,0.21,0.226,0.156,0.21816521669309755,0.13998490988293072,0.06816384172,0.0,0.0,0.4000000000000001,1.3,0.0004,707.7479166666667,51.85,-1.5166666666666666
2024-02-22,5686.0,0.009378709339185875,106.6345241976404,1330.5270078546257,1.3530555077441757,1312.5380243763118,3.966447194417318,2.540728226760359e-06,707.8958333333334,0.234,0.21133333333333335,0.226,0.156,0.21908487291828208,0.1410378263110031,0.0686765457593678,0.0,0.0,0.4000000000000001,1.3,1.1918,707.8958333333334,77.65833333333333,-5.391666666666667
2024-02-23,5510.5,0.009526173775627441,104.97861039042381,1314.5216387524154,1.5443679963463424,1298.9777409415303,3.999969482421875,2.215883337771393e-06,711.8708333333334,0.234,0.21195833333333333,0.226,0.156,0.21928445496846696,0.1412663282377376,0.06878781181782846,0.0,0.0,0.4000000000000001,1.3,1.0766,711.8708333333334,77.79166666666667,-7.141666666666667
2024-02-24,5619.625,0.009433248092367855,106.01289294572602,1330.8322001795589,1.3419846623326805,1319.825793041399,3.999969482421875,1.5448617415852647e-06,711.0979166666666,0.234,0.21191666666666667,0.226,0.156,0.21927114949845464,0.1412510947759553,0.06878039408059775,0.0,0.0,0.4000000000000001,1.3,0.0,711.0979166666666,59.925000000000004,-7.433333333333334
2024-02-25,5644.3125,0.009412799184142654,106.24474296282301,1325.9944181605863,1.4070507815367261,1314.6329118919055,3.999969482421875,1.6001769234765822e-06,709.2166666666667,0.2344166666666667,0.212,0.226,0.15412499999999998,0.21931536770007193,0.14130172029191188,0.06880504552095332,0.0,0.0,0.4000000000000001,1.3,0.0,709.2166666666667,45.975,-4.208333333333333
2024-02-26,5749.833333333333,0.009327590105478472,107.22723391023025,1316.2881085383094,1.5459474008067138,1299.4203377966085,3.999969482421875,2.4096156369027586e-06,704.46875,0.236,0.212,0.226,0.154,0.2199113231594092,0.14198403100362347,0.06913728789904867,0.0,0.0,0.4000000000000001,1.3,1.9231999,704.46875,50.458333333333336,-0.09166666666666667
2024-02-27,6087.395833333333,0.009064102515697446,110.33475558351437,1316.1997261328756,1.54173828509777,1297.9153540723803,3.999969482421875,2.616847340550381e-06,696.3541666666666,0.236,0.212,0.226,0.154,0.2199113231594092,0.14198403100362347,0.06913728789904867,0.0,0.0,0.4000000000000001,1.29375,5.1166997,696.3541666666666,81.97500000000001,-5.8999999999999995
2024-02-28,5764.0625,0.009316326639614294,107.35885406885996,1330.7288553563233,1.3414176560688655,1318.5615389554764,3.999969482421875,1.713688628577379e-06,706.3854166666666,0.23686956521739128,0.212,0.226,0.154,0.2202438097915259,0.14236469567753451,0.06932264763962762,0.0,0.0,0.4000000000000001,1.2875,12.0401,706.3854166666666,85.1,-13.266666666666666
2024-02-29,5728.208333333333,0.009343567521240348,107.03160565803965,1336.4343755033717,1.28943293229178,1322.8091140222575,3.999969482421875,1.906069944640393e-06,707.975,0.238,0.213125,0.226,0.154,0.2210352901036105,0.14327086322174104,0.06976389420760949,0.0,0.0,0.4000000000000001,1.2625,1.4058,707.975,69.05833333333334,-6.675
2024-03-01,5822.375,0.009267552049244105,107.90834853775952,1331.891532661762,1.3355160671912618,1317.023930251424,3.999969482421875,2.0906926672822317e-06,705.9104166666666,0.23800000000000002,0.2137083333333333,0.226,0.154,0.22122156668378307,0.14348413168669324,0.06986774252883945,0.0,0.0,0.4000000000000001,1.2375,0.0,705.9104166666666,59.68333333333334,-4.066666666666666
2024-03-02,5951.75,0.009167921048253968,109.09405151320955,1330.2724900172168,1.3527814018493691,1317.0615132115083,3.999969482421875,1.8573833812289659e-06,702.6687499999999,0.23966666666666667,0.21362499999999998,0.226,0.154,0.22183222178864886,0.1441832720547916,0.07020817989048773,0.0,0.0,0.4000000000000001,1.1125,0.63699996,702.6687499999999,43.458333333333336,-1.3916666666666666
2024-03-03,6188.895833333333,0.008989026607992258,111.25259814010265,1322.0175503756243,1.4515978709217736,1303.766005066665,3.999969482421875,2.593986306968299e-06,695.9145833333333,0.24,0.214,0.226,0.15233333333333332,0.22195346045028902,0.1443220784642549,0.07027576987666762,0.0,0.0,0.4000000000000001,1.0625,13.2001,695.9145833333333,87.5,-6.891666666666667
2024-03-04,5941.125,0.00917527545937326,108.99997456113046,1309.7698476095425,1.6463681624893338,1291.8089760181392,3.999969482421875,2.568961329700385e-06,699.8166666666666,0.24059999999999998,0.21400000000000002,0.22600000000000003,0.152,0.2221576834709598,0.14455589384827155,0.07038962325444341,0.0,0.0,0.4,1.0150000000000001,19.7452,699.8166666666666,92.83333333333333,-8.15
2024-03-05,5707.791666666667,0.009360239024202207,106.84077768216423,1311.3816529494693,1.587125122256765,1292.3012200944715,3.999969482421875,2.733305068868314e-06,704.4145833333333,0.242,0.214,0.226,0.152,0.22269298694866774,0.1451687639732684,0.07068805243677555,0.0,0.0,0.4000000000000001,1.0,3.5198998,704.4145833333333,88.325,-6.2749999999999995
2024-03-06,5764.416666666667,0.009314541609751809,107.36794392652125,1311.695340120583,1.5867728054876047,1294.2830018751108,3.999969482421875,2.491562575818532e-06,703.4812499999999,0.242,0.21541666666666667,0.226,0.152,0.22314537292908682,0.14568670167386658,0.07094025550261973,0.0,0.0,0.4000000000000001,1.0,1.3504,703.4812499999999,77.89999999999999,-5.591666666666666
2024-03-07,5922.791666666667,0.009189101645918131,108.83314655946619,1308.03319252566,1.631268958339583,1291.2304392508747,3.999969482421875,2.4096970644611153e-06,700.4958333333334,0.24291304347826087,0.216,0.226,0.152,0.22368076047298197,0.1462996680464254,0.0712387315514576,0.0,0.0,0.4000000000000001,1.0,1.0633,700.4958333333334,77.41666666666667,-5.916666666666667
2024-03-08,5805.8125,0.009281197287873268,107.75306842318446,1311.1661766762732,1.5946979468267823,1290.44144204295,3.999969482421875,2.9743289719371558e-06,703.36875,0.244,0.216,0.226,0.152,0.22409636876312794,0.14677549888881433,0.07147043122718134,0.0,0.0,0.4000000000000001,1.0,1.1873,703.36875,92.7,-5.825
2024-03-09,5655.25,0.009403527346722585,106.3482479205552,1332.8735406550454,1.3262460784202992,1319.5281813541217,3.999969482421875,1.8746130508007379e-06,709.2270833333333,0.244,0.216,0.226,0.152,0.22409636876312794,0.14677549888881433,0.07147043122718134,0.0,0.0,0.4000000000000001,1.0,2.0094,709.2270833333333,78.61666666666666,-9.258333333333333
2024-03-10,5617.729166666667,0.009435256400035253,105.99345992913747,1329.287046921475,1.3802843154194102,1315.6734818221096,3.999969482421875,1.9157821398468394e-06,710.4416666666666,0.24425,0.216,0.226,0.152,0.22419195866986152,0.1468849399825638,0.07152372215259781,0.0,0.0,0.4000000000000001,1.0,0.0,710.4416666666666,71.79166666666667,-7.325
2024-03-11,5736.8125,0.009336588665960975,107.11183947921303,1319.350946744421,1.478605191641998,1304.707237233539,3.999969482421875,2.0782228356893597e-06,707.9208333333332,0.24599999999999997,0.216,0.226,0.15120833333333333,0.22480125522270822,0.14758252494147758,0.0718634021278567,0.0,0.0,0.4000000000000001,1.0,0.071499996,707.9208333333332,62.69166666666666,-4.516666666666667
2024-03-12,5785.229166666667,0.009297482796373206,107.56270046317069,1320.3467850922714,1.4616404239662906,1302.088598789908,3.999969482421875,2.599320385511313e-06,706.0625,0.24608333333333332,0.21691666666666665,0.226,0.15,0.2250345151265735,0.14784958471671159,0.07199344343205194,0.0,0.0,0.4000000000000001,1.0,2.2034,706.0625,64.77499999999999,-2.0083333333333333
2024-03-13,5981.916666666667,0.009143896948198185,109.3737155448917,1321.6699476276904,1.464802687906422,1300.2155787405786,3.999969482421875,3.055835604658003e-06,701.3354166666667,0.24756521739130435,0.21658333333333335,0.226,0.15,0.22549468400204056,0.14837643307091009,0.07224998542544296,0.0,0.0,0.4000000000000001,1.0,2.0730999,701.3354166666667,82.14166666666667,-3.5416666666666665
2024-03-14,5962.083333333333,0.009158491556001689,109.19464909074979,1321.7517787631673,1.449927476201018,1303.3236024933278,3.999969482421875,2.61803673859645e-06,702.46875,0.24816666666666665,0.218,0.226,0.15,0.22617703990300705,0.1491576638376301,0.07263039564518758,0.0,0.0,0.4000000000000001,1.0,4.9695,702.46875,86.425,-6.458333333333333
2024-03-15,5707.520833333333,0.009360696123657617,106.83734925228504,1313.3649291293568,1.5608477159330993,1296.8977522382818,3.999969482421875,2.351444392044914e-06,708.1729166666668,0.24895652173913044,0.218,0.226,0.15,0.22647904859384646,0.14950343424976603,0.0727987640762135,0.0,0.0,0.4000000000000001,1.0,3.6764,708.1729166666668,67.425,-4.416666666666667
2024-03-16,5762.145833333333,0.00931597450019025,107.34833951559591,1321.1289928439421,1.454539287918376,1303.3936812965346,3.999969482421875,2.5197104412088083e-06,707.0749999999999,0.25,0.21862499999999999,0.226,0.15,0.22707761460257145,0.15018873378519385,0.07313246182336894,0.0,0.0,0.4000000000000001,1.0,0.0,707.0749999999999,66.31666666666666,-3.0416666666666665
2024-03-17,5735.104166666667,0.009337954931858126,107.095983976413,1321.7852851032742,1.4568817528611169,1306.1821580979788,3.999969482421875,2.2113388096339016e-06,707.8916666666668,0.2503913043478261,0.21983333333333333,0.22645833333333334,0.15,0.22771517717943587,0.1509186805769638,0.07348789997466568,0.0,0.0,0.4000000000000001,1.0,0.0,707.8916666666668,61.449999999999996,-4.0
2024-03-18,5563.0625,0.009481497082849118,105.47646677120912,1329.0016109468872,1.3581808867364868,1312.848430082436,3.999969482421875,2.2781973038435865e-06,711.7020833333332,0.252,0.22,0.22791666666666668,0.15,0.22870831511725617,0.15205572637890258,0.07404156972475918,0.0,0.0,0.4000000000000001,1.0,0.0,711.7020833333332,62.75,-3.483333333333333
2024-03-19,5569.125,0.009476277701410749,105.53416700044545,1313.3796228479569,1.5512528852600376,1295.877344956207,3.999969482421875,2.5012536581636933e-06,710.7520833333333,0.25221739130434784,0.22,0.22791666666666668,0.15,0.22879143677528535,0.15215089254738035,0.07408790965990393,0.0,0.0,0.4000000000000001,1.0,0.0,710.7520833333333,60.65833333333333,-1.6333333333333335
2024-03-20,5687.916666666667,0.009376439024922545,106.65513165571979,1317.581432288527,1.4980513980085857,1299.9088985488495,3.999969482421875,2.5181112818211762e-06,708.2416666666667,0.25263829787234043,0.22080851063829787,0.22791489361702127,0.15,0.22921016227804505,0.15263029229332356,0.07432134716706387,0.0,0.0,0.4,1.0,0.0,708.2416666666667,58.800000000000004,-0.9583333333333334
2024-03-21,5661.041666666667,0.009398508704349282,106.40346776564559,1322.5599375414893,1.4315318079869668,1305.112920456198,3.999969482421875,2.4756683263865002e-06,707.8416666666667,0.2544347826086957,0.222,0.22787500000000002,0.14966666666666664,0.23024346704118911,0.15381332518161994,0.07489740973419935,0.0,0.0,0.4000000000000001,1.0,0.0,707.8416666666667,57.56666666666666,-1.1416666666666666
2024-03-22,5584.0625,0.009463234388225198,105.67694233834051,1317.9297690756732,1.4933235716456776,1296.1524070776468,3.999969482421875,3.1136399157367893e-06,709.8208333333333,0.256,0.222,0.228,0.148,0.23074382055483794,0.15438618101615625,0.07517635447521727,0.0,0.0,0.4000000000000001,1.0,1.0681,709.8208333333333,72.04166666666667,-0.6416666666666666
2024-03-23,5822.395833333333,0.009269430149698388,107.90112843120636,1319.6125047458465,1.4667636976012208,1301.7331120478584,3.999969482421875,2.545448092060249e-06,705.5895833333334,0.256,0.22212500000000002,0.228,0.148,0.23078373696487492,0.15443188140150316,0.0751986076869094,0.0,0.0,0.4000000000000001,1.0,0.0,705.5895833333334,52.30833333333334,0.39166666666666666
2024-03-24,6175.770833333333,0.00899213734808793,111.26852536926897,1311.03660351797,1.770471770545813,1291.7023925835385,3.999969482421875,3.0678173883442114e-06,692.9499999999999,0.2575,0.22358333333333333,0.228,0.148,0.23182296785570772,0.15562169912638027,0.07577797404248302,0.0,0.0,0.4000000000000001,1.0,5.9811,692.9499999999999,77.35833333333333,-2.525
2024-03-25,5884.604166666667,0.00916550957107274,109.11346327257355,1276.993556932882,2.5271214852561097,1261.8612703407164,3.999969482421875,2.483983913109943e-06,692.5270833333334,0.25878260869565217,0.224,0.228,0.148,0.2324464403382032,0.15633551413822216,0.07612555703214413,0.0,0.0,0.4000000000000001,1.0,16.7697,692.5270833333334,92.08333333333333,-7.858333333333333
2024-03-26,5853.979166666667,0.009242501885552477,108.20080793690185,1286.4422173324401,2.114612561299599,1271.406909211754,3.999969482421875,2.187706762416648e-06,697.9625,0.26129166666666664,0.225375,0.228,0.148,0.2338448833183635,0.15793659457155237,0.0769051824455532,0.0,0.0,0.4000000000000001,1.0,1.7298,697.9625,89.125,-9.708333333333334
2024-03-27,5573.979166666667,0.009473189436650964,105.57626324313323,1293.1940875837,1.8954323471258225,1276.6402227344868,3.999969482421875,2.400811469708036e-06,704.44375,0.26317391304347826,0.226,0.22829166666666667,0.148,0.23482912354865546,0.15906345336863845,0.07745389176536203,0.0,0.0,0.4000000000000001,1.0,4.8479,704.44375,88.58333333333333,-8.125
2024-03-28,5446.395833333333,0.009583207028060554,104.36208230690518,1277.4683371003334,2.326218519755439,1262.6445721103908,3.999969482421875,2.1715294970170356e-06,707.4854166666668,0.26508333333333334,0.228,0.22833333333333336,0.148,0.23620715179003265,0.1606411609227874,0.07822213605748891,0.0,0.0,0.4000000000000001,1.0,1.0284,707.4854166666668,75.30833333333334,-6.791666666666667
2024-03-29,5572.666666666667,0.009473347733201557,105.56741399491871,1277.3462401654836,2.398436756355314,1253.9555368432339,3.999969482421875,3.4587282445508954e-06,702.8604166666668,0.2669565217391305,0.22920833333333335,0.22824999999999998,0.148,0.23729068113821658,0.1618816960485867,0.07882619859561393,0.0,0.0,0.4000000000000001,1.0,5.4518,702.8604166666668,81.66666666666667,-1.8166666666666667
2024-03-30,5521.354166666667,0.009517025113474742,105.08114286053905,1270.1859599943145,2.495787467037204,1248.5014155598003,3.999969482421875,3.215576743442752e-06,703.5645833333333,0.2688333333333333,0.23070833333333332,0.23,0.148,0.23887707398567162,0.1636979606969631,0.07971060517998861,0.0,0.0,0.4000000000000001,1.0,6.7166,703.5645833333333,72.14166666666667,-0.8000000000000002
2024-03-31,5654.875,0.00940411903551641,106.34367669808881,1265.4139175803116,2.7266510783266433,1243.8541483374015,3.999969482421875,3.3649644771747448e-06,700.2062500000001,0.2706521739130435,0.23270833333333332,0.23,0.148,0.2402111877517742,0.1652253904721109,0.08045436735777378,0.0,0.0,0.4000000000000001,1.0,0.691,700.2062500000001,73.44166666666666,-0.6083333333333334
2024-04-01,5683.767441860465,0.009380057737102848,106.61548061354864,1254.6388459076884,3.3642875333481452,1237.9661975048862,3.999969482421875,2.6726024041283508e-06,700.2348837209302,0.272,0.234,0.23,0.148,0.24113901160193726,0.1662876580319244,0.08097162480982324,0.0,0.0,0.4,1.0,3.5614,700.2348837209302,82.66046511627907,-5.753488372093023
2024-04-02,5373.875,0.009648523111362035,103.66182962954093,1252.2722213309287,3.202435687255312,1235.4538704891602,3.999969482421875,2.639744618314377e-06,708.5166666666668,,,,,,,,,,,,2.5163999,708.5166666666668,77.55,-4.433333333333334
2024-04-03,5186.25,0.009819741413860994,101.84220849121597,1251.8655832287761,3.3994377333997257,1237.0998283128743,3.999969482421875,2.6610578245033135e-06,713.1125000000001,,,,,,,,,,,,0.0,713.1125000000001,64.80833333333334,-1.575
2024-04-04,5478.166666666667,0.009555455155112734,104.66575886526759,1280.6236665271645,2.2119926727574195,1264.6712356196647,3.999969482421875,2.3360410749116356e-06,708.9895833333334,,,,,,,,,,,,0.0,708.9895833333334,48.708333333333336,0.9416666666666665
2024-04-05,5762.854166666667,0.009316496770324688,107.35069795376178,1290.5023194307907,1.9294477634028186,1274.5478363481252,3.999969482421875,2.318483813628843e-06,703.6333333333333,,,,,,,,,,,,0.0,703.6333333333333,35.891666666666666,4.433333333333334
2024-04-06,6011.9375,0.009120145341598567,109.65141158558403,1285.679245319201,2.050399416394336,1266.484650829568,3.999969482421875,2.808210210145027e-06,697.55625,,,,,,,,,,,,4.6777997,697.55625,83.85833333333333,-5.1000000000000005
2024-04-07,5764.6875,0.00931407662548322,107.37140507053414,1282.4609453020512,2.1060907029204823,1268.5060134603325,3.999969482421875,2.03681187492306e-06,703.2979166666668,,,,,,,,,,,,6.9017,703.2979166666668,82.09166666666667,-9.200000000000001
2024-04-08,5741.229166666667,0.009332882372095742,107.15349982180742,1298.1947136552183,1.8062400178135365,1284.9856210480236,3.999969482421875,1.9048923860789237e-06,704.4729166666666,,,,,,,,,,,,0.0,704.4729166666666,68.22500000000001,-6.941666666666666
2024-04-09,5557.270833333333,0.009486375831264306,105.4217979744352,1277.726186632248,2.3119753449438676,1264.6609713583507,3.999969482421875,1.9138456035852665e-06,707.5458333333332,,,,,,,,,,,,0.0,707.5458333333332,60.55833333333334,-4.716666666666667
2024-04-10,5482.791666666667,0.009550270641207502,104.71413641260152,1284.5312211924852,2.077692842809469,1268.5740411105437,3.999969482421875,2.3320239061475065e-06,709.9375,,,,,,,,,,,,0.0,709.9375,56.69166666666666,-1.8
2024-04-11,5447.208333333333,0.009581430234301493,104.37373294335937,1289.5337117355846,1.9662622794651134,1274.9760977658905,3.999969482421875,2.1149380323888806e-06,711.4145833333333,,,,,,,,,,,,0.0,711.4145833333333,50.26666666666667,-1.0083333333333333
2024-04-12,5514.041666666667,0.009523251856762878,105.01184652793542,1305.9530718087733,1.6647105990680728,1291.047097660561,3.999969482421875,2.138680963283116e-06,711.93125,,,,,,,,,,,,0.0,711.93125,41.88333333333333,1.5666666666666664
2024-04-13,5510.208333333333,0.009527056559908004,104.9735147485509,1307.8585021994468,1.6677172144596042,1287.8428777398037,3.999969482421875,2.8796793782218575e-06,711.6416666666668,0.286,0.258,0.252,0.1455,0.25886712961855607,0.18658461920864944,0.09085496759444414,0.0,0.0,0.4,1.0,0.0,711.6416666666668,45.05833333333334,4.733333333333333
2024-04-14,5550.3125,0.009492369496064731,105.35558680694145,1316.274174088282,1.5417338251623398,1299.6803239268281,3.999969482421875,2.361199657714832e-06,710.8270833333332,0.28645454545454546,0.2585,0.2552083333333333,0.145875,0.25994353167343565,0.18781699428072177,0.09145505669992461,0.0,0.0,0.4000000000000001,1.0,0.0,710.8270833333332,43.40833333333333,3.158333333333333
2024-04-15,5884.625,0.009219645268924393,108.4788260450971,1322.5621029206525,1.4447974235741592,1308.5404785079136,3.999969482421875,1.9851199921215814e-06,703.5812500000001,0.288,0.26,0.26033333333333336,0.14454166666666665,0.26205417248015456,0.19023347156679504,0.09263172906686493,0.0,0.0,0.4000000000000001,1.0,0.0,703.5812500000001,36.84166666666667,2.4499999999999997
2024-04-16,5633.208333333333,0.009424118529656753,106.13249701591035,1303.517349912083,1.6946618941892162,1278.2808916904714,3.999969482421875,3.6585207151509015e-06,705.4104166666666,0.288,0.261125,0.2667083333333334,0.144,0.2637923909604827,0.192223561715045,0.09360077773066224,0.0,0.0,0.4000000000000001,1.0,6.6752,705.4104166666666,90.35000000000001,-2.558333333333333
2024-04-17,5490.375,0.009544016765469088,104.78527525844002,1303.8095555039338,1.697874683331004,1280.7941377488685,3.999969482421875,3.330469103249479e-06,708.9187499999999,0.288,0.262,0.2720416666666667,0.144,0.26525970357101125,0.19390349113914399,0.09441879764052837,0.0,0.0,0.4000000000000001,1.0,5.1784,708.9187499999999,67.60000000000001,1.175
2024-04-18,5457.729166666667,0.009572487672737842,104.47340337414472,1297.2302433446318,1.8306431781110621,1273.1312694435667,3.999969482421875,3.5063975253532227e-06,708.90625,0.288,0.26275,0.277,0.144,0.2666035757116401,0.19544209329867704,0.09516800006641964,0.0,0.0,0.4000000000000001,1.0,0.0,708.90625,59.43333333333333,3.1666666666666665
2024-04-19,5514.3125,0.009523173448494054,105.01383562904772,1312.9670183193418,1.5707625723869334,1287.3673044232512,3.999969482421875,3.68354222705524e-06,709.0458333333332,0.288,0.264,0.281375,0.144,0.2679771871770749,0.19701474407636807,0.0959337820266396,0.0,0.0,0.4000000000000001,1.0,0.0,709.0458333333332,63.68333333333334,2.9916666666666667
2024-04-20,5457.145833333333,0.009572994854990366,104.4678273959053,1311.932241791206,1.5900465368949541,1283.1437848244277,3.999969482421875,4.155374011398684e-06,710.21875,0.288,0.264,0.2848333333333333,0.144,0.26874746461803106,0.1978966364069436,0.09636320809324711,0.0,0.0,0.4000000000000001,1.0,0.74619997,710.21875,78.83333333333333,1.375
2024-04-21,5415.9375,0.009608995473453326,104.0739147531602,1317.1631597844553,1.506779385512462,1297.84061420581,3.999969482421875,2.7614319253898664e-06,713.2062500000001,0.28913636363636364,0.26545833333333335,0.28791666666666665,0.144,0.27033440902561756,0.1997135325377235,0.09724792216981246,0.0,0.0,0.4000000000000001,1.0,1.5761,713.2062500000001,54.23333333333333,1.7833333333333332
2024-04-22,5511.208333333333,0.009525949270949534,104.98392550966685,1317.5958328429526,1.534575306598905,1297.1385115746864,3.999969482421875,2.921130511044747e-06,710.6583333333333,0.29,0.266,0.29075,0.144,0.271468670488103,0.20101215097238992,0.09788026762411395,0.0,0.0,0.4000000000000001,1.0,0.0,710.6583333333333,48.74166666666667,3.6833333333333336
2024-04-23,5521.958333333333,0.009516547970638254,105.0867197638566,1308.5317907465226,1.6240021029332086,1282.582049266409,3.999969482421875,3.749122371018409e-06,709.9145833333333,0.29,0.26633333333333337,0.29324999999999996,0.144,0.272131941313953,0.20177153119477517,0.09825003800384456,0.0,0.0,0.4000000000000001,1.0,0.0,709.9145833333333,56.19166666666666,5.3999999999999995
2024-04-24,5546.208333333333,0.009495531255432772,105.31792448366207,1325.6547626231097,1.4008196484633242,1304.2523445676281,3.999969482421875,3.039086485480913e-06,710.6354166666666,0.29227272727272724,0.26995833333333336,0.295875,0.144,0.27474318477618775,0.20476114955845434,0.09970579400722705,0.0,0.0,0.4000000000000001,1.0,0.0,710.6354166666666,42.03333333333333,6.55
2024-04-25,5752.270833333333,0.009324819053754116,107.2530153738336,1330.1744799393946,1.350674895784767,1310.2302787335664,3.999969482421875,2.818934068494526e-06,706.50625,0.3151818181818182,0.2942916666666667,0.3242916666666667,0.144,0.29760235836416404,0.23093266750594504,0.1124496762473686,0.0,0.0,0.4000000000000001,1.0,0.0,706.50625,43.425000000000004,4.841666666666667
2024-04-26,5932.520833333333,0.00918107624163695,108.92441626041783,1328.59794895731,1.3668808965936383,1301.6970538754047,3.999969482421875,3.827391117970432e-06,701.6770833333334,0.30968181818181817,0.2881666666666666,0.32095833333333335,0.15783333333333333,0.29384653958937085,0.2266326223580432,0.11035582486656219,0.0,0.0,0.4000000000000001,1.0,1.1085,701.6770833333334,75.575,0.8166666666666668
2024-04-27,6050.229166666667,0.009091374542562631,109.99951341572121,1349.5012191060755,1.1674392984737672,1321.3592481373585,3.999969482421875,3.944394086602525e-06,700.0083333333333,0.30754545454545457,0.28575,0.3193333333333333,0.21420833333333333,0.2961567503051302,0.2292775876704281,0.111643756523332,0.0,0.0,0.4000000000000001,1.0,5.0394,700.0083333333333,91.175,-1.6583333333333332
2024-04-28,5836.5,0.009257139666481205,108.03600619648876,1347.252014778674,1.1923718815414193,1319.2023798420603,3.9643592834472656,3.937854305311612e-06,704.7708333333334,0.30522727272727274,0.28324999999999995,0.31783333333333336,0.24354166666666666,0.29635490921287444,0.2295044602382628,0.11175422918654566,0.0,0.0,0.4000000000000001,1.0,15.8195,704.7708333333334,92.08333333333333,-1.7249999999999999
2024-04-29,5705.270833333333,0.009362522385173136,106.81636409606313,1351.0056586875526,1.1674294709031992,1323.8240780140388,3.9667650858561196,3.8039271738048913e-06,708.2375000000001,0.3034545454545455,0.280875,0.31595833333333334,0.24975,0.2949702728551992,0.22791918703727942,0.11098230090052429,0.0,0.0,0.4000000000000001,1.0,5.8803997,708.2375000000001,82.84166666666667,-0.45
2024-04-30,5784.0,0.009298707513639388,107.55037265710693,1347.5618751571858,1.1909240279121873,1323.4489203456776,3.9694849650065103,3.378677322939923e-06,706.75625,0.3038181818181818,0.28087500000000004,0.314125,0.25145833333333334,0.2948300857432063,0.22775868650547285,0.11090414724199646,0.0,0.0,0.4000000000000001,1.0,0.18679999,706.75625,55.10833333333333,3.85
2024-05-01,5849.75,0.009245877053399415,108.1615935721132,1351.18228412205,1.1618791158237796,1328.1724035085765,3.999969482421875,3.215031949153045e-06,705.5916666666667,0.336,0.308,0.324,0.252,0.3180373798526861,0.2543287684011025,0.1238421050428464,0.0,0.0,0.4,1.0,0.0,705.5916666666667,56.65,2.908333333333333
2024-05-02,5894.625,0.009211078616812042,108.5738573966799,1348.5833136193933,1.1919123506768952,1328.4665213951118,3.9847005208333335,2.8125761530296036e-06,706.5354166666666,,,,,,,,,,,,4.4708,706.5354166666666,71.96666666666667,-2.2916666666666665
2024-05-03,5953.916666666667,0.009164582216590106,109.1205815662028,1355.4012219191018,1.1224424679951646,1339.146178495402,3.9384841918945312,2.247938296003063e-06,706.3041666666667,,,,,,,,,,,,0.0,706.3041666666667,40.65,2.4
2024-05-04,5800.5625,0.009285174118569947,107.70520100985236,1346.2212966664592,1.2001842346977645,1325.8261793480685,3.9939664204915366,2.8481488376674115e-06,708.3874999999999,,,,,,,,,,,,0.0,708.3874999999999,54.81666666666666,2.0
2024-05-05,5968.166666666667,0.009155035630780307,109.24545904730321,1355.866728295437,1.1213148854784767,1331.9822434242421,3.9932149251302085,3.3204303993947917e-06,704.4125,,,,,,,,,,,,0.0,704.4125,48.300000000000004,5.583333333333333
2024-05-06,6222.5625,0.008964609055717117,111.55507356953673,1364.1611961629483,1.0606237119332738,1341.0599970387636,3.9271812438964844,3.1935174057590854e-06,699.3249999999999,,,,,,,,,,,,5.6674,699.3249999999999,77.24166666666666,-1.825
2024-05-07,6098.5,0.00905512443507883,110.43825442871257,1357.2702999214953,1.112258863974785,1334.8276801153422,3.960993448893229,3.114918077852208e-06,701.03125,,,,,,,,,,,,9.8153,701.03125,88.175,-4.533333333333333
2024-05-08,6044.854166666667,0.009095257026193931,109.9512783577199,1347.247224418708,1.188700447761874,1329.43830691924,3.9688072204589844,2.4806246756790166e-06,702.4499999999999,,,,,,,,,,,,8.7063,702.4499999999999,81.49166666666666,-6.55
2024-05-09,5860.020833333333,0.009237897961377322,108.25601087806184,1354.628953717045,1.1335099310881314,1335.9271906898798,3.960041046142578,2.5920125206263157e-06,707.5979166666666,,,,,,,,,,,,0.0,707.5979166666666,71.60000000000001,-3.808333333333333
2024-05-10,5616.604166666667,0.00943876013081779,105.97348586280697,1347.48021067413,1.2097138289855545,1321.6189389907704,3.948401133219401,3.6262277068233343e-06,712.0083333333333,,,,,,,,,,,,2.5,712.0083333333333,77.16666666666667,-0.26666666666666666
2024-05-11,5151.458333333333,0.00985281797692287,101.50012838999713,1313.8497211349982,1.5713612102185117,1286.7771973978506,3.999969482421875,3.897084251647219e-06,709.9416666666666,,,,,,,,,,,,2.0105,709.9416666666666,79.325,0.3333333333333333
2024-05-12,5156.1875,0.009848290504759308,101.54673128674422,1299.3795262358215,1.8303932689722926,1268.7986712450092,3.999969482421875,4.462817188404818e-06,707.2291666666666,,,,,,,,,,,,15.7041,707.2291666666666,87.40833333333335,0.9500000000000001
2024-05-13,5274.708333333333,0.009737112711201569,102.70685194071349,1318.5955021387135,1.5061199638763367,1289.4663059585237,3.999969482421875,4.187993934596453e-06,710.3479166666666,,,,,,,,,,,,5.7156997,710.3479166666666,72.66666666666667,3.591666666666667
2024-05-14,5340.416666666667,0.00967728103950285,103.34367963903787,1320.4247554459027,1.4708512553608033,1290.438289190341,3.999969482421875,4.303786703969747e-06,710.1479166666667,,,,,,,,,,,,0.90629995,710.1479166666667,66.53333333333333,4.7
2024-05-15,5480.125,0.009552914487251223,104.68750688366669,1341.5126539934754,1.2551913323428765,1313.905876221748,3.9949824015299478,3.889832677467676e-06,709.2020833333332,,,,,,,,,,,,1.6254,709.2020833333332,66.47500000000001,3.4416666666666664
2024-05-16,5582.458333333333,0.009464681792713148,105.66143293237155,1353.4790615351424,1.140771602323522,1329.6109460337657,3.9885126749674478,3.3281918175343647e-06,709.0166666666668,,,,,,,,,,,,0.0,709.0166666666668,56.55833333333334,4.066666666666667
2024-05-17,5626.645833333333,0.009427688401986519,106.07786674236839,1357.9643669878833,1.1156008991425297,1334.7605743376419,3.8735733032226562,3.22128976225774e-06,708.8166666666666,,,,,,,,,,,,0.0,708.8166666666666,47.80833333333334,6.083333333333333
2024-05-18,5588.208333333333,0.009460878674709699,105.7118332155178,1380.8189847211054,0.9583478708976472,1352.5236371376284,3.668853759765625,3.874612262264479e-06,710.9854166666668,0.35154285714285716,0.31789189189189193,0.3534054054054054,0.30097297297297293,0.33738991405850344,0.2764855272335121,0.13463105224682456,0.0,0.0,0.0,0.7,0.1837,710.9854166666668,53.68333333333334,6.308333333333334
2024-05-19,5674.666666666667,0.009388113242684409,106.52806358579703,1395.7941689127883,0.8716069725914936,1367.438698879488,3.1896400451660156,3.849252775245724e-06,710.1583333333333,0.3538636363636364,0.32058333333333333,0.3557916666666667,0.3065833333333333,0.34009226302968815,0.2795794524940886,0.13613759914485676,0.0,0.0,0.0,0.4875,1.1392,710.1583333333333,54.81666666666666,6.3500000000000005
2024-05-20,6027.979166666667,0.009109748493034675,109.7906121084908,1443.738654197843,0.6781324621549847,1422.3502305637742,1.1660067240397136,2.789950511055681e-06,707.5791666666668,0.3550909090909091,0.32158333333333333,0.35704166666666665,0.3097083333333333,0.341395449467723,0.28107147350353995,0.13686411948205746,0.0,0.0,0.0,0.4000000000000001,0.0,707.5791666666668,36.46666666666667,7.383333333333333
2024-05-21,6118.520833333333,0.009042031421995386,110.61230505705255,1463.617608952737,0.6174832145985146,1435.8120452100895,0.9031117757161459,3.5931542527140422e-06,705.9979166666667,0.3387727272727273,0.31116666666666665,0.35004166666666664,0.29991666666666666,0.3295305150757797,0.26748728411062694,0.13024947411458607,0.0,0.0,0.0,0.4000000000000001,3.7961,705.9979166666667,73.40833333333333,1.1083333333333334
2024-05-22,5924.1875,0.009187805919908651,108.84680425059963,1438.5000238494201,0.693241256310878,1417.052672595318,1.1295305887858074,2.802532618866269e-06,709.4375,0.3259090909090909,0.3005,0.3388333333333334,0.27970833333333334,0.3171820274052527,0.2533494735091294,0.12336525005848069,0.0,0.0,0.0,0.4000000000000001,10.917299,709.4375,73.25,-2.175
2024-05-23,6206.020833333333,0.008977301458743299,111.40357806899675,1475.3024208006557,0.5836038569873699,1452.6394815215106,0.7092882792154948,2.8915569060529655e-06,705.5645833333333,0.34336363636363637,0.3129166666666667,0.3491666666666666,0.284125,0.3304563268392453,0.2685472480279701,0.13076560983772303,0.0,0.0,0.0,0.4000000000000001,0.84679997,705.5645833333333,45.90833333333333,4.375
2024-05-24,6122.3125,0.009037774917651675,110.65252244437978,1469.5408884140945,0.5982356855003642,1440.957231211696,0.7840258280436198,3.6735531058700632e-06,708.05625,0.33890909090909094,0.31075,0.349375,0.299625,0.32927906944619656,0.267199403458156,0.13010929435345547,0.0,0.0,0.0,0.40625,7.1812997,708.05625,82.79166666666667,-0.8916666666666666
2024-05-25,6383.083333333333,0.008851745363945084,112.98234932437619,1493.3311031714777,0.5375201723656713,1464.9312333824837,0.617645263671875,3.590851736218801e-06,705.44375,0.34445454545454546,0.31579166666666664,0.3527916666666666,0.2953333333333333,0.33344602951179825,0.2719701651711137,0.1324323550787711,0.9022727272727273,0.34791666666666665,0.3125,0.5499999999999999,1.1215,705.44375,55.48333333333333,4.491666666666666
2024-05-26,6271.791666666667,0.008929897585107927,111.99320815908392,1502.7674903094965,0.5157449314393264,1469.0045506480164,0.5927543640136719,4.256170826070364e-06,709.0791666666668,0.34131818181818185,0.31383333333333335,0.3516666666666666,0.2939583333333333,0.3312669612953053,0.2694753451935994,0.1312175347512844,3.315909090909091,2.504166666666667,1.5999999999999999,0.7687499999999999,6.033,709.0791666666668,82.86666666666666,1.1916666666666667
2024-05-27,6208.5,0.00897507498904859,111.42760873380325,1542.9335689964485,0.43911738731476574,1512.3734628393183,0.4512977600097656,3.7452321924041936e-06,714.4458333333333,0.32377272727272727,0.30483333333333335,0.34508333333333335,0.2905,0.31995662020689886,0.2565261108895575,0.12491207255372266,6.275,4.539583333333334,2.8937500000000003,1.14375,0.0,714.4458333333333,58.56666666666666,5.183333333333334
2024-05-28,6283.041666666667,0.008921389687363399,112.09574663075891,1598.0648572489854,0.35472632506390384,1566.3262488870469,0.3426246643066406,3.7515143953230234e-06,716.34375,0.30404545454545456,0.2945833333333333,0.3365,0.2774166666666667,0.3062399733647157,0.24082189185346728,0.11726510616564918,9.436363636363636,7.727083333333333,5.364583333333333,1.7750000000000001,0.0,716.34375,51.13333333333333,7.625
2024-05-29,6445.291666666667,0.008808780710819345,113.53216653136825,1615.417867167156,0.3321131679816613,1583.1940848840395,0.31793212890625,3.7721852672095463e-06,714.1020833333333,0.2863181818181818,0.285125,0.33025,0.27087500000000003,0.29455496279449017,0.2274436976384266,0.11075076748631522,9.656818181818181,8.572916666666666,6.670833333333333,2.6875,0.0,714.1020833333333,49.56666666666666,8.266666666666667
2024-05-30,6717.229166666667,0.008628169700726452,115.90455585998416,1655.6562218179167,0.28815277856192206,1625.6851783494187,0.2689959208170573,3.413549717509039e-06,712.5270833333334,0.2655,0.26766666666666666,0.32595833333333335,0.26666666666666666,0.2797459936249441,0.2104888763754011,0.10249483651539645,10.163636363636364,9.052083333333334,7.310416666666666,3.475,0.0,712.5270833333334,43.74166666666667,8.333333333333334
2024-05-31,6800.625,0.008575347328685179,116.62071771338866,1684.410616127583,0.2609218183187944,1653.790722485822,0.2428614298502604,3.4307863535085626e-06,713.0833333333334,0.2459090909090909,0.2625416666666667,0.32233333333333336,0.26333333333333336,0.2695593213218875,0.19882613292675416,0.09681581440423194,9.322727272727272,8.783333333333333,7.583333333333333,4.04375,0.0,713.0833333333334,47.90833333333333,6.833333333333333
2024-06-01,6757.083333333333,0.008602872770937577,116.24703812230166,1670.6550817610696,0.2733210117738033,1635.3770151428437,0.25922393798828125,3.9950655590199885e-06,712.8625000000001,0.22995454545454547,0.25833333333333336,0.31979166666666664,0.26066666666666666,0.26134744524197123,0.18942433800267422,0.09223773194073757,10.036363636363637,8.80625,7.5,4.4875,0.0,712.8625000000001,54.11666666666667,7.958333333333333
2024-06-02,7023.270833333333,0.008438324402029832,118.51437521872556,1692.279791522662,0.25405245473519805,1664.1136393748975,0.23423385620117188,3.1388450332131644e-06,710.03125,0.2134090909090909,0.25616666666666665,0.318,0.25858333333333333,0.2537727328549394,0.18075203318722116,0.0880148652525888,12.5,11.014583333333334,8.877083333333333,4.883333333333334,0.0,710.03125,36.225,10.383333333333335
2024-06-03,7044.854166666667,0.008425122863790066,118.69759226253723,1708.0297909397314,0.2404078500378322,1672.4363911286764,0.22678756713867188,3.940854997392341e-06,709.85,0.1955,0.2515833333333333,0.316125,0.257,0.24492413194696155,0.17062125061181196,0.08308181167883262,11.286363636363637,10.758333333333333,9.395833333333334,5.4750000000000005,0.0,709.85,47.35,9.333333333333334
2024-06-04,6955.583333333333,0.008479577568674358,117.94052512722526,1694.0620635071512,0.25230904574955854,1647.4451822151552,0.24874496459960938,5.251058687947316e-06,710.0916666666667,0.18755555555555556,0.2464,0.3135,0.254,0.23941989344500345,0.16431943588579592,0.08001322448688343,12.030555555555557,10.4125,9.022499999999999,5.88,1.9487,710.0916666666667,62.208333333333336,9.450000000000001
2024-06-05,6798.604166666667,0.00857631119123914,116.60479418626535,1707.6461287415111,0.24108722259390983,1664.8725113622068,0.23346328735351562,4.759407750990657e-06,715.0354166666666,0.18495454545454545,0.244,0.31266666666666665,0.254,0.23747336809850184,0.16209085474986157,0.07892804572056464,13.656818181818181,12.089583333333332,10.191666666666666,6.1625000000000005,0.0,715.0354166666666,58.55833333333334,9.283333333333333
2024-06-06,6742.645833333333,0.008611960213638317,116.12331736070104,1725.4849230367417,0.22701990584281437,1683.4425937185194,0.21877415974934897,4.6257691018205465e-06,716.5645833333333,0.1725909090909091,0.24125,0.31179166666666663,0.25204166666666666,0.23152495477862187,0.15528050330118903,0.07561183314741576,16.345454545454547,14.329166666666666,11.71875,6.675,0.0,716.5645833333333,50.324999999999996,11.775
2024-06-07,6941.0,0.008488183873215706,117.81821180324265,1749.4324124997227,0.20946113843287595,1705.8310159883586,0.2026519775390625,4.73434355188123e-06,714.9833333333332,0.15681818181818183,0.23579166666666665,0.31066666666666665,0.25166666666666665,0.22347217006175701,0.1460608524273901,0.07112244337389759,16.979545454545455,15.547916666666666,13.125,7.5249999999999995,0.0,714.9833333333332,47.75,12.15
2024-06-08,7041.270833333333,0.008427415318463813,118.66670613012691,1749.5841438170219,0.20918062942103646,1701.515548369783,0.20553207397460938,5.235638363442918e-06,713.7624999999999,0.14504545454545453,0.22725000000000004,0.3080833333333333,0.2504166666666667,0.2155732723002015,0.13701738706604039,0.06671884485740842,16.020454545454545,14.814583333333333,12.941666666666668,8.1625,0.261,713.7624999999999,55.75833333333333,11.4
2024-06-09,7082.854166666667,0.008402565396280525,119.01694592899308,1756.5968544142477,0.20460446503145827,1707.0728096129171,0.20189666748046875,5.3738197809093495e-06,714.4333333333334,0.13681818181818184,0.219,0.30545833333333333,0.249125,0.2091107219605126,0.1296183990164158,0.06311600330309687,15.138636363636364,14.072916666666666,12.579166666666666,8.518749999999999,0.9316,714.4333333333334,58.78333333333333,11.183333333333332
2024-06-10,7145.520833333333,0.008365507662117801,119.54292310097584,1767.2991744290723,0.19707866627817625,1716.587845604262,0.19522476196289062,5.472986419177441e-06,714.3708333333334,0.12940909090909092,0.21137499999999998,0.303375,0.248,0.203293835607764,0.12295863308071511,0.059873116398265536,17.356818181818184,15.716666666666667,13.512500000000001,8.78125,0.0,714.3708333333334,52.800000000000004,12.583333333333334
2024-06-11,7121.5625,0.008379654329280348,119.34193433589876,1767.7269098983004,0.19698155234326534,1716.0375132150737,0.19580205281575522,5.580766516999035e-06,715.3416666666667,0.12081818181818181,0.20270833333333335,0.2999583333333333,0.24620833333333333,0.19634507299955617,0.11500297953910063,0.05599921378088141,17.206818181818182,15.7125,13.81875,9.283333333333333,0.63699996,715.3416666666667,59.0,11.466666666666667
2024-06-12,7139.645833333333,0.008369086985368463,119.49311430806263,1780.8022599385188,0.1884493369625174,1733.1846163314713,0.18474833170572916,5.089476239336499e-06,716.3854166666666,0.11163636363636363,0.19275,0.2965,0.24562499999999998,0.18883994432896872,0.10641034127313016,0.051815139688833535,18.31590909090909,16.929166666666667,14.695833333333333,9.6625,0.0,716.3854166666666,47.55833333333334,13.325000000000001
2024-06-13,7275.833333333333,0.008290467275170544,120.6270169712542,1813.0192767511405,0.16938607383136017,1772.6873351307922,0.16235224405924478,4.213513773432197e-06,717.11875,0.10381818181818181,0.1814583333333333,0.2900833333333333,0.24366666666666667,0.1806676079650596,0.09705381545657663,0.04725910043187347,17.561363636363637,16.227083333333333,14.502083333333333,10.05625,0.0,717.11875,39.025,13.891666666666666
2024-06-14,7233.395833333333,0.008314902247735926,120.27400364018547,1811.021276310523,0.1704346969533379,1760.736718629104,0.1689173380533854,5.29422409621951e-06,716.8312500000001,0.09569565217391304,0.17079166666666667,0.28275,0.242,0.17239635706703926,0.08758404217310153,0.042647916785301075,17.125,16.545833333333334,15.029166666666667,10.35,0.0,716.8312500000001,50.416666666666664,12.333333333333334
2024-06-15,7393.1875,0.008224302842184379,121.59644167883654,1825.026005661471,0.16256799501385796,1773.7436651310675,0.16173807779947916,5.35673985895393e-06,713.8666666666667,0.09321739130434784,0.16304166666666667,0.2731666666666667,0.24075,0.16674497615808004,0.0811137637827782,0.03949729839042424,14.752272727272727,14.268749999999999,13.533333333333333,10.63125,0.75229996,713.8666666666667,62.39166666666667,9.808333333333334
2024-06-16,7543.208333333333,0.008142234333538141,122.8233260141766,1827.15330048605,0.16148205049672748,1786.1718887747938,0.155303955078125,4.248329710238277e-06,710.6729166666668,0.09239130434782608,0.15545833333333334,0.26308333333333334,0.23870833333333333,0.16160734352275347,0.07523167691705757,0.03663309225253708,15.131818181818181,13.916666666666666,12.93125,10.4,0.0,710.6729166666668,41.708333333333336,12.716666666666667
2024-06-17,7913.895833333333,0.007949685475255625,125.80275842672758,1851.9624312391109,0.14849827318998146,1820.1016072106033,0.13910547892252603,3.241986025607482e-06,706.6958333333333,0.0877391304347826,0.14491666666666667,0.25175,0.23620833333333333,0.1537490277635638,0.06623467397917103,0.03225211801234683,17.604545454545455,16.125,14.166666666666666,10.4,0.0,706.6958333333333,28.53333333333333,13.816666666666668
2024-06-18,7960.895833333333,0.00792594444669552,126.17703291840441,1862.0035201283035,0.14332805300892673,1826.2411578897616,0.13617324829101562,3.627143478146577e-06,706.5666666666666,0.08095652173913044,0.135375,0.23975,0.23404166666666668,0.14527215657394002,0.05652948557312566,0.027526302015996196,17.236363636363635,16.118750000000002,14.53125,10.63125,0.0,706.5666666666666,41.90833333333333,10.033333333333333
2024-06-19,7715.166666666667,0.008051140834893606,124.21459461055515,1864.724906738829,0.14253026896630291,1822.1049721432973,0.13864262898763022,4.337530279412159e-06,712.1020833333333,0.07617391304347826,0.12791666666666668,0.22883333333333333,0.2319166666666667,0.13846971896172958,0.048741359840168565,0.023733974898732545,16.7,15.88125,14.491666666666667,10.868749999999999,0.0,712.1020833333333,47.225,9.958333333333334
2024-06-20,7456.791666666667,0.008189474768435241,122.11677112752453,1842.5818231278683,0.15314587719944114,1783.5099285218075,0.15654627482096353,6.136687647438307e-06,715.5500000000001,0.0738695652173913,0.12370833333333332,0.22008333333333333,0.2297916666666667,0.13413527836899788,0.04377884930458746,0.021317544563748063,14.740909090909092,14.366666666666667,13.620833333333332,11.0,1.0997,715.5500000000001,56.791666666666664,12.375
2024-06-21,7179.229166666667,0.008346150203974447,119.82308816269328,1803.478821504741,0.17491643900184853,1736.7381551835472,0.18272781372070312,7.1157953887814475e-06,716.8895833333332,0.11204545454545455,0.12170833333333332,0.213875,0.2275,0.14653754720249348,0.057978234077454484,0.028231751366385057,13.572727272727274,13.308333333333332,12.88125,10.75,10.2934,716.8895833333332,79.76666666666667,9.441666666666666
2024-06-22,7008.479166666667,0.008447859708856725,118.38653245863772,1754.2363189090495,0.2071082079342018,1695.621526536587,0.21065775553385416,6.3973195335239e-06,717.4562500000001,0.24013636363636365,0.19491666666666665,0.25029166666666663,0.226,0.22688979708589682,0.14997370109866276,0.07302775443725433,13.695454545454545,13.185416666666667,12.579166666666666,10.699999999999998,12.188499,717.4562500000001,75.06666666666666,9.583333333333334
2024-06-23,6998.5,0.008452913733333048,118.30674120767645,1720.5880246166437,0.23184985456690288,1666.9961701955872,0.2330754597981771,5.955381830717174e-06,718.7791666666667,0.2295909090909091,0.21104166666666666,0.2645416666666667,0.22533333333333336,0.2311303866786183,0.15482876141861363,0.07539186327917842,13.993181818181819,13.097916666666668,12.347916666666668,10.69375,0.030199999,718.7791666666667,62.60833333333333,11.333333333333334
2024-06-24,7084.479166666667,0.008401629486084985,119.03046905067062,1764.6415892322732,0.19905874422759062,1707.7088503178018,0.20141220092773438,6.17711221640845e-06,717.1854166666667,0.19995454545454547,0.204375,0.26066666666666666,0.22320833333333334,0.21664607676479575,0.13824564324910923,0.06731692832315007,16.88181818181818,15.43125,13.691666666666668,10.575,0.0,717.1854166666667,56.34166666666667,13.475
2024-06-25,7209.4375,0.008328554682984712,120.07537465566703,1785.0773936394041,0.18625733022505053,1731.6692306665025,0.18625768025716147,5.715582157738196e-06,717.4145833333333,0.17350000000000002,0.19329166666666667,0.25025000000000003,0.22,0.20042907856524794,0.11967876646327773,0.0582760277609211,18.177272727272726,16.527083333333334,14.585416666666667,10.868749999999999,0.0,717.4145833333333,50.725,14.258333333333333
2024-06-26,7140.1875,0.008368766108795596,119.49765858386836,1803.9106989669633,0.1745570866132208,1739.1456554707302,0.18118413289388022,6.897722416688087e-06,717.8604166666668,0.15086363636363637,0.18066666666666667,0.236625,0.21766666666666667,0.18453123279959094,0.10147728799858026,0.0494130531861958,17.161363636363635,16.570833333333333,15.141666666666666,11.193750000000001,0.0,717.8604166666668,58.324999999999996,14.125
2024-06-27,7149.5625,0.00836386191793713,119.57326986595687,1792.2315631572228,0.18194299983736392,1717.7591876991207,0.19500223795572916,8.027249398682183e-06,714.7041666666668,0.14086363636363639,0.1745833333333333,0.22875,0.21541666666666667,0.17684098155177566,0.09267270248815858,0.0451257741241562,15.404545454545454,14.595833333333333,13.864583333333334,11.412500000000001,2.0407,714.7041666666668,78.60833333333333,11.741666666666667
2024-06-28,7268.208333333333,0.008296038382753284,120.55786950112532,1752.4645356778155,0.20770558863797262,1686.3145207951611,0.21726481119791666,7.269852132254868e-06,712.7583333333333,0.17136363636363636,0.17516666666666666,0.22058333333333335,0.212125,0.18662147987819383,0.10387041646063105,0.050578356145202445,14.97272727272727,14.670833333333334,13.954166666666666,11.381250000000001,6.3374,712.7583333333333,78.96666666666667,10.083333333333334
2024-06-29,6927.166666666667,0.008496876349618923,117.69972404521725,1755.0679851837513,0.20571288431560067,1689.6192937172425,0.21452204386393228,7.178375398193461e-06,716.8208333333333,0.2410909090909091,0.20933333333333334,0.22154166666666666,0.20945833333333333,0.22420476760673166,0.14689960496246324,0.07153086307492672,15.34772727272727,14.414583333333333,13.520833333333334,11.300000000000002,4.354,716.8208333333333,69.99166666666666,12.5
2024-06-30,6842.979166666667,0.008548517609390726,116.98444534063447,1754.5331571756794,0.20584159205754168,1682.9460947627283,0.21903610229492188,7.878768813558233e-06,719.1020833333333,0.2248181818181818,0.21216666666666664,0.22316666666666665,0.20562499999999997,0.21895972654297266,0.14089454595159426,0.06860677724111468,16.643181818181816,15.597916666666668,14.268749999999999,11.393749999999999,0.86079997,719.1020833333333,66.72500000000001,13.941666666666668
2024-07-01,6832.9375,0.008554767035103945,116.89871462169367,1706.8603572351064,0.24193818166194458,1631.2115914378576,0.2640698750813802,8.589454456041164e-06,716.5749999999999,0.212,0.208,0.22,0.202,0.21174873882452797,0.13263867030648013,0.06458668535260903,21.1,18.9,14.8,11.6,6.8473997,716.5749999999999,82.39999999999999,11.9
2024-07-02,6913.604166666667,0.008504957487355089,117.58560471869191,1689.4512820363052,0.2568185392765844,1625.4029591719307,0.2700297037760417,7.298185438464668e-06,714.53125,,,,,,,,,,,,18.1048,714.53125,79.51666666666667,10.125
2024-07-03,7066.416666666667,0.008412278185486058,118.87901878318145,1729.7291867273364,0.22384675170875415,1681.3852569553867,0.22064208984375,5.331410153729329e-06,715.5749999999999,,,,,,,,,,,,2.1807,715.5749999999999,59.675000000000004,10.450000000000001
2024-07-04,7114.8125,0.008383770317801143,119.28469158226852,1755.0780134802062,0.20559261889836322,1718.3934213448395,0.194122314453125,3.950610881063259e-06,716.9979166666667,,,,,,,,,,,,0.0,716.9979166666667,43.61666666666667,10.633333333333333
2024-07-05,7131.833333333333,0.008373669167398056,119.42771876663907,1773.4070241087602,0.19359568233535837,1739.9362606962416,0.1810022989908854,3.5609002685342743e-06,718.3895833333332,,,,,,,,,,,,0.0,718.3895833333332,44.11666666666667,8.975
2024-07-06,7319.5,0.008265407012704206,120.98988425945244,1793.6635743956224,0.1805146210145958,1755.4007655406338,0.1716486612955729,4.037584314213332e-06,716.59375,,,,,,,,,,,,0.0,716.59375,45.44166666666666,9.866666666666667
2024-07-07,7491.958333333333,0.008169765424592017,122.4067157483672,1820.8703111100624,0.16490012035507992,1781.534135493858,0.15769068400065103,4.0897538475955745e-06,715.0354166666666,,,,,,,,,,,,0.0,715.0354166666666,43.925000000000004,11.016666666666666
2024-07-08,7440.645833333333,0.008197916756504067,121.98667169452311,1823.304659150751,0.16344242698470912,1779.5414223052194,0.15862528483072916,4.556142977522007e-06,716.0395833333333,,,,,,,,,,,,0.0,716.0395833333333,51.98333333333333,10.1
2024-07-09,7408.270833333333,0.008215867447636794,121.72070951880397,1830.8606134076979,0.15944998138581948,1784.3411973784187,0.15626017252604166,4.829321422572032e-06,717.2395833333334,,,,,,,,,,,,0.0,717.2395833333334,52.050000000000004,10.958333333333334
2024-07-10,7312.125,0.008280876825805203,120.88096162113413,1833.5915978502596,0.31637775717863037,1795.4652456278916,0.1506769707862367,5.302123909250077e-06,718.9250000000001,,,,,,,,,,,,0.0,718.9250000000001,53.31666666666666,11.908333333333333
2024-07-11,7394.8125,0.008223338543709382,121.61010127868138,1878.719507751324,0.13578792084044453,1823.7980537989595,0.13764063517252603,5.57757395764066e-06,719.2312499999999,,,,,,,,,,,,0.0,719.2312499999999,51.93333333333334,13.208333333333334
2024-07-12,7510.291666666667,0.008159894336663307,122.55586657787832,1891.161709564962,0.12986037341342474,1838.559613368928,0.13098907470703125,5.30156162427762e-06,719.2479166666667,,,,,,,,,,,,0.0,719.2479166666667,44.175000000000004,15.5
2024-07-13,7505.5625,0.008162566157716147,122.51675994654182,1908.5355376131345,0.12236175537382948,1857.1666479318665,0.123321533203125,5.122414019800304e-06,720.4270833333334,,,,,,,,,,,,0.0,720.4270833333334,41.25,15.566666666666668
2024-07-14,7438.75,0.00819908002341045,121.97054067876725,1900.1801244318165,0.12594457914974264,1842.4557686476385,0.12936528523763022,5.803035552046644e-06,721.0895833333334,,,,,,,,,,,,0.0,721.0895833333334,46.36666666666667,15.308333333333332
2024-07-15,7433.75,0.008201779616996696,121.92982632606417,1887.987175654359,0.13142177299448385,1817.0641589194975,0.1405461629231771,7.228587539217489e-06,719.6916666666666,,,,,,,,,,,,1.9772999,719.6916666666666,65.77499999999999,13.375
2024-07-16,7454.0,0.008190774317043186,122.09507375828018,1871.694108895197,0.13886521948596722,1802.2980054753834,0.147369384765625,7.131746866136222e-06,718.3270833333332,,,,,,,,,,,,3.5054998,718.3270833333332,71.76666666666667,11.700000000000001
2024-07-17,7470.270833333333,0.008181862316981233,122.22819920443753,1878.6668935783707,0.13564511748485,1816.891605576234,0.14061991373697916,6.298372008196505e-06,719.3666666666667,,,,,,,,,,,,1.3529999,719.3666666666667,66.50833333333334,11.241666666666667
2024-07-18,7543.333333333333,0.008142017638676119,122.82509494958454,1891.7682889536297,0.12968552047149362,1829.6951559758015,0.13489786783854166,6.283222061452947e-06,719.8541666666666,,,,,,,,,,,,0.0,719.8541666666666,56.025,13.858333333333334
2024-07-19,7497.645833333333,0.008166911520993343,122.45195428463468,1893.635691014554,0.12897343427943125,1822.5134571610952,0.13822046915690103,7.229025988185675e-06,720.3145833333333,,,,,,,,,,,,2.0042999,720.3145833333333,65.35000000000001,13.116666666666667
2024-07-20,7394.666666666667,0.008223493727139286,121.6085346146935,1864.360200893301,0.14246369861391886,1798.4361767151258,0.14926274617513022,6.789262987653593e-06,719.8458333333333,,,,,,,,,,,,0.87619996,719.8458333333333,67.71666666666667,12.025
2024-07-21,7518.895833333333,0.008155196081267142,122.6261878692621,1878.052736960738,0.13584474712852926,1815.3101359293423,0.14121882120768228,6.400902516245051e-06,718.8458333333333,,,,,,,,,,,,0.0,718.8458333333333,62.56666666666666,12.025
2024-07-22,7673.041666666667,0.008072793977733726,123.87716251494048,1893.8674114392097,0.1286404603938463,1836.9918315867405,0.13161595662434897,5.734192295656143e-06,718.0166666666668,,,,,,,,,,,,0.41419998,718.0166666666668,62.25,10.566666666666666
2024-07-23,7685.229166666667,0.008066425874694636,123.97531630108422,1913.3441884930046,0.12016326502613776,1858.6528114754344,0.12264251708984375,5.4518699708787784e-06,718.6041666666666,,,,,,,,,,,,0.0,718.6041666666666,53.80833333333334,12.391666666666666
2024-07-24,7512.166666666667,0.008159032338441802,122.57038290209319,1926.4521882600536,0.11490664753231394,1873.6341717943776,0.1169115702311198,5.222457530999543e-06,720.8937500000001,,,,,,,,,,,,0.0,720.8937500000001,47.4,13.708333333333334
2024-07-25,7448.041666666667,0.008194018319794905,122.04642483806931,1908.7494440404782,0.12228945054024441,1848.0348660705522,0.12712478637695312,6.0856430079781685e-06,721.4291666666667,,,,,,,,,,,,0.0,721.4291666666667,49.708333333333336,15.183333333333332
2024-07-26,7597.458333333333,0.008113325763852956,123.2631027268327,1914.4535413391714,0.11983064167647846,1844.2876888889932,0.12855402628580728,7.043796463870785e-06,718.4583333333334,,,,,,,,,,,,0.5513,718.4583333333334,59.88333333333333,13.858333333333334
2024-07-27,7636.979166666667,0.008092404889005958,123.58278754988565,1887.3805455537342,0.13195251445962108,1814.0656420638322,0.14221827189127603,7.48552436499799e-06,715.15625,,,,,,,,,,,,7.0186996,715.15625,72.50833333333334,12.408333333333333
2024-07-28,7913.770833333333,0.007949042456843875,125.80548014424033,1913.4721778194973,0.12011178417313628,1864.1230994771793,0.12053426106770833,4.911235675750144e-06,713.8604166666668,,,,,,,,,,,,1.3321999,713.8604166666668,44.93333333333334,13.924999999999999
2024-07-29,7929.5625,0.00794117150459686,125.9306829646573,1947.2346900342145,0.1065735426491977,1907.0420577050224,0.10457611083984375,3.904333622123206e-06,716.4166666666666,,,,,,,,,,,,0.0,716.4166666666666,35.199999999999996,13.683333333333332
2024-07-30,7877.770833333333,0.00796741277634725,125.51780681828721,1957.0291921640328,0.10299065105496467,1918.3268500675122,0.10085423787434895,3.7389082373344243e-06,716.5291666666667,,,,,,,,,,,,0.0,716.5291666666667,32.74166666666667,14.025
2024-07-31,7784.5,0.00801567542869839,124.76906333424638,1943.6241911597015,0.10814106332752797,1906.8945825795743,0.104766845703125,3.5675825435725335e-06,717.0958333333333,,,,,,,,,,,,0.0,717.0958333333333,33.00833333333333,13.625
2024-08-01,7442.875,0.008197132336341005,122.00275048907366,1955.5930831038252,0.1035626130410786,1918.5893375613905,0.10073089599609375,3.5711292926173497e-06,720.4770833333333,0.0735813953488372,0.07463636363636363,0.09918181818181818,0.07059090909090909,0.0793942672867239,0.018894254274147523,0.009200312796840027,16.304761904761904,15.736363636363636,15.018181818181818,12.729545454545455,0.0,720.4770833333333,30.974999999999998,14.775
2024-08-02,7288.354166666667,0.008283408346489078,120.73043996431183,1957.3988147163975,0.10272494997770397,1906.7262259796005,0.10477193196614583,4.928907610209047e-06,722.4604166666667,0.0711304347826087,0.07370833333333333,0.09854166666666668,0.06995833333333334,0.07797037935907482,0.020524466683632198,0.00999412364933137,17.854545454545455,17.010416666666668,15.668750000000001,12.84375,0.0,722.4604166666667,39.85,16.291666666666668
2024-08-03,7421.75,0.008208416352022676,121.83132813935146,1961.287201757407,0.10127823557523002,1909.5055121103771,0.10372543334960938,5.023008914255656e-06,720.9583333333334,0.06769565217391305,0.07270833333333333,0.09729166666666667,0.068625,0.07595854132708298,0.022827824456347734,0.011115713931992677,18.400000000000002,17.604166666666668,16.2375,13.06875,0.0,720.9583333333334,38.88333333333333,16.325
2024-08-04,7550.063829787234,0.00813858559095517,122.87888264616096,1953.7791228028686,0.10426784683461612,1888.9177658858177,0.11121839158078457,6.359672547814983e-06,719.0999999999999,0.0637948717948718,0.071,0.09635,0.068,0.07366454151478519,0.02545422986982563,0.012394608085988116,18.026315789473685,17.4775,16.65,13.372499999999999,0.0,719.0999999999999,45.94893617021276,16.897872340425533
2024-08-05,7270.791666666667,0.008293742882249652,120.58326980129448,1912.4007104788698,0.1208180864866386,1829.3669551315306,0.1351496378580729,8.406448480199101e-06,719.8104166666667,0.0756,0.07354166666666667,0.09708333333333334,0.07004166666666667,0.07930762116862307,0.018993455604686835,0.009248617601971881,16.068181818181817,16.245833333333334,15.90625,13.50625,5.2843,719.8104166666667,80.29166666666667,12.366666666666667
2024-08-06,6993.791666666667,0.008455983656197387,118.26588809694836,1842.6417926617617,0.15345638088308294,1765.4383317100808,0.1663182576497396,8.098500452624822e-06,720.8375,0.21177272727272725,0.11495833333333333,0.11491666666666667,0.09145833333333332,0.15019087916874213,0.06216094185360566,0.030268466831309234,14.525,14.385416666666666,14.364583333333334,13.362499999999999,4.7560997,720.8375,74.875,13.125
2024-08-07,7155.541666666667,0.008360154247428296,119.6242925304154,1858.7646756277288,0.14564718173409122,1782.1468465733842,0.15767542521158853,7.955013458692127e-06,719.4625,0.16395454545454546,0.11229166666666668,0.11329166666666668,0.08158333333333334,0.12994731395315517,0.038984039664997895,0.01898277401152323,15.284090909090908,15.214583333333332,14.772916666666667,13.199999999999998,1.2741,719.4625,68.19166666666666,13.933333333333332
2024-08-08,7305.958333333333,0.008273431174193923,120.87610996861774,1867.2220798708656,0.14150477052747026,1799.5164726774613,0.14927546183268228,6.972710483015998e-06,717.7916666666666,0.13845454545454547,0.10729166666666667,0.11116666666666668,0.076125,0.11771465268781836,0.02497883896869052,0.012163122633969025,14.381818181818181,14.458333333333334,14.327083333333334,13.1875,2.5657,717.7916666666666,70.28333333333333,12.058333333333332
2024-08-09,7294.5,0.008279676810333227,120.78251050171001,1876.0845246866731,0.13691973830906343,1804.979355502792,0.14618810017903647,7.295093784249759e-06,718.0291666666667,0.11831818181818181,0.10008333333333334,0.10933333333333334,0.074,0.10714453022340813,0.012877082589798715,0.006270328853306191,14.463636363636363,14.483333333333334,14.177083333333334,12.9,0.0,718.0291666666667,67.2,12.475
2024-08-10,7315.25,0.00826818371366749,120.95292325613468,1891.8162616127745,0.12968946219091396,1821.4165636848377,0.13865788777669272,7.161018995049927e-06,718.7687500000001,0.10213636363636364,0.09279166666666666,0.10708333333333332,0.07333333333333332,0.09807726913797706,0.002495955497926812,0.0012153732544681417,13.218181818181819,13.391666666666666,13.558333333333332,12.9,5.1919,718.7687500000001,76.94166666666666,10.533333333333333
2024-08-11,6749.8125,0.008611417610659556,116.16648343376953,1771.1102051642822,0.197718413537276,1701.761404558437,0.2095514933268229,7.5641390271051095e-06,718.7687500000001,0.2262222222222222,0.118125,0.11291666666666667,0.072,0.1548109096336395,0.0674504248598336,0.03284411218278805,13.686363636363637,13.660416666666668,13.535416666666668,12.6,12.767799,718.7687500000001,79.60000000000001,10.708333333333334
2024-08-12,6870.020833333333,0.008531715467514538,117.21518420333005,1789.3375084554746,0.18327504275548856,1721.7190581912846,0.19202041625976562,7.273391852565942e-06,718.1437500000001,0.21154545454545454,0.12991666666666668,0.11562500000000002,0.072,0.15356778355486864,0.0660271670873541,0.03215107521465208,14.329545454545455,14.247916666666667,13.808333333333332,12.6,2.7069,718.1437500000001,69.51666666666667,12.108333333333334
2024-08-13,6963.791666666667,0.008473953831518753,118.01301408821523,1846.6168762779878,0.1559211917439943,1770.551470450506,0.16821797688802084,7.942866700113195e-06,716.84375,0.17459090909090907,0.12441666666666666,0.114,0.072,0.13731959770697766,0.04742458349457212,0.02309278768450396,13.3,13.56875,13.5,12.6,1.2078999,716.84375,83.38333333333334,10.35
2024-08-14,6914.083333333333,0.008504705548408511,117.58948424524986,2050.809223431643,0.0720489711107579,1973.8569129432456,0.08379236857096355,7.223280090868601e-06,717.1791666666667,0.23127272727272727,0.139875,0.11641666666666667,0.072,0.16446703209906638,0.07850574063642904,0.038227355243705706,11.94090909090909,12.24375,12.591666666666667,12.46875,6.7334,717.1791666666667,83.10000000000001,9.275
2024-08-15,6933.833333333333,0.008492636464730356,117.75705851562664,2115.3560419970895,0.05365569753835165,2044.4930743454431,0.0642992655436198,6.4204321829024954e-06,718.1875,0.22536363636363638,0.14516666666666667,0.11808333333333333,0.071875,0.16425919975563674,0.07826779293087424,0.03811148968539203,12.331818181818182,12.345833333333333,12.36875,12.262500000000001,1.4481,718.1875,69.55833333333334,10.799999999999999
2024-08-16,7161.604166666667,0.008356137412270367,119.67724306313643,1889.6761075933312,0.13852982624745566,1833.3491323823453,0.1409428914388021,5.683322099297093e-06,717.9354166666667,0.18568181818181817,0.135875,0.11649999999999999,0.07120833333333333,0.14571631209419242,0.0570380002018381,0.027773916638835525,12.938636363636363,12.841666666666667,12.65,12.0,0.0,717.9354166666667,53.975,13.033333333333333
2024-08-17,7174.416666666667,0.008349121320947516,119.78210390915164,1848.6558050574579,0.15048141881539037,1793.608951103215,0.15186945597330728,5.683301443077913e-06,719.25,0.14281818181818182,0.12220833333333332,0.112875,0.07083333333333333,0.12412705282583776,0.03232040994249595,0.01573800568567173,13.465909090909092,13.325000000000001,12.96875,12.0,0.0,719.25,51.23333333333333,13.308333333333332
2024-08-18,7058.5,0.008416997738674058,118.81239676276812,1860.2256374431936,0.14432228192131644,1790.7964901235075,0.15293757120768228,7.182232727426005e-06,720.2854166666666,0.11531818181818182,0.10808333333333332,0.10945833333333332,0.07,0.10827762987238214,0.014174370861629197,0.006902026602015089,13.622727272727273,13.55625,13.143749999999999,12.0,1.4483,720.2854166666666,67.27499999999999,12.508333333333333
2024-08-19,7018.666666666667,0.0084410322562162,118.47580580126368,1846.364892695118,0.15130615571639291,1769.9265471740207,0.16373316446940103,7.99991525251089e-06,720.4541666666668,0.10381818181818181,0.09725,0.10762500000000001,0.07,0.10001273211121559,0.004711871298463864,0.002294384799490915,13.379545454545456,13.170833333333334,12.96875,12.049999999999999,1.2595,720.4541666666668,78.03333333333333,12.191666666666665
2024-08-20,7187.770833333333,0.008341049906736259,119.89502638944025,1864.8421324650815,0.14226987051170273,1797.6331490333903,0.14971923828125,6.924080221447263e-06,720.8520833333333,0.09665217391304347,0.09016666666666666,0.106,0.07,0.09464887250716501,0.0014292233196315453,0.0006959418141810503,13.822727272727274,13.777083333333332,13.385416666666666,12.15625,0.0,720.8520833333333,63.949999999999996,13.016666666666666
2024-08-21,7178.604166666667,0.008348683764559254,119.80752222906504,1847.2329148867636,0.15296188556852566,1774.677369031264,0.16420110066731772,7.595510612185096e-06,720.0395833333333,0.15462222222222222,0.09133333333333334,0.104,0.07,0.11674137005976813,0.02386452555442975,0.011620522126102387,13.725,13.708333333333334,13.34375,12.300000000000002,2.7977998,720.0395833333333,70.88333333333334,12.441666666666668
2024-08-22,7019.166666666667,0.00844175575687961,118.47520706452536,1788.5678281252333,0.18499849728063766,1711.013708389608,0.20079167683919272,8.400706791632463e-06,718.4645833333334,0.25181818181818183,0.12458333333333334,0.11208333333333333,0.07,0.16632335349282992,0.08063104706914923,0.039262245728741485,13.186363636363637,13.314583333333333,13.168750000000001,12.300000000000002,12.4045,718.4645833333334,89.51666666666667,10.033333333333333
2024-08-23,6903.854166666667,0.00851087547105346,117.5030413805203,1758.283630194944,0.20346332217853935,1682.301782287753,0.21962865193684897,8.362759479596326e-06,717.0229166666667,0.24418181818181817,0.14025,0.119,0.07029166666666667,0.16996897160929592,0.08480492324177571,0.04129466075853095,12.618181818181819,12.827083333333334,12.825000000000001,12.300000000000002,4.9258,717.0229166666667,87.89999999999999,10.4
2024-08-24,6963.125,0.008474422402361686,118.00707286285997,1768.9285614976404,0.19619106880774204,1698.914006968497,0.20738601684570312,7.632802159469988e-06,717.6520833333334,0.23845454545454547,0.13929166666666667,0.11916666666666666,0.07041666666666667,0.1675196370233537,0.0820006747054632,0.03992916819556394,12.811363636363637,12.810416666666667,12.71875,12.03125,2.6945999,717.6520833333334,81.2,10.333333333333334
2024-08-25,6919.375,0.00850167754824189,117.63343517031139,1773.3571145534468,0.19338472031581522,1707.163222576468,0.20168558756510416,7.181043860931099e-06,718.7083333333334,0.24077272727272725,0.138,0.118375,0.07033333333333334,0.16781091982844368,0.08233416502749379,0.040091556995507135,12.211363636363636,12.38125,12.49375,12.0,2.0326,718.7083333333334,77.40833333333333,9.866666666666667
2024-08-26,6834.958333333333,0.008553483680964646,116.9160908339393,1763.2732360256814,0.19988964730481398,1701.7744089824519,0.205322265625,6.692906821411228e-06,720.1208333333334,0.25086363636363634,0.13779166666666667,0.118125,0.07,0.17152187325174476,0.08658284373612879,0.04216039615293295,11.738636363636363,11.887500000000001,12.075000000000001,11.983333333333334,3.8521,720.1208333333334,71.875,10.233333333333333
2024-08-27,6913.791666666667,0.008504793853401556,117.58740396786914,1786.4958756461313,0.18522552074902285,1731.2059715439725,0.18626530965169272,5.915179156643525e-06,720.3249999999999,0.2339090909090909,0.13491666666666668,0.11683333333333333,0.07,0.1638333681620826,0.07778025740600414,0.03787409056588755,11.606818181818182,11.708333333333334,11.860416666666666,11.6,0.0,720.3249999999999,67.2,10.1
2024-08-28,7154.3125,0.008361388919298893,119.61152457873978,1794.2532872152804,0.18095423945321673,1743.1498910659495,0.17952473958333334,5.4295307219477064e-06,718.15625,0.1966363636363636,0.12870833333333334,0.1145,0.07,0.14707956177405523,0.05859878774851507,0.028533921952116858,12.163636363636364,12.260416666666666,12.11875,11.6,0.0,718.15625,58.074999999999996,10.908333333333333
2024-08-29,7356.4375,0.008244881656431459,121.29355951000696,1854.4799341768312,0.14742263334415812,1805.0107126620603,0.1462860107421875,5.077087747039753e-06,717.0020833333333,0.16645454545454544,0.12241666666666666,0.11312499999999999,0.07,0.13322387217583279,0.042735378356257944,0.020809439878601392,11.404545454545454,11.697916666666666,11.854166666666666,11.6,0.0,717.0020833333333,55.75,10.291666666666666
2024-08-30,7294.75,0.008279723693581067,120.78365643709708,1861.4235535289347,0.14436757420838817,1817.1507117452138,0.14087677001953125,4.508994661198841e-06,719.8145833333333,0.1409090909090909,0.11475,0.11041666666666666,0.07,0.1204048859024678,0.02805889287305244,0.013662915054463303,10.347727272727273,10.71875,11.210416666666667,11.44375,0.0,719.8145833333333,52.61666666666667,9.866666666666667
2024-08-31,7319.104166666667,0.008265889800621882,120.98533762924244,1876.8341484289485,0.13656191698488984,1834.7320308619392,0.13278579711914062,4.2513470836258134e-06,720.3708333333334,0.11459090909090909,0.10316666666666667,0.10745833333333332,0.06970833333333333,0.10596199936859349,0.011523200422049594,0.00561107343879644,11.25,11.304166666666667,11.335416666666667,11.300000000000002,0.0,720.3708333333334,45.19166666666666,10.950000000000001
2024-09-01,7368.854166666667,0.008238238132192106,121.39434476910526,1887.5612741979758,0.13179972572684667,1840.2487712637396,0.1305363972981771,4.7611591825803825e-06,720.2791666666667,0.0958695652173913,0.090125,0.10462500000000001,0.068,0.09387891764914566,0.002310746324295648,0.0011251880423117414,11.604545454545455,11.835416666666667,11.752083333333333,11.300000000000002,0.0,720.2791666666667,51.34166666666667,10.6
2024-09-02,7501.0,0.00816480902096683,122.48071410099641,1906.1189068301035,0.12326090396857099,1859.1829280255386,0.12244923909505208,4.676875206034358e-06,719.9666666666667,0.08882608695652172,0.083125,0.10158333333333332,0.068,0.0882729840369316,0.008728992004956339,0.0042504697820542866,11.049999999999999,11.060416666666667,11.262500000000001,11.300000000000002,0.0,719.9666666666667,49.05833333333334,11.083333333333334
2024-09-03,7393.395833333333,0.008224272085548285,121.59772660651528,1891.1025539307714,0.1300811370631572,1832.544124526112,0.13375218709309897,5.920511154324995e-06,719.0437499999999,0.08691304347826087,0.080375,0.10016666666666667,0.068,0.08634781708820208,0.010933119864464448,0.005323741341623102,11.947727272727274,11.914583333333333,11.65625,11.18125,0.0,719.0437499999999,69.20833333333333,10.15
2024-09-04,7421.916666666667,0.008208598973949781,121.83133346881083,1903.869223434341,0.12442595528138146,1848.025516978428,0.12710189819335938,5.594633538993092e-06,719.3166666666666,0.08487179487179487,0.0784,0.0999,0.068,0.08487725186695591,0.012616773209703643,0.006143574566734368,11.321052631578947,11.645,11.905,11.2925,0.0,719.3166666666666,59.416666666666664,10.433333333333334
2024-09-05,7077.791666666667,0.008406621484955516,118.96941372497916,1895.6396621943868,0.1285297247267738,1830.939665669977,0.1349614461263021,6.5473264538164814e-06,720.9770833333333,0.08356521739130436,0.07691666666666667,0.09866666666666668,0.06620833333333333,0.0834938822433211,0.014200596124107477,0.006914796654459527,11.206818181818182,11.55625,11.643749999999999,11.300000000000002,2.2103999,720.9770833333333,81.74166666666666,7.708333333333333
2024-09-06,6917.375,0.008502736751550308,117.61719851988128,1871.0669857183736,0.13946990507350698,1815.9602422539567,0.14134852091471353,5.624672870516336e-06,721.9416666666666,0.0893478260869565,0.07745833333333334,0.09870833333333334,0.06704166666666667,0.08595015179687805,0.011388407728171608,0.0055454378795194055,10.259090909090908,10.510416666666666,10.924999999999999,11.21875,0.81869996,721.9416666666666,71.91666666666667,8.408333333333333
2024-09-07,7030.354166666667,0.00843390603280649,118.57490192908405,1883.6645830891393,0.13333987550735013,1830.0763896259862,0.13472874959309897,5.42373947623863e-06,719.8458333333333,0.08547826086956521,0.07758333333333334,0.099125,0.066,0.08452457984404849,0.013020548181776751,0.006340187568163637,11.531818181818181,11.53125,11.295833333333334,11.0,0.0,719.8458333333333,59.89166666666667,10.424999999999999
2024-09-08,7227.5,0.008318334616840357,120.22476801668351,1906.0327264140249,0.12375454483742464,1854.9823569350463,0.12454732259114583,5.096956647362391e-06,717.8354166666667,0.08169565217391304,0.07641666666666667,0.098375,0.06608333333333334,0.08254495990314249,0.015287019391387019,0.0074438164159016705,11.629545454545454,11.664583333333333,11.50625,11.0,0.0,717.8354166666667,56.675000000000004,10.475
2024-09-09,7269.125,0.00829434278954751,120.57115480770999,1946.3751467010225,0.10706694714755867,1896.180224667112,0.1085344950358073,4.900898255567734e-06,717.94375,0.07947826086956522,0.07483333333333332,0.09720833333333334,0.066,0.08092536031121993,0.017141302514292453,0.008346735604830659,11.222727272727273,11.331249999999999,11.370833333333332,11.0,0.0,717.94375,55.800000000000004,9.891666666666667
2024-09-10,7257.520833333333,0.008300915929930883,120.47514824864726,1926.179524885373,0.11523228989504748,1870.0008849563276,0.11844507853190105,5.560812057608853e-06,716.8333333333334,0.0776086956521739,0.07345833333333333,0.096125,0.066,0.07953014181326985,0.018738691230872212,0.009124563384505742,11.222727272727273,11.36875,11.325000000000001,11.0,0.478,716.8333333333334,64.53333333333333,9.466666666666667
2024-09-11,7511.208333333333,0.008159762395721738,122.56150925480766,1919.0169520243553,0.11787119580120527,1864.0484743971247,0.12051900227864583,5.46043869561124e-06,713.49375,0.07647826086956522,0.07283333333333332,0.09529166666666666,0.066,0.07871271811941603,0.019674561409733445,0.0095802732663474,11.222727272727273,11.397916666666667,11.35,11.0,3.1137998,713.49375,64.44166666666666,8.875
2024-09-12,7910.208333333333,0.007951695357052677,125.77259407780832,1919.7241626168013,0.11840546274598583,1875.2386126871124,0.11702855428059895,4.3972991255830334e-06,708.3312500000001,0.07534782608695652,0.071625,0.09400000000000001,0.06575,0.07758803831671789,0.020962209781106644,0.010207276990182356,10.081818181818182,10.316666666666666,10.68125,10.987499999999999,1.8899,708.3312500000001,47.775,10.941666666666668
2024-09-13,7896.104166666667,0.007958424256861532,125.6623578722289,1971.7431246049343,0.0975411181495373,1935.5667098063911,0.09507115681966145,3.4614839949205164e-06,710.7312499999999,0.07447826086956522,0.07108333333333333,0.09354166666666668,0.064,0.07684823364606513,0.021809213770166425,0.01061971463003056,11.084090909090909,11.09375,10.950000000000001,10.699999999999998,0.0,710.7312499999999,41.983333333333334,9.5
2024-09-14,7682.541666666667,0.00806808039680161,123.95239494919646,1963.1648553570385,0.10073190872833887,1927.7581216739807,0.0977020263671875,3.402575124562566e-06,714.6999999999999,0.07295652173913043,0.07029166666666667,0.09333333333333334,0.064,0.07596717585414733,0.022817938767385127,0.011110900223584365,11.072727272727272,11.135416666666666,11.066666666666668,10.699999999999998,0.0,714.6999999999999,42.266666666666666,9.049999999999999
2024-09-15,7697.895833333333,0.008060156870140044,124.07556204558068,1972.4967871232154,0.09718717385914764,1928.7343532026935,0.09740447998046875,4.214151460316384e-06,714.7354166666668,0.07156521739130435,0.06983333333333334,0.092875,0.064,0.07518675211057052,0.023711447622071447,0.011545982806394123,11.177272727272728,11.547916666666666,11.377083333333333,10.75,0.0,714.7354166666668,49.74166666666667,8.566666666666666
2024-09-16,7329.260869565217,0.008126874067498483,123.05253885085594,1936.7674711063967,0.1106344466356436,1880.5359019318614,0.11413929074309594,5.537472416743165e-06,713.1541666666667,0.07031818181818182,0.06878260869565218,0.09213043478260868,0.064,0.07420856918416431,0.024831371398661282,0.0120913152076492,9.52142857142857,10.002173913043478,10.504347826086956,10.7,1.8944999,713.1541666666667,65.72500000000001,8.575
2024-09-17,7556.708333333333,0.008135032399940232,122.93281052559115,1923.1821901869719,0.11641609358714215,1865.422800571756,0.12025705973307292,5.734086724761313e-06,710.4604166666667,0.07091666666666667,0.06866666666666667,0.09183333333333332,0.063875,0.07432476077639986,0.024698343390022345,0.012026538939030142,9.797916666666667,10.0,10.225,10.5625,1.3772,710.4604166666667,66.43333333333334,8.950000000000001
2024-09-18,7648.895833333333,0.008085420198118648,123.68263092221879,1929.2559949371764,0.11361123850369793,1895.340625768059,0.10867691040039062,3.3143613714366257e-06,709.69375,0.07024999999999999,0.06783333333333334,0.09133333333333334,0.063,0.07362624856188621,0.025498071555536666,0.012415956227927445,8.122916666666667,8.725,9.5,10.387500000000001,2.7972999,709.69375,48.791666666666664,6.508333333333333
2024-09-19,7563.458333333333,0.008131100444132464,122.98921550549359,1937.6815762495444,0.11026012326027157,1900.809028111695,0.1067365010579427,3.5929737877187715e-06,712.5895833333334,0.07075,0.06804166666666667,0.09120833333333334,0.062,0.07378053610565807,0.02532142740847863,0.01232994164470631,8.822916666666666,9.066666666666666,9.402083333333334,10.1,0.0,712.5895833333334,49.449999999999996,7.425
2024-09-20,7636.125,0.008092722787718257,123.57654615871006,1953.9185711626271,0.1040222133294144,1914.0444360149322,0.10220591227213542,3.863007430601678e-06,712.4958333333334,0.07195833333333333,0.06883333333333334,0.09170833333333334,0.062,0.07460672333158813,0.024375523842533914,0.011869346134766269,11.0875,10.627083333333333,10.11875,10.0875,0.0,712.4958333333334,44.916666666666664,10.308333333333334
2024-09-21,7711.0,0.008053349689904584,124.1809227868891,1959.3997361100326,0.10210249453015481,1919.646402243485,0.10048929850260417,3.843646858199725e-06,711.5020833333333,0.07045833333333333,0.0685,0.09183333333333332,0.062,0.0739545814843757,0.025122162472882622,0.01223291216101645,10.360416666666667,10.86875,10.804166666666667,10.11875,0.0,711.5020833333333,51.36666666666667,7.3
2024-09-22,6977.020833333333,0.00846605749752116,118.12439793232092,1796.950969688135,0.17872538733403917,1748.3593003784183,0.17580413818359375,5.145951979129376e-06,712.9979166666667,0.24833333333333332,0.13058333333333333,0.11308333333333333,0.06379166666666668,0.16666039156331922,0.08101692269482967,0.03945014287490163,6.33125,7.270833333333333,8.685416666666667,10.075,17.4012,712.9979166666667,88.825,2.7916666666666665
2024-09-23,7028.958333333333,0.008434977731900254,118.56204100368511,1816.7663248212039,0.16741741433320434,1770.0260092357637,0.16404342651367188,4.894511645747377e-06,714.2312499999999,0.231625,0.14241666666666666,0.11725000000000001,0.06591666666666667,0.16513920187262612,0.07927530928355339,0.03860208674511631,7.354166666666667,7.633333333333333,8.25,9.69375,0.0008,714.2312499999999,77.05833333333334,5.166666666666667
2024-09-24,7154.604166666667,0.008360140018558676,119.61914124253047,1827.8043529831812,0.16095351190532234,1782.3419781258478,0.15709686279296875,4.723413231009853e-06,715.1416666666668,0.20958333333333334,0.141625,0.116,0.066,0.15618643915471245,0.0690252716236291,0.03361096345004525,8.612499999999999,8.674999999999999,8.768749999999999,9.5,0.0,715.1416666666668,65.91666666666667,6.958333333333333
2024-09-25,7205.270833333333,0.00833080120086091,120.0414349245306,1861.703231457959,0.14380366793722724,1811.9820922658719,0.1429621378580729,5.082700161164997e-06,716.7166666666667,0.18879166666666666,0.139,0.11462500000000002,0.066,0.14709204574776427,0.05861308067737904,0.02854088170900504,9.625,9.483333333333333,9.3125,9.5,0.0,716.7166666666667,59.916666666666664,10.025
2024-09-26,7242.395833333333,0.008309465596492871,120.3500823576456,1881.680272903615,0.13426966523186626,1833.4719264661715,0.1332677205403646,4.870533528202134e-06,716.3270833333332,0.16995833333333332,0.13525,0.11354166666666667,0.066,0.13845215541090058,0.048721251292325685,0.023724183301384465,10.575000000000001,10.4375,10.081249999999999,9.5625,0.0,716.3270833333332,52.53333333333333,11.166666666666666
2024-09-27,7233.020833333333,0.008314748402192372,120.27264758233991,1877.9398284569672,0.13595320545610312,1831.7245060758914,0.1339543660481771,4.6722131038776935e-06,717.6979166666666,0.15358333333333332,0.13116666666666668,0.11204166666666666,0.066,0.13055298421919312,0.03967747288019563,0.01932043234886587,10.543750000000001,10.595833333333333,10.40625,9.8,0.0,717.6979166666666,50.333333333333336,10.841666666666667
2024-09-28,7220.333333333333,0.008322035533932853,120.16719030827134,1894.7941830456227,0.12826130804062544,1848.1119822045046,0.12700780232747397,4.678966738198093e-06,718.9812499999999,0.139875,0.126875,0.11091666666666666,0.066,0.12369043540911148,0.031820525705033874,0.015494593520252016,10.612499999999999,10.5625,10.40625,9.925,0.0,718.9812499999999,47.88333333333333,11.958333333333334
2024-09-29,7354.708333333333,0.008245885943481196,121.27913655472571,1916.0858678339664,0.11916704805924383,1867.5659727139255,0.11928685506184895,4.815020851521301e-06,718.5583333333334,0.12720833333333334,0.121625,0.10920833333333334,0.066,0.11679022575146086,0.023920460542938952,0.011647758945460558,11.35,11.1875,10.799999999999999,10.09375,0.0,718.5583333333334,47.84166666666667,12.450000000000001
2024-09-30,7415.0,0.0082116309795662,121.77848742696716,1918.8576610560635,0.1176341266680242,1874.226267491785,0.116302490234375,4.4098586310684185e-06,716.7,0.124,0.12,0.108,0.066,0.11477544220278617,0.021613730441716737,0.010524526551040568,16.0,13.5,11.0,10.1,0.0,716.7,32.0,16.2
