Date (aggregated based on UTC),Raw_Moderated_cph,Raw_Mod_Coeff_of_Var,Raw_Mod_sqrt,Corrected_Mod_cph_for_Des,SWC_Des_cm3_cm3,Corrected_Mod_cph_for_UTS,SWC_UTS_cm3_cm3,Rhov_g_cm3,BaroPress_mb,SWC_5,SWC_10,SWC_20,SWC_50,WeightedTDR_SWC,WeightedTDR_SD,WeightedTDR_SE,sT_5,sT_10,sT_20,sT_50,PRISM_ppt_mm,BaroPress,airRH,airT
2023-07-01,6138.978260869565,0.009025476573447246,110.80311468791295,2609.2433050373465,0.056312076112383744,2522.114891215447,0.06866057022758153,6.3981633636692985e-06,789.3956521739129,0.04556521739130435,0.10347826086956521,0.1873695652173913,,0.09611760108404363,0.0,0.0,19.334146341463416,19.51086956521739,18.443478260869565,,,789.3956521739129,56.119565217391305,14.726086956521739
2023-07-02,6217.666666666667,0.00896821223855216,111.51086259858842,2612.2906335697708,0.055699960210291576,2533.287508609253,0.06675211588541667,5.776741322441648e-06,788.5354166666666,0.04666666666666666,0.103,0.18760416666666668,,0.09648590493829053,0.00042947438429909423,0.00022090839213567112,20.410810810810812,21.429166666666664,18.858333333333334,,0.0,788.5354166666666,40.24375,18.497916666666665
2023-07-03,6261.270833333333,0.00893701594006467,111.90083810499078,2622.290860426591,0.053766555918786284,2550.11640564958,0.06397755940755208,5.243217843148509e-06,787.7854166666666,0.0448125,0.10166666666666667,0.1884583333333333,,0.09539473017757939,0.0008429304605466892,0.0004335774600979912,20.482857142857142,22.447916666666668,19.602083333333333,,0.0,787.7854166666666,34.800000000000004,19.429166666666667
2023-07-04,6314.416666666667,0.008899338247393062,112.37468126705141,2614.3045503795056,0.055328751301524835,2536.827651317844,0.06618754069010417,5.658060482098889e-06,786.0708333333333,0.042645833333333334,0.09854166666666668,0.18800000000000003,,0.0932640493505294,0.0033274899507163293,0.0017115583181054883,22.80697674418605,21.822916666666668,19.647916666666667,,0.0,786.0708333333333,34.80416666666667,19.735416666666666
2023-07-05,6290.666666666667,0.008916663277420392,112.16087186527943,2616.989251243453,0.05488866642020981,2532.468884642242,0.0670026143391927,6.18352539537779e-06,786.2937499999999,0.042187499999999996,0.09654166666666668,0.18787500000000001,,0.09234398566481793,0.004400364373235954,0.0022634118681818085,22.4875,22.29375,19.8625,,0.44489998,786.2937499999999,39.856249999999996,19.383333333333333
2023-07-06,6391.520833333333,0.008846021992857738,113.0564169715516,2628.4039635428594,0.05259786398167692,2554.920912341058,0.0632171630859375,5.331381090033872e-06,785.9583333333334,0.04139583333333333,0.09445833333333332,0.18762500000000001,,0.09122192349786554,0.005708786624973077,0.0029364239649044112,21.01621621621622,22.400000000000002,19.979166666666668,,0.0,785.9583333333334,34.77291666666667,19.741666666666667
2023-07-07,6501.3125,0.008771207263565088,114.02246921319859,2636.8659133889932,0.051102223242340955,2562.97850355325,0.062015533447265625,5.3439753771879015e-06,784.2937499999999,0.03983333333333333,0.09295833333333332,0.18783333333333332,,0.09006209221428971,0.007061250957509331,0.0036320899511518186,23.373170731707315,22.852083333333336,20.416666666666668,,0.0,784.2937499999999,36.53333333333333,19.327083333333334
2023-07-08,6514.666666666667,0.008762597364734222,114.13787679573214,2626.5484754864037,0.05300025988865595,2559.1901372932134,0.06264241536458333,4.889591101276285e-06,783.6229166666667,0.03916666666666667,0.09079166666666666,0.18716666666666668,,0.08887638734663304,0.008443886143444471,0.0043432748948909194,20.98378378378378,22.5625,20.233333333333334,,0.0,783.6229166666667,31.522916666666664,20.45625
2023-07-09,6547.354166666667,0.00874035075230853,114.42535153655835,2661.9594788249383,0.04642817911351795,2615.8092250929844,0.05389531453450521,3.273582087355148e-06,785.7416666666667,0.03764583333333333,0.08945833333333332,0.18704166666666666,,0.08772078463967037,0.00979141958721468,0.005036404583866758,19.865714285714283,22.945833333333336,20.508333333333333,,0.0,785.7416666666667,21.535416666666666,19.558333333333334
2023-07-10,6502.875,0.00876956269736801,114.03876086972132,2664.6034021300893,0.04588798718418562,2607.713847658957,0.055027008056640625,4.045549253145348e-06,786.775,0.03664583333333333,0.08885416666666666,0.18758333333333332,,0.08718948384474998,0.010410962606232591,0.005355078426111125,21.261764705882353,23.929166666666664,20.993750000000002,,0.0,786.775,23.458333333333332,21.139583333333334
2023-07-11,6390.625,0.008846246660442524,113.05023636688223,2654.1327166924616,0.04777068257573804,2584.473746033596,0.05849456787109375,4.992896364264131e-06,787.7937499999999,0.035687500000000004,0.08735416666666666,0.18760416666666668,,0.08625441393067348,0.01150133559851575,0.005915932701381905,22.10571428571429,24.222916666666666,21.304166666666667,,0.0,787.7937499999999,28.64375,21.797916666666666
2023-07-12,6336.875,0.008884091375251783,112.57207614492847,2637.9718879778898,0.05094240142088357,2557.4119696840253,0.06304041544596355,5.848644960757309e-06,787.56875,0.034749999999999996,0.08616666666666667,0.18810416666666666,,0.08553972411214089,0.012334726197717454,0.006344603150705884,23.694444444444443,24.868750000000002,21.8,,0.0,787.56875,31.31458333333333,22.110416666666666
2023-07-13,6490.208333333333,0.008778139644669846,113.92753494742881,2662.8778889993505,0.04625755258828044,2583.9460397079242,0.058643341064453125,5.657667693980816e-06,786.9041666666667,0.034895833333333334,0.08466666666666667,0.18772916666666664,,0.08500398598401387,0.012959443533878318,0.0066659385022794174,23.458333333333332,24.8625,21.8875,,0.0,786.9041666666667,30.318749999999998,22.847916666666666
2023-07-14,6566.125,0.00872681964681204,114.59378073352009,2663.3609078601276,0.046082023218802816,2595.5990943040038,0.056780497233072914,4.836430929877582e-06,787.3520833333333,0.034125,0.084,0.18829166666666666,,0.08455609927586247,0.013481718459869525,0.006934580634083825,23.220588235294116,25.583333333333332,22.39375,,0.0,787.3520833333333,27.18958333333333,22.40416666666667
2023-07-15,6407.916666666667,0.008835745803511152,113.19688043015782,2678.646104366228,0.043461010942558755,2623.4591417056517,0.052783966064453125,3.900001795378024e-06,789.4250000000001,0.03245833333333333,0.08208333333333333,0.18770833333333334,,0.08303603436571996,0.01525424658807228,0.007846314495593542,21.38823529411765,24.93541666666667,22.347916666666666,,0.0,789.4250000000001,23.754166666666666,20.277083333333334
2023-07-16,6331.333333333333,0.008887676277342186,112.52412159533439,2691.484785163241,0.04120497051793337,2630.645241581692,0.05173365275065104,4.285119009496875e-06,790.9125,0.031625,0.0809375,0.18712499999999999,,0.08214836225615992,0.016289349610527255,0.00837873960112919,21.38529411764706,24.912499999999998,22.277083333333334,,0.0,790.9125,26.477083333333336,20.704166666666666
2023-07-17,6287.166666666667,0.008918849061442838,112.13090502955812,2688.8269702219463,0.04163535766304458,2624.183213741076,0.052630106608072914,4.563919459875825e-06,790.21875,0.03139583333333334,0.08047916666666667,0.1873125,,0.0819295550570857,0.016544497869278883,0.008509980004882315,22.76764705882353,25.629166666666666,22.568749999999998,,0.0,790.21875,24.770833333333332,23.00208333333333
2023-07-18,6402.333333333333,0.008838036405953044,113.15424405726186,2703.3201704878525,0.03912513177329849,2635.5808186898507,0.05095545450846354,4.758399837014504e-06,788.7125,0.031208333333333334,0.08,0.18777083333333333,,0.08178009926675703,0.01671877634285769,0.008599623482560234,24.188235294117646,26.349999999999998,23.022916666666664,,0.0,788.7125,22.53333333333333,24.347916666666666
2023-07-19,6184.291666666667,0.008992392370100235,111.21112599623295,2660.9541100500173,0.046645242666693516,2557.830578673721,0.06278355916341145,7.465812319065826e-06,790.8395833333334,0.031020833333333334,0.07945833333333334,0.18820833333333334,,0.08160453403619437,0.016923500698660058,0.008704927384084233,26.41111111111111,26.916666666666668,23.54375,,0.0,790.8395833333334,38.07083333333333,23.145833333333332
2023-07-20,6121.270833333333,0.009039251768752359,110.64024816785201,2635.5689457447156,0.05137998838783225,2517.220384596708,0.06974411010742188,8.720964422978514e-06,791.1625,0.03129166666666667,0.07745833333333334,0.18747916666666667,,0.08087442447488852,0.01777487206145474,0.009142846584253222,24.723684210526315,25.677083333333332,23.23125,,2.5475,791.1625,52.737500000000004,20.802083333333332
2023-07-21,6166.354166666667,0.00900619778997366,111.04668193259086,2661.322149158675,0.04663028891912794,2554.5058492168814,0.06350962320963542,7.759088916965236e-06,791.59375,0.0324375,0.07616666666666666,0.18572916666666664,,0.08055370478648882,0.018148859162376362,0.00933521402725895,21.64864864864865,24.308333333333334,22.520833333333332,,0.3448,791.59375,47.74791666666667,20.652083333333334
2023-07-22,6368.791666666667,0.008861715731079101,112.85559288220382,2684.4298809354914,0.042454243887649463,2611.6244368907505,0.05455780029296875,5.170372311687816e-06,790.9479166666666,0.03202083333333333,0.07706249999999999,0.18541666666666667,,0.0806136107883188,0.018079003544643663,0.00929928244959301,21.908823529411762,25.224999999999998,22.741666666666664,,0.0,790.9479166666666,31.960416666666664,21.077083333333334
2023-07-23,6423.666666666667,0.00882349727058968,113.34196842347698,2698.690562942622,0.03991973986322147,2636.3119790972264,0.050876617431640625,4.3824473827832995e-06,790.6333333333333,0.030708333333333334,0.07720833333333334,0.18539583333333332,,0.0800836678701201,0.01869696316109254,0.009617141838336967,23.194285714285712,25.764583333333334,23.047916666666666,,0.0,790.6333333333333,23.95625,22.40625
2023-07-24,6295.541666666667,0.008912660780423373,112.20664429376536,2691.583078457266,0.04108899078322419,2609.4013706857772,0.054730733235677086,5.83368668197056e-06,791.6999999999999,0.029895833333333333,0.07604166666666666,0.184875,,0.07921137706314027,0.01971413024456891,0.010140341249428291,23.589189189189188,25.2,22.910416666666666,,0.0,791.6999999999999,31.254166666666666,22.670833333333334
2023-07-25,6252.666666666667,0.008943722041181148,111.82159663402383,2675.246571938177,0.044021768362887743,2587.8918841584405,0.05805333455403646,6.255681952824387e-06,791.3000000000001,0.030520833333333334,0.076125,0.184875,,0.07951446114588945,0.019360707796422873,0.009958551630259244,25.186486486486487,26.010416666666668,23.193749999999998,,0.2965,791.3000000000001,30.197916666666668,23.833333333333332
2023-07-26,6136.458333333333,0.009027468515056526,110.77979661383443,2662.847011929119,0.04634140051475686,2557.78940722384,0.06290181477864583,7.614220708438069e-06,791.4291666666667,0.030458333333333334,0.07497916666666667,0.184625,,0.07903675458621755,0.019917755267485165,0.010245079687983667,24.941860465116278,25.183333333333334,23.287499999999998,,1.5867,791.4291666666667,44.427083333333336,21.535416666666666
2023-07-27,6059.3125,0.009085195257159026,110.07946082335057,2624.895722708617,0.05331271504699318,2513.734984149046,0.07015609741210938,8.19231915533147e-06,790.5458333333332,0.03225,0.0734375,0.18322916666666667,,0.0789891272039727,0.01997329294494772,0.010273646558278447,23.25,23.631249999999998,22.412499999999998,,1.3464999,790.5458333333332,55.15833333333333,19.360416666666666
2023-07-28,6134.3125,0.00902913681821912,110.7600615692454,2620.6887267933703,0.054120311868061655,2526.71780410573,0.0679155985514323,6.889924061229333e-06,790.0458333333332,0.034520833333333334,0.07395833333333333,0.18179166666666666,,0.07985646893184326,0.018961896918925126,0.009753415601347938,24.441304347826087,23.477083333333336,22.075,,0.654,790.0458333333332,36.18958333333333,22.739583333333332
2023-07-29,6133.5,0.009029626559022097,110.75317711652649,2641.477219317981,0.05012862000317344,2554.1718236918305,0.06325785319010417,6.3274123881415166e-06,791.4041666666667,0.035333333333333335,0.07410416666666667,0.18133333333333335,,0.08016483152686832,0.0186023192655496,0.009568459934236984,22.62391304347826,22.743750000000002,21.883333333333336,,1.287,791.4041666666667,36.09791666666667,21.40625
2023-07-30,6066.395833333333,0.009079454597164924,110.14555866626654,2618.0297988698635,0.05456270221946281,2522.9395663313976,0.06849161783854167,6.981177307992269e-06,791.5791666666668,0.03735416666666667,0.07466666666666666,0.17985416666666665,,0.08092792583463655,0.01771248481442488,0.009110756506392979,22.462790697674418,22.695833333333336,21.366666666666664,,2.2984,791.5791666666668,35.77291666666667,23.0625
2023-07-31,6050.020833333333,0.009094317735567594,109.98682781864422,2608.357653118356,0.05755226087870757,2487.0852926651182,0.07601292928059895,9.039908818229409e-06,791.0229166666667,0.03775,0.07558333333333334,0.17977083333333332,,0.08140087524943618,0.01716098458877282,0.00882708178080932,22.986046511627908,23.0125,21.650000000000002,,1.5256,791.0229166666667,54.137499999999996,20.108333333333334
2023-08-01,5087.130434782609,0.00991567967895697,100.86181553336912,2223.9572760866286,0.16474821182538069,2097.29476202425,0.18233987559442935,1.1174933273903723e-05,790.7717391304348,0.2689787234042553,0.13710416666666667,0.17933333333333334,,0.20405716645269417,0.12586693797436344,0.0647420752144158,19.108510638297872,20.004166666666666,20.558333333333334,,1.7006999,790.7717391304348,74.58260869565218,17.967391304347824
2023-08-02,4905.791666666667,0.010098263435809742,99.04453032142789,2203.664658766905,0.172987707447234,2074.7055315223834,0.19206746419270834,1.1513199972088078e-05,790.6354166666666,0.26887500000000003,0.27975,0.17897916666666666,,0.25329453556717013,0.1832820004047752,0.09427461449861774,19.614583333333332,19.654166666666665,19.891666666666666,,18.3147,790.6354166666666,83.56875000000001,16.791666666666668
2023-08-03,4869.5,0.01015533822584516,98.62446958673775,2132.9929112158475,0.031962953266115014,2026.2396876618293,0.28500111897786456,9.765797646595024e-06,789.5645833333333,0.27439583333333334,0.31014583333333334,0.17972916666666663,,0.2663961800877837,0.19855965945969278,0.10213297164587062,19.266666666666666,19.502083333333335,19.78125,,12.4824,789.5645833333333,70.57083333333334,17.40625
2023-08-04,5089.9375,0.009912791945098242,100.8901458654529,2206.1296601066288,0.17157064968518856,2123.3222572738646,0.17206700642903647,7.233950482017837e-06,789.1750000000001,0.26835416666666667,0.3027083333333333,0.1804583333333333,,0.2613284453106141,0.19265023915871213,0.09909334789910393,19.391666666666666,19.202083333333334,19.35625,,0.94729996,789.1750000000001,49.39166666666667,18.589583333333334
2023-08-05,5220.25,0.009788173140496683,102.17386895411323,2282.87288603561,0.14207526152208694,2208.10797550747,0.14222081502278647,6.27591123117438e-06,789.3229166666666,0.24016666666666667,0.28260416666666666,0.18154166666666668,,0.24223638668397146,0.17038723531248323,0.08764194459409183,20.02553191489362,19.802083333333332,19.316666666666666,,0.0,789.3229166666666,41.697916666666664,18.935416666666665
2023-08-06,5309.854166666667,0.009705835416550812,103.04492644948336,2329.6394192226385,0.12676901901931373,2251.589039539103,0.12935511271158853,6.419550280123189e-06,788.9375,0.22129166666666666,0.2660416666666667,0.18385416666666665,,0.22872062752818123,0.15462668251121758,0.07953520178059666,21.11063829787234,20.972916666666666,20.054166666666667,,0.0,788.9375,43.22083333333333,18.922916666666666
2023-08-07,5438.479166666667,0.009589935096734009,104.28708615048748,2379.3972291360637,0.11129551854424242,2302.1364383237674,0.11537679036458333,6.222927116895474e-06,788.8625000000001,0.20625000000000002,0.25075,0.1856875,,0.2172235618008025,0.14122010213586758,0.0726392698623529,21.68541666666667,21.272916666666667,20.333333333333332,,0.0,788.8625000000001,43.49583333333334,18.306250000000002
2023-08-08,5657.8125,0.009403040851008392,106.3660873720264,2422.5067172750437,0.09940982144635659,2357.092813402676,0.10210037231445312,5.156681642846632e-06,787.0666666666666,0.19099999999999998,0.23622916666666668,0.18720833333333334,,0.20583456510088408,0.12793953966257082,0.06580815767059486,20.974999999999998,21.191666666666666,20.677083333333332,,0.0,787.0666666666666,37.34583333333333,17.95625
2023-08-09,5703.666666666667,0.00936451912304098,106.79875313743223,2433.2339049871885,0.09648952375057007,2368.0775415648627,0.09941864013671875,5.1056811795127655e-06,786.4916666666667,0.17789583333333334,0.22091666666666665,0.18666666666666668,,0.19466941652176006,0.11492000360196603,0.059111309423884054,20.772916666666667,20.270833333333332,19.8125,,0.0,786.4916666666667,38.37916666666667,17.283333333333335
2023-08-10,5854.958333333333,0.009241772231744343,108.20969568608488,2462.586407033078,0.08882312675975086,2392.4087552480873,0.09374745686848958,5.431062211765574e-06,786.0875,0.16602083333333334,0.2105,0.18877083333333333,,0.18630702835594015,0.10516873038727413,0.05409555489722283,22.0125,21.806250000000002,20.760416666666668,,0.0,786.0875,35.52708333333333,18.645833333333332
2023-08-11,5729.5,0.009342606755744274,107.04332033177782,2453.663382245218,0.0911031173592175,2354.097690277415,0.10245641072591145,7.833057856423085e-06,788.1541666666667,0.151,0.19522916666666668,0.18822916666666667,,0.1743152683813963,0.09118529341711067,0.04690290571827196,20.339583333333334,20.295833333333334,20.0,,2.4413,788.1541666666667,55.99791666666667,17.3625
2023-08-12,5809.0625,0.009278623883677875,107.78312307021257,2472.5980860799914,0.08640940908203232,2375.258840846804,0.09763081868489583,7.589441412355073e-06,788.9020833333334,0.1376875,0.18502083333333333,0.1895,,0.16521488307114102,0.08057345123045141,0.04144450102464114,21.724999999999998,21.34583333333333,20.502083333333335,,0.0,788.9020833333334,48.96666666666667,18.806250000000002
2023-08-13,5909.583333333333,0.009199367859617053,108.71170594176579,2502.389799986088,0.07928707038287375,2410.412959461461,0.09006245930989583,7.073297218098951e-06,789.24375,0.12377083333333333,0.1735,0.18927083333333336,,0.1550724672349082,0.0687465106585739,0.03536108715612487,21.77446808510638,20.941666666666666,20.125,,0.0,789.24375,49.40625,18.439583333333335
2023-08-14,5941.625,0.00917549894539806,109.00216045932696,2533.1985358583074,0.07232393170548532,2457.830890185183,0.08052698771158855,5.683284718978571e-06,791.3791666666666,0.10845833333333332,0.16579166666666667,0.19108333333333336,,0.1460761040478039,0.058255967330937214,0.029965074858627993,23.861702127659573,22.816666666666666,21.25,,0.0,791.3791666666666,35.72083333333333,20.010416666666668
2023-08-15,5891.9375,0.009213905402510303,108.54621456604649,2544.101824676191,0.06992517764051764,2463.416095799391,0.0794537862141927,6.0700809614151135e-06,793.0916666666667,0.09235416666666667,0.15675,0.19222916666666667,,0.13612754082372083,0.04665507579516881,0.023997933650219676,24.902083333333334,23.5,21.77916666666667,,0.0,793.0916666666667,35.81041666666667,20.722916666666666
2023-08-16,5982.083333333333,0.009143552542151092,109.37610738056513,2549.195255999842,0.06874884460983806,2454.259790236338,0.08109792073567708,7.1656066345035625e-06,791.2791666666667,0.080125,0.14954166666666666,0.19322916666666667,,0.12848231917164693,0.03774008122209147,0.01941233509292546,25.751063829787235,24.45,22.462500000000002,,0.0,791.2791666666667,39.94375,21.516666666666666
2023-08-17,5982.958333333333,0.00914290558485871,109.384018777083,2548.053916297867,0.06897103990207853,2435.587729372715,0.08479563395182292,8.556037215795715e-06,790.0020833333333,0.0725,0.14047916666666668,0.19239583333333332,,0.1218213161818648,0.02997277136403772,0.01541707019543336,23.504255319148935,22.875,21.925,,4.4915,790.0020833333333,54.67083333333333,19.677083333333332
2023-08-18,6000.75,0.009128761926558126,109.54886419959246,2549.598844528445,0.06857697565764276,2427.943879021206,0.08627827962239583,9.282094839143919e-06,789.06875,0.068875,0.13385416666666666,0.1915,,0.11774549293680042,0.02522000633456148,0.012972394286359693,21.920833333333334,21.96666666666667,21.604166666666668,,1.5689,789.06875,56.081250000000004,19.662499999999998
2023-08-19,5925.708333333333,0.009186993661038161,108.85930885619621,2539.2395542129307,0.0710160111481865,2421.0430891929022,0.0879198710123698,9.049221962266125e-06,789.3916666666668,0.0689375,0.12889583333333335,0.18983333333333333,,0.11569858030860028,0.022833127862958554,0.011744657534968622,21.827659574468086,21.229166666666668,20.7375,,1.9073,789.3916666666668,60.09583333333333,19.297916666666666
2023-08-20,6065.854166666667,0.009080324461666619,110.1387455001202,2588.5137134620486,0.06048428469399722,2506.321272485349,0.07161839803059895,6.095473062805111e-06,789.2770833333334,0.0681875,0.1275,0.19014583333333335,,0.11495373080244822,0.02196456844018451,0.011297897326272038,24.025000000000002,22.589583333333334,21.233333333333334,,0.0,789.2770833333334,36.33958333333333,21.866666666666664
2023-08-21,6071.270833333333,0.009076474287548198,110.18711988501013,2604.476840242499,0.057290523919499924,2539.1217028069627,0.06584803263346355,4.770896319966221e-06,791.0,0.06320833333333334,0.12612500000000001,0.1910625,,0.11249034372381694,0.019092044472036464,0.00982035949311261,24.325,23.702083333333334,21.97083333333333,,0.0,791.0,24.691666666666666,22.70625
2023-08-22,6045.145833333333,0.009095664956284062,109.95138973358554,2614.9988831236064,0.05522377015095953,2533.929423859902,0.06670633951822917,5.927816736259268e-06,791.8645833333334,0.057625,0.12414583333333333,0.19179166666666667,,0.10951244694904046,0.015619557369047726,0.008034219106917023,25.230434782608693,24.181250000000002,22.55,,0.0,791.8645833333334,34.1,20.70625
2023-08-23,5943.0625,0.00917375911739064,109.01784890948899,2592.696449720881,0.05960898905599157,2485.891825898882,0.07511138916015625,7.959218943385551e-06,791.65,0.05445833333333333,0.11987500000000001,0.1900625,,0.10627302704383301,0.01184211150951414,0.006091217331453803,23.840425531914892,22.729166666666668,21.770833333333332,,0.8099,791.65,52.50833333333333,18.75
2023-08-24,5927.666666666667,0.009186155482677474,108.87457549869471,2574.4542488801353,0.06336013736946074,2441.4180021723782,0.08369191487630208,1.010347774572735e-05,789.9562500000001,0.0535,0.1176875,0.18989583333333335,,0.10505971898423476,0.010427288596714063,0.0053634760126474446,23.97872340425532,22.900000000000002,21.758333333333336,,2.8309999,789.9562500000001,71.59791666666666,17.995833333333334
2023-08-25,5374.604166666667,0.009647673564088603,103.66942091373033,2361.0548008455416,0.11716918398059051,2218.2283348784804,0.13956324259440103,1.1928920681267275e-05,790.8270833333332,0.06497916666666666,0.11391666666666667,0.18922916666666667,,0.10864849658346871,0.01461211596695431,0.007516022286702541,20.527083333333334,21.279166666666665,21.3125,,12.064899,790.8270833333332,91.40416666666665,15.456249999999999
2023-08-26,5361.791666666667,0.009658201817921598,103.54943876261795,2366.0303201303677,0.11523888018232788,2235.9674998767464,0.13370895385742188,1.0777189153556462e-05,791.4104166666666,0.07604166666666666,0.11314583333333333,0.18720833333333334,,0.1128011330123955,0.019454451861532725,0.010006770689306213,20.23191489361702,19.933333333333334,19.89375,,2.6729999,791.4104166666666,75.68124999999999,17.693749999999998
2023-08-27,5589.104166666667,0.009459870196392111,105.72122764186703,2440.039137479461,0.09463639250805883,2321.254744817865,0.11050923665364583,9.484425102669159e-06,791.2208333333333,0.08333333333333333,0.11766666666666666,0.1890625,,0.11796399731470596,0.025474801477445668,0.01310345305818932,22.44782608695652,22.114583333333332,20.908333333333335,,1.4231,791.2208333333333,63.84375,18.666666666666668
2023-08-28,5782.625,0.009300081644512263,107.5365404677251,2498.8067214682183,0.08027317859892853,2391.661462818171,0.09436543782552083,8.317936186833554e-06,790.6895833333333,0.08527083333333334,0.11916666666666666,0.189375,,0.11940044898771679,0.027149829285946895,0.013965035759011936,23.038297872340426,22.40625,21.139583333333334,,0.38419998,790.6895833333333,52.362500000000004,19.902083333333334
2023-08-29,5859.083333333333,0.009238888274732784,108.24636289684948,2540.597017981541,0.07054012864011398,2460.3203587221637,0.07991282145182292,6.047292567082301e-06,791.9104166666666,0.08402083333333334,0.11985416666666666,0.1895416666666667,,0.11912570703043526,0.026829456225540328,0.013800245726718155,22.444444444444443,22.24791666666667,21.216666666666665,,0.0,791.9104166666666,42.40416666666667,18.55
2023-08-30,6072.270833333333,0.009075093352487072,110.19874435142151,2568.1873086599603,0.06466710091398484,2496.1160033673277,0.07329305013020833,5.3513837914279095e-06,789.3312500000001,0.078875,0.12045833333333333,0.18962500000000002,,0.11709471511427477,0.024461142691344355,0.01258205820718491,22.75531914893617,22.491666666666664,21.422916666666666,,0.0,789.3312500000001,35.27708333333333,19.16875
2023-08-31,6257.333333333333,0.00893969831443773,111.86617873391221,2596.6841175462037,0.058824974410789106,2526.4034171753524,0.06795374552408855,5.152432168082382e-06,786.53125,0.072,0.12,0.1889375,,0.11377145120853145,0.02058592742187356,0.010588766859307425,23.01521739130435,22.233333333333334,21.164583333333333,,0.0,786.53125,31.849999999999998,20.51875
2023-09-01,6240.020833333333,0.008952267144116741,111.71058803578775,2587.9331071605843,0.060541395332392806,2517.0407737308487,0.06952667236328125,5.218022051972177e-06,787.0770833333332,0.0654375,0.12037500000000001,0.18920833333333334,,0.11107987720466242,0.017447317617013385,0.008974362669254369,23.63913043478261,22.879166666666666,21.566666666666666,,0.0,787.0770833333332,30.98125,20.341666666666665
2023-09-02,6052.354166666667,0.009090297454666626,110.01673159204927,2580.2780869474095,0.06224193271931255,2482.6293281034777,0.07578023274739583,7.284309770435539e-06,790.1354166666666,0.0598125,0.11927083333333333,0.1889375,,0.108171292742736,0.01405565470997692,0.007229795759443441,23.129787234042553,22.50208333333333,21.514583333333334,,0.0,790.1354166666666,46.89166666666667,18.993750000000002
2023-09-03,6008.75,0.00912387174861077,109.61707129351136,2579.501523701758,0.062346472478076655,2467.0789693670336,0.07867940266927083,8.442957647109888e-06,789.1979166666666,0.056541666666666664,0.11712499999999999,0.18775,,0.10573802291275254,0.011218250077862578,0.005770322230791347,21.84255319148936,21.535416666666666,20.989583333333332,,0.011899999,789.1979166666666,59.125,17.435416666666665
2023-09-04,6386.208333333333,0.008850079661930984,113.00787160213507,2604.8907105172216,0.057182687214923526,2505.8117099484457,0.07158533732096355,7.332332625727316e-06,782.8729166666667,0.0541875,0.1140625,0.18616666666666667,,0.10330462026886088,0.008380690573159216,0.004310769040450739,19.472340425531915,19.8125,20.28125,,1.9905,782.8729166666667,56.06041666666667,15.958333333333334
2023-09-05,6329.729166666667,0.008888989175356842,112.50907035485251,2612.4588712801783,0.055721548413328326,2528.9313505039627,0.0675519307454427,6.118868318064753e-06,786.1750000000001,0.052375,0.11227083333333333,0.1844375,,0.1015172605268678,0.006296473381669057,0.0032387119272307596,19.397777777777776,19.189583333333335,19.354166666666668,,0.0019,786.1750000000001,55.26666666666667,14.054166666666667
2023-09-06,6339.375,0.00888188493055419,112.59620020746695,2625.5652106806288,0.0531811936561112,2564.031019423802,0.06176630655924479,4.447402981567605e-06,788.5354166666666,0.05077083333333333,0.11277083333333333,0.18489583333333334,,0.10108499111844896,0.0057924095878984835,0.002979437040796284,21.20888888888889,20.575,19.810416666666665,,0.0,788.5354166666666,33.99791666666667,16.970833333333335
2023-09-07,6441.75,0.008811066455923262,113.50154708182555,2648.6853390923243,0.04887799028723877,2600.152056114794,0.05621465047200521,3.4599321668678557e-06,788.8895833333332,0.048625,0.111875,0.18522916666666667,,0.09990514859387674,0.004416610404784685,0.0022717683263064822,21.817777777777778,21.104166666666668,20.195833333333333,,0.0,788.8895833333332,23.527083333333334,18.839583333333334
2023-09-08,6428.583333333333,0.008820493625887505,113.38374937816769,2679.378988482849,0.043295957313568174,2635.236539811414,0.051068623860677086,3.1059089566008285e-06,790.9770833333333,0.04566666666666667,0.10939583333333334,0.18481250000000002,,0.09765952665048508,0.0017980195581622938,0.0009248458677468085,21.404444444444444,20.858333333333334,20.154166666666665,,0.0,790.9770833333333,23.23125,17.381249999999998
2023-09-09,6404.145833333333,0.008836774566723824,113.17030144196626,2684.8016441497975,0.04230927831061548,2641.1652191858416,0.05018488566080729,3.0614741610259307e-06,792.0375,0.043333333333333335,0.10683333333333334,0.18441666666666667,,0.09566380072714756,0.0005291707556826161,0.0002721891341525379,21.215555555555557,20.697916666666668,20.022916666666667,,0.0,792.0375,22.45625,17.287499999999998
2023-09-10,6339.479166666667,0.00888179671867215,112.59719925278485,2660.0241993521345,0.04670684984037027,2596.968886455839,0.056653340657552086,4.505517685359662e-06,790.24375,0.041895833333333334,0.104875,0.18460416666666668,,0.09439574131461533,0.002007838516479045,0.0010327702758508675,21.961702127659574,21.256249999999998,20.3,,0.0,790.24375,30.308333333333334,17.772916666666667
2023-09-11,6210.291666666667,0.008974707297660955,111.43983153311139,2629.121067269179,0.05251128131495523,2526.397152226056,0.06809234619140625,7.549030209706791e-06,789.36875,0.04102083333333333,0.10039583333333334,0.18318749999999998,,0.09215705379778083,0.004618343217540469,0.0023755334702500876,19.554347826086957,19.6875,19.652083333333334,,1.5653,789.36875,65.42291666666667,14.8125
2023-09-12,6354.625,0.008871569700584229,112.7300777438626,2639.6993793398133,0.050519022136306074,2570.7756975676807,0.060699462890625,4.968729186069558e-06,787.8604166666668,0.04197916666666667,0.09781250000000001,0.18200000000000002,,0.09142814686947998,0.005468312205466128,0.0028127313319904926,18.993333333333336,18.972916666666666,19.002083333333335,,0.0,787.8604166666668,46.36875,14.19375
2023-09-13,6383.8125,0.008851204482996563,112.98893679066653,2644.638097553612,0.04953654839108009,2573.7348304633447,0.060193379720052086,5.106475585678039e-06,785.9083333333333,0.041166666666666664,0.09741666666666667,0.1823125,,0.0910018979679407,0.005965355563649473,0.0030683951226428583,20.18723404255319,20.01875,19.381249999999998,,0.0,785.9083333333333,40.358333333333334,15.345833333333333
2023-09-14,6316.270833333333,0.008897884799942862,112.3918109287077,2639.9962597558,0.0504321006227724,2550.103870146394,0.0639661153157552,6.527393655565078e-06,786.5875,0.039,0.09345833333333332,0.1806875,,0.08833182306732498,0.009078895540903362,0.004669904165720707,17.04375,17.916666666666668,18.6125,,0.6351,786.5875,61.57083333333333,12.347916666666668
2023-09-15,6243.708333333333,0.008949634756791038,111.7435290685411,2630.0019747850015,0.052346777275065,2531.1938417139354,0.06718953450520833,7.233517977508104e-06,788.74375,0.03977083333333333,0.09091666666666666,0.17841666666666667,,0.08730195115533196,0.010279815922837875,0.005287620612509659,16.120833333333334,16.431250000000002,17.341666666666665,,1.5332999,788.74375,73.97291666666666,11.408333333333333
2023-09-16,6130.604166666667,0.009032547625355873,110.72375609882243,2621.8948168122656,0.053834633534881084,2535.4725657655495,0.0664825439453125,6.329460419170563e-06,791.2645833333332,0.041041666666666664,0.090375,0.17772916666666663,,0.08752422556768477,0.010020624591305748,0.005154300576676298,15.755555555555556,16.275000000000002,16.983333333333334,,3.5663,791.2645833333332,73.02708333333334,10.597916666666666
2023-09-17,6270.166666666667,0.008930687175573855,111.98023480149719,2657.5754257755193,0.04719797920467173,2593.2118944034355,0.05718104044596354,4.5951345418951335e-06,790.8208333333333,0.041916666666666665,0.09172916666666665,0.17810416666666665,,0.08845744107281972,0.008932414001422738,0.004594558574581359,17.891489361702128,17.583333333333332,17.360416666666666,,0.0,790.8208333333333,42.25416666666667,13.604166666666666
2023-09-18,6226.333333333333,0.008962674065336787,111.58565435662918,2653.6747976801335,0.047913989949748166,2581.618940785254,0.058994293212890625,5.174460392805059e-06,788.6437500000001,0.04004166666666666,0.09114583333333333,0.17800000000000002,,0.08741043275949958,0.010153316920396165,0.005222553422805736,17.16595744680851,17.65625,17.556250000000002,,0.0,788.6437500000001,48.625,12.86875
2023-09-19,5994.020833333333,0.009134259075987214,109.48592906474009,2583.335142096963,0.061646557398221474,2488.385944588778,0.0747667948404948,7.068268535685445e-06,786.8208333333333,0.03908333333333333,0.08758333333333333,0.17556249999999998,,0.08523270919298515,0.012692732343606603,0.006528750482780486,13.769565217391303,15.016666666666666,16.25,,3.7988,786.8208333333333,78.56666666666666,10.081249999999999
2023-09-20,6117.854166666667,0.009042253548428678,110.60735589169501,2601.3501844834127,0.05798331580834354,2527.3824296936486,0.06791051228841145,5.425923093229499e-06,785.4333333333334,0.041354166666666664,0.0868125,0.17414583333333333,,0.08565758420741815,0.012197291057495707,0.006273910748645921,13.382608695652175,14.370833333333332,15.522916666666667,,0.2279,785.4333333333334,60.68125,11.170833333333334
2023-09-21,6337.791666666667,0.008883438491759163,112.58027412637217,2632.497598423747,0.05193367290078005,2569.6720933632555,0.060918172200520836,4.532161940597522e-06,783.2541666666666,0.044250000000000005,0.08927083333333334,0.17466666666666666,,0.08789098666682368,0.009592949193882531,0.004934317527966805,16.906382978723403,16.474999999999998,16.110416666666666,,0.7532,783.2541666666666,38.854166666666664,14.84375
2023-09-22,6492.645833333333,0.008776449029940262,113.94910955190115,2663.080507307103,0.046158581455096825,2623.555538828045,0.052675882975260414,2.79127890156247e-06,783.59375,0.043020833333333335,0.08956249999999999,0.17518749999999997,,0.08756462634123983,0.009973513769228561,0.005130068221179135,16.37608695652174,16.502083333333335,16.464583333333334,,0.0,783.59375,22.858333333333334,15.11875
2023-09-23,6431.6875,0.008818364093469382,113.41113278863354,2672.0065732218254,0.044622134227512496,2628.7624034853206,0.05203374226888021,3.0534325300719816e-06,786.3416666666667,0.040916666666666664,0.08927083333333334,0.17495833333333333,,0.08649108720144941,0.011225353943492387,0.005773976240417067,16.42391304347826,16.368750000000002,16.333333333333332,,0.0,786.3416666666667,31.65833333333333,11.99375
2023-09-24,6472.6875,0.008790034733288044,113.7735686452225,2683.9179414084815,0.042497667449434666,2647.185552839929,0.04939142862955729,2.573483056533395e-06,788.1645833333333,0.03872916666666667,0.0880625,0.1739375,,0.08489344332233356,0.013088345908959381,0.006732241912826473,15.273333333333332,15.635416666666666,15.945833333333333,,0.0,788.1645833333333,29.6875,10.577083333333333
2023-09-25,6135.895833333333,0.009030527934440638,110.76373966910376,2692.453681918502,0.04110602294696692,2654.805886070061,0.048405965169270836,2.627935538800256e-06,791.3770833333333,0.03791666666666667,0.0879375,0.17385416666666664,,0.08447573552953322,0.013575429590167894,0.006982782752478416,15.982222222222223,16.039583333333333,15.9625,,0.0,791.3770833333333,27.90416666666667,12.018749999999999
2023-09-26,6138.770833333333,0.009025685447649204,110.80100207591755,2658.890131148733,0.04695855564472132,2616.425181731726,0.05372492472330729,3.0042311465201177e-06,790.6999999999999,0.037208333333333336,0.08772916666666668,0.17410416666666664,,0.08414662596206261,0.013959200021094824,0.007180182439036301,16.82,16.589583333333334,16.14375,,0.0,790.6999999999999,27.945833333333336,13.777083333333332
2023-09-27,6277.833333333333,0.008925432527042459,112.04784758237946,2674.498905665397,0.04414975512776161,2626.0000486390113,0.052341461181640625,3.4196578404363274e-06,788.40625,0.036645833333333336,0.0874375,0.1745,,0.0838840522249963,0.014265383876515655,0.007337673981423173,17.666666666666668,17.1875,16.458333333333332,,0.0,788.40625,29.71666666666667,14.789583333333333
2023-09-28,6491.104166666667,0.008777534859400762,113.9353829143006,2675.4024687568744,0.04391774388118291,2629.3958372261263,0.05179723103841146,3.240304208650178e-06,784.9812499999999,0.035875,0.08668749999999999,0.1748125,,0.08335353587892143,0.014884012159830807,0.007655877311803007,18.006666666666664,17.545833333333334,16.745833333333334,,0.0,784.9812499999999,26.6125,15.739583333333334
2023-09-29,6681.541666666667,0.008651374267401245,115.59538419171135,2702.332913868981,0.03929593468413852,2660.448917654542,0.0475311279296875,2.9156492810369552e-06,783.7729166666667,0.035187500000000003,0.08585416666666668,0.1749375,,0.08279040492411983,0.015540671918626186,0.007993642861504946,18.033333333333335,17.627083333333335,16.881249999999998,,0.0,783.7729166666667,22.993750000000002,16.022916666666667
2023-09-30,6768.583333333333,0.008595570440971768,116.34587217430693,2699.3158918071676,0.03972600920869714,2653.570319861727,0.04839324951171875,3.1927204163977636e-06,783.0770833333332,0.034333333333333334,0.08483333333333333,0.17495833333333333,,0.08206684698432715,0.016384403519894935,0.008427632403709005,18.19782608695652,17.6125,16.900000000000002,,0.0,783.0770833333332,26.235416666666666,15.583333333333334
2023-10-01,6776.833333333333,0.008590223489960094,116.41728176401654,2687.0999602259026,0.04196585777996246,2615.839704313478,0.05388641357421875,5.048906815436587e-06,781.65625,0.034083333333333334,0.08391666666666668,0.17518749999999997,,0.08168926885554238,0.01682469251637102,0.008654103499174443,18.41086956521739,17.916666666666668,17.141666666666666,,0.0,781.65625,40.6625,15.375
2023-10-02,6699.5625,0.008639733308870827,115.75116572257882,2672.235415225039,0.044581007580134,2596.5013598973433,0.05675633748372396,5.4086155247213275e-06,783.0229166666667,0.03289583333333333,0.08179166666666667,0.1744375,,0.08027150979897117,0.018477923105419406,0.009504474381834225,15.558333333333332,16.477083333333333,16.760416666666668,,0.0,783.0229166666667,54.074999999999996,11.658333333333333
2023-10-03,6539.9375,0.008744460671137733,114.36422234681972,2615.569957331101,0.05517891103426693,2536.906936963484,0.06624730428059895,5.743882318799049e-06,783.30625,0.03141666666666667,0.07704166666666666,0.17029166666666665,,0.07708674688825273,0.022191634147124915,0.01141469293053425,10.383333333333333,12.268749999999999,14.541666666666666,,4.7960997,783.30625,82.77291666666666,5.875
2023-10-04,6488.458333333333,0.00877915902005091,113.91289383730417,2639.0043706761066,0.05060530348801795,2575.8900593943877,0.059862772623697914,4.53984311998791e-06,786.43125,0.035687500000000004,0.0771875,0.1681666666666667,,0.07855399067135896,0.020480700055341562,0.010534641143783805,11.371739130434783,12.208333333333334,13.566666666666668,,0.3166,786.43125,58.791666666666664,8.010416666666666
2023-10-05,6288.875,0.008917972076911319,112.14475041779649,2662.1684978991066,0.04634643462337238,2603.510448127239,0.05563481648763021,4.1731746036419e-06,791.25,0.03908333333333334,0.07872916666666667,0.16845833333333335,,0.08064029068697245,0.018047892458198832,0.009283279865188966,12.535555555555556,13.395833333333334,13.94375,,0.0,791.25,52.66458333333333,8.391666666666667
2023-10-06,6204.416666666667,0.008978130874278326,111.39054289310542,2659.1691937441183,0.04689425654387477,2597.760859981947,0.056507110595703125,4.378296646130421e-06,791.9583333333334,0.03929166666666667,0.07993750000000001,0.16877083333333334,,0.08121706373026283,0.01737532483559287,0.008937331800428662,13.224444444444446,13.924999999999999,14.174999999999999,,0.0,791.9583333333334,50.86875,9.908333333333333
2023-10-07,6260.333333333333,0.008937658074782154,111.89256359285423,2674.449757212602,0.044059547657809235,2618.3584054866737,0.05336761474609375,3.967230082755194e-06,791.3541666666666,0.038125,0.08043750000000001,0.16864583333333336,,0.08085124860211096,0.017801897148422913,0.009156747456407002,13.508888888888889,14.033333333333333,14.191666666666668,,0.0,791.3541666666666,44.43333333333334,10.71875
2023-10-08,6392.895833333333,0.008844546429323743,113.0708628266291,2671.3342199048207,0.044705051494583044,2622.673200603559,0.05282465616861979,3.436410325974506e-06,789.5333333333333,0.036875,0.08068750000000001,0.16839583333333333,,0.0803354635323525,0.018403347480019722,0.009466114977637297,13.906666666666666,14.200000000000001,14.227083333333333,,0.0,789.5333333333333,36.50625,11.643749999999999
2023-10-09,6610.604166666667,0.008698039264428721,114.97846514343394,2691.4542233223515,0.04106602227256181,2642.887258738633,0.04986445109049479,3.4040117122426873e-06,785.6041666666666,0.035937500000000004,0.08116666666666666,0.16883333333333336,,0.08018403428045283,0.018579927181737666,0.00955694213617428,14.566666666666666,14.635416666666666,14.4125,,0.0,785.6041666666666,35.31458333333334,12.172916666666666
2023-10-10,6854.208333333333,0.008541446430240754,117.08069496180445,2683.9512150870073,0.0424677542933532,2640.073153248234,0.05037689208984375,3.0832514620657243e-06,780.9458333333333,0.03352083333333333,0.07993750000000001,0.16837500000000002,,0.0785996606176875,0.020427444918708442,0.010507248342171694,12.735416666666666,13.695833333333333,14.285416666666668,,0.0,780.9458333333333,33.4375,10.120833333333334
2023-10-11,7098.666666666667,0.008394251148340201,119.14485728895384,2664.150982930709,0.046304138430140175,2595.9335800557087,0.057224273681640625,4.886754414552937e-06,773.8625000000001,0.03316666666666667,0.0785625,0.16691666666666669,,0.07765466864790962,0.02152938789244631,0.011074053859457457,12.427083333333334,12.9625,13.570833333333333,,0.1917,773.8625000000001,54.85,9.654166666666667
2023-10-12,6434.9375,0.008816512032148175,113.43815708161999,2425.246652073765,0.09861458796900062,2354.2095254100655,0.10245513916015625,5.583314664885911e-06,773.6041666666666,0.059395833333333335,0.07506249999999999,0.1646041666666667,,0.0874552840447895,0.01010101641386387,0.005195651653507467,7.345833333333334,9.566666666666666,12.191666666666668,,14.931399,773.6041666666666,98.42291666666667,2.25
2023-10-13,5890.5,0.009214855061211842,108.53367743573314,2387.5115353538827,0.10905762197155984,2326.890619003751,0.10911305745442708,4.825740090032672e-06,784.3270833333332,0.0984375,0.0746875,0.16147916666666667,,0.10378449479089008,0.008940266077224283,0.004598597440468734,6.534042553191489,7.816666666666666,10.466666666666667,,3.5058,784.3270833333332,85.99166666666667,2.5749999999999997
2023-10-14,5766.229166666667,0.00931275340314539,107.38605660694839,2428.7958107531763,0.09760412547403507,2373.4218304860865,0.09805043538411458,4.320607330435256e-06,789.49375,0.10829166666666667,0.07685416666666667,0.16102083333333334,,0.1087595806570765,0.014741649675515929,0.007582650435742018,6.273913043478261,7.8,10.133333333333333,,0.0,789.49375,74.86041666666667,3.377083333333333
2023-10-15,5691.125,0.009374393845816013,106.68294166451136,2458.1366236209,0.08994426856652493,2404.6233210449313,0.0911699930826823,4.122024488709203e-06,793.56875,0.10675,0.0795625,0.1604375,,0.1088947332587476,0.014899249384885809,0.007663714870946385,7.178260869565217,8.0875,9.75625,,0.0,793.56875,62.1625,6.054166666666667
2023-10-16,5761.520833333333,0.009316980094933076,107.34057403188172,2469.5763787550236,0.08703842630452126,2415.3739194070454,0.08884557088216145,4.155659442360263e-06,793.4166666666666,0.10710416666666667,0.08404166666666667,0.16179166666666667,,0.11089143170738835,0.017227573747970237,0.008861333192837013,9.558695652173913,9.945833333333333,10.435416666666667,,0.0,793.4166666666666,50.90208333333334,9.19375
2023-10-17,6019.895833333333,0.00911435097173018,109.72300781200813,2492.3366523463305,0.08148384211717621,2437.478076481993,0.08429845174153645,4.168432189383708e-06,788.7875,0.10629166666666667,0.08783333333333333,0.16316666666666668,,0.11214278972510931,0.01868676622722726,0.009611896849701453,11.004347826086956,11.225,11.189583333333333,,0.0,788.7875,44.364583333333336,11.4125
2023-10-18,6133.020833333333,0.00903003390589509,110.74863551844516,2519.2484302131293,0.07532287116370988,2466.261439328539,0.07876841227213542,3.979058265021993e-06,788.35,0.10327083333333333,0.08985416666666667,0.16402083333333334,,0.11170031128206431,0.018170797809571267,0.009346498591495226,10.869565217391305,11.272916666666667,11.481250000000001,,0.0,788.35,42.50416666666667,10.927083333333334
2023-10-19,5995.0,0.009133359859579873,109.49548448145725,2546.0272648865425,0.06945899956116307,2489.817180792154,0.07446797688802083,4.182198790282056e-06,791.6625,0.10087499999999999,0.09183333333333332,0.16458333333333333,,0.11145490385898763,0.017884631371960124,0.009199303392137665,11.293478260869565,11.560416666666667,11.670833333333334,,0.0,791.6625,44.51458333333333,11.333333333333334
2023-10-20,6102.791666666667,0.009053190423065679,110.47199105930923,2596.437530763583,0.05887453348687376,2549.788233996132,0.06405893961588542,3.389997798467136e-06,790.6020833333333,0.09795833333333333,0.0933125,0.16502083333333334,,0.11078104608847567,0.01709885449843933,0.008795123976431268,11.197826086956523,11.585416666666667,11.810416666666667,,0.0,790.6020833333333,36.99166666666667,11.43125
2023-10-21,6379.104166666667,0.008854276996379414,112.94808208847104,2588.8295547394637,0.06045983940828565,2548.608356377363,0.06427383422851562,2.9222922590171413e-06,785.9729166666666,0.09435416666666667,0.09431250000000001,0.1651041666666667,,0.10956350253340727,0.015679092628883125,0.008064842210427796,11.056521739130435,11.491666666666667,11.789583333333333,,0.0,785.9729166666666,30.931250000000002,11.5625
2023-10-22,6555.833333333333,0.008734310448231648,114.50112179150956,2581.6844827317614,0.06187398394078761,2538.9835317850675,0.06584930419921875,3.1155851283911112e-06,782.5729166666666,0.09054166666666667,0.09527083333333335,0.16535416666666666,,0.10827598782969597,0.014177738303435952,0.007292591798795576,11.302127659574468,11.6,11.847916666666668,,0.0,782.5729166666666,32.052083333333336,11.779166666666667
2023-10-23,6756.604166666667,0.008602921844700446,116.24407535815253,2627.93075215393,0.05266089904933353,2583.828843341446,0.058574676513671875,3.1605545001824344e-06,779.2895833333333,0.08558333333333333,0.09560416666666667,0.16539583333333333,,0.10622458957389061,0.011785629199213435,0.00606216457112911,11.23191489361702,11.5375,11.84375,,0.0,779.2895833333333,32.21041666666667,11.572916666666666
2023-10-24,6768.3125,0.008595720934962315,116.34365174917303,2634.3894315786847,0.05147217366987531,2589.5961322625653,0.057726542154947914,3.20342183409059e-06,780.2375000000001,0.080125,0.09527083333333335,0.16497916666666668,,0.10362448610391632,0.008753682006685358,0.004502624342822525,10.512500000000001,11.1,11.722916666666668,,0.0,780.2375000000001,35.58958333333333,9.981250000000001
2023-10-25,6704.5,0.008636595561559659,115.7936154049914,2628.4966009139216,0.05260948474449357,2580.620202465911,0.05912653605143229,3.436222941437589e-06,781.96875,0.075375,0.09416666666666666,0.16391666666666668,,0.10092950147599317,0.005611095117011025,0.0028861744628661786,9.440425531914894,10.09375,11.139583333333334,,0.0,781.96875,41.33541666666667,8.785416666666666
2023-10-26,6830.625,0.008556252792884399,116.87876348332128,2630.8876604163866,0.052148675058946437,2581.046318625387,0.059040069580078125,3.575199903717466e-06,779.9375,0.07166666666666667,0.09427083333333335,0.163625,,0.09927557739511886,0.0036824755326100135,0.001894151965117662,9.372916666666667,10.104166666666666,11.018749999999999,,0.0,779.9375,42.12291666666667,8.816666666666666
2023-10-27,6494.4375,0.008774892350031606,113.96633483309893,2590.937862921369,0.060003541145435914,2524.600653539881,0.06827799479166667,4.866395771805746e-06,784.5,0.06729166666666667,0.09225,0.16229166666666667,,0.09636967490092382,0.00029394003362769955,0.00015119369766132326,7.383333333333333,8.597916666666666,10.314583333333333,,3.1299,784.5,87.86458333333333,2.439583333333333
2023-10-28,6406.458333333333,0.008837989089704646,113.17875751756385,2514.3161337005854,0.07758526774847062,2444.452373745995,0.08415857950846355,5.3075343849113225e-06,781.225,0.06656250000000001,0.09202083333333333,0.16141666666666668,,0.09578214102823798,0.0003911756536424695,0.0002012087049843647,7.154166666666666,8.4,9.935416666666667,,6.4993997,781.225,84.51041666666667,4.033333333333333
2023-10-29,5792.625,0.009292583333022146,107.62739426777192,2354.7317839193333,0.11869155666046988,2303.5905958449825,0.1149279276529948,4.110236553735462e-06,784.5145833333332,0.08879166666666666,0.08879166666666666,0.15904166666666666,,0.10390783189658676,0.009084087888805987,0.004672574949517161,3.30625,5.395833333333333,8.481250000000001,,16.475399,784.5145833333332,92.89791666666667,-1.34375
2023-10-30,5623.395833333333,0.009430459317603957,106.04706050447271,2376.2886932414845,0.1123357537504392,2345.1510631909846,0.10465240478515625,2.4556381423454335e-06,791.0270833333334,0.09389583333333333,0.08720833333333333,0.15639583333333332,,0.10503033359880692,0.01039302267696197,0.00534585067918352,0.9812500000000001,3.2291666666666665,6.9750000000000005,,0.0,791.0270833333334,75.53541666666666,-5.247916666666667
2023-10-31,5633.020833333333,0.009422204468515627,106.13849530169803,2401.3433460096517,0.10495752593513387,2371.431253000355,0.0984026590983073,2.3352452701631637e-06,792.3395833333334,0.09302083333333333,0.08679166666666666,0.15408333333333332,,0.1040046120563659,0.009196941987546019,0.004730623621125986,0.44375000000000003,2.152083333333333,5.683333333333334,,0.0,792.3395833333334,64.76875,-3.2854166666666664
2023-11-01,5666.75,0.009394092217124481,106.45590302581671,2391.831016556816,0.10755126538581668,2355.947552467352,0.10190455118815105,2.8212923374647717e-06,790.5145833333332,0.1026875,0.08779166666666666,0.1530625,,0.10837269004565894,0.014290501512895104,0.0073505937197584125,1.304255319148936,2.4541666666666666,5.1875,,0.0,790.5145833333332,61.05833333333334,0.4416666666666667
2023-11-02,5801.958333333333,0.00928391170650884,107.71872281509569,2428.623667110636,0.09760412385694843,2391.6513541842874,0.09398905436197917,2.864325826481413e-06,788.9791666666666,0.10741666666666666,0.08972916666666665,0.15341666666666667,,0.11119447075889655,0.01758094368576572,0.009043095802299462,2.7914893617021272,3.4958333333333336,5.408333333333334,,0.0,788.9791666666666,52.14166666666667,3.1645833333333333
2023-11-03,5844.104166666667,0.009250240196818525,108.10977555413946,2420.0613332058488,0.09976953576036339,2381.1281661348235,0.09617996215820312,3.028366359201299e-06,788.9895833333334,0.11089583333333335,0.09291666666666666,0.15529166666666666,,0.1142275339944186,0.021117759688627384,0.010862324992759772,5.0062500000000005,5.316666666666666,6.2250000000000005,,0.0,788.9895833333334,45.07083333333333,5.920833333333333
2023-11-04,5814.75,0.009273781686617797,107.83706516515853,2429.8592105752614,0.0971832896489752,2385.148899643987,0.0953203837076823,3.4719917099330113e-06,790.38125,0.10954166666666666,0.09431250000000001,0.15608333333333332,,0.11428667076108587,0.02118671831113705,0.010897795183717406,5.15625,5.5874999999999995,6.6000000000000005,,0.0,790.38125,51.22083333333333,6.0062500000000005
2023-11-05,5990.1875,0.009137016397681087,109.451566029214,2449.645972717976,0.09212747015384619,2409.0562861184703,0.0902544657389323,3.12139189188311e-06,786.9979166666667,0.10808333333333332,0.09591666666666666,0.1570625,,0.11441253369899108,0.021333485463149206,0.010973287685143888,5.758333333333333,6.14375,6.916666666666667,,0.0,786.9979166666667,42.87708333333333,7.1312500000000005
2023-11-06,6078.354166666667,0.009070267014632033,110.2550808363862,2452.656403922188,0.09122487532240559,2416.554609537438,0.08857091267903645,2.767494663051372e-06,782.7312499999999,0.10631249999999999,0.09747916666666667,0.15810416666666668,,0.11440030314109995,0.021319223567001878,0.01096595180514291,6.9312499999999995,7.039583333333333,7.397916666666667,,0.0,782.7312499999999,30.166666666666668,9.945833333333333
2023-11-07,6235.958333333333,0.008955211147310406,111.67409084807593,2467.478776111409,0.08754990415044527,2433.4154632670065,0.08515421549479167,2.5926947802694923e-06,779.7854166666666,0.10379166666666667,0.09831250000000001,0.15883333333333335,,0.11373942126615899,0.020548577718304272,0.010569555322452436,7.360416666666667,7.414583333333333,7.73125,,0.0,779.7854166666666,24.977083333333336,11.810416666666667
2023-11-08,6115.0,0.009046294925612089,110.57373198319893,2468.832513901525,0.08733548265944481,2419.5288699612124,0.08816909790039062,3.7821172201507477e-06,781.4979166666667,0.09939583333333334,0.09841666666666667,0.15972916666666667,,0.11203934606141838,0.018566141902336204,0.009549851413143877,6.289583333333333,7.197916666666667,8.058333333333334,,0.0,781.4979166666667,66.01875,3.5979166666666664
2023-11-09,5842.75,0.009251950604036677,108.0947522950773,2465.6470076980904,0.08814139286083679,2423.3440212963924,0.08729807535807292,3.2327800373275744e-06,788.1374999999999,0.08950000000000001,0.09389583333333333,0.15672916666666667,,0.1054872224770963,0.010925794917691476,0.005619892306290458,1.8936170212765957,3.5895833333333336,6.302083333333333,,0.74979997,788.1374999999999,77.05624999999999,-1.4895833333333333
2023-11-10,6000.833333333333,0.009129137853211107,109.54787432077894,2507.212270878232,0.07810003258886669,2478.6379348672504,0.07645924886067708,2.1352729607546397e-06,787.3041666666667,0.08424999999999999,0.09252083333333333,0.15502083333333333,,0.10234015541241966,0.00725604051690285,0.0037322836994720227,0.6020833333333334,2.339583333333333,5.172916666666667,,0.0,787.3041666666667,54.55416666666667,-2.0145833333333334
2023-11-11,6051.375,0.00909081488330419,110.0087033397749,2532.0738313369043,0.07243789219535401,2503.9856256205035,0.07184473673502605,2.0780056376986424e-06,787.63125,0.085,0.09229166666666666,0.15385416666666665,,0.10233891674459684,0.007254596122296552,0.003731540747385119,1.0,2.2041666666666666,4.547916666666667,,0.0,787.63125,45.114583333333336,0.1583333333333333
2023-11-12,5887.083333333333,0.009217160701268436,108.50363288081637,2541.6756052096966,0.07034804711115719,2514.202923786636,0.0700518290201823,2.023193137872803e-06,791.0895833333334,0.08535416666666666,0.09264583333333333,0.1536875,,0.10258101219811168,0.007536900514827274,0.003876749429734304,1.4936170212765958,2.5708333333333333,4.495833333333333,,0.0,791.0895833333334,40.74166666666667,1.6041666666666667
2023-11-13,5872.979166666667,0.009227698052814861,108.37565613058985,2561.577874564107,0.06610091308086591,2534.188557956512,0.06666183471679688,2.000930612614458e-06,790.99375,0.08591666666666666,0.09318749999999999,0.1539375,,0.10306906060631794,0.008106007482363998,0.004169480520918991,2.2104166666666667,3.0104166666666665,4.579166666666667,,0.0,790.99375,34.91041666666667,3.6833333333333336
2023-11-14,5984.666666666667,0.009141114690190204,109.40158143288907,2571.6100162240305,0.0639314723847667,2542.4002372085706,0.06525675455729167,2.129076253707504e-06,788.6875,0.08710416666666666,0.09402083333333333,0.1544375,,0.10398607591861266,0.009175327235875462,0.004719505658768937,3.19375,3.735416666666667,4.852083333333334,,0.0,788.6875,33.6875,4.491666666666666
2023-11-15,5971.229166666667,0.009151495474503061,109.27829114884436,2552.4459150127395,0.06795406646181835,2515.8207946306707,0.06973012288411458,2.6962665074804202e-06,788.8645833333334,0.08560416666666666,0.09420833333333334,0.15483333333333335,,0.10347793311059911,0.00858278844734208,0.004414721960745706,3.3791666666666664,4.0125,5.095833333333333,,0.0,788.8645833333334,44.39166666666667,3.8833333333333333
2023-11-16,6079.875,0.009070717191403975,110.26249559978078,2519.254139684975,0.07547964487338123,2462.7743166854575,0.0798784891764323,4.281876880630061e-06,784.81875,0.0845,0.09502083333333333,0.15552083333333333,,0.10342250689621757,0.008518156652097321,0.004381477356433244,4.189583333333333,4.689583333333333,5.420833333333333,,1.0408,784.81875,67.22708333333334,3.875
2023-11-17,5861.333333333333,0.009236858475864508,108.2681425011636,2455.0730314025523,0.09096133282310624,2386.3881219015784,0.09529368082682292,5.328903810736424e-06,786.4416666666666,0.0831875,0.09420833333333334,0.15533333333333332,,0.10252509345028887,0.00747169438267565,0.00384320940421099,4.020833333333333,4.316666666666666,5.204166666666667,,3.5121999,786.4416666666666,86.69375000000001,3.9458333333333333
2023-11-18,6069.791666666667,0.009078340303578078,110.17059891120034,2494.4403314767164,0.08114088403598975,2445.5802025885973,0.0828412373860677,3.7020242651260446e-06,785.36875,0.08043750000000001,0.09370833333333334,0.15558333333333332,,0.10119918093952851,0.005925564868615391,0.003047928014979882,2.3249999999999997,3.704166666666667,5.295833333333333,,0.0,785.36875,68.71041666666666,1.7708333333333333
2023-11-19,6200.041666666667,0.00898139249692433,111.3508752451322,2457.527612970648,0.09029442603161758,2391.7692246249844,0.09412129720052083,5.094364942713523e-06,779.1395833333332,0.08158333333333333,0.09360416666666667,0.15479166666666666,,0.10149557752577865,0.006271189113163203,0.003225706478463261,3.341666666666667,3.7145833333333336,4.779166666666667,,4.6994,779.1395833333332,93.00833333333333,1.8416666666666668
2023-11-20,5962.208333333333,0.00916225398464888,109.18046889868457,2410.6842946961824,0.10247675849826181,2349.815183444868,0.10348892211914062,4.796812493395837e-06,783.3312500000001,0.08639583333333334,0.09377083333333334,0.15522916666666667,,0.10375910268501468,0.008910656669364038,0.004583367273265232,3.1666666666666665,3.8520833333333333,5.0125,,2.6,783.3312500000001,91.24374999999999,1.2520833333333334
2023-11-21,5519.5,0.009519338220252903,105.06086558020542,2416.3396303620057,0.10099112608593298,2369.331929832,0.09901936848958333,3.674759238438415e-06,794.9645833333334,0.08585416666666666,0.09289583333333333,0.1545,,0.10306174855917112,0.008097480998293476,0.0041650947601950695,1.8170212765957447,2.9604166666666667,4.616666666666666,,0.72789997,794.9645833333334,75.60416666666667,0.5375
2023-11-22,5690.708333333333,0.00937599106802858,106.67421005395062,2418.938389512427,0.1003319783108609,2377.50877433071,0.09719467163085938,3.225416688420524e-06,792.5645833333333,0.0816875,0.09200000000000001,0.15372916666666667,,0.1007575778349688,0.005410617171901334,0.0027830547841800504,0.85,2.122916666666667,4.072916666666667,,0.0,792.5645833333333,70.21875,-0.0854166666666667
2023-11-23,6159.541666666667,0.009012578566772346,110.97953445628492,2430.6827513532876,0.0970488120962143,2389.944996793793,0.09434127807617188,3.1564784881969873e-06,781.9770833333333,0.08147916666666667,0.09160416666666667,0.15304166666666666,,0.10038125921041202,0.004971796867095447,0.002557339138462649,0.6625,1.8062500000000001,3.6770833333333335,,0.0,781.9770833333333,68.11458333333333,-0.28750000000000003
2023-11-24,6368.229166666667,0.008861981942407973,112.85114958521956,2440.5350387062576,0.094440027886374,2387.525069344566,0.09491475423177083,4.118381048429293e-06,776.5041666666666,0.08497916666666666,0.09177083333333334,0.15297916666666667,,0.10196127388803117,0.0068142316475882005,0.00350503082824232,1.6583333333333332,2.160416666666667,3.533333333333333,,1.0483999,776.5041666666666,77.9375,1.3333333333333333
2023-11-25,6153.708333333333,0.009016694571513167,110.92766010279952,2402.2515802057246,0.10506204739780377,2360.3557690248467,0.10115814208984375,3.2828081078268554e-06,778.1020833333333,0.0849375,0.091875,0.15329166666666666,,0.10204627769362623,0.006913353491278023,0.0035560160509134644,1.08125,2.1645833333333333,3.7104166666666667,,3.4434,778.1020833333333,89.88541666666667,-4.427083333333333
2023-11-26,5769.333333333333,0.009310291100304144,107.41479584264401,2401.067086071826,0.10501492286639684,2374.3182907768364,0.0977338155110677,2.085783641185489e-06,786.5208333333334,0.06952083333333334,0.08925,0.15114583333333334,,0.09391142797428884,0.0025725900694321723,0.00132326107595436,-1.4291666666666665,0.31666666666666665,2.735416666666667,,0.5855,786.5208333333334,77.28333333333333,-7.872916666666666
2023-11-27,5733.5625,0.00933935853193523,107.08102609772664,2410.4775182342873,0.10244374411489238,2386.670516410247,0.09502792358398438,1.8476349828244779e-06,788.71875,0.06125,0.08595833333333334,0.1488125,,0.08864112494361723,0.0087182226037309,0.004484385118367859,-4.233333333333333,-2.0833333333333335,1.4270833333333333,,0.0,788.71875,69.1875,-7.720833333333334
2023-11-28,5600.291666666667,0.009449833526572788,105.82919206705422,2418.609794568841,0.10024374751288602,2394.1491340213774,0.09339396158854167,1.8919725428335276e-06,791.4833333333332,0.06091666666666667,0.08466666666666667,0.14733333333333332,,0.08772962720182843,0.00978110838928756,0.005031100821318055,-4.183333333333334,-2.5395833333333333,0.6041666666666666,,0.0,791.4833333333332,60.32083333333333,-5.320833333333334
2023-11-29,5882.1875,0.00922249430843892,108.4526074141791,2411.4902372023776,0.10213580154123515,2387.4461187950847,0.09482192993164062,1.865233437327754e-06,785.1125000000001,0.06139583333333334,0.08441666666666665,0.14666666666666664,,0.08770992696296867,0.009804080584276238,0.0050429170106981456,-3.9770833333333333,-2.56875,0.24583333333333335,,0.0,785.1125000000001,56.61875,-4.6125
2023-11-30,6307.854166666667,0.008904034366170871,112.31599401236797,2430.9290215582837,0.09682671420767149,2404.019360283732,0.0911865234375,2.0745483097600414e-06,776.1895833333333,0.064375,0.08610416666666666,0.14654166666666665,,0.08957419963728677,0.007630176212285429,0.003924727574890604,-2.8979166666666667,-1.925,0.24583333333333335,,0.0,776.1895833333333,52.35208333333333,-2.8083333333333336
2023-12-01,6194.625,0.008985203063377105,111.30271560565477,2391.216482336211,0.10796641397710148,2344.994391622617,0.1046740214029948,3.6498168538973215e-06,774.61875,0.07404347826086956,0.08930434782608695,0.14769565217391303,,0.09517236166885906,0.0011022315166419406,0.0005669539348662542,-0.38913043478260867,-0.10869565217391304,0.8913043478260869,,2.3539999,774.61875,90.08541666666667,-2.4833333333333334
2023-12-02,5683.3125,0.00938412055063755,106.59712887172371,2272.764558095769,0.14698467397378995,2234.162030433556,0.13518524169921875,3.196570962892498e-06,777.9250000000001,0.07581249999999999,0.08933333333333333,0.14841666666666667,,0.09611377978617919,4.455966258921459e-06,2.2920117652083613e-06,-0.19375,0.2708333333333333,1.3458333333333332,,6.7468,777.9250000000001,89.53541666666666,-4.25
2023-12-03,5456.979166666667,0.009574929677685593,104.45982943837895,2177.630594915325,0.18388466464154118,2137.1728429149493,0.16678365071614584,3.5099502539893583e-06,780.2895833333333,0.0769375,0.08897916666666666,0.14897916666666666,,0.09660591353888784,0.0005694148689229019,0.0002928894661719816,-0.0625,0.4083333333333334,1.4770833333333335,,2.6183,780.2895833333333,88.08749999999999,-2.8479166666666664
2023-12-04,5085.895833333333,0.009916626095347924,100.850460038265,2135.470812487638,0.20301672893434405,2085.9926458103027,0.1865234375,4.39288520644384e-06,787.4375,0.07954166666666666,0.08958333333333333,0.149,,0.09796215605366801,0.002150911810317938,0.0011063627704325542,0.07708333333333334,0.5458333333333333,1.6229166666666668,,3.2059999,787.4375,88.02916666666665,0.6104166666666667
2023-12-05,4935.479166666667,0.010066434052203433,99.34847253243298,2152.7390545612366,0.19517485521352007,2110.464171511495,0.17684173583984375,3.707180128000129e-06,793.275,0.10027083333333332,0.090125,0.149,,0.1072454993152342,0.012976098909298416,0.006674505514280551,0.17500000000000002,0.6729166666666666,1.7020833333333334,,0.0,793.275,76.99583333333334,0.4166666666666666
2023-12-06,5069.395833333333,0.009934163524373719,100.68189218339245,2174.568114366092,0.1852423238289744,2135.2643162724066,0.16738001505533853,3.4074068604710444e-06,792.2583333333333,0.11579166666666667,0.09089583333333333,0.149,,0.11432273485357422,0.02122877218523623,0.010919426400967968,0.05000000000000001,0.6270833333333333,1.7333333333333334,,0.0,792.2583333333333,72.42083333333333,0.16250000000000006
2023-12-07,5541.125,0.009501765974568704,105.26269994491814,2196.10438386376,0.17553135293513603,2159.178703508714,0.15844599405924478,3.1665245701780773e-06,781.44375,0.10864583333333333,0.09164583333333333,0.149,,0.11144667798378435,0.017875039284754115,0.009194369517989706,-0.11666666666666665,0.5187499999999999,1.6770833333333333,,0.0,781.44375,62.77708333333334,1.1208333333333333
2023-12-08,5648.479166666667,0.009409378014942904,106.28375214592967,2175.0449892828997,0.184961630652844,2134.3408890858514,0.1676915486653646,3.531522453930249e-06,777.46875,0.11645833333333333,0.09247916666666667,0.149,,0.11516314037912267,0.022208758252404898,0.011423501042734787,0.06458333333333334,0.5541666666666666,1.6645833333333335,,2.1571,777.46875,87.44166666666666,-2.3541666666666665
2023-12-09,5238.104166666667,0.009774111726907514,102.33921754997567,2136.793738329648,0.20261056062752672,2107.77164067753,0.1777928670247396,2.5491581327302413e-06,785.9270833333334,0.11829166666666667,0.09291666666666666,0.149,,0.1161189891606847,0.023323361214635092,0.011996818468074997,-0.04583333333333334,0.5583333333333333,1.6666666666666667,,3.9975,785.9270833333334,86.46875,-6.925
2023-12-10,5021.5,0.009980107370973875,100.20959643359195,2142.4286124566624,0.1998665590585872,2120.4736067037184,0.17277399698893228,1.915596680069646e-06,792.025,0.09077083333333334,0.09285416666666667,0.149,,0.1040212813539729,0.009216379840948629,0.004740621854079384,-0.7729166666666667,0.14166666666666666,1.4875,,0.0,792.025,79.10416666666667,-9.59375
2023-12-11,5188.083333333333,0.009818286960610956,101.8592388381824,2151.180969078781,0.19582737650357418,2119.4519341669215,0.17330551147460938,2.7723283198846218e-06,787.0854166666667,0.07945833333333334,0.09225,0.148375,,0.09871383869380514,0.003027439262688283,0.0015572214880762581,-0.7708333333333334,-0.14583333333333334,1.2166666666666666,,0.0,787.0854166666667,68.47291666666666,-2.4791666666666665
2023-12-12,5301.833333333333,0.00971181370976539,102.97186543094067,2150.108394203236,0.19616465450984086,2114.5629641692067,0.17506535847981772,3.112519182891122e-06,783.8916666666668,0.07860416666666666,0.091625,0.148,,0.09804207504616719,0.0022441043188991265,0.0011542981257934059,-1.1895833333333334,-0.3979166666666667,1.0687499999999999,,0.0,783.8916666666668,76.27916666666667,-2.222916666666667
2023-12-13,5195.270833333333,0.00981165549099596,101.92920170989252,2139.9503333415787,0.20114722145758077,2101.9452753354585,0.18020248413085938,3.3482096402578082e-06,785.8541666666666,0.08072916666666667,0.09195833333333332,0.148,,0.0990898622008807,0.0034659154347975395,0.001782760122536474,-0.7562500000000001,-0.27291666666666664,0.9770833333333333,,0.0,785.8541666666666,67.12083333333334,0.5729166666666666
2023-12-14,5150.895833333333,0.00985338182451069,101.49448007856951,2137.434924634875,0.2022981601573838,2097.5546325635864,0.1819279988606771,3.5210097073333227e-06,786.2041666666668,0.0839375,0.092125,0.14808333333333332,,0.1005732741255177,0.005195702988332972,0.0026725095491790876,-0.725,-0.12708333333333333,1.0520833333333333,,0.0,786.2041666666668,74.97500000000001,-0.29374999999999996
2023-12-15,4975.583333333333,0.010025955805550091,99.7507158708476,2143.642973595291,0.19932927862307673,2108.31566569315,0.17755254109700522,3.1001872624449766e-06,791.3625000000001,0.07552083333333333,0.09058333333333334,0.14779166666666665,,0.09628384347189063,0.00019385310889834102,9.971206703543551e-05,-1.9083333333333332,-0.9583333333333334,0.7625000000000001,,0.0,791.3625000000001,76.60833333333333,-2.11875
2023-12-16,4934.145833333333,0.010068136814562456,99.33391025018572,2132.4196163961524,0.20474598984581271,2106.3299194860742,0.1783905029296875,2.2943734667840583e-06,792.5479166666668,0.06979166666666667,0.08785416666666666,0.14695833333333333,,0.0926462226108313,0.0040479297603347305,0.0020821303610296924,-3.002083333333333,-1.8729166666666668,0.2041666666666667,,0.0,792.5479166666668,59.85,-2.8187499999999996
2023-12-17,5048.5625,0.009952891184039036,100.48074615496165,2142.4328536410785,0.20020313679260457,2116.0843902835536,0.1747894287109375,2.305946675132359e-06,790.5145833333332,0.06754166666666667,0.08604166666666667,0.14577083333333332,,0.09077623402761648,0.006228499380125214,0.003203748194963969,-3.46875,-2.3958333333333335,-0.28125,,0.0,790.5145833333332,56.69166666666666,-1.7166666666666668
2023-12-18,4983.979166666667,0.010018222777811715,99.83245358500234,2141.1850441597594,0.2004267452873724,2118.4826266905975,0.17353312174479166,1.9834278228458685e-06,789.7312499999999,0.066875,0.08533333333333333,0.14552083333333332,,0.09018480660366598,0.0069181552874143706,0.0035584859469133734,-3.6750000000000003,-2.6437500000000003,-0.5791666666666667,,0.0,789.7312499999999,49.44583333333333,-2.314583333333333
2023-12-19,5255.916666666667,0.009754688422094726,102.52309186816863,2148.31306625249,0.19732425873854642,2123.5068993858076,0.1718419392903646,2.1625979579816544e-06,784.0375,0.06672916666666666,0.0850625,0.14504166666666665,,0.08992399451049964,0.007222284912556136,0.003714920856530947,-3.5812500000000003,-2.689583333333333,-0.78125,,0.0,784.0375,51.020833333333336,-1.7229166666666667
2023-12-20,5287.25,0.009725074993821494,102.83057723845234,2156.4170407178663,0.19300411495960476,2122.1852501100198,0.17194366455078125,2.9865705157490768e-06,783.9895833333334,0.07114583333333334,0.08835416666666666,0.14504166666666665,,0.0930010186388962,0.0036342066782982566,0.0018693239535154257,-2.060416666666667,-1.73125,-0.5750000000000001,,0.0,783.9895833333334,57.10208333333333,1.3666666666666665
2023-12-21,5172.0625,0.009833443871433345,101.70198513341091,2184.5906727544047,0.180619914598116,2139.3969298430507,0.1656672159830729,3.910312360182069e-06,787.1270833333333,0.09197916666666667,0.09177083333333334,0.14658333333333332,,0.10365662401447913,0.008791157610571839,0.004521900638921969,-0.23958333333333334,-0.2854166666666667,0.15208333333333335,,0.0,787.1270833333333,67.24374999999999,2.829166666666667
2023-12-22,5224.333333333333,0.009785559386916899,102.20958909514259,2214.598600200813,0.16833566742304631,2174.2978919191382,0.15361531575520834,3.432892838143356e-06,787.4270833333334,0.14541666666666667,0.09339583333333333,0.1478958333333333,,0.1279495924763796,0.037118875479030596,0.019092805996658208,-0.7354166666666666,-0.19791666666666666,0.5625,,0.0,787.4270833333334,76.15416666666667,-0.7583333333333333
2023-12-23,5558.041666666667,0.009485450652221545,105.43008928569377,2193.5269243516645,0.17714674003350495,2148.1239923017074,0.1629486083984375,3.921033498293711e-06,778.0958333333333,0.12133333333333333,0.09460416666666667,0.148,,0.11782240705962155,0.025309694903284316,0.01301852732300598,-0.29583333333333334,-0.027083333333333334,0.6625,,0.0,778.0958333333333,83.07708333333333,-0.4145833333333333
2023-12-24,5509.875,0.009527295911349432,104.97052343870403,2174.354214369413,0.18503678702766713,2137.0586039849463,0.16651153564453125,3.234063188630253e-06,779.9812499999999,0.1333541666666667,0.095625,0.148,,0.123450356652817,0.031872374491165194,0.016394167521492694,-0.07291666666666667,0.16874999999999998,0.78125,,3.27,779.9812499999999,88.39166666666667,-4.247916666666667
2023-12-25,5452.4375,0.00957707652583162,104.42293786336926,2185.6964543199533,0.18004060500650357,2165.586698106987,0.15623601277669272,1.7187224638339948e-06,784.1666666666666,0.07972916666666667,0.08983333333333333,0.1469375,,0.09768713500456,0.0018302133045244738,0.0009414053390580008,-3.0500000000000003,-1.6375,0.24791666666666667,,0.0,784.1666666666666,74.99374999999999,-10.125
2023-12-26,5472.916666666667,0.009559067191351961,104.6191305907875,2190.2577545226127,0.17811167692713048,2171.942393789381,0.1540807088216146,1.561302126765237e-06,784.49375,0.06329166666666666,0.08060416666666666,0.14377083333333332,,0.08659947642598198,0.01109896266375417,0.005708964459953125,-5.560416666666666,-4.060416666666667,-1.2874999999999999,,0.0,784.49375,68.12291666666667,-10.120833333333334
2023-12-27,5345.9375,0.009672111087301346,103.39769663198312,2185.982993813302,0.18000545066166165,2164.864790528474,0.15654500325520834,1.8053733705553123e-06,787.3770833333333,0.06283333333333334,0.07941666666666668,0.14247916666666666,,0.08570951891501334,0.01213673066337817,0.0062427603476425154,-5.64375,-4.439583333333333,-2.0124999999999997,,0.0,787.3770833333333,65.34791666666666,-7.452083333333333
2023-12-28,5182.333333333333,0.00982360754418869,101.80319798941666,2180.467182994263,0.1826922394723407,2159.249941288093,0.1587397257486979,1.8188780314152815e-06,789.3770833333333,0.0618125,0.07839583333333333,0.14120833333333332,,0.08463489139936713,0.013389839978719835,0.006887321173951482,-6.291666666666667,-5.04375,-2.527083333333333,,0.0,789.3770833333333,66.69375,-7.522916666666667
2023-12-29,5060.479166666667,0.009941009393144068,100.59978222838954,2161.7816820581907,0.19072769358195238,2140.1632350767245,0.16535186767578125,1.8704720318120274e-06,791.3416666666667,0.06172916666666667,0.07785416666666667,0.13977083333333334,,0.08410157790598097,0.014011729979514878,0.0072072022313167325,-6.354166666666667,-5.266666666666667,-2.9333333333333336,,0.0,791.3416666666667,63.44583333333333,-6.222916666666666
2023-12-30,5174.520833333333,0.009831069688334864,101.72626697339847,2165.7721621940454,0.18885039849483676,2143.815543838858,0.16397603352864584,1.8968218368408068e-06,788.4208333333332,0.06241666666666667,0.07816666666666666,0.13895833333333335,,0.08433655326185616,0.013737728241204781,0.00706626417851238,-6.177083333333333,-5.2,-3.0812500000000003,,0.0,788.4208333333332,58.35833333333333,-4.9624999999999995
2023-12-31,5355.125,0.009663373367364012,103.48806633006056,2175.566917342979,0.18443422855634095,2149.3764424435335,0.16197967529296875,2.258490454270328e-06,784.2312499999999,0.06770833333333333,0.08222916666666667,0.13983333333333334,,0.0882525330707395,0.009171354585444876,0.004717462249775942,-4.054166666666666,-3.7416666666666667,-2.7062500000000003,,0.0,784.2312499999999,54.31666666666666,-1.9520833333333334
2024-01-01,5299.729166666667,0.009714177074983095,102.94988184911885,2173.4686454596026,0.18543016889804018,2143.9694226087963,0.16395060221354166,2.547812872195198e-06,786.40625,0.06833333333333333,0.08302083333333334,0.141125,,0.08907865513479497,0.008208024278892405,0.004221954818143264,-4.3,-3.6166666666666667,-2.310416666666667,,0.0,786.40625,68.38125000000001,-3.202083333333333
2024-01-02,5384.645833333333,0.00963711109006793,103.77196757173469,2190.641533952855,0.17790025426195308,2164.4243864791333,0.15664164225260416,2.2426571981888016e-06,786.7541666666666,0.06922916666666666,0.08360416666666666,0.14154166666666665,,0.08976324999348903,0.007409727025030763,0.003811335304514523,-4.222916666666666,-3.545833333333333,-2.279166666666667,,0.0,786.7541666666666,61.012499999999996,-3.360416666666667
2024-01-03,5517.1875,0.009521213567573098,105.03927480151269,2210.9704574982916,0.16923132797964216,2187.4927311407832,0.14870325724283853,1.987127027769058e-06,784.2791666666667,0.06635416666666667,0.08175,0.14081249999999998,,0.08770321772290393,0.00981190414276658,0.005046941208159191,-5.152083333333334,-4.233333333333333,-2.5437499999999997,,0.0,784.2791666666667,60.12916666666666,-4.927083333333333
2024-01-04,5668.166666666667,0.009392903583276076,106.46926331702637,2192.977981948745,0.17691219938183067,2165.8550281711236,0.156219482421875,2.3223156921097614e-06,777.3625000000001,0.06960416666666668,0.0835625,0.14077083333333332,,0.0897475160465022,0.007428074178113315,0.003820772514825327,-3.5437499999999997,-3.36875,-2.525,,0.0,777.3625000000001,55.8375,-2.2604166666666665
2024-01-05,5616.583333333333,0.009435760144156187,105.98435372616642,2175.684030171197,0.18421150726290722,2145.328415216643,0.16327667236328125,2.6208732656587342e-06,778.1979166666666,0.07552083333333333,0.08816666666666667,0.14281249999999998,,0.09437621446145292,0.0020306085286375436,0.001044482468611916,-2.254166666666667,-2.0791666666666666,-1.7166666666666668,,0.0,778.1979166666666,70.03541666666666,-3.704166666666667
2024-01-06,5649.3125,0.009408732423726154,106.29142677898267,2183.270782516301,0.18106172023294734,2155.8110897565307,0.15963363647460938,2.3581601944035955e-06,778.75,0.07066666666666667,0.08577083333333334,0.14264583333333333,,0.09138133465366423,0.005522899327847061,0.0028408092660357673,-3.439583333333333,-2.8645833333333335,-1.7750000000000001,,0.9583,778.75,74.69375000000001,-5.8875
2024-01-07,5989.5625,0.00913917839455537,109.43912667438424,2179.068969930254,0.18290108980210792,2155.951518003991,0.15958786010742188,1.9855401079028607e-06,771.025,0.06691666666666667,0.08308333333333333,0.14183333333333334,,0.08863106835487519,0.008729949462432844,0.004490417053205782,-4.558333333333334,-3.7708333333333335,-2.245833333333333,,0.0,771.025,65.35000000000001,-6.733333333333333
2024-01-08,5956.020833333333,0.009165863731225165,109.1284024006596,2181.305402004703,0.18182237395409936,2152.474766097963,0.16076787312825522,2.480632165866832e-06,771.6020833333333,0.06716666666666667,0.08347916666666667,0.14127083333333332,,0.08875669930967679,0.008583452822932148,0.004415063695081307,-4.102083333333334,-3.5083333333333333,-2.3270833333333334,,1.0871,771.6020833333333,82.97083333333333,-6.76875
2024-01-09,5563.9375,0.009481236812249287,105.48296949827254,2180.357594739676,0.18235938837491858,2163.827673967869,0.15684000651041666,1.4140994059137688e-06,781.0020833333333,0.06025,0.07760416666666667,0.139125,,0.08322704815061294,0.015031507871891055,0.007731744562072919,-6.9875,-5.6125,-3.110416666666667,,0.0,781.0020833333333,70.02083333333333,-11.983333333333334
2024-01-10,5845.020833333333,0.009250315965578576,108.11513375086533,2154.9297576868616,0.19396032414744516,2130.9561615193693,0.16884485880533853,2.0842419521137087e-06,771.8249999999999,0.06325,0.07939583333333333,0.1378541666666667,,0.08488995009641478,0.01309241931474481,0.006734337147269951,-5.208333333333333,-4.720833333333333,-3.4166666666666665,,1.6741999,771.8249999999999,77.28125,-7.927083333333333
2024-01-11,5979.9375,0.009146177444259695,109.35259280134414,2144.984043338091,0.1989753042468239,2119.381025676156,0.17351659138997397,2.2381880241850494e-06,767.0500000000001,0.06479166666666668,0.081,0.139,,0.08636806923279397,0.011368803613477653,0.005847762331293137,-4.3875,-4.035416666666666,-3.060416666666667,,3.6193,767.0500000000001,76.62083333333334,-7.129166666666666
2024-01-12,5608.0625,0.009443506313535762,105.90175837492176,2110.1881517943507,0.21604990518161463,2092.206562760163,0.1841557820638021,1.5916482353228518e-06,773.65,0.06420833333333333,0.0808125,0.13910416666666667,,0.08606963831497119,0.011716800065890102,0.006026760985419653,-4.654166666666667,-4.085416666666666,-2.9291666666666667,,0.9747,773.65,77.16041666666666,-11.610416666666666
2024-01-13,5648.395833333333,0.00940933463897108,106.28338868463915,2120.888250641194,0.21041944471819865,2099.8289373413963,0.18099085489908853,1.8600870923907655e-06,772.5666666666666,0.06504166666666666,0.08139583333333333,0.139,,0.08661473709779956,0.01108116739075534,0.0056998111197551935,-4.189583333333333,-3.904166666666667,-2.970833333333333,,0.958,772.5666666666666,50.15208333333334,-3.65
2024-01-14,5414.520833333333,0.009611771803424034,104.0548270403652,2043.0206233750148,0.25617134463412655,2004.6568312877596,0.22692743937174478,3.560740171686572e-06,772.6458333333334,0.0674375,0.08379166666666667,0.14047916666666668,,0.08881332509598566,0.008517422222301639,0.004381099588372489,-3.2104166666666667,-3.0833333333333335,-2.560416666666667,,9.7087,772.6458333333334,90.55,-3.016666666666667
2024-01-15,5084.645833333333,0.009918216588054925,100.83682880345528,1964.3516913683204,0.30885220139549957,1931.9309456383614,0.2671368916829427,3.109923974901294e-06,776.1354166666666,0.06964583333333334,0.08595833333333332,0.1418958333333333,,0.09083689245752291,0.006157766365696447,0.0031673653114682077,-2.6520833333333336,-2.5520833333333335,-2.1645833333333333,,6.5487,776.1354166666666,87.08125,-4.708333333333333
2024-01-16,4851.104166666667,0.010153498743139722,98.49593727393152,1950.038679419528,0.3207155313764209,1936.2220555654849,0.2646382649739583,1.3209907805868826e-06,783.2666666666668,0.06916666666666667,0.08570833333333333,0.142,,0.09056254305251535,0.0064776816759485635,0.003331919891184799,-2.8645833333333335,-2.5749999999999997,-1.9854166666666666,,1.1386,783.2666666666668,71.30624999999999,-12.877083333333333
2024-01-17,4927.354166666667,0.01007475695947902,99.26657341974567,1935.641809078905,0.333274050036343,1913.8862408273144,0.2806256612141927,2.118842225765386e-06,779.4916666666667,0.06841666666666667,0.08533333333333333,0.142,,0.09010368514970149,0.007012749970834366,0.003607142537813428,-3.125,-2.7854166666666664,-2.0541666666666667,,0.0,779.4916666666667,80.22500000000001,-9.060416666666667
2024-01-18,4662.4375,0.010357312489407461,96.56031777895483,1868.1699997438393,0.3966041940280716,1830.193408021123,0.34669240315755206,3.843317077244783e-06,781.4041666666667,0.06935416666666668,0.08595833333333332,0.142,,0.0907313240074886,0.006280868376596132,0.003230685193376644,-2.74375,-2.5770833333333334,-2.0083333333333333,,10.5802,781.4041666666667,93.16666666666667,-2.2916666666666665
2024-01-19,4514.229166666667,0.010525451097051627,95.01472934718873,1876.8020339004663,0.38849933326627945,1846.5827342956827,0.3323860168457031,3.0283677894487687e-06,788.0541666666667,0.0709375,0.08722916666666665,0.14279166666666665,,0.09203617613829153,0.0047592971005532775,0.0024480358051971562,-2.2979166666666666,-2.1479166666666667,-1.7375,,0.0109,788.0541666666667,79.26875,-3.420833333333333
2024-01-20,4628.604166666667,0.010395437895440797,96.20824771487077,1868.0302419699208,0.39738823529987527,1835.7957635583614,0.3418846130371094,3.2503712529518e-06,784.2916666666666,0.07197916666666666,0.0878125,0.14295833333333333,,0.09273096816100505,0.003949109064967906,0.00203130003977819,-2.1041666666666665,-1.9729166666666667,-1.53125,,0.0,784.2916666666666,78.42291666666667,-2.1354166666666665
2024-01-21,4822.645833333333,0.01018305785516125,98.20773969544666,1879.9883498022143,0.38446696261917007,1837.820327127626,0.339813232421875,4.2497943294631225e-06,778.7645833333332,0.07575,0.08977083333333334,0.14360416666666667,,0.09520220305589777,0.0010674338592802305,0.0005490550919575933,-1.5125,-1.5729166666666667,-1.3,,0.0056,778.7645833333332,82.125,0.9708333333333333
2024-01-22,4805.875,0.010201081491619876,98.03596565603674,1880.773242571865,0.3848374504751823,1836.1033725740783,0.34282811482747394,4.508476975058187e-06,778.8874999999999,0.0795,0.091875,0.14395833333333333,,0.09765199849783926,0.0017892410762507102,0.0009203304870969362,-0.875,-1.0166666666666668,-0.9104166666666668,,1.2821,778.8874999999999,90.49166666666667,0.5145833333333333
2024-01-23,4759.333333333333,0.010250553120939624,97.56099988944459,1894.3078995129256,0.37025123174467534,1860.300342407071,0.3200785319010417,3.383894331312708e-06,779.24375,0.08268750000000001,0.09381250000000001,0.145,,0.09994523326549536,0.004463352624462073,0.002295811084085007,-0.6020833333333333,-0.65,-0.5625,,0.0,779.24375,76.72500000000001,-1.1854166666666666
2024-01-24,4669.416666666667,0.010348759509684663,96.63507607023625,1900.6690865153935,0.36391563062758586,1868.1055603516104,0.31361134847005206,3.2287441373552473e-06,781.1125000000001,0.08466666666666667,0.094875,0.145,,0.10118133931046891,0.005904759974594032,0.003037226618447672,-0.44375000000000003,-0.4791666666666667,-0.3625,,0.0,781.1125000000001,69.58125,-0.53125
2024-01-25,4664.208333333333,0.010354890684394932,96.58005729364633,1898.047612160668,0.36658629377467306,1860.1027098192935,0.3204396565755208,3.7794157420510082e-06,781.34375,0.08891666666666666,0.09585416666666667,0.145,,0.10338504657843557,0.0084744746576529,0.004359008684235844,-0.2833333333333333,-0.32083333333333336,-0.20833333333333334,,0.0,781.34375,82.43333333333334,-0.6354166666666666
2024-01-26,4591.395833333333,0.010437161216661566,95.82173635056063,1899.888961788651,0.3650514756943044,1866.530014693457,0.3152109781901042,3.3094617290004974e-06,783.8979166666667,0.08906249999999999,0.09683333333333333,0.1459375,,0.10398958271186524,0.009179416462354232,0.004721609030889669,-0.3666666666666667,-0.26875,-0.10000000000000002,,0.0,783.8979166666667,76.56666666666666,-1.5229166666666665
2024-01-27,4374.625,0.010692126649175236,93.53387116374728,1889.525310238722,0.37529634584881205,1863.959182237629,0.31730906168619794,2.538417809682404e-06,792.1416666666668,0.08345833333333334,0.09564583333333333,0.1453958333333333,,0.10100302738439396,0.005696832732505248,0.002930275250891722,-0.8937499999999999,-0.5895833333333333,-0.15416666666666667,,0.0,792.1416666666668,68.98541666666667,-3.4291666666666667
2024-01-28,4329.520833333333,0.010747366319965758,93.05133082698329,1890.292123491233,0.374178313467416,1866.3140928530793,0.3152313232421875,2.3806099594658007e-06,794.4291666666667,0.07916666666666666,0.09322916666666665,0.145,,0.09819845114334057,0.0024264524732239296,0.0012480923986382007,-1.4124999999999999,-1.0916666666666666,-0.4375,,0.0,794.4291666666667,59.645833333333336,-2.4375
2024-01-29,4336.333333333333,0.0107395887298935,93.12255815729766,1871.6702131053307,0.3937720409355883,1840.3627875182517,0.3379809061686198,3.1493331732518576e-06,793.5458333333332,0.08118750000000001,0.09389583333333333,0.145,,0.09931587201597324,0.003729462571389137,0.001918320650299789,-0.9979166666666667,-0.8958333333333334,-0.5,,0.0,793.5458333333332,69.17291666666667,-0.37708333333333327
2024-01-30,4501.458333333333,0.010540136894107011,94.88094967900633,1898.8316464714146,0.3659706212368154,1865.0535503581132,0.31626256306966144,3.352439534072979e-06,791.0875,0.08347916666666666,0.09470833333333334,0.145,,0.10060259600768441,0.005229894857749571,0.0026900967934317586,-0.5770833333333333,-0.5583333333333333,-0.3145833333333333,,0.0,791.0875,69.57916666666667,0.4749999999999999
2024-01-31,4634.625,0.010388378554322368,96.27175195804922,1903.742730370038,0.36124436361470097,1873.1896287886882,0.3095957438151042,3.0189082269489704e-06,788.4104166666666,0.081875,0.09410416666666667,0.14502083333333332,,0.09969411699337816,0.004170529171458724,0.0021451917210974915,-0.8645833333333334,-0.6791666666666667,-0.2625,,0.0,788.4104166666666,63.31666666666666,0.41875
2024-02-01,4849.666666666667,0.010155390144943564,98.4800768465873,1912.992758669748,0.35264724369923695,1881.966421444293,0.3027636210123698,3.051830770255544e-06,782.63125,0.0824375,0.09427083333333335,0.14531249999999998,,0.10006137154838907,0.004598779981423409,0.002365470744291138,-0.8562500000000001,-0.7000000000000001,-0.27708333333333335,,0.0,782.63125,59.081250000000004,1.2833333333333334
2024-02-02,5180.604166666667,0.009827168051692673,101.77958366376,1912.10414566919,0.3535118089034623,1873.4153458046874,0.3095537821451823,3.823825701653972e-06,772.7375000000001,0.08754166666666667,0.0956875,0.1459375,,0.10292575687118279,0.007938902841168266,0.004083527041609154,-0.3416666666666666,-0.33125,-0.09166666666666667,,0.0,772.7375000000001,71.47291666666666,1.5541666666666665
2024-02-03,5178.125,0.009827718989620855,101.76143048143508,1889.5760662549849,0.37556377303293614,1844.5574427880963,0.3344281514485677,4.518298919062463e-06,770.1395833333332,0.09683333333333333,0.096875,0.14604166666666665,,0.10743623927972441,0.013198518327032106,0.006788911210516635,-0.07291666666666667,-0.0625,0.10833333333333334,,13.207999,770.1395833333332,98.40208333333334,-0.7937500000000001
2024-02-04,4797.020833333333,0.010213585281681361,97.93566211726744,1859.6319195247788,0.4068542713256262,1824.5004974893566,0.3529052734375,3.5643652565183057e-06,779.3291666666668,0.10647916666666667,0.09800000000000002,0.14654166666666665,,0.11216567677393205,0.018713454520298933,0.009625624485450745,-0.0020833333333333333,0.012500000000000002,0.26666666666666666,,5.1053,779.3291666666668,90.875,-3.0520833333333335
2024-02-05,4583.020833333333,0.010446218831348572,95.7357764122648,1854.2802313538225,0.4128878672853853,1827.3996268686533,0.3501243591308594,2.7226161995104187e-06,785.49375,0.09908333333333334,0.09779166666666667,0.1469375,,0.10893348683576072,0.014944439432275159,0.007686959239118909,-0.2354166666666667,-0.02291666666666667,0.29791666666666666,,0.0,785.49375,80.09583333333333,-5.0
2024-02-06,4650.416666666667,0.010370575043773684,96.4360774491805,1843.2698384365985,0.42494152111816746,1805.9557464158415,0.3713874816894531,3.827658462171244e-06,781.35,0.09191666666666666,0.0975625,0.14697916666666666,,0.10571843743869433,0.011195411708631942,0.00575857487725832,-0.22708333333333333,-0.075,0.26666666666666666,,0.0,781.35,76.59375,0.6270833333333333
2024-02-07,5011.625,0.009990337576965273,100.10969388685125,1850.5536009353466,0.41666317592281477,1810.8711925688378,0.3665568033854167,4.060226776494078e-06,771.1229166666667,0.09779166666666667,0.09800000000000002,0.147,,0.10845224352427885,0.014383267800445902,0.0073983098401521515,-0.060416666666666674,0.008333333333333333,0.30624999999999997,,0.56259996,771.1229166666667,73.91875,2.002083333333333
2024-02-08,4906.75,0.010097720846905642,99.05277737090243,1833.9387464592266,0.4368752947338536,1796.5819631443883,0.3822975158691406,3.851104063839775e-06,773.35,0.10668749999999999,0.09800000000000002,0.14762499999999998,,0.11249020110633409,0.019091878167625226,0.009820273951246938,0.0,0.09791666666666667,0.39375000000000004,,5.512,773.35,92.6125,-2.1687499999999997
2024-02-09,4806.25,0.010200655666910492,98.03987584825256,1825.0853712068895,0.4469310210592687,1796.385579112578,0.3813209533691406,2.9574789702533257e-06,776.0020833333333,0.10452083333333334,0.09800000000000002,0.14797916666666666,,0.11161568095719679,0.018072111476951064,0.009295737382301168,-0.08541666666666668,0.09583333333333334,0.4000000000000001,,2.8871999,776.0020833333333,88.18124999999999,-5.329166666666667
2024-02-10,4745.395833333333,0.010265404047648028,97.41866213426351,1821.8044751839634,0.4508759394174681,1795.0863631863083,0.38273366292317706,2.756795934975094e-06,777.0833333333334,0.09168749999999999,0.09766666666666668,0.14770833333333333,,0.10581082362666927,0.011303142053402323,0.0058139880476765875,-0.33125,-0.03125,0.375,,1.4462999,777.0833333333334,82.28125,-5.070833333333334
2024-02-11,4560.666666666667,0.010473329025772466,95.49727555059722,1810.8560991725328,0.4679820093707825,1789.4554624320251,0.3916460673014323,2.212596374157311e-06,781.53125,0.0815625,0.09520833333333334,0.14679166666666665,,0.10032010459136498,0.004900485252895863,0.0025206586410701465,-1.10625,-0.5583333333333333,0.15208333333333332,,0.0,781.53125,75.49166666666666,-6.8625
2024-02-12,4433.395833333333,0.010621098485366296,94.1598414423462,1812.8223743364924,0.46652436306203166,1793.2958178479248,0.3883565266927083,2.0121991806210725e-06,784.3562499999999,0.07483333333333332,0.09116666666666666,0.14604166666666665,,0.09580745889512186,0.00036165281491477,0.00018602306627564283,-2.1083333333333334,-1.4270833333333333,-0.3541666666666667,,0.0,784.3562499999999,64.325,-5.8812500000000005
2024-02-13,4417.520833333333,0.010641872813751148,93.98606182190098,1810.083296447637,0.4689997840608011,1786.7573891400564,0.3948618570963542,2.4160386168727172e-06,782.9833333333332,0.07485416666666667,0.09020833333333333,0.1455,,0.09536843871482717,0.0008735885968861048,0.00044934706092219286,-2.13125,-1.6104166666666666,-0.6083333333333333,,0.0,782.9833333333332,62.61666666666667,-2.752083333333333
2024-02-14,4558.270833333333,0.010474872373809493,95.47589935010343,1836.6591470973046,0.43475808082419665,1810.2620377108233,0.3684743245442708,2.698265062349721e-06,780.2375000000001,0.07833333333333332,0.09252083333333333,0.14577083333333332,,0.09775355032993072,0.0019076593606618376,0.0009812412043948245,-1.41875,-1.1979166666666667,-0.5437500000000001,,0.0,780.2375000000001,59.5625,-0.8833333333333333
2024-02-15,4418.666666666667,0.010638816752953214,94.00318700005427,1817.8640610741606,0.4568495098716229,1789.710301428575,0.38951746622721356,2.91193606585629e-06,782.9583333333334,0.08127083333333333,0.09410416666666667,0.14658333333333332,,0.09976522362659969,0.0042534457013029305,0.0021878414295760226,-1.0250000000000001,-0.8166666666666668,-0.29375,,0.0,782.9583333333334,58.768750000000004,0.34791666666666665
2024-02-16,4372.645833333333,0.010694671713953934,93.51234398737618,1796.8266214852529,0.4867941213647966,1760.7218957702653,0.42673492431640625,3.7926744597561136e-06,782.7354166666668,0.08339583333333334,0.094875,0.14641666666666667,,0.10092853413506006,0.005609967113198787,0.002885594252456444,-0.7041666666666666,-0.5458333333333333,-0.14166666666666666,,4.4051,782.7354166666668,91.58541666666667,-2.2666666666666666
2024-02-17,4274.854166666667,0.010816585361742225,92.45996386530767,1790.7166237257968,0.4943482969849396,1762.331817155233,0.4239311218261719,2.985376175877572e-06,785.3583333333332,0.08483333333333333,0.09527083333333335,0.147,,0.10182179415035908,0.006651586120618606,0.003421370979915045,-0.5333333333333333,-0.37083333333333335,0.0,,3.4176998,785.3583333333332,81.68333333333334,-3.78125
2024-02-18,4366.729166666667,0.010701803841198267,93.4493760378907,1796.0020294571086,0.4869167070011035,1775.6786494790365,0.4064445495605469,2.118121724462168e-06,784.18125,0.0781875,0.092625,0.14658333333333332,,0.09790043439562846,0.0020789389792470825,0.0010693421634520868,-1.6229166666666668,-0.9770833333333333,-0.15416666666666667,,0.0,784.18125,69.94375000000001,-6.695833333333333
2024-02-19,4353.604166666667,0.010718082386903005,93.30837344003517,1793.8293967848738,0.4895571880483694,1763.7600512733134,0.42133458455403644,3.156591729762708e-06,784.0041666666666,0.076,0.09102083333333333,0.14575,,0.09620616773909714,0.0001032764365887896,5.312221726463331e-05,-1.8354166666666665,-1.4458333333333335,-0.5770833333333333,,0.6292,784.0041666666666,74.93958333333333,-1.05
2024-02-20,4350.791666666667,0.010721592065270782,93.27809964809903,1802.710684310361,0.4773652187698507,1771.0377349413877,0.41270701090494794,3.3152889395532697e-06,785.5958333333333,0.08760416666666666,0.09483333333333333,0.14633333333333332,,0.10274279243588384,0.007725550367952037,0.003973785102300515,-0.28750000000000003,-0.40208333333333335,-0.225,,0.0,785.5958333333333,50.31666666666666,4.477083333333334
2024-02-21,4449.8125,0.010604732413149383,94.32435228124488,1806.4399655413192,0.4732215566501632,1771.8058157700316,0.4128583272298177,3.624780608459787e-06,782.5749999999999,0.0966875,0.09600000000000002,0.14708333333333332,,0.1072936180757849,0.013032209576679313,0.006703367112936784,-0.04583333333333334,-0.02916666666666667,0.16041666666666668,,0.0,782.5749999999999,62.00416666666666,3.5104166666666665
2024-02-22,4436.604166666667,0.010617574977021703,94.19294228893386,1816.1033790463673,0.4589409823184605,1783.1249523856713,0.3974202473958333,3.428071500089e-06,784.05625,0.1085625,0.1150625,0.148,,0.11929769779748067,0.02703001244543924,0.013903405667544387,0.0,0.0625,0.2791666666666667,,0.6902,784.05625,67.73541666666667,1.0354166666666667
2024-02-23,4340.75,0.010733936921000638,93.17053129040973,1818.3478511140108,0.4564856552717483,1793.1276021029769,0.3860422770182292,2.6044813368794047e-06,788.9166666666666,0.15197916666666667,0.21491666666666667,0.148,,0.17290092044805933,0.08953604049496394,0.04605458082492334,-0.25833333333333336,0.014583333333333335,0.3,,0.0,788.9166666666666,64.25416666666666,-1.9708333333333332
2024-02-24,4385.395833333333,0.01067916521091565,93.64842366693078,1820.7756350637985,0.453432041428518,1799.0338675500007,0.37951405843098956,2.237433567084218e-06,787.6770833333334,0.15433333333333332,0.2794583333333333,0.14862499999999998,,0.19640146943643955,0.11693972821393483,0.06015019354107076,-0.7291666666666666,-0.15833333333333333,0.27499999999999997,,0.0,787.6770833333334,53.583333333333336,-1.5708333333333335
2024-02-25,4521.770833333333,0.010516541078215693,95.09445375950109,1846.9847902693593,0.421570682770487,1825.2554512186928,0.35259373982747394,2.204038248165632e-06,784.7145833333334,0.14279166666666668,0.2942708333333333,0.15160416666666668,,0.19710356102928467,0.11775842818430385,0.06057130758350871,-0.71875,-0.21041666666666667,0.24375,,0.0,784.7145833333334,43.262499999999996,1.28125
2024-02-26,4758.583333333333,0.010253582091751543,97.54622424655673,1872.8883710668667,0.3929775354163185,1844.9732805813246,0.33451080322265625,2.80448854861933e-06,778.5666666666666,0.24104166666666668,0.321375,0.18783333333333332,,0.25738985073965115,0.18805749471994732,0.09673098165201477,-0.19791666666666666,-0.04791666666666667,0.2916666666666667,,0.0,778.5666666666666,42.21875,5.127083333333333
2024-02-27,5079.5625,0.00992399365734293,100.78361397604611,1892.904556911584,0.3719007678643849,1865.526919276137,0.31610743204752606,2.7190968021435064e-06,771.0416666666666,0.3006875,0.3461666666666667,0.3045833333333334,,0.3172627425738369,0.257874503312683,0.132642699965819,0.02916666666666667,0.07916666666666668,0.43124999999999997,,0.31669998,771.0416666666666,53.604166666666664,1.6916666666666667
2024-02-28,4642.708333333333,0.0103810915608187,96.35017915235925,1893.9769193287623,0.37078054697548607,1881.0466612870823,0.3035227457682292,1.2722977478798477e-06,784.8708333333334,0.2691041666666667,0.33289583333333334,0.33016666666666666,,0.3043169369664693,0.24277856600882614,0.12487781488886994,-0.016666666666666666,0.09791666666666667,0.3875,,3.3923,784.8708333333334,52.166666666666664,-8.802083333333334
2024-02-29,4679.604166666667,0.010338233910849814,96.73808489953429,1899.3432962339214,0.36542913939374033,1879.0901680797606,0.3050066630045573,1.996438472617416e-06,783.9479166666666,0.23424999999999999,0.32677083333333334,0.3339791666666667,,0.28772396048593446,0.22342970968952766,0.11492535929332592,-0.29375,0.05625,0.36250000000000004,,0.0,783.9479166666666,51.65833333333333,-2.1083333333333334
2024-03-01,4851.979166666667,0.010152441480283816,98.50526834168365,1917.1885277593628,0.3485455439080587,1892.849548961186,0.29434458414713544,2.382314937354865e-06,780.725,0.2627916666666667,0.34270833333333334,0.3400625,,0.3070717537803972,0.2459909224405494,0.1265301520718123,-0.11041666666666666,0.06875,0.35625,,0.0,780.725,39.87916666666667,3.077083333333333
2024-03-02,5076.75,0.009927784480541142,100.75211030165332,1947.4396858345606,0.32231154272975576,1921.7848942034213,0.27377955118815106,2.473168680496138e-06,776.4250000000001,0.2798333333333333,0.3537083333333333,0.35722916666666665,,0.3220497470064549,0.2634565675719331,0.13551394184982893,0.6604166666666667,0.16666666666666666,0.45,,0.0,776.4250000000001,34.46458333333333,6.222916666666666
2024-03-03,5213.541666666667,0.009798064183647663,102.0956428011874,1934.017575239304,0.33657994478076986,1897.9575021509156,0.29327138264973956,3.5214777491370285e-06,771.0520833333334,0.2795,0.355375,0.364125,,0.3239640130463225,0.26568876856406737,0.13666211727104943,0.65625,0.6041666666666666,0.7916666666666666,,9.2526,771.0520833333334,83.77708333333334,-1.41875
2024-03-04,4824.020833333333,0.010183135876442284,98.21678435433665,1864.6327318732235,0.4008714795587139,1830.516956504729,0.34647878011067706,3.4478748591495945e-06,776.2666666666668,0.264625,0.34422916666666664,0.3589166666666666,,0.31245944140099297,0.2522734356343975,0.1297616833085102,0.10208333333333335,0.25,0.50625,,6.0457997,776.2666666666668,96.91875,-4.5562499999999995
2024-03-05,4590.0,0.010438256091729431,95.80869351408796,1847.1526128451294,0.4213076970819825,1808.6477834611198,0.36917368570963544,3.939588584928922e-06,780.5145833333332,0.25843750000000004,0.3385,0.3549583333333333,,0.306910201199141,0.2458025380547579,0.12643325294746385,0.10000000000000002,0.20000000000000004,0.46458333333333335,,1.7436999,780.5145833333332,92.14166666666667,-1.79375
2024-03-06,4688.354166666667,0.010328323338240263,96.82932832470902,1861.7133721658436,0.4037067893071593,1824.0637908334454,0.3526458740234375,3.822486435991981e-06,778.9666666666667,0.26729166666666665,0.34474999999999995,0.3582083333333333,,0.3136573736244639,0.25367032898257935,0.13048020221164683,0.10000000000000002,0.20000000000000004,0.4395833333333334,,0.3461,778.9666666666667,80.8125,0.07708333333333332
2024-03-07,4874.416666666667,0.010129460630548832,98.73142358429811,1879.1787640669488,0.38561836141492395,1840.18560561858,0.33800506591796875,3.924713495391993e-06,775.9187499999999,0.28541666666666665,0.3569791666666666,0.3681041666666667,,0.327971539972218,0.270361894134747,0.13906582909603218,0.10625000000000001,0.21250000000000002,0.4479166666666667,,0.8397,775.9187499999999,80.78541666666666,0.3145833333333334
2024-03-08,4832.5625,0.010173425027930944,98.30598055249,1911.0114163139026,0.35444205473204066,1870.8414020931643,0.31157811482747394,3.975907210877604e-06,779.5645833333333,0.28535416666666663,0.35754166666666665,0.3714166666666667,,0.3288515273505211,0.2713880360909871,0.1395936449051774,0.19583333333333333,0.36874999999999997,0.5270833333333333,,0.3017,779.5645833333333,85.26458333333333,-0.4479166666666667
2024-03-09,4705.75,0.010309592759649785,97.00760055372432,1953.771612075965,0.3181308866139223,1926.0830086602202,0.27180735270182294,2.66589397352185e-06,786.3937500000001,0.27729166666666666,0.352875,0.36975,,0.32334030666415586,0.2649614725790385,0.13628801862271755,0.31666666666666665,0.4583333333333333,0.5979166666666667,,1.1496,786.3937500000001,69.61874999999999,-2.6687499999999997
2024-03-10,4775.791666666667,0.010233400601861899,97.72787722587033,1973.007334150988,0.3027992610891031,1949.2137793408153,0.2566668192545573,2.2612177203790925e-06,786.6916666666666,0.2780416666666667,0.3537708333333333,0.3701666666666667,,0.32406904313505713,0.2658112427987843,0.13672511424422987,1.4680851063829787,1.14375,0.9020833333333332,,0.0,786.6916666666666,49.96041666666667,-0.1583333333333334
2024-03-11,4949.25,0.010052579416779913,99.48641777094896,1968.8527900266197,0.3051253750011754,1942.4111279566941,0.26015981038411456,2.5203271133752803e-06,782.8666666666667,0.28147916666666667,0.35643749999999996,0.3722083333333333,,0.32693946431941256,0.26915840399901364,0.1384467908470575,2.548936170212766,2.2020833333333334,1.5270833333333333,,0.0,782.8666666666667,46.606249999999996,2.3854166666666665
2024-03-12,5109.666666666667,0.00989353604377456,101.085840274102,2020.818940060423,0.2684248523199631,1983.5045869343337,0.23622512817382812,3.48537818737098e-06,780.9208333333332,0.28606249999999994,0.3598333333333333,0.3751875,,0.3307667130737878,0.2736213095140966,0.14074237195185232,3.4291666666666667,2.7270833333333333,1.8458333333333332,,0.0021,780.9208333333332,55.59166666666667,4.485416666666667
2024-03-13,5319.145833333333,0.00969729802629807,103.1352337039852,2050.5734337435088,0.2497811108246082,2002.4651438071576,0.2262420654296875,4.452581971927208e-06,776.7624999999999,0.28806249999999994,0.36083333333333334,0.3773958333333333,,0.33246551609172187,0.27560226184940284,0.14176131280441118,2.9895833333333335,2.8520833333333333,2.3541666666666665,,0.2836,776.7624999999999,87.66666666666667,0.8624999999999999
2024-03-14,5293.25,0.009720567520581239,102.88535911384467,2051.1341755068233,0.2494533715227273,2013.6201756550674,0.22043609619140625,3.451956179698932e-06,778.5583333333334,0.28504166666666664,0.35818749999999994,0.37581250000000005,,0.3298837588569351,0.2725917079656075,0.1402127766350366,1.1208333333333333,1.6229166666666668,1.9041666666666668,,3.6645,778.5583333333334,75.71249999999999,-0.6104166666666666
2024-03-15,5134.5,0.00986965962716585,101.33092304291102,2057.8278506603774,0.2452104402534799,2024.044368313317,0.2149658203125,3.091115667188045e-06,783.84375,0.28310416666666666,0.35633333333333334,0.3741666666666667,,0.32803785419191067,0.2704392222928544,0.13910560431825458,2.146808510638298,1.51875,1.3062500000000001,,0.29369998,783.84375,54.300000000000004,2.55625
2024-03-16,5255.125,0.009755483198373233,102.51514099310994,2088.450716370293,0.22753958779292768,2051.2097621205626,0.201904296875,3.3617468981644764e-06,782.0187500000001,0.2798125,0.354875,0.37366666666666665,,0.32598126925117016,0.2680410650620826,0.13787206612062045,3.8043478260869565,3.470833333333333,2.533333333333333,,0.0,782.0187500000001,59.074999999999996,3.0270833333333336
2024-03-17,5274.3125,0.009737201355996972,102.70396964041811,2124.825497241633,0.20817994220658606,2082.5348139142693,0.18790690104166666,3.762936595854538e-06,783.4458333333333,0.27466666666666667,0.3509166666666666,0.3716458333333333,,0.3219187684391982,0.26330383515037326,0.13543538099752375,4.340425531914893,3.8833333333333333,3.060416666666667,,0.0,783.4458333333333,68.8125,2.7062500000000003
2024-03-18,5179.0,0.00982756463546989,101.76767598418091,2158.1164096579196,0.19233928603550277,2124.694259134904,0.17109807332356772,2.913247828916913e-06,787.6083333333332,0.2668125,0.3443541666666667,0.36864583333333334,,0.31555605504107037,0.2558843569461058,0.13161902998682196,4.858695652173913,4.608333333333333,3.71875,,0.0,787.6083333333332,49.50416666666666,3.7541666666666664
2024-03-19,5266.6875,0.009744579841040256,102.6285344770361,2153.347445166273,0.19450049093399133,2118.8328182902233,0.1733118693033854,3.0170816338167257e-06,785.9208333333332,0.25943750000000004,0.3377291666666667,0.36508333333333337,,0.30926093542183686,0.24854369897746262,0.12784322167704965,5.287234042553192,4.89375,4.039583333333334,,0.0,785.9208333333332,49.35208333333333,4.40625
2024-03-20,5444.333333333333,0.009583800761556021,104.3467596161874,2178.9234912958696,0.18271530161435665,2143.1443665048077,0.16402180989583334,3.0920235353016137e-06,782.9,0.2541041666666667,0.3322916666666667,0.3621666666666667,,0.30441156819801485,0.2428889142700101,0.1249345746348392,5.751063829787234,5.347916666666666,4.4312499999999995,,0.0,782.9,48.395833333333336,5.1625000000000005
2024-03-21,5506.479166666667,0.00952984404824488,104.93959536930419,2217.1812791540847,0.16669255662333185,2183.654540277565,0.1499760945638021,2.8435757180096845e-06,782.3229166666666,0.2491875,0.327125,0.35941666666666666,,0.2998746114112282,0.23759842735240486,0.12221331115252389,6.28936170212766,5.7562500000000005,4.752083333333333,,0.0,782.3229166666666,42.916666666666664,5.685416666666666
2024-03-22,5395.208333333333,0.009628333613172268,103.87130584009122,2208.488524399209,0.17040677117263806,2161.44390768148,0.1578191121419271,4.038900713522575e-06,784.7604166666666,0.2448958333333333,0.32264583333333335,0.35722916666666665,,0.29597083267057117,0.23304628120527368,0.11987182741590825,6.839583333333334,6.295833333333333,5.235416666666667,,0.3067,784.7604166666666,67.16666666666667,4.852083333333334
2024-03-23,5741.3125,0.009335115155030107,107.14532205182702,2230.6843193387517,0.16142662273867067,2196.372141276919,0.14592361450195312,2.896042265128453e-06,779.31875,0.23960416666666665,0.31783333333333336,0.35512499999999997,,0.29153084569815446,0.2278688695401859,0.11720872635989163,6.7124999999999995,6.558333333333334,5.6625000000000005,,0.0,779.31875,38.36666666666667,6.9312499999999995
2024-03-24,6110.875,0.009051724113290607,110.5272857820954,2223.070622522156,0.16487571972239182,2175.8798610933713,0.1531524658203125,4.022842696473426e-06,766.4666666666667,0.23414583333333336,0.3115833333333333,0.35122916666666665,,0.28613478917597635,0.22157659747791197,0.11397217546192445,5.3062499999999995,5.266666666666667,5.0562499999999995,,0.6563,766.4666666666667,67.09583333333333,3.7770833333333336
2024-03-25,5380.25,0.009642801948622022,103.72342926154761,2018.4232523709768,0.2723747364541714,1981.2488412040404,0.23991775512695312,3.4868024741411615e-06,768.3562499999999,0.24120833333333333,0.313625,0.34810416666666666,,0.2892678400461903,0.22523000777472868,0.11585137716518511,2.3333333333333335,3.3874999999999997,4.216666666666667,,13.679199,768.3562499999999,88.18333333333334,-2.9604166666666667
2024-03-26,5414.791666666667,0.00961024251898316,104.06207037774823,2080.914176177934,0.23273322116203352,2049.493833200521,0.2033233642578125,2.832329522963235e-06,774.2291666666666,0.24308333333333332,0.3185625,0.3469583333333333,,0.29155253000359765,0.2278941553296822,0.11722173259100976,0.9812500000000001,1.7,2.78125,,0.0,774.2291666666666,78.11458333333333,-4.179166666666666
2024-03-27,5188.75,0.009818352542263055,101.86334846326275,2114.656958971142,0.21348638530826317,2077.0304524163703,0.19040552775065103,3.357081540486838e-06,781.1541666666667,0.2672083333333333,0.3417916666666667,0.35381250000000003,,0.31165126742766913,0.25133103436545196,0.12927694112904556,1.15625,1.6395833333333334,2.2666666666666666,,2.8573,781.1541666666667,81.07291666666667,-1.6854166666666668
2024-03-28,5244.645833333333,0.00976658607457915,102.40808975619687,2137.7203163815834,0.20220577570105527,2107.7768014600565,0.17782719930013022,2.630098831123539e-06,783.0354166666666,0.267,0.34418750000000004,0.3650625,,0.3148096087715062,0.2550139355580675,0.13117131204055643,1.8125,2.1958333333333333,2.5416666666666665,,0.0,783.0354166666666,54.76458333333333,0.7541666666666668
2024-03-29,5379.666666666667,0.009642156496171814,103.72188874729089,2135.213058876812,0.2041972109161474,2082.9616173971276,0.1889470418294271,4.657922856699584e-06,777.38125,0.2743333333333334,0.3487708333333333,0.3673958333333333,,0.3201154884234335,0.26120105353253487,0.1343537749153188,2.9458333333333333,2.8249999999999997,2.7395833333333335,,5.2232,777.38125,82.2625,2.8125
2024-03-30,5354.104166666667,0.009665417093157573,103.47417710792725,2129.707414257046,0.20601806983049895,2077.385611353505,0.19037755330403647,4.6673718618832985e-06,777.7020833333332,0.29306249999999995,0.3640833333333333,0.38158333333333333,,0.3366851404313833,0.2805227114845422,0.1442922405086493,3.75625,3.30625,3.00625,,5.8858,777.7020833333332,78.77083333333333,3.7687500000000003
2024-03-31,5662.979166666667,0.009397206667368608,106.42052287498977,2164.6574479572514,0.18942243263874903,2123.1323243984666,0.17180252075195312,3.625200419843018e-06,773.5354166666666,0.28362499999999996,0.358875,0.3802291666666667,,0.33045038503173557,0.27325244345545946,0.14055263861522985,5.2625,4.875,4.027083333333334,,0.0,773.5354166666666,48.92916666666667,7.014583333333333
2024-04-01,5632.958333333333,0.009421961598625758,106.13901952588219,2169.252132905429,0.1872788829100198,2123.384728680327,0.17159271240234375,3.999441100277809e-06,775.6541666666667,0.27775,0.35406249999999995,0.3768958333333334,,0.32548994461095115,0.2674681377225615,0.13757736994778416,3.7680851063829786,3.827083333333333,3.814583333333333,,2.0911,775.6541666666667,81.42916666666666,0.5208333333333334
2024-04-02,5333.4375,0.009684560920151356,103.27272997522026,2174.3054407431105,0.1851577248687716,2135.122912322295,0.16734822591145834,3.4018977992132017e-06,784.7333333333332,0.2745416666666667,0.35172916666666665,0.37502083333333336,,0.3228712858671974,0.26441455346408893,0.13600670027934544,4.814893617021277,4.4375,3.970833333333333,,0.7761,784.7333333333332,65.9625,1.9791666666666667
2024-04-03,5221.604166666667,0.009786872905322286,102.18723321155927,2185.782879741831,0.1800531936860782,2149.900788562002,0.16184107462565103,3.091275746296722e-06,788.4020833333334,0.2709791666666667,0.348875,0.3735,,0.3199932063954424,0.26105846203348654,0.13428043024113437,6.7562500000000005,6.002083333333334,4.89375,,0.0,788.4020833333334,47.78958333333333,5.208333333333333
2024-04-04,5529.666666666667,0.00951144810557209,105.15433917952872,2215.9011629547645,0.1673516939391324,2182.2690735428873,0.15059916178385416,2.8569897578929687e-06,782.625,0.266,0.34502083333333333,0.37175,,0.3160981599010596,0.25651649844635016,0.13194418409967812,7.864583333333333,7.2,5.860416666666667,,0.0,782.625,39.237500000000004,8.020833333333334
2024-04-05,5887.979166666667,0.00921742616803676,108.50804501216932,2230.2960252059283,0.16146618217957148,2201.8843719366023,0.14402898152669272,2.3902667110805883e-06,775.7416666666667,0.26029166666666664,0.3399166666666667,0.36929166666666663,,0.31129820799097024,0.25091933630025715,0.1290651763278084,8.456249999999999,7.764583333333333,6.40625,,0.0,775.7416666666667,23.575,11.75
2024-04-06,5841.833333333333,0.009252625666670773,108.08646818819561,2176.2622941349387,0.18450148734431115,2129.291355510021,0.1696904500325521,4.087569632311942e-06,772.8604166666668,0.2651041666666667,0.34297916666666667,0.36856249999999996,,0.31431272571521296,0.2544345266211001,0.1308732819336773,5.472916666666666,6.227083333333333,6.2375,,6.2971997,772.8604166666668,84.20416666666667,0.47708333333333336
2024-04-07,5597.875,0.009452378799991196,105.80449370533334,2187.013635704727,0.1794260665494056,2154.6051747201595,0.16005833943684897,2.7849261514699164e-06,780.1041666666666,0.2677083333333334,0.3463541666666667,0.370875,,0.31712086046691235,0.25770905641384706,0.1325575991781077,3.216666666666667,3.485416666666667,4.295833333333333,,1.4868,780.1041666666666,66.57708333333333,-1.8270833333333334
2024-04-08,5646.833333333333,0.009410405388771562,106.26955707416762,2224.037478096859,0.16400814348096973,2197.2561972239155,0.1456120808919271,2.2597657675436117e-06,780.4270833333334,0.2636875,0.34327083333333336,0.3695208333333333,,0.31399823062053517,0.2540677979388059,0.13068464799759785,4.158333333333333,4.077083333333333,4.229166666666667,,0.0,780.4270833333334,49.04791666666667,0.4104166666666667
2024-04-09,5577.125,0.009469495049401656,105.6098616482703,2227.5545067856297,0.16258442016322375,2202.298047188786,0.14395014444986978,2.1253274036860905e-06,783.2270833333333,0.2606875,0.34070833333333334,0.3675833333333333,,0.3113782420373203,0.2510126629716531,0.12911318069238792,5.6812499999999995,5.216666666666667,4.658333333333333,,0.0,783.2270833333333,41.63333333333333,2.254166666666667
2024-04-10,5506.916666666667,0.009529743292345743,104.94275064240735,2237.3339537034603,0.1590197298411342,2205.647236389872,0.1430994669596354,2.6627404322780776e-06,785.275,0.258,0.3378333333333334,0.36622916666666666,,0.30891276456786526,0.24813770142566915,0.12763438904428603,6.770833333333333,6.239583333333333,5.35625,,0.0,785.275,41.81875,5.004166666666666
2024-04-11,5508.479166666667,0.009528348179434673,104.95779824014271,2255.1244791225267,0.15205905712709142,2225.633152998164,0.13670221964518228,2.455075324424286e-06,786.3874999999999,0.25377083333333333,0.3334166666666667,0.3643541666666667,,0.3051252800095212,0.24372116442780567,0.12536265847623831,7.28125,6.622916666666666,5.691666666666666,,0.0,786.3874999999999,38.56041666666667,5.604166666666667
2024-04-12,5578.020833333333,0.009469045360512155,105.61719994666777,2262.0543556301886,0.14961562694519553,2233.347121852705,0.13445409138997397,2.3805253618615586e-06,785.6229166666667,0.24897916666666667,0.32916666666666666,0.3625416666666667,,0.30116209114355164,0.2390997408981667,0.12298554058834231,8.270833333333334,7.545833333333333,6.339583333333334,,0.0,785.6229166666667,30.818749999999998,8.685416666666667
2024-04-13,5614.083333333333,0.009438232445007065,105.95937404349058,2272.0218977753266,0.14580058253634043,2232.7738106844517,0.13448460896809897,3.25703774116924e-06,784.6687499999999,0.24583333333333335,0.32579166666666665,0.36166666666666664,,0.2984255907966313,0.2359087430628847,0.12134418960939862,10.714583333333332,9.391666666666667,7.45,,0.0,784.6687499999999,30.179166666666664,13.110416666666666
2024-04-14,5675.375,0.00938788870250679,106.53331985861485,2296.935917286744,0.13732604937923779,2264.4547498017896,0.12550735473632812,2.65796351137371e-06,784.0229166666667,0.238625,0.3195625,0.3600833333333333,,0.2927664431687619,0.22930968384829495,0.11794983685170801,10.71875,9.766666666666667,8.220833333333333,,0.0,784.0229166666667,30.179166666666664,10.94375
2024-04-15,6016.541666666667,0.009117309835514906,109.69076340785124,2313.340449613361,0.13165229188473507,2282.0792665803783,0.12059275309244792,2.5439516719452217e-06,776.8833333333333,0.22793750000000002,0.31154166666666666,0.3575625,,0.28475895437052046,0.21997225421851635,0.11314695071552847,8.785416666666666,9.241666666666667,8.564583333333333,,0.0,776.8833333333333,32.97708333333333,8.3125
2024-04-16,5496.791666666667,0.009543941490628335,104.82617778017477,2215.0633134443583,0.16861616096818002,2156.2723749197417,0.16045761108398438,5.058750715230153e-06,780.6020833333333,0.22933333333333336,0.306625,0.3513958333333333,,0.28234322792638944,0.21715530670285793,0.11169799969734318,6.004166666666666,6.083333333333333,6.58125,,5.9286,780.6020833333333,87.1125,2.8979166666666667
2024-04-17,5462.208333333333,0.009568957472196602,104.51480065132544,2227.2378065842618,0.1628280896111476,2177.2267318526156,0.15228144327799478,4.255095278914937e-06,782.4520833333332,0.2384375,0.31602083333333336,0.35102083333333334,,0.28950862260832966,0.22551078122152357,0.11599579837621281,7.652083333333334,7.291666666666667,6.841666666666666,,0.0466,782.4520833333332,54.92083333333333,8.210416666666667
2024-04-18,5507.166666666667,0.009529615760706283,104.94480689686013,2239.735231768826,0.1579882315198942,2194.643191791442,0.14654159545898438,3.807233424654025e-06,782.4416666666666,0.23452083333333332,0.31354166666666666,0.3516666666666666,,0.28707111137815516,0.22266843074723405,0.11453378085871617,9.362499999999999,8.502083333333333,7.416666666666667,,0.0,782.4416666666666,43.69166666666666,9.793750000000001
2024-04-19,5582.3125,0.009465378469862416,105.65790183712089,2274.383308338471,0.14511027237859403,2224.007126537017,0.13723882039388022,4.195628377729896e-06,782.4229166666668,0.22718750000000001,0.3082916666666667,0.35125,,0.2819469701457422,0.2166932356047556,0.11146032455985916,9.481250000000001,9.112499999999999,8.095833333333333,,0.0,782.4229166666668,45.86041666666667,10.089583333333334
2024-04-20,5464.3125,0.009566680550920323,104.53652873059976,2262.6806029387876,0.1492874444948913,2202.860421453535,0.14389546712239584,5.036782511299393e-06,784.2354166666668,0.22147916666666667,0.30233333333333334,0.3483958333333333,,0.2767662806936492,0.2106521003110942,0.1083529506787026,9.097916666666666,8.668750000000001,8.008333333333333,,0.46809998,784.2354166666668,60.604166666666664,9.018749999999999
2024-04-21,5496.583333333333,0.009538731371878006,104.84411527191416,2304.1947147551614,0.13474611828521607,2265.509603180269,0.12512334187825522,3.1643216900589468e-06,787.6750000000001,0.21547916666666667,0.29664583333333333,0.34520833333333334,,0.27147959820320877,0.20448736789956568,0.10518200224786671,9.158333333333333,8.4375,7.808333333333334,,0.0,787.6750000000001,41.52916666666667,8.414583333333333
2024-04-22,5653.458333333333,0.009405348760227094,106.33014752413847,2301.796103367927,0.1356930314572287,2263.663177231448,0.12574386596679688,3.1211625130144654e-06,783.6229166666667,0.20654166666666665,0.2922708333333333,0.3438541666666666,,0.2657525962613775,0.19780918464276245,0.10174695052049675,10.533333333333333,9.987499999999999,8.737499999999999,,0.0,783.6229166666667,31.7,11.297916666666666
2024-04-23,5741.520833333333,0.00933311758821972,107.15442172868927,2313.2582767785007,0.13175417436232345,2262.597547936809,0.12597783406575522,4.1496338739137575e-06,782.49375,0.19814583333333335,0.2849791666666666,0.3412291666666667,,0.25898058175660643,0.1899124256858187,0.09768510099457361,11.452083333333334,10.477083333333333,9.085416666666667,,0.0,782.49375,37.635416666666664,13.589583333333332
2024-04-24,5772.895833333333,0.00930777721461431,107.44657025346612,2346.000943446254,0.1212695231851146,2298.325928377911,0.11625162760416667,3.84306497153608e-06,782.94375,0.18883333333333333,0.27747916666666667,0.3389166666666667,,0.25180149002089675,0.18154097920903609,0.093379086832509,11.547916666666666,10.918750000000001,9.702083333333333,,0.0,782.94375,35.112500000000004,13.9125
2024-04-25,6014.1875,0.009118969559524204,109.66979543610604,2360.0373551410444,0.11692971001256396,2322.7517174061427,0.1099700927734375,2.974038975411808e-06,778.9916666666667,0.17906249999999999,0.26808333333333334,0.3351458333333333,,0.2434514766133201,0.17180413604066624,0.08837075467711832,11.731250000000001,11.237499999999999,10.045833333333333,,0.0,778.9916666666667,26.022916666666664,13.543750000000001
2024-04-26,6099.104166666667,0.00905506269167576,110.44215255876914,2354.808001157732,0.11863779482032592,2289.7965487452143,0.1186383565266927,5.265290746851667e-06,775.4270833333334,0.16847916666666665,0.257875,0.3307291666666667,,0.23432482599395205,0.16116166621508993,0.08289659606959779,9.508333333333333,9.731250000000001,9.533333333333333,,0.46109998,775.4270833333334,71.925,6.272916666666667
2024-04-27,5813.125,0.009276037033707185,107.81829980848715,2249.147058295162,0.15453021238847695,2183.5845408586147,0.15030288696289062,5.562532620001285e-06,774.4979166666667,0.20199999999999999,0.2630208333333333,0.32693750000000005,,0.24999840498169318,0.1794384249508562,0.09229759769710796,6.139583333333333,7.229166666666667,8.314583333333333,,6.376,774.4979166666667,98.10416666666667,2.2645833333333334
2024-04-28,5519.375,0.009518841699558597,105.06190573585572,2219.0095781911027,0.16608325932921061,2154.659695897562,0.16008504231770834,5.531320482220359e-06,779.78125,0.24458333333333335,0.31783333333333336,0.32385416666666667,,0.2869869374567224,0.22257027662078513,0.11448329339998053,7.170833333333333,6.941666666666666,7.21875,,10.0225,779.78125,86.74166666666667,4.2562500000000005
2024-04-29,5356.604166666667,0.009662565289842873,103.5004799385418,2204.2991165522603,0.17221302477708803,2140.841582309177,0.1651178995768229,5.4875455858875915e-06,782.9104166666666,0.24727083333333333,0.32493750000000005,0.32614583333333336,,0.2911175424820865,0.22738692197921728,0.11696082738225869,7.83125,7.83125,7.658333333333334,,4.0517,782.9104166666666,84.06875000000001,4.929166666666666
2024-04-30,5594.833333333333,0.009454540860373934,105.77722903883291,2232.2372890977745,0.161021581090841,2182.7509320466083,0.1505889892578125,4.2026189263517334e-06,780.0020833333333,0.24466666666666667,0.32525,0.3314166666666667,,0.29121713350464506,0.22750305378886812,0.11702056200738106,10.229166666666666,9.125,8.112499999999999,,0.1548,780.0020833333333,44.36666666666667,10.833333333333334
2024-05-01,5755.958333333333,0.009321092266102367,107.29024688193942,2268.691016573606,0.14705469840968036,2222.605264927359,0.1376317342122396,3.8451708727408585e-06,778.5083333333333,0.23289583333333333,0.31827083333333334,0.335875,,0.28459647787073006,0.21978279246321314,0.11304949742549456,9.71875,9.975,9.314583333333333,,0.0,778.5083333333333,48.17916666666667,7.983333333333333
2024-05-02,5753.479166666667,0.009323126415296328,107.26704677176203,2269.3573168168355,0.1469071566807861,2231.695868133599,0.13510004679361978,3.140317599602346e-06,781.0958333333333,0.22497916666666665,0.3095208333333333,0.3335000000000001,,0.2775838943558934,0.21160550907979922,0.10884335477692701,7.70625,7.533333333333334,7.825,,1.0641,781.0958333333333,50.668749999999996,4.877083333333333
2024-05-03,5913.25,0.009196338242800124,108.74611029549851,2298.1689776847493,0.13686565455808228,2265.4192716615667,0.1251805623372396,2.67699451804183e-06,779.4479166666666,0.21604166666666666,0.30391666666666667,0.3323541666666667,,0.2714763979290672,0.20448363610107728,0.10518008272569267,9.854166666666666,9.285416666666666,8.510416666666666,,0.0,779.4479166666666,30.464583333333334,9.604166666666666
2024-05-04,5752.520833333333,0.009324502392493175,107.25579328307667,2297.395017794019,0.13717011298175155,2256.423912320088,0.12775675455729166,3.3621281481647284e-06,782.5437499999999,0.20475,0.29483333333333334,0.32987500000000003,,0.2628451157626094,0.1944188090529567,0.10000304576700991,9.88936170212766,9.46875,8.722916666666666,,0.0,782.5437499999999,47.88958333333333,7.120833333333334
2024-05-05,6010.666666666667,0.009122612570518827,109.63377588444094,2313.1741292592537,0.13169306737207367,2265.3545771967188,0.12506230672200522,3.908149907717412e-06,776.3520833333333,0.1953125,0.2873333333333333,0.32877083333333335,,0.2558711795159842,0.1862865917516067,0.09582008372267059,10.485416666666667,10.25625,9.366666666666667,,0.0,776.3520833333333,39.7875,11.760416666666666
2024-05-06,5938.354166666667,0.00917980172858098,108.9650960313139,2260.6887688758993,0.15068682077585122,2205.6906465430598,0.14337539672851562,4.614165948605753e-06,774.1125000000001,0.20120833333333332,0.2779166666666667,0.3252291666666667,,0.2544377674985665,0.18461510844637172,0.09496032420512988,7.0687500000000005,8.291666666666666,8.885416666666666,,8.8146,774.1125000000001,80.67291666666667,2.872916666666667
2024-05-07,5707.083333333333,0.009361240809590523,106.83255067488336,2209.1587145194494,0.17045942268411865,2159.6428448402908,0.15882110595703125,4.25735245640534e-06,776.18125,0.2388125,0.3021041666666667,0.32058333333333333,,0.27830820900105635,0.21245012306546124,0.10927779819047867,2.920833333333333,4.458333333333333,6.454166666666667,,2.5651,776.18125,82.42708333333333,0.96875
2024-05-08,5609.458333333333,0.009441748831237303,105.91711831851318,2177.4013673071886,0.1837854776981159,2143.197755671024,0.16429901123046875,2.9555026140392734e-06,778.28125,0.2686875,0.34087500000000004,0.32489583333333333,,0.30576093874599103,0.2444623978993585,0.12574392613825525,3.7145833333333336,4.05,5.2375,,7.2592998,778.28125,58.916666666666664,0.78125
2024-05-09,5524.5625,0.009514192548491328,105.11192284458171,2219.531844723308,0.16593484919560755,2181.2015241346003,0.15093994140625,3.253919183550188e-06,782.9958333333334,0.2611041666666667,0.33856250000000004,0.3424583333333333,,0.3054122461509962,0.24405579195207275,0.1255347805655937,6.3125,6.133333333333333,5.979166666666667,,0.0,782.9958333333334,55.30833333333334,3.4375
2024-05-10,5325.354166666667,0.009692129431151763,103.19380762264866,2209.3207301136376,0.1701591219072349,2158.8199554330336,0.15871683756510416,4.3329962579710285e-06,786.7020833333332,0.25616666666666665,0.3356041666666667,0.34885416666666663,,0.3035982578199309,0.24194052350558024,0.12444675164342042,7.9750000000000005,7.541666666666667,6.922916666666667,,0.0,786.7020833333332,58.44166666666666,6.872916666666666
2024-05-11,4955.083333333333,0.010047439039985331,99.54251471965893,2177.537949665961,0.18421757200362163,2124.5032046190686,0.17175801595052084,4.624194596235629e-06,784.0770833333332,0.24935416666666665,0.33093750000000005,0.3498125,,0.2992003733021282,0.23681220697095157,0.1218089036100005,8.220833333333333,8.079166666666667,7.620833333333334,,0.2324,784.0770833333332,64.47083333333333,6.45
2024-05-12,5039.583333333333,0.009962308422725396,100.38945474310293,2194.524301702223,0.17656615828021827,2131.5191792700466,0.16896184285481772,5.480656267943901e-06,781.5416666666666,0.24535416666666665,0.32677083333333334,0.3481666666666667,,0.29564926427435334,0.23267130443708836,0.11967895091855152,9.356250000000001,8.529166666666667,7.66875,,2.7235,781.5416666666666,72.05208333333333,7.8187500000000005
2024-05-13,5171.583333333333,0.009834074832530277,101.69665548823518,2220.6282604026933,0.16592381726455932,2159.0316773718564,0.1590143839518229,5.287610046481283e-06,783.78125,0.2401458333333333,0.3233958333333333,0.3480208333333333,,0.2921646431562881,0.2286079325990259,0.11758887762847466,10.745833333333332,9.887500000000001,8.670833333333333,,0.405,783.78125,61.72708333333333,10.018749999999999
2024-05-14,5289.75,0.009723755662696329,102.8514170054868,2230.821912577155,0.16141255469038526,2172.413550983808,0.15395736694335938,4.983041473577273e-06,782.9562500000001,0.231,0.317625,0.3475625,,0.286055993610555,0.22148471498318753,0.1139249139373329,12.424999999999999,11.641666666666666,10.012500000000001,,0.0,782.9562500000001,46.89791666666667,12.71875
2024-05-15,5410.020833333333,0.009615680500802241,104.01191782780468,2276.4954236165,0.14453693584981728,2215.6733812473417,0.14004643758138022,5.091661513356008e-06,782.69375,0.22083333333333333,0.308375,0.34437500000000004,,0.27770827121183916,0.2117505433307646,0.10891795592744184,12.289583333333333,11.345833333333333,10.13125,,0.51309997,782.69375,58.71666666666667,10.481250000000001
2024-05-16,5544.875,0.009496972366617746,105.30415477592781,2303.0004693080673,0.13533473454547743,2252.282788145723,0.1290562947591146,4.174185939194914e-06,782.3000000000001,0.21054166666666665,0.3007916666666666,0.3415416666666667,,0.2699586166248499,0.20271377085635348,0.10426971856940703,14.016666666666666,12.883333333333333,11.120833333333332,,0.0,782.3000000000001,43.06458333333333,11.945833333333333
2024-05-17,5619.270833333333,0.009434164482134385,106.00719545987927,2307.647968099571,0.1337649961224522,2260.2492200993124,0.12671534220377603,3.8830892537246325e-06,781.2916666666666,0.1955,0.2889791666666666,0.3375000000000001,,0.2584012678848591,0.18923689523585002,0.09733762894269603,14.304166666666667,13.59375,11.927083333333334,,0.0,781.2916666666666,35.047916666666666,13.797916666666666
2024-05-18,5599.645833333333,0.009451596224581678,105.81848682771385,2345.535113726255,0.12147709382514789,2290.808478322959,0.11826578776041667,4.424785462175207e-06,783.0208333333334,0.18012499999999998,0.2739166666666667,0.3320208333333334,,0.24526375389328364,0.17391740925249047,0.08945775731204696,13.86875,13.424999999999999,12.129166666666668,,0.0,783.0208333333334,37.21041666666667,14.364583333333334
2024-05-19,5563.520833333333,0.009481232019867213,105.48036228055109,2337.435018038937,0.1239002262960066,2270.9568218184263,0.12362416585286458,5.4278369373130435e-06,782.5020833333333,0.1672916666666667,0.25827083333333334,0.3258125,,0.23288276976438546,0.15948010300532076,0.08203165175970409,12.86875,12.441666666666668,11.658333333333333,,0.3153,782.5020833333333,52.42083333333333,13.179166666666667
2024-05-20,5867.645833333333,0.009233072189641658,108.32180963888707,2388.430034129649,0.10861872696275153,2337.6077930042597,0.10641098022460938,4.03494978573635e-06,779.4666666666667,0.15429166666666666,0.24008333333333332,0.3196041666666667,,0.2195491712721283,0.14393196540935982,0.07403416878377901,13.654166666666667,12.852083333333333,11.795833333333334,,0.0,779.4666666666667,38.69166666666667,13.929166666666667
2024-05-21,5647.6875,0.009416090419116068,106.25320536134622,2333.2263788131404,0.12581171788754067,2273.255021985831,0.12381871541341145,4.91705110182813e-06,780.1208333333334,0.14731249999999999,0.22183333333333333,0.3137083333333333,,0.20890311735748968,0.1315177389561678,0.06764867315088255,11.7875,12.458333333333334,12.154166666666667,,4.066,780.1208333333334,72.58749999999999,6.7124999999999995
2024-05-22,5291.5625,0.009724299637807446,102.86117605248671,2240.37035234736,0.1581963076866136,2186.6512423902072,0.14943567911783853,4.545850586325396e-06,784.5333333333333,0.20356249999999998,0.21685416666666668,0.3076041666666667,,0.23054910070909518,0.15675884155469585,0.08063191870549781,7.629166666666666,8.183333333333334,9.429166666666667,,7.8398,784.5333333333333,83.26666666666667,2.8541666666666665
2024-05-23,5685.541666666667,0.009378840133835666,106.63118576623445,2293.3242497904253,0.13841065255235266,2251.8842992552068,0.12892659505208334,3.4078538154066257e-06,777.7624999999999,0.20039583333333333,0.22727083333333334,0.30385416666666665,,0.23195709354821917,0.15840068388327205,0.0814764318178176,10.74375,10.660416666666666,10.239583333333334,,0.0,777.7624999999999,32.59375,12.014583333333334
2024-05-24,5580.229166666667,0.009466781364128679,105.63957140439312,2309.066525980041,0.13315231481248546,2258.1165826003516,0.12722905476888022,4.180382355344133e-06,782.4250000000001,0.18172916666666664,0.22060416666666668,0.29685416666666664,,0.21995312766407382,0.14440301375901457,0.0742764615428925,9.535416666666666,9.629166666666666,9.683333333333334,,0.0,782.4250000000001,61.96041666666667,6.158333333333334
2024-05-25,5820.020833333333,0.00927008042827724,107.88398898009707,2325.626993966796,0.12760164505763041,2268.084919268077,0.124359130859375,4.70399294384422e-06,778.13125,0.16864583333333336,0.2153125,0.29283333333333333,,0.21151594853916955,0.13456452776950778,0.06921584745169754,10.152083333333334,10.25,9.979166666666666,,0.0,778.13125,53.800000000000004,9.391666666666667
2024-05-26,5338.395833333333,0.009679872109413647,103.3213245138869,2218.145562915993,0.1667318905911369,2148.7387716693315,0.16247431437174478,5.983287514447255e-06,783.4104166666666,0.2139375,0.22345833333333331,0.28922916666666665,,0.233432965376736,0.16012167902776417,0.08236165870012284,9.4625,9.327083333333333,9.427083333333334,,8.0233,783.4104166666666,79.64791666666666,7.3187500000000005
2024-05-27,5322.583333333333,0.009693069228375149,103.17244202210289,2269.8474130688987,0.14669586235594717,2214.8547385500474,0.140045166015625,4.599807198056245e-06,787.975,0.21322916666666666,0.25427083333333333,0.28654166666666664,,0.2432057725181186,0.17151762365750858,0.08822338153402944,12.34375,11.237499999999999,10.143749999999999,,0.0,787.975,47.612500000000004,11.860416666666666
2024-05-28,5320.645833333333,0.009695239966669877,103.15223037609483,2311.840075090629,0.13225613408839115,2256.9165044012275,0.12757746378580728,4.507528101216525e-06,789.3166666666666,0.19195833333333334,0.24562499999999998,0.28429166666666666,,0.23039635141408973,0.15658072256770145,0.08054029978603655,14.059574468085106,13.416666666666666,11.820833333333333,,0.0,789.3166666666666,40.108333333333334,14.083333333333334
2024-05-29,5483.958333333333,0.009549633162938278,104.72389533198742,2334.218911455045,0.12483726411879502,2277.5739312014384,0.12165451049804688,4.605641982660788e-06,786.19375,0.1679375,0.22489583333333332,0.27908333333333335,,0.21156253079641785,0.1346188467401628,0.06924378745675616,14.085416666666667,13.520833333333334,12.277083333333332,,0.0,786.19375,38.456250000000004,15.120833333333332
2024-05-30,5653.145833333333,0.009405456765332273,106.32778476452427,2369.4622064999694,0.11403208322456498,2317.5967805599826,0.11119842529296875,4.146751824128923e-06,784.8666666666667,0.14960416666666668,0.20377083333333335,0.2728333333333333,,0.19486326184525352,0.11514604413886685,0.05922757771226111,14.237499999999999,13.075000000000001,11.897916666666667,,0.0,784.8666666666667,33.862500000000004,15.285416666666668
2024-05-31,5763.083333333333,0.009314987827774632,107.35794649799504,2426.017656736148,0.09821573823877837,2377.5149452176743,0.09699757893880208,3.775863285792811e-06,785.6437500000001,0.13020833333333334,0.18418749999999998,0.26877083333333335,,0.17870192525198658,0.09630051753682685,0.04953401941680899,15.670833333333334,14.94375,13.21875,,0.0,785.6437500000001,33.72291666666667,13.99375
2024-06-01,5752.041666666667,0.009324560700832443,107.25261335837551,2415.421701096357,0.10106552038914873,2355.5815359459393,0.10203933715820312,4.705228674770409e-06,785.0791666666668,0.1150625,0.16795833333333332,0.262375,,0.16506402737666692,0.08039754034666566,0.041354017885443684,15.706249999999999,14.658333333333333,13.277083333333332,,0.0,785.0791666666668,39.27916666666667,15.341666666666667
2024-06-02,6005.791666666667,0.009124950688048855,109.59478516530561,2443.6800256025113,0.09360443756461391,2391.2598195387864,0.09401448567708333,4.060383279364393e-06,781.2708333333334,0.10395833333333333,0.15822916666666667,0.25758333333333333,,0.15579394883097472,0.0695878210621465,0.035793831308825734,17.414583333333333,16.154166666666665,14.170833333333334,,0.0,781.2708333333334,29.585416666666664,17.691666666666666
2024-06-03,6061.791666666667,0.009083204223043448,110.1025224452523,2482.851085054988,0.08386108025277689,2422.903111055803,0.0873120625813802,4.580185196259136e-06,781.3770833333333,0.094375,0.15047916666666666,0.2515833333333333,,0.14761604546755827,0.06005167320118403,0.03088873063659064,16.625,15.8125,14.370833333333332,,0.0,781.3770833333333,34.56666666666667,16.472916666666666
2024-06-04,5982.479166666667,0.009144122351761062,109.37619879718653,2483.6280352914455,0.0836595932035955,2399.2500769808053,0.09250640869140625,6.53488408018146e-06,782.4020833333334,0.08916666666666666,0.14633333333333332,0.24620833333333333,,0.14273950140505096,0.05436519793191148,0.027963782945695483,17.210416666666667,15.997916666666667,14.46875,,0.4535,782.4020833333334,54.10208333333333,15.883333333333333
2024-06-05,5830.25,0.009262024893418841,107.97844818506972,2491.278042446372,0.0819224598799039,2417.313412353063,0.0885772705078125,5.667148645667482e-06,787.3354166666667,0.08508333333333333,0.14341666666666666,0.24179166666666665,,0.13898813887384825,0.049990782365000395,0.025713718344062345,18.567391304347826,16.916666666666668,15.002083333333333,,0.0,787.3354166666667,43.645833333333336,16.620833333333334
2024-06-06,5832.0625,0.00926093689258871,107.99383974251242,2523.2738143781553,0.07441619965893614,2453.921357433513,0.08118693033854167,5.240524067666008e-06,788.2395833333334,0.08052083333333333,0.1424375,0.2389375,,0.1360331570442402,0.04654501608465302,0.02394132232582453,21.008695652173913,18.897916666666667,16.197916666666668,,0.0,788.2395833333334,34.9125,19.516666666666666
2024-06-07,5985.666666666667,0.00914034333636903,109.41075279637066,2539.2432131851606,0.07084984411758068,2468.498112056458,0.07834625244140625,5.309416731900148e-06,786.0291666666667,0.07464583333333333,0.14020833333333335,0.236125,,0.13207868696053487,0.041933759414800105,0.021569433957384195,21.712500000000002,19.84375,17.2625,,0.0,786.0291666666667,31.993750000000002,20.41875
2024-06-08,5992.083333333333,0.00913561832572182,109.46869294176344,2535.803369395088,0.07158378719892655,2438.918368186947,0.08406829833984375,7.3595027013982435e-06,785.3312500000001,0.07010416666666668,0.1368125,0.231375,,0.1278886793232526,0.03704784543513266,0.019056270330354324,19.783333333333335,18.702083333333334,16.966666666666665,,0.7672,785.3312500000001,54.581250000000004,17.189583333333335
2024-06-09,6082.875,0.009067619207738258,110.2931273564813,2553.829508376502,0.0677391449803116,2468.618801377927,0.07842508951822917,6.400510418521997e-06,785.9916666666667,0.06891666666666667,0.13489583333333335,0.227625,,0.1258974787179532,0.03472593203641034,0.017861949611024053,19.895652173913046,18.6375,16.895833333333332,,0.0,785.9916666666667,44.57708333333333,18.724999999999998
2024-06-10,6115.0,0.00904367688467275,110.58437594226659,2555.183263688998,0.06748871820396714,2472.7134912688757,0.0776659647623698,6.181611095485416e-06,785.8770833333333,0.06702083333333334,0.134375,0.2256041666666667,,0.1244505333110376,0.03303866761985904,0.016994072776003077,21.235416666666666,19.627083333333335,17.497916666666665,,0.0,785.8770833333333,39.99375,19.241666666666667
2024-06-11,6062.458333333333,0.009083042243088856,110.10721051058518,2555.390506365965,0.06738477231366598,2465.482990422157,0.07902908325195312,6.76495223373726e-06,787.2104166666667,0.06445833333333333,0.13212500000000002,0.2228541666666667,,0.12195582063284253,0.030129615273225878,0.015497745870308768,20.75,19.114583333333332,17.377083333333335,,0.6282,787.2104166666667,47.13333333333333,18.616666666666667
2024-06-12,6167.3125,0.00900491450187608,111.05772572413848,2583.175717290373,0.061540335149185575,2514.1695866766568,0.07006200154622395,5.086231937765709e-06,787.5500000000001,0.0626875,0.13183333333333333,0.22206250000000002,,0.12090751051732201,0.028907194339461022,0.01486897020204233,22.68958333333333,20.720833333333335,18.339583333333334,,0.0,787.5500000000001,29.681250000000002,21.145833333333332
2024-06-13,6217.3125,0.00896871175124104,111.50667621415039,2602.374101981158,0.05771649353889588,2539.059589316841,0.06583404541015625,4.618591628542313e-06,788.0520833333334,0.06,0.12960416666666666,0.22012500000000002,,0.11853998807011873,0.02614645688422575,0.013448931907232125,22.830434782608698,20.789583333333333,18.5625,,0.0,788.0520833333334,28.104166666666668,21.235416666666666
2024-06-14,6129.145833333333,0.00903328761362635,110.71201177977439,2594.5910675962227,0.059216590270626424,2514.281608386785,0.07009379069010417,5.9258683613596e-06,788.5020833333333,0.057479166666666665,0.12835416666666669,0.21947916666666667,,0.11686235180219301,0.02419018682368429,0.012442686856406454,22.514583333333334,21.0625,19.085416666666667,,0.0,788.5020833333333,36.579166666666666,19.372916666666665
2024-06-15,6170.3125,0.00900399673390679,111.07948890459231,2603.3205396658354,0.057588437715854944,2502.8186245202487,0.07223892211914062,7.4495963547613114e-06,786.0145833333332,0.05491666666666667,0.12391666666666667,0.21616666666666665,,0.11348967150401684,0.020257347734995598,0.010419755591184614,18.784782608695654,18.572916666666668,17.8625,,1.4525,786.0145833333332,66.21249999999999,14.768749999999999
2024-06-16,6424.916666666667,0.008822478799764878,113.35367052631028,2606.353578913429,0.05685481966793859,2543.2182861289643,0.06506729125976562,4.598908633534038e-06,781.2125,0.05604166666666666,0.1230625,0.2141875,,0.11326188500288117,0.01999172882767538,0.010283129408385131,20.5,19.04375,17.650000000000002,,0.0,781.2125,30.650000000000002,19.754166666666666
2024-06-17,6780.0,0.008588643072281075,116.44253702325658,2643.334261076427,0.04976227888656153,2599.5140928633314,0.05618413289388021,3.121580241928283e-06,776.8249999999999,0.05508333333333334,0.12310416666666667,0.21427083333333333,,0.11287371956317818,0.01953909410419818,0.010050308051294633,22.51521739130435,20.556250000000002,18.502083333333335,,0.0,776.8249999999999,17.747916666666665,21.620833333333334
2024-06-18,6725.125,0.008624471846802756,115.96649299911542,2658.505648582702,0.04692874359642938,2609.305219599034,0.054700215657552086,3.4928466808573627e-06,778.6625,0.052562500000000005,0.12133333333333333,0.21375,,0.11104275878884291,0.017404034310047084,0.008952099069613043,22.69782608695652,20.960416666666667,19.004166666666666,,0.0,778.6625,26.885416666666668,16.616666666666667
2024-06-19,6519.4375,0.008758422631857011,114.18387609520487,2658.05776568082,0.04725186087045662,2601.6884217163683,0.056140899658203125,4.024479978947942e-06,784.1020833333333,0.0498125,0.11764583333333334,0.21166666666666667,,0.10811181106605852,0.01398629389234341,0.007194118691704837,20.506249999999998,19.66875,18.566666666666666,,0.0,784.1020833333333,31.8875,15.387500000000001
2024-06-20,6310.416666666667,0.008902346379662243,112.33830220500361,2615.780726518601,0.05499010092179918,2531.0913280461186,0.06710052490234375,6.198670681467913e-06,786.5833333333334,0.049520833333333326,0.1153125,0.21014583333333334,,0.10684918767389488,0.012513965004936217,0.006436798071191381,20.335416666666667,19.170833333333334,18.079166666666666,,0.0,786.5833333333334,39.19583333333333,19.166666666666668
2024-06-21,5670.333333333333,0.009391502134559665,106.48811693696985,2447.256790939779,0.0927795523502179,2329.103942206706,0.1084912618001302,9.395929592140374e-06,789.6166666666667,0.0514375,0.11197916666666667,0.2086458333333333,,0.10621403347882041,0.01177331987261096,0.006055833032747692,17.048936170212766,17.341666666666665,17.383333333333333,,6.6482,789.6166666666667,81.69166666666666,13.470833333333333
2024-06-22,5398.75,0.009627949619005448,103.89524953388313,2321.5539129691233,0.13035561475272933,2216.6914677497825,0.14073053995768228,8.76144746999222e-06,790.0833333333334,0.09191666666666666,0.11179166666666666,0.20737499999999998,,0.12363786936128413,0.03209103064718572,0.016506637511841227,16.178260869565218,16.568749999999998,16.429166666666667,,14.7717,790.0833333333334,76.76666666666667,13.945833333333333
2024-06-23,5273.770833333333,0.009739645737842794,102.69177923517994,2220.136618707197,0.16629174233358507,2125.6892439449352,0.1715825398763021,8.243722366759024e-06,791.0437499999999,0.09972916666666666,0.11591666666666667,0.20760416666666667,,0.12854264358702622,0.03781042474647896,0.019448517634743305,16.213333333333335,16.310416666666665,15.985416666666667,,4.2813997,791.0437499999999,67.29583333333333,15.772916666666667
2024-06-24,5555.375,0.009488453213927177,105.40209573201469,2339.5806698253305,0.12341952087136084,2250.9497849730665,0.1294097900390625,7.294895676059391e-06,788.5208333333334,0.09941666666666667,0.12431249999999999,0.2106875,,0.13197415300807935,0.041811863718212876,0.021506734566394233,19.882608695652173,19.125,17.245833333333334,,0.0,788.5208333333334,45.14791666666667,19.908333333333335
2024-06-25,5699.333333333333,0.009367049014891141,106.76209603477838,2386.188653551911,0.10939914397919337,2301.2655684617507,0.115570068359375,6.834854488401586e-06,788.75625,0.0933125,0.1275,0.2129375,,0.13088276190094525,0.04053920659458768,0.020852118949728587,20.304444444444446,19.752083333333335,17.95,,0.0,788.75625,42.74791666666667,20.025000000000002
2024-06-26,5709.5625,0.009358663735962202,106.85783390150895,2431.7860563651375,0.09669774122539415,2336.3679945810813,0.1065813700358073,7.561728002227268e-06,789.1083333333332,0.08775,0.1283125,0.21422916666666666,,0.129001031420231,0.038344944899243505,0.019723458333951796,20.5531914893617,20.177083333333332,18.564583333333335,,0.0036,789.1083333333332,44.697916666666664,20.395833333333332
2024-06-27,5782.645833333333,0.009301056678085154,107.53286282446324,2454.0396043759124,0.09114263055283613,2337.0967255012642,0.10677719116210938,9.279982494454287e-06,786.11875,0.08441666666666665,0.1275,0.2136875,,0.1271406723216109,0.03617560409750568,0.018607616258088967,21.652083333333334,20.327083333333334,18.539583333333333,,0.6393,786.11875,59.39791666666667,18.993750000000002
2024-06-28,5956.208333333333,0.009163322629445426,109.13958679699904,2442.1997320482715,0.09411790881686603,2330.1987913969438,0.1082471211751302,8.902950396346476e-06,784.4895833333334,0.08079166666666666,0.12535416666666668,0.21333333333333335,,0.12473130887729181,0.033366076394034994,0.017162481762705184,19.014583333333334,19.129166666666666,18.41875,,3.0709,784.4895833333334,63.41458333333333,17.060416666666665
2024-06-29,5843.083333333333,0.009252316476986992,108.09536338848989,2498.7307471538647,0.08020942376925594,2396.8203379936417,0.09299341837565105,7.879350953200034e-06,788.2062500000001,0.07997916666666667,0.12460416666666667,0.21191666666666667,,0.12381043286174358,0.03229225472414756,0.01661014097776544,19.94255319148936,19.389583333333334,18.224999999999998,,1.5008,788.2062500000001,50.666666666666664,19.3875
2024-06-30,5804.645833333333,0.009282307770745865,107.7415494143221,2518.722968412279,0.07566322505694155,2401.4919020447987,0.09202194213867188,9.041639718924804e-06,790.5583333333334,0.077375,0.12372916666666667,0.21135416666666665,,0.12224392105455117,0.030465565467075014,0.01567054830014867,20.091666666666665,19.5,18.412499999999998,,0.7497,790.5583333333334,55.59166666666667,19.710416666666667
2024-07-01,5575.479166666667,0.009471565505152131,105.59179326691877,2374.9282571362546,0.11283505436308881,2239.5336184781777,0.1328277587890625,1.119746896152173e-05,788.0479166666668,0.07779166666666666,0.12379166666666667,0.21137499999999998,,0.12245286291287756,0.030709209878949345,0.015795871479475976,19.993617021276595,19.46875,18.416666666666668,,5.7854,788.0479166666668,79.49583333333334,17.114583333333332
2024-07-02,5599.395833333333,0.009453519382616184,105.80977143206921,2333.1780443077155,0.12594211154844323,2227.3487323924223,0.1372528076171875,8.83029765815471e-06,786.7520833333333,0.08608333333333333,0.12575,0.21214583333333334,,0.1269347266352294,0.035935453483175006,0.018484090180582013,20.177083333333332,19.535416666666666,18.447916666666668,,15.154799,786.7520833333333,69.39166666666667,16.3
2024-07-03,5896.666666666667,0.009209755850925294,108.59154976753719,2444.828422264249,0.09349651595168144,2368.4478006439394,0.09940465291341145,5.9865530039673534e-06,787.5041666666666,0.0885625,0.12664583333333332,0.21254166666666666,,0.12841773479268812,0.03766477020900041,0.019373597427955736,20.163829787234043,19.660416666666666,18.495833333333334,,0.0,787.5041666666666,45.27291666666667,17.618750000000002
2024-07-04,6049.4375,0.009092812094997483,109.98891920369617,2521.963367439475,0.074814474339555,2470.6778106516326,0.07807540893554688,3.849533827127718e-06,789.1354166666666,0.085,0.12622916666666667,0.2125,,0.12670137464289308,0.03566334472819461,0.018344125820083865,20.680434782608696,19.902083333333334,18.599999999999998,,0.0,789.1354166666666,27.139583333333334,18.210416666666667
2024-07-05,6082.5625,0.009068251683685014,110.28870983656105,2565.477710415918,0.065376842941666,2516.7473139331187,0.06981277465820312,3.5935562243646437e-06,790.9395833333333,0.07995833333333334,0.12508333333333332,0.2121875,,0.12402537214143863,0.03254289265189198,0.016739061406201697,20.995555555555555,20.25,18.822916666666668,,0.0,790.9395833333333,28.010416666666668,16.789583333333333
2024-07-06,6242.0,0.008950770187588558,111.72861829248274,2584.6150123516873,0.0612875612498729,2531.7963327491466,0.06706746419270833,3.865638801291386e-06,788.775,0.07370833333333333,0.12402083333333334,0.211875,,0.12084799108312672,0.028837789493271922,0.014833270487371151,21.817391304347826,20.610416666666666,19.072916666666668,,0.0,788.775,28.620833333333334,17.541666666666668
2024-07-07,6384.083333333333,0.008850511614436282,112.99347857542455,2612.8236763592745,0.05571002880663872,2557.9985545274376,0.06276448567708333,3.968337649490284e-06,786.6999999999999,0.068125,0.12345833333333334,0.2118125,,0.11818994880973889,0.025738280607766357,0.013238978605622002,22.52391304347826,21.120833333333334,19.408333333333335,,0.0,786.6999999999999,27.047916666666666,18.783333333333335
2024-07-08,6285.395833333333,0.008920037473746445,112.11541398256179,2610.6610459757753,0.056010609824554074,2545.4822468682996,0.06472396850585938,4.744185948507539e-06,788.3708333333334,0.063875,0.1231875,0.2116875,,0.11620444582330555,0.023423011129074342,0.012048075314070964,23.384444444444444,21.710416666666664,19.7625,,0.0,788.3708333333334,31.947916666666668,18.866666666666667
2024-07-09,6275.375,0.008927055221135727,112.0264211786127,2614.407899731367,0.05527101519224304,2550.4841969107715,0.06390762329101562,4.644652317533867e-06,789.0916666666667,0.059937500000000005,0.12275000000000001,0.2121875,,0.11443288169500257,0.021357212999415755,0.010985492398806937,23.604347826086954,22.172916666666666,20.264583333333334,,0.0,789.0916666666667,31.016666666666666,19.279166666666665
2024-07-10,6210.404255319149,0.008973719251300442,111.44462421056868,2628.471167086687,0.052546275073861025,2555.6848718838614,0.06302529192985372,5.275256078016055e-06,790.75,0.05604166666666666,0.12037500000000001,0.2105,,0.11153847737032571,0.017982085367925036,0.009249430725321785,23.289130434782606,21.724999999999998,20.035416666666666,,0.0,790.75,35.78333333333333,18.849999999999998
2024-07-11,6223.333333333333,0.008964244659500997,111.56119368385059,2660.704289416318,0.046717160777388966,2584.0737546529695,0.05867131551106771,5.491746978100931e-06,790.7354166666668,0.053875,0.11929166666666667,0.21075,,0.1102666820556208,0.016499061219686795,0.008486608792133966,23.038297872340426,21.837500000000002,20.316666666666666,,0.0,790.7354166666668,34.358333333333334,20.216666666666665
2024-07-12,6289.1875,0.008917223494096904,112.14974370493634,2652.8715282256794,0.04798892179088605,2580.0633532286706,0.059191385904947914,5.231668342740318e-06,790.1541666666667,0.053625,0.11904166666666667,0.21054166666666665,,0.11002564775267296,0.016217994221175036,0.008342036587146787,24.195348837209306,22.679166666666664,20.556250000000002,,0.0,790.1541666666667,29.183333333333334,22.808333333333334
2024-07-13,6281.520833333333,0.008923321240828109,112.07862135458276,2667.062059445248,0.04556090154309819,2605.230496626556,0.05547968546549479,4.397616153698957e-06,791.3625000000001,0.052375000000000005,0.11925000000000001,0.21224999999999997,,0.10991683271656011,0.016091106408033334,0.008276769405197178,25.041463414634148,24.125,21.51875,,0.0,791.3625000000001,22.78333333333333,23.65833333333333
2024-07-14,6207.958333333333,0.008975626601583441,111.42210319546554,2652.9182433254155,0.04810197873095099,2577.4691137758423,0.05967585245768229,5.421885667383635e-06,792.0395833333333,0.050375,0.1175,0.212875,,0.10856817799767707,0.014518457497777615,0.007467847255566567,26.09777777777778,24.547916666666666,22.139583333333334,,0.0,792.0395833333333,28.008333333333336,23.224999999999998
2024-07-15,6171.604166666667,0.009001831919839734,111.09614641853943,2635.714303108193,0.05125795491114374,2536.0899675793235,0.0663299560546875,7.276331943285639e-06,791.0416666666666,0.04895833333333333,0.11370833333333334,0.21154166666666666,,0.10634763224021382,0.011929107668831226,0.0061359654756489,24.35531914893617,23.227083333333336,21.679166666666664,,0.0038,791.0416666666666,42.275,21.016666666666666
2024-07-16,6120.6875,0.009039959953830123,110.63382569416258,2615.0157091585424,0.05527631557999218,2495.019831818168,0.07358678181966145,8.916952129740761e-06,790.0666666666666,0.04858333333333333,0.10979166666666666,0.20945833333333333,,0.10437953179762716,0.009634131072544886,0.004955500217628901,21.808333333333334,21.55,20.879166666666666,,3.2161,790.0666666666666,61.40833333333333,18.508333333333333
2024-07-17,6167.145833333333,0.009005449837993026,111.05450010364599,2642.730110959627,0.04990920487502968,2540.128770052204,0.06564966837565105,7.485194830599059e-06,791.75,0.05104166666666667,0.10808333333333332,0.207875,,0.1045264197363744,0.009805415207443312,0.0050436034997385255,21.38478260869565,20.935416666666665,20.241666666666667,,2.3225,791.75,58.88333333333333,17.016666666666666
2024-07-18,6258.791666666667,0.008938825448927115,111.87851440423088,2642.1808003942456,0.049953024587267025,2554.537078220987,0.0632336934407552,6.358485412536714e-06,791.3291666666668,0.051458333333333335,0.11004166666666666,0.20891666666666664,,0.10561102778761855,0.011070162696894401,0.005694150644263197,24.47446808510638,22.954166666666666,21.010416666666668,,0.0,791.3291666666668,38.11666666666667,21.075
2024-07-19,6233.708333333333,0.00895662655593568,111.65477865763876,2648.2521302703185,0.04880498804183586,2550.3527401498445,0.0638720194498698,7.110744994366335e-06,791.8395833333334,0.049625,0.10916666666666668,0.209125,,0.10454862134936185,0.009831304222609147,0.005056920011557023,24.6875,23.06041666666667,21.352083333333336,,0.0685,791.8395833333334,42.15,20.533333333333335
2024-07-20,6188.479166666667,0.008989394168289975,111.2485779777096,2638.2574535773565,0.050678615104134545,2541.7131483632215,0.06531016031901042,7.0375021244157446e-06,791.8166666666666,0.048249999999999994,0.107375,0.20879166666666668,,0.10325358649761274,0.008321180749320763,0.004280159020433167,23.536956521739132,22.522916666666664,21.235416666666666,,0.7928,791.8166666666666,45.51666666666667,19.591666666666665
2024-07-21,6298.645833333333,0.00891062036740701,112.23364092618671,2646.155626693019,0.049217552320217794,2565.7079880874526,0.06143951416015625,5.81317881940406e-06,790.6979166666666,0.048249999999999994,0.10670833333333334,0.20866666666666667,,0.10299600576157185,0.00802081916813484,0.00412566227654145,24.989583333333332,23.09375,21.37291666666667,,0.0,790.6979166666666,34.141666666666666,21.141666666666666
2024-07-22,6365.541666666667,0.00886352868938483,112.82869644077711,2663.5359472537243,0.0460996298526086,2581.369254375894,0.059009552001953125,5.89591594819875e-06,790.4229166666668,0.04650000000000001,0.10495833333333333,0.20879166666666668,,0.10164946212891847,0.00645063196836146,0.0033180063549431457,23.527659574468085,22.66875,21.458333333333332,,0.0,790.4229166666668,41.791666666666664,17.958333333333332
2024-07-23,6331.958333333333,0.008887347621926273,112.52920806512782,2663.7975867384653,0.046009598799756864,2586.797268336787,0.058147430419921875,5.515072252645026e-06,790.6166666666667,0.04629166666666667,0.10366666666666667,0.20795833333333333,,0.10093178241686569,0.005613754892806351,0.002887542569593535,24.052083333333332,22.489583333333332,21.166666666666668,,0.0,790.6166666666667,36.25,19.441666666666666
2024-07-24,6226.333333333333,0.00896242410819959,111.58666540567019,2686.540212015669,0.04207712301989606,2615.154595152836,0.0539703369140625,5.055130899335129e-06,792.4770833333333,0.04616666666666667,0.10345833333333333,0.20808333333333331,,0.10083174114356802,0.005497098051563487,0.0028275378843952664,24.91063829787234,23.229166666666668,21.472916666666666,,0.0,792.4770833333333,29.508333333333336,21.108333333333334
2024-07-25,6145.645833333333,0.00902073990255117,110.86260327111627,2647.5518156797802,0.04908240622373542,2562.8806408627756,0.061971028645833336,6.118960127944941e-06,792.7104166666667,0.045750000000000006,0.10333333333333333,0.20866666666666667,,0.10073117530078984,0.00537982951660071,0.002767218562792394,25.79148936170213,24.05,22.06041666666667,,0.0,792.7104166666667,34.858333333333334,21.825
2024-07-26,6230.020833333333,0.008959523282742141,111.62073481551552,2646.1298633684855,0.04920837458597483,2542.3347602908902,0.06520589192708333,7.5647107014065465e-06,789.7958333333332,0.045250000000000005,0.10154166666666666,0.20854166666666665,,0.09986491701229554,0.004369696875290686,0.002247637452035966,24.995652173913044,23.65416666666667,22.025000000000002,,0.3216,789.7958333333332,42.85,21.025000000000002
2024-07-27,6057.333333333333,0.009089131519185719,110.05150234898251,2547.6148500908953,0.06994370162722181,2419.5432315644844,0.08905919392903645,9.821095062924536e-06,786.5291666666667,0.04629166666666667,0.09995833333333333,0.208125,,0.09968446743040452,0.004159276940266809,0.0021394039200285137,23.041666666666668,22.839583333333334,21.868750000000002,,8.390699,786.5291666666667,67.70833333333333,18.091666666666665
2024-07-28,6294.625,0.008913201732239896,112.1989317333014,2562.2533692693946,0.06587706623502655,2483.070822312047,0.07570521036783855,5.922459984660146e-06,784.6687499999999,0.0515,0.09808333333333334,0.20554166666666665,,0.10076520168808906,0.005419507248904473,0.0027876275659070235,20.62391304347826,20.662499999999998,20.529166666666665,,3.4571998,784.6687499999999,39.375,20.266666666666666
2024-07-29,6414.041666666667,0.008830126572256096,113.25698225298463,2641.1782532503125,0.05016071611141628,2588.7830506139244,0.057826995849609375,3.750055342592063e-06,787.5104166666666,0.05558333333333334,0.10037499999999999,0.2057083333333333,,0.10338579720289358,0.008475349951172707,0.004359458908256592,22.36,21.78333333333333,20.675,,0.0,787.5104166666666,24.416666666666668,20.425
2024-07-30,6449.645833333333,0.0088056894369872,113.57100280506677,2682.1359079010567,0.042790817990504576,2632.5927561395115,0.05141321818033854,3.487540715848052e-06,787.4812499999999,0.052833333333333336,0.10241666666666667,0.20620833333333333,,0.10299316027056807,0.008017501077697322,0.004123955553043356,23.71521739130435,22.558333333333334,21.099999999999998,,0.0,787.4812499999999,21.3,20.916666666666668
2024-07-31,6333.5625,0.008885899442522459,112.54483561594367,2652.5984535497346,0.04812015543850481,2607.197143829411,0.055112202962239586,3.2259570391558543e-06,788.3562499999999,0.04895833333333333,0.10312500000000001,0.20645833333333333,,0.10159171433731123,0.006383293011792942,0.003283369270247344,24.178260869565218,22.837500000000002,21.349999999999998,,0.0,788.3562499999999,20.616666666666667,20.716666666666665
2024-08-01,6079.833333333333,0.009069881372427004,110.26557678292919,2682.1094004934544,0.04273539889240576,2636.61172960068,0.05077489217122396,3.1962518118056685e-06,791.8895833333332,0.04675000000000001,0.10308333333333335,0.20637499999999998,,0.10059035339951186,0.005215618909924175,0.0026827536856804833,23.447619047619046,23.31041666666667,21.59583333333333,,0.0,791.8895833333332,19.633333333333333,21.491666666666664
2024-08-02,5922.25,0.009189545389223132,108.82805480245706,2660.3660141606993,0.04662499415518307,2601.530659382262,0.055896759033203125,4.191826155926769e-06,793.6125000000001,0.04579166666666667,0.10304166666666666,0.20733333333333334,,0.1003616321422934,0.004948909995566298,0.0025455668368415145,24.5,24.385416666666668,22.202083333333334,,0.0,793.6125000000001,22.0,23.65833333333333
2024-08-03,6052.520833333333,0.009089781438205389,110.01981824241624,2674.4681140880994,0.04406456146387028,2611.5213239406207,0.05438105265299479,4.465669979741578e-06,791.9229166666668,0.044875,0.10216666666666667,0.20808333333333331,,0.09981801108551791,0.004315000477763183,0.0022195033102218194,25.021951219512196,24.90625,22.754166666666666,,0.0,791.9229166666668,22.40833333333333,23.84166666666667
2024-08-04,6145.020833333333,0.009021356637913694,110.85632981634423,2656.0066298190072,0.04753769266081396,2570.4924658104164,0.06083043416341146,6.16904518274017e-06,789.6645833333333,0.0434,0.1002,0.20869999999999997,,0.09862295988943341,0.002921466658537309,0.0015027124452805457,25.74736842105263,24.615000000000002,23.0875,,0.0,789.6645833333333,28.691666666666666,24.458333333333332
2024-08-05,5871.895833333333,0.009230071314493401,108.35962745449667,2622.0802491530944,0.05393085089261793,2490.023177869972,0.07463836669921875,9.846169798370133e-06,791.4583333333334,0.043583333333333335,0.09879166666666667,0.20866666666666667,,0.09820891439593396,0.0024386535374091036,0.0012543682501674827,25.419148936170213,24.485416666666666,23.022916666666664,,5.1033,791.4583333333334,66.64166666666667,19.266666666666666
2024-08-06,5973.3125,0.009150439243505493,109.295184101431,2645.024169684059,0.049588315081503305,2537.5054576125804,0.0662066141764323,7.853190977211134e-06,792.2958333333332,0.044583333333333336,0.09749999999999999,0.20641666666666666,,0.09771661499657618,0.0018645895438016283,0.0009590874174869175,25.351063829787233,23.73125,22.37708333333333,,0.3409,792.2958333333332,45.0,21.641666666666666
2024-08-07,6113.8125,0.009044790961143336,110.5726650883805,2655.2362317496713,0.04764946372968996,2552.271782803817,0.06371688842773438,7.476932728026857e-06,790.3770833333333,0.04533333333333334,0.09916666666666667,0.20795833333333333,,0.0989541532522831,0.0033076669764369564,0.0017013619908377987,26.92954545454546,25.49791666666667,23.166666666666668,,0.0,790.3770833333333,38.625,23.224999999999998
2024-08-08,6175.645833333333,0.008999119201827648,111.13156068872915,2669.700152156754,0.04501345217577143,2565.5973815374314,0.061587015787760414,7.525472412217017e-06,789.5666666666666,0.043250000000000004,0.09675,0.20720833333333333,,0.09704238040217625,0.0010783732607948667,0.0005546819830781633,24.64375,24.008333333333336,22.927083333333332,,0.75799996,789.5666666666666,53.11666666666667,18.425
2024-08-09,6200.645833333333,0.008980856502854238,111.35672159209643,2687.811573029777,0.04180430805624771,2585.9737528692776,0.05834070841471354,7.299340252016212e-06,789.7479166666667,0.042583333333333334,0.09508333333333334,0.2057083333333333,,0.09585037432713996,0.0003116096819679601,0.0001602824204051023,23.047916666666666,22.858333333333334,22.235416666666666,,0.0,789.7479166666667,47.50833333333333,18.724999999999998
2024-08-10,5759.479166666667,0.009319488810173327,107.31823213593786,2551.7989406072597,0.06830879831812418,2428.2092330316354,0.0864855448404948,9.434069354400384e-06,791.1416666666668,0.043500000000000004,0.09175,0.2030833333333333,,0.09453434850823575,0.0018462104518982933,0.0009496337788306667,19.574468085106382,19.991666666666667,20.60625,,7.1520996,791.1416666666668,74.825,15.950000000000001
2024-08-11,4842.354166666667,0.010180330063124791,98.3469086236491,2175.867115966042,0.19203258118569125,2067.37100191359,0.2026240030924479,9.743459766241917e-06,791.1791666666667,0.21966666666666668,0.2314166666666667,0.2020833333333333,,0.21994894175174903,0.1443981326205261,0.074273950835631,19.41875,19.639583333333334,19.945833333333333,,27.5425,791.1791666666667,77.66666666666667,15.6
2024-08-12,4941.354166666667,0.010060109531096765,99.40870355591295,2187.4272519090523,0.17918216544219023,2092.7435431669746,0.1837310791015625,8.378740274059993e-06,790.19375,0.2334166666666667,0.2927916666666666,0.20445833333333333,,0.24773076933794583,0.17679416421156943,0.09093747143659386,19.564583333333335,19.770833333333332,19.833333333333332,,0.8028,790.19375,55.074999999999996,18.558333333333334
2024-08-13,5008.8125,0.009993215291491733,100.08134687922443,2273.8546803915774,0.1489282729126709,2155.499093086958,0.16303888956705728,1.0149284637737048e-05,789.0833333333334,0.20354166666666665,0.257125,0.20633333333333334,,0.22268356632674827,0.14758694314231244,0.07591417672789878,18.408333333333335,19.133333333333333,19.599999999999998,,1.0364,789.0833333333334,77.14166666666667,15.924999999999999
2024-08-14,4951.6875,0.010050550790739623,99.50945036019483,2520.8998103158547,0.07545958270932043,2399.6104609399035,0.0928179423014323,9.37241881815191e-06,789.7145833333334,0.22045833333333334,0.24845833333333334,0.20554166666666665,,0.22693732687381163,0.15254719856956392,0.0784655793052717,17.316666666666666,17.477083333333333,18.252083333333335,,9.4908,789.7145833333334,75.80833333333334,15.233333333333334
2024-08-15,5067.583333333333,0.009934723455492374,100.66806319564917,2641.5498343797876,0.0501878798100042,2533.3161192050243,0.06682586669921875,7.91359995025488e-06,790.5458333333332,0.19370833333333334,0.239625,0.20695833333333333,,0.21244776103733268,0.1356511023310179,0.06977474793119985,17.160416666666666,17.491666666666667,18.135416666666668,,0.7811,790.5458333333332,62.10833333333333,16.116666666666667
2024-08-16,5289.75,0.009723330362168768,102.85294061585141,2355.234742199527,0.12448200990384024,2276.1075294084635,0.12762451171875,6.435826389182878e-06,789.1999999999999,0.17170833333333332,0.21816666666666665,0.208125,,0.1956201190597951,0.1160286055958525,0.0596815401359847,19.68695652173913,19.087500000000002,18.29375,,0.0,789.1999999999999,40.03333333333333,20.125
2024-08-17,5357.604166666667,0.009661992339585623,103.50895995182084,2321.9832184540123,0.12889594128069085,2250.186756599967,0.12956873575846353,5.915880844804258e-06,790.4958333333334,0.14454166666666665,0.19741666666666668,0.21208333333333332,,0.1773711581730952,0.09474872717334819,0.0487358262610352,21.414583333333336,21.047916666666666,19.745833333333334,,0.0,790.4958333333334,36.63333333333333,19.733333333333334
2024-08-18,5098.229166666667,0.00990478501563787,100.97210436623591,2298.8690414963266,0.13661012113852353,2187.315039323297,0.14910507202148438,9.457592356194077e-06,792.4125,0.12454166666666666,0.17979166666666666,0.21304166666666666,,0.1627027142752261,0.07764404352960856,0.03993770395184443,19.854166666666668,20.1875,19.697916666666668,,3.1114,792.4125,67.15833333333333,17.416666666666668
2024-08-19,5131.354166666667,0.009872351195248794,101.30102008810657,2306.4975515785018,0.13402155450991465,2189.741661539824,0.1481145222981771,9.87580253869586e-06,792.6791666666667,0.11479166666666667,0.16970833333333335,0.21245833333333333,,0.15480982580425626,0.0684402478665341,0.03520355501117307,18.77872340425532,18.908333333333335,18.872916666666665,,1.0332,792.6791666666667,70.60833333333333,17.091666666666665
2024-08-20,5322.229166666667,0.009693683973919606,103.16796633399368,2344.8540839641432,0.12164971539874615,2244.51850471041,0.13109715779622397,8.27795462506961e-06,792.63125,0.10891666666666666,0.16345833333333334,0.21391666666666667,,0.15038302893518665,0.06327821701120034,0.03254836536984546,20.05,19.852083333333333,19.166666666666668,,0.38149998,792.63125,52.525,19.349999999999998
2024-08-21,5388.479166666667,0.009636549571661003,103.79869189980595,2356.806600078594,0.11851524973977774,2245.1439960590646,0.13192113240559897,9.246410307668698e-06,791.7604166666666,0.10233333333333333,0.1565,0.2157916666666667,,0.14548997255319168,0.05757248693868982,0.029613513601362225,20.26875,20.572916666666668,19.8625,,2.9569,791.7604166666666,63.69166666666666,17.875
2024-08-22,5234.4375,0.009776252552251842,102.30784948450247,2288.1976936696688,0.1410742443002467,2164.875753423232,0.15740966796875,1.0553878189187145e-05,791.0812500000001,0.10175000000000001,0.1505,0.21375,,0.14271853520834704,0.05434074951977384,0.02795120743569292,17.097916666666666,17.760416666666668,18.49375,,9.9176,791.0812500000001,84.86666666666666,14.674999999999999
2024-08-23,5188.583333333333,0.009817243337341774,101.8661161472714,2265.0693839301057,0.14836316184760054,2143.009364025136,0.16417439778645834,1.054785102456435e-05,789.4833333333332,0.10570833333333333,0.14816666666666667,0.21220833333333333,,0.14331631963219993,0.05503781824283343,0.02830975811170232,16.452083333333334,16.770833333333332,17.587500000000002,,0.792,789.4833333333332,85.125,14.6
2024-08-24,5142.729166666667,0.009861978595674434,101.4113314612459,2237.8084881750774,0.1588229129992749,2127.5044046330863,0.17041524251302084,9.614170512263463e-06,790.18125,0.11733333333333333,0.14829166666666665,0.212125,,0.1484426658862898,0.06101558463271032,0.03138453698100669,17.252083333333335,17.224999999999998,17.443749999999998,,6.5327,790.18125,77.21666666666667,15.299999999999999
2024-08-25,5202.354166666667,0.009805931518387075,101.99535348734669,2275.9893770420344,0.14467057898312974,2176.4076750094305,0.15274429321289062,8.478452705462824e-06,791.2333333333332,0.11866666666666666,0.147,0.21266666666666667,,0.1486973341238998,0.06131254998696038,0.03153728681039277,16.502083333333335,17.160416666666666,17.5625,,1.3658,791.2333333333332,69.53333333333333,14.6
2024-08-26,5167.041666666667,0.009838318888585267,101.65224720285643,2274.118707758936,0.1453223088483089,2180.239816232124,0.15139643351236978,7.976049976024957e-06,792.5770833333332,0.11591666666666667,0.1445,0.21024999999999996,,0.14610556606714864,0.058290322612513504,0.029982746157061244,15.929166666666667,15.747916666666667,16.3,,3.938,792.5770833333332,64.54166666666667,15.25
2024-08-27,5309.270833333333,0.00970556497988538,103.04209938614106,2339.31547953559,0.12351450438367213,2255.157679651275,0.12819671630859375,6.91254897609676e-06,792.8937500000001,0.11266666666666668,0.14654166666666665,0.21204166666666666,,0.14577146684172881,0.057900733805669805,0.029782353677182957,18.204347826086956,17.964583333333334,17.270833333333332,,0.0,792.8937500000001,53.80833333333334,16.358333333333334
2024-08-28,5550.770833333333,0.009493752782196873,105.35327523858466,2355.1138998138467,0.11894370609779349,2284.5865226021274,0.12042617797851562,5.727384730655843e-06,790.1479166666667,0.10620833333333334,0.14691666666666667,0.21404166666666666,,0.14349767737004696,0.05524929716682948,0.028418536355011965,19.76875,19.26875,18.210416666666667,,0.0,790.1479166666667,42.199999999999996,17.391666666666666
2024-08-29,5738.3125,0.009335311896624841,107.12605318796022,2444.4613933947658,0.09339579479812793,2376.1866950098865,0.09735870361328125,5.323661067123523e-06,788.86875,0.09979166666666667,0.1455,0.21491666666666664,,0.14038013502413943,0.051613971160608965,0.02654863665369733,19.993478260869566,19.6375,18.547916666666666,,0.0,788.86875,38.233333333333334,17.808333333333334
2024-08-30,5673.3125,0.00938971137809472,106.51353613825074,2462.224559812566,0.0893665758219565,2395.9360697178577,0.09342193603515625,5.124705785250069e-06,792.2895833333333,0.09358333333333334,0.14329166666666668,0.21516666666666664,,0.1369455866031956,0.047608988450215,0.02448859693205436,19.541304347826088,19.345833333333335,18.616666666666667,,0.0,792.2895833333333,40.608333333333334,16.341666666666665
2024-08-31,5705.354166666667,0.009362894285556523,106.81546360721013,2476.279298972301,0.08554220056234584,2422.339890058761,0.08754221598307292,4.125225345502864e-06,792.7395833333334,0.08795833333333335,0.14175000000000001,0.21516666666666664,,0.13394389303015275,0.04410875220703701,0.022688183243034527,20.34565217391304,19.829166666666666,18.814583333333335,,0.0,792.7395833333334,31.066666666666666,17.341666666666665
2024-09-01,5788.375,0.009295112782111273,107.59132465967657,2500.0446162163375,0.07983128641040242,2439.147440426597,0.0841229756673177,4.625007974166996e-06,792.125,0.08141666666666666,0.14020833333333335,0.21566666666666667,,0.13064755650193233,0.04026493660593537,0.020711042917212395,21.32391304347826,20.647916666666667,19.291666666666668,,0.0,792.125,31.233333333333334,18.666666666666668
2024-09-02,5867.5,0.009232100971335394,108.32470528969391,2529.465423170144,0.07302173381515417,2461.317678121388,0.07970555623372395,5.128179180588786e-06,792.2145833333334,0.07558333333333334,0.13775,0.21529166666666666,,0.1271565654346578,0.03619413685208241,0.018617148936090414,20.969565217391306,20.385416666666668,19.316666666666666,,0.0,792.2145833333334,36.43333333333333,17.741666666666667
2024-09-03,5892.104166666667,0.009212787793744296,108.55164849977352,2539.74339930798,0.07075724569738627,2466.9567332898605,0.07863998413085938,5.464996981555761e-06,791.0291666666667,0.07137500000000001,0.13591666666666666,0.21520833333333333,,0.1246576465943879,0.03328017975398785,0.01711829917734881,21.62666666666667,20.860416666666666,19.622916666666665,,0.0,791.0291666666667,39.06666666666667,18.091666666666665
2024-09-04,5847.479166666667,0.009249486089736298,108.13352337335728,2553.8882737553363,0.06781982824291144,2463.870114596608,0.07927958170572917,6.771225542424438e-06,791.5916666666667,0.06515,0.13175,0.21465,,0.12036421714706065,0.028273666932684648,0.014543103221562801,18.692105263157895,19.185,19.41,,0.0,791.5916666666667,53.300000000000004,15.483333333333334
2024-09-05,5382.375,0.009641658216847067,103.74102839232482,2478.016047052744,0.08577286430924276,2378.536349470053,0.097686767578125,7.76067605053312e-06,794.4895833333334,0.06641666666666667,0.12954166666666667,0.21208333333333332,,0.11960360118596958,0.02738672244972339,0.014086886304308608,17.275000000000002,17.575,18.125,,6.3918,794.4895833333334,72.08333333333333,13.5
2024-09-06,5436.791666666667,0.009591362058037114,104.27113821775161,2510.295342049226,0.0774943105567082,2431.3239871217033,0.08578109741210938,6.0209560209590155e-06,795.0479166666668,0.07129166666666667,0.12925,0.21066666666666667,,0.12133698268324086,0.02940799630475338,0.015126567304397272,17.941304347826087,18.010416666666668,17.849999999999998,,0.0,795.0479166666668,50.71666666666667,15.266666666666666
2024-09-07,5559.0625,0.009485541492172773,105.43620812797418,2526.3491452099724,0.07385980095135979,2450.2337240402035,0.08200836181640625,5.756586450566939e-06,792.1479166666667,0.0745,0.12929166666666667,0.2105,,0.12272334724214914,0.031024618174129968,0.01595810778949087,19.539130434782606,19.193749999999998,18.3,,0.0,792.1479166666667,43.199999999999996,17.091666666666665
2024-09-08,5763.8125,0.009315151398867138,107.36184450667996,2570.999542645924,0.0641989685326043,2499.6789898655866,0.07278696695963542,5.289638535733399e-06,789.8395833333334,0.07166666666666667,0.12808333333333333,0.21075,,0.12111576687508054,0.02915003939794568,0.014993882218612283,19.673333333333332,19.591666666666665,18.6875,,0.0,789.8395833333334,39.86666666666667,17.016666666666666
2024-09-09,5759.916666666667,0.009318031942153937,107.32658509630399,2613.209569452952,0.05554625770590981,2540.3970535073054,0.06557973225911458,5.30771863029504e-06,790.0145833333332,0.06670833333333333,0.12575,0.20937499999999998,,0.11783680033996438,0.025326478722247935,0.013027160402408842,19.273913043478263,18.929166666666667,18.462500000000002,,0.0,790.0145833333332,40.458333333333336,16.666666666666668
2024-09-10,5737.020833333333,0.009336907679741453,107.1119024057844,2589.798122340056,0.06025156977700466,2503.3149708618703,0.07201258341471355,6.400201049985389e-06,789.1395833333332,0.06291666666666666,0.12395833333333334,0.20866666666666667,,0.11540064618980997,0.02248571072150397,0.011565956860551554,17.51489361702128,18.122916666666665,18.214583333333334,,0.4204,789.1395833333332,53.65,15.125
2024-09-11,5958.083333333333,0.0091627041161323,109.15344537019887,2579.6673476702986,0.06237579137908996,2497.513497154634,0.07308197021484375,6.091408137204063e-06,785.4354166666667,0.06195833333333334,0.12233333333333334,0.20654166666666665,,0.11396058969413206,0.0208064793756854,0.010702211989634506,17.193749999999998,17.46875,17.662499999999998,,0.24129999,785.4354166666667,49.041666666666664,15.133333333333333
2024-09-12,6325.395833333333,0.008892677452039139,112.46782826457012,2574.8576385006468,0.06361849154725248,2510.8982319694364,0.0709686279296875,4.722741892221162e-06,779.1354166666666,0.061875000000000006,0.12091666666666667,0.204875,,0.11307519258304823,0.01977402919967389,0.010171151426581098,17.517021276595745,17.110416666666666,17.108333333333334,,1.1671,779.1354166666666,35.074999999999996,17.341666666666665
2024-09-13,6261.1875,0.008938238538055348,111.89519533236705,2647.5807361685793,0.049007749028549125,2597.6909612967916,0.056500752766927086,3.5570174527305682e-06,782.9604166666667,0.0605,0.12108333333333333,0.20520833333333333,,0.11260124209098155,0.019221361630704765,0.009886876255558385,18.284444444444443,18.099999999999998,17.647916666666667,,0.0,782.9604166666667,29.016666666666666,15.4
2024-09-14,6076.083333333333,0.009072205418039282,110.23350757269843,2632.1622777806965,0.05187983382175882,2582.3421538557304,0.058834075927734375,3.573581492475314e-06,787.0291666666667,0.05775,0.11966666666666666,0.20458333333333334,,0.11076985993040994,0.017085810463486797,0.008788414526709304,17.955555555555556,17.825,17.560416666666665,,0.0,787.0291666666667,31.391666666666666,14.658333333333333
2024-09-15,6101.208333333333,0.00905347133981861,110.46132937803425,2642.0822983453913,0.04998710014588447,2583.5093952958755,0.05866114298502604,4.20424409349157e-06,786.7583333333333,0.05479166666666666,0.118125,0.2041666666666667,,0.10884863686263706,0.014845496970650384,0.0076360662850556635,17.01875,17.558333333333334,17.691666666666666,,0.0,786.7583333333333,35.875,13.825000000000001
2024-09-16,6003.3125,0.009127270709337222,109.57043957356069,2606.060257274561,0.0570362506745545,2517.8693850648797,0.06950887044270833,6.4905199828474605e-06,785.1520833333334,0.0536595744680851,0.11574468085106383,0.2022127659574468,,0.10710779228283906,0.012815520511137242,0.0065919089333287,16.282978723404256,16.25531914893617,16.74042553191489,,0.28059998,785.1520833333334,58.46666666666667,13.283333333333333
2024-09-17,5863.3125,0.009236113300766246,108.28324788450225,2554.908664993088,0.06765284077957344,2449.81612721075,0.08214696248372395,7.950429667202677e-06,782.6833333333334,0.05370833333333333,0.11408333333333333,0.201125,,0.10632025709367807,0.011897185862779047,0.006119545882055298,14.683333333333332,15.460416666666667,16.210416666666667,,1.8889999,782.6833333333334,80.575,11.233333333333334
2024-09-18,5984.854166666667,0.0091406298281649,109.40466129275949,2570.1053297095746,0.06418605429101688,2519.4181019352604,0.06907908121744792,3.7260125587166695e-06,782.4145833333333,0.0545,0.110875,0.19804166666666667,,0.10489401206518835,0.010234059891092509,0.005264085119421116,12.124444444444444,13.345833333333333,14.822916666666666,,3.8902,782.4145833333333,37.09166666666667,12.116666666666667
2024-09-19,5970.541666666667,0.009152034529850419,109.27195755915885,2603.3068318343653,0.057463727576485206,2549.617345004054,0.06403223673502605,3.899955377156002e-06,785.3416666666667,0.059125000000000004,0.11270833333333334,0.1975,,0.10744127786776846,0.01320439375970271,0.00679193335207342,14.515555555555556,14.897916666666667,15.112499999999999,,0.0,785.3416666666667,39.125,12.216666666666667
2024-09-20,6051.4375,0.009091180429519253,110.00758263452839,2620.9086076426606,0.054030693245686184,2566.265573045836,0.06139246622721354,3.949096040885446e-06,784.6541666666667,0.060458333333333336,0.114375,0.19833333333333333,,0.10878236465891825,0.014768217806829305,0.0075963162639847565,16.76304347826087,16.416666666666668,15.862499999999999,,0.0,784.6541666666667,34.300000000000004,15.15
2024-09-21,6126.770833333333,0.009038341383606267,110.67776503353817,2639.9641542229015,0.05108477381526704,2582.1852489785383,0.05977630615234375,4.1781019157797744e-06,783.7687500000001,0.05620833333333333,0.11329166666666667,0.19870833333333335,,0.10662330434490772,0.012250565362164189,0.006301313409704897,15.140425531914895,16.135416666666668,16.1875,,0.0,783.7687500000001,40.525,12.6
2024-09-22,5064.458333333333,0.009937574083953854,100.6377243037846,2260.6487796490833,0.15041356129067054,2178.1459656335824,0.15224329630533853,7.0145434813671236e-06,787.1437500000001,0.1625,0.11091666666666666,0.1965,,0.1519668617716177,0.06512510409754324,0.03349834718858884,12.151063829787235,12.910416666666668,14.308333333333332,,24.081999,787.1437500000001,86.34166666666665,8.358333333333333
2024-09-23,5220.854166666667,0.009787529494753274,102.18004457316714,2316.8008914008137,0.13062035413456727,2243.193235126635,0.13153711954752603,6.077414057968311e-06,787.5666666666666,0.154375,0.11737500000000001,0.19762500000000002,,0.15087845124904176,0.06385592259521065,0.03284551932443997,13.006666666666666,13.610416666666666,14.225,,0.0,787.5666666666666,64.41666666666667,11.158333333333333
2024-09-24,5366.166666666667,0.009653865219529486,103.59313592318706,2343.2875626675495,0.12214197947191463,2274.4094174119764,0.12267430623372395,5.608795976014762e-06,788.0729166666666,0.12541666666666668,0.12225000000000001,0.1991666666666667,,0.14019020313576602,0.051392494030035,0.026434715640946443,14.333333333333334,14.627083333333333,14.581249999999999,,0.0,788.0729166666666,54.25833333333333,12.65
2024-09-25,5446.1875,0.009582550415808092,104.3631494350714,2392.0004783153486,0.10767114990426412,2318.9123353582477,0.11098480224609375,5.83628332895443e-06,789.0020833333333,0.10816666666666667,0.12591666666666668,0.20145833333333332,,0.13438281441147268,0.044620572780795426,0.02295144797812566,15.953333333333333,15.924999999999999,15.216666666666667,,0.0,789.0020833333333,49.30833333333334,15.049999999999999
2024-09-26,5544.166666666667,0.00949758684132695,105.29740455920695,2436.6895472047063,0.09547432900178317,2367.0992352719127,0.0995038350423177,5.449616973772516e-06,788.0375,0.09641666666666666,0.12725,0.20354166666666665,,0.13013659236364286,0.039669107900478284,0.020404566987278612,16.815217391304348,16.65625,15.877083333333333,,0.0,788.0375,41.81666666666667,16.666666666666668
2024-09-27,5610.083333333333,0.009441856383068017,105.92065505083143,2463.8487166209056,0.08860989636805322,2399.7884666511195,0.09230422973632812,4.945937918886877e-06,789.6708333333332,0.088875,0.12675,0.20404166666666668,,0.1267619012271326,0.03573392399908806,0.018380429622641557,16.913333333333334,16.7375,15.989583333333334,,0.0,789.6708333333332,38.00833333333333,16.558333333333334
2024-09-28,5608.4375,0.009443058716634652,105.90578168570579,2494.6536611964984,0.08106699583949964,2425.6316764587777,0.08683268229166667,5.272298400677831e-06,790.9770833333333,0.08374999999999999,0.12670833333333334,0.2047083333333333,,0.124642095909625,0.03326204630062599,0.01710897188759072,17.433333333333334,17.129166666666666,16.318749999999998,,0.0,790.9770833333333,40.0,16.875
2024-09-29,5701.0625,0.009365750480018416,106.77781740417747,2508.9996297686343,0.0776077434700253,2439.307308902788,0.08396275838216145,5.292676068808856e-06,790.1729166666668,0.079375,0.12662500000000002,0.20591666666666666,,0.12295352527855638,0.031293025819950866,0.01609616841346029,18.395652173913046,17.724999999999998,16.710416666666667,,0.0,790.1729166666668,38.108333333333334,17.8
2024-09-30,5764.0,0.0093137165381468,107.36852425175638,2498.4062519697386,0.0798845079214339,2441.2742132193925,0.083404541015625,4.333805321294813e-06,787.5,0.084,0.132,0.206,,0.12686078340036733,0.035849229228665354,0.018439739080439194,26.7,22.6,17.3,,0.0,787.5,18.0,25.8
