,Site,Forest (mm),Meadow Corn Lily BWE (mm),Meadow Short Vegetation BWE (mm),Average Meadow BWE (mm),Fraction Forest,Fraction Meadow,BWE Representing 200 m Radius Footprint (mm),BWE Uncertainty (mm)
0,RF 2,63.30239568031186,0.7411649920000001,1.1843982720000001,0.9627816320000001,0.822695035460993,0.1773049645390071,52.24927262210054,1.6618195117633592
