date,Date (aggregated based on UTC),Raw_Moderated_cph,Raw_Mod_Coeff_of_Var,Raw_Mod_sqrt,Corrected_Mod_cph_for_Des,SWC_Des_cm3_cm3,Corrected_Mod_cph_for_UTS,SWC_UTS_cm3_cm3,Rhov_g_cm3,BaroPress_mb,SWC_5,SWC_10,SWC_20,SWC_50,WeightedTDR_SWC,WeightedTDR_SD,WeightedTDR_SE,sT_5,sT_10,sT_20,sT_50,PRISM_ppt_mm,BaroPress,airRH,airT,date,CRNS,Bare
2023-07-01,2023-07-01,5431.391304347826,0.0095957632389927,104.22067976920344,2476.987321399995,0.0863363954598606,2439.2645981630826,0.0816013502038043,2.8731906301339976e-06,802.9130434782609,0.0933478260869565,0.1189565217391304,0.1207826086956521,0.1114782608695652,0.1078185452553569,0.0,0.0,21.47826086956522,19.980434782608697,19.67608695652174,18.06304347826087,,802.9130434782609,59.26086956521739,0.0,2023-07-01,0.0816013502038043,764.5053336166129
2023-07-02,2023-07-02,5543.583333333333,0.0094978142413778,105.29286043823797,2493.4427325251445,0.0824239161961199,2463.953907032525,0.0769996643066406,2.2171225996930007e-06,801.8333333333334,0.1014166666666666,0.121,0.120625,0.1094583333333333,0.1119259729598968,0.0048011453340249,0.0024859674515986,24.09166666666667,22.379166666666663,20.491666666666667,17.8125,0.0,801.8333333333334,45.72916666666666,0.0,2023-07-02,0.0769996643066406,749.4463524832689
2023-07-03,2023-07-03,6054.510638297872,0.0090261394972091,110.79543453189804,2682.879864220195,0.0437554516064168,2596.184921282205,0.0558060355808423,6.187294282142495e-06,794.5729166666666,0.1040434782608695,0.1227391304347826,0.1217608695652174,0.1078260869565217,0.1138126623439175,0.0070064841943617,0.0036278617799561,24.15,23.47608695652174,21.38478260869565,18.169565217391305,0.0,794.5729166666666,47.90416666666667,17.583333333333332,2023-07-03,0.0558060355808423,746.0359432714661
2023-07-04,2023-07-04,6183.916666666667,0.0089929332790915,111.206647835133,2669.156356882167,0.0463018111695891,2578.154487688404,0.0584958394368489,6.53830537093703e-06,792.6958333333333,0.0993125,0.1228124999999999,0.1219166666666666,0.106,0.1117280334422987,0.0045697751287053,0.002366167120703,25.34166666666667,23.9375,22.13125,18.52083333333333,0.0,792.6958333333333,43.833333333333336,18.416666666666668,2023-07-04,0.0584958394368489,743.2971971692544
2023-07-05,2023-07-05,6223.3125,0.0089645019605854,111.5599790008648,2695.818333008479,0.0415612213354476,2596.728763249173,0.0557467142740885,7.064919101925945e-06,792.7687500000001,0.0955416666666666,0.121125,0.1204791666666666,0.1050208333333333,0.1092027843956109,0.0016180280622004,0.0008377928220372,24.977083333333336,23.191666666666663,21.64583333333333,18.72083333333333,0.19139999,792.7687500000001,49.77708333333334,17.929166666666667,2023-07-05,0.0557467142740885,759.6131461799837
2023-07-06,2023-07-06,6288.0,0.0089195011622433,112.13305960086927,2700.221889227837,0.0408403824885941,2604.6303184571907,0.0547447204589843,6.809595815773e-06,792.5083333333333,0.09525,0.1196041666666666,0.1191041666666666,0.1032083333333333,0.1082373135845012,0.0004894955563761,0.0002534541106742,24.44255319148936,22.62708333333333,21.28333333333333,18.7625,0.0537,792.5083333333333,53.42291666666667,17.10625,2023-07-06,0.0547447204589843,746.984592598092
2023-07-07,2023-07-07,6437.375,0.0088144851537575,113.46114993295905,2701.6014746787064,0.0405297944604619,2626.210579389068,0.0516713460286458,5.325219802171235e-06,790.7770833333334,0.0950208333333333,0.1209791666666666,0.1195208333333333,0.1019791666666666,0.1086291032484934,0.0009474559278066,0.0004905797334772,26.454166666666666,24.28333333333333,22.09166666666667,18.83125,0.0,790.7770833333334,42.79791666666667,17.416666666666668,2023-07-07,0.0516713460286458,746.712089065218
2023-07-08,2023-07-08,6468.5,0.0087930914846541,113.73583012380412,2714.864137490156,0.0382438841290865,2630.482973334015,0.0510431925455729,5.945158604446809e-06,790.1020833333333,0.0918333333333333,0.1206666666666666,0.1197083333333333,0.10125,0.1071385951889173,0.0007947891779685,0.0004115309764339,26.675,24.52916666666667,22.527083333333334,19.1,0.0,790.1020833333333,44.84791666666666,17.849999999999998,2023-07-08,0.0510431925455729,747.786108645197
2023-07-09,2023-07-09,6465.854166666667,0.0087947499674742,113.71317366759916,2744.949599581316,0.033297440398945,2677.148457869509,0.0449867248535156,4.692760227347172e-06,792.2583333333333,0.0886666666666666,0.1191666666666666,0.1190833333333333,0.0997916666666666,0.1050787198747905,0.0032025639373786,0.0016582438472681,24.66046511627907,24.147916666666664,22.402083333333334,19.31458333333333,0.0,792.2583333333333,38.110416666666666,16.916666666666668,2023-07-09,0.0449867248535156,745.6576186653264
2023-07-10,2023-07-10,6441.270833333333,0.0088113598655484,113.49747372666002,2754.5814568746373,0.0317769344535132,2676.3977545929865,0.0451227823893229,5.415031422270251e-06,793.3354166666667,0.0860625,0.11875,0.1188125,0.098625,0.1037045674470613,0.004808801707392,0.0024899318171122,26.825,24.785416666666663,22.860416666666666,19.46875,0.0,793.3354166666667,40.40833333333333,17.872916666666665,2023-07-10,0.0451227823893229,743.7322967095662
2023-07-11,2023-07-11,6377.395833333333,0.0088552222211732,112.9339817527035,2759.744863020996,0.0309503496142055,2673.5092225362278,0.0454495747884114,5.975401605449897e-06,794.3333333333334,0.0847916666666666,0.1177291666666666,0.1182708333333333,0.0968541666666666,0.1026386008885624,0.0060548030339417,0.0031350942787648,25.5,25.04375,22.96875,19.675,0.0,794.3333333333334,42.7125,18.93958333333333,2023-07-11,0.0454495747884114,742.8583787304054
2023-07-12,2023-07-12,6363.375,0.0088650731432056,112.80933867780308,2764.135941813629,0.0302662136908869,2661.970399591773,0.0469843546549479,7.1172185703162775e-06,794.1395833333332,0.0834375,0.1178958333333333,0.1185833333333333,0.0955416666666666,0.1021126036331642,0.0066696377797057,0.0034534473090823,27.25,26.18125,23.7875,19.95416666666667,0.0,794.1395833333332,44.98541666666667,19.85833333333333,2023-07-12,0.0469843546549479,750.5069269211539
2023-07-13,2023-07-13,6490.083333333333,0.0087778868743212,113.9278937975127,2772.145568472825,0.0289993260221148,2673.597619286347,0.0454343159993489,6.826823189916173e-06,793.46875,0.082125,0.1169999999999999,0.118375,0.0939583333333333,0.1011410494137127,0.0078052811416853,0.0040414679246004,27.0,26.57708333333333,24.164583333333336,20.329166666666666,0.0,793.46875,44.3125,19.875,2023-07-13,0.0454343159993489,743.5485110418243
2023-07-14,2023-07-14,6534.979166666667,0.0087477031862599,114.32118777510853,2754.8471314350422,0.0316635507744968,2668.116569472176,0.0460866292317708,6.0235641403571575e-06,793.9,0.0807083333333333,0.1154375,0.1180416666666666,0.092625,0.0998872625863719,0.00927082434998,0.0048003061728226,26.25897435897436,26.58333333333333,24.397916666666664,20.6375,0.0,793.9,40.927083333333336,19.672916666666666,2023-07-14,0.0460866292317708,732.4734345719659
2023-07-15,2023-07-15,6407.9375,0.0088350992476493,113.19977487491752,2793.8683565760907,0.0257279798734654,2721.263535389757,0.0397224426269531,4.943626240186849e-06,795.975,0.0786666666666666,0.1138125,0.1176041666666666,0.0908333333333333,0.0983020117082752,0.0111238137156164,0.0057597587472918,25.942500000000003,26.375,24.472916666666663,20.866666666666667,0.0,795.975,36.70208333333333,17.66875,2023-07-15,0.0397224426269531,742.2916383682801
2023-07-16,2023-07-16,6322.458333333333,0.008893863516704,112.44543320414324,2804.5241684451125,0.0240991202416981,2726.2649596047686,0.0391108194986979,5.318570260787273e-06,797.4562500000001,0.077375,0.1124791666666666,0.116875,0.089,0.0970845507453836,0.0125468958589451,0.0064966112362583,25.76410256410256,26.447916666666668,24.445833333333336,20.99375,0.0,797.4562500000001,40.458333333333336,18.241666666666667,2023-07-16,0.0391108194986979,738.6712887263783
2023-07-17,2023-07-17,6251.229166666667,0.0089443551956277,111.8103576801633,2797.8257575097277,0.0250523622793605,2711.809147491619,0.0407511393229166,5.874536482579872e-06,796.7645833333332,0.0763124999999999,0.1116249999999999,0.1165833333333333,0.0875208333333333,0.0962241547945387,0.0135526070490039,0.0070173547485358,26.41025641025641,26.929166666666664,24.7125,21.13958333333333,0.0,796.7645833333332,40.3625,19.95,2023-07-17,0.0407511393229166,746.2690942997139
2023-07-19,2023-07-19,6181.708333333333,0.0089943454116668,111.18759491966992,2777.825300660379,0.0282510423382849,2651.322961040769,0.0484237670898437,8.837982030084521e-06,797.3375,0.075125,0.1102083333333333,0.1165416666666666,0.0847916666666666,0.0951235363276142,0.0148391127642903,0.0076834898292284,28.922500000000003,28.17708333333333,25.65416666666667,21.66875,0.0,797.3375,50.8125,21.175,2023-07-19,0.0484237670898437,742.9235457116918
2023-07-20,2023-07-20,5921.041666666667,0.0091941189610299,108.80269490699771,2654.437770369841,0.0498808225307777,2521.178754229796,0.0683403015136718,9.812181539541814e-06,797.65625,0.0743958333333333,0.1074375,0.1156666666666666,0.082875,0.0936428116047574,0.0165699221918699,0.0085796793012259,28.879166666666663,27.183333333333334,25.63958333333333,21.9625,3.6139998,797.65625,61.614583333333336,19.6,2023-07-20,0.0683403015136718,751.024737524329
2023-07-21,2023-07-21,5774.145833333333,0.0093070181531981,107.4572710256558,2625.4656555882043,0.054382118557155,2504.880683603023,0.0700085957845052,8.92643919825479e-06,799.475,0.07775,0.1042083333333333,0.1131041666666666,0.0812083333333333,0.0934820460695838,0.016757839972679,0.0086769805604395,25.30714285714286,25.40833333333333,24.304166666666664,21.816666666666663,0.2747,799.475,63.552083333333336,18.527083333333334,2023-07-21,0.0700085957845052,743.2835984021267
2023-07-22,2023-07-22,5771.6875,0.0093086627780461,107.43566217854176,2612.6317894239805,0.0568685781278382,2535.578511928544,0.0649922688802083,5.63097979292048e-06,802.0104166666666,0.077875,0.1047083333333333,0.1125833333333333,0.07875,0.0935118178591817,0.0167230399228678,0.0086589615701516,25.915,26.316666666666663,24.383333333333336,21.51875,0.0,802.0104166666666,36.9375,20.20833333333333,2023-07-22,0.0649922688802083,725.5802566158203
2023-07-23,2023-07-23,5778.75,0.0093027020304135,107.50242944999128,2609.071668459588,0.0575258200595856,2540.619568813268,0.0641352335611979,4.990127031568172e-06,801.6020833333333,0.0750416666666666,0.1054583333333333,0.1126666666666666,0.0779583333333333,0.0925076146322785,0.0178968464957578,0.0092667425748209,26.14102564102564,26.804166666666664,24.75625,21.58125,0.0,801.6020833333333,29.77083333333333,21.08333333333333,2023-07-23,0.0641352335611979,730.4028361671119
2023-07-24,2023-07-24,5682.416666666667,0.0093809594388209,106.60361719183236,2607.8379821297235,0.0577132679090313,2524.054087455231,0.0667368570963541,6.148852362334016e-06,802.6395833333332,0.072875,0.105125,0.112625,0.0765416666666666,0.0913875300212168,0.0192061060593938,0.0099446592872827,26.975,26.96875,25.027083333333334,21.6375,0.0,802.6395833333332,36.75,21.166666666666668,2023-07-24,0.0667368570963541,729.8825545823865
2023-07-25,2023-07-25,5624.041666666667,0.0094302970220202,106.0517270863236,2589.048867777487,0.0614848269370438,2495.1562552024307,0.0716145833333333,6.98127104149349e-06,802.2645833333332,0.071875,0.1045,0.1124166666666666,0.0760833333333333,0.0906846584215637,0.0200276880673651,0.0103700632249976,28.147727272727277,27.225,25.23125,21.875,0.0,802.2645833333332,37.10416666666666,22.125,2023-07-25,0.0716145833333333,753.316360571075
2023-07-26,2023-07-26,5459.1875,0.0095710501643276,104.48793413694666,2537.949191107148,0.0724411952458254,2441.549665796864,0.0812619527180989,7.314938093510867e-06,802.4020833333334,0.07325,0.100625,0.110375,0.07525,0.0895735347766273,0.021326473216405,0.0110425564287028,25.63958333333333,24.695833333333336,24.20625,21.86875,0.3223,802.4020833333334,43.083333333333336,20.9375,2023-07-26,0.0812619527180989,743.9663155112689
2023-07-27,2023-07-27,5471.354166666667,0.0095612047920252,104.60135033521304,2542.81880274977,0.0712786855645555,2437.96984633694,0.0818684895833333,7.970334252081754e-06,801.6208333333334,0.076,0.0997083333333333,0.1090416666666666,0.074,0.09016967590005,0.0206296477628546,0.0106817497302062,24.83125,23.745833333333334,23.14375,21.525,0.68759996,801.6208333333334,53.375,19.041666666666668,2023-07-27,0.0818684895833333,732.972869430147
2023-07-28,2023-07-28,5517.020833333333,0.0095209266780267,105.0392938408375,2527.33250681051,0.0747082468811752,2436.6983375755444,0.0820960998535156,6.890673180648626e-06,801.0020833333333,0.07725,0.1009583333333333,0.109,0.0725,0.0910692741732596,0.0195781132350178,0.0101372795197527,26.695833333333336,24.63125,23.085416666666664,21.1,0.039499998,801.0020833333333,35.895833333333336,22.729166666666668,2023-07-28,0.0820960998535156,728.8980064764806
2023-07-29,2023-07-29,5531.916666666667,0.009507938137667,105.18159367019148,2556.7681416555147,0.0682836486077898,2471.266227189445,0.075720469156901,6.404855418358962e-06,802.3229166666666,0.075,0.102,0.1091666666666666,0.0724583333333333,0.0904613730252134,0.0202886849043048,0.0105052038209309,26.6375,25.1125,23.62291666666667,21.19375,0.99859995,802.3229166666666,38.645833333333336,20.791666666666668,2023-07-29,0.075720469156901,728.5186524553259
2023-07-30,2023-07-30,5492.666666666667,0.0095419587431053,104.80738315443548,2551.412536451557,0.069357679696464,2450.0466473785623,0.0795211791992187,7.663110822115261e-06,802.5145833333332,0.0745,0.1025,0.1091249999999999,0.072,0.090383852078669,0.0203792986308421,0.0105521223703952,26.76744186046512,25.71666666666667,23.75,21.2375,0.0413,802.5145833333332,40.458333333333336,22.70833333333333,2023-07-30,0.0795211791992187,730.483221016851
2023-07-31,2023-07-31,5511.1875,0.009525780935302,104.98441640287918,2544.877834654642,0.0708699149694253,2425.625903486124,0.0841712951660156,9.105226679778638e-06,801.9729166666666,0.0734166666666666,0.10225,0.1092916666666666,0.0717083333333333,0.0898475896374734,0.0210061322850324,0.0108766882715439,27.058333333333334,25.77916666666667,24.245833333333334,21.3375,1.2184,801.9729166666666,54.35416666666666,19.854166666666668,2023-07-31,0.0841712951660156,726.3692918323204
2023-08-01,2023-08-01,5416.104166666667,0.0096096396276992,104.07264664512564,2522.526084780972,0.0758634763211435,2391.55758382099,0.0909716288248698,1.0138903166617209e-05,801.6437500000001,0.0735833333333333,0.1005833333333333,0.1087083333333333,0.0708333333333333,0.0892212619169155,0.0217382426542065,0.0112557650172209,26.68958333333333,24.7125,23.572916666666668,21.399999999999995,2.3003,801.6437500000001,62.54166666666666,19.5625,2023-08-01,0.0909716288248698,737.086445992631
2023-08-02,2023-08-02,5256.270833333333,0.0097555580271497,102.52233080645892,2526.820832007526,0.0750640667707454,2391.7629055777397,0.091101328531901,1.0456217480884712e-05,801.5416666666666,0.074625,0.1000416666666666,0.1076666666666666,0.07,0.0892658233406927,0.0216861550978975,0.0112287947922832,26.49375,24.81875,23.633333333333336,21.399999999999995,7.8785,801.5416666666666,71.0,18.3125,2023-08-02,0.091101328531901,771.2373638808139
2023-08-03,2023-08-03,4751.6875,0.0103014610546077,97.36056930391383,2213.672675219243,1.202122170603696,2100.752273289755,0.2501602172851562,9.996203604889622e-06,799.1145833333334,0.21,0.1309375,0.1071666666666666,0.07,0.1587200320396125,0.0594984144210371,0.0308074660069558,23.495833333333334,23.610416666666666,23.27083333333333,21.3875,18.481699,799.1145833333334,73.14166666666667,17.0125,2023-08-03,0.2501602172851562,813.4276156775887
2023-08-04,2023-08-04,4966.229166666667,0.0100362031737093,99.65422446572585,2251.6546615749044,0.1543662510228921,2156.152241617895,0.1528650919596354,8.214360339013632e-06,795.7541666666666,0.2457916666666666,0.1939166666666666,0.1056874999999999,0.069625,0.1950508734099917,0.1019652968773743,0.0527962374797031,21.697916666666668,20.941666666666663,21.34583333333333,20.972916666666663,1.8166,795.7541666666666,63.40625,16.664583333333333,2023-08-04,0.1528650919596354,800.0945432265002
2023-08-05,2023-08-05,5070.375,0.009931529622524,100.69733511627724,2328.996002168111,0.1274005375990703,2234.492937291684,0.1285374959309896,7.836180636680341e-06,795.7854166666666,0.2247083333333333,0.1984166666666666,0.10625,0.069,0.1874029831034269,0.0930257280031824,0.0481674508660025,23.525,22.43541666666667,21.75625,20.4875,0.0,795.7854166666666,57.25208333333333,17.5,2023-08-05,0.1285374959309896,790.3365129321913
2023-08-06,2023-08-06,5207.604166666667,0.0098007060489485,102.04774723362604,2396.883251334635,0.107264697936647,2300.945337732536,0.1113128662109375,7.732076331474578e-06,795.3020833333334,0.2081666666666667,0.19325,0.1061458333333333,0.0689375,0.1784191007836774,0.0825245268175302,0.0427300723794121,23.416666666666668,22.25208333333333,21.73958333333333,20.335416666666667,0.0,795.3020833333334,59.76458333333333,17.020833333333332,2023-08-06,0.1113128662109375,791.1900672866788
2023-08-07,2023-08-07,5387.833333333333,0.0096351696237993,103.79939260077528,2462.789602966926,0.0899512161028409,2375.7338927722026,0.0943832397460937,6.7983401428830114e-06,795.2083333333334,0.1959791666666666,0.1881666666666666,0.1065625,0.069,0.171474033771614,0.0744064834877342,0.0385266604673586,23.789583333333336,22.89375,22.11875,20.266666666666666,0.0,795.2083333333334,51.00208333333333,17.522916666666667,2023-08-07,0.0943832397460937,779.6068879859973
2023-08-08,2023-08-08,5601.375,0.0094520078089759,105.8279169780729,2507.682495782727,0.0796160098242038,2432.223397367849,0.0834439595540364,5.760019631827458e-06,793.6333333333333,0.1821874999999999,0.1805625,0.10625,0.0689791666666666,0.1628444147447704,0.0643193783442038,0.0333036952532129,22.61875,21.95208333333333,21.641666666666666,20.23125,0.0,793.6333333333333,48.97083333333333,16.179166666666667,2023-08-08,0.0834439595540364,765.6799385589378
2023-08-09,2023-08-09,5711.583333333333,0.0093582001831801,106.87219404847406,2542.2773059675765,0.0716022005270138,2468.217327976156,0.0764986673990885,5.562097971477796e-06,792.8541666666666,0.1702291666666666,0.1741041666666666,0.1062083333333333,0.0688958333333333,0.1554485364011064,0.0556743846023903,0.0288274356180133,22.93958333333333,21.902083333333334,21.40416666666667,20.0625,0.0,792.8541666666666,46.47083333333333,15.6,2023-08-09,0.0764986673990885,773.216349762991
2023-08-10,2023-08-10,5851.125,0.0092447376135967,108.17450327370726,2568.858692867718,0.0656832396152668,2484.4228931778293,0.0734036763509114,6.293926036281876e-06,792.5520833333334,0.1582916666666666,0.1686041666666666,0.10675,0.0686458333333333,0.1484866999525615,0.0475367395881561,0.0246138742215931,23.73125,22.70625,21.83333333333333,20.00625,0.0,792.5520833333334,48.39375,16.739583333333332,2023-08-10,0.0734036763509114,762.0946910646234
2023-08-11,2023-08-11,5661.916666666667,0.0093982286062479,106.41000792930338,2530.0731986949936,0.0740256378235305,2415.7197992760266,0.086041768391927,8.76815471087824e-06,794.6750000000001,0.145,0.1615833333333333,0.106875,0.0685833333333333,0.1403527009264387,0.0380289614164139,0.0196908765975748,22.785416666666663,22.039583333333336,21.73958333333333,20.072916666666668,1.9351,794.6750000000001,71.60208333333334,15.620833333333332,2023-08-11,0.086041768391927,769.7053069425565
2023-08-12,2023-08-12,5788.458333333333,0.0092948764585349,107.5927645595434,2572.037772216297,0.0649950136364257,2453.3873487237997,0.0788968404134114,8.956224703936524e-06,795.3562499999999,0.1381666666666666,0.1554791666666666,0.1066874999999999,0.0682708333333333,0.1352819112844058,0.0321017486251188,0.0166218468030723,23.370833333333334,22.2125,21.425,19.977083333333333,0.0,795.3562499999999,64.03750000000001,17.464583333333334,2023-08-12,0.0788968404134114,761.3163723178251
2023-08-13,2023-08-13,5937.729166666667,0.0091777049501872,108.96961287355371,2615.225611707766,0.0564676001733162,2508.6293631063827,0.0694478352864583,7.87220357879947e-06,795.7083333333334,0.1328958333333333,0.1507708333333333,0.1075833333333333,0.0684583333333333,0.1315865970079375,0.0277823199772057,0.0143853056694148,24.4125,22.93541666666667,21.93958333333333,19.99375,0.0131,795.7083333333334,61.65416666666667,16.797916666666666,2023-08-13,0.0694478352864583,746.9589367976295
2023-08-14,2023-08-14,5959.645833333333,0.0091606330565569,109.17124677262788,2643.5093225568057,0.0509520341766504,2553.987670390976,0.0620880126953125,6.491464116344744e-06,797.8375,0.1252291666666666,0.1455208333333333,0.1085,0.0687916666666666,0.1266715179164276,0.0220371162282793,0.0114105176700978,25.30208333333333,23.714583333333334,22.572916666666668,20.2,0.0,797.8375,49.68541666666667,17.34375,2023-08-14,0.0620880126953125,748.5656765964063
2023-08-15,2023-08-15,5940.479166666667,0.009175728040754,108.99426164520172,2672.1160482834625,0.0457010805231656,2573.625437418199,0.0590998331705729,7.087876789757441e-06,799.5520833333334,0.1175833333333333,0.1405625,0.1091249999999999,0.069,0.1218019020149627,0.0163450541043445,0.0084632456780798,26.06041666666667,24.285416666666663,23.010416666666668,20.4375,0.0,799.5520833333334,50.8875,18.366666666666667,2023-08-15,0.0590998331705729,745.3913823089983
2023-08-16,2023-08-16,6062.541666666667,0.0090825800441372,110.1095793992362,2681.0237815484334,0.0440486829754311,2573.30207878791,0.059088389078776,7.753533904947099e-06,797.7229166666666,0.111,0.1366041666666666,0.1100416666666666,0.069,0.1177786126807755,0.0116422575601922,0.0060282018860494,26.714893617021275,25.116666666666664,23.59166666666667,20.70833333333333,0.0,797.7229166666666,50.61666666666667,19.4,2023-08-16,0.059088389078776,742.9984571962051
2023-08-17,2023-08-17,6137.770833333333,0.0090270814668074,110.78927438311904,2699.473922697437,0.0410283033811565,2583.069125878645,0.0578244527180989,8.345040499103563e-06,796.3666666666667,0.1049791666666666,0.1328958333333333,0.1105833333333333,0.069,0.1140126786597122,0.0072402819554872,0.0037489190660782,26.575,24.98333333333333,23.9125,21.029166666666665,2.5978,796.3666666666667,55.67083333333333,19.035416666666663,2023-08-17,0.0578244527180989,740.4249363915603
2023-08-18,2023-08-18,6192.166666666667,0.0089866265978099,111.2820982576143,2716.8118415566737,0.0379322568935379,2590.30792738098,0.0566431681315104,9.04557252624562e-06,795.4520833333332,0.0999166666666666,0.1291875,0.1104791666666666,0.069,0.1105421194155619,0.003183567992368,0.0016484080065003,25.1625,24.4375,23.891666666666666,21.20833333333333,0.0,795.4520833333332,55.00416666666666,19.741666666666667,2023-08-18,0.0566431681315104,759.0976299204171
2023-08-19,2023-08-19,6151.541666666667,0.0090163726133542,110.91595862512332,2726.243530810332,0.0364805955484056,2601.9051827044063,0.0551096598307291,8.851404646691297e-06,795.7875,0.0992708333333333,0.1241041666666666,0.1085416666666666,0.069,0.1081950735396302,0.0004401214446621,0.0002278888702715,23.116666666666664,22.00625,22.089583333333334,21.091666666666665,2.3725998,795.7875,60.58125,18.660416666666663,2023-08-19,0.0551096598307291,753.3789246641254
2023-08-20,2023-08-20,6243.791666666667,0.0089496900167347,111.74379249424778,2773.914128639665,0.0286733088832795,2675.4653942049663,0.0452117919921875,6.82794584937565e-06,795.6437500000001,0.1036666666666666,0.124375,0.1090208333333333,0.0688541666666666,0.1102964707230339,0.0028964308450394,0.0014997323150262,25.160416666666663,23.504166666666663,22.50625,20.772916666666667,0.0,795.6437500000001,47.16041666666666,20.397916666666667,2023-08-20,0.0452117919921875,750.5437144795295
2023-08-21,2023-08-21,6240.3125,0.0089522722475415,111.71231484047968,2794.738992557363,0.0254990353469444,2708.86755842276,0.0411186218261718,5.876534833324658e-06,797.3833333333333,0.102125,0.1236666666666666,0.1095,0.0684791666666666,0.1094640152074154,0.0019233790466651,0.0009958993895083,25.847916666666663,24.110416666666666,23.027083333333334,20.82708333333333,0.0,797.3833333333333,37.31666666666667,20.289583333333333,2023-08-21,0.0411186218261718,744.2159163777628
2023-08-22,2023-08-22,6164.5625,0.0090070189572977,111.0325632552626,2784.800388921063,0.0270420728157655,2680.6058702452897,0.0445823669433593,7.205652662503173e-06,798.2687500000001,0.0968333333333333,0.1225,0.10975,0.0683333333333333,0.1068016798469028,0.0011886073139485,0.0006154446261536,24.95208333333333,24.1375,23.48125,21.010416666666668,0.0,798.2687500000001,47.27708333333334,18.729166666666668,2023-08-22,0.0445823669433593,742.6674848386336
2023-08-23,2023-08-23,6112.3125,0.0090456715781516,110.56004178879824,2777.5120662118484,0.0281396449052056,2652.6585078179705,0.0480969746907552,8.716660395697899e-06,798.0854166666667,0.09375,0.1196875,0.1084166666666666,0.068,0.1042470168044356,0.004174736207414,0.0021616213650298,23.86875,22.683333333333334,22.354166666666668,20.972916666666663,1.3773,798.0854166666667,61.31666666666666,17.954166666666666,2023-08-23,0.0480969746907552,775.2110196242512
2023-08-24,2023-08-24,5575.375,0.0094737951823789,105.58274288065292,2522.9735526108693,0.0759708165622621,2382.032902243829,0.0932604471842448,1.0966264137225718e-05,796.4979166666667,0.0959999999999999,0.1189166666666666,0.1081249999999999,0.068,0.1049194677632912,0.0033887126871701,0.0017546291263926,24.24375,22.954166666666666,22.39375,20.81458333333333,4.3480997,796.4979166666667,80.44791666666667,17.122916666666665,2023-08-24,0.0932604471842448,819.6473555647389
2023-08-25,2023-08-25,5431.125,0.0095962324136677,104.2172659244746,2475.202614079354,0.0869746419400498,2323.1047200734347,0.106000264485677,1.2124081679166458e-05,797.30625,0.109375,0.1168958333333333,0.1076458333333333,0.067,0.1099733865540366,0.0025187798765843,0.0013041898037444,20.933333333333334,21.504166666666663,21.93125,20.71875,8.3561,797.30625,91.8875,15.604166666666666,2023-08-25,0.106000264485677,831.6866948267626
2023-08-26,2023-08-26,5369.020833333333,0.0096523340652387,103.6169369683635,2460.9528049127607,0.0904790732033974,2323.7688029900933,0.1059201558430989,1.0941355054125075e-05,797.9541666666668,0.1593541666666666,0.1157291666666666,0.1061666666666666,0.066625,0.1311680688630649,0.0272931051706512,0.0141319969271619,21.566666666666663,20.5625,20.53333333333333,20.325,5.0078998,797.9541666666668,79.65416666666667,17.116666666666667,2023-08-26,0.1059201558430989,830.0175484971019
2023-08-27,2023-08-27,5589.041666666667,0.0094607980149972,105.71737063038825,2534.803832353029,0.0733023491674843,2407.71883067703,0.0879402160644531,9.778238743025133e-06,797.7416666666667,0.1824583333333333,0.1178958333333333,0.1068958333333333,0.06625,0.1421306314642925,0.0401071727739997,0.020766946042065,22.754166666666663,21.725,21.214583333333334,20.05625,3.0014,797.7416666666667,67.95416666666667,18.2125,2023-08-27,0.0879402160644531,824.9081193605028
2023-08-28,2023-08-28,5811.125,0.0092774292406496,107.80051333185033,2608.6090341251206,0.0578826999885015,2491.628735883663,0.0725987752278645,8.717931829627369e-06,797.1520833333334,0.1845416666666667,0.1194166666666666,0.1071041666666666,0.0668333333333333,0.1436105636300192,0.0418370557867424,0.0216626558291183,23.2375,21.90833333333333,21.258333333333333,20.00625,0.4464,797.1520833333334,58.00625,19.03125,2023-08-28,0.0725987752278645,811.1488465191683
2023-08-29,2023-08-29,5833.625,0.009259463743692,108.00921875834574,2642.736174800941,0.0511297380591656,2544.8624380394363,0.0635706583658854,7.130962620486578e-06,798.4729166666666,0.1705833333333333,0.1201041666666666,0.1072291666666666,0.0667083333333333,0.1377476868689892,0.0349839775514102,0.0181142255586243,22.254166666666663,21.3125,21.28125,20.010416666666668,0.44739997,798.4729166666666,59.06875,16.316666666666666,2023-08-29,0.0635706583658854,793.1859261461573
2023-08-30,2023-08-30,6092.0,0.0090600306837596,110.37907505368032,2687.274639453617,0.0430328141094792,2598.738177667135,0.0554860432942708,6.312416593991806e-06,795.8770833333333,0.159,0.1213125,0.1071666666666666,0.0665,0.1330587898088016,0.029503156497065,0.0152763313060634,22.391666666666666,21.44375,21.164583333333333,19.902083333333334,0.0,795.8770833333333,50.62916666666666,16.618750000000002,2023-08-30,0.0554860432942708,782.376718772298
2023-08-31,2023-08-31,6299.916666666667,0.008909660298771,112.24521669892124,2725.452739898368,0.0365594498074926,2638.071247548733,0.0501073201497395,6.137137286971873e-06,793.05625,0.14875,0.1232083333333333,0.1076041666666666,0.0664583333333333,0.1292847666511539,0.0250917255536024,0.0129921526408803,23.71666666666667,22.352083333333336,21.47083333333333,19.860416666666666,0.0,793.05625,45.38958333333333,18.370833333333334,2023-08-31,0.0501073201497395,768.4801317211649
2023-09-01,2023-09-01,6283.979166666667,0.0089217328790512,112.09999333149187,2724.09390027958,0.036817423133833,2631.719041084885,0.0509630839029947,6.504018833744969e-06,793.8270833333332,0.1358125,0.1231458333333333,0.1079791666666666,0.066625,0.1236781155178524,0.0185381477758599,0.0095987996149826,23.40833333333333,22.45833333333333,21.84375,19.98125,0.0,793.8270833333332,47.01666666666667,17.347916666666666,2023-09-01,0.0509630839029947,764.99592048083
2023-09-02,2023-09-02,6057.645833333333,0.0090862316915126,110.06519700248214,2684.585949613718,0.0435021473346957,2574.5570443568627,0.0589675903320312,7.914628320529926e-06,796.6083333333332,0.1237291666666666,0.1211458333333333,0.107625,0.0667708333333333,0.1176596416260894,0.0115031930738085,0.0059561961951629,21.464583333333334,21.122916666666665,21.38125,20.04791666666667,0.0,796.6083333333332,58.458333333333336,16.977083333333333,2023-09-02,0.0589675903320312,757.3323531260089
2023-09-03,2023-09-03,6017.416666666667,0.0091167074580693,109.6985009077684,2686.57599514908,0.0431506931908822,2564.653370781896,0.0604743957519531,8.807564957674918e-06,795.8083333333334,0.1178125,0.1202708333333333,0.1071249999999999,0.066,0.1146533334511676,0.0079891391439697,0.0041366670859663,21.64583333333333,21.104166666666668,20.885416666666668,19.875,0.1768,795.8083333333334,67.03750000000001,16.079166666666666,2023-09-03,0.0604743957519531,755.9874575721111
2023-09-04,2023-09-04,6343.6875,0.0088792100538114,112.63304949188957,2686.480750864119,0.043107176807874,2579.051693585862,0.0582720438639322,7.721679038837184e-06,789.4020833333334,0.1123541666666666,0.1182916666666666,0.1065625,0.066,0.1114968012565707,0.0042994893417253,0.0022262168333622,20.725,20.039583333333333,20.272916666666667,19.68125,1.1488,789.4020833333334,63.91041666666666,15.08125,2023-09-04,0.0582720438639322,750.4042482845733
2023-09-05,2023-09-05,6332.520833333333,0.008886648275074,112.53550086340334,2707.5482752758303,0.0396144574056373,2618.470754118092,0.0528144836425781,6.3061346953032605e-06,792.5833333333334,0.1084166666666666,0.1169791666666666,0.1063124999999999,0.0659583333333333,0.1092865144549212,0.0017158995799707,0.0008884693566322,20.75625,19.695833333333333,19.904166666666665,19.45833333333333,0.0,792.5833333333334,61.6375,13.339583333333332,2023-09-05,0.0528144836425781,747.6917165148448
2023-09-06,2023-09-06,6281.4375,0.0089226377426465,112.0809731657646,2702.0393178783133,0.0404645648535429,2631.1963981879267,0.0509618123372395,4.988929370738958e-06,795.1020833333333,0.1046041666666666,0.1164375,0.1062291666666666,0.0659375,0.1074203073081265,0.0004654977274618,0.0002410283627663,21.197916666666668,19.902083333333334,19.922916666666666,19.241666666666667,0.0,795.1020833333333,46.92291666666667,14.75625,2023-09-06,0.0509618123372395,749.6403342078205
2023-09-07,2023-09-07,6279.083333333333,0.0089242068696682,112.06040325933684,2688.958694787253,0.0426960243592879,2622.395796664662,0.0521443684895833,4.702543232949734e-06,795.4354166666667,0.1005625,0.1161041666666666,0.1064166666666666,0.0659791666666666,0.1055775008027812,0.0026195421784134,0.0013563631468257,21.55208333333333,20.179166666666667,20.08333333333333,19.166666666666668,0.0,795.4354166666667,40.516666666666666,15.595833333333331,2023-09-07,0.0521443684895833,752.1216546756237
2023-09-08,2023-09-08,6256.770833333333,0.0089404154782541,111.85983016605788,2718.0577395936766,0.037738322575438,2656.042686734417,0.047674814860026,4.325295738746971e-06,797.5437499999999,0.0961666666666666,0.1151249999999999,0.1061041666666666,0.0655416666666666,0.1032507812655855,0.005339229401939,0.0027645800296388,21.154166666666665,19.86458333333333,20.004166666666663,19.11458333333333,0.0,797.5437499999999,41.2875,14.570833333333333,2023-09-08,0.047674814860026,744.9057245409895
2023-09-09,2023-09-09,6246.770833333333,0.0089471256338105,111.77225775779895,2730.2535544445795,0.0356726378379453,2668.384846897272,0.0460586547851562,4.293946096127672e-06,798.61875,0.0924166666666666,0.1141458333333333,0.1057083333333333,0.065,0.1011869238932028,0.007751658763156,0.0040137029896886,20.791666666666668,19.5125,19.758333333333333,19.03333333333333,0.0,798.61875,40.625,14.347916666666668,2023-09-09,0.0460586547851562,742.8432940174732
2023-09-10,2023-09-10,6237.770833333333,0.008953980792811,111.6900292173936,2733.369500832249,0.0352216872984849,2648.3043152238947,0.048742930094401,5.954326177735975e-06,796.8229166666666,0.0895833333333333,0.1145208333333333,0.1059166666666666,0.0649166666666666,0.1001082362485592,0.0090125296839581,0.0046665647240685,20.86382978723404,20.15,20.05,18.941666666666663,0.0,796.8229166666666,45.85,15.7625,2023-09-10,0.048742930094401,759.8181771735119
2023-09-11,2023-09-11,6099.229166666667,0.0090569453947287,110.43524328958618,2682.2309340606785,0.044038748760568,2571.207578956588,0.0597483317057291,8.02129294422222e-06,795.9499999999999,0.0892916666666666,0.1132083333333333,0.1051874999999999,0.0640208333333333,0.0993702959842476,0.0098751032242964,0.0051131935171389,21.285416666666663,19.74375,19.59375,18.935416666666665,2.3248,795.9499999999999,68.94375000000001,14.91875,2023-09-11,0.0597483317057291,776.4660281022532
2023-09-12,2023-09-12,6259.083333333333,0.0089390415127266,111.87933534157295,2707.6968848018746,0.039632064463648,2626.157127532801,0.0517463684082031,5.749074488546673e-06,794.4791666666666,0.0910416666666666,0.1107916666666666,0.1046041666666666,0.064125,0.0992238915903769,0.0100462343611236,0.0052018028814696,19.12708333333333,18.339583333333334,19.09583333333333,18.8125,0.1302,794.4791666666666,60.40416666666667,12.439583333333331,2023-09-12,0.0517463684082031,747.2294360328207
2023-09-13,2023-09-13,6340.229166666667,0.0088812351440708,112.60400693903576,2744.2355132755824,0.0334734252252951,2653.7205104158547,0.0479990641276041,6.318538894485998e-06,792.5166666666668,0.0933958333333333,0.1109583333333333,0.1044166666666666,0.064,0.1002693388103355,0.0088242179549611,0.0045690594838661,19.697916666666668,18.822916666666668,18.947916666666668,18.516666666666666,0.0,792.5166666666668,58.60208333333333,12.666666666666666,2023-09-13,0.0479990641276041,743.0806554715906
2023-09-14,2023-09-14,6271.916666666667,0.0089292140229634,111.99681444799972,2731.8147681332016,0.0354728601786347,2629.410320359992,0.0512173970540364,7.212866752625911e-06,793.2666666666668,0.0899583333333333,0.1091458333333333,0.1037291666666666,0.0637291666666666,0.0980189261797948,0.0114547105352223,0.0059310925991434,17.01875,17.283333333333335,18.316666666666663,18.33333333333333,1.1018,793.2666666666668,75.48541666666667,10.70625,2023-09-14,0.0512173970540364,797.2217541785075
2023-09-15,2023-09-15,5722.1875,0.0093485941055785,106.9749145940012,2521.216162500327,0.0760819230529747,2407.6880225581785,0.0877062479654948,8.734030216662891e-06,795.5416666666666,0.0924583333333333,0.1076874999999999,0.1022291666666666,0.063,0.0983126222467126,0.0111114111267519,0.0057533368562454,16.260416666666668,16.256249999999998,17.114583333333332,17.912499999999998,5.082,795.5416666666666,90.72083333333336,10.660416666666666,2023-09-15,0.0877062479654948,837.6503776048485
2023-09-16,2023-09-16,5379.0625,0.0096429857621035,103.7150038376408,2395.545940291707,0.1076195657925999,2309.795233846267,0.1090647379557291,6.879716029282885e-06,798.0083333333333,0.1033541666666666,0.1058124999999999,0.10125,0.0626458333333333,0.1022574847496781,0.0065002871918013,0.0033657598886545,14.785416666666668,14.7,16.204166666666666,17.433333333333334,2.4778,798.0083333333333,80.94791666666667,9.677083333333334,2023-09-16,0.1090647379557291,828.0889744846769
2023-09-17,2023-09-17,5577.875,0.0094689528435907,105.61660638688808,2466.9792534941835,0.0887996210201204,2394.183020959412,0.0903841654459635,5.63394675934044e-06,797.4666666666667,0.1198125,0.10575,0.1008125,0.062,0.1093341919183467,0.00177162945461,0.0009173255242331,15.408333333333331,14.629166666666668,15.752083333333331,16.90625,0.0,797.4666666666667,63.58541666666667,11.091666666666669,2023-09-17,0.0903841654459635,803.3878745726729
2023-09-18,2023-09-18,5666.729166666667,0.0093953166476867,106.45119313814143,2531.808763957798,0.0737981175998676,2446.7121965836827,0.0802866617838541,6.44423661365344e-06,795.3479166666666,0.125625,0.1070416666666666,0.1012291666666666,0.062,0.1123889397856895,0.005342304223567,0.0027661721302637,15.270833333333334,15.183333333333332,16.041666666666668,16.552083333333332,0.0,795.3479166666666,68.875,10.720833333333331,2023-09-18,0.0802866617838541,808.3167056476138
2023-09-19,2023-09-19,5476.604166666667,0.0095570479213614,104.6500186581066,2464.948320599602,0.0897912900766552,2371.260244825121,0.0955149332682291,7.315076543707598e-06,793.4895833333334,0.1223541666666666,0.1057291666666666,0.0999166666666666,0.0618125,0.1102607999986467,0.002854735569,0.0014781430708129,13.097916666666668,13.35625,14.84375,16.25,4.5306,793.4895833333334,81.02291666666666,9.985416666666667,2023-09-19,0.0955149332682291,808.4218012483312
2023-09-20,2023-09-20,5615.270833333333,0.0094391373923956,105.9633686908473,2496.884542472585,0.0817143865483085,2420.6662242540874,0.0852584838867187,5.840466060823599e-06,792.1208333333334,0.1228125,0.1055833333333333,0.0993125,0.061,0.110266608146058,0.002861524674457,0.0014816583768529,13.14375,12.783333333333331,14.095833333333331,15.76875,0.392,792.1208333333334,70.44166666666666,10.125,2023-09-20,0.0852584838867187,794.2620446272018
2023-09-21,2023-09-21,5788.5625,0.0092969651307807,107.58545649078184,2524.489085112725,0.0754982777953263,2446.9192106628084,0.080426534016927,5.885864986647206e-06,789.9458333333333,0.1279791666666666,0.1085,0.0999791666666666,0.061,0.1136274746749628,0.0067900195413775,0.0035157793403918,16.1375,14.83125,14.833333333333334,15.433333333333332,1.0095999,789.9458333333333,54.325,13.6875,2023-09-21,0.080426534016927,813.5522370395496
2023-09-22,2023-09-22,5946.916666666667,0.0091703894007546,109.05476162820646,2561.2906026142664,0.0672025522865673,2504.7062956203595,0.0699513753255208,4.191481904237111e-06,790.3645833333334,0.1261458333333333,0.1077291666666666,0.1002083333333333,0.061,0.1126123627024698,0.0056034618072362,0.0029013959586571,14.495833333333332,13.775,14.88125,15.464583333333332,0.40449998,790.3645833333334,46.708333333333336,11.854166666666666,2023-09-22,0.0699513753255208,788.7680827097807
2023-09-23,2023-09-23,5973.541666666667,0.0091502989812333,109.29715610481404,2591.1105708788823,0.0611759995799586,2537.971480575988,0.0646540323893229,3.882666571757725e-06,792.8479166666666,0.1254583333333333,0.1080208333333333,0.1,0.061,0.1123683735744352,0.0053182645139714,0.0027537246971113,14.477083333333333,13.6875,14.695833333333333,15.314583333333331,0.0,792.8479166666666,43.21458333333334,11.33125,2023-09-23,0.0646540323893229,781.824442744095
2023-09-24,2023-09-24,6057.395833333333,0.0090862761941531,110.06350875331349,2623.0266385393,0.0547870733439595,2573.482510423144,0.0591290791829427,3.56903873435352e-06,794.80625,0.122,0.1073958333333333,0.0995625,0.061,0.1105621582578957,0.0032069912638876,0.0016605362564399,13.54375,12.816666666666668,14.19375,15.125,0.0,794.80625,48.90833333333333,8.804166666666667,2023-09-24,0.0591290791829427,761.6127549573583
2023-09-25,2023-09-25,5796.395833333333,0.0092900057501038,107.66064748219468,2673.3654477495243,0.0455253602838318,2621.899413581958,0.0522486368815104,3.633843257189115e-06,798.0375,0.119,0.1074583333333333,0.099375,0.061,0.1092334774450915,0.0016539049666528,0.0008563693929443,13.297916666666666,12.629166666666668,13.925,14.854166666666666,0.0,798.0375,48.06666666666666,9.291666666666666,2023-09-25,0.0522486368815104,761.1997911073428
2023-09-26,2023-09-26,5866.6875,0.0092328811076406,108.31665355359358,2664.8521683301424,0.0470419811104996,2608.4114883720395,0.0541165669759114,4.007651861197958e-06,797.3145833333333,0.1160625,0.1081041666666666,0.0995416666666666,0.061,0.1081943965018702,0.00043933005966,0.0002274791019309,14.05625,13.05,13.897916666666667,14.658333333333331,0.0,797.3145833333333,47.46666666666667,10.895833333333334,2023-09-26,0.0541165669759114,757.0655798858579
2023-09-27,2023-09-27,6042.458333333333,0.0090979463975817,109.92590085488534,2696.689544977682,0.0414280543014042,2633.1746481180376,0.0507291158040364,4.466464100057537e-06,794.9875000000001,0.1128541666666666,0.1088541666666666,0.1000208333333333,0.061,0.1071315015458208,0.00080308089091,0.0004158243120979,14.808333333333332,13.675,14.285416666666668,14.610416666666666,0.0,794.9875000000001,49.395833333333336,11.860416666666666,2023-09-27,0.0507291158040364,757.5572804091543
2023-09-28,2023-09-28,6212.604166666667,0.0089728120419086,111.4614983967761,2676.6064664555347,0.0449596795794513,2616.3930757974645,0.0530242919921875,4.262137384035234e-06,791.5520833333334,0.1089791666666666,0.1091874999999999,0.1004583333333333,0.061,0.1056300564281682,0.0025581102522167,0.0013245545348406,15.097916666666668,14.01875,14.622916666666669,14.702083333333334,0.0,791.5520833333334,45.12291666666667,12.59375,2023-09-28,0.0530242919921875,754.9305517838786
2023-09-29,2023-09-29,6310.75,0.0089018433652658,112.34239496977769,2668.792377200255,0.04640728800369,2608.7513860096365,0.0541280110677083,4.262903078546393e-06,790.3395833333334,0.1055208333333333,0.10925,0.1007083333333333,0.061,0.1041848432195117,0.0042474105035014,0.0021992511225297,15.45,14.285416666666668,14.8125,14.8,0.0,790.3395833333334,43.61875,12.18125,2023-09-29,0.0541280110677083,749.4252305070895
2023-09-30,2023-09-30,6003.520833333333,0.0091278100718421,109.56952362856366,2494.0729119727584,0.0823278950877224,2437.369070440716,0.0819282531738281,4.307492249592034e-06,789.625,0.1015625,0.1089375,0.1008333333333333,0.061,0.1023718897474612,0.0063665599394169,0.0032965177446054,14.816666666666668,14.185416666666669,14.925,14.904166666666669,0.0,789.625,46.43958333333333,12.0125,2023-09-30,0.0819282531738281,753.8414404482263
2023-10-01,2023-10-01,6102.166666666667,0.0090531021635065,110.46859702891766,2509.2080311057684,0.0792869475272301,2442.4448564260733,0.0814755757649739,5.069147367269898e-06,788.49375,0.0997291666666666,0.1095833333333333,0.1008125,0.0609375,0.1017778479681912,0.0070609314833411,0.0036560538422274,16.172916666666666,14.877083333333331,14.939583333333331,14.897916666666667,0.0,788.49375,37.047916666666666,17.070833333333333,2023-10-01,0.0814755757649739,750.1881995383214
2023-10-02,2023-10-02,6071.291666666667,0.009075876326548,110.1896679136471,2507.1472732906605,0.0792985383807073,2430.757995436839,0.0832697550455729,5.826699648770208e-06,789.4541666666668,0.0969375,0.1098125,0.1014999999999999,0.061125,0.1007710587963807,0.0082377607502913,0.0042653999565794,15.389583333333334,15.208333333333334,15.575,15.0875,0.0,789.4541666666668,52.61875,13.358333333333334,2023-10-02,0.0832697550455729,757.4755481464048
2023-10-03,2023-10-03,5801.020833333333,0.0092846883858178,107.70992065116025,2409.1523440842107,0.1038273702193079,2332.330660040926,0.1037457784016927,6.1005081083543855e-06,790.1833333333334,0.091875,0.1055,0.0996458333333333,0.061,0.0967582782115932,0.0129282736861183,0.0066940834640609,11.039583333333333,11.922916666666666,13.977083333333333,15.047916666666666,4.5348997,790.1833333333334,86.82916666666667,5.833333333333333,2023-10-03,0.1037457784016927,772.5553380988393
2023-10-04,2023-10-04,5722.458333333333,0.0093484474107782,106.9771456090739,2419.6881593019343,0.1010010015760916,2354.437157334376,0.0988400777180989,5.136078505474948e-06,793.1999999999999,0.0924791666666666,0.1040208333333333,0.0984166666666666,0.0600833333333333,0.0962601538592422,0.0135105279781198,0.0069955667805962,10.820833333333333,10.79375,12.525,14.491666666666667,0.1165,793.1999999999999,73.12083333333334,6.833333333333333,2023-10-04,0.0988400777180989,759.332708434308
2023-10-05,2023-10-05,5602.041666666667,0.0094488810749394,105.84377047524514,2469.1298491505027,0.0882675447104927,2407.925223872397,0.0875816345214843,4.7070006821787245e-06,797.9625,0.0934791666666666,0.1031875,0.0980625,0.0603541666666666,0.0963625733010669,0.0133908105635719,0.0069335787391497,10.697916666666666,10.43125,12.175,13.952083333333334,0.0,797.9625,66.14999999999999,7.025,2023-10-05,0.0875816345214843,755.5499881833201
2023-10-06,2023-10-06,5572.625,0.0094735961904098,105.56621050183703,2488.668636453812,0.0835897239752413,2424.627106986755,0.0843429565429687,4.8907845386108965e-06,798.6104166666668,0.09475,0.10325,0.0980833333333333,0.06,0.0969306219936743,0.012726822168354,0.0065897746207755,11.16875,10.620833333333334,12.0875,13.583333333333334,0.0,798.6104166666668,65.83958333333334,8.054166666666667,2023-10-06,0.0843429565429687,751.2722119482055
2023-10-07,2023-10-07,5650.458333333333,0.0094081502159414,106.30079480398707,2516.771962564477,0.0771744965256963,2456.6389800349066,0.0784556070963541,4.532807009067947e-06,798.0,0.0947916666666666,0.1032916666666666,0.0981666666666666,0.06,0.0969787552820263,0.0126705594829446,0.0065606425710381,11.314583333333331,10.6875,12.083333333333334,13.379166666666668,0.0,798.0,59.75625,8.572916666666666,2023-10-07,0.0784556070963541,745.1702479109982
2023-10-08,2023-10-08,5820.4375,0.0092700654263991,107.88661050409928,2534.1519503489826,0.0732481413291688,2478.997481199439,0.0744590759277343,4.121920490629704e-06,796.2104166666667,0.0939791666666666,0.1033958333333333,0.0982083333333333,0.06,0.0966657147529485,0.0130364705064986,0.0067501062992636,11.485416666666666,10.814583333333331,12.141666666666666,13.252083333333331,0.0,796.2104166666667,54.88333333333333,9.183333333333334,2023-10-08,0.0744590759277343,745.0423173940571
2023-10-09,2023-10-09,5939.208333333333,0.0091760525432505,108.98521008623248,2519.8375767581674,0.0763916407203608,2463.737197641343,0.0770606994628906,4.214898747323029e-06,792.2375000000001,0.0928333333333333,0.1034583333333333,0.0982916666666666,0.0599791666666666,0.0962001110414385,0.0135807116344801,0.0070319069188772,11.645833333333334,10.910416666666668,12.16875,13.160416666666665,0.0,792.2375000000001,54.48125,9.0375,2023-10-09,0.0770606994628906,743.1588596158012
2023-10-10,2023-10-10,6151.041666666667,0.0090165425158127,110.91224955501536,2505.348068278226,0.079629556656839,2454.733101563635,0.0787022908528645,3.82187215280076e-06,787.6333333333333,0.0903125,0.1028541666666666,0.0980625,0.0596458333333333,0.0948389702258744,0.0151717402162792,0.0078557197788807,10.345833333333331,10.416666666666666,12.047916666666666,13.127083333333331,0.0,787.6333333333333,50.71875,7.652083333333334,2023-10-10,0.0787022908528645,743.5474361399353
2023-10-11,2023-10-11,6403.229166666667,0.0088381039646778,113.15927309405264,2490.505896455012,0.0834023958646188,2420.962919748755,0.0853919982910156,5.3312125407980245e-06,780.5124999999999,0.0888958333333333,0.1031041666666666,0.0978333333333333,0.059,0.0942339141915107,0.0158789862508224,0.0082219221118296,10.285416666666666,10.5125,11.622916666666669,12.925,0.1586,780.5124999999999,63.30416666666667,8.695833333333333,2023-10-11,0.0853919982910156,791.3933787028494
2023-10-13,2023-10-13,5097.25,0.0099055390115104,100.96309214148636,2147.092846639081,0.1968618095928835,2089.152266253889,0.1759554545084635,5.139484056073299e-06,791.06875,0.2857916666666666,0.1679791666666666,0.09525,0.0587083333333333,0.2015191965455404,0.1095260774132997,0.0567111063314723,7.720833333333334,7.802083333333333,9.485416666666667,12.222916666666668,1.2405,791.06875,84.12916666666666,3.9270833333333335,2023-10-13,0.1759554545084635,824.0116163407762
2023-10-14,2023-10-14,5017.833333333333,0.0099832850321072,100.17459317193456,2200.213819707189,0.1736219078608469,2147.9578095145944,0.1547457377115885,4.503687671865666e-06,796.3166666666666,0.2558125,0.1995625,0.0948541666666666,0.058,0.1988025226957162,0.1063505751485283,0.0550668746485122,5.752083333333334,6.34375,8.858333333333333,11.697916666666666,0.0,796.3166666666666,79.85000000000001,3.1125000000000003,2023-10-14,0.1547457377115885,820.8745062357572
2023-10-15,2023-10-15,4955.104166666667,0.0100467199032791,99.54500441406584,2228.163709311299,0.1625136420312694,2177.2337893633394,0.1453336079915364,4.333183560178012e-06,800.3395833333334,0.2414791666666666,0.2016041666666666,0.0939791666666666,0.058,0.1930384715273864,0.0996130135010475,0.0515782572888008,5.922916666666667,5.9750000000000005,8.058333333333334,11.089583333333332,0.0,800.3395833333334,71.32291666666667,5.120833333333334,2023-10-15,0.1453336079915364,817.2892013971958
2023-10-16,2023-10-16,5023.479166666667,0.0099781636458358,100.22927902263564,2239.9121390995265,0.1580338873479546,2186.6459161920707,0.1423988342285156,4.511280851073655e-06,800.1479166666667,0.2322083333333333,0.2007083333333333,0.0942083333333333,0.058,0.1887255603139164,0.0945716798396592,0.0489679236032022,6.770833333333333,6.439583333333334,8.15,10.66875,0.0,800.1479166666667,64.10208333333334,7.337499999999999,2023-10-16,0.1423988342285156,809.1265561619789
2023-10-17,2023-10-17,5263.458333333333,0.0097479197796443,102.59583101877976,2266.3046091866718,0.1483075920400383,2209.0594838671204,0.1356328328450521,4.798646552166106e-06,795.475,0.2249583333333333,0.1997916666666666,0.0948541666666666,0.058,0.1853705771031392,0.0906500619447536,0.0469373634418064,7.7875,7.277083333333334,8.604166666666666,10.485416666666667,0.0,795.475,62.30625,8.689583333333333,2023-10-17,0.1356328328450521,804.5921423229361
2023-10-18,2023-10-18,5344.916666666667,0.0096725508256039,103.38954923276708,2280.71192125186,0.143179059403206,2227.5536329169063,0.1302731831868489,4.419188264298568e-06,795.0958333333333,0.2172083333333333,0.198,0.0954375,0.058,0.1814934734788737,0.0861181409191931,0.0445907966584772,8.039583333333333,7.6875,8.981250000000001,10.510416666666666,0.0,795.0958333333333,55.38125,9.04375,2023-10-18,0.1302731831868489,795.3629348676682
2023-10-19,2023-10-19,5243.375,0.0097663072126747,102.40083466976392,2316.925374210697,0.1314007189500677,2260.7716529854874,0.1215159098307291,4.60129558462219e-06,798.3375,0.2098333333333333,0.1954375,0.0954583333333333,0.058,0.1774158498366507,0.0813518333583491,0.0421228677298118,8.029166666666667,7.654166666666666,9.008333333333333,10.552083333333334,0.0,798.3375,60.47708333333333,8.6875,2023-10-19,0.1215159098307291,793.0840174940331
2023-10-20,2023-10-20,5361.854166666667,0.0096583884604527,103.54917685455212,2378.493836872956,0.1123002138550959,2330.9526400328346,0.1039899190266927,3.778570275506669e-06,797.3041666666667,0.2026666666666666,0.1924791666666666,0.0954166666666666,0.058,0.1732856854345537,0.076524111247509,0.0396231391863206,7.5375,7.304166666666667,8.96875,10.5375,0.0,797.3041666666667,52.60625,8.664583333333333,2023-10-20,0.1039899190266927,803.9071675860674
2023-10-21,2023-10-21,5606.270833333333,0.0094448740397787,105.8853719061878,2367.543048437937,0.1156488846215023,2322.887052278096,0.1059659322102864,3.559379691497896e-06,792.6083333333332,0.196125,0.1894791666666666,0.0954166666666666,0.058,0.1694232970493767,0.0720093907685122,0.0372854786109755,7.235416666666667,6.96875,8.714583333333334,10.4375,0.0,792.6083333333332,49.18125,8.464583333333334,2023-10-21,0.1059659322102864,784.8213587267481
2023-10-22,2023-10-22,5786.791666666667,0.0092966892114013,107.57543434116496,2366.4162157229484,0.1158156129575895,2319.755705651424,0.1065928141276041,3.726775944354724e-06,789.2041666666668,0.1915833333333333,0.1873958333333333,0.0954583333333333,0.058,0.166749601973956,0.0688841261115656,0.0356672592749056,7.63125,7.2625,8.71875,10.333333333333334,0.0,789.2041666666668,49.49583333333334,8.866666666666667,2023-10-22,0.1065928141276041,775.7926247900172
2023-10-23,2023-10-23,5997.3125,0.009131590220349,109.51663709487936,2422.5592508177137,0.1001803836359625,2375.891529618272,0.0941378275553385,3.636579624781286e-06,785.90625,0.1866666666666666,0.1853958333333333,0.0956666666666666,0.057875,0.1639668741069862,0.0656314137389056,0.0339830492530719,7.695833333333333,7.391666666666667,8.791666666666666,10.26875,0.0,785.90625,45.10833333333333,9.48125,2023-10-23,0.0941378275553385,790.0950800993219
2023-10-24,2023-10-24,6013.8125,0.0091190645766297,109.66713890148282,2427.3829602435467,0.0988675688259066,2380.4677121986347,0.0931574503580729,3.649375478049552e-06,786.7875,0.181625,0.1833125,0.0956875,0.058,0.1610749058896235,0.0622510110363595,0.0322327229231707,7.46875,7.364583333333333,8.7875,10.25625,0.0,786.7875,48.24375,8.179166666666667,2023-10-24,0.0931574503580729,780.2073042946552
2023-10-25,2023-10-25,6011.416666666667,0.0091214963657913,109.64280018536644,2441.077613941633,0.0953713718895368,2392.745814429896,0.0907020568847656,3.7421266666252807e-06,788.5625,0.1763958333333333,0.1807916666666666,0.095625,0.0579791666666666,0.1579338149609361,0.0585794104286733,0.0303316182968865,6.91875,6.9625,8.535416666666666,10.2,0.0,788.5625,53.625,7.189583333333334,2023-10-25,0.0907020568847656,779.4066132811234
2023-10-26,2023-10-26,6156.645833333333,0.0090122306594341,110.96362430147384,2450.757585680009,0.0928040594864302,2405.08216210225,0.0881182352701823,3.517941123887696e-06,786.6437500000001,0.1711458333333333,0.1777083333333333,0.0953333333333333,0.0572708333333333,0.1545268318760591,0.0545970102216095,0.0282695858847785,6.10625,6.23125,8.064583333333333,10.045833333333333,0.0,786.6437500000001,50.14166666666667,6.547916666666667,2023-10-26,0.0881182352701823,800.6869734519013
2023-10-27,2023-10-27,5457.6875,0.00957405305996,104.46732964396698,2254.8451272603925,0.1534895871696023,2193.5287208471923,0.1410408020019531,5.172018416600798e-06,791.1791666666667,0.2660625,0.1913125,0.0950416666666666,0.057,0.2005434378240764,0.1083855194364634,0.0561205409955341,5.327083333333333,5.78125,7.545833333333333,9.7875,3.6992998,791.1791666666667,90.89166666666668,2.566666666666667,2023-10-27,0.1410408020019531,836.0590701072484
2023-10-28,2023-10-28,5312.5,0.0097066377803725,103.05918952852308,2162.008921036056,0.1933570852619337,2099.5425165121,0.1747207641601562,5.515929068736095e-06,788.1229166666667,0.3098125,0.2664791666666666,0.0945208333333333,0.0570624999999999,0.2446149864298055,0.1599004638669594,0.0827942753267063,5.6875,6.097916666666666,7.28125,9.497916666666669,8.2546,788.1229166666667,90.81666666666666,3.35,2023-10-28,0.1747207641601562,829.3052641510308
2024-04-12,2024-04-12,5161.729166666667,0.0098429987196491,101.6012959614822,2175.977106493417,0.1838451441744722,2143.89933950726,0.1561406453450521,2.7700702084832047e-06,792.2166666666667,0.3421875,0.3223541666666666,0.2457083333333333,0.1835625,0.311149783605465,0.2376725523828792,0.123063600090376,10.452083333333333,9.089583333333334,8.045833333333333,6.5687500000000005,0.0,792.2166666666667,42.95,7.285416666666666,2024-04-12,0.1561406453450521,746.7899483618239
2024-04-13,2024-04-13,5222.458333333333,0.0097859772720125,102.19592382325573,2195.259720016877,0.1756078078133508,2153.259217438929,0.1530125935872396,3.614286815393233e-06,791.1979166666666,0.3389166666666667,0.3202916666666667,0.2440833333333333,0.1821666666666666,0.3086671267368626,0.2347705910342958,0.121561004156183,12.554166666666667,10.920833333333334,9.225,6.970833333333334,0.0,791.1979166666666,36.15208333333333,12.304166666666667,2024-04-13,0.1530125935872396,749.7960814108038
2024-04-14,2024-04-14,5268.9375,0.0097430463587296,102.64852878037306,2216.56479894788,0.167116851616417,2181.916946473345,0.1438980102539062,2.9405266947268107e-06,790.5666666666666,0.3320625,0.315125,0.241375,0.1816041666666666,0.3034051915280228,0.2286199494422502,0.1183762859815603,12.358333333333334,10.8875,9.69375,7.54375,0.0,790.5666666666666,40.3625,9.477083333333333,2024-04-14,0.1438980102539062,747.2158867354509
2024-04-15,2024-04-15,5657.916666666667,0.0094015528678951,106.37240693941534,2254.2167061446125,0.1526395276427569,2221.7191029308538,0.1319389343261718,2.7085731635817557e-06,783.2770833333334,0.3227708333333333,0.3098958333333333,0.2385833333333333,0.1800625,0.2970029491134541,0.2211364102281507,0.1145014116308149,11.366666666666667,11.029166666666669,10.220833333333331,7.977083333333333,0.0,783.2770833333334,38.83541666666667,6.95625,2024-04-15,0.1319389343261718,752.3599697500488
2024-04-16,2024-04-16,5207.166666666667,0.0098049598742327,102.0301180129118,2177.8897048592507,0.1834988635756385,2120.797972480193,0.1646474202473958,4.991882770674993e-06,787.1020833333333,0.3207291666666667,0.3057916666666666,0.2343958333333333,0.1786458333333333,0.2938854374561505,0.2174923712763053,0.1126145780533254,8.893749999999999,8.772916666666667,8.829166666666667,8.081249999999999,6.7637,787.1020833333333,84.43124999999999,3.38125,2024-04-16,0.1646474202473958,768.9613248293355
2024-04-17,2024-04-17,5160.0625,0.009845279902562,101.58248866322732,2187.93030885038,0.1786942335279885,2139.623821495112,0.1575965881347656,4.183532726549783e-06,789.13125,0.3257083333333333,0.3100208333333333,0.2350208333333333,0.1771041666666666,0.297535806861024,0.2217592641582676,0.114823916885217,10.90625,9.608333333333333,8.652083333333334,7.933333333333334,0.8851,789.13125,59.052083333333336,7.712499999999999,2024-04-17,0.1575965881347656,759.3668496990779
2024-04-18,2024-04-18,5215.9375,0.009791785176479,102.13318387276256,2204.1838876587303,0.1718993216826825,2157.3640676438235,0.1516087849934896,4.020609621837345e-06,788.8041666666667,0.3219791666666666,0.3082083333333333,0.2356458333333333,0.1759375,0.2953768560792708,0.2192356807338419,0.1135172398700355,11.622916666666669,11.033333333333331,9.9625,8.127083333333333,0.0,788.8041666666667,43.13333333333333,10.74375,2024-04-18,0.1516087849934896,755.9905672490545
2024-04-19,2024-04-19,5258.6875,0.0097523830091169,102.54916772321828,2237.2100455280165,0.1592207990729776,2181.2937611522384,0.144195556640625,4.749319703796244e-06,789.2104166666667,0.3174583333333333,0.3036666666666667,0.2334166666666667,0.1750624999999999,0.2914250211318644,0.2146164067542643,0.1111254429206981,11.470833333333331,10.9375,10.010416666666666,8.435416666666667,0.06,789.2104166666667,53.489583333333336,9.875,2024-04-19,0.144195556640625,759.0224284753207
2024-04-20,2024-04-20,5184.0,0.0098219407887258,101.81987359934152,2240.702259716237,0.1576889388216243,2175.410524127246,0.1458536783854166,5.558567618200066e-06,790.96875,0.3130416666666666,0.2990208333333333,0.230875,0.1737916666666666,0.2874093476415901,0.2099225123201667,0.1086950085196164,10.827083333333334,10.375,9.777083333333334,8.616666666666665,0.7556,790.96875,70.05,7.902083333333334,2024-04-20,0.1458536783854166,758.2022915493258
2024-04-21,2024-04-21,5135.479166666667,0.0098690142534962,101.3395547037452,2244.893646926449,0.1563350998176453,2201.1374643473096,0.1382649739583333,3.689412882460227e-06,794.2229166666666,0.3114791666666667,0.2960208333333333,0.228375,0.1724166666666666,0.2851951291672435,0.2073343268519547,0.1073548814488781,11.55625,10.283333333333331,9.545833333333333,8.6625,0.021499999,794.2229166666666,53.17291666666667,7.620833333333334,2024-04-21,0.1382649739583333,759.4592247467448
2024-04-22,2024-04-22,5342.9375,0.0096752821005954,103.36704111361878,2262.52584932843,0.1498733191803588,2221.695291228905,0.1321703592936197,3.404847930815461e-06,790.11875,0.3057708333333333,0.2939375,0.2275625,0.1716875,0.2818193539517784,0.2033884053189882,0.1053117371957768,13.120833333333332,11.891666666666666,10.629166666666666,8.820833333333333,0.0,790.11875,39.18541666666667,10.50625,2024-04-22,0.1321703592936197,748.791374439107
2024-04-23,2024-04-23,5448.083333333333,0.009580915369121,104.38118464144122,2280.454984343866,0.1432651785348605,2226.7440034835327,0.1305567423502604,4.471262455127173e-06,789.0208333333334,0.2975625,0.2898541666666666,0.2257916666666667,0.17,0.276463626937975,0.1971281311005977,0.1020702527452417,14.122916666666669,12.814583333333331,11.33125,9.154166666666669,0.0,789.0208333333334,40.53333333333333,13.572916666666666,2024-04-23,0.1305567423502604,753.4939779061286
2024-04-24,2024-04-24,5498.520833333333,0.0095370668094474,104.86253126961071,2322.157417545938,0.1294247354755599,2274.6728914354285,0.1176961263020833,3.869911427065224e-06,789.5520833333334,0.2900416666666666,0.284875,0.2236458333333333,0.169,0.271064155609386,0.1908167244392453,0.0988022926144093,15.23125,13.372916666666669,11.775,9.56875,0.0,789.5520833333334,37.02916666666667,13.641666666666666,2024-04-24,0.1176961263020833,750.6859226896793
2024-04-25,2024-04-25,5768.979166666667,0.0093125649795121,107.403808006031,2353.938676690798,0.119651916137396,2310.66347855457,0.1088511149088541,3.471194351568919e-06,785.5291666666667,0.2790416666666667,0.2799791666666666,0.221875,0.1683125,0.2642529134434203,0.1828551080952994,0.0946798764582266,15.45625,14.370833333333332,12.914583333333333,10.0625,0.0,785.5291666666667,34.75625,12.314583333333331,2024-04-25,0.1088511149088541,753.8360418644155
2024-04-26,2024-04-26,5942.208333333333,0.0091736960209933,109.01288070788551,2374.183589243652,0.1134977167791615,2309.5548936113087,0.108954111735026,5.183602772647576e-06,781.8895833333332,0.2659166666666667,0.2708958333333333,0.2183749999999999,0.1666875,0.2547504475896596,0.1717477380142415,0.0889286320002251,12.175,12.158333333333331,11.99375,10.347916666666668,0.5638,781.8895833333332,67.8625,7.15625,2024-04-26,0.108954111735026,755.4430235927517
2024-04-27,2024-04-27,5822.5,0.0092691167178707,107.90309462922706,2336.2786475216258,0.1253811863644728,2268.262496350092,0.119696299235026,5.557083910032528e-06,781.0208333333334,0.2698333333333333,0.2646666666666666,0.215,0.1656875,0.2537060479221272,0.170526946085247,0.0882965226201679,9.147916666666667,9.7875,10.51875,10.147916666666664,5.2372,781.0208333333334,93.58958333333334,3.0,2024-04-27,0.119696299235026,803.8376778184492
2024-04-28,2024-04-28,5414.166666666667,0.0096113134621425,104.05419166641728,2258.786984009695,0.1511104156512864,2193.9050064351936,0.1402524312337239,5.478610083410809e-06,786.2875,0.3188333333333333,0.2878958333333333,0.21325,0.164125,0.2824947783680555,0.2041779044941316,0.10572052908103,9.91875,9.539583333333333,9.49375,9.677083333333334,9.9633,786.2875,82.9375,4.935416666666667,2024-04-28,0.1402524312337239,806.8964799101924
2024-04-29,2024-04-29,5204.5,0.0098030296142406,102.01941559800268,2226.522628933988,0.1632007064847947,2164.196195382737,0.1495412190755208,5.3358277464545e-06,789.59375,0.3233541666666666,0.2992499999999999,0.2159166666666666,0.1629791666666666,0.2887229569690656,0.2114579816569415,0.1094900535617022,10.777083333333332,10.175,9.775,9.43125,4.1232,789.59375,79.71666666666667,5.575,2024-04-29,0.1495412190755208,796.9858211041716
2024-04-30,2024-04-30,5470.583333333333,0.0095613124598154,104.59607767516204,2263.85020363955,0.1491943801720197,2213.8204505435733,0.1343193054199218,4.190520797781933e-06,786.4645833333334,0.3159166666666667,0.3019791666666666,0.2200208333333333,0.1616458333333333,0.2871147706259635,0.209578183176522,0.1085167195939154,12.945833333333333,11.616666666666667,10.447916666666666,9.433333333333334,0.0,786.4645833333334,44.01666666666667,11.102083333333333,2024-04-30,0.1343193054199218,783.9931017207964
2024-05-01,2024-05-01,5573.979166666667,0.0094736571065742,105.5746060262056,2291.4627705341827,0.1398685189513681,2240.221282593216,0.1272176106770833,4.248842572010836e-06,785.4562500000001,0.3026458333333333,0.2948541666666666,0.2213541666666666,0.1609583333333333,0.2791643985556907,0.200285045350441,0.1037048598080567,11.408333333333331,11.547916666666666,11.122916666666669,9.710416666666667,0.0,785.4562500000001,55.66041666666666,7.529166666666666,2024-05-01,0.1272176106770833,786.2246885002315
2024-05-02,2024-05-02,5445.958333333333,0.0095839129494074,104.3566943170868,2237.0751910251493,0.159230382938831,2191.2562842535376,0.1413319905598958,3.890275561328615e-06,787.8208333333333,0.2978333333333333,0.2872916666666666,0.218875,0.1607916666666666,0.274057747476329,0.1943159143599985,0.1006141253428017,10.425,9.610416666666667,9.652083333333334,9.652083333333332,1.6532999,787.8208333333333,64.22083333333333,5.010416666666667,2024-05-02,0.1413319905598958,777.8111242130766
2024-05-03,2024-05-03,5697.625,0.009368872952526,106.74451576092372,2299.173382575818,0.136943207302174,2263.7266839597446,0.1205240885416666,2.9028038195120284e-06,786.1979166666666,0.2946249999999999,0.2867291666666666,0.2182499999999999,0.1597083333333333,0.2723055393168436,0.1922677697219673,0.0995536240348683,12.791666666666666,11.69375,10.608333333333333,9.520833333333334,0.0,786.1979166666666,38.40416666666667,8.706249999999999,2024-05-03,0.1205240885416666,767.1658670767348
2024-05-04,2024-05-04,5581.291666666667,0.0094669352374645,105.6456472799225,2313.062566899365,0.1325290637266337,2267.4447553571067,0.1196606953938802,3.726609350145422e-06,789.0,0.2844166666666666,0.2805208333333333,0.2168333333333333,0.1587291666666666,0.2654613837587066,0.1842676811295446,0.0954112874741052,13.075,11.795833333333334,10.96875,9.70625,0.0,789.0,54.27916666666667,7.064583333333334,2024-05-04,0.1196606953938802,762.4439995862584
2024-05-05,2024-05-05,5844.041666666667,0.0092521657970977,108.10183894519812,2332.2790179176604,0.1262589379084141,2281.917747843864,0.1158294677734375,4.087031696394857e-06,782.9479166666666,0.2757708333333333,0.2759583333333333,0.2159166666666666,0.158,0.2599544554734387,0.1778306687355343,0.0920782904111665,14.310416666666669,13.270833333333334,11.979166666666666,9.954166666666667,0.0,782.9479166666666,34.50625,14.35,2024-05-05,0.1158294677734375,762.1745347453833
2024-05-06,2024-05-06,5665.604166666667,0.0094049088307887,106.4073706535201,2223.6374069096937,0.1677623601039878,2174.4652508325103,0.1487083435058593,4.174612229357455e-06,780.4104166666666,0.3044166666666666,0.2799375,0.2137291666666666,0.1574166666666666,0.2733778074650626,0.193521136935456,0.1002026004521311,11.135416666666666,11.629166666666668,11.729166666666666,10.304166666666667,9.2268,780.4104166666666,63.46875,5.03125,2024-05-06,0.1487083435058593,796.8047541802624
2024-05-07,2024-05-07,5381.166666666667,0.0096401858806756,103.7385835118124,2161.2060933125417,0.1905812914590274,2112.049594958772,0.1676177978515625,4.318041430323823e-06,782.8020833333334,0.3145833333333333,0.2909791666666666,0.2118958333333333,0.1565,0.2811169466884198,0.2025673660706693,0.1048866142915937,6.764583333333333,7.816666666666666,9.241666666666667,10.016666666666667,0.9195,782.8020833333334,78.77083333333333,1.93125,2024-05-07,0.1676177978515625,796.2024704682566
2024-05-08,2024-05-08,5305.104166666667,0.0097088908825707,103.00336697127231,2137.120789872094,0.2015220341314183,2101.515878645627,0.1712722778320312,3.140235432420533e-06,784.8958333333334,0.3231041666666667,0.3017291666666666,0.2135208333333333,0.1555416666666666,0.2887019404469306,0.2114334155819078,0.1094773335837181,7.46875,7.179166666666667,7.79375,9.241666666666667,3.8713,784.8958333333334,59.6625,1.66875,2024-05-08,0.1712722778320312,787.0670508402942
2024-05-09,2024-05-09,5245.0,0.0097645646901917,102.41751063484212,2187.901170902745,0.178978263497183,2150.018915610571,0.1542612711588541,3.2624468935841373e-06,789.6854166666667,0.3122291666666666,0.2985833333333333,0.2177916666666667,0.154,0.2836579240873561,0.205537497905073,0.10642450797187,8.920833333333333,8.354166666666666,8.202083333333333,8.758333333333335,0.0,789.6854166666667,54.58125,3.7854166666666655,2024-05-09,0.1542612711588541,780.3851212838866
2024-05-10,2024-05-10,5063.395833333333,0.0099400873724386,100.6223215114477,2185.514761594866,0.1803028364063723,2134.01419388573,0.1599451700846354,4.469018475216223e-06,793.4708333333333,0.3049791666666666,0.2950833333333333,0.2190833333333333,0.154,0.2795674058781489,0.20075611796936,0.1039487747734448,10.689583333333331,9.972916666666666,9.147916666666667,8.714583333333334,0.0,793.4708333333333,57.8875,7.618749999999999,2024-05-10,0.1599451700846354,753.066190178359
2024-05-11,2024-05-11,4746.708333333333,0.010265432710357,97.4275297182634,2193.809617246248,0.1770534929871349,2139.305760780705,0.1583417256673177,4.719099599068107e-06,790.7770833333334,0.2948958333333333,0.289,0.2184583333333333,0.1539791666666666,0.2730073627861898,0.1930881265772898,0.099978393605282,9.958333333333334,10.085416666666667,9.68125,8.964583333333334,0.6326,790.7770833333334,66.75833333333334,6.247916666666666,2024-05-11,0.1583417256673177,770.4251626067629
2024-05-12,2024-05-12,4607.354166666667,0.0104202509358218,95.9844659186536,2112.514258893825,0.2149283497036558,2049.595865001045,0.1929677327473958,5.68901723417577e-06,788.3145833333333,0.3236041666666667,0.2965,0.2169166666666666,0.1539375,0.2877740880216797,0.2103488549608569,0.1089157629134635,11.51875,10.372916666666669,9.4125,9.0,3.6399999,788.3145833333333,77.27708333333334,7.0125,2024-05-12,0.1929677327473958,788.4927324756427
2024-05-13,2024-05-13,4729.5625,0.0102838563901214,97.25195985626708,2125.986857638646,0.2080715083800919,2065.2503210459413,0.1863276163736979,5.448935891309238e-06,790.3416666666667,0.3233541666666666,0.3061875,0.2215833333333333,0.1530208333333333,0.2917519884341632,0.2149985966917952,0.1113233356481473,13.770833333333334,12.022916666666667,10.620833333333334,9.2625,0.0819,790.3416666666667,63.97291666666666,10.189583333333331,2024-05-13,0.1863276163736979,774.160749786126
2024-05-14,2024-05-14,4922.208333333333,0.010080186647325,99.21417334201648,2172.108394599238,0.1855051750975681,2110.3998410080926,0.1678644816080729,5.415797479688926e-06,789.5145833333332,0.3113125,0.3015208333333333,0.224,0.1535416666666666,0.285411030348404,0.2075866923281367,0.1074855528441491,15.466666666666669,14.239583333333334,12.44375,9.83125,0.0,789.5145833333332,51.85,12.458333333333334,2024-05-14,0.1678644816080729,772.6686064215633
2024-05-15,2024-05-15,5049.583333333333,0.0099531876230358,100.48649402648329,2219.625737043677,0.1660380391583185,2158.6198380040023,0.1514968872070312,5.238895941843955e-06,789.2687500000001,0.3006875,0.2932499999999999,0.2220625,0.154,0.2776512334951523,0.1985163166246782,0.1027890362415854,15.820833333333333,14.08125,12.616666666666667,10.427083333333334,0.4791,789.2687500000001,59.3875,10.397916666666667,2024-05-15,0.1514968872070312,771.6995513019591
2024-05-16,2024-05-16,5227.270833333333,0.0097817293661894,102.24210525274783,2266.5688384871187,0.1488004770343294,2214.35751875546,0.1346588134765625,4.373735552028858e-06,788.8458333333333,0.2900208333333333,0.2867916666666666,0.2202708333333333,0.1538125,0.2704804742061819,0.1901344630710285,0.0984490270002963,17.0625,15.291666666666666,13.595833333333331,10.90625,0.0,788.8458333333333,51.45208333333333,10.672916666666666,2024-05-16,0.1346588134765625,763.078118219477
2024-05-17,2024-05-17,5328.791666666667,0.0096880343511591,103.2303908571139,2284.269414288457,0.1420069746294017,2232.367855069268,0.1290130615234375,4.308542717998816e-06,787.78125,0.2767291666666667,0.2783125,0.2181875,0.1532083333333333,0.2614163961067102,0.1795395215638617,0.0929631110560839,17.458333333333332,16.091666666666665,14.408333333333331,11.414583333333333,0.0,787.78125,44.32083333333333,12.51875,2024-05-17,0.1290130615234375,753.1732823447827
2024-05-18,2024-05-18,5335.416666666667,0.0096826116184634,103.29242088457222,2341.770484323384,0.1232930383356321,2281.990916204246,0.1158002217610677,4.851761191881376e-06,789.8604166666668,0.2626041666666667,0.26825,0.214875,0.153,0.2512388684694059,0.1676430761866867,0.0868032941915971,15.891666666666666,15.25625,14.333333333333334,11.835416666666667,0.0,789.8604166666668,46.55,12.627083333333331,2024-05-18,0.1158002217610677,753.6039780340549
2024-05-19,2024-05-19,5329.541666666667,0.0096878982526325,103.23572459298492,2343.1821562990604,0.1229735187308356,2274.239962250004,0.118017832438151,5.627139140542111e-06,789.3291666666668,0.254,0.25975,0.2110625,0.1518333333333333,0.2438667033950475,0.159025800730007,0.0823413867057,15.333333333333334,14.40625,13.6,11.94375,0.6389,789.3291666666668,58.04166666666666,12.377083333333331,2024-05-19,0.118017832438151,751.8998741425206
2024-05-20,2024-05-20,5623.979166666667,0.0094306691988331,106.04992916285067,2386.605648154435,0.10998086966411,2336.756914948374,0.1027018229166666,3.956790486485011e-06,786.1229166666667,0.2495416666666666,0.2541666666666666,0.2082291666666666,0.150875,0.239476296867675,0.1538938833039086,0.0796841499844618,16.814583333333335,15.34375,13.979166666666666,12.010416666666666,0.0,786.1229166666667,38.860416666666666,13.514583333333334,2024-05-20,0.1027018229166666,752.7130707111718
2024-05-21,2024-05-21,5361.083333333333,0.0096707977677148,103.49964111871788,2308.345560174586,0.1359638620287586,2251.396994765299,0.1260503133138021,4.7337649691039925e-06,786.7104166666667,0.25275,0.2482291666666666,0.2057916666666666,0.1501249999999999,0.2384084013388588,0.1526456272165927,0.0790378200384933,14.547916666666666,14.795833333333334,14.479166666666666,12.272916666666667,4.4818997,786.7104166666667,65.41666666666667,8.09375,2024-05-21,0.1260503133138021,809.1794747627675
2024-05-22,2024-05-22,4912.25,0.0100942815674359,99.10089176998258,2170.6187593780705,0.1867119868286522,2121.46503030276,0.1644185384114583,4.296640227625439e-06,791.3000000000001,0.3005208333333333,0.262125,0.2010416666666666,0.1493541666666666,0.2630053627216795,0.1813968542299849,0.0939248125321987,11.275,10.891666666666666,11.627083333333331,12.027083333333332,5.0101,791.3000000000001,76.45208333333333,4.054166666666666,2024-05-22,0.1644185384114583,788.0533157500964
2024-05-23,2024-05-23,5310.354166666667,0.009704708546023,103.0521124757803,2248.1100596719007,0.1548629978518905,2200.3531423762206,0.1381657918294271,4.021163195931205e-06,784.725,0.2877708333333333,0.272,0.2007708333333333,0.1480833333333333,0.2606104551006281,0.1785974624019746,0.0924753256942589,13.51875,12.964583333333332,12.289583333333333,11.522916666666667,0.0073,784.725,45.625,10.454166666666667,2024-05-23,0.1381657918294271,783.487052701039
2024-05-24,2024-05-24,5141.5625,0.0098634343989319,101.39864516934747,2227.0187879751106,0.1631559224605906,2171.6136063916524,0.1473528544108072,4.73273815216399e-06,789.2083333333334,0.2737708333333333,0.2649166666666667,0.1999583333333333,0.1468124999999999,0.2519204375687555,0.1684397578416166,0.0872158050667431,13.00625,12.164583333333333,11.920833333333334,11.422916666666667,0.3542,789.2083333333334,71.63125000000001,6.127083333333334,2024-05-24,0.1473528544108072,766.8476647520692
2024-05-25,2024-05-25,5428.5625,0.0095984765059367,104.1927615342707,2260.602570219015,0.1503627192876507,2202.2177299214286,0.1376469930013021,4.909522232252687e-06,784.8249999999999,0.26275,0.2601875,0.1999166666666666,0.146,0.2454834162855555,0.1609155658358277,0.0833198812559366,13.2125,13.039583333333333,12.5375,11.389583333333334,0.0,784.8249999999999,59.82291666666666,8.870833333333334,2024-05-25,0.1376469930013021,774.5846425828809
2024-05-26,2024-05-26,5021.875,0.0099820754891904,100.20530216984577,2170.5324966408084,0.1869830539351719,2104.112049014127,0.1708602905273437,5.848811311993143e-06,790.1020833333333,0.2855208333333333,0.2610833333333333,0.1981875,0.1456249999999999,0.2554043836325412,0.1725121195705039,0.0893244183256263,12.6875,12.054166666666667,11.76875,11.352083333333333,5.213,790.1020833333333,76.425,7.802083333333333,2024-05-26,0.1708602905273437,785.5075096319758
2024-05-27,2024-05-27,5014.729166666667,0.0099870501613771,100.14132593224332,2232.837618353073,0.1611254456882398,2173.672917077025,0.1468429565429687,5.045250798466753e-06,794.5791666666668,0.287375,0.2705625,0.1979166666666666,0.1447083333333333,0.259284708523236,0.1770478059132894,0.0916729347387657,15.3,13.633333333333333,12.34375,11.310416666666669,0.0,794.5791666666668,56.80625,10.9875,2024-05-27,0.1468429565429687,768.8534349233478
2024-05-28,2024-05-28,5009.229166666667,0.0099919915022836,100.08822858131396,2276.1241024775427,0.145069189389885,2216.354212091425,0.1337178548177083,4.995020265109147e-06,795.8395833333334,0.2745208333333334,0.2673958333333333,0.1987291666666666,0.144,0.252733152192859,0.1693897346412315,0.0877076900731978,16.96875,15.708333333333334,14.047916666666666,11.677083333333334,0.0,795.8395833333334,50.90416666666667,12.9375,2024-05-28,0.1337178548177083,756.7962382730502
2024-05-29,2024-05-29,5205.645833333333,0.0098021692330808,102.0298743162906,2317.338341492869,0.1310597540843811,2256.3269604560014,0.1225026448567708,5.007621385418282e-06,792.8854166666666,0.2596666666666666,0.259375,0.1976458333333333,0.1437291666666666,0.2433421931770365,0.1584127041725025,0.082023933685513,17.20625,16.004166666666666,14.535416666666668,12.160416666666668,0.0,792.8854166666666,48.11041666666667,13.802083333333334,2024-05-29,0.1225026448567708,755.031598584304
2024-05-30,2024-05-30,5398.708333333333,0.0096246219964343,103.90713526104528,2361.795224939632,0.1172307680952404,2304.45769149602,0.110266367594401,4.60924495179284e-06,791.35,0.2470208333333333,0.251125,0.1955833333333333,0.1428333333333333,0.2346303183884469,0.1482294508079658,0.0767511842362896,17.504166666666666,16.066666666666666,14.722916666666668,12.502083333333331,0.0,791.35,43.49166666666667,13.65625,2024-05-30,0.110266367594401,753.9775518656987
2024-05-31,2024-05-31,5519.791666666667,0.0095182909662253,105.06657099650036,2427.782951912917,0.0989995485013318,2373.982157910944,0.0946769714355468,4.193726701068254e-06,792.2395833333334,0.2344583333333333,0.2430416666666666,0.1930833333333333,0.142,0.2259285827003399,0.138058048971557,0.0714845713463929,17.46875,16.297916666666666,15.129166666666668,12.8,0.0,792.2395833333334,43.49583333333334,12.622916666666669,2024-05-31,0.0946769714355468,748.9484428869878
2024-06-01,2024-06-01,5482.104166666667,0.0095529200782648,104.70023985133754,2410.548524657996,0.1034954870837576,2343.722415414983,0.1012013753255208,5.280975624555788e-06,791.9875000000001,0.2233043478260869,0.2349565217391304,0.1901739130434782,0.141891304347826,0.2177910557647661,0.1285461470495706,0.0665594385008446,17.695652173913043,16.417391304347827,15.291304347826086,13.041304347826086,0.0,791.9875000000001,49.15208333333334,13.941666666666668,2024-06-01,0.1012013753255208,739.8692000167903
2024-06-02,2024-06-02,5717.770833333333,0.0093519051252837,106.93475936545708,2429.6247515199707,0.0983108978302394,2368.205249180525,0.0957895914713541,4.8054817279173234e-06,787.8291666666668,0.2150416666666666,0.2289166666666666,0.1873333333333333,0.1408541666666666,0.2115788278616884,0.1212847145530728,0.06279956797363,19.491666666666667,17.654166666666665,15.825,13.29375,0.0007,787.8291666666668,40.27708333333333,15.985416666666666,2024-06-02,0.0957895914713541,733.7961842371861
2024-06-03,2024-06-03,5703.541666666667,0.0093641811037869,106.79926554905408,2443.0250221737374,0.0949116683181777,2373.226575062809,0.0947049458821614,5.443014790059679e-06,787.9270833333334,0.2014791666666666,0.2207916666666667,0.1842916666666666,0.14,0.2023204837442459,0.1104626967702336,0.0571960750366215,18.695833333333333,17.941666666666666,16.654166666666665,13.727083333333333,0.0,787.9270833333334,45.68333333333334,15.05625,2024-06-03,0.0947049458821614,747.8679818121835
2024-06-04,2024-06-04,5558.25,0.0094880381184069,105.42174989087792,2404.5110316272653,0.1052689785158855,2317.299924422207,0.107733408610026,7.002480875732467e-06,788.8333333333334,0.1932291666666666,0.2133333333333333,0.1805833333333333,0.139,0.1954762535671077,0.1024625209561493,0.0530536933136737,19.775,17.8875,16.272916666666667,13.960416666666667,0.7643,788.8333333333334,59.54791666666667,15.547916666666666,2024-06-04,0.107733408610026,742.0961394786743
2024-06-05,2024-06-05,5464.25,0.0095673365824705,104.53374994903288,2437.7044136458007,0.0963458809511219,2359.0687850599943,0.0978736877441406,6.173898261518345e-06,793.8895833333332,0.1852708333333333,0.2075416666666666,0.1780416666666666,0.1381875,0.1895456816308286,0.0955303142739733,0.049464291414607,21.370833333333334,19.433333333333334,17.408333333333335,14.325,0.0,793.8895833333332,54.10625,15.21875,2024-06-05,0.0978736877441406,729.5596256831753
2024-06-06,2024-06-06,5473.291666666667,0.0095591192288679,104.6213395285199,2480.339513040682,0.085492709438386,2401.356923277081,0.0888506571451823,6.091346177279778e-06,794.7541666666666,0.1744166666666666,0.2001666666666667,0.1743124999999999,0.1377291666666666,0.1816051470659683,0.0862486754435185,0.0446583856515624,23.0125,20.84583333333333,18.508333333333333,14.8625,0.0,794.7541666666666,47.145833333333336,17.460416666666667,2024-06-06,0.0888506571451823,744.7833134214427
2024-06-07,2024-06-07,5572.916666666667,0.0094725964902579,105.57177805676012,2474.205595736292,0.0869460931595226,2393.268255095116,0.0904986063639323,6.2674239189930505e-06,792.5583333333334,0.1599791666666666,0.1905416666666667,0.1695833333333333,0.136625,0.1711307496512732,0.0740052209284937,0.0383188921969945,23.2375,21.55625,19.41875,15.483333333333333,0.0,792.5583333333334,46.56041666666667,17.743750000000002,2024-06-07,0.0904986063639323,739.390362893127
2024-06-08,2024-06-08,5440.25,0.0095883036241208,104.30433449430708,2408.481571892891,0.1040255907914483,2303.6701932661726,0.1105422973632812,8.432813005884474e-06,791.9333333333334,0.1473541666666666,0.1808333333333333,0.1641666666666666,0.1348541666666667,0.1612652110492942,0.0624734574907144,0.03234790265775,21.48958333333333,20.316666666666663,19.0125,15.910416666666668,1.5974,791.9333333333334,70.46458333333334,15.185416666666669,2024-06-08,0.1105422973632812,742.0173835435454
2024-06-09,2024-06-09,5542.791666666667,0.0094988168450558,105.2841551411256,2435.8253569619046,0.096658477096341,2338.8193859779662,0.102240244547526,7.68541309644238e-06,792.6729166666668,0.14125,0.1725,0.1593541666666666,0.133875,0.1548576922826672,0.0549837507832618,0.0284698348632185,21.85625,20.22083333333333,18.78333333333333,16.020833333333332,0.0032,792.6729166666668,62.46458333333334,15.904166666666669,2024-06-09,0.102240244547526,729.9929394496116
2024-06-10,2024-06-10,5621.791666666667,0.0094321266482388,106.0306953992117,2449.361883335296,0.093259909532159,2359.7876835075526,0.0976905822753906,7.036007005044551e-06,792.4,0.1344791666666666,0.1661875,0.1553541666666666,0.1320833333333333,0.1489569284376309,0.0480863865836519,0.0248984739255404,22.52083333333333,20.89375,19.2125,16.1875,0.0,792.4,52.99166666666667,17.15625,2024-06-10,0.0976905822753906,732.7881382805859
2024-06-11,2024-06-11,5581.229166666667,0.0094671675837036,105.64438787818592,2450.2365764411584,0.0931462764823348,2355.5184742803945,0.0987815856933593,7.460134987838984e-06,793.74375,0.12875,0.1599791666666666,0.150875,0.1306666666666666,0.1434686508546643,0.0416711748733715,0.0215767649587548,23.43958333333333,21.260416666666668,19.45208333333333,16.4375,0.6922,793.74375,56.64166666666667,17.260416666666668,2024-06-11,0.0987815856933593,728.494780737687
2024-06-12,2024-06-12,5652.125,0.0094065004114152,106.31744809270631,2471.998074040986,0.0875202740550303,2391.5975158695096,0.0908711751302083,6.23032588248679e-06,794.0875,0.1230416666666666,0.1547708333333333,0.1469791666666666,0.1288125,0.1384182344359247,0.0357677762093089,0.0185200657939395,24.579166666666666,22.5,20.352083333333333,16.795833333333334,0.0,794.0875,42.68333333333334,19.00208333333333,2024-06-12,0.0908711751302083,733.4457055234342
2024-06-13,2024-06-13,5748.895833333333,0.0093267449205075,107.22469136245212,2515.445443945551,0.0773349687588933,2438.100346309271,0.0817527770996093,5.874651296681286e-06,794.6625,0.1164375,0.1486249999999999,0.1424791666666666,0.1268333333333333,0.1325428007627924,0.0289000202816869,0.0149640356149323,24.525,22.4,20.560416666666665,17.16875,0.0,794.6625,43.75833333333333,18.4375,2024-06-13,0.0817527770996093,734.7195428979646
2024-06-14,2024-06-14,5694.479166666667,0.009372261350415,106.71201966906165,2518.119142008098,0.0768406701097697,2426.0111457075222,0.0842628479003906,7.043376782702084e-06,795.0895833333334,0.1090625,0.1442708333333333,0.13925,0.1250416666666666,0.1271774845312303,0.0226285372894821,0.0117167474144717,22.922916666666666,22.297916666666666,20.98125,17.4875,0.0,795.0895833333334,49.29166666666666,17.474999999999998,2024-06-14,0.0842628479003906,776.6801987229297
2024-06-15,2024-06-15,5675.041666666667,0.0093883823796927,106.5293531500743,2495.3666422020265,0.0820389089301675,2395.6327769095137,0.0902036031087239,7.721708419294127e-06,792.7875,0.2376875,0.1569791666666666,0.13475,0.1231041666666666,0.1867826714837973,0.0923006498149688,0.0477920152875397,18.83191489361702,18.402083333333334,18.39375,17.360416666666666,2.9513,792.7875,71.55208333333333,13.764583333333334,2024-06-15,0.0902036031087239,812.6732572640653
2024-06-16,2024-06-16,5960.729166666667,0.0091604080100176,109.17873198332852,2532.4906004332465,0.0735151675508903,2457.06335329706,0.0782953898111979,5.692121617124858e-06,788.0104166666666,0.2397708333333333,0.1841041666666666,0.1346875,0.1215,0.1966503716068502,0.1038349398405702,0.0537643130594354,21.49375,20.016666666666666,18.65833333333333,16.92083333333333,0.0,788.0104166666666,46.72291666666666,17.2,2024-06-16,0.0782953898111979,797.329764669293
2024-06-17,2024-06-17,6288.604166666667,0.0089180767186828,112.14269854153322,2568.066214217261,0.0658612920178512,2506.625964596092,0.0696207682291666,4.537048771810814e-06,783.5604166666667,0.2225625,0.1902708333333333,0.1355833333333333,0.1204166666666666,0.1913007466943116,0.0975817983283702,0.0505265218267051,23.34375,21.76458333333333,19.83125,17.05,0.0,783.5604166666667,34.79375,17.914583333333333,2024-06-17,0.0696207682291666,778.3521062421603
2024-06-18,2024-06-18,6299.083333333333,0.0089111047930244,112.23420651871204,2593.353534435799,0.0606735945946609,2531.8399166931267,0.0655364990234375,4.4990533799575295e-06,784.9229166666668,0.2048541666666666,0.1868125,0.1360416666666666,0.119,0.1824325472173347,0.0872158180597388,0.0451591588833034,23.9375,22.570833333333336,20.654166666666665,17.39166666666667,0.0,784.9229166666668,35.389583333333334,15.891666666666666,2024-06-18,0.0655364990234375,776.981965681145
2024-06-19,2024-06-19,6013.125,0.0091202065106401,109.6583566243274,2565.1227088148253,0.0667506029246908,2490.27065168439,0.072784423828125,5.582276199585539e-06,790.6583333333333,0.1854375,0.1785624999999999,0.1350833333333333,0.1186666666666666,0.1709895400304002,0.07384016192779,0.0382334269017794,21.81875,21.2875,20.30625,17.6375,0.0,790.6583333333333,51.4125,13.514583333333334,2024-06-19,0.072784423828125,751.2557089886956
2024-06-20,2024-06-20,5840.3125,0.0092538833184494,108.07219584426086,2526.5269903230933,0.0747953592730891,2433.0998770588917,0.0826810201009114,7.1137480745065535e-06,793.4187499999999,0.1716458333333333,0.1715833333333333,0.1340833333333333,0.1168958333333333,0.1623707945115153,0.0637657667564748,0.033017042737579,22.729166666666668,21.38125,19.914583333333333,17.55,0.0,793.4187499999999,47.60833333333333,18.33125,2024-06-20,0.0826810201009114,772.9310490407321
2024-06-21,2024-06-21,5470.75,0.0095615784216168,104.59614781152844,2453.807819895697,0.0922055746982233,2332.9615205425084,0.1036707560221354,9.593572237646216e-06,796.2708333333334,0.15775,0.1635833333333333,0.1330208333333333,0.1157083333333333,0.1533763350783518,0.053252202052249,0.0275732625900051,19.575,19.66875,19.479166666666668,17.58125,6.396,796.2708333333334,80.31041666666667,14.179166666666667,2024-06-21,0.1036707560221354,819.4329885423502
2024-06-22,2024-06-22,5077.1875,0.0099315851345908,100.741659756691,2267.7174467356485,0.1511558450036346,2164.621844235291,0.1519660949707031,8.804177355524607e-06,796.8395833333334,0.2592083333333333,0.2004166666666666,0.1314583333333333,0.1146666666666666,0.2097145699232829,0.1191055956625561,0.0616712499873784,19.85625,18.804166666666667,18.17083333333333,17.252083333333335,12.683499,796.8395833333334,77.12708333333333,14.09375,2024-06-22,0.1519660949707031,823.3277326171375
2024-06-23,2024-06-23,5107.604166666667,0.0098962284543778,101.06303571336316,2224.8676547825294,0.1646643502657161,2126.7964899147964,0.1627922058105468,8.544016090689877e-06,797.6854166666667,0.269,0.2377291666666666,0.1321666666666666,0.113,0.2264933259927482,0.1387181737061374,0.0718263749140817,20.285416666666663,19.491666666666667,18.685416666666665,17.0625,7.0357,797.6854166666667,74.09375,14.452083333333334,2024-06-23,0.1627922058105468,792.8292095958769
2024-06-24,2024-06-24,5253.333333333333,0.0097571269885191,102.49773961535831,2305.8116054117404,0.1348394897025985,2205.799572781425,0.1366500854492187,8.397013371298766e-06,795.0833333333334,0.2515208333333333,0.2332708333333333,0.1328541666666667,0.112375,0.217466097186818,0.1281663050967731,0.0663627615278078,22.45833333333333,20.88125,19.241666666666667,17.099999999999998,0.0,795.0833333333334,60.3,17.814583333333335,2024-06-24,0.1366500854492187,794.4467463020682
2024-06-25,2024-06-25,5375.604166666667,0.0096449036010073,103.6859219008508,2342.343743203633,0.1232015563628799,2246.5314058118806,0.12518310546875,7.901502167975037e-06,795.2958333333332,0.2322708333333333,0.2238958333333333,0.1342291666666666,0.1119791666666666,0.2061680344718967,0.1149600736085569,0.0595247553118075,23.902083333333334,22.36875,20.414583333333333,17.429166666666667,0.0,795.2958333333332,54.83125,18.491666666666667,2024-06-25,0.12518310546875,777.5580684290787
2024-06-26,2024-06-26,5372.75,0.0096477044296392,103.65753413906184,2389.572876294122,0.1092658495508439,2279.4887775386605,0.1165059407552083,8.948778729049745e-06,795.6166666666667,0.2116458333333333,0.2112083333333333,0.1345416666666666,0.1114166666666666,0.1929550958927402,0.099515556267945,0.051527795265146,23.197916666666668,22.29375,20.9,17.837500000000002,0.019,795.6166666666667,61.54166666666666,17.733333333333334,2024-06-26,0.1165059407552083,773.3555928815595
2024-06-27,2024-06-27,5361.041666666667,0.0096597548420846,103.53902361617055,2373.230865306488,0.1140124689074854,2250.8275196309723,0.1240564982096354,1.00735069956308e-05,792.7979166666668,0.1943541666666667,0.1984583333333333,0.1334583333333333,0.1106458333333333,0.1809045759417601,0.0854297824462231,0.0442343740468332,22.32708333333333,21.285416666666663,20.26875,17.989583333333332,0.6414,792.7979166666668,73.65625,16.879166666666666,2024-06-27,0.1240564982096354,764.6949665738962
2024-06-28,2024-06-28,5513.9375,0.0095240294039978,105.00832297031684,2342.9111385895653,0.1230994625412268,2231.8348031800165,0.1292711893717447,9.219371414640738e-06,791.1104166666668,0.1821874999999999,0.1889999999999999,0.1332708333333333,0.1097708333333333,0.1723616831501882,0.0754440510309149,0.0390638987640006,22.62708333333333,21.50208333333333,20.289583333333333,18.004166666666666,3.4545999,791.1104166666668,67.46875,16.841666666666665,2024-06-28,0.1292711893717447,768.0285639195706
2024-06-29,2024-06-29,5411.8125,0.0096131660239777,104.03243564803942,2412.519051834814,0.1029843034702448,2304.56299650815,0.1103134155273437,8.674937732129032e-06,794.6999999999999,0.1740833333333333,0.18,0.1331875,0.1087083333333333,0.1657629939731093,0.0677308864831381,0.0350701275530543,24.54583333333333,22.73125,20.78125,18.1,1.9547,794.6999999999999,52.38333333333333,20.27083333333333,2024-06-29,0.1103134155273437,775.6145122666934
2024-06-30,2024-06-30,5397.104166666667,0.0096262688373842,103.89092609660882,2430.7124423958608,0.0980394655156606,2314.70725366423,0.1078389485677083,9.28381461281824e-06,796.9708333333333,0.1639374999999999,0.1715624999999999,0.1340416666666666,0.10775,0.1586417870183711,0.0594069543283303,0.0307601092206536,26.375,24.625,22.21875,18.497916666666665,0.4759,796.9708333333333,55.34791666666666,20.214583333333334,2024-06-30,0.1078389485677083,758.8390751927282
2024-07-01,2024-07-01,5230.6875,0.0097798570156457,102.27093563783208,2320.8185030628283,0.131606069852717,2184.146128371665,0.1449661254882812,1.1602197715342122e-05,795.1291666666666,0.1474375,0.160125,0.1327291666666666,0.1067916666666666,0.1473236381100562,0.0461772442202511,0.0239099460960977,23.047916666666666,22.870833333333334,22.085416666666664,18.964583333333334,6.1598997,795.1291666666666,83.79583333333333,16.620833333333334,2024-07-01,0.1449661254882812,798.4026837891761
2024-07-02,2024-07-02,4968.1875,0.0100379610274324,99.6614376021552,2147.4061347079096,0.1989390108537867,2044.6999668841336,0.1961339314778646,9.318728629209949e-06,793.3083333333334,0.1847708333333333,0.1556875,0.130125,0.1051249999999999,0.1616290927920448,0.0628987964758444,0.0325681373724619,22.35833333333333,21.34583333333333,20.46875,18.85,12.183599,793.3083333333334,73.75833333333334,15.983333333333334,2024-07-02,0.1961339314778646,821.3698543552485
2024-07-03,2024-07-03,5146.458333333333,0.0098589307925605,101.4462452429088,2221.4720480517226,0.1656534558430884,2141.779149291523,0.1576690673828125,6.915467553837583e-06,794.1020833333333,0.2146666666666666,0.1645,0.13025,0.1043333333333333,0.1776451830662454,0.0816198994679457,0.0422616686985329,22.922916666666666,21.7875,20.666666666666668,18.68125,0.0,794.1020833333333,59.33541666666667,15.925,2024-07-03,0.1576690673828125,813.3571315910222
2024-07-04,2024-07-04,5268.958333333333,0.0097436282529669,102.64664244282568,2296.082688305561,0.1384568443281515,2231.8914841253186,0.1295407613118489,5.3305481312111935e-06,795.74375,0.1985625,0.167,0.1305208333333333,0.1032916666666666,0.171440074854479,0.0743667891319769,0.0385061072723271,23.460416666666664,22.222916666666663,20.941666666666663,18.666666666666668,0.0,795.74375,44.63958333333333,16.085416666666667,2024-07-04,0.1295407613118489,787.2230414449325
2024-07-05,2024-07-05,5307.729166666667,0.0097071250627968,103.0265928481084,2343.3328713785004,0.1228385733481317,2280.74430784171,0.1161600748697916,5.083505048410368e-06,797.6645833333333,0.1820625,0.1655833333333333,0.1305,0.1025625,0.1637137176363884,0.0653355007989784,0.0338298295761018,23.675,22.402083333333334,21.102083333333333,18.697916666666668,0.0,797.6645833333333,46.96875,14.554166666666667,2024-07-05,0.1161600748697916,773.779185941121
2024-07-06,2024-07-06,5547.770833333333,0.0094947103074786,105.33083756547138,2397.692540241215,0.1070045590721429,2332.419721202428,0.1037686665852864,5.1855788420195225e-06,795.4020833333334,0.1645416666666666,0.161375,0.1301458333333333,0.1014166666666666,0.1545318154935475,0.0546028355394415,0.0282726021547554,23.879166666666663,22.58333333333333,21.225,18.766666666666666,0.0,795.4020833333334,45.7875,15.095833333333331,2024-07-06,0.1037686665852864,767.1550988488937
2024-07-07,2024-07-07,5704.104166666667,0.0093632670091428,106.80624868055598,2436.500502246444,0.0963800531338734,2368.5116677742344,0.0956141153971354,5.318505355528913e-06,793.2979166666668,0.1478541666666666,0.1558958333333333,0.1297291666666666,0.1,0.1452697578152484,0.0437764769996464,0.0226668616331067,24.579166666666666,22.964583333333334,21.472916666666663,18.85833333333333,0.0,793.2979166666668,43.99583333333334,16.285416666666666,2024-07-07,0.0956141153971354,761.8435849370252
2024-07-08,2024-07-08,5691.229166666667,0.0093745090041368,106.68315755153716,2461.4587814453,0.0902585195089951,2388.8485149325693,0.0915425618489583,5.632064748941505e-06,794.9625,0.1340208333333333,0.1495416666666666,0.1290416666666666,0.0987291666666666,0.1369194101686715,0.0340158103428635,0.0176129218069767,25.010416666666668,23.28333333333333,21.79375,19.03125,0.0,794.9625,47.77916666666667,15.772916666666667,2024-07-08,0.0915425618489583,758.3287939263186
2024-07-09,2024-07-09,5778.520833333333,0.0093031062996236,107.4994405718424,2514.4567896860126,0.0776206873556421,2435.105935974703,0.0823542277018229,6.033370018323628e-06,795.74375,0.1236041666666666,0.1444375,0.1281458333333333,0.0973125,0.1304354325513549,0.02643673138576,0.0136885782827492,25.6625,23.76875,22.13125,19.227083333333333,0.0,795.74375,48.8625,16.572916666666668,2024-07-09,0.0823542277018229,756.2145272014232
2024-07-10,2024-07-10,5735.416666666667,0.0093378498496252,107.09833246011964,2535.2739955037755,0.0728143605494244,2449.1517175456825,0.0796496073404948,6.5140463555746216e-06,797.5041666666666,0.1150625,0.1402291666666666,0.1271875,0.095375,0.125039136318082,0.0201290360725208,0.0104225398372584,25.679166666666664,23.995833333333334,22.45833333333333,19.45208333333333,0.0,797.5041666666666,50.625,16.820833333333333,2024-07-10,0.0796496073404948,752.2030792122829
2024-07-11,2024-07-11,5779.0625,0.0093025400741826,107.50499389267344,2585.9048191090365,0.0622314560908217,2495.140761798164,0.0716425577799479,6.738662984553141e-06,797.50625,0.1096249999999999,0.1369166666666666,0.12575,0.0927916666666666,0.1211839001001987,0.0156226757150163,0.0080892080185902,26.11875,23.960416666666664,22.42083333333333,19.61458333333333,0.0,797.50625,50.71666666666667,17.958333333333332,2024-07-11,0.0716425577799479,763.9020284002646
2024-07-12,2024-07-12,5726.4375,0.0093462463196284,107.01046501655254,2631.8052623187264,0.0534539883895681,2551.7817885207296,0.0627123514811198,5.8139768077949565e-06,802.9083333333333,,,,,,,,,,,,0.0,802.9083333333333,34.333333333333336,22.1,2024-07-12,0.0627123514811198,759.2767850743695
2024-07-13,2024-07-13,5726.152173913043,0.0093457995681864,107.0102697299998,2652.005787253114,0.0493429721972445,2581.634464563036,0.0579462466032608,5.052767265539017e-06,804.1782608695652,,,,,,,,,,,,0.0,804.1782608695652,29.15652173913044,22.30434782608696,2024-07-13,0.0579462466032608,754.82666518531
2024-07-14,2024-07-14,5645.0,0.0094133153418389,106.24726495021362,2630.9756688495977,0.0537053558500321,2546.739268386389,0.0634943644205729,6.1221164866065655e-06,804.8312500000001,0.0968333333333333,0.1328333333333333,0.123125,0.0854583333333333,0.1134478508420715,0.0065800584199164,0.0034070643405866,28.54583333333333,26.366666666666664,24.3375,20.48125,0.0,804.8312500000001,32.725,22.925,2024-07-14,0.0634943644205729,745.069667665815
2024-07-15,2024-07-15,5665.5625,0.0093955579978867,106.44291491646123,2637.699759602025,0.0520619508475116,2530.883186307984,0.0657196044921875,7.8171022693986e-06,804.0104166666666,0.0934166666666666,0.1295,0.1217083333333333,0.0835,0.110497611272417,0.003131542715441,0.0016214700289755,27.03333333333333,25.29583333333333,23.945833333333336,20.6625,0.2436,804.0104166666666,45.85,21.0,2024-07-15,0.0657196044921875,761.8844342076399
2024-07-16,2024-07-16,5511.75,0.0095301293068318,104.97194119496696,2558.3341889474123,0.0685435370603936,2442.544279814863,0.0817604064941406,8.805368751644894e-06,803.1083333333332,0.0944583333333333,0.12725,0.120125,0.08175,0.1098354769824521,0.0023575782818738,0.0012207218206454,26.20833333333333,24.88125,23.683333333333334,20.758333333333333,3.4858,803.1083333333332,57.775,19.325,2024-07-16,0.0817604064941406,800.5260238016513
2024-07-17,2024-07-17,5532.479166666667,0.0095080742117207,105.18464404409974,2577.3714548269195,0.0639037909582106,2479.4693034403945,0.0742708841959635,7.315405296593837e-06,804.8666666666667,0.1014583333333333,0.123625,0.1180833333333333,0.0799583333333333,0.1112346726814815,0.003993088967639,0.0020675669062836,23.93541666666667,22.816666666666663,22.2875,20.61875,1.9627,804.8666666666667,54.63333333333333,17.683333333333334,2024-07-17,0.0742708841959635,774.4506452242107
2024-07-18,2024-07-18,5671.0625,0.0093910223171617,106.49450541079835,2603.4680528989406,0.0586884579644478,2510.657674231269,0.0690422058105468,6.849368358805628e-06,804.1875,0.1104166666666666,0.1255833333333333,0.1182916666666666,0.078,0.115775846138296,0.0093012368698125,0.0048160533600384,26.164583333333336,24.59583333333333,22.883333333333336,20.3125,0.0,804.1875,42.43333333333333,20.683333333333334,2024-07-18,0.0690422058105468,759.5339387250895
2024-07-19,2024-07-19,5636.625,0.0094193415546607,106.17187907146304,2611.4425649736736,0.0571430571677311,2504.4215300783712,0.070074717203776,7.914275350824536e-06,804.84375,0.1082916666666666,0.1251666666666666,0.1180833333333333,0.0760416666666666,0.1145941264173258,0.0079199324300069,0.0041008327951098,25.51914893617021,24.45833333333333,23.14375,20.35625,0.278,804.84375,48.61666666666667,20.141666666666666,2024-07-19,0.070074717203776,757.7293446506424
2024-07-20,2024-07-20,5605.416666666667,0.0094457613533491,105.87668552673236,2599.557202452237,0.0595282576968446,2499.5282573701165,0.0709037780761718,7.41013347817359e-06,804.7291666666666,0.1045,0.125125,0.11725,0.0755833333333333,0.1127429862806045,0.0057561468519376,0.0029804541885307,26.46666666666667,24.56458333333333,23.02083333333333,20.4625,0.38009998,804.7291666666666,48.21666666666667,19.675,2024-07-20,0.0709037780761718,747.9291249803217
2024-07-21,2024-07-21,5695.3125,0.0093707298542932,106.7230142803199,2605.1990697867955,0.0582817269820628,2517.006925749949,0.0679181416829427,6.490281718412256e-06,803.5604166666667,0.0999166666666666,0.1258333333333333,0.1173333333333333,0.0739583333333333,0.1109278371590169,0.0036344309356628,0.0018818586779931,27.5625,25.58333333333333,23.71666666666667,20.59375,0.0,803.5604166666667,41.48333333333333,19.8,2024-07-21,0.0679181416829427,743.6779866612045
2024-07-22,2024-07-22,5735.916666666667,0.0093370441771783,107.10452040848216,2610.190501879981,0.0572763710514199,2525.86528334416,0.0664507548014323,6.182653418638355e-06,803.4333333333334,0.0946666666666666,0.1247916666666666,0.1168333333333333,0.072125,0.1081185187007378,0.0003506369950297,0.0001815550449583,27.09583333333333,25.25208333333333,23.785416666666663,20.9,0.0,803.4333333333334,45.85,17.616666666666667,2024-07-22,0.0664507548014323,735.7187997669146
2024-07-23,2024-07-23,5729.083333333333,0.0093431717537136,107.03856290438908,2621.7740546187915,0.0550219464931352,2541.9886884545745,0.0639139811197916,5.815473286061177e-06,803.5375,0.0911666666666666,0.1232916666666666,0.1162916666666666,0.071875,0.1059735583508296,0.0021565931052706,0.0011166544424412,26.8125,25.03333333333333,23.70208333333333,20.975,0.0,803.5375,39.625,19.3,2024-07-23,0.0639139811197916,735.9770393401108
2024-07-24,2024-07-24,5609.583333333333,0.0094419498194577,105.91716235481232,2646.5127248789927,0.0503421278487028,2566.03081714246,0.0602086385091145,5.808749810116982e-06,805.3916666666668,0.0889583333333333,0.1221666666666666,0.1157083333333333,0.0712916666666666,0.1044985212112959,0.0038807543539661,0.0020094015782525,26.12954545454545,25.235416666666666,23.722916666666663,21.0,0.0,805.3916666666668,36.975,20.258333333333333,2024-07-24,0.0602086385091145,738.8913874953192
2024-07-25,2024-07-25,5536.791666666667,0.009503906257886,105.22735908102582,2603.305236979384,0.0588022669896748,2511.662680193981,0.0689379374186198,6.759405283854461e-06,805.63125,0.0872083333333333,0.122,0.1157916666666666,0.07,0.1036449972582815,0.0048784329107826,0.0025259859027942,27.64782608695652,26.1,24.25208333333333,21.2375,0.0,805.63125,39.725,21.45,2024-07-25,0.0689379374186198,729.6398741175161
2024-07-26,2024-07-26,5562.833333333333,0.0094817844518402,105.47397466339272,2573.6882347212763,0.0646809746441587,2467.902296567404,0.0763168334960937,7.941245171960654e-06,802.7145833333334,0.0845833333333333,0.1196666666666666,0.1150416666666666,0.07,0.1015750006928533,0.0072980383345297,0.0037788245299691,26.570212765957447,25.322916666666668,24.1875,21.3375,0.2395,802.7145833333334,46.35833333333333,20.53333333333333,2024-07-26,0.0763168334960937,773.6822303747432
2024-07-27,2024-07-27,5203.666666666667,0.0098070812840066,101.9997554250452,2377.4272928673745,0.1141147191074779,2258.795754239637,0.1230799357096354,9.725694034480303e-06,799.5041666666666,0.1129166666666666,0.1165833333333333,0.1131666666666666,0.0694583333333333,0.1125727945384486,0.0055572108395427,0.0028774478395539,23.87291666666667,23.6375,23.116666666666664,21.34375,8.6098995,799.5041666666666,63.34166666666667,19.10833333333333,2024-07-27,0.1230799357096354,825.265110271914
2024-07-28,2024-07-28,5463.416666666667,0.0095682931720134,104.52497305110975,2414.8864258270046,0.1023519973176615,2338.7995499313924,0.1025047302246093,6.046251083611508e-06,797.4854166666668,0.1574583333333333,0.1165416666666666,0.1125,0.068,0.1318773428509918,0.0281221708883306,0.014561275827507,24.160416666666663,23.1625,22.370833333333334,21.008333333333336,0.7668,797.4854166666668,40.44166666666667,20.3,2024-07-28,0.1025047302246093,804.0082080676104
2024-07-29,2024-07-29,5560.604166666667,0.0094835396840674,105.45338022236535,2501.082611101307,0.0806350037695497,2438.95221120162,0.0816001892089843,4.71784477718862e-06,800.3854166666666,0.1534166666666666,0.1192916666666666,0.11275,0.068,0.1310711343866336,0.0271797990962168,0.0140733285900224,24.87291666666667,23.82708333333333,22.71666666666667,20.69375,0.0,800.3854166666666,31.616666666666664,19.616666666666667,2024-07-29,0.0816001892089843,781.4610699047961
2024-07-30,2024-07-30,5583.520833333333,0.0094643332535422,105.66941904271437,2540.7090951707182,0.0719011961872392,2482.495027838968,0.0739453633626302,4.346886204849726e-06,800.3645833333334,0.1434583333333333,0.1219166666666666,0.1133333333333333,0.068,0.1276970590732693,0.023235864567679,0.0120312131806641,25.59166666666667,24.320833333333336,22.960416666666664,20.6375,0.0,800.3645833333334,28.008333333333336,19.941666666666663,2024-07-30,0.0739453633626302,754.8919178509612
2024-07-31,2024-07-31,5543.729166666667,0.0094982668290312,105.29211036043404,2541.6601728450246,0.0716411404075804,2485.935571947331,0.0732828776041666,4.151976115588581e-06,801.1895833333333,0.130125,0.1235416666666666,0.1137083333333333,0.068,0.1224725214272742,0.0171289367418325,0.0088691293968788,25.822916666666668,24.535416666666663,23.210416666666664,20.75625,0.0,801.1895833333333,28.09166666666667,19.75,2024-07-31,0.0732828776041666,745.9798540377164
2024-08-01,2024-08-01,5332.125,0.0096850539653935,103.26252250031342,2588.1514070867725,0.0618172370980462,2531.893306592709,0.0655975341796875,4.114430740471048e-06,804.7354166666668,0.1182916666666666,0.1237499999999999,0.113625,0.068,0.1173450974096105,0.0111355243999027,0.0057658223796016,25.28,24.602083333333336,23.28125,20.866666666666667,0.0,804.7354166666668,26.96666666666667,20.45833333333333,2024-08-01,0.0655975341796875,749.6533346329695
2024-08-02,2024-08-02,5244.583333333333,0.0097661854214809,102.40914355033918,2589.782358966112,0.0613945394076947,2522.296500765729,0.0671475728352864,4.965949075341476e-06,806.3729166666667,0.1093333333333333,0.123875,0.113875,0.0679583333333333,0.1135111924004343,0.0066540979525044,0.003445400998892,26.03720930232558,25.5125,23.775,20.96666666666667,0.0,806.3729166666667,29.125,22.133333333333336,2024-08-02,0.0671475728352864,746.1710306827546
2024-08-03,2024-08-03,5351.041666666667,0.0096674577585175,103.44718800408818,2597.450113645624,0.0598483133849957,2523.3430608713365,0.066907246907552,5.440827832766002e-06,804.6374999999999,0.1014999999999999,0.1237083333333333,0.1141249999999999,0.0669583333333333,0.110037203935934,0.0025933755961847,0.0013428144480852,26.781395348837208,26.129166666666663,24.35833333333333,21.28125,0.0,804.6374999999999,30.191666666666663,22.525,2024-08-03,0.066907246907552,742.8095804055531
2024-08-04,2024-08-04,5475.666666666667,0.0095568554157965,104.64471062337016,2586.623063458272,0.0620711420174914,2493.335679798898,0.0719617207845052,6.935427236126279e-06,802.24375,0.0951999999999999,0.12265,0.11455,0.066,0.1069729749165111,0.0009883816293229,0.0005117705025177,27.716216216216218,26.2875,24.895,21.6175,0.0,802.24375,32.233333333333334,24.65833333333333,2024-08-04,0.0719617207845052,780.7950018427961
2024-08-05,2024-08-05,4441.083333333333,0.0106226650803236,94.20788091245436,2176.622435839196,0.1872539501186143,2059.822925366125,0.1913541158040364,1.0533344755344668e-05,804.6270833333333,0.255625,0.13275,0.11325,0.066,0.1803196466403226,0.084746062417937,0.0438803531584672,24.267391304347825,24.366666666666664,24.116666666666664,21.81875,6.298,804.6270833333333,71.35833333333333,18.491666666666667,2024-08-05,0.1913541158040364,816.6978226021645
2024-08-06,2024-08-06,4580.708333333333,0.0104496507943811,95.7091448869172,2224.756876376572,0.1640766116348815,2124.178902562151,0.1632067362467447,8.77202895621391e-06,805.2583333333333,0.2475416666666666,0.1687916666666666,0.1121666666666666,0.066,0.188566946595334,0.094386277303166,0.0488719247031273,24.210416666666664,23.195833333333336,22.808333333333334,21.39375,0.87409997,805.2583333333333,51.14166666666667,21.166666666666668,2024-08-06,0.1632067362467447,810.1773151152734
2024-08-07,2024-08-07,4747.083333333333,0.0102660078238334,97.42826914711766,2260.2219205457154,0.1508766852182257,2160.4206526481603,0.1510721842447916,8.560255965434059e-06,803.2979166666668,0.227125,0.1799583333333333,0.1129583333333333,0.066,0.1834968317074015,0.0884598532275183,0.0458033032948102,24.791666666666668,24.10625,23.27916666666667,21.2625,0.4129,803.2979166666668,47.175,22.10833333333333,2024-08-07,0.1510721842447916,809.3593543563803
2024-08-08,2024-08-08,4742.020833333333,0.0102718746560331,97.37499835188352,2250.2966175663128,0.154852525680116,2151.216741788686,0.1544977823893229,8.543077806436259e-06,802.6999999999999,0.216875,0.1765416666666666,0.1120416666666666,0.066,0.1776959665850288,0.0816792599903434,0.0422924047659344,22.03125,21.90833333333333,22.20833333333333,21.05,1.1852,802.6999999999999,62.6,17.608333333333334,2024-08-08,0.1544977823893229,814.7456663356724
2024-08-09,2024-08-09,4822.625,0.0101836075402377,98.20581545570444,2296.4302884007234,0.138014149253438,2195.93369282966,0.1396802266438802,8.47965905190324e-06,802.7687500000001,0.2129166666666666,0.1740833333333333,0.1112916666666666,0.066,0.1750006258871398,0.0785286939071049,0.0406610846970466,21.43958333333333,21.40833333333333,21.447916666666668,20.61875,0.0,802.7687500000001,56.05,18.266666666666666,2024-08-09,0.1396802266438802,813.86133546448
2024-08-10,2024-08-10,4677.625,0.0103412249231778,96.71509259792464,2268.8885838882125,0.147590064122552,2157.5887215068674,0.1518236796061197,9.558908533762988e-06,804.3791666666666,0.2117916666666666,0.170125,0.1104166666666666,0.066,0.1730225090301883,0.0762164860726465,0.0394638550741357,20.04375,19.572916666666668,20.1125,20.14375,6.8099,804.3791666666666,73.3,16.224999999999998,2024-08-10,0.1518236796061197,824.8540128753962
2024-08-13,2024-08-13,4404.854166666667,0.0106564320350452,93.85340014066088,2196.13390074965,0.1795248571995654,2081.6272775391285,0.1822611490885416,1.0170718591733392e-05,802.1770833333334,0.283,0.2868333333333333,0.1167083333333333,0.066,0.2442482047298969,0.1594717351409066,0.0825722854504616,19.597916666666663,20.17708333333333,20.477083333333333,19.54375,1.3849,802.1770833333334,74.97500000000001,16.25,2024-08-13,0.1822611490885416,805.4894785788053
2024-08-16,2024-08-16,4638.125,0.010384275658392,96.30867203571832,2273.984210448774,0.1546975252865607,2190.0670478495263,0.1491953531901041,7.097879282478828e-06,802.1625,0.289125,0.296,0.1676666666666666,0.064,0.2597053423302112,0.1775394820144804,0.0919275179057504,21.385416666666668,20.0875,19.433333333333334,18.866666666666664,0.0,802.1625,46.0,19.325,2024-08-16,0.1491953531901041,784.4889569078811
2024-08-17,2024-08-17,4697.916666666667,0.0103175626046893,96.92876736323024,2230.926577977496,0.1614339758676901,2153.998441513961,0.1528294881184896,6.619870402352057e-06,803.4541666666668,0.2732916666666666,0.2835833333333333,0.1727916666666666,0.0647083333333333,0.249652940383444,0.1657892952372133,0.0858434317458334,21.847916666666663,20.93125,20.31458333333333,18.83333333333333,0.0,803.4541666666668,43.325,18.775,2024-08-17,0.1528294881184896,786.922659901062
2024-08-18,2024-08-18,4462.5,0.0105873055773934,94.4657260506363,2206.830073234811,0.1711251631863476,2094.9695827830656,0.1738917032877604,9.895274264871652e-06,805.4770833333333,0.2639166666666667,0.2725,0.1738333333333333,0.0652916666666666,0.2420819321748163,0.156939593343607,0.0812611770267468,21.48333333333333,20.791666666666668,20.320833333333333,19.0,3.3292,805.4770833333333,68.45833333333333,17.733333333333334,2024-08-18,0.1738917032877604,789.7488488693958
2024-08-19,2024-08-19,4585.166666666667,0.0104446180368816,95.75559653145432,2247.239484676616,0.1557024590604337,2137.7912563619,0.1585439046223958,9.478918944077337e-06,805.7041666666668,0.2577083333333334,0.2652083333333333,0.1734583333333333,0.066,0.2368913908009588,0.1508724035375356,0.0781196690466248,21.04042553191489,20.602083333333333,20.2,19.05625,0.6289,805.7041666666668,64.83333333333333,17.7,2024-08-19,0.1585439046223958,787.9260527273755
2024-08-20,2024-08-20,4715.916666666667,0.0102979573172604,97.11396318772798,2270.435687159124,0.147005528284587,2168.7876243010933,0.1480420430501302,8.679021866563604e-06,805.6125000000001,0.2467916666666666,0.2564166666666667,0.17225,0.066,0.228953781048404,0.1415941835010228,0.0733155334883693,20.08125,19.80625,19.791666666666668,18.9875,1.4368,805.6125000000001,57.84166666666667,18.05,2024-08-20,0.1480420430501302,788.4422891275916
2024-08-21,2024-08-21,4746.520833333333,0.01026811651657,97.41784225446077,2262.435618053053,0.1507664225299998,2154.6860143562585,0.1540629069010416,9.299179688370893e-06,804.7916666666666,0.24075,0.2492916666666666,0.1707083333333333,0.066,0.2236410504051085,0.1353841674584282,0.0701000720345387,20.4375,19.841666666666665,19.479166666666668,18.85833333333333,2.5867999,804.7916666666666,60.86666666666667,18.591666666666665,2024-08-21,0.1540629069010416,818.0705208446367
2024-08-22,2024-08-22,4630.770833333333,0.0103940518889743,96.22755286120542,2206.7971383510826,0.172163022045528,2086.572030987544,0.1780001322428385,1.0674599389295406e-05,804.1958333333333,0.2711666666666666,0.2537083333333333,0.1692916666666667,0.066,0.2381551558021935,0.1523496101679227,0.0788845464554387,18.491666666666667,18.841666666666665,19.15833333333333,18.65833333333333,11.5455,804.1958333333333,80.63333333333334,15.716666666666669,2024-08-22,0.1780001322428385,811.7776577335097
2024-08-23,2024-08-23,4594.520833333333,0.0104329892968835,95.85626731019202,2188.00822940713,0.178787918075203,2069.0527487335207,0.1837501525878906,1.0647670336129392e-05,802.525,0.2808333333333333,0.268125,0.1672916666666667,0.06425,0.2467356178278537,0.1623792560148219,0.0840777600309067,17.772916666666667,17.872916666666665,18.210416666666667,18.4125,1.5443,802.525,82.20833333333333,15.408333333333331,2024-08-23,0.1837501525878906,818.1881339531689
2024-08-24,2024-08-24,4620.708333333333,0.0104037511031572,96.12789962507829,2194.440734279466,0.1760780912359147,2084.1732683894056,0.1778691609700521,9.804144208359182e-06,803.275,0.286,0.2710416666666667,0.168,0.064,0.2500952222952198,0.1663062756662782,0.0861111171480354,18.027083333333334,18.008333333333333,18.035416666666663,18.125,4.7114997,803.275,75.38333333333334,15.85,2024-08-24,0.1778691609700521,826.5854244140214
2024-08-25,2024-08-25,4551.708333333333,0.0104842884395222,95.40151239764393,2182.18186660894,0.1814547565439204,2078.653612403892,0.1802393595377604,9.231003005230329e-06,804.3708333333334,0.2967083333333333,0.282125,0.169375,0.064,0.258736332060585,0.176406812258785,0.0913410369829351,17.14375,17.341666666666665,17.70625,17.881249999999998,1.6888,804.3708333333334,74.44166666666666,14.75,2024-08-25,0.1802393595377604,825.0473276441886
2024-08-26,2024-08-26,4518.4375,0.0105207367433012,95.05842994739707,2172.4867260140186,0.1853644558711424,2081.5696640439287,0.1788330078125,8.095251992871007e-06,805.7333333333332,0.3074166666666666,0.3035833333333333,0.1710416666666666,0.064,0.270886301101748,0.1906088314704809,0.0986946484758114,17.912499999999998,17.1375,17.097916666666666,17.562500000000004,4.6762,805.7333333333332,61.98333333333333,16.316666666666666,2024-08-26,0.1788330078125,813.2126509227139
2024-08-27,2024-08-27,4631.5,0.0103913511975809,96.24094190184296,2234.5895174172742,0.1600821471528051,2147.597361255429,0.1549237569173177,7.500831870365781e-06,805.9250000000001,0.288875,0.2928333333333333,0.1772916666666666,0.064,0.2603928866633791,0.1783431480810738,0.0923436452138214,19.375,18.235416666666666,17.8375,17.46875,0.0,805.9250000000001,57.41666666666666,16.383333333333333,2024-08-27,0.1549237569173177,798.2021016847962
2024-08-28,2024-08-28,4836.729166666667,0.0101710396164023,98.34188713901706,2244.9184444809434,0.1569675209972637,2167.363381490982,0.1491381327311197,6.62780854222588e-06,803.1833333333334,0.2719166666666667,0.280375,0.1792083333333333,0.064,0.2491908546563314,0.165249166258146,0.0855637603407395,19.704166666666666,18.81458333333333,18.47083333333333,17.525000000000002,0.0,803.1833333333334,50.99166666666667,16.474999999999998,2024-08-28,0.1491381327311197,787.8569308956143
2024-08-29,2024-08-29,5008.395833333333,0.0099928915332998,100.07966566076288,2338.6979100293443,0.1245056519772853,2262.741332294961,0.1210238138834635,6.220454208475851e-06,801.8541666666666,0.25725,0.2689583333333333,0.17825,0.064375,0.2387998562783802,0.1531031963307823,0.079274743073643,20.475,19.18958333333333,18.62708333333333,17.6125,0.0,801.8541666666666,45.84166666666667,17.05,2024-08-29,0.1210238138834635,793.8182320841122
2024-08-30,2024-08-30,4972.1875,0.0100294657526777,99.71639262415464,2362.132208914229,0.1173871435181496,2293.169465640049,0.1132011413574218,5.568178196831123e-06,805.4354166666667,0.2422083333333333,0.2572916666666666,0.176,0.0655,0.2279409205784732,0.1404102575334758,0.0727025127994169,19.897916666666667,18.820833333333333,18.6625,17.724999999999998,0.0,805.4354166666667,46.86666666666667,15.408333333333331,2024-08-30,0.1132011413574218,779.5412420406001
2024-08-31,2024-08-31,5028.041666666667,0.0099732665065807,100.276034242908,2391.713795627895,0.1085644661933509,2331.4600323452573,0.1038742065429687,4.786657222870756e-06,805.8000000000001,0.2292083333333333,0.24725,0.1734583333333333,0.0657916666666666,0.2184296380772636,0.129292581730977,0.0669459321796697,20.141666666666666,18.96875,18.64375,17.7,0.0,805.8000000000001,38.641666666666666,16.216666666666665,2024-08-31,0.1038742065429687,766.0200565980293
2024-09-01,2024-09-01,5097.083333333333,0.0099060854684164,100.96007453463972,2409.847321259589,0.1038440732379045,2342.3863051683943,0.1015968322753906,5.33059083566163e-06,805.0979166666666,0.2172083333333333,0.238625,0.1707083333333333,0.066,0.2097844736047071,0.1191873056177988,0.0617135582857266,20.88125,19.647916666666667,19.01458333333333,17.73125,0.0,805.0979166666666,37.24166666666667,17.933333333333334,2024-09-01,0.1015968322753906,773.8068648930143
2024-09-02,2024-09-02,5191.020833333333,0.0098155587945591,101.88787578803694,2446.730851904168,0.0939065656357417,2373.300162374759,0.0947062174479166,5.729501564569367e-06,805.2208333333333,0.2045416666666666,0.2287916666666667,0.16725,0.066,0.2003013679653577,0.1081025655645278,0.0559740313468987,20.125,18.947916666666668,18.75208333333333,17.775000000000002,0.0,805.2208333333333,43.225,16.841666666666665,2024-09-02,0.0947062174479166,771.1737243583758
2024-09-03,2024-09-03,5211.0,0.0097963347540277,102.08513451047406,2458.8150070337056,0.0908648798158861,2379.6469710941988,0.0933736165364583,6.160984310320789e-06,804.0166666666668,0.1934583333333333,0.2204166666666666,0.1640416666666666,0.066,0.192044862528378,0.0984515904517357,0.0509768883034331,21.0375,19.62708333333333,19.1,17.8,0.0,804.0166666666668,45.875,17.241666666666667,2024-09-03,0.0933736165364583,768.4685605792424
2024-09-04,2024-09-04,5241.791666666667,0.0097687616937538,102.38198497845224,2495.898648436242,0.0820495384970045,2411.99998452735,0.0869127909342448,6.439236021056032e-06,804.6520833333334,0.1771499999999999,0.2093499999999999,0.15975,0.066,0.1803967075684581,0.0848361384319699,0.043926993287744,18.9125,18.44,18.9175,17.9,0.0,804.6520833333334,50.4,15.716666666666669,2024-09-04,0.0869127909342448,777.5218424336208
2024-09-05,2024-09-05,4923.770833333333,0.0100800748381874,99.22503561332064,2492.615492094505,0.0831771713974193,2389.9900446789784,0.0917396545410156,7.955830901380463e-06,807.6770833333334,0.1687916666666666,0.202125,0.1561249999999999,0.066,0.1736358232709097,0.0769333850704976,0.0398350555795884,18.866666666666667,18.102083333333333,18.245833333333334,17.84375,4.7173,807.6770833333334,69.125,14.141666666666666,2024-09-05,0.0917396545410156,772.3132527180977
2024-09-06,2024-09-06,4935.375,0.0100666355178543,99.34709573456888,2511.4083466789484,0.0782924306108519,2427.5236316748747,0.0838254292805989,6.401442417071298e-06,808.24375,0.1623333333333333,0.1940833333333333,0.15275,0.066,0.1674830644565816,0.0697414656022274,0.0361111779485711,18.866666666666667,17.727083333333333,17.8625,17.575,0.0453,808.24375,56.78333333333333,14.575,2024-09-06,0.0838254292805989,770.771492907673
2024-09-07,2024-09-07,5044.0625,0.0099576714191136,100.43480306525358,2525.264193659845,0.0751830383102817,2443.6449109887985,0.0807876586914062,6.185871477897272e-06,805.1854166666667,0.1560416666666666,0.1868333333333333,0.1498333333333333,0.066,0.1617548742301389,0.0630458215747756,0.0326442649597526,19.89583333333333,18.48333333333333,18.179166666666667,17.4375,0.0,805.1854166666667,49.13333333333333,16.241666666666667,2024-09-07,0.0807876586914062,763.5082580707035
2024-09-08,2024-09-08,5220.104166666667,0.0097879610869836,102.17366746876928,2566.3399650131914,0.0662461232579099,2486.626474859868,0.0730781555175781,5.93855666375382e-06,802.8416666666667,0.147,0.1784166666666666,0.1460833333333333,0.066,0.154274200282806,0.0543017108073718,0.0281166838830272,20.008333333333333,18.685416666666665,18.433333333333334,17.46875,0.0,802.8416666666667,47.625,16.066666666666666,2024-09-08,0.0730781555175781,763.7436217642723
2024-09-09,2024-09-09,5244.8125,0.0097649128892128,102.41506584090206,2626.0620626826358,0.0542214361339572,2548.2863389128797,0.0629234313964843,5.651526436803538e-06,803.0833333333334,0.1374166666666666,0.169,0.1415,0.066,0.1460633356065874,0.0447040848808179,0.0231471643192379,19.36458333333333,18.30208333333333,18.304166666666667,17.475,0.0,803.0833333333334,45.89166666666667,15.625,2024-09-09,0.0629234313964843,771.389251494052
2024-09-10,2024-09-10,5233.708333333333,0.009775602959405,102.30541576847126,2603.185054025456,0.0587773686874375,2514.737260321608,0.0683848063151041,6.515654767273818e-06,802.25,0.12975,0.1604583333333333,0.137875,0.066,0.1391670855373033,0.0366431033556125,0.0189732982299148,18.92708333333333,18.016666666666666,18.058333333333334,17.41875,0.26639998,802.25,54.225,15.158333333333331,2024-09-10,0.0683848063151041,767.4912079906643
2024-09-11,2024-09-11,5439.125,0.009589548878375,104.29261924135363,2586.7766851910337,0.0620115236399416,2501.9710187859832,0.0704269409179687,6.2759866922656695e-06,798.4979166666667,0.1242916666666666,0.1530416666666666,0.1339166666666666,0.066,0.1335479604112631,0.0300749448094811,0.0155723954813754,18.854166666666668,17.860416666666666,17.833333333333332,17.3,0.0,798.4979166666667,50.05833333333334,15.425,2024-09-11,0.0704269409179687,768.880970120556
2024-09-12,2024-09-12,5794.916666666667,0.0092908429464088,107.64830700409868,2582.703631587564,0.0632673563312492,2514.219916507299,0.0688311258951823,5.0523375205597054e-06,792.025,0.1200833333333333,0.1463333333333333,0.1300416666666666,0.066,0.1287278519077466,0.0244407515586604,0.0126550872011415,19.33333333333333,17.741666666666667,17.575,17.26875,1.183,792.025,37.3,17.625,2024-09-12,0.0688311258951823,757.0519945002551
2024-09-13,2024-09-13,5716.083333333333,0.0093545023807345,106.91429740410946,2657.657319528395,0.0483906203098788,2600.039028006555,0.0553169250488281,4.103219331607005e-06,795.8083333333334,0.1158333333333333,0.1414583333333333,0.1270416666666666,0.066,0.1246678894359324,0.0196950880242,0.0101978474672597,20.20833333333333,18.64583333333333,18.258333333333333,17.21875,0.0,795.8083333333334,34.075,15.65,2024-09-13,0.0553169250488281,770.4076127085506
2024-09-14,2024-09-14,5568.375,0.0094768408161507,105.52732216561007,2654.075538964866,0.0490087006117636,2598.6039669847864,0.0555038452148437,3.953950141322411e-06,800.0666666666666,0.1099583333333333,0.1355833333333333,0.1239583333333333,0.066,0.119547666310967,0.0137100927585687,0.0070988986970798,18.875,17.595833333333335,17.895833333333332,17.3,0.0,800.0666666666666,37.38333333333333,13.833333333333334,2024-09-14,0.0555038452148437,757.5205548516615
2024-09-15,2024-09-15,5576.1875,0.0094702793882304,105.60104582049702,2657.550681468462,0.0483201304214739,2593.325143770668,0.0562667846679687,4.594835159676163e-06,799.8916666666668,0.104375,0.1315,0.1209166666666666,0.066,0.1151594116089432,0.0085806905870227,0.0044429643402806,16.616666666666667,16.889583333333334,17.537499999999998,17.150000000000002,0.0,799.8916666666668,42.54166666666666,12.766666666666666,2024-09-15,0.0562667846679687,758.9507627902123
2024-09-16,2024-09-16,5511.479166666667,0.00952540396236,104.98765946083574,2630.4682917049736,0.0534198083928171,2540.0139253309567,0.0642916361490885,6.598823714227161e-06,798.3416666666667,0.1017083333333333,0.12775,0.1177083333333333,0.066,0.1121269809394742,0.0050361022444493,0.0026076249293892,15.597916666666668,15.466666666666669,16.172916666666666,16.8375,0.2462,798.3416666666667,57.30833333333334,13.558333333333332,2024-09-16,0.0642916361490885,763.1241731573492
2024-09-17,2024-09-17,5428.106382978724,0.0095987697602883,104.18877533492888,2596.6396375915274,0.060053744110034,2493.702822133311,0.0718844799285239,7.648521932136034e-06,795.7166666666667,0.1010416666666666,0.1259166666666666,0.1160833333333333,0.066,0.1109124982131555,0.0036165013423386,0.001872574979558,15.20625,15.204166666666666,15.841666666666669,16.406249999999996,1.2112,795.7166666666667,72.69166666666666,12.241666666666667,2024-09-17,0.0718844799285239,778.7837761517052
2024-09-18,2024-09-18,5489.145833333333,0.0095448656188845,104.77434707355984,2602.455055624135,0.058933830628478,2546.331254990775,0.0633163452148437,4.080458306375709e-06,795.5729166666666,0.1011666666666666,0.122375,0.1141249999999999,0.0659166666666666,0.1094088945711007,0.0018589488959997,0.0009625383378608,14.091666666666669,13.664583333333333,14.804166666666667,15.98125,4.0789,795.5729166666666,45.03333333333333,11.408333333333331,2024-09-18,0.0633163452148437,781.5332214893667
2024-09-19,2024-09-19,5483.979166666667,0.0095494909365873,104.72455079423592,2630.998142026099,0.0533391466389371,2577.4108123133474,0.0585734049479166,3.849646201214376e-06,798.4125,0.1045416666666666,0.1211666666666666,0.1130416666666666,0.064,0.1102049423729824,0.0027894439563123,0.0014443359659012,15.245833333333332,14.15,14.785416666666668,15.6375,0.0,798.4125,40.96666666666667,11.908333333333331,2024-09-19,0.0585734049479166,765.7468370287045
2024-09-20,2024-09-20,5529.645833333333,0.0095105912933205,105.15740270789274,2639.3500010917232,0.0517395638387345,2577.311419697609,0.0585962931315104,4.460966961685062e-06,797.5895833333334,0.106875,0.1214166666666666,0.1125,0.064,0.1112055338644714,0.0039590287953388,0.0020499310144613,16.575,15.179166666666667,15.25625,15.4,0.0,797.5895833333334,41.6,14.283333333333331,2024-09-20,0.0585962931315104,758.0111841314027
2024-09-21,2024-09-21,5580.645833333333,0.0094715648459524,105.62523644290356,2651.6128433311155,0.0502369230024268,2588.20181532249,0.0580062866210937,4.577611845426901e-06,796.8937500000001,0.104375,0.1199583333333333,0.1117916666666666,0.064,0.1094894734038332,0.0019531369656684,0.0010113076333591,15.010416666666666,14.970833333333331,15.572916666666666,15.4,0.0,796.8937500000001,46.96666666666667,11.666666666666666,2024-09-21,0.0580062866210937,809.312302164357
2024-09-22,2024-09-22,4568.145833333333,0.0104633630663633,95.57982721579748,2247.008216095783,0.1555931730380889,2167.618893501996,0.1485430399576822,6.782899304708643e-06,800.5895833333334,0.267625,0.2606666666666666,0.1095833333333333,0.064,0.2273643948017629,0.1397363603301876,0.0723535780356169,12.245833333333332,12.464583333333332,13.872916666666669,15.2,23.8471,800.5895833333334,81.7,8.700000000000001,2024-09-22,0.1485430399576822,840.943055372274
2024-09-23,2024-09-23,4693.520833333333,0.0103234663261214,96.88003255846525,2292.3779097209213,0.1395442597164576,2220.985162511171,0.1324361165364583,5.953097188180621e-06,800.85,0.2575833333333333,0.2673333333333333,0.1092916666666666,0.064,0.2251306319926978,0.137125329617168,0.0710016220092723,12.725,12.254166666666668,13.297916666666666,14.73125,0.0,800.85,66.325,10.516666666666667,2024-09-23,0.1324361165364583,832.5798709443512
2024-09-24,2024-09-24,4823.5625,0.0101820569818468,98.21717852369524,2313.1791980549738,0.1322492874646686,2244.0251082205727,0.1256879170735677,5.707082476970567e-06,801.2604166666666,0.241,0.2561666666666666,0.1097916666666666,0.064,0.2142502212082329,0.1244072887342157,0.0644163942180911,14.325,13.270833333333334,13.722916666666668,14.49375,0.0,801.2604166666666,55.28333333333333,12.708333333333334,2024-09-24,0.1256879170735677,819.3614722940308
2024-09-25,2024-09-25,4901.895833333333,0.0101007562103137,99.01022441993776,2363.613895723516,0.116694312185408,2288.479523127619,0.1141446431477864,6.078589724749315e-06,802.0812500000001,0.2270833333333333,0.2459583333333333,0.1109583333333333,0.064,0.2049844278960567,0.1135765636364558,0.0588083927523925,14.947916666666666,13.725,14.0875,14.41875,0.0,802.0812500000001,54.725,14.033333333333331,2024-09-25,0.1141446431477864,811.1300907663273
2024-09-26,2024-09-26,4978.333333333333,0.0100226898256951,99.77993446955875,2407.31689307952,0.1043174590503996,2332.774308906913,0.1036542256673177,5.919628321315891e-06,801.0708333333333,0.2165416666666666,0.2377916666666666,0.1114583333333333,0.064,0.1977475013240575,0.1051173675791687,0.0544283366195201,15.845833333333331,14.6,14.660416666666668,14.44375,0.0,801.0708333333333,47.39166666666667,16.016666666666666,2024-09-26,0.1036542256673177,809.8914429670818
2024-09-27,2024-09-27,5035.291666666667,0.0099657911190238,100.34928313311867,2433.076619635997,0.0973831890871374,2362.592121757052,0.096991221110026,5.527383625985816e-06,802.7624999999999,0.2055416666666666,0.2290833333333333,0.1122083333333333,0.064,0.1901777214988316,0.0962691015348729,0.0498468253635872,15.8125,14.770833333333334,14.929166666666667,14.65625,0.0,802.7624999999999,46.9,14.991666666666667,2024-09-27,0.096991221110026,796.2613840954699
2024-09-28,2024-09-28,5022.8125,0.0099787688662696,100.22283266103533,2457.0054712847964,0.0913930360257116,2383.27507823555,0.0926907857259114,5.729355525273016e-06,804.0333333333333,0.19625,0.2209583333333333,0.112625,0.064,0.1834858971992493,0.0884470719525766,0.0457966853252874,16.014583333333334,14.835416666666667,15.027083333333332,14.71875,0.0,804.0333333333333,45.80833333333334,16.2,2024-09-28,0.0926907857259114,797.2550305100511
2024-09-29,2024-09-29,5144.395833333333,0.0098596895257845,101.43014230863838,2487.0995860370986,0.0839070080413964,2411.731258224373,0.086835225423177,5.789504828853495e-06,803.18125,0.18725,0.2135833333333333,0.1129583333333333,0.064,0.1771553403151397,0.0810473254853829,0.0419651977139543,16.464583333333334,15.291666666666666,15.339583333333332,14.800000000000002,0.0,803.18125,45.925,16.258333333333333,2024-09-29,0.086835225423177,784.9273240518698
2024-09-30,2024-09-30,5300.0,0.0097128586235726,102.95630140987,2518.937623876415,0.0762980344016702,2452.535824760036,0.078887939453125,5.013842954648443e-06,800.0,0.188,0.214,0.114,0.064,0.177822671105451,0.0818273640741603,0.0423690910368557,21.4,18.9,15.7,14.8,0.0,800.0,24.4,23.0,2024-09-30,0.078887939453125,781.4916093798728
2023-06-23,,,,,,,,,,,,,,,,,,,,,,,,,,,,747.2844903537107
2023-06-24,,,,,,,,,,,,,,,,,,,,,,,,,,,,750.2521289951152
2023-06-25,,,,,,,,,,,,,,,,,,,,,,,,,,,,736.704563489578
2023-06-26,,,,,,,,,,,,,,,,,,,,,,,,,,,,731.1123188551762
2023-06-27,,,,,,,,,,,,,,,,,,,,,,,,,,,,744.2672722630673
2023-06-28,,,,,,,,,,,,,,,,,,,,,,,,,,,,737.0765018795183
2023-06-29,,,,,,,,,,,,,,,,,,,,,,,,,,,,737.9390547477635
2023-06-30,,,,,,,,,,,,,,,,,,,,,,,,,,,,751.5639704739942
2023-10-29,,,,,,,,,,,,,,,,,,,,,,,,,,,,835.0348809651574
