,date,Date (aggregated based on UTC),Raw_Moderated_cph,Raw_Mod_Coeff_of_Var,Raw_Mod_sqrt,Corrected_Mod_cph_for_Des,SWC_Des_cm3_cm3,Corrected_Mod_cph_for_UTS,SWC_UTS_cm3_cm3,SWC_5,SWC_10,SWC_20,SWC_50,WeightedTDR_SWC,WeightedTDR_SD,WeightedTDR_SE,sT_5,sT_10,sT_20,sT_50,PRISM_ppt_mm,BaroPress,airRH,airT,date.1,CRNS,Bare,scaled_stationary_N_Des,scaled_stationary_N_UTS,theta_pred_tot_g_Des,TDR_pore_swc_g,TDR_tot_swc_g,TDR_tot_swc_g_resid_Des,NewName,Rhov_cal_g_cm3,theta_pred_tot_g_UTS,TDR_tot_swc_g_resid_UTS
2,2023-07-01,2023-07-01,5231.604166666667,0.009759866358581,102.47205615773446,2054.197872899664,0.0815868287454174,1987.7907861157848,0.0745824178059895,0.0344130434782608,0.0566086956521739,0.1057045454545454,0.114840909090909,0.064565627554785,0.0,0.0,11.811363636363636,11.752272727272729,11.229545454545455,10.254545454545454,0.0,786.8375,67.7625,12.44375,2023-07-01,0.0745824178059895,1073.5848140163976,2784.99570451206,2687.402928729767,0.12217759985853409,0.06587015581276508,0.10737015581276507,-0.014807444045769017,C1,2.264374748248868e-05,0.196018916585734,-0.08864876077296893
3,2023-07-02,2023-07-02,5307.416666666667,0.0097031037083865,103.06548256177798,2062.242885722217,0.0794334366721017,1993.25058955836,0.073401133219401,0.0338478260869565,0.0564347826086956,0.1040454545454545,0.1141363636363636,0.0638626041160561,0.0008020516510904,0.000386063331093,12.386363636363637,12.197727272727274,11.418181818181818,10.225,1.0135,786.3208333333333,61.62291666666667,13.864583333333334,2023-07-02,0.073401133219401,1079.5383201294192,2795.902796983112,2694.7843351958554,0.12025022092131248,0.06515292800591374,0.10665292800591374,-0.01359729291539874,C1,1.945356471251777e-05,0.194150866012463,-0.08749793800654927
4,2023-07-03,2023-07-03,5339.270833333333,0.0096969480102608,103.13294406762505,2064.6485412065995,0.0789147021856736,1998.8949356653104,0.0724436442057291,0.0345652173913043,0.0550869565217391,0.1021818181818181,0.11375,0.0632459456296424,0.0015055729420466,0.0007246995931244,12.904545454545454,12.563636363636364,11.65,10.290909090909093,0.04,785.4791666666666,56.35,15.066666666666668,2023-07-03,0.0724436442057291,1081.1908487678745,2799.1642842424108,2702.4152349688757,0.1196799566937103,0.06452381012815646,0.10602381012815645,-0.013656146565553848,C1,1.676140280373701e-05,0.19234508379163434,-0.08632127366347789
5,2023-07-04,2023-07-04,5360.5,0.0096266903951534,103.88701422785552,2076.2239078905186,0.076315706288566,1993.5662984834755,0.0734176635742187,0.0335217391304347,0.0544782608695652,0.1000888888888889,0.1131818181818181,0.0621413141169297,0.0027658033693842,0.0013313048610785,13.802272727272726,13.336363636363636,12.16590909090909,10.46818181818182,0.0,783.8916666666668,59.97083333333333,15.7,2023-07-04,0.0734176635742187,1087.8257562564638,2814.857683071298,2695.2111593344457,0.11697421010469865,0.06339685988212444,0.10489685988212444,-0.01207735022257421,C1,2.050222408418637e-05,0.19408859766002062,-0.08919173777789619
6,2023-07-05,2023-07-05,5391.604166666667,0.0096355957418113,103.78921008962614,2079.297253448121,0.0755614119620321,2004.018575876968,0.0714734395345052,0.0325652173913043,0.0538043478260869,0.0983043478260869,0.113,0.0611518381557696,0.0038946573799953,0.0018746727839071,13.331818181818182,13.195454545454544,12.388636363636364,10.713636363636365,0.3013,783.94375,59.93541666666667,15.377083333333331,2023-07-05,0.0714734395345052,1088.2908600638202,2819.0243966529465,2709.3421640032293,0.11626626425250154,0.06238739186945318,0.10388739186945319,-0.012378872383048356,C1,2.0049464276466807e-05,0.19066383827569044,-0.08677644640623726
7,2023-07-06,2023-07-06,5483.75,0.0095060726370765,105.2235447919436,2090.9972985825,0.0730296156559058,2032.574455161759,0.0666898091634114,0.0317391304347826,0.0530652173913043,0.0964565217391304,0.1118636363636363,0.0600937254519594,0.0051018163371207,0.0024557323796488,13.265909090909092,12.93409090909091,12.127272727272729,10.763636363636364,0.0,783.6750000000001,55.91041666666666,15.529166666666669,2023-07-06,0.0666898091634114,1092.5272058036628,2834.886829319108,2747.9484168133436,0.11361023925256185,0.061307900330269983,0.10280790033026997,-0.010802338922291876,C1,1.6938375755464845e-05,0.18175946387643194,-0.07895156354616197
8,2023-07-07,2023-07-07,5592.791666666667,0.0094574308724872,105.74984545200576,2086.576439336028,0.0739451179989695,2027.5591999222047,0.067426045735677,0.030695652173913,0.0519130434782608,0.0943478260869565,0.111340909090909,0.0588180485562613,0.0065571856805702,0.0031562667354336,13.2,12.95909090909091,12.172727272727274,10.790909090909093,0.0,781.9416666666666,49.76458333333333,15.25625,2023-07-07,0.067426045735677,1082.248457639151,2828.893212942562,2741.1680193423185,0.11460661562732431,0.06000644878292649,0.10150644878292649,-0.013100166844397826,C1,1.2547856142365126e-05,0.18325390433504876,-0.08174745555212228
9,2023-07-08,2023-07-08,5640.395833333333,0.0094171413475453,106.2005463987282,2100.357674600541,0.0708841633075067,2047.268570820903,0.06414794921875,0.029695652173913,0.0508478260869565,0.0921304347826086,0.1110227272727272,0.0575787326407458,0.0079710722190604,0.0038368335618905,13.775,13.425,12.420454545454543,10.861363636363636,0.0,781.3249999999999,46.225,16.235416666666666,2023-07-08,0.06414794921875,1091.3674424082471,2847.5772362885514,2767.8141943052697,0.11152886973595612,0.058742092877967965,0.10024209287796797,-0.011286776857988151,C1,1.1285678994517297e-05,0.17740067920546623,-0.07715858632749827
10,2023-07-09,2023-07-09,5634.520833333333,0.0094333304741194,106.01339242757912,2132.011215607535,0.0640492812464,2080.5661563501176,0.0586903889973958,0.0278695652173913,0.0495434782608695,0.0905,0.1104090909090909,0.056065928793274,0.009696970328282,0.0046675855119268,13.086363636363636,12.954545454545457,12.311363636363636,10.970454545454546,0.0,783.475,43.46041666666667,14.747916666666669,2023-07-09,0.0586903889973958,1092.6805479177358,2890.4917855148324,2812.8310187597667,0.10476279656903546,0.05719872330314947,0.09869872330314947,-0.006064073265885997,C1,8.962618221766033e-06,0.16812269469155355,-0.06942397138840409
11,2023-07-10,2023-07-10,5568.770833333333,0.0094933805669017,105.34193948280692,2119.1504116260626,0.0667078101220052,2055.8972515410624,0.0625597635904948,0.0266304347826086,0.0488043478260869,0.0889347826086956,0.1098863636363636,0.0549717298478397,0.0109452986520056,0.0052684617650949,13.68409090909091,13.325,12.395454545454545,10.986363636363636,0.0,784.59375,47.16041666666666,16.116666666666667,2023-07-10,0.0625597635904948,1094.1758327278933,2873.0556444704384,2779.4797790340035,0.10746249814453156,0.05608241641114623,0.09758241641114622,-0.009880081733385337,C1,1.171725233260054e-05,0.17490994510777155,-0.07732752869662533
12,2023-07-11,2023-07-11,5526.0625,0.0095241093576331,105.0027385971602,2130.0930696909363,0.0644623731268879,2061.1704241923367,0.0617472330729166,0.0255434782608695,0.0482391304347826,0.0875652173913043,0.1090227272727272,0.0540040869304559,0.0120492442060214,0.0057998401337438,14.338636363636365,13.795454545454543,12.68409090909091,11.125,0.0,785.6374999999999,48.91041666666666,17.072916666666668,2023-07-11,0.0617472330729166,1094.5015125510502,2887.891243371921,2786.608869140324,0.10516128289208478,0.05509522257205428,0.09659522257205427,-0.008566060320030502,C1,1.348860500038789e-05,0.17341550464915476,-0.07682028207710048
13,2023-07-12,2023-07-12,5490.25,0.0095242268100547,105.00670325993192,2140.6093563751906,0.0623234881855199,2052.629942325262,0.063177744547526,0.0245434782608695,0.0479782608695652,0.0862391304347826,0.1081590909090909,0.0531745657134021,0.0129956121720105,0.0062553693616841,15.40227272727273,14.711363636363636,13.279545454545454,11.311363636363636,0.0,785.4208333333332,52.94166666666666,18.347916666666663,2023-07-12,0.063177744547526,1108.602390811912,2902.148785758392,2775.062525258135,0.10299415337103997,0.0542489411389347,0.09574894113893469,-0.00724521223210528,C1,1.7488206201803383e-05,0.17584397039440705,-0.08009502925547236
14,2023-07-13,2023-07-13,5609.041666666667,0.0094281447964548,106.07226298506195,2138.350703761305,0.0627334371112627,2063.1373281249057,0.0613988240559895,0.0238695652173913,0.0475217391304347,0.0850869565217391,0.1076136363636363,0.0524712775755876,0.0137979658078242,0.0066415780515306,14.986363636363636,14.536363636363635,13.470454545454546,11.588636363636365,0.0,784.7291666666666,55.2625,17.260416666666668,2023-07-13,0.0613988240559895,1099.1318938738718,2899.0865988529126,2789.2680339909894,0.10345599695631107,0.05353144328483575,0.09503144328483575,-0.008424553671475321,C1,1.8285053448862945e-05,0.17285508947717343,-0.07782364619233768
15,2023-07-14,2023-07-14,5671.1875,0.0093919235950393,106.48220619565352,2132.4690502554126,0.0639594788117185,2068.098947087012,0.060681660970052,0.023195652173913,0.0465869565217391,0.0836086956521739,0.1067727272727272,0.0515175095345644,0.0148860820638668,0.0071653370711064,15.02727272727273,14.545454545454543,13.477272727272728,11.727272727272728,0.0,785.0791666666668,52.25625,16.881249999999998,2023-07-14,0.060681660970052,1096.497493958504,2891.112498613866,2795.975917649139,0.10466789659825572,0.05255840465963032,0.09405840465963032,-0.010609491938625398,C1,1.5590805853888703e-05,0.17148518572344137,-0.07742678106381105
16,2023-07-15,2023-07-15,5555.5,0.0095134031443061,105.12423004316912,2153.663347421285,0.0599564199225441,2092.647136463421,0.0570780436197916,0.0221739130434782,0.0455869565217391,0.0825,0.1059772727272727,0.0505022618834907,0.0160443379767587,0.0077228574444905,14.25681818181818,14.070454545454544,13.33409090909091,11.793181818181818,0.0,787.0124999999999,47.74375,15.316666666666668,2023-07-15,0.0570780436197916,1104.4736625361224,2919.8468417586123,2829.1639555885254,0.10036270225603842,0.05152264424813235,0.09302264424813235,-0.007340058007906075,C1,1.1449882069133228e-05,0.16488474036455045,-0.0718620961164181
17,2023-07-16,2023-07-16,5494.895833333333,0.009577757117944,104.42134728002355,2153.320786449415,0.0598887250945928,2093.429285619788,0.0569051106770833,0.0214782608695652,0.0450217391304347,0.081195652173913,0.1053636363636363,0.0497161093416904,0.0169412283354924,0.0081545708871936,14.30909090909091,13.95,13.172727272727274,11.772727272727272,0.0,788.5187500000001,47.63333333333333,16.120833333333334,2023-07-16,0.0569051106770833,1101.4881263553582,2919.38241189634,2830.2213857507973,0.10043094447149202,0.05072060774075004,0.09222060774075004,-0.00821033673074198,C1,1.198782365453819e-05,0.16469793530722335,-0.0724773275664733
18,2023-07-17,2023-07-17,5421.666666666667,0.0095674367035571,104.53193570078416,2170.705786186316,0.0564246153609944,2104.4479430248607,0.0551961263020833,0.0207826086956521,0.0445652173913043,0.0800434782608695,0.1040909090909091,0.0489422525691515,0.0178240909371215,0.0085795321430166,14.818181818181818,14.252272727272729,13.261363636363637,11.772727272727272,0.0,788.0604166666667,46.95625,17.697916666666668,2023-07-17,0.0551961263020833,1114.4627619473256,2942.95226864138,2845.1181104905895,0.09702137859347844,0.04993111543479129,0.09143111543479128,-0.005590263158687159,C1,1.2741796307172139e-05,0.16183359109487447,-0.07040247566008319
19,2023-07-18,2023-07-18,5558.5625,0.0095223471078881,105.02522552878234,2183.490086148025,0.053984995812451,2107.84718360454,0.0546913146972656,0.0200869565217391,0.0442826086956521,0.0791521739130434,0.1041590909090909,0.0483979068879211,0.0184451134071321,0.0088784580328018,16.05909090909091,15.206818181818182,13.795454545454543,11.920454545454543,0.0,786.5770833333332,44.69375,18.70208333333333,2023-07-18,0.0546913146972656,1109.2879851890182,2960.28468873015,2849.7137294828362,0.09458217746411575,0.04937577141976987,0.09087577141976987,-0.0037064060443458835,C1,1.2071825796486766e-05,0.16096183416068133,-0.07008606274091146
20,2023-07-19,2023-07-19,5433.895833333333,0.0095887507069251,104.29455317272084,2170.0970476472426,0.0564908960128653,2078.139884554991,0.0590845743815104,0.0195434782608695,0.0440434782608695,0.0782608695652174,0.1034090909090909,0.0406041512894413,0.0273367010862823,0.0131583768553009,16.886363636363637,15.952272727272726,14.356818181818182,12.168181818181818,1.0301,788.5458333333332,53.05833333333334,19.004166666666663,2023-07-19,0.0590845743815104,1105.6277666587546,2942.1269663475478,2809.5508094069214,0.09713894073967307,0.04142454543342185,0.08292454543342184,-0.014214395306251223,C1,1.821091592547202e-05,0.1687453782159772,-0.08582083278255537
21,2023-07-20,2023-07-20,5433.702127659574,0.0095883274627955,104.30035568195966,2163.7497102931625,0.0576901898469537,2059.000504253641,0.0620502290271577,0.0188478260869565,0.0435217391304347,0.077391304347826,0.1027111111111111,0.0401815503682505,0.0278188297720716,0.0133904469547742,16.555555555555557,15.86,14.595555555555556,12.431111111111113,1.7971,788.663829787234,65.06808510638298,17.623404255319148,2023-07-20,0.0620502290271577,1111.5393906789025,2933.5215113914246,2783.675235863074,0.09837257731901651,0.04099340599313938,0.08249340599313938,-0.01587917132587713,C1,2.864915287076176e-05,0.1740381881735784,-0.09154478218043903
22,2023-07-21,2023-07-21,5427.434782608696,0.009570021651589,104.51681603732207,2165.977775178624,0.0575666591686622,2082.023336582824,0.0588505442549542,0.0183478260869565,0.0430434782608695,0.0762173913043478,0.1019347826086956,0.0396965868415524,0.0283721054893222,0.013656763302511,15.945652173913045,15.39782608695652,14.42608695652174,12.571739130434782,2.6411,788.9978260869566,67.74782608695652,16.767391304347825,2023-07-21,0.0588505442549542,1122.5352350717935,2936.542228731875,2814.8010603015705,0.09793791090486427,0.04049864393046127,0.08199864393046126,-0.01593926697440301,C1,3.049286205273035e-05,0.16768681622445697,-0.08568817229399571
23,2023-07-22,2023-07-22,5565.934782608696,0.0094663886378887,105.65318336568292,2173.449457137141,0.0559864565722716,2107.468923831624,0.0548746209395559,0.017891304347826,0.0425,0.075195652173913,0.1010652173913043,0.0392177158401887,0.0289184304852535,0.0139197339572086,15.339130434782607,14.969565217391304,14.204347826086956,12.593478260869563,0.0,788.5173913043479,52.74565217391305,16.456521739130434,2023-07-22,0.0548746209395559,1107.728253762021,2946.6720231564877,2849.202339436834,0.09649312241367831,0.04001009749068142,0.08151009749068142,-0.014983024922996899,C1,1.554486350628119e-05,0.16108637086556604,-0.07957627337488463
24,2023-07-23,2023-07-23,5603.347826086957,0.0094754376279261,105.54428624011749,2179.4078162416326,0.0547815581674465,2111.543365917803,0.0541473388671875,0.0174565217391304,0.0420434782608695,0.074391304347826,0.1001304347826086,0.0388101843571687,0.0293833670447207,0.0141435287173726,15.554347826086955,14.967391304347826,14.10217391304348,12.56304347826087,0.0,788.2108695652173,47.119565217391305,17.247826086956522,2023-07-23,0.0541473388671875,1120.0513271264288,2954.750117643328,2854.7108002224545,0.09535493888972497,0.03959433196184246,0.08109433196184246,-0.014260606927882516,C1,1.2515166495678196e-05,0.16002780887404583,-0.07893347691220337
25,2023-07-24,2023-07-24,5552.108695652174,0.0094866606130706,105.41868671510692,2198.583730332429,0.0511129042146335,2123.2243662857604,0.0524299817207532,0.0169347826086956,0.0419565217391304,0.0735434782608695,0.0992391304347826,0.0385130089768764,0.0297224026889061,0.0143067217361457,16.83695652173913,15.902173913043478,14.528260869565216,12.62391304347826,0.0,789.2173913043479,47.38695652173914,19.09565217391304,2023-07-24,0.0524299817207532,1116.406176224836,2980.7480212910295,2870.502982588227,0.09177363958081038,0.03929115224618088,0.08079115224618087,-0.010982487334629504,C1,1.403410557355626e-05,0.15716346466169695,-0.07637231241551608
26,2023-07-25,2023-07-25,5489.130434782609,0.0096812123377962,103.35039456592126,2143.8221802826693,0.0625888347172862,2048.1066367977096,0.0652130126953125,0.0162826086956521,0.0416086956521739,0.0725869565217391,0.0987391304347826,0.0381424476954978,0.0301451614067339,0.0145102144147423,17.002173913043478,16.27608695652174,14.978260869565217,12.826086956521738,0.0,789.1891304347826,56.65652173913043,17.91304347826087,2023-07-25,0.0652130126953125,1152.8417584271192,2906.5045982629836,2768.947221471041,0.10234055764446594,0.03891310389031421,0.08041310389031421,-0.021927453754151727,C1,2.020331937951769e-05,0.17715160579569678,-0.09673850190538257
27,2023-07-26,2023-07-26,5005.739130434783,0.0099626111368297,100.38804823023904,2029.8696693967888,0.0876160296085672,1935.3885773115169,0.0850494384765625,0.018195652173913,0.0415434782608695,0.0720434782608695,0.0973478260869565,0.0378784923353565,0.0304462976430993,0.0146551647534967,15.554347826086955,15.36304347826087,14.671739130434782,12.954347826086956,5.0794997,789.25,78.2195652173913,16.184782608695652,2023-07-26,0.0850494384765625,1147.485356947799,2752.0125420096265,2616.5575206535595,0.12820304840605312,0.0386438153948935,0.0801438153948935,-0.04805923301115962,C1,4.4783009462545833e-05,0.21482395902332888,-0.1346801436284354
28,2023-07-27,2023-07-27,5105.895833333333,0.0099204367688348,100.81598576858154,2036.7631676736369,0.0860494858914007,1943.883976289356,0.0836435953776041,0.0199574468085106,0.0420425531914893,0.0718085106382978,0.0969361702127659,0.0379469410691342,0.0303682071884755,0.0146175763251235,16.054347826086957,15.5,14.47608695652174,12.897826086956524,0.88,788.1854166666667,68.6125,16.633333333333333,2023-07-27,0.0836435953776041,1147.549583168532,2761.358459140279,2628.0429145155485,0.12646485033389332,0.038713647113872734,0.08021364711387273,-0.04625120322002059,C1,3.135048005864964e-05,0.2115860046963258,-0.13137235758245308
29,2023-07-28,2023-07-28,4988.020833333333,0.0099792389393609,100.2210614064596,2003.5110814685104,0.0945670639508649,1913.22815986589,0.0899848937988281,0.021,0.0423749999999999,0.07175,0.0958541666666666,0.0457349529476953,0.0214831722923342,0.0103408116501571,15.245833333333332,15.133333333333333,14.477083333333333,12.94375,2.3813999,787.9125,77.92291666666667,16.039583333333333,2023-07-28,0.0899848937988281,1142.6365143157598,2716.2766690804833,2586.5976419977064,0.1350866923068284,0.046659013330242236,0.08815901333024223,-0.046927678976586173,C1,4.387385249503221e-05,0.22360379671770264,-0.1354447833874604
30,2023-07-29,2023-07-29,5106.416666666667,0.0098960451374058,101.06022018962408,2047.465960330968,0.0833828350234497,1965.1127897654949,0.0790621439615885,0.0219583333333333,0.0426458333333333,0.0716875,0.0950625,0.0460935428809704,0.0210740712123366,0.0101438930034803,15.452083333333334,15.104166666666666,14.3375,12.920833333333334,0.0,789.00625,61.15416666666667,17.033333333333335,2023-07-29,0.0790621439615885,1145.8282131596272,2775.868858537624,2656.743306884663,0.12381483135046951,0.047024848460671,0.088524848460671,-0.03528998288979851,C1,2.341950767992531e-05,0.2038024606410299,-0.11527761218035888
31,2023-07-30,2023-07-30,5122.958333333333,0.0098813119675601,101.20801567096524,2063.058106712278,0.0793352327794265,1967.778698719816,0.0782852172851562,0.0231702127659574,0.0434680851063829,0.072,0.0945106382978723,0.0468260879263313,0.0202383395272136,0.0097416179656821,17.42391304347826,16.530434782608694,14.956521739130435,12.971739130434784,0.081999995,789.0833333333334,52.57916666666667,20.291666666666668,2023-07-30,0.0782852172851562,1132.6437881326074,2797.0080395624664,2660.3474948010225,0.12005666136644254,0.047772194348958824,0.08927219434895882,-0.03078446701748372,C1,1.902136613645774e-05,0.2028684353543944,-0.11359624100543557
32,2023-07-31,2023-07-31,5138.468085106383,0.0097956320358738,102.10144580890652,2066.056725944146,0.0785859067254195,1966.8978805831005,0.078503926595052,0.0235625,0.0436875,0.0717708333333333,0.0934999999999999,0.0469017124322407,0.0201520625178195,0.0097000889823577,17.502083333333335,16.806250000000002,15.372916666666669,13.227083333333333,2.4081,788.5187500000001,71.575,17.877083333333335,2023-07-31,0.078503926595052,1120.4881542036155,2801.073442311828,2659.156668655323,0.11934742543426256,0.04784934682429547,0.08934934682429548,-0.029998078609967088,C1,3.8028222491621524e-05,0.20317977711660623,-0.11383043029231076
33,2023-08-01,2023-08-01,5249.333333333333,0.0097878705314356,102.17935291672109,2085.695723680265,0.0741547261685363,1979.1920186143177,0.0761820475260416,0.0237916666666666,0.0437083333333333,0.071375,0.0928333333333333,0.0468458092405586,0.0202158402593852,0.0097307880618059,17.829166666666666,17.23125,15.79375,13.49375,0.73289996,787.8416666666667,66.24374999999999,18.527083333333334,2023-08-01,0.0761820475260416,1119.1965470798875,2827.6991754301316,2675.7777853151206,0.1148061503213698,0.0477923141261558,0.08929231412615579,-0.02551383619521401,C1,3.164516054521428e-05,0.1988832607980829,-0.10959094667192712
34,2023-08-02,2023-08-02,5127.041666666667,0.0098656425297909,101.38033458986509,2097.644901320728,0.0714574939408119,1998.630565642004,0.0725453694661458,0.0232291666666666,0.0435,0.071,0.0918541666666666,0.0464018857240083,0.0207222950513489,0.0099745674041559,17.516666666666666,17.037499999999998,15.858333333333334,13.704166666666666,4.8203998,787.7645833333332,70.50416666666666,17.70625,2023-08-02,0.0725453694661458,1133.722420435003,2843.899371545692,2702.0578186955613,0.11212817034321827,0.04733942127416103,0.08883942127416102,-0.023288749069057257,C1,3.606300746809139e-05,0.19240735214407673,-0.10356793086991571
35,2023-08-03,2023-08-03,5025.979166666667,0.010012277488304,99.88765458588944,2012.8364678803755,0.0917976177456049,1918.312363062932,0.0886301892869016,0.022595744680851,0.0432708333333333,0.0706041666666666,0.0908333333333333,0.0459167590247064,0.0212757569257731,0.0102409733576661,16.43913043478261,16.547916666666666,15.758333333333333,13.80625,13.5484,786.9812499999999,74.74583333333334,16.09375,2023-08-03,0.0886301892869016,1138.781133339278,2728.9196386028393,2593.4712539781135,0.13260723063048258,0.04684449274202782,0.08834449274202781,-0.044262737888454765,C1,3.886695489042634e-05,0.22154894108710452,-0.13320444834507672
36,2023-08-04,2023-08-04,5093.125,0.0099071325130128,100.94385214656732,2044.866233476886,0.0838329156143563,1963.276454409281,0.0792999267578125,0.0219583333333333,0.04275,0.07,0.0906041666666666,0.0453587652520002,0.0219123499638465,0.010547394058247,14.69375,15.010416666666666,14.96875,13.754166666666668,3.0022,786.7354166666668,68.15416666666667,15.0,2023-08-04,0.0792999267578125,1137.4845858380984,2772.344257418598,2654.2606648234923,0.12445316281326925,0.04627522488012216,0.08777522488012215,-0.036677937933147095,C1,2.7741773935919018e-05,0.20448741251789593,-0.11671218763777377
37,2023-08-05,2023-08-05,5111.520833333333,0.0098882657741227,101.1376735068,2081.241753575638,0.0752191415848262,2000.3506701818355,0.072241465250651,0.0221875,0.0427083333333333,0.06975,0.089125,0.0452465502576831,0.0220403716150617,0.0106090166046915,15.134042553191488,14.920833333333334,14.420833333333334,13.4625,0.0,786.6958333333333,61.364583333333336,16.083333333333332,2023-08-05,0.072241465250651,1138.0229571894115,2821.66066873462,2704.3833219680146,0.11582057574124512,0.046160742617033734,0.08766074261703373,-0.028159833124211386,C1,2.2315893439096427e-05,0.19184693697209543,-0.1041861943550617
38,2023-08-06,2023-08-06,5201.541666666667,0.0097636848002697,102.43578652108135,2126.555253308993,0.0652940126335491,2056.504386443959,0.0626475016276041,0.0220851063829787,0.0427916666666666,0.0695625,0.088625,0.0451491554928411,0.0221514854523049,0.0106625006640764,14.84772727272727,15.152083333333332,14.55625,13.333333333333334,0.71,786.2854166666666,61.7125,15.539583333333333,2023-08-06,0.0626475016276041,1141.9039741053548,2883.0948196402787,2780.3005978684478,0.10590005197483905,0.046061380021509564,0.08756138002150955,-0.0183386719533295,C1,2.1888351094884622e-05,0.1747854084028868,-0.08722402838137726
39,2023-08-07,2023-08-07,5313.5625,0.0096977707326557,103.13095049034938,2144.3563253965817,0.0616580643978578,2079.121402821022,0.0590782165527343,0.0217291666666666,0.0425208333333333,0.0690208333333333,0.0879166666666666,0.0447474507120182,0.0226097745575622,0.0108830957072244,15.441666666666668,15.275,14.629166666666668,13.310416666666669,0.0,786.1229166666667,50.8375,16.502083333333335,2023-08-07,0.0590782165527343,1129.2511617885275,2907.2287699055782,2810.8777775572703,0.10223227445369758,0.04565155892155844,0.08715155892155844,-0.015080715532139133,C1,1.427073182383765e-05,0.16849630480620775,-0.08134474588464931
40,2023-08-08,2023-08-08,5429.645833333333,0.0095695314432491,104.51397549950444,2154.881471481067,0.0594862640753282,2096.8196301912194,0.0562947591145833,0.0205,0.0417916666666666,0.0684791666666666,0.0867916666666666,0.0438415168542019,0.0236433186848447,0.0113805867205125,14.525531914893618,14.48125,14.185416666666669,13.25625,0.0,784.5,49.41666666666666,14.633333333333333,2023-08-08,0.0562947591145833,1125.6694735971416,2921.498323496964,2834.80497774363,0.10012038728765689,0.044727320954231556,0.08622732095423155,-0.013893066333425338,C1,1.1840362367884981e-05,0.1638261783730302,-0.07759885741879866
41,2023-08-09,2023-08-09,5472.875,0.009553476065995,104.6865610615866,2167.935397470413,0.0569925197591097,2105.43225457835,0.0550613403320312,0.0192765957446808,0.0411666666666666,0.0676666666666666,0.0855833333333333,0.0357514481740209,0.0328729582458039,0.0158232250329545,14.584782608695653,14.660416666666668,14.11875,13.09375,0.0,783.8270833333332,49.58541666666667,14.55,2023-08-09,0.0550613403320312,1137.7736926376554,2939.196291295962,2846.448855038811,0.09755746325359015,0.03647379497328567,0.07797379497328567,-0.019583668280304473,C1,1.1866717895152251e-05,0.161584517685105,-0.08361072271181934
42,2023-08-10,2023-08-10,5551.375,0.0095247627001811,104.99744870495734,2158.374574457413,0.0587446012018324,2087.510874640132,0.0576655069986979,0.0180416666666666,0.0408333333333333,0.067,0.0854166666666666,0.0354801405770926,0.0331824823584895,0.015972212831726,14.866666666666667,14.635416666666666,14.072916666666666,13.022916666666667,0.0,783.7875,50.54791666666667,15.147916666666667,2023-08-10,0.0576655069986979,1119.8724671936104,2926.234126660274,2822.2199627080668,0.09942853688137442,0.03619700569143923,0.07769700569143922,-0.02173153118993519,C1,1.292398878383592e-05,0.16625464411828253,-0.0885576384268433
43,2023-08-11,2023-08-11,5455.479166666667,0.0095604546506529,104.60324955538545,2164.305675299241,0.0575446936284078,2075.309500576384,0.0594724019368489,0.0171249999999999,0.040625,0.0665,0.0850833333333333,0.0352718924125293,0.0334200644574969,0.0160865717217379,15.916666666666666,15.275,14.295833333333334,13.0125,1.2660999,785.65,61.63541666666666,16.452083333333334,2023-08-11,0.0594724019368489,1122.6255119668867,2934.275265532744,2805.724258722278,0.09826394972355486,0.035984549938014275,0.07748454993801428,-0.02077939978554058,C1,2.3096593688868168e-05,0.1694925984452856,-0.09200804850727133
44,2023-08-12,2023-08-12,5508.625,0.0095245873385052,104.99765590288936,2169.169941715672,0.0566867534103296,2076.0203406442,0.0594011942545572,0.0166170212765957,0.0404375,0.0659583333333333,0.083625,0.0349640330201819,0.0337712890687023,0.0162556318354842,15.960869565217392,15.502083333333331,14.579166666666666,13.1,0.0,786.2916666666666,59.98125,16.310416666666665,2023-08-12,0.0594011942545572,1120.4567565497246,2940.8700348361704,2806.685282233128,0.09731823802547586,0.03567047034318436,0.07717047034318435,-0.020147767682291512,C1,2.1309052916138883e-05,0.1693057933879585,-0.09213532304477416
45,2023-08-13,2023-08-13,5518.645833333333,0.0095059968485232,105.2076437959107,2162.1150347443304,0.058111926260021,2075.289105308834,0.0596084594726562,0.0158125,0.0397291666666666,0.065625,0.0838125,0.0346808670214557,0.0340943419632426,0.0164111316420315,15.083333333333334,14.8875,14.410416666666668,13.170833333333333,0.0,786.6083333333332,74.72291666666666,14.36875,2023-08-13,0.0596084594726562,1123.754037542103,2931.305286537028,2805.696685246172,0.09869261147719714,0.035381583064250294,0.07688158306425029,-0.021811028412946853,C1,3.4669535420908154e-05,0.169554866797728,-0.0926732837334777
46,2023-08-14,2023-08-14,5489.708333333333,0.0095661124875035,104.5418569579117,2162.1627733419505,0.0580694518422613,2086.6696402017515,0.0577913920084635,0.0155208333333333,0.03925,0.065,0.0823958333333333,0.0342656401057936,0.0345680579376148,0.0166391523272448,15.117391304347825,14.760416666666666,14.070833333333333,13.089583333333332,0.0,788.7125,58.51875,15.0,2023-08-14,0.0577913920084635,1109.4368929216707,2931.3700085343903,2821.0826519260454,0.09868325168287391,0.034957966618965865,0.07645796661896585,-0.022225285063908057,C1,1.8377445089597537e-05,0.16644144917560963,-0.08998348255664378
47,2023-08-15,2023-08-15,5439.5625,0.009591753407882,104.2636396771344,2173.7169999716607,0.0557308110509867,2090.633754131612,0.0571619669596354,0.0152978723404255,0.0393125,0.0649791666666666,0.0818958333333333,0.0342376280102645,0.0346000158301001,0.0166545350902013,16.193181818181817,15.86875,14.541666666666666,13.058333333333332,0.0,790.46875,57.85416666666666,17.131249999999998,2023-08-15,0.0571619669596354,1112.905671784116,2947.0347465604696,2826.4419540514677,0.09644175153681252,0.034929388547830745,0.07642938854783074,-0.020012362988981777,C1,2.0380249852510254e-05,0.16544515553653177,-0.08901576698870103
48,2023-08-16,2023-08-16,5501.791666666667,0.0095635244854386,104.57981926059414,2168.025618209867,0.057083388679344,2063.024313436373,0.0617281595865885,0.0146041666666666,0.0390833333333333,0.0648333333333333,0.0813541666666666,0.034085593693045,0.0347734657727775,0.0167380243050877,16.8625,16.310416666666665,15.147916666666667,13.264583333333334,0.0,788.8895833333332,62.614583333333336,17.145833333333332,2023-08-16,0.0617281595865885,1140.4942492543205,2939.318608807411,2789.1152432611634,0.09753996236910735,0.0347742824249074,0.0762742824249074,-0.02126567994419995,C1,2.510762981880693e-05,0.17291735782961581,-0.09664307540470841
49,2023-08-17,2023-08-17,5275.4375,0.0097146442043445,102.957658668426,2079.3723741569343,0.0757056467801978,1980.6449089419093,0.0760332743326823,0.0149375,0.0389791666666666,0.0645,0.0802083333333333,0.0338783304575004,0.0350099242052011,0.0168518423241173,16.651063829787233,15.95,14.875,13.3875,7.542,787.7708333333334,79.02083333333333,16.26875,2023-08-17,0.0760332743326823,1156.8677678211668,2819.126242173344,2677.7420270999023,0.1162490142758892,0.0345628315006831,0.07606283150068309,-0.04018618277520611,C1,4.643027086967375e-05,0.19838511397854397,-0.12232228247786088
50,2023-08-18,2023-08-18,5335.895833333333,0.0097279977425362,102.81465209939635,2079.996897777235,0.0757398795993108,1968.7092687615,0.0787073771158854,0.0161489361702127,0.0395,0.0649791666666666,0.0805208333333333,0.0341785737712411,0.0346673884770183,0.0166869645583764,16.95,16.666666666666668,15.564583333333331,13.504166666666668,0.0,786.8145833333333,72.87916666666666,16.808333333333334,2023-08-18,0.0787073771158854,1153.7540263367353,2819.97294522121,2661.605583264294,0.11610570441239478,0.03486914113642636,0.07636914113642636,-0.03973656327596842,C1,3.7682646676567346e-05,0.20255709359218255,-0.1261879524557562
51,2023-08-19,2023-08-19,5170.270833333333,0.0098167399798881,101.87817028553484,2042.582475388537,0.084557637319315,1948.1855441670043,0.0824534098307291,0.016625,0.0395625,0.0646041666666666,0.0804791666666666,0.0341092651078423,0.0347464599913541,0.0167250252146664,15.76595744680851,15.447916666666666,14.797916666666666,13.585416666666667,5.0952,786.7583333333333,75.57916666666667,16.118750000000002,2023-08-19,0.0824534098307291,1145.4899339132048,2769.2480335591026,2633.858439063336,0.1250167340977284,0.03479843211321769,0.07629843211321768,-0.048718301984510715,C1,4.0230029893640277e-05,0.20996702753282426,-0.13366859541960657
52,2023-08-20,2023-08-20,5284.770833333333,0.00970663987018,103.0366533657326,2102.865928642106,0.0703360286139305,2029.5123865634057,0.0671463012695312,0.0177708333333333,0.0405,0.0648958333333333,0.0790625,0.0343495553404238,0.0344723223635514,0.0165930705137147,16.819148936170212,16.3625,15.208333333333334,13.5625,0.81409997,786.6916666666666,57.15416666666667,18.15,2023-08-20,0.0671463012695312,1152.7465525936898,2850.977822387749,2743.8086390376016,0.11097755823985815,0.035043577334597266,0.07654357733459725,-0.0344339809052609,C1,2.0930500131764915e-05,0.18269348916306744,-0.10614991182847018
53,2023-08-21,2023-08-21,5335.6875,0.0096974031244104,103.128778831131,2134.6668281606408,0.0636288747046781,2059.269709476263,0.062085469563802,0.0178297872340425,0.0405416666666666,0.0648958333333333,0.0780833333333333,0.0342785391301997,0.0345533419505617,0.0166320688645098,16.54888888888889,16.45625,15.36875,13.691666666666668,0.0,788.4604166666667,47.49166666666667,18.08125,2023-08-21,0.062085469563802,1138.599307982283,2894.0921541311272,2784.0391891064214,0.10421347987160949,0.03497112626411516,0.07647112626411516,-0.02774235360749433,C1,1.3355138590247744e-05,0.17397591982113605,-0.0975047935570209
54,2023-08-22,2023-08-22,5290.375,0.0097324840876119,102.75433809057836,2139.174741217756,0.0626275876917213,2042.5759892595368,0.0647862752278645,0.0170416666666666,0.0405833333333333,0.0649375,0.0779583333333333,0.0342904263617083,0.0345397802780297,0.01662554102498,16.941666666666666,16.679166666666667,15.708333333333334,13.820833333333333,0.0,789.4562500000001,66.11041666666667,16.214583333333334,2023-08-22,0.0647862752278645,1134.7099386330835,2900.2037944292733,2761.4700370029004,0.10328727329217345,0.03498325367340874,0.07648325367340873,-0.02680401961876472,C1,2.7540935174041938e-05,0.17877058295919832,-0.10228732928578958
55,2023-08-23,2023-08-23,5306.979166666667,0.0096993713910379,103.11184653748302,2142.628828703643,0.0619381732324023,2045.4284210951216,0.0643361409505208,0.0164166666666666,0.0401458333333333,0.0645,0.0772916666666666,0.033995512306032,0.0348762360663497,0.0167874922437423,16.866666666666667,16.120833333333334,15.202083333333334,13.8625,0.45569998,788.9250000000001,69.24374999999999,16.352083333333333,2023-08-23,0.0643361409505208,1135.709386184163,2904.886702019683,2765.3263953895553,0.1025828672009468,0.0346823809717179,0.0761823809717179,-0.0264004862292289,C1,3.1631579109860336e-05,0.17796109437744756,-0.10177871340572966
56,2023-08-24,2023-08-24,5390.583333333333,0.0097569312554846,102.5690400051099,2101.54546304837,0.0725577105604729,1992.806195751994,0.0756874084472656,0.017127659574468,0.0404166666666666,0.0647916666666666,0.0770208333333333,0.0341240788178792,0.0347295596151513,0.0167168903077378,17.878260869565217,17.252083333333335,15.808333333333335,13.872916666666669,2.8014998,787.1729166666668,71.59583333333333,16.870833333333334,2023-08-24,0.0756874084472656,1140.3787127749522,2849.1875902708593,2694.183534938062,0.11126746020647206,0.03481354512962054,0.07631354512962053,-0.03495391507685153,C1,3.591796919897005e-05,0.1943376710697901,-0.11802412594016957
57,2023-08-25,2023-08-25,4727.125,0.0103403363661682,96.73243781376073,1894.5618233376747,0.1280754346107246,1776.8082662576196,0.1265881856282552,0.1819148936170213,0.2009999999999999,0.1166666666666666,0.0941458333333333,0.1655241006227894,0.1151795310867057,0.0554410596681777,16.727083333333333,16.7625,16.039583333333333,14.135416666666666,10.4846,788.0458333333332,99.03958333333333,14.45,2023-08-25,0.1265881856282552,1127.6948837906468,2568.56781400517,2402.1641371336214,0.1682209195610167,0.16886846317012075,0.21036846317012076,0.042147543609104055,C1,8.509519850852347e-05,0.2924725945189607,-0.08210413134883993
58,2023-08-26,2023-08-26,4540.208333333333,0.0104726305331251,95.50056549154544,1850.342106449589,0.1437743283005329,1747.3017015932148,0.1355794270833333,0.1793541666666666,0.2154583333333333,0.1045208333333333,0.0930416666666666,0.1662709883363845,0.1160316257550587,0.0558512109416321,16.648936170212767,16.48125,15.741666666666667,14.197916666666666,5.4119997,788.6479166666667,89.34583333333335,15.36875,2023-08-26,0.1355794270833333,1109.941405700568,2508.6165682110054,2362.2726008362715,0.18431657676205887,0.1696304415157568,0.2111304415157568,0.02681386475369793,C1,6.445567330276804e-05,0.31196258883342154,-0.10083214731766474
59,2023-08-27,2023-08-27,4647.5,0.0103649458605739,96.48985253300668,1878.5260017065912,0.1332648200184664,1778.349765335136,0.125335693359375,0.1610434782608695,0.1933125,0.101125,0.0933333333333333,0.1517478001836692,0.0994626944857932,0.0478758432832435,16.35,16.495833333333334,15.979166666666666,14.258333333333333,2.1526,788.71875,82.96041666666666,15.133333333333333,2023-08-27,0.125335693359375,1112.8704582257158,2546.827116602028,2404.248173926873,0.17385380999565309,0.15481381690065904,0.19631381690065905,0.022460006905005964,C1,5.01726662979532e-05,0.29153856923232513,-0.09522475233166608
60,2023-08-28,2023-08-28,4671.6875,0.0103359005380486,96.76318167680188,1875.0644438057045,0.1347301246974437,1785.6718832832946,0.1235745747884114,0.1492916666666666,0.1808333333333333,0.0994166666666666,0.093,0.143036151802109,0.0895239192142567,0.0430918662375038,16.322916666666668,16.210416666666667,15.658333333333331,14.275,2.9041998,788.2104166666667,82.35208333333334,14.975,2023-08-28,0.1235745747884114,1121.0883818020682,2542.1340809348844,2414.1473450850394,0.17509927924315682,0.1459261523953852,0.1874261523953852,0.012326873152228385,C1,4.8523940168773985e-05,0.28699297950403235,-0.09956682710864714
61,2023-08-29,2023-08-29,4707.145833333333,0.0102763288210827,97.32645226196075,1900.016875338068,0.1256134774396362,1829.427044620236,0.1104456583658854,0.14025,0.1697708333333333,0.0985208333333333,0.0931666666666666,0.136004532884751,0.0815018231477269,0.0392304726158061,15.83695652173913,15.979166666666666,15.55625,14.25,0.47559997,789.2583333333333,69.41250000000001,14.23125,2023-08-29,0.1104456583658854,1109.362930149289,2575.9635457355025,2473.3023374239015,0.16635447664780617,0.13875246182280698,0.180252461822807,0.013897985175000821,C1,2.7720370807305253e-05,0.262334711936855,-0.08208225011404799
62,2023-08-30,2023-08-30,4890.333333333333,0.0100876972612067,99.1403740527603,1926.0992153094603,0.1168634091673253,1852.990100793704,0.1041158040364583,0.1311304347826087,0.157875,0.0975625,0.0931874999999999,0.1286544945895321,0.07311645499995,0.0351942198942129,15.456521739130435,15.741666666666667,15.375,14.158333333333331,0.62509996,786.9187499999999,66.15208333333334,14.76875,2023-08-30,0.1041158040364583,1115.9869094595083,2611.324893219236,2505.158519982297,0.15776003289979046,0.1312539183086895,0.1727539183086895,0.014993885408899038,C1,2.5129011873728278e-05,0.2504414566203629,-0.07768753831167338
63,2023-08-31,2023-08-31,5085.479166666667,0.0098809457047869,101.2123010486107,1971.659972178321,0.1031215657101712,1905.4698188780776,0.0915095011393229,0.1219374999999999,0.14775,0.0972708333333333,0.092,0.1218836227066361,0.0653918349178414,0.0314760147683057,15.885106382978725,15.820833333333333,15.3,14.1,0.0,784.15625,58.94375,15.835416666666667,2023-08-31,0.0915095011393229,1118.4575201170455,2673.094265025168,2576.108717087519,0.14394306928685585,0.12434624308263839,0.1658462430826384,0.02190317379578255,C1,1.97679408929928e-05,0.22677948269226336,-0.06093323960962496
64,2023-09-01,2023-09-01,5144.8125,0.0098532531780605,101.4967121773688,1990.585282973415,0.0978930472035094,1918.6282903311128,0.0885912577311198,0.1126666666666666,0.1369583333333333,0.0964375,0.0920208333333333,0.1148540990402494,0.0573721292403203,0.0276157717477471,16.091489361702127,15.98125,15.345833333333331,14.058333333333332,1.1251999,784.5437499999999,59.50208333333333,15.404166666666669,2023-09-01,0.0885912577311198,1113.6690420768252,2698.752411188319,2593.8983733066184,0.1386067142376851,0.11717469009492032,0.15867469009492033,0.020067975857235215,C1,1.9707219013638655e-05,0.2214244043822198,-0.06274971428729947
65,2023-09-02,2023-09-02,5099.354166666667,0.0099354306353647,100.655281038596,2001.92833416804,0.0946850879506645,1919.5102432648448,0.0883369445800781,0.1036086956521739,0.1271458333333333,0.09575,0.0919375,0.1082365376130659,0.0498224149968507,0.0239817566245669,15.991304347826087,16.160416666666666,15.625,14.114583333333334,0.0,787.6041666666666,61.28541666666667,15.658333333333331,2023-09-02,0.0883369445800781,1100.8211861896032,2714.1308463769888,2595.090733646383,0.13551245553111996,0.11042342291426364,0.15192342291426364,0.016410967383143682,C1,2.1651823443787305e-05,0.2210507942675656,-0.06912737135330196
66,2023-09-03,2023-09-03,5086.270833333333,0.0098811035670126,101.22041699733042,2012.4768964569323,0.0918624209448047,1922.417281399874,0.0876942510190217,0.0958541666666666,0.1189374999999999,0.094875,0.0911874999999999,0.102508245193205,0.0432872326114883,0.0208360810592049,16.154166666666665,15.945833333333333,15.285416666666668,14.1,0.2312,786.65,73.23958333333333,14.802083333333334,2023-09-03,0.0876942510190217,1107.838459792261,2728.432146680583,2599.020917271628,0.13270192290060923,0.1045793921423618,0.14607939214236182,0.013377469241752593,C1,3.366729108636596e-05,0.21986769557116062,-0.0737883034287988
67,2023-09-04,2023-09-04,5446.729166666667,0.0095475171568485,104.74616459770624,2044.6615568921472,0.0836289571440168,1973.563523281154,0.0771624247233073,0.0889375,0.1095208333333333,0.0943125,0.0907291666666666,0.0968060121213705,0.0367817803061765,0.0177047159110366,15.939583333333331,15.966666666666669,15.491666666666667,14.114583333333334,2.1471999,780.1291666666666,57.4375,15.870833333333332,2023-09-04,0.0771624247233073,1113.366751021562,2772.066765451134,2668.168315068887,0.12450356360716495,0.09876194723944139,0.1402619472394414,0.015758383632276454,C1,1.8534544713366053e-05,0.20087584807623865,-0.06061390083679724
68,2023-09-05,2023-09-05,5429.3125,0.0096066906435426,104.10476469945534,2060.644985104323,0.0801211421341154,2000.918841852964,0.0723203023274739,0.0811489361702127,0.0991041666666666,0.0924375,0.09,0.0901427688196002,0.0291799494177717,0.0140456147157541,14.25,14.877083333333331,14.73125,14.045833333333334,0.0,783.4416666666666,59.98125,12.366666666666667,2023-09-05,0.0723203023274739,1103.6866648835166,2793.7364300445706,2705.1514642814195,0.1206305399377418,0.09196407519624702,0.13346407519624703,0.012833535258505238,C1,1.615666599951468e-05,0.1916601319147683,-0.058196056718521266
69,2023-09-06,2023-09-06,5471.354166666667,0.0095406394017772,104.82815485335078,2101.2036660814406,0.0706783478333692,2045.862658402404,0.0643564860026041,0.07425,0.0903541666666666,0.0908333333333333,0.0896458333333333,0.0844289498199886,0.0226612791854449,0.0109078871881472,14.35217391304348,14.622916666666669,14.416666666666666,13.804166666666667,0.0,786.1166666666667,55.92916666666667,13.0625,2023-09-06,0.0643564860026041,1110.989162293225,2848.7241962145845,2765.913464521531,0.1113426213373682,0.08613481027551195,0.12763481027551196,0.016292188938143756,C1,1.4259883410078934e-05,0.17783655767256282,-0.050201747397050855
70,2023-09-07,2023-09-07,5535.854166666667,0.0094988350034986,105.28194406195718,2116.9838888860454,0.0672664432806038,2062.012334955878,0.0616404215494791,0.06725,0.0825416666666666,0.0891458333333333,0.0888125,0.0789130722767229,0.0163684325361389,0.0078788586509132,14.754347826086958,14.904166666666669,14.447916666666666,13.65,0.0,786.4125,46.24375,14.227083333333333,2023-09-07,0.0616404215494791,1108.5818877280992,2870.118363401133,2787.747094283268,0.10792382975687191,0.08050748615617694,0.12200748615617693,0.01408365639930502,C1,9.898559626755002e-06,0.17322869959182766,-0.051221213435650725
71,2023-09-08,2023-09-08,5516.416666666667,0.0095358046067688,104.87377696235347,2129.293198277907,0.0646031021248537,2078.673186985862,0.058990478515625,0.0602978723404255,0.0757708333333333,0.0869375,0.0878541666666666,0.0736139905138096,0.0103229196228112,0.004968882902703,14.188636363636364,14.797916666666666,14.416666666666666,13.585416666666667,0.0,788.4604166666667,49.24791666666667,13.358333333333334,2023-09-08,0.058990478515625,1111.7215282473826,2886.8068111081952,2810.2718100900065,0.10532787991508367,0.0751013381079526,0.11660133810795259,0.011273458192868915,C1,1.0723189791016538e-05,0.16862084151109247,-0.05201950340313988
72,2023-09-09,2023-09-09,5531.854166666667,0.0094988950926428,105.28043013912394,2152.319601341361,0.0599404531580394,2097.703065862526,0.0561027526855468,0.0538125,0.068875,0.0843125,0.0868125,0.0683465403754473,0.0043134939795519,0.0020762775715646,14.215217391304348,14.554166666666667,14.289583333333333,13.533333333333331,0.0,789.5083333333333,50.21666666666667,12.322916666666666,2023-09-09,0.0561027526855468,1111.6977474448106,2918.025046930609,2835.999342677302,0.10063064057816475,0.06972746079133411,0.11122746079133411,0.010596820213169364,C1,1.0352255201893958e-05,0.16357710496326072,-0.05234964417192661
73,2023-09-10,2023-09-10,5540.104166666667,0.0095130939497079,105.12402844140816,2153.1580525673094,0.0597782915316309,2076.3896128603374,0.059356689453125,0.0486041666666666,0.0642708333333333,0.082125,0.0864583333333333,0.0644341089835775,0.000150044339029,7.222305104473509e-05,14.720833333333331,14.779166666666669,14.366666666666667,13.435416666666669,0.0,787.7458333333334,53.35833333333333,14.402083333333332,2023-09-10,0.059356689453125,1122.1523282170356,2919.161784093818,2807.1845215102576,0.10046337814892707,0.06573597995006848,0.10723597995006848,0.006772601801141406,C1,1.3991901739410532e-05,0.16924352503551615,-0.062007545085447674
74,2023-09-11,2023-09-11,5498.416666666667,0.0095280030729313,104.96659672062168,2138.8352826107384,0.0627223470706477,2054.8869561699616,0.0628496805826823,0.0453191489361702,0.0614583333333333,0.0801875,0.0851041666666666,0.0617710199426217,0.0031882573553137,0.0015346508585834,14.55,14.66875,14.220833333333331,13.395833333333334,3.4801,786.7062500000001,72.72500000000001,13.285416666666665,2023-09-11,0.0628496805826823,1121.5287167739898,2899.7435706237306,2778.1139055436233,0.10335674668583698,0.06301908403014297,0.10451908403014297,0.001162337344305986,C1,2.9600976107968577e-05,0.1752212868699834,-0.07070220283984043
75,2023-09-12,2023-09-12,5585.125,0.0094508289434611,105.82104660232596,2136.0335283086547,0.0633378178682205,2072.809698077385,0.0599822998046875,0.0421041666666666,0.0587083333333333,0.0785,0.0847083333333333,0.0592929348311615,0.0060154067015472,0.0028954842819926,13.393478260869566,13.808333333333332,13.791666666666666,13.333333333333334,0.0,785.24375,69.44166666666666,10.383333333333333,2023-09-12,0.0599822998046875,1107.3700938726258,2895.945069126216,2802.3446391949215,0.10393184521670744,0.06049092998609419,0.10199092998609419,-0.001940915230613252,C1,2.024941024059635e-05,0.17017755032215165,-0.06818662033605746
76,2023-09-13,2023-09-13,5611.020833333333,0.0094390016300297,105.95012355174582,2157.721515114785,0.0589081798458267,2085.3948354459512,0.0579757690429687,0.0390833333333333,0.0562083333333333,0.0770208333333333,0.0830208333333333,0.0569021427715578,0.008742966855567,0.0042083809731045,14.027083333333332,14.108333333333334,13.83125,13.1625,0.0,783.50625,59.04166666666666,12.945833333333333,2023-09-13,0.0579757690429687,1114.9104620699416,2925.348736071565,2819.359173752072,0.09955754459479631,0.05805183272264095,0.09955183272264094,-5.711872155367281e-06,C1,1.6230561143531783e-05,0.16681505929026383,-0.06726322656762289
77,2023-09-14,2023-09-14,5603.3125,0.009512237168064,105.1458324192146,2140.042751600527,0.0626350174477296,2060.4809839482214,0.0620930989583333,0.036595744680851,0.0541875,0.075375,0.0828125,0.0549493843908003,0.0109707917006375,0.0052807327095673,12.880434782608695,13.258333333333333,13.408333333333331,13.064583333333331,1.2772,784.0145833333332,74.47083333333333,9.985416666666667,2023-09-14,0.0620930989583333,1137.53095434956,2901.380606663081,2785.676777219906,0.10310982769464495,0.05605961947115454,0.09755961947115453,-0.0055502082234904215,C1,2.385364619916127e-05,0.17360230970648186,-0.07604269023532732
78,2023-09-15,2023-09-15,5338.145833333333,0.0097022230320375,103.08054737990022,2066.905154755679,0.0784484154701013,1980.7171211535133,0.0758781433105468,0.0353125,0.0529375,0.0742291666666666,0.0811875,0.053678555530338,0.0124206301123268,0.0059786047805273,13.13125,13.091666666666669,13.0,12.829166666666667,3.8084998,786.0208333333334,88.75625000000001,10.375,2023-09-15,0.0758781433105468,1157.1996420025469,2802.2237066689654,2677.8396547327047,0.11914753047866493,0.05476311391207852,0.09626311391207852,-0.022884416566586407,C1,4.259470294741469e-05,0.19838511397854397,-0.10212200006646545
79,2023-09-16,2023-09-16,5148.833333333333,0.0098402129124045,101.63790888862128,2029.890113451,0.0874474570167676,1962.990868798464,0.0793037414550781,0.0340416666666666,0.0519375,0.073375,0.0808958333333333,0.0526721971196856,0.0135687446422092,0.0065312436526998,12.093478260869563,12.5,12.7375,12.66875,6.7162,788.6437500000001,84.08749999999999,8.268749999999999,2023-09-16,0.0793037414550781,1142.8919578108855,2752.040259204699,2653.874566038714,0.12819785643288917,0.05373642234531704,0.09523642234531703,-0.03296143408757214,C1,2.8595214464813743e-05,0.20461194922278067,-0.10937552687746364
80,2023-09-17,2023-09-17,5269.333333333333,0.0097347680745745,102.73309099918828,2065.20063785048,0.0788284034899053,2004.620486728474,0.0714009602864583,0.0328723404255319,0.0510833333333333,0.0724791666666666,0.0799583333333333,0.0516844738718118,0.0146955990515157,0.0070736490779891,11.65681818181818,12.322916666666666,12.452083333333334,12.460416666666667,0.0,788.3625000000001,71.27708333333334,9.652083333333334,2023-09-17,0.0714009602864583,1139.1518405558147,2799.9127938197826,2710.1559201572823,0.11954947120307931,0.05272874245895441,0.0942287424589544,-0.0253207287441249,C1,2.028583449664576e-05,0.19047703321836335,-0.09624829075940894
81,2023-09-18,2023-09-18,5310.895833333333,0.0097385560608227,102.69827604071143,2082.139575529188,0.074970416768366,2011.7990076182173,0.0701789855957031,0.0314375,0.050625,0.0716875,0.0794583333333333,0.0507844031728714,0.0157224541326045,0.0075679203541793,12.375,12.558333333333332,12.58125,12.310416666666669,0.0,786.19375,71.86458333333333,9.733333333333333,2023-09-18,0.0701789855957031,1141.3371657978946,2822.877898251328,2719.860954609495,0.11561536993386591,0.05181048611378992,0.0933104861137899,-0.022304883820076005,C1,2.0948462162801766e-05,0.18817310417799576,-0.09486261806420586
82,2023-09-19,2023-09-19,5132.354166666667,0.0098658321180889,101.37036092020652,2040.3032166661324,0.0849145625603486,1966.778535446345,0.0786247253417968,0.0302916666666666,0.049625,0.071,0.0780624999999999,0.0497674847495149,0.016882616163549,0.0081263582274324,11.19375,11.529166666666669,12.0375,12.158333333333331,4.9288,784.2166666666667,86.28750000000001,8.791666666666666,2023-09-19,0.0786247253417968,1141.0370169099706,2766.1579097520867,2658.995319446801,0.1255818462662896,0.05077302117257911,0.09227302117257911,-0.033308825093710484,C1,3.298455838952586e-05,0.2032420454690486,-0.11096902429646947
83,2023-09-20,2023-09-20,5267.854166666667,0.0096948032681844,103.16448179234035,2076.055188718,0.0762893139188458,2019.410409171762,0.068817138671875,0.0296382978723404,0.0489791666666666,0.0702916666666666,0.0777291666666666,0.0491314748843652,0.0176082146775551,0.0084756212443123,10.53695652173913,10.922916666666666,11.389583333333334,11.86875,1.6062,782.7895833333333,71.42916666666666,9.3125,2023-09-20,0.068817138671875,1147.593553366754,2814.6289406619458,2730.151224073267,0.11701320012791518,0.05012416092754674,0.09162416092754673,-0.025389039200368446,C1,1.9693055266589065e-05,0.1858069067851858,-0.09418274585763907
84,2023-09-21,2023-09-21,5420.770833333333,0.0096023115568986,104.1521727068302,2091.6201836250243,0.0727311944471928,2031.0228938214127,0.0667406717936198,0.0295,0.0488125,0.0699583333333333,0.077,0.0488890166654906,0.0178848256752202,0.0086087664887992,12.14375,11.93125,11.670833333333334,11.647916666666667,0.80609995,780.65625,58.50208333333333,11.885416666666666,2023-09-21,0.0667406717936198,1157.687871822853,2835.731310851642,2745.8507762974123,0.1134705475980614,0.04987680391639086,0.09137680391639086,-0.02209374368167054,C1,1.4550860001181955e-05,0.18225761069597088,-0.09088080677958002
85,2023-09-22,2023-09-22,5514.4375,0.0094991074430243,105.283319767747,2116.143066989355,0.0673842957362938,2076.449318013759,0.0593859354654947,0.0287708333333333,0.0483333333333333,0.0694791666666666,0.0758958333333333,0.0482634025062657,0.0185985641392735,0.0089523207332011,11.865957446808512,11.89375,11.8375,11.65625,0.16129999,781.2354166666668,42.27291666666667,11.697916666666666,2023-09-22,0.0593859354654947,1146.0703714337444,2868.978412181518,2807.2652401680184,0.10810338716612046,0.049238549419261576,0.09073854941926157,-0.017364837746858888,C1,6.70479936166276e-06,0.1691812566830738,-0.07844270726381222
86,2023-09-23,2023-09-23,5523.666666666667,0.0095224112062011,105.02738870672022,2132.969219057734,0.0640247270112941,2087.0008091266104,0.0578524271647135,0.0276808510638297,0.0475,0.06875,0.0751041666666666,0.0473621832865644,0.019626729522298,0.0094472227163156,11.522222222222222,11.889583333333334,11.841666666666669,11.65,0.0,783.6625,48.78125,9.754166666666666,2023-09-23,0.0578524271647135,1135.7535479497574,2891.790606591862,2821.5303772826505,0.10456431523876313,0.04831912134783437,0.08981912134783436,-0.014745193890928765,C1,7.65948599419265e-06,0.16637918082316727,-0.07656005947533291
87,2023-09-24,2023-09-24,5567.270833333333,0.0094864863424595,105.42319593001103,2143.9978640075087,0.0617646349231865,2100.883265883443,0.0557594299316406,0.0261666666666666,0.0461875,0.0682291666666666,0.0746666666666666,0.0462304347038246,0.0209178967429056,0.0100687192465057,11.22391304347826,11.516666666666666,11.633333333333333,11.575,1.1276,785.4854166666668,56.69583333333333,7.5,2023-09-24,0.0557594299316406,1119.1778681081123,2906.742782921572,2840.298828775062,0.10230493070247519,0.047164506139878846,0.08866450613987885,-0.013640424562596343,C1,8.473797755552363e-06,0.16276761638150997,-0.07410311024163112
88,2023-09-25,2023-09-25,5313.520833333333,0.0097571610113105,102.49539318588836,2155.243952220511,0.0594285466140536,2110.598349894693,0.0542844136555989,0.0245833333333333,0.0452291666666666,0.0673958333333333,0.0736041666666666,0.0450597961157015,0.0222534320333533,0.010711572113053,11.102127659574467,11.225,11.36875,11.40625,0.0,788.75625,58.06041666666667,7.58125,2023-09-25,0.0542844136555989,1125.922956724687,2921.9897597483778,2853.433181447913,0.1000483861510764,0.04597021516617656,0.08747021516617655,-0.012578170984899856,C1,9.101892128210803e-06,0.1602768822838153,-0.07280666711763874
89,2023-09-26,2023-09-26,5350.395833333333,0.0096344733400193,103.80224855907416,2166.6285999805577,0.0571486258255495,2119.96810209852,0.0528907775878906,0.0234042553191489,0.0445625,0.0665208333333333,0.0729791666666666,0.0441591787804019,0.0232809107502559,0.0112061435730522,10.993181818181816,11.425,11.279166666666669,11.25,0.0,788.1833333333334,53.80416666666667,9.170833333333333,2023-09-26,0.0528907775878906,1121.8827590861692,2937.4245898236118,2866.100661189702,0.09781127747183514,0.04505140114003665,0.08655140114003664,-0.011259876331798507,C1,9.092995419967293e-06,0.1579729532434477,-0.07142155210341107
90,2023-09-27,2023-09-27,5494.0625,0.0095076198471104,105.18975258540424,2178.026331906595,0.0549239593255135,2131.081609175796,0.0513165791829427,0.0222708333333333,0.044,0.0658541666666666,0.0727291666666666,0.0433880330742984,0.0241606804033558,0.0116296160544174,12.067391304347826,11.920833333333334,11.516666666666666,11.177083333333334,0.0,785.88125,53.68125,10.325,2023-09-27,0.0513165791829427,1127.95604574627,2952.8771588647755,2881.1256183816463,0.09561774187140491,0.04426467467676048,0.08576467467676048,-0.009853067194644433,C1,1.0180097165274217e-05,0.15523314573598357,-0.06946847105922309
91,2023-09-28,2023-09-28,5690.8125,0.0093425786760535,107.04655049496051,2183.9858953247453,0.0538502466812476,2140.419167840506,0.0500691731770833,0.0209166666666666,0.0432708333333333,0.0655833333333333,0.0716666666666666,0.0425028069570276,0.0251705998880163,0.0121157354706092,12.33695652173913,12.1625,11.725,11.23125,0.0,782.6208333333334,48.03333333333333,11.08125,2023-09-28,0.0500691731770833,1129.1717977848505,2960.956886109789,2893.749573919624,0.09448870876744646,0.043361562843383196,0.08486156284338318,-0.009627145924063274,C1,8.398598712644945e-06,0.15299148504805832,-0.06812992220467513
92,2023-09-29,2023-09-29,5858.770833333333,0.009231000003322,108.33874885486968,2203.370510493067,0.0502736719881793,2159.382890390016,0.0475400288899739,0.0195833333333333,0.0425625,0.0649166666666666,0.071,0.0343116867768753,0.0345155251107789,0.0166138659281801,12.795744680851064,12.383333333333333,11.85,11.264583333333334,0.0,781.4645833333334,42.83125,11.677083333333334,2023-09-29,0.0475400288899739,1124.9869278767226,2987.2377379642353,2919.387666155053,0.09089859797682144,0.035004943648597256,0.07650494364859725,-0.01439365432822419,C1,6.880087569803804e-06,0.14863270037709264,-0.07212775672849539
93,2023-09-30,2023-09-30,5937.1875,0.009153728802193,109.25392905234251,2195.4678153844065,0.0516979036278502,2147.676455215494,0.0490697224934895,0.0182291666666666,0.0418958333333333,0.0645,0.0700208333333333,0.0339224046645963,0.0349596416845561,0.0168276390980663,12.695652173913045,12.41875,11.9375,11.329166666666667,0.0,780.5541666666667,45.7375,11.385416666666666,2023-09-30,0.0490697224934895,1120.1881810960929,2976.5235939073045,2903.5610970851412,0.0923472482430412,0.0346077962133124,0.07610779621331239,-0.016239452029728818,C1,7.730471723594748e-06,0.15131023953211442,-0.07520244331880203
94,2023-10-01,2023-10-01,6046.9375,0.0090996240668743,109.90043321323007,2201.150869538142,0.0506638832846221,2143.499936812704,0.0496431986490885,0.0172708333333333,0.0415208333333333,0.0642083333333333,0.0699166666666666,0.0337287650370965,0.0351805574810957,0.0169339757513069,13.779166666666669,13.1375,12.335416666666667,11.391666666666667,1.1142,778.7375000000001,49.3625,13.345833333333331,2023-10-01,0.0496431986490885,1124.6867554349046,2984.2284414370715,2897.9146337521042,0.09130343407849385,0.03441024415786131,0.07591024415786131,-0.015393189920632544,C1,1.077111004489026e-05,0.1523065331711923,-0.076396289013331
95,2023-10-02,2023-10-02,5943.520833333333,0.0092527497513591,108.11093977044484,2149.0688932365915,0.0613735293758538,2080.499516352106,0.0594469706217447,0.0162978723404255,0.0406666666666666,0.06375,0.0695,0.0333192147352626,0.0356477972311448,0.0171588791401072,12.834782608695653,12.810416666666669,12.50625,11.5375,0.0007,780.2583333333333,58.94166666666666,11.80625,2023-10-02,0.0594469706217447,1146.0913434747192,2913.6178726131584,2812.740924506852,0.10128158611124717,0.03399241902060738,0.07549241902060738,-0.02578916709063979,C1,1.4736830192977719e-05,0.16812269469155355,-0.09263027567094617
96,2023-10-03,2023-10-03,5564.875,0.0094963439590569,105.31141852438412,2045.315652640756,0.0835967858980601,1981.839354186404,0.0756050272190824,0.0174166666666666,0.0395,0.063,0.0685416666666666,0.032698130566165,0.0363563676085301,0.0174999457532552,9.127083333333331,9.814583333333331,11.022916666666667,11.460416666666667,10.2746,780.85,94.67083333333332,4.491666666666666,2023-10-03,0.0756050272190824,1165.475395441311,2772.9535611557967,2679.3568628616354,0.12434256952463137,0.033358786040635385,0.07485878604063538,-0.049483783483995986,C1,2.275613102665289e-05,0.19801150386388977,-0.12315271782325439
97,2023-10-04,2023-10-04,5431.9375,0.0096148780164264,104.01246823551897,2036.17570941792,0.0858171733737941,1983.003619572389,0.0753707885742187,0.0186875,0.0395208333333333,0.0626666666666666,0.068,0.0325822048180749,0.0364886227120409,0.0175636060496289,8.49375,8.910416666666666,9.935416666666669,10.95,0.89879996,783.8041666666667,81.66041666666666,4.9625,2023-10-04,0.0753707885742187,1149.9633598592989,2760.5620077660783,2680.930896824348,0.1266120090893898,0.03324051804915761,0.07474051804915761,-0.051871491040232184,C1,1.566524742176096e-05,0.19763789374923554,-0.12289737570007793
98,2023-10-05,2023-10-05,5283.291666666667,0.0097434197407597,102.64170589550332,2063.188041204059,0.0792986385561427,2012.183151431116,0.0700403849283854,0.019531914893617,0.0399583333333333,0.0627083333333333,0.0677291666666666,0.0327063656931412,0.0363469724776934,0.0174954234565902,8.118181818181817,9.016666666666667,9.614583333333334,10.516666666666667,0.0,788.5500000000001,74.57916666666667,5.175,2023-10-05,0.0700403849283854,1141.4258592588512,2797.184199321101,2720.380299610512,0.12002584018461944,0.03336718755576973,0.07486718755576972,-0.045158652628849716,C1,1.241552618435308e-05,0.18804856747311102,-0.1131813799173413
99,2023-10-06,2023-10-06,5257.3125,0.0097332217887192,102.75611243918384,2085.039181952659,0.0744277482268676,2033.5123106471249,0.0664507548014323,0.0205208333333333,0.0405833333333333,0.0628958333333333,0.0670208333333333,0.0404970453784852,0.0274588939862505,0.0132171937630817,9.189130434782609,9.470833333333331,9.70625,10.272916666666667,0.0,789.2270833333333,71.46458333333334,6.3187500000000005,2023-10-06,0.0664507548014323,1132.9787321842043,2826.8090635692743,2749.2163548658295,0.1149551220052644,0.0413152754811216,0.0828152754811216,-0.03213984652414281,C1,1.3381368991595147e-05,0.1814481221142201,-0.0986328466330985
100,2023-10-07,2023-10-07,5327.729166666667,0.0096814401124265,103.30030211920295,2102.2346985253685,0.0703558215059744,2051.0755916547464,0.0633481343587239,0.0212291666666666,0.0410416666666666,0.063,0.067,0.0409262416432158,0.0269692409337272,0.0129815018493751,9.567391304347826,9.735416666666667,9.80625,10.147916666666664,0.0,788.6333333333333,68.29791666666667,7.114583333333333,2023-10-07,0.0633481343587239,1133.067312537663,2850.1220269520386,2772.961113694406,0.11111604908630941,0.041753143521791894,0.08325314352179189,-0.027862905564517523,C1,1.3236520597540744e-05,0.17627984886150364,-0.09302670533971175
101,2023-10-08,2023-10-08,5462.083333333333,0.0095406878238144,104.8270369897599,2111.1500424285546,0.0685060172858844,2065.649359571269,0.0610796610514322,0.0213829787234042,0.0412916666666666,0.0631666666666666,0.0663541666666666,0.0410445856012485,0.0268342269900835,0.0129165135998575,9.402272727272727,10.070833333333333,9.985416666666667,10.09375,0.0,786.9145833333333,62.7625,7.274999999999999,2023-10-08,0.0610796610514322,1128.9485486692772,2862.20907796216,2792.6641865001825,0.10917563439320656,0.04187387858238584,0.08337387858238583,-0.025801755810820726,C1,1.0721043317187724e-05,0.17217013760030742,-0.08879625901792158
102,2023-10-09,2023-10-09,5650.1875,0.0093672178861918,106.7685430190491,2128.574592659372,0.0647351439648661,2085.045323936112,0.0579872131347656,0.0212708333333333,0.0412291666666666,0.0630833333333333,0.066,0.0409338572492563,0.0269605525898366,0.012977319760878,9.817391304347826,10.00625,9.977083333333333,10.075,1.023,783.0770833333332,58.62708333333333,7.427083333333333,2023-10-09,0.0579872131347656,1131.553748729598,2885.8325556154496,2818.886650053035,0.10547776607118205,0.041760912998764305,0.0832609129987643,-0.022216853072417747,C1,9.143002429633697e-06,0.1668773276427062,-0.08361641464394191
103,2023-10-10,2023-10-10,5893.520833333333,0.0091701297237521,109.06146339987514,2138.302093525575,0.0627512158653803,2092.266255656616,0.056921641031901,0.0203125,0.0408333333333333,0.06275,0.0658958333333333,0.0403686823518104,0.0276053382892592,0.0132876839557797,9.24375,9.652083333333334,10.008333333333333,10.05625,0.0,778.5041666666666,57.075,6.3187500000000005,2023-10-10,0.056921641031901,1119.1776373773578,2899.0206951249957,2828.6490220236583,0.10346595816710415,0.041184318919745465,0.08268431891974547,-0.02078163924735868,C1,7.2610809343413715e-06,0.1650092770694352,-0.08232495814968972
104,2023-10-11,2023-10-11,6173.0,0.0090479518074859,110.54779271415389,2100.3112067761963,0.0715421176448918,2036.4316771911183,0.0665740966796875,0.0193404255319148,0.0403125,0.0623958333333333,0.0649791666666666,0.0325104933751401,0.0365704354625687,0.0176029861854988,8.35,8.856250000000001,9.45625,9.914583333333336,0.0836,771.4604166666667,75.61874999999999,6.39375,2023-10-11,0.0665740966796875,1152.9079103658305,2847.5142371525353,2753.163205940481,0.11153910869351259,0.03316735769900589,0.07466735769900588,-0.03687175099450671,C1,1.5982759459114677e-05,0.18057636518002695,-0.10590900748102107
105,2023-10-13,2023-10-13,5119.895833333333,0.0099214030199788,100.7991797071483,1908.90197791354,0.1226092728821266,1860.2067427581285,0.1024068196614583,0.0520208333333333,0.0823125,0.062,0.0641458333333333,0.0648874375252736,0.0003671402743475,0.000176721034238,7.185416666666666,7.1875,7.8625,9.295833333333333,11.2692995,781.3958333333334,86.42291666666667,3.220833333333333,2023-10-13,0.1024068196614583,1117.654994048447,2588.009596816214,2514.915092397388,0.16336654966540154,0.06619846785279285,0.10769846785279284,-0.0556680818126087,C1,1.2144224289913788e-05,0.24695442888359032,-0.13925596103079746
106,2023-10-14,2023-10-14,5007.145833333333,0.0100192316572884,99.81363152512534,1942.627684713197,0.1116752540794346,1898.3312302699217,0.0930569966634114,0.0523191489361702,0.0884583333333333,0.0622291666666666,0.0639583333333333,0.0669719824631736,0.002745315193007,0.0013214429854631,6.122222222222222,7.064583333333334,8.045833333333333,9.041666666666666,0.0,786.7291666666666,82.57916666666667,2.15,2023-10-14,0.0930569966634114,1121.999523701034,2633.733501902385,2566.457669267722,0.15258033742302263,0.06832513036748265,0.10982513036748265,-0.04275520705553998,C1,7.026579021138244e-06,0.22983063196193937,-0.12000550159445672
107,2023-10-15,2023-10-15,4924.4375,0.0100761934256878,99.2498288466548,1964.6024903967889,0.1051083753202446,1922.150116462403,0.0877164204915364,0.0516875,0.0886874999999999,0.0622291666666666,0.0637708333333333,0.0667938276754043,0.0025420654380082,0.0012236097881223,6.508510638297872,6.885416666666667,7.641666666666667,8.81875,1.1855,790.8000000000001,75.09791666666666,3.4458333333333333,2023-10-15,0.0877164204915364,1111.266630953323,2663.526025905879,2598.6597224012085,0.14599100469348392,0.06814337601809302,0.10964337601809301,-0.0363476286753909,C1,8.43853318708065e-06,0.21999223227604536,-0.11034885625795235
108,2023-10-16,2023-10-16,4962.479166666667,0.0100012255943392,100.0050988429328,1962.7597308198424,0.1057013535962482,1916.2686882921632,0.0890426635742187,0.0510416666666666,0.0873541666666666,0.062625,0.063,0.066157797722346,0.0018164440065014,0.0008743357400243,7.270212765957447,7.408333333333334,7.785416666666666,8.643749999999999,0.0,790.7291666666666,69.91875,5.45625,2023-10-16,0.0890426635742187,1106.8804280873424,2661.0276894145654,2590.708298438377,0.14653107982650637,0.06749449527928215,0.10899449527928215,-0.03753658454722422,C1,1.0850623125885307e-05,0.2223584296688553,-0.11336393438957315
109,2023-10-17,2023-10-17,5178.604166666667,0.0097983772630555,102.06872592299908,1977.6251395112847,0.1013591434515409,1930.720686822775,0.0858751932779948,0.0502553191489361,0.0856458333333333,0.0629791666666666,0.0629791666666666,0.0654063741325224,0.0009591745362602,0.0004616936029802,7.882222222222222,8.233333333333333,8.222916666666666,8.627083333333333,0.0,786.1437500000001,67.24791666666667,7.327083333333333,2023-10-17,0.0858751932779948,1111.8147678810528,2681.1815898238983,2610.2467445607963,0.14223699862723843,0.06672788941146077,0.10822788941146076,-0.03400910921577767,C1,1.3050974759131939e-05,0.21662974124415751,-0.10840185183269675
110,2023-10-18,2023-10-18,5268.625,0.0097611178133637,102.45393857965998,1997.652939685895,0.0958265638736315,1952.799382164222,0.0812899271647135,0.0487916666666666,0.0832291666666666,0.0635,0.063,0.0642219308869734,0.0003921099421535,0.0001887400521109,8.700000000000001,8.679166666666667,8.674999999999999,8.741666666666667,0.0,785.80625,58.61666666666667,7.927083333333333,2023-10-18,0.0812899271647135,1105.6050904660362,2708.3344450541404,2640.0961386406825,0.13666982848059006,0.0655195148615582,0.1070195148615582,-0.029650313619031865,C1,9.754035907446667e-06,0.20828578201688033,-0.10126626715532214
111,2023-10-19,2023-10-19,5149.9375,0.0098621621096049,101.40539956921918,2017.1765116090253,0.0906983623157006,1970.8070980552195,0.0777486165364583,0.0472083333333333,0.0801666666666666,0.0636458333333333,0.063,0.0627022371831541,0.0021258684161295,0.001023275547255,8.438297872340426,8.514583333333333,8.670833333333333,8.856250000000001,0.0,789.0395833333333,64.77499999999999,6.972916666666666,2023-10-19,0.0777486165364583,1115.4038303232585,2734.8036886747163,2664.4417532613056,0.13146997496958934,0.06396911622300526,0.10546911622300525,-0.026000858746584088,C1,1.1195811779120999e-05,0.20180987336287415,-0.0963407571398689
112,2023-10-20,2023-10-20,5236.5625,0.0097242167947338,102.85197028706769,2066.523996649456,0.0785453585157887,2027.5943253641344,0.0673662821451823,0.0454468085106383,0.0771666666666666,0.0637083333333333,0.063,0.0611171681103545,0.0039342110643203,0.0018937117411946,7.8711111111111105,8.395833333333334,8.679166666666667,8.875,0.0,788.0375,57.42083333333333,6.579166666666667,2023-10-20,0.0673662821451823,1119.8389612211663,2801.7069484235326,2741.215507345671,0.11923729142814997,0.06235202132664246,0.10385202132664245,-0.015385270101507517,C1,7.677698776082317e-06,0.18325390433504876,-0.07940188300840631
113,2023-10-21,2023-10-21,5493.395833333333,0.0095126659452354,105.13127044835316,2059.688580201185,0.0802387547984509,2022.3958928716293,0.0683161417643229,0.0436875,0.0740208333333333,0.0638125,0.063,0.05949643220827,0.0057832445881509,0.0027837342734619,8.23404255319149,8.356250000000001,8.610416666666667,8.854166666666666,0.0,783.4333333333334,53.833333333333336,6.872916666666666,2023-10-21,0.0683161417643229,1100.676558664181,2792.4397762108993,2734.187462541992,0.12085876432483501,0.0606985389638936,0.1021985389638936,-0.018660225360941418,C1,6.823654831146098e-06,0.1848728814985503,-0.0826743425346567
114,2023-10-22,2023-10-22,5633.354166666667,0.0093870501427764,106.54325680097674,2052.073435155041,0.0819058884388014,2013.2193791659813,0.0698204040527343,0.0416874999999999,0.0709166666666666,0.064,0.063,0.0578185397522096,0.0076974857650432,0.0037051441655328,8.512500000000001,8.504166666666666,8.647916666666667,8.833333333333334,0.0,780.0791666666668,51.9875,7.29375,2023-10-22,0.0698204040527343,1101.525630274316,2782.115480522281,2721.781232479785,0.12269184312675689,0.058986745216919156,0.10048674521691915,-0.02220509790983774,C1,6.65314932904919e-06,0.18773722571089918,-0.08725048049398003
115,2023-10-23,2023-10-23,5818.208333333333,0.0092553938901039,108.05275032012344,2094.752036941448,0.0720710275965284,2053.7855495228,0.0629717508951823,0.0398297872340425,0.0674583333333333,0.0639583333333333,0.0629791666666666,0.0560277559896967,0.009740520170932,0.0046885479989427,8.008695652173913,8.362499999999999,8.629166666666666,8.833333333333334,0.0,776.8249999999999,54.67291666666667,7.052083333333333,2023-10-23,0.0629717508951823,1118.5521021007055,2839.97734680975,2776.6248537430115,0.11277075996230972,0.05715977923004628,0.09865977923004628,-0.01411098073226344,C1,7.2740382679174715e-06,0.17553262863219524,-0.07687284940214896
116,2023-10-24,2023-10-24,5830.770833333333,0.0092754876569019,107.81621144195866,2099.892406043691,0.0709009557279772,2057.3738638479376,0.062360127766927,0.0377708333333333,0.0638958333333333,0.064,0.063,0.0541520483779189,0.0118804408394509,0.0057185875237538,7.90625,8.147916666666667,8.55625,8.8,0.0,777.7875,54.91875,6.470833333333334,2023-10-24,0.062360127766927,1104.2647373491836,2846.9464446061306,2781.476091858176,0.11163143116446718,0.05524617353416489,0.09674617353416488,-0.014885257630302295,C1,6.749247898496789e-06,0.17453633499311735,-0.07779016145895247
117,2023-10-25,2023-10-25,5794.8125,0.0092789013550304,107.77956711297676,2094.703264975595,0.0720201570702077,2052.203158845421,0.0631764729817708,0.0359583333333333,0.0603541666666666,0.064,0.063,0.0523630433304857,0.0139214459796169,0.0067010145808133,7.7625,7.866666666666667,8.241666666666667,8.708333333333334,0.0,779.5145833333332,60.62916666666666,6.095833333333334,2023-10-25,0.0631764729817708,1102.3829820285505,2839.911223814886,2774.485533362574,0.11278162480835109,0.053421022200752115,0.09492102220075212,-0.017860602607598974,C1,8.192298414192608e-06,0.1759685070992918,-0.08104748489853968
118,2023-10-26,2023-10-26,5911.895833333333,0.0092270742467567,108.3882535358681,2097.2303141902185,0.0714835084600438,2052.380122163798,0.0631637573242187,0.0339574468085106,0.0575208333333333,0.0639583333333333,0.0629791666666666,0.0507162162264368,0.0158002459243967,0.0076053650227741,7.578260869565218,7.952083333333333,8.347916666666666,8.645833333333334,0.0,777.6541666666667,45.8625,8.275,2023-10-26,0.0631637573242187,1113.2663564849745,2843.3372916249364,2774.724779737699,0.1122200395800101,0.051740921471484964,0.09324092147148495,-0.01897911810852515,C1,5.652566654568287e-06,0.17590623874684944,-0.08266531727536448
119,2023-10-27,2023-10-27,5588.75,0.0094616081389886,105.70017009723716,2031.863883824692,0.0869500766376398,1982.0705700642377,0.0756085713704427,0.0322083333333333,0.0550208333333333,0.0639583333333333,0.062875,0.049270210530481,0.0174499366630503,0.0083994349570134,6.139583333333333,6.74375,7.785416666666666,8.566666666666666,3.1072,781.4895833333334,86.47291666666666,3.15,2023-10-27,0.0756085713704427,1118.615047559979,2754.7162146639785,2679.669456234941,0.1276976392813972,0.050265699683887,0.091765699683887,-0.03593193959751022,C1,1.189898496686701e-05,0.19794923551144739,-0.10618353582756039
120,2023-10-28,2023-10-28,5315.604166666667,0.0098633884337541,101.45192353483566,1850.2678430878736,0.1474968548517555,1798.8921770902962,0.1220817565917968,0.1215833333333333,0.0785416666666666,0.0639583333333333,0.0622291666666666,0.0897826749574174,0.0287691325647327,0.0138478701907752,5.68125,6.152083333333334,7.222916666666666,8.302083333333334,5.5151997,778.65,84.18958333333333,3.897916666666666,2023-10-28,0.1220817565917968,1109.9528066768887,2508.515885046005,2432.0205823209494,0.18434514702611626,0.0915967057504986,0.1330967057504986,-0.05124844127561767,C1,1.3531282164321628e-05,0.2791471670962941,-0.14605046134579552
121,2023-10-29,2023-10-29,4798.708333333333,0.0102705765246878,97.37354642769994,1789.9395721987887,0.1686195644841303,1753.1421514274143,0.1334800720214843,0.2066304347826087,0.2272083333333333,0.0682708333333333,0.0629583333333333,0.169249238824009,0.1194293940076776,0.0574867087653755,4.3826086956521735,5.002083333333333,6.08125,7.916666666666667,32.264,781.3791666666666,95.25833333333333,-1.0729166666666667,2023-10-29,0.1334800720214843,1109.4627518966115,2426.7253343384555,2370.168623948541,0.20950770388950873,0.17266886662055128,0.2141688666205513,0.004661162731042556,C1,-5.5481319155633575e-06,0.3079774142771101,-0.09380854765655883
122,2024-04-11,2024-04-11,4540.4375,0.0104762843069503,95.46637746792209,1768.122431046675,0.1787890433649284,1741.281650354519,0.1374397277832031,0.1936666666666666,0.23675,0.2014583333333333,0.0753333333333333,0.1988559962524234,0.1532065732178427,0.0737451757893799,4.43404255319149,4.191666666666666,3.70625,3.160416666666667,0.0,783.7270833333333,56.94166666666666,3.0979166666666664,2024-04-11,0.1374397277832031,1047.213585172291,2397.146565323569,2354.1337647761707,0.2196816978291785,0.20287381929859374,0.24437381929859375,0.02469212146941524,C1,3.5388019935670515e-06,0.3162591051519449,-0.07188528585335113
123,2024-04-12,2024-04-12,4603.8125,0.0104012787748757,96.15322035377,1781.4063970979153,0.1725854446218164,1752.7889781029771,0.1335194905598958,0.1883958333333333,0.2295625,0.1980833333333333,0.0759583333333333,0.1939194633098523,0.1475746779222747,0.0710342926994716,4.93404255319149,4.625,4.029166666666667,3.35,0.0,783.1062499999999,51.13333333333333,5.058333333333334,2024-04-12,0.1335194905598958,1049.6114140841692,2415.156411833324,2369.691149642356,0.21341244216442784,0.19783754525593703,0.23933754525593703,0.025925103091509194,C1,4.434993037394825e-06,0.30822648768687955,-0.06888894243094251
124,2024-04-13,2024-04-13,4666.791666666667,0.0103472057388592,96.65269020569002,1800.587568229554,0.1637452149512938,1765.758799547731,0.1292012532552083,0.1830652173913043,0.2224374999999999,0.1949166666666666,0.0763541666666666,0.1890082294395441,0.1419716453381923,0.068337302523474,7.321739130434783,6.5062500000000005,5.152083333333334,3.6625,0.0,782.2666666666668,44.34583333333333,10.060416666666669,2024-04-13,0.1292012532552083,1047.7344621313034,2441.1614427574964,2387.2257596119707,0.20476355280992442,0.19282708144536487,0.23432708144536488,0.029563528635440456,C1,6.384657031051321e-06,0.2995089183449482,-0.06518183689958332
125,2024-04-14,2024-04-14,4691.875,0.0102864517195321,97.23733091878567,1807.1025234826984,0.1608452918613644,1776.630829460614,0.125701904296875,0.1769999999999999,0.2147291666666666,0.1917708333333333,0.077,0.1836668164856083,0.1358778384423571,0.0654040807215548,6.660416666666666,6.366666666666667,5.595833333333334,4.185416666666667,0.0,781.53125,52.37916666666666,6.825,2024-04-14,0.125701904296875,1048.1127287439635,2449.9941470624053,2401.924250636879,0.2019286475267586,0.18737774691767778,0.2288777469176778,0.02694909939091919,C1,6.339095828499993e-06,0.29259713122384545,-0.06371938430616766
126,2024-04-15,2024-04-15,4968.895833333333,0.010050016859088,99.51288533917602,1814.2583658628537,0.1579562730326957,1782.4098414795938,0.1240946451822916,0.1713958333333333,0.2075624999999999,0.1883958333333333,0.0775624999999999,0.1786078377624357,0.1301062495959198,0.0626259568778778,5.510416666666667,5.908333333333334,5.74375,4.49375,0.0,774.63125,48.69375,5.016666666666667,2024-04-15,0.1240946451822916,1051.1550852316357,2459.695739374331,2409.737212611272,0.19887223604319282,0.18221655311581958,0.2237165531158196,0.02484431707262677,C1,3.92308983227737e-06,0.2889855667821881,-0.06526901366636853
127,2024-04-16,2024-04-16,4676.541666666667,0.0104098159373398,96.07101625816318,1784.0180619197745,0.1711725942796752,1738.1697734280476,0.1383997599283854,0.1703541666666666,0.2065833333333333,0.1846875,0.0785,0.1771484446066819,0.1284412856335821,0.0618245352579908,4.445833333333334,4.4437500000000005,4.535416666666666,4.416666666666667,5.6387997,778.3583333333332,85.81666666666666,2.7604166666666665,2024-04-16,0.1383997599283854,1055.3572880671725,2418.697197950601,2349.9266484013197,0.21220741500123147,0.18072767337899648,0.2222276733789965,0.010020258377765018,C1,1.0178466573384072e-05,0.3185007658398701,-0.0962730924608736
128,2024-04-17,2024-04-17,4623.625,0.0103488294028726,96.64449765840348,1804.1085531276688,0.1625242235677367,1767.101923267059,0.1290105183919271,0.1706666666666666,0.20775,0.1845625,0.079,0.1776467068867284,0.1290097333728352,0.0620981545784797,5.3812500000000005,5.054166666666666,4.620833333333334,4.24375,3.6107,780.2583333333333,66.54583333333333,5.777083333333334,2024-04-17,0.1290105183919271,1055.0864041291711,2445.93504706615,2389.041601924039,0.20322517038815507,0.18123600289216413,0.22273600289216414,0.019510832504009062,C1,9.99310259754672e-06,0.298637161410755,-0.07590115851859089
129,2024-04-18,2024-04-18,4707.625,0.0103202949044382,96.9012944968478,1822.315988892656,0.1544902412369291,1779.088478510451,0.124969482421875,0.1664791666666666,0.202625,0.1833125,0.0789375,0.1741873645943682,0.1250631064975053,0.0601984665521542,6.452083333333333,6.279166666666666,5.577083333333333,4.4125000000000005,0.71999997,779.7583333333333,53.66458333333333,8.747916666666667,2024-04-18,0.124969482421875,1056.8150809442006,2470.619928237841,2405.246880614065,0.1955004597529203,0.1777067656735821,0.2192067656735821,0.023706305920661808,C1,8.618585460159515e-06,0.29104042241278627,-0.07183365673920417
130,2024-04-19,2024-04-19,4727.645833333333,0.0102912151306448,97.17672208687026,1842.046939190572,0.1465115358099944,1791.7441453175163,0.12109375,0.1632127659574468,0.1989361702127659,0.1814255319148936,0.0792765957446808,0.1714119109565713,0.1218967011543994,0.0586743340443684,6.495744680851064,6.189361702127659,5.614893617021276,4.693617021276595,0.0,780.0458333333332,67.20416666666667,7.541666666666667,2024-04-19,0.12109375,1059.323074280834,2497.3703268000154,2422.3567677711508,0.18754193647848805,0.17487523486537204,0.21637523486537205,0.028833298386884004,C1,1.3408748600685802e-05,0.2833814150623751,-0.06700618019700302
131,2024-04-20,2024-04-20,4653.020833333333,0.0103783234969074,96.36086963076882,1835.9787219604748,0.1490563885655505,1787.7378924733696,0.1224377950032552,0.1604583333333333,0.19575,0.1797083333333333,0.08,0.1690565576996135,0.1192095717294406,0.057380898471401,6.735416666666667,6.479166666666667,5.877083333333334,4.8625,0.2958,781.6708333333332,69.70833333333333,7.272916666666667,2024-04-20,0.1224377950032552,1061.2936747672402,2489.143291253527,2416.9404957460497,0.18994577884929642,0.17247229243445913,0.21397229243445914,0.024026513585162723,C1,1.4339371588624241e-05,0.28574761245518504,-0.0717753200207259
132,2024-04-21,2024-04-21,4638.895833333333,0.0103616134007247,96.52056383271872,1858.139553224633,0.1405328415632261,1822.4608737749893,0.1123771667480468,0.1569791666666666,0.1919166666666666,0.1783541666666666,0.0804791666666666,0.1662900439673357,0.1160533655711516,0.0558616752874218,6.827659574468084,6.585416666666667,5.9125000000000005,5.029166666666667,0.0,784.9479166666666,60.58541666666667,6.53125,2024-04-21,0.1123771667480468,1062.4075327236494,2519.188020971788,2463.8843905945323,0.1813468251575155,0.16964988215975582,0.21114988215975583,0.02980305700224034,C1,8.760763006913583e-06,0.26607081308339703,-0.0549209309236412
133,2024-04-22,2024-04-22,4770.0,0.0101997272573997,98.05802510147495,1855.9078671160607,0.1414082505009446,1820.529922466252,0.1129099527994791,0.15225,0.1863958333333333,0.1769166666666666,0.0805833333333333,0.1624765815406704,0.11170273703278,0.0537675231918697,6.889583333333333,6.845833333333334,6.329166666666667,5.197916666666667,0.0,781.4604166666667,47.8875,8.487499999999999,2024-04-22,0.1129099527994791,1056.815232020556,2516.1623941282455,2461.2738320596095,0.1821907530474831,0.16575936992060153,0.20725936992060154,0.025068616873118427,C1,6.388328293038241e-06,0.2670671067224749,-0.059807736801873373
134,2024-04-23,2024-04-23,4865.25,0.0101476327438336,98.55475687359252,1862.7756754302795,0.1387852577870156,1819.494336775504,0.1132291158040364,0.1480208333333333,0.1810625,0.1753333333333333,0.081625,0.158955051343302,0.1076851624348822,0.0518336848535651,7.993749999999999,7.5375,6.6312500000000005,5.3875,0.0,779.9145833333333,48.07708333333333,11.120833333333332,2024-04-23,0.1132291158040364,1058.229660892174,2525.4734818802317,2459.8737672048446,0.17960887372394546,0.16216668830989173,0.20366668830989174,0.024057814585946274,C1,8.446134512077087e-06,0.26762752189445616,-0.06396083358456442
135,2024-04-24,2024-04-24,4893.8125,0.010084086370401,99.17925627625762,1894.9650178180248,0.1272256427896283,1857.7010092025705,0.1030133565266927,0.1437083333333333,0.1758125,0.1737708333333333,0.082,0.1553763357042257,0.1036023472270509,0.0498684432918408,8.85744680851064,8.289583333333333,7.175,5.683333333333334,0.0,780.6145833333334,44.47916666666666,11.475,2024-04-24,0.1030133565266927,1063.0571178490634,2569.114448246531,2511.5274543507394,0.16808211970880632,0.15851566584355678,0.2000156658435568,0.03193354613475047,C1,7.329892378920903e-06,0.24819979593243766,-0.04818413008888087
136,2024-04-25,2024-04-25,5103.729166666667,0.0098827991945297,101.2004492456996,1906.8955920563667,0.1231333427691733,1868.8179720565115,0.1001561482747395,0.1377826086956521,0.1695833333333333,0.172,0.082125,0.1508215449580486,0.098405966513276,0.0473671928483562,9.124444444444444,8.78125,7.78125,6.047916666666667,0.0,776.6833333333334,34.52916666666667,11.3625,2024-04-25,0.1001561482747395,1060.542931030151,2585.289422646267,2526.5570835958974,0.16403570653894722,0.15386884697866382,0.19536884697866383,0.031333140439716606,C1,4.389604965003736e-06,0.24290698597483645,-0.047538138996172624
137,2024-04-26,2024-04-26,5122.0625,0.0098999388643881,101.01901370632991,1866.582534310122,0.13774661727329,1813.7896013759064,0.1150245666503906,0.1328125,0.1640625,0.1700625,0.0827916666666666,0.1468531417146935,0.0938785721218739,0.045187955441962,8.154166666666667,8.135416666666666,7.683333333333334,6.329166666666667,0.9913,773.2145833333334,80.44583333333334,5.53125,2024-04-26,0.1150245666503906,1078.536787243909,2530.634662196848,2452.1612238488788,0.1781969581777622,0.14982026339220553,0.19132026339220554,0.013123305214443326,C1,1.667257703753026e-05,0.2707409395165745,-0.07942067612436898
138,2024-04-27,2024-04-27,4989.125,0.0100447104861991,99.5626157575196,1822.1345958745296,0.1546546261256152,1771.3135076947954,0.1274642944335937,0.141875,0.1762291666666666,0.1685625,0.083,0.1537270351688501,0.1017207254422439,0.0489627345720692,6.24375,6.70625,6.985416666666667,6.3187500000000005,6.9753,771.8645833333334,96.18958333333336,2.2666666666666666,2024-04-27,0.1274642944335937,1100.9394992224911,2470.3740031578013,2394.7354729313633,0.19557556785028818,0.1568330417080586,0.1983330417080586,0.0027574738577704205,C1,1.2105819594078227e-05,0.29595962225573325,-0.09762658054767465
139,2024-04-28,2024-04-28,4744.166666666667,0.0103404824037878,96.71933969024144,1795.5351328479146,0.1660947374001918,1745.427074518179,0.1360270182291666,0.1623695652173913,0.2046249999999999,0.1688333333333333,0.0837083333333333,0.1704049207050731,0.1207478657822724,0.0581213481985843,6.336956521739131,6.2375,6.191666666666666,6.03125,7.6452,777.1374999999999,87.60208333333333,3.6375,2024-04-28,0.1360270182291666,1089.7405392277703,2434.311561827901,2359.7381901090885,0.20699722022673528,0.17384789869161862,0.21534789869161863,0.008350678464883354,C1,1.4320340296609303e-05,0.3133324925871537,-0.09798459389553504
140,2024-04-29,2024-04-29,4573.75,0.010417265135505,96.00779141035564,1788.7141541360295,0.1692535232494331,1741.1257841543131,0.1375134785970052,0.1615833333333333,0.2051458333333333,0.171,0.084,0.1707961903821415,0.1211942498901504,0.0583362128340476,6.452083333333333,6.3875,6.264583333333333,5.875,2.7249,780.28125,82.85000000000001,4.654166666666667,2024-04-29,0.1375134785970052,1093.156922817721,2425.0639636954224,2353.92304074734,0.21006272963033878,0.1742470738498162,0.2157470738498162,0.005684344219477416,C1,1.536641621080545e-05,0.31638364185682966,-0.10063656800701345
141,2024-04-30,2024-04-30,4795.395833333333,0.0101730585158093,98.30699851465148,1826.639643321074,0.1529632867533083,1787.1592272874595,0.1227366129557291,0.1589166666666666,0.2023333333333333,0.1719791666666666,0.0839583333333333,0.1691397547538882,0.1193044879599258,0.057426585898222,7.31875,7.089583333333334,6.59375,5.866666666666667,0.0,777.3166666666666,54.38333333333333,9.158333333333331,2024-04-30,0.1227366129557291,1083.781671658158,2476.481758380787,2416.158166676899,0.1937208864019414,0.17255717045912616,0.21405717045912617,0.020336284057184767,C1,9.323224225121906e-06,0.28612122256983924,-0.07206405211071307
142,2024-05-01,2024-05-01,4882.604166666667,0.0101706504046488,98.33823627793232,1819.7840180743387,0.1559794284620448,1774.5199043692762,0.1268666585286458,0.152891304347826,0.1957916666666666,0.1717708333333333,0.084,0.1647982866686563,0.114351478637488,0.0550424809900713,6.523913043478261,6.683333333333334,6.608333333333333,5.970833333333334,0.0,775.9354166666667,63.02291666666667,6.2562500000000005,2024-05-01,0.1268666585286458,1083.5405361445685,2467.1871879230002,2399.0703757158294,0.19655215123411818,0.1681279843726482,0.2096279843726482,0.01307583313853003,C1,9.323204171244609e-06,0.2939047666251351,-0.08427678225248689
143,2024-05-02,2024-05-02,4750.375,0.0102150083783478,97.90773437257928,1796.084439299014,0.1658417279239012,1765.1057535016628,0.1295077006022135,0.1511041666666666,0.1928125,0.1713333333333333,0.084,0.1630963737738943,0.1124098334915965,0.0541078803420901,5.63404255319149,5.827083333333333,6.014583333333333,5.9437500000000005,2.1224,778.7354166666668,71.00208333333333,3.689583333333333,2024-05-02,0.1295077006022135,1075.7242088161834,2435.056288578403,2386.3428709955942,0.2067528625993999,0.16639168486154063,0.20789168486154064,0.0011388222621407373,C1,7.668410100114214e-06,0.2999447968120448,-0.09205311195050414
144,2024-05-03,2024-05-03,4953.375,0.0100605951767908,99.40611686541918,1827.402864567881,0.1523723792205074,1798.014792085708,0.1192118326822916,0.1489583333333333,0.1881874999999999,0.170625,0.0845625,0.1607291163470549,0.1097091230697855,0.0528079076279334,5.827083333333333,5.95,6.016666666666667,5.772916666666667,0.98539996,777.0500000000001,39.76041666666666,7.966666666666666,2024-05-03,0.1192118326822916,1064.43312112502,2477.5165018794496,2430.8343976140764,0.19340886816388247,0.1639765977407266,0.2054765977407266,0.012067729576844127,C1,4.027433153465116e-06,0.2797075822682754,-0.07423098452754881
145,2024-05-04,2024-05-04,4824.854166666667,0.0101659649861938,98.37944123963804,1824.230662437708,0.1537783834465213,1787.882081927728,0.1222953796386718,0.1435,0.1809375,0.1688541666666666,0.0850208333333333,0.1560544716066519,0.1043760056717651,0.0502408397028307,6.444444444444445,6.252083333333334,5.983333333333333,5.739583333333333,0.0,779.625,56.40625,6.76875,2024-05-04,0.1222953796386718,1064.2202476269858,2473.215762684396,2417.1354333444337,0.1947098745260853,0.15920750326923874,0.20070750326923875,0.00599762874315346,C1,7.549120492692137e-06,0.28568534410274266,-0.0849778408335039
146,2024-05-05,2024-05-05,5076.3125,0.0098561333042991,101.47504913188872,1859.274529048276,0.1399447387886373,1816.649142349046,0.1138941446940104,0.1382916666666666,0.1743333333333333,0.1681458333333333,0.08525,0.1518985595098753,0.099634689841623,0.0479586323404244,7.48125,7.35,6.785416666666666,5.86875,0.0,773.7791666666667,49.11041666666667,10.2125,2024-05-05,0.1138941446940104,1078.1276915670253,2520.7267738033784,2456.027193466866,0.18091946200293657,0.15496762227177538,0.1964676222717754,0.015548160268838818,C1,8.144972400133225e-06,0.26918423070551534,-0.07271660843373995
147,2024-05-08,2024-05-08,4774.666666666667,0.0102634367827107,97.43665050612462,1754.6201222260313,0.1853480271214981,1727.8692794817143,0.1420707702636718,0.2262291666666666,0.2777708333333333,0.2396666666666666,0.1288958333333333,0.2371765165250479,0.1969249400063979,0.0947887810103021,3.464583333333333,3.654166666666667,4.1875,5.0687500000000005,3.6801,775.35,57.93541666666667,1.2625,2024-05-08,0.1420707702636718,1055.7484250688983,2378.840698803803,2336.0008480645397,0.22630414062444915,0.24196859366661475,0.28346859366661475,0.05716445304216561,C1,1.5073587050728569e-06,0.32609750483783895,-0.04262891117122419
148,2024-05-09,2024-05-09,4674.666666666667,0.0103725473845355,96.41762279395046,1778.1204709035392,0.1743708305196711,1745.3693438184412,0.1362012227376302,0.2088958333333333,0.25725,0.22525,0.131,0.2211731865567012,0.1786673734489243,0.0860005976641949,3.820833333333333,3.9166666666666665,4.214583333333334,4.78125,1.0446,780.15,62.24583333333334,2.125,2024-05-09,0.1362012227376302,1055.656850031287,2410.7014903004906,2359.6601408230986,0.21494124215043092,0.22564192143464995,0.26714192143465,0.052200679284219065,C1,3.0628172221747714e-06,0.3133324925871537,-0.04619057115250369
149,2024-05-11,2024-05-11,4204.666666666667,0.0108991340370358,91.76170471327332,1764.7170587185483,0.1806405872258785,1721.1468991975764,0.144659678141276,0.192875,0.2368749999999999,0.2125416666666666,0.1319791666666666,0.2059951949341137,0.1613514027849265,0.0776656465340985,5.577083333333333,5.570833333333333,5.35625,4.954166666666667,0.49249998,781.4625,72.91458333333334,4.670833333333333,2024-05-11,0.144659678141276,1050.276730499432,2392.5297037099845,2326.9124950095747,0.22132756844522034,0.21015726325090728,0.25165726325090726,0.030329694805686924,C1,1.0486432420303714e-05,0.33126577809055535,-0.07960851483964809
150,2024-05-13,2024-05-13,4292.604166666667,0.0107662824608845,92.89273120771314,1770.2175572368533,0.1779890884031784,1721.253191793773,0.1446825663248697,0.1918478260869565,0.2368333333333333,0.2099791666666666,0.1309791666666666,0.2049313049091134,0.1601376527104298,0.0770814143387809,7.189130434782609,6.954166666666667,6.364583333333333,5.429166666666667,4.3606,781.2479166666667,73.76875,7.770833333333333,2024-05-13,0.1446825663248697,1059.1249315457203,2399.987049931715,2327.0561977756383,0.21867707007744885,0.20907187766157104,0.250571877661571,0.031894807584122165,C1,1.8052181538768473e-05,0.3312035097381131,-0.08063163207654206
151,2024-05-14,2024-05-14,4373.958333333333,0.0106454747643705,93.94637435570716,1780.2083820582827,0.173071974361795,1729.3799634012792,0.1416333516438802,0.1864166666666666,0.230125,0.2075833333333333,0.131,0.2002575378326604,0.1548055366045164,0.0745148283803518,8.393749999999999,7.966666666666666,7.05625,5.795833333333333,0.0,780.3666666666667,62.00625,10.429166666666667,2024-05-14,0.1416333516438802,1061.0490903077336,2413.532193064853,2338.043224162759,0.21396818315000077,0.20430367858695805,0.24580367858695806,0.031835495436957295,C1,1.4877474788204724e-05,0.32497667449387635,-0.07917299590691829
152,2024-05-15,2024-05-15,4476.916666666667,0.0105489489156222,94.80876890440604,1804.289983031732,0.1623970600530675,1755.5129157289605,0.1327387491861979,0.1810833333333333,0.2230416666666666,0.204125,0.131,0.1952579652720912,0.1491017219006981,0.0717693272626873,8.904166666666667,8.454166666666667,7.560416666666666,6.195833333333333,0.5358,780.1291666666666,60.90416666666667,9.752083333333331,2024-05-15,0.1327387491861979,1067.4166282057188,2446.181022154603,2373.373789689224,0.20314630127900818,0.1992030912305898,0.2407030912305898,0.037556789951581626,C1,1.3263650391517806e-05,0.30635843711360855,-0.06565534588301875
153,2024-05-16,2024-05-16,4572.9375,0.010440293747353,95.79228499468012,1816.714017206649,0.1572418886181676,1773.3479803945504,0.1270853678385416,0.1761304347826087,0.2152708333333333,0.2007083333333333,0.1309791666666666,0.1901904388574025,0.1433203813308958,0.0689865094784129,8.180434782608696,8.112499999999999,7.670833333333333,6.527083333333334,0.0,779.71875,63.04375,8.389583333333333,2024-05-16,0.1270853678385416,1059.4545510038884,2463.0250089322803,2397.4859876887167,0.19783691685812926,0.19403317703378883,0.23553317703378884,0.03769626017565958,C1,1.2513502566537082e-05,0.2946519868544435,-0.05911880982065465
154,2024-05-17,2024-05-17,4622.5,0.0103743931208012,96.4092664366606,1824.0228475672184,0.1540856629094926,1782.1906321165225,0.1242307027180989,0.1769166666666666,0.208,0.1975833333333333,0.1307916666666666,0.1874614992330613,0.1402070419870666,0.0674879200094335,8.652083333333334,8.391666666666667,7.75625,6.677083333333333,0.0,778.8416666666667,52.99166666666667,10.527083333333334,2024-05-17,0.1242307027180989,1058.2930384822616,2472.934015960148,2409.4408515010196,0.19479548825631865,0.19124910004009033,0.23274910004009033,0.037953611783771685,C1,1.0056873636968332e-05,0.2891101034870729,-0.056361003446982555
155,2024-05-18,2024-05-18,4600.458333333333,0.0105069763741231,95.18483459560734,1839.5147384302643,0.1477566223844354,1782.0094990288353,0.1242205301920573,0.1710416666666666,0.1994791666666666,0.1942083333333333,0.13,0.1817587056314432,0.1337009501954821,0.0643562470479214,9.66875,9.31875,8.439583333333333,6.935416666666666,0.0,780.8083333333334,57.79166666666666,10.983333333333334,2024-05-18,0.1242205301920573,1068.7780758063084,2493.937274739425,2409.195967787029,0.1885404107830455,0.18543108328205782,0.22693108328205783,0.03839067249901232,C1,1.3030177932290178e-05,0.28923464019195755,-0.06230355690989972
156,2024-05-19,2024-05-19,4525.5625,0.0104522640730917,95.69276596722248,1823.3359223571365,0.1545454682161272,1774.7256741314015,0.1268666585286458,0.1680212765957446,0.1947659574468085,0.1914255319148936,0.13,0.1785182794503478,0.1300040760578528,0.0625767761843375,9.338297872340425,9.21063829787234,8.61276595744681,7.251063829787234,0.7158,780.2062500000001,66.62291666666667,11.039583333333333,2024-05-19,0.1268666585286458,1071.010382984199,2472.00271144239,2399.348567095547,0.19507881873991478,0.18212518530612,0.22362518530612002,0.02854636656620524,C1,1.915772293186747e-05,0.29378022992025044,-0.07015504461413041
157,2024-05-20,2024-05-20,4811.166666666667,0.0101473479749398,98.55748063241208,1866.935684749429,0.1369823281453672,1833.381807259729,0.109204610188802,0.162375,0.1874166666666666,0.1885416666666667,0.1299375,0.1734442762592192,0.1242153463898339,0.0597904016966173,9.272916666666667,9.047916666666667,8.527083333333334,7.425000000000001,0.0,776.94375,42.56458333333333,11.941666666666668,2024-05-20,0.109204610188802,1073.7276490479449,2531.113448816916,2478.648997029147,0.17806666481551275,0.1769486634716422,0.2184486634716422,0.04038199865612946,C1,6.943967341374001e-06,0.2602798563062569,-0.04183119283461467
158,2024-05-21,2024-05-21,4538.541666666667,0.0106953817718719,93.55331176717284,1752.1209755871969,0.188516609259039,1703.4101478399134,0.1526578267415364,0.2273333333333333,0.2538958333333333,0.214875,0.129,0.2244190526428556,0.1823704537591988,0.0877830558362414,8.049999999999999,8.485416666666667,8.539583333333333,7.545833333333333,4.1149,777.6770833333334,73.64999999999999,6.4625,2024-05-21,0.1526578267415364,1082.512467173315,2375.452460140955,2302.9332121405378,0.22755873982628155,0.2289533692272226,0.27045336922722263,0.042894629400941076,C1,1.4941908402629036e-05,0.3455874991522998,-0.07513412992507718
159,2024-05-23,2024-05-23,4642.375,0.0104013708463635,96.15382167613528,1791.2306867863406,0.1679427532564382,1752.6171295504798,0.1335665384928385,0.2225833333333333,0.25325,0.2262708333333333,0.1332291666666666,0.2254132248957006,0.1835046655833511,0.0883290027143533,6.972916666666666,6.9750000000000005,6.933333333333334,6.8812500000000005,1.6844,775.3604166666668,46.91458333333333,9.602083333333333,2024-05-23,0.1335665384928385,1069.211614791022,2428.4757735866906,2369.458818198572,0.20892496918402365,0.22996762841867954,0.27146762841867955,0.0625426592346559,C1,6.899339248475571e-06,0.30828875603932193,-0.03682112762064238
160,2024-05-24,2024-05-24,4534.125,0.0104739390394074,95.48508250314786,1790.2982249888594,0.1685526410858636,1750.455892394092,0.1344045003255208,0.2105833333333333,0.2392708333333333,0.2177083333333333,0.1349166666666666,0.2147486972144585,0.1713379275151232,0.0824726075298658,6.895833333333333,6.929166666666667,6.9750000000000005,6.841666666666666,0.942,779.6895833333333,67.22916666666667,5.933333333333334,2024-05-24,0.1344045003255208,1062.9258170979508,2427.211580815942,2366.536923648942,0.20934561848137961,0.21908762729986594,0.26058762729986595,0.05124200881848634,C1,1.0560187662251379e-05,0.30978319649793873,-0.049195569198072775
161,2024-05-25,2024-05-25,4737.458333333333,0.0102790336406719,97.29856594129956,1800.8763674952695,0.1637121926117385,1754.1842936833684,0.133093516031901,0.2027499999999999,0.2283958333333333,0.2120208333333333,0.1350416666666666,0.2071291652849962,0.1626451047329828,0.0782883631419742,8.012500000000001,7.827083333333333,7.4125,6.854166666666667,0.0,775.6520833333334,55.26041666666666,9.447916666666666,2024-05-25,0.133093516031901,1066.77614714421,2441.5529847433463,2371.577552981901,0.20463681141195716,0.21131414511713412,0.2528141451171341,0.04817733370517696,C1,1.0007835391030673e-05,0.3072301940478017,-0.05441604893066759
162,2024-05-26,2024-05-26,4512.354166666667,0.0105631956079351,94.67336802957226,1778.9176619661396,0.1737839644451078,1729.936105910343,0.1415252685546875,0.19875,0.2232916666666666,0.2074166666666666,0.1357708333333333,0.2030498201620703,0.1579911411366539,0.0760482023164941,7.958333333333333,7.822916666666667,7.58125,6.991666666666667,3.5663998,780.8145833333333,74.2625,7.391666666666667,2024-05-26,0.1415252685546875,1071.0007430417688,2411.7822886570207,2338.7951035949854,0.21456903724916238,0.20715237810521792,0.24865237810521792,0.03408334085605555,C1,1.7512107048664303e-05,0.32454079602677977,-0.07588841792156184
163,2024-05-27,2024-05-27,4447.458333333333,0.0106000094346904,94.3478919752682,1811.147048496189,0.1595308911024603,1767.974969405563,0.1287549336751302,0.194125,0.2177083333333333,0.2050625,0.1359583333333333,0.1990536130342356,0.1534320263925223,0.0738536964856517,8.331249999999999,8.145833333333334,7.754166666666666,7.114583333333333,0.0,785.28125,60.00416666666666,9.472916666666666,2024-05-27,0.1287549336751302,1070.1761065756732,2455.477545199442,2390.2219206808813,0.2001938713652966,0.20307542886551297,0.24457542886551298,0.044381557500216384,C1,1.2388475048220347e-05,0.29807674623877367,-0.05350131737326069
164,2024-05-28,2024-05-28,4417.645833333333,0.0106349725565614,94.0406814913985,1826.19212690987,0.1530762294841427,1779.403060340818,0.1249669392903645,0.1867872340425531,0.2094893617021276,0.2020851063829787,0.1357446808510638,0.193043675926966,0.1465755267165651,0.0705533565375456,8.651063829787235,8.572340425531914,8.148936170212766,7.278723404255319,0.0,786.5875,55.96041666666667,10.972916666666668,2024-05-28,0.1249669392903645,1063.40667570471,2475.875034316205,2405.6721809717073,0.1939041327615419,0.19694406286361263,0.23844406286361264,0.044539930102070746,C1,1.199559364955214e-05,0.2908536173554591,-0.05240955449184648
165,2024-05-29,2024-05-29,4539.354166666667,0.0104575216896005,95.6449704806724,1841.6660598433057,0.1468795529912247,1797.8852097251256,0.1194979349772135,0.1810208333333333,0.201625,0.1988958333333333,0.1354375,0.1876721039176307,0.1404473125465968,0.0676035729757353,9.5375,9.1625,8.452083333333333,7.439583333333334,0.0,783.56875,53.37916666666666,12.40625,2024-05-29,0.1194979349772135,1076.7496867088355,2496.853946484337,2430.659208143548,0.18769170142621783,0.19146395992626913,0.23296395992626914,0.045272258500051316,C1,1.2064406673693918e-05,0.2797698506207178,-0.046805890694448654
166,2024-05-30,2024-05-30,4689.666666666667,0.0103046003426403,97.05183032105748,1884.9284034967093,0.1306711190929029,1839.9502574863063,0.107526143391927,0.1730416666666666,0.1913541666666667,0.1953958333333333,0.135,0.1806389949393271,0.1324235165284354,0.0637413610912877,10.29375,9.922916666666667,9.047916666666667,7.704166666666667,0.0,782.2916666666666,42.62916666666667,13.325,2024-05-30,0.107526143391927,1076.0476480763884,2555.5072256213557,2487.5292436322675,0.1715781843962766,0.18428874918653118,0.2257887491865312,0.0542105647902546,C1,7.77312241853006e-06,0.25691736527436904,-0.031128616087837846
167,2024-05-31,2024-05-31,4744.833333333333,0.010286773396442,97.21540176459985,1904.0799320947583,0.1240451377123976,1858.687031943675,0.1026140848795573,0.1644042553191489,0.1803404255319148,0.192531914893617,0.135,0.1733099985733872,0.1240621542859961,0.0597166634855876,9.687234042553191,9.661702127659575,9.22340425531915,8.034042553191489,0.0,783.1583333333333,52.02291666666667,10.829166666666666,2024-05-31,0.1026140848795573,1073.9488971541198,2581.4720684361896,2512.8605123469565,0.1649802109287128,0.17681167274727533,0.21831167274727534,0.05333146181856255,C1,9.89423009014957e-06,0.24770164911289871,-0.029389976365623377
168,2024-06-01,2024-06-01,4750.604166666667,0.0102174741918532,97.88431681765,1899.2370620487573,0.1256541986992542,1850.0357318495485,0.1048227945963541,0.1562826086956521,0.1706086956521739,0.1893260869565217,0.135,0.1664986403522986,0.1162913449410478,0.0559762254016802,10.386956521739132,10.008695652173913,9.304347826086955,8.167391304347825,0.0,782.3937500000001,52.81458333333333,12.779166666666669,2024-06-01,0.1048227945963541,1076.3149616396504,2574.906307438402,2501.164347251179,0.16661978093995877,0.16986269316926436,0.21136269316926437,0.0447429122293056,C1,1.2109518891238061e-05,0.2518736287265373,-0.04051093555727292
169,2024-06-02,2024-06-02,4924.541666666667,0.0100620419983251,99.39129915561922,1916.086838405816,0.1202446312958633,1872.0484870352263,0.0994427998860677,0.1481041666666666,0.1624375,0.1864166666666666,0.1347708333333333,0.1602060884460865,0.1091124212125949,0.0525206883368276,10.941666666666668,10.616666666666667,9.785416666666666,8.395833333333334,0.0,778.9020833333334,46.7375,13.664583333333333,2024-06-02,0.0994427998860677,1079.6144643789594,2597.7505306729227,2530.9245932331,0.16099640167202645,0.16344300222503244,0.20494300222503245,0.043946600553006004,C1,9.73538199069874e-06,0.24141254551621963,-0.03646954329118718
170,2024-06-03,2024-06-03,4998.541666666667,0.0099822718378661,100.188522772539,1955.5130390956888,0.1077731313346171,1900.512517540368,0.0925788879394531,0.1427234042553191,0.1536808510638297,0.1836170212765957,0.134,0.1547451389388937,0.1028822397883676,0.0495218233750998,11.693617021276596,11.246808510638298,10.27872340425532,8.680851063829786,0.0,778.8833333333333,48.45625,14.227083333333333,2024-06-03,0.0925788879394531,1084.4081053676227,2651.2029273553962,2569.406670661602,0.14867679296118808,0.1578717159455146,0.19937171594551462,0.05069492298432654,C1,1.1001380622329026e-05,0.22889660667530384,-0.029524890729789227
171,2024-06-04,2024-06-04,4907.583333333333,0.0101401452699372,98.62320486477104,1941.6323739288048,0.1120660500532109,1868.025570473611,0.1004486083984375,0.1337708333333333,0.1464375,0.1808958333333333,0.134,0.1485205710804632,0.0957808763726542,0.0461036195576211,12.941666666666668,12.197916666666666,10.86875,8.997916666666667,0.9887,779.7041666666668,59.92083333333333,15.014583333333334,2024-06-04,0.1004486083984375,1082.3968765257207,2632.384101099397,2525.4857926182494,0.1528866752852236,0.15152138264543102,0.19302138264543103,0.04013470736020744,C1,1.956433644120446e-05,0.24328059608949065,-0.05025921344405962
172,2024-06-05,2024-06-05,4793.041666666667,0.0102270323824722,97.789249321528,1950.9204031611264,0.1091899701640108,1889.107074527653,0.0952377319335937,0.1262291666666666,0.1401041666666666,0.1783333333333333,0.134,0.1431424324749877,0.0896451706327237,0.0431502299681307,12.15625,11.9875,11.170833333333334,9.4,0.0,784.6958333333333,63.60833333333333,13.175,2024-06-05,0.0952377319335937,1074.5913086765347,2644.9764233175506,2553.9870293341946,0.1500549748728212,0.14603458043593148,0.1875345804359315,0.03747960556311028,C1,2.01310646293886e-05,0.23381580651825085,-0.046281226082319354
173,2024-06-06,2024-06-06,4785.9375,0.0102065979913647,97.98712036999753,1980.520539137245,0.1006205888133233,1916.2063507879104,0.0890922546386718,0.1192765957446808,0.1341489361702127,0.1757872340425531,0.134,0.1381057598708797,0.0838990299557777,0.0403843554665885,12.419148936170211,12.059574468085106,11.17872340425532,9.591489361702129,0.0,785.6062499999999,57.57916666666667,14.908333333333331,2024-06-06,0.0890922546386718,1086.3292479829352,2685.1070517414314,2590.624020961759,0.14141697685875199,0.1408961434412787,0.18239614344127872,0.04097916658252673,C1,1.752051561938031e-05,0.22242069802129766,-0.04002455458001894
174,2024-06-07,2024-06-07,4930.833333333333,0.0100570380225267,99.4408471094714,2003.899636489164,0.0942403018063239,1936.4083666099789,0.0847320556640625,0.1165416666666666,0.1276458333333333,0.173,0.1338333333333333,0.1343915278845775,0.079661609504288,0.0383446954864368,12.875,12.527083333333332,11.558333333333332,9.8,0.0,783.6083333333332,53.91041666666666,15.483333333333334,2024-06-07,0.0847320556640625,1076.0563678108572,2716.803455753648,2617.936229502859,0.13498239113600913,0.13710686656241797,0.17860686656241798,0.04362447542640885,C1,1.5426482639619847e-05,0.21445034890867468,-0.0358434823462567
175,2024-06-08,2024-06-08,5003.291666666667,0.0099856366516262,100.15336826191646,2010.8347719066824,0.0923805361926541,1932.2689778721965,0.0855992635091145,0.1087708333333333,0.1210208333333333,0.1696458333333333,0.1330208333333333,0.1285862309570129,0.0730385757200351,0.0351567331136718,13.183333333333332,12.820833333333333,11.83125,10.033333333333331,0.3681,782.7458333333334,63.93125,14.983333333333334,2024-06-08,0.0855992635091145,1087.951780370983,2726.2058227810926,2612.339963791816,0.13313529472549834,0.13118427543088165,0.17268427543088166,0.03954898070538332,C1,2.3211293526554755e-05,0.21600705771973386,-0.043322782288852196
176,2024-06-09,2024-06-09,5027.041666666667,0.0099627816220737,100.38294411762976,2010.4099481198537,0.0924589741244095,1937.5758230025167,0.0844612121582031,0.1024583333333333,0.1151249999999999,0.1670625,0.1327083333333333,0.1237703669902875,0.0675443468890269,0.032512115050231,13.041666666666666,12.720833333333331,11.885416666666666,10.225,0.3141,783.3645833333334,64.16250000000001,14.520833333333334,2024-06-09,0.0844612121582031,1085.8192201625498,2725.6298644291237,2619.514577561611,0.13324765665395116,0.12627110844288766,0.16777110844288767,0.03452345178893651,C1,2.2717114121917695e-05,0.21401447044157812,-0.046243361998690447
177,2024-06-10,2024-06-10,5063.8125,0.0099370592476488,100.640690491704,2020.83013962132,0.0898336106619761,1941.972497556408,0.0836041768391927,0.0965833333333333,0.1090833333333333,0.1638958333333333,0.1319375,0.1188985143904323,0.0619862428396828,0.0298367509874128,13.25625,12.897916666666667,12.014583333333334,10.345833333333331,0.0,783.5104166666666,61.39166666666667,14.872916666666669,2024-06-10,0.0836041768391927,1080.9679847358568,2739.7571249791567,2625.4586820193476,0.13052065407483177,0.12130082158898867,0.16280082158898868,0.03228016751415691,C1,2.066063495882517e-05,0.2123332249256342,-0.04953240333664552
178,2024-06-11,2024-06-11,5069.583333333333,0.0099189705742133,100.83103207253252,2028.297016891862,0.0879692198448043,1957.148903671024,0.0806223551432291,0.0909375,0.1031041666666666,0.16075,0.131,0.1141217950763221,0.0565366725954753,0.0272136290991356,13.483333333333334,13.064583333333331,12.141666666666666,10.475,1.2863,784.65,60.86041666666667,15.627083333333331,2024-06-11,0.0806223551432291,1077.0056607143244,2749.8804054084294,2645.9764943187533,0.12860310484310394,0.11642759015904085,0.15792759015904084,0.0293244853159369,C1,2.121378120102316e-05,0.2066668048533788,-0.04873921469433795
179,2024-06-12,2024-06-12,5111.270833333333,0.0098699478412923,101.32965489826825,2055.9864930371323,0.0810726330302529,1984.852095525097,0.0750885009765625,0.0853829787234042,0.0973191489361702,0.1574042553191489,0.131,0.1094751898562882,0.0512355443778561,0.0246619589972628,13.77659574468085,13.25531914893617,12.270212765957448,10.623404255319148,0.0,785.125,52.26875,16.947916666666668,2024-06-12,0.0750885009765625,1087.6595992067273,2787.4206410118827,2683.429952420989,0.12174636707726609,0.1116871017376384,0.15318710173763841,0.031440734660372324,C1,1.5661401351558028e-05,0.1970152102248119,-0.04382810848717347
180,2024-06-13,2024-06-13,5204.5625,0.0098127159447021,101.91736335040773,2074.100814956073,0.0768141707345872,2012.321326364033,0.0700429280598958,0.0793125,0.0908958333333333,0.1532916666666666,0.1307708333333333,0.1042415429960763,0.0452646835584124,0.0217879166406224,14.014583333333334,13.572916666666666,12.5625,10.80625,0.0,785.6208333333334,48.63958333333333,16.931250000000002,2024-06-13,0.0700429280598958,1091.4498281419444,2811.9792823190064,2720.5671058488706,0.11746580168976307,0.10634771068380519,0.1478477106838052,0.030381908994042126,C1,1.3206550163882027e-05,0.18798629912066867,-0.040138588436863465
181,2024-06-14,2024-06-14,5146.25,0.0098790350553143,101.23241546438716,2068.40839236688,0.0780090694269549,1990.4459346280703,0.0739682515462239,0.0743958333333333,0.0854791666666666,0.1491875,0.129875,0.0996979000172558,0.0400810208917489,0.019292787962022,14.466666666666669,14.160416666666668,13.075,11.039583333333333,0.025799999,786.2604166666666,51.32708333333333,16.808333333333334,2024-06-14,0.0739682515462239,1096.041217476849,2804.2617334556185,2690.9925690168475,0.11879419471616272,0.10171226482341254,0.14321226482341254,0.02441807010724982,C1,1.487026131383691e-05,0.1950848912990985,-0.05187262647568597
182,2024-06-15,2024-06-15,5196.958333333333,0.0097845407080177,102.21131923469456,2080.0718051334607,0.0755464592705772,1995.993088092292,0.0732002258300781,0.0709361702127659,0.0820851063829787,0.1457234042553191,0.129,0.0964800488713775,0.0364099017194193,0.0175257141151168,12.82340425531915,12.848936170212763,12.4468085106383,11.17872340425532,0.47869998,783.8125,76.66875,11.935416666666669,2024-06-15,0.0732002258300781,1108.1781518250968,2820.074501487077,2698.4920687479,0.11608852729919213,0.09842939800419923,0.13992939800419923,0.02384087070500711,C1,3.109077634802678e-05,0.19327910907826987,-0.05334971107407063
183,2024-06-16,2024-06-16,5340.291666666667,0.0096296169425903,103.8654988810131,2074.1449940295224,0.0767139189299307,2016.3255085358169,0.0693537394205729,0.0684375,0.0794375,0.1424166666666666,0.1287916666666666,0.0939471629198767,0.0335202322610326,0.0161347869655426,12.689583333333331,12.49375,12.020833333333334,11.0375,0.0,779.1729166666668,65.50625000000001,14.122916666666669,2024-06-16,0.0693537394205729,1110.7797399784392,2812.0391784621233,2725.9805784189125,0.11745555101969345,0.09584533588632152,0.13734533588632153,0.019889784866628082,C1,2.3386814084879436e-05,0.1867409320718213,-0.04939559618549977
184,2024-06-17,2024-06-17,5632.895833333333,0.0093703070642352,106.73934605094864,2102.4651206807607,0.0703351610053262,2055.7695470829703,0.0626246134440104,0.0649583333333333,0.0761666666666666,0.1381666666666667,0.1277083333333333,0.090563978070878,0.0296604904023692,0.0142769205836345,13.310416666666669,12.972916666666668,12.222916666666668,10.9625,0.0,774.6125000000001,37.49791666666667,16.214583333333334,2024-06-17,0.0626246134440104,1118.7519014272489,2850.434423689207,2779.3071284024154,0.11106547517726843,0.0923937948483623,0.1338937948483623,0.022828319671093875,C1,7.306237564850676e-06,0.17497221346021394,-0.04107841861185163
185,2024-06-18,2024-06-18,5666.875,0.0094427599769366,105.91555580671296,2127.220101235862,0.0651604900924537,2078.5723251843606,0.0590769449869791,0.0616595744680851,0.0729361702127659,0.1337021276595744,0.127,0.0872437820095658,0.0258726099616629,0.012453644316161,13.872340425531917,13.52127659574468,12.587234042553192,11.082978723404254,0.0,775.7624999999999,32.78125,16.045833333333334,2024-06-18,0.0590769449869791,1116.7240232519327,2883.9961926992773,2810.1354495118994,0.10576083992354747,0.0890065152667925,0.1305065152667925,0.024745675343245024,C1,5.6528508622602055e-06,0.16862084151109247,-0.03811432624429997
186,2024-06-19,2024-06-19,5478.541666666667,0.0095791473577201,104.40271306897785,2122.484388306014,0.0662212197088225,2060.401881882775,0.0620333353678385,0.0584999999999999,0.0701875,0.129375,0.12675,0.0841978312255927,0.0223976051170979,0.0107809690663399,12.808333333333332,12.720833333333331,12.279166666666669,11.177083333333334,0.0,781.4791666666666,52.33125,12.872916666666669,2024-06-19,0.0620333353678385,1101.1312547285766,2877.575710845301,2785.5698348173983,0.10675629121392068,0.08589902200239144,0.12739902200239145,0.020642730788470773,C1,1.193005966094065e-05,0.1736645780589242,-0.046265556056532764
187,2024-06-20,2024-06-20,5388.645833333333,0.0097579990930979,102.53237618676798,2093.003384321825,0.0732098793510905,2007.939116351132,0.0716959635416666,0.0557291666666666,0.0676458333333333,0.1248541666666666,0.1254166666666666,0.0812241074132562,0.019005001169378,0.0091479570535158,13.752083333333331,13.422916666666666,12.552083333333334,11.164583333333333,1.6855999,784.1145833333334,58.41458333333333,15.660416666666668,2024-06-20,0.0716959635416666,1129.1128246865846,2837.606596601807,2714.6425567940923,0.11316095298029365,0.08286521503293966,0.12436521503293965,0.011204262052646005,C1,1.9098485879963155e-05,0.1894184712268431,-0.06505325619390345
188,2024-06-21,2024-06-21,4832.833333333333,0.010233898311351,97.74520437836804,1946.223129145088,0.1115905713608311,1848.584707349677,0.106085459391276,0.0672340425531914,0.0669787234042553,0.1214893617021276,0.125,0.0844788663649183,0.0227182269983798,0.0109352987174798,13.127659574468083,13.07872340425532,12.525531914893618,11.25744680851064,11.4515,787.1729166666668,92.22708333333333,12.091666666666669,2024-06-21,0.106085459391276,1145.4343772850305,2638.608055337928,2499.202627980796,0.1514795402471696,0.08618573536857893,0.12768573536857894,-0.023793804878590646,C1,5.6214840150123585e-05,0.2526208489558457,-0.12493511358726675
189,2024-06-22,2024-06-22,4457.208333333333,0.0106661874502775,93.76697242475846,1792.1073490914275,0.1681357477291787,1708.3097161210685,0.1496518452962239,0.1481666666666666,0.14475,0.1208541666666666,0.1246875,0.1388490361040893,0.0847470044289188,0.0407925235058134,12.829166666666666,12.716666666666669,12.229166666666666,11.2375,17.799,787.5854166666667,88.80624999999999,12.0125,2024-06-22,0.1496518452962239,1101.2064478026234,2429.664315735519,2309.5572060941554,0.20853048587969814,0.14165443733770058,0.1831544373377006,-0.025376048541997542,C1,4.940684278683874e-05,0.3414777878911036,-0.15832335055340302
190,2024-06-23,2024-06-23,4435.9375,0.0105475223047947,94.82679795144024,1771.119102641355,0.1782492528391451,1694.124777528157,0.15545654296875,0.149,0.15925,0.1202916666666666,0.1238541666666666,0.1435302568378664,0.0900876241178342,0.0433632026190606,13.16875,12.958333333333334,12.327083333333334,11.208333333333334,2.3295999,788.3729166666667,80.83958333333334,13.439583333333331,2024-06-23,0.15545654296875,1077.683204763268,2401.2093275477537,2290.3798128872318,0.2182466263464956,0.14643024066844654,0.18793024066844655,-0.030316385678049063,C1,4.1122986409856e-05,0.3534955799124805,-0.16556533924403394
191,2024-06-24,2024-06-24,4579.416666666667,0.0104355269201176,95.83323683507936,1834.8616901075263,0.149534981723288,1756.5977994833377,0.1322898864746093,0.1368085106382978,0.1498723404255319,0.1195106382978723,0.1228723404255319,0.135788959857626,0.081255884402571,0.0391120912982555,13.889361702127658,13.644680851063828,12.77872340425532,11.327659574468084,0.0,786.0458333333332,68.46249999999999,16.05,2024-06-24,0.1322898864746093,1099.5443220385598,2487.6288661081667,2374.840503288667,0.19039244509146125,0.13853253321026923,0.18003253321026924,-0.010359911881192008,C1,3.0064354800326396e-05,0.30561121688430015,-0.1255786836740309
192,2024-06-25,2024-06-25,4681.708333333333,0.0103383180674015,96.7334339061556,1858.457238823408,0.1404765591777829,1783.5488407461437,0.123761494954427,0.1254166666666666,0.1398125,0.1184583333333333,0.1221041666666666,0.1280857403074207,0.0724675857220536,0.0348818900903555,14.3625,14.052083333333334,13.11875,11.533333333333331,0.0,786.2083333333334,61.02708333333334,16.852083333333333,2024-06-25,0.123761494954427,1100.8409815271957,2519.6187258418718,2411.2770879271893,0.1812270796518891,0.13067367252466042,0.17217367252466043,-0.009053407127228685,C1,2.3042904494175393e-05,0.2883006149053221,-0.11612694238066168
193,2024-06-26,2024-06-26,4667.375,0.0103323552384708,96.79132243788315,1896.0491976727023,0.1272362466269031,1810.9934281624592,0.115765889485677,0.1139791666666666,0.1292291666666666,0.1173958333333333,0.122,0.120255272007633,0.0635341139732154,0.0305818105918683,14.795833333333334,14.522916666666667,13.529166666666669,11.76875,0.0,786.7312499999999,64.45416666666667,16.55,2024-06-26,0.115765889485677,1105.3477626506397,2570.5843340243473,2448.3809245661073,0.1677095642496369,0.12268499206838708,0.1641849920683871,-0.0035245721812497965,C1,2.621420029838437e-05,0.2722976483276337,-0.1081126562592466
194,2024-06-27,2024-06-27,4756.75,0.010251238537047,97.55978877936649,1912.5442896176085,0.1217586274715486,1813.2337029958824,0.1151987711588541,0.1043617021276595,0.1195106382978723,0.1157659574468085,0.1217234042553191,0.1132285018122234,0.0555175496218889,0.0267230796321016,15.187234042553191,14.831914893617022,13.838297872340425,12.017021276595743,2.0051,783.7958333333332,74.9875,16.372916666666665,2024-06-27,0.1151987711588541,1109.0795100066769,2592.9476909424657,2451.409674468035,0.16215995528977123,0.11551624818466374,0.15701624818466375,-0.005143707105107476,C1,3.9921153752671835e-05,0.2710522812787864,-0.11403603309412264
195,2024-06-28,2024-06-28,4721.8125,0.0103064423157176,97.03361472338337,1833.105745485684,0.1502398943921886,1742.6691476006574,0.1369514465332031,0.0992083333333333,0.1129375,0.1153125,0.1210416666666666,0.1090825408193239,0.0507875866127982,0.0244463368902175,14.541666666666666,14.435416666666669,13.7875,12.204166666666666,8.213799,782.4541666666668,83.85208333333334,14.020833333333334,2024-06-28,0.1369514465332031,1108.4097926830188,2485.248229708087,2356.009598082634,0.19109724393334887,0.11128651935001081,0.1527865193500108,-0.03831072458333806,C1,4.806306200671912e-05,0.31526281151286706,-0.16247629216285625
196,2024-06-29,2024-06-29,4578.645833333333,0.0104596371973104,95.6170060364368,1876.5497145870684,0.134119343359678,1789.3807812454718,0.1224072774251302,0.0943958333333333,0.1075833333333333,0.1141041666666666,0.1202708333333333,0.105267726443323,0.0464354156888715,0.0223514423755152,15.154166666666669,14.70625,13.745833333333332,12.21875,11.8508,785.8166666666666,70.56458333333333,17.224999999999998,2024-06-29,0.1224072774251302,1126.940891143552,2544.147749043837,2419.161606804901,0.17456356540976226,0.10739462784580854,0.14889462784580854,-0.02566893756395372,C1,3.5169242629229494e-05,0.28475131881610716,-0.13585669097029862
197,2024-06-30,2024-06-30,4612.75,0.0104406459597201,95.7936905507264,1892.750155648903,0.1282775005710395,1793.5290591544629,0.1210212707519531,0.0875531914893617,0.1009375,0.1129375,0.1197916666666666,0.1003271674139819,0.0407989271900569,0.0196383483714552,16.278260869565216,15.947916666666666,14.55,12.454166666666666,0.8039,788.1020833333333,66.52916666666667,18.616666666666667,2024-06-30,0.1210212707519531,1118.9359532721728,2566.1116305976243,2424.7698902719917,0.16884627037223326,0.10235424637056113,0.14385424637056116,-0.02499202400167211,C1,3.218036376044701e-05,0.2823228530708548,-0.13846860670029365
198,2024-07-02,2024-07-02,4429.291666666667,0.0106237086957926,94.14152439287568,1749.988859597718,0.1879724079764716,1666.0750820837825,0.1666119893391927,0.1990208333333333,0.2138125,0.1116875,0.1199583333333333,0.1769930678319174,0.1282640224132174,0.0617392105420062,15.704166666666666,15.7,15.0125,13.133333333333333,22.0334,784.2041666666668,80.59583333333333,14.845833333333331,2024-07-02,0.1666119893391927,1082.2635727858435,2372.5618263073998,2252.457897656662,0.2286363996638694,0.1805691572652216,0.2220691572652216,-0.006567242398647782,C1,4.500591007698189e-05,0.37971055629071704,-0.15764139902549543
199,2024-07-03,2024-07-03,4557.354166666667,0.0104230522926978,95.95703470763722,1806.316327491077,0.162179534444948,1742.964875710304,0.1375605265299479,0.1835652173913043,0.2015625,0.1107916666666666,0.1189791666666666,0.1671094285325446,0.1169881690317474,0.0563116380016987,14.328260869565218,14.65,14.3875,13.135416666666666,0.6459,785.025,69.76041666666667,13.970833333333331,2024-07-03,0.1375605265299479,1109.226519322528,2448.928255364017,2356.409409065522,0.20226808154335896,0.17048582213315866,0.21198582213315867,0.009717740589799712,C1,2.7603857593070963e-05,0.3150760064555399,-0.10309018432238123
200,2024-07-04,2024-07-04,4637.854166666667,0.0103912538894648,96.24302876697637,1852.3419933409232,0.1431388667671342,1797.213785746344,0.1197764078776041,0.1654583333333333,0.1832291666666666,0.109875,0.1188541666666666,0.1543929315158944,0.1024804202620462,0.0493284096658718,13.820833333333333,14.066666666666668,13.922916666666666,12.966666666666669,0.0,786.7583333333333,54.78125,13.833333333333334,2024-07-04,0.1197764078776041,1106.5532006961346,2511.327931354427,2429.7514733962093,0.18354923501905396,0.1575123922819803,0.1990123922819803,0.015463157262926353,C1,1.4338957406434133e-05,0.280143460735372,-0.08113106845339169
201,2024-07-05,2024-07-05,4667.708333333333,0.0103263791022458,96.85359411167548,1880.3889993544808,0.1323328053377646,1830.065877838141,0.1102104187011718,0.1514583333333333,0.1689375,0.1095833333333333,0.1178125,0.1445377525245906,0.0912370361210308,0.0439164660231682,12.88125,13.20625,13.28125,12.74375,0.0,788.4499999999999,57.20208333333333,12.504166666666668,2024-07-05,0.1102104187011718,1105.5026412119962,2549.3528910249006,2474.166010941637,0.17318791946850243,0.14745809248958622,0.18895809248958623,0.0157701730210838,C1,1.445057453781752e-05,0.26202337017464317,-0.07306527768505694
202,2024-07-06,2024-07-06,4842.520833333333,0.0101292929966169,98.73475379784266,1910.9169404119475,0.122028017512057,1856.213833170896,0.1034177144368489,0.1408913043478261,0.1574166666666666,0.1089583333333333,0.1169791666666666,0.1367715766764,0.0823769130887721,0.0396516925424612,12.332608695652173,12.78125,12.808333333333332,12.44375,0.0,786.3625000000001,54.06875,12.88125,2024-07-06,0.1034177144368489,1110.576227245838,2590.741398838235,2509.516859850063,0.16269775463019392,0.13953500349373338,0.1810350034937334,0.018337248863539463,C1,1.2926869349013431e-05,0.2488847478093037,-0.06784974431557031
203,2024-07-07,2024-07-07,4991.979166666667,0.0100006793653622,99.99918351915636,1945.0771529730887,0.1108757525408172,1891.376448433868,0.0946324666341145,0.1315208333333333,0.1462708333333333,0.1088958333333333,0.1164583333333333,0.1297224861580839,0.0743348843633525,0.0357807044405601,13.022916666666667,13.077083333333334,12.81875,12.23125,0.0,784.3562499999999,50.34791666666666,14.66875,2024-07-07,0.0946324666341145,1113.5550466869283,2637.054388693348,2557.055119861902,0.15182941275383854,0.13234348831197854,0.17384348831197854,0.02201407555814,C1,1.2398808698394695e-05,0.232819512879173,-0.058976024567194446
204,2024-07-08,2024-07-08,4970.625,0.0100239234786001,99.77537066131784,1960.640857059732,0.1065650324658196,1900.740529082339,0.0927543640136718,0.1208958333333333,0.1346458333333333,0.1088124999999999,0.116,0.1220575970269642,0.0655903153427882,0.0315715522737862,13.102083333333333,13.220833333333331,12.945833333333333,12.21875,0.0,785.7291666666666,55.74166666666667,13.841666666666669,2024-07-08,0.0927543640136718,1111.8401647808162,2658.155008842669,2569.714931918248,0.14715484761037256,0.12452373249955312,0.16602373249955313,0.018868884889180565,C1,1.4983570762469079e-05,0.2287720699704191,-0.06274833747086597
205,2024-07-09,2024-07-09,5038.958333333333,0.0099648291957453,100.36177523090856,1996.7942284401736,0.0960622041338164,1933.5580172973985,0.0852851867675781,0.111391304347826,0.1247291666666666,0.1085833333333333,0.1157916666666666,0.1153352265733478,0.0579210286241081,0.0278799815704585,12.869565217391305,13.152083333333332,12.879166666666668,12.204166666666666,0.0,786.5645833333333,56.13125,14.385416666666666,2024-07-09,0.0852851867675781,1110.1776455636243,2707.170240202066,2614.082686592793,0.1369035772303453,0.11766553865895095,0.15916553865895094,0.022261961428605648,C1,1.584726823049244e-05,0.21550891090019492,-0.05634337224124397
206,2024-07-10,2024-07-10,5013.895833333333,0.0099932661368767,100.07529294959257,2018.3115157173413,0.0904812082200913,1943.816832133616,0.0831820170084635,0.1045625,0.1156875,0.1083333333333333,0.1148541666666666,0.1098138359788499,0.0516218923525794,0.024847925556748,13.875,13.75625,13.1875,12.216666666666669,0.0,788.2354166666668,58.34375,15.208333333333334,2024-07-10,0.0831820170084635,1111.764617148768,2736.342479853485,2627.952138664265,0.13117428214025534,0.11203259009891238,0.1535325900989124,0.022358307958657064,C1,1.8489178740433467e-05,0.21164827304876815,-0.05811568294985575
207,2024-07-11,2024-07-11,5045.104166666667,0.009926600816726,100.74830671141837,2064.688280095405,0.0792059935705219,1986.304713352398,0.0749766031901041,0.0948125,0.1074583333333333,0.1078124999999999,0.1139375,0.1034051599904382,0.0443104872490704,0.021328619280907,14.354166666666666,14.191666666666668,13.502083333333331,12.34375,0.0,788.25,64.10416666666667,15.995833333333332,2024-07-11,0.0749766031901041,1134.4716612186685,2799.218160568584,2685.393825797745,0.11967055974220002,0.10549442882181473,0.14699442882181474,0.027323869079614718,C1,2.4962715096817264e-05,0.19651706340527295,-0.04952263458345821
208,2024-07-12,2024-07-12,5162.276595744681,0.0098196644253968,101.84860738310628,2079.501328885298,0.0755357293258998,2008.9018245701104,0.0707003275553385,0.0852978723404255,0.09675,0.1066458333333333,0.1134583333333333,0.0961925675577163,0.0360819256526519,0.0173678445655898,14.704347826086956,14.6625,13.83125,12.485416666666666,0.0,787.725,53.65416666666667,18.0625,2024-07-12,0.0707003275553385,1125.5130684769545,2819.3010736096467,2715.9440946145037,0.11621940838699478,0.09813610822074512,0.13963610822074513,0.023416699833750346,C1,1.778699685705327e-05,0.18910712946463126,-0.04947102124388614
209,2024-07-13,2024-07-13,5172.145833333333,0.0098660126432457,101.3661795737595,2087.943449249568,0.0736442202291624,2013.004577966959,0.069867451985677,0.0764166666666666,0.0871666666666666,0.1041249999999999,0.1118333333333333,0.0891626552899158,0.0280617766351392,0.013507388145665,14.995833333333332,14.870833333333332,14.102083333333333,12.55,0.0,788.8541666666666,49.225,17.741666666666667,2024-07-13,0.069867451985677,1126.4750933208309,2830.7465479048165,2721.4908310072665,0.11429759162522564,0.09096415878004352,0.13246415878004353,0.01816656715481789,C1,1.4226474632687346e-05,0.18779949406334154,-0.05533533528329801
210,2024-07-14,2024-07-14,5150.729166666667,0.0098333659475196,101.7061731212348,2097.7232278551887,0.0714648696828052,2019.9203323087595,0.0687497456868489,0.0702083333333333,0.0805833333333333,0.1020833333333333,0.1100833333333333,0.0841685191806491,0.0223641641637118,0.0107648724398425,15.960416666666667,15.61875,14.614583333333334,12.80625,0.0,789.5208333333334,48.68333333333334,19.391666666666666,2024-07-14,0.0687497456868489,1125.2124194665864,2844.0055633906454,2730.840617012084,0.11211082214395972,0.08586911771677155,0.12736911771677156,0.015258295572811845,C1,1.5157033411456343e-05,0.1856201017278587,-0.05825098401108714
211,2024-07-15,2024-07-15,5239.75,0.0097589579240619,102.47771578578045,2113.950129999004,0.0678896195420875,2019.2503284985269,0.0687522888183593,0.0640425531914893,0.0761666666666666,0.0995833333333333,0.11,0.079912143568354,0.0175082334799859,0.0084274958223052,15.876086956521736,15.810416666666669,14.93125,13.1,0.1496,788.4812499999999,54.833333333333336,18.15833333333333,2024-07-15,0.0687522888183593,1124.0581537306643,2866.0053197745183,2729.93480226817,0.1085730524194529,0.0815267433699624,0.1230267433699624,0.014453690950509496,C1,1.8866503804298768e-05,0.1858069067851858,-0.0627801634152234
212,2024-07-16,2024-07-16,5260.041666666667,0.009754485627344,102.5247675129802,2119.948456320212,0.0667679990352961,2017.935443396319,0.0691159566243489,0.05925,0.0718333333333333,0.097375,0.1081666666666666,0.0761074592538279,0.0131676195427597,0.0063381642021831,15.3875,15.420833333333334,14.875,13.199999999999998,1.5867,787.5854166666667,74.90833333333333,15.425,2024-07-16,0.0691159566243489,1128.207221932599,2874.13760014498,2728.157137284864,0.10729304619888776,0.07764518660195042,0.11914518660195042,0.011852140403062664,C1,3.749231096810572e-05,0.18624278525228238,-0.06709759865033196
213,2024-07-17,2024-07-17,5287.541666666667,0.0097042227197648,103.06178004677098,2132.4532513816944,0.0640595005990037,2045.2947641752355,0.0643959045410156,0.0567916666666666,0.0685416666666666,0.0949166666666666,0.107875,0.0735725866264237,0.0102756835643671,0.0049461460751609,14.645833333333334,14.60625,14.260416666666666,13.199999999999998,0.31,788.9583333333334,68.06666666666666,15.283333333333331,2024-07-17,0.0643959045410156,1125.7924019784266,2891.0910791605497,2765.1456972997685,0.1046711700236004,0.07505909766800567,0.11655909766800567,0.011887927644405272,C1,2.816362523455606e-05,0.17796109437744756,-0.061401996709441894
214,2024-07-18,2024-07-18,5344.145833333333,0.0096810829169233,103.30389494449116,2134.324413395843,0.0636519559998013,2044.885957475776,0.0644315083821614,0.0542553191489361,0.0662916666666666,0.0925416666666666,0.1060416666666666,0.0712237040915438,0.0075959363304426,0.0036562638809037,15.167391304347827,15.09375,14.397916666666667,13.199999999999998,0.0,788.8104166666667,59.65833333333333,16.841666666666665,2024-07-18,0.0644315083821614,1128.426303931803,2893.6279224902983,2764.5930091954237,0.10428415451863414,0.0726627566980811,0.1141627566980811,0.009878602179446958,C1,2.1694356647252515e-05,0.17808563108233227,-0.06392287438425118
215,2024-07-19,2024-07-19,5292.0625,0.0098186996234891,101.88259947665766,2100.278966034313,0.0718921775625389,1992.766738497412,0.0749562581380208,0.0514583333333333,0.0629583333333333,0.0897083333333333,0.104875,0.0683894424525089,0.0043624392633744,0.0020998371257257,16.260416666666668,16.029166666666665,15.025,13.2625,0.77129996,789.3145833333333,70.25,16.5,2024-07-19,0.0749562581380208,1156.3880836657424,2847.470526500879,2694.130190520599,0.11154621332702012,0.06977122969140934,0.11127122969140933,-0.00027498363561079264,C1,3.325981394698568e-05,0.1943376710697901,-0.08306644137838078
216,2024-07-20,2024-07-20,4954.395833333333,0.0099925327474895,100.09380889343228,2014.0588606894944,0.0915852463739777,1924.5871850583555,0.0873743693033854,0.0527083333333333,0.0608749999999999,0.08875,0.103875,0.0678919482102196,0.0037948677480384,0.0018266395709969,15.589583333333332,15.552083333333334,14.90625,13.48125,5.5271,789.1604166666666,77.58333333333333,15.6,2024-07-20,0.0873743693033854,1146.624688710119,2730.576907733304,2601.9545285387676,0.13228585714263136,0.06926368373396094,0.11076368373396094,-0.021522173408670423,C1,4.2112307356885595e-05,0.21905820698940984,-0.1082945232554489
217,2024-07-21,2024-07-21,5150.0,0.0098420210285219,101.61952087950232,2048.97674407936,0.0827286685308062,1971.166081135184,0.0777575174967448,0.0506382978723404,0.0602083333333333,0.087375,0.102,0.0664395062994635,0.0021378341863394,0.0010290352076211,15.33695652173913,15.50625,14.95625,13.5,0.0,788.0520833333334,58.65,16.5,2024-07-21,0.0777575174967448,1143.74894490519,2777.917116061997,2664.927082093293,0.12344543782862365,0.06778189568986094,0.10928189568986094,-0.01416354213876271,C1,2.033263099122935e-05,0.2016853366579894,-0.09240344096812847
218,2024-07-22,2024-07-22,5264.25,0.009716877009214,102.92740173929052,2080.133348627313,0.0753987665302241,2006.2117098718827,0.0711682637532552,0.0489166666666666,0.0584583333333333,0.0853749999999999,0.1015416666666666,0.0647540844884941,0.0002150030660628,0.0001034905916178,14.672916666666666,14.88125,14.666666666666666,13.5,0.0,787.65,59.4,15.15,2024-07-22,0.0711682637532552,1136.8301943340268,2820.1579395863378,2712.3071816309384,0.11607441658303401,0.06606242045972263,0.10756242045972263,-0.008511996123311383,C1,1.929543880547444e-05,0.1899788863988244,-0.08241646593910178
219,2024-07-23,2024-07-23,5334.395833333333,0.0096928647141814,103.17822326400658,2119.2719797901323,0.0668312191167179,2046.2514246203984,0.0642890930175781,0.0472499999999999,0.0570416666666666,0.084,0.099875,0.063232692119726,0.0015206933476058,0.0007319777205738,14.64375,14.754166666666668,14.433333333333332,13.475,0.0,787.96875,57.74166666666667,15.325,2024-07-23,0.0642890930175781,1139.1647422267158,2873.2204615112923,2766.439058804454,0.10743666842397219,0.06451028883522827,0.10601028883522827,-0.0014263795887439201,C1,1.8140651359259057e-05,0.17771202096767807,-0.0717017321324498
220,2024-07-24,2024-07-24,5243.1875,0.0097938342090364,102.11079048164704,2158.167386224904,0.0587904881511703,2064.490591869307,0.0612080891927083,0.0462083333333333,0.0560833333333333,0.0820833333333333,0.0982083333333333,0.0619642393401485,0.0029678209825389,0.0014285449734428,15.002083333333331,15.016666666666666,14.529166666666669,13.39375,0.0,789.9187499999999,63.54166666666666,15.35,2024-07-24,0.0612080891927083,1150.7791858145,2925.953229505635,2791.097585156761,0.09946944879196458,0.06321620736500623,0.10471620736500623,0.005246758573041646,C1,2.338779998311865e-05,0.17248147936251923,-0.067765271997513
221,2024-07-25,2024-07-25,5220.875,0.0097783869728672,102.27457999640002,2127.106566239354,0.0650151411977894,2040.803298059776,0.0650266011555989,0.045,0.0549166666666666,0.0812916666666666,0.09775,0.0609284285631688,0.0041495365529271,0.0019973575292031,15.714583333333332,15.416666666666666,14.645833333333334,13.4375,0.91429996,790.0375,62.13333333333333,17.275000000000002,2024-07-25,0.0650266011555989,1135.6850081926284,2883.8422666915844,2759.073438952821,0.10578460051381987,0.06215946835609162,0.10365946835609162,-0.002125132157728249,C1,2.4778571741651458e-05,0.17933099813117961,-0.075671529775088
222,2024-07-26,2024-07-26,5309.416666666667,0.0096733901846275,103.3863501152684,2136.92135334201,0.063016645788374,2034.6905493388824,0.066070556640625,0.0440833333333333,0.054,0.0797083333333333,0.0961666666666666,0.0598025829329611,0.0054339693283316,0.0026156124697216,17.14375,16.64375,15.41875,13.5875,0.46089998,787.1520833333334,58.35833333333333,18.591666666666665,2024-07-26,0.066070556640625,1152.27224457844,2897.148745235939,2750.8092801037815,0.10374927933754059,0.06101087536797303,0.10251087536797303,-0.0012384039695675642,C1,2.2616963632536137e-05,0.18113678035200828,-0.07862590498403525
223,2024-07-27,2024-07-27,5331.479166666667,0.0096614963798433,103.53632334784244,2094.399350449827,0.0722851599226638,1998.4980503318584,0.0727640787760416,0.0427234042553191,0.0530833333333333,0.078375,0.0949583333333333,0.0586015034903501,0.0068042333863531,0.0032751818453318,16.68913043478261,16.535416666666666,15.625,13.800000000000002,4.2560997,783.8104166666667,71.25,16.883333333333333,2024-07-27,0.0727640787760416,1162.2656026324355,2839.4991891905834,2701.878664010333,0.11284935067917186,0.059785528491863686,0.10128552849186369,-0.01156382218730817,C1,3.544486762271436e-05,0.19246962049651908,-0.0911840920046554
224,2024-07-28,2024-07-28,5593.9375,0.009442152864222,105.91455086330096,2155.432645853901,0.0593147226206222,2091.234176373111,0.057159423828125,0.042,0.054,0.078,0.094,0.0584544015671741,0.0069720561556411,0.003355962449993,19.2,18.5,16.0,13.8,0.1489,782.2520833333333,47.275,18.075,2024-07-28,0.057159423828125,1160.1576542512723,2922.2455826977603,2827.2536976723504,0.10001092418045736,0.05963545442045876,0.10113545442045875,0.0011245302400013923,C1,1.3213166345470727e-05,0.16525835047920467,-0.06412289605874592
228,2024-08-01,2024-08-01,5298.666666666667,0.009719996872365,102.88721970017018,2234.954502226041,0.0446996929154513,2181.0929526308287,0.0447552998860677,0.033090909090909,0.0469545454545454,0.0716818181818181,0.0879090909090909,0.0509653979437137,0.0155159643531808,0.0074685275881741,15.36818181818182,15.122727272727271,14.75681818181818,13.752272727272729,0.0,789.2958333333332,40.775,16.266666666666666,2024-08-01,0.0447552998860677,1150.2973633995955,3030.0579951887803,2948.7386850129637,0.08530553117025631,0.051995137827219984,0.09349513782721998,0.008189606656963666,C1,8.653434854759918e-06,0.14383803723903038,-0.0503428994118104
229,2024-08-02,2024-08-02,5223.020833333333,0.0097721258109318,102.344643212289,2245.16209228855,0.043045551208787,2176.8435137216666,0.0453338623046875,0.0319166666666666,0.0463333333333333,0.070875,0.0868333333333333,0.0500576996078933,0.0165515215036693,0.0079669875595628,16.29375,15.802083333333334,15.0125,13.7125,0.0,791.06875,43.1,17.783333333333335,2024-08-02,0.0453338623046875,1148.9811792905798,3043.8970195848965,2942.9936364647433,0.08356232135737944,0.05106909973116424,0.09256909973116424,0.009006778373784802,C1,1.0617521245892562e-05,0.14477206252566588,-0.05220296279450164
230,2024-08-03,2024-08-03,5344.604166666667,0.0096523340698207,103.61523967554432,2255.513481342106,0.0412426819525533,2180.9948995035534,0.0447731018066406,0.0308085106382978,0.0454468085106383,0.07,0.0857872340425531,0.0490778764178366,0.0176693630492977,0.0085050546904673,16.72553191489362,16.151063829787233,15.227659574468086,13.793617021276598,0.0,789.3166666666666,44.675,18.491666666666667,2024-08-03,0.0447731018066406,1143.898561851138,3057.9310006488495,2948.6061216349403,0.08182526869846136,0.05006947952080957,0.09156947952080956,0.009744210822348193,C1,1.1925120518873684e-05,0.14383803723903038,-0.05226855771822082
231,2024-08-04,2024-08-04,5446.145833333333,0.0096689074097315,103.46258275996728,2219.0918837691324,0.0479513538614167,2119.5485735576026,0.0536651611328125,0.02955,0.04505,0.06905,0.0848,0.0481846633548633,0.0186883945245904,0.0089955601152803,17.725,16.919999999999998,15.825,14.04,0.0,786.9895833333334,47.05833333333334,20.2,2024-08-04,0.0536651611328125,1161.1360782309405,3008.55211941721,2865.533477642308,0.08807606345023593,0.04915821936799645,0.09065821936799644,0.002582155917760509,C1,1.4614423113760689e-05,0.15803522159589006,-0.06737700222789363
232,2024-08-05,2024-08-05,5044.375,0.0099419998733598,100.603433770064,2133.9385138140115,0.0640459109185053,2024.5612437846148,0.0682690938313802,0.0293333333333333,0.0447916666666666,0.068,0.0830833333333333,0.0476360891743944,0.0193142411222318,0.0092968080734513,17.541666666666668,17.041666666666668,16.091666666666665,14.199999999999998,5.325,788.7687500000001,79.83333333333333,17.099999999999998,2024-08-05,0.0682690938313802,1174.6269765205,2893.1047359502127,2737.1149187038427,0.10436385910173789,0.0485985614182354,0.0900985614182354,-0.014265297683502487,C1,5.035022796036356e-05,0.18418792962168426,-0.09408936820344886
233,2024-08-06,2024-08-06,5161.083333333333,0.0098136291192416,101.90968635344068,2177.6802101590106,0.055160153158691,2075.2087323710666,0.0596059163411458,0.030375,0.0450416666666666,0.068,0.0822916666666666,0.0480332600813978,0.0188611245343935,0.0090787027942757,17.66875,17.20208333333333,16.279166666666665,14.41875,0.599,789.5166666666668,57.91666666666666,19.266666666666666,2024-08-06,0.0596059163411458,1165.1415581030722,2952.4079014514673,2805.5880246819634,0.09568368831975275,0.04900375703886826,0.09050375703886825,-0.005179931280884509,C1,2.2984273765201046e-05,0.169554866797728,-0.07905110975885975
234,2024-08-07,2024-08-07,5307.541666666667,0.0096855207230068,103.2646670943689,2198.587829781199,0.0512700513199159,2097.905490888708,0.0561574300130208,0.0306382978723404,0.0448333333333333,0.068,0.0815416666666666,0.0480007787142302,0.0188981812422232,0.0090965398450998,17.621739130434783,17.23333333333333,16.28333333333333,14.5,1.392,787.9208333333332,58.38333333333333,19.116666666666667,2024-08-07,0.0561574300130208,1156.1700226730725,2980.753579152503,2836.2730121258223,0.09177288700390747,0.04897061939586268,0.09047061939586268,-0.001302267608044791,C1,2.3281343508799143e-05,0.1635148366108184,-0.07304421721495571
235,2024-08-08,2024-08-08,5401.125,0.0096295559666552,103.85492628122957,2207.713554311721,0.0496304803122888,2105.252237727231,0.0550676981608072,0.0302083333333333,0.0442499999999999,0.0673333333333333,0.0799166666666666,0.0473658236691677,0.0196225763536883,0.0094452236105151,16.861702127659573,16.620833333333334,16.039583333333333,14.5,1.2890999,786.9229166666668,69.73333333333333,15.225,2024-08-08,0.0550676981608072,1172.9892232912484,2993.1258554328733,2846.205480426002,0.09011105669034615,0.0483228352832266,0.0898228352832266,-0.0002882214071195516,C1,3.0048535421669306e-05,0.16164678603754737,-0.07182395075432077
236,2024-08-09,2024-08-09,5300.166666666667,0.00975075274022,102.56280567747956,2183.9515799464143,0.0538874926502892,2076.690168459545,0.0593338012695312,0.03,0.044,0.0661666666666666,0.0785416666666666,0.0468257529110669,0.0202387217328858,0.0097418019383661,16.708333333333332,16.535416666666666,15.914583333333333,14.5,0.0,787.2270833333333,75.43333333333334,15.625,2024-08-09,0.0593338012695312,1173.0778226508846,2960.910362752662,2807.5908590399404,0.09449517513065313,0.047771852564816066,0.08927185256481605,-0.005223322565837074,C1,3.877420253304911e-05,0.1691189883306314,-0.07984713576581536
237,2024-08-10,2024-08-10,5227.604166666667,0.009791187176246,102.14844641384748,2175.443180233548,0.0555643254435821,2074.5109744629654,0.0597394307454427,0.0288510638297872,0.043125,0.066,0.0775,0.0459961933643319,0.021185133427693,0.0101973522149423,15.254347826086958,15.402083333333332,15.3,14.41875,6.3339,788.81875,78.24166666666666,14.416666666666666,2024-08-10,0.0597394307454427,1182.8797227857951,2949.375029684112,2804.6446876573264,0.0961109068050784,0.0469255320275761,0.0884255320275761,-0.007685374777502307,C1,3.992481657664446e-05,0.1697416718550551,-0.081316139827479
238,2024-08-11,2024-08-11,4801.479166666667,0.0102983930942777,97.11871501809628,1999.248916297713,0.095820386232397,1898.1395630010647,0.0935325622558593,0.0288749999999999,0.043,0.0659583333333333,0.0762916666666666,0.0458523171380838,0.0213492761268662,0.0102763614372676,15.547916666666666,15.227083333333333,14.9,14.166666666666666,8.0432,788.56875,79.18333333333334,15.141666666666666,2024-08-11,0.0935325622558593,1147.3123647409006,2710.4982035055796,2566.198543818874,0.13623654000527236,0.04677874882729397,0.08827874882729396,-0.047957791177978396,C1,4.348485775334427e-05,0.22989290031438173,-0.14161415148708778
239,2024-08-12,2024-08-12,4833.666666666667,0.0101200566932432,98.82826094544362,2044.7783412711897,0.0837986024699484,1950.754429482542,0.0817972819010416,0.0302916666666666,0.044,0.066,0.076,0.0466775280981611,0.0204078255626794,0.0098231991747435,15.6125,15.516666666666666,15.10625,14.033333333333331,2.0823998,787.7687500000001,65.925,16.591666666666665,2024-08-12,0.0817972819010416,1156.6610558217144,2772.2250968359913,2637.331455423391,0.12447480331993603,0.04762063291604647,0.08912063291604647,-0.035354170403889565,C1,2.7962999072745894e-05,0.20903300224618873,-0.11991236933014227
240,2024-08-13,2024-08-13,4898.666666666667,0.0101431777404824,98.59437072757378,2093.275973315148,0.0746776602460282,1982.566198297534,0.0774688720703125,0.030595744680851,0.044,0.066,0.076,0.0467903195069126,0.0202791463030213,0.0097612600919442,15.221739130434784,15.191666666666668,14.8625,13.800000000000002,0.8707,786.4375,83.47500000000001,14.358333333333334,2024-08-13,0.0774688720703125,1173.1238571975775,2837.9761613771952,2680.3395231127156,0.11310003974637671,0.047735703239842185,0.08923570323984219,-0.023864336506534523,C1,4.853081117765276e-05,0.19776243045412029,-0.1085267272142781
241,2024-08-16,2024-08-16,5137.458333333333,0.0098546947153956,101.4842486125208,2175.027260214916,0.0588623812001334,2096.6993105362103,0.0588709513346354,0.0314468085106382,0.0438333333333333,0.0658333333333333,0.0735416666666666,0.0468042030562468,0.0202633071103954,0.0097536359801321,14.895454545454545,14.558333333333332,14.085416666666667,13.5,0.0343,786.7354166666668,57.95,16.541666666666668,2024-08-16,0.0588709513346354,1172.9855466344625,2948.8111426892942,2834.6423110306573,0.09619052853155034,0.04774986730193702,0.08924986730193701,-0.006940661229613329,C1,1.9762653498527903e-05,0.1638261783730302,-0.0745763110710932
242,2024-08-17,2024-08-17,5179.208333333333,0.0098597467087452,101.43190664038536,2130.3214264356043,0.0644729125346539,2046.8476086600888,0.064154307047526,0.031375,0.0438333333333333,0.0658333333333333,0.072625,0.0466987848948118,0.0203835745236508,0.0098115260650415,15.474468085106382,15.220833333333331,14.654166666666669,13.5,0.0,788.0041666666666,58.525,15.55,2024-08-17,0.064154307047526,1163.811526503166,2888.200839911469,2767.245072568838,0.10511376702540946,0.0476423191996077,0.0891423191996077,-0.01597144782580176,C1,1.905654293168675e-05,0.17752521591035098,-0.08838289671074327
243,2024-08-18,2024-08-18,4917.583333333333,0.0100984031626044,99.03745057615286,2095.2835886289868,0.0720891281960276,1990.0811662933104,0.07421875,0.0315,0.0443333333333333,0.066,0.072,0.0468870577202445,0.0201687814994428,0.0097081365759624,16.713043478260868,16.177083333333332,15.11875,13.65625,3.8693998,789.7395833333334,76.675,16.183333333333334,2024-08-18,0.07421875,1181.9425350966917,2840.698002393154,2690.499418782935,0.11265241428740765,0.04783439601843888,0.08933439601843887,-0.023318018268968774,C1,4.216655599231816e-05,0.19520942800398325,-0.10587503198554438
244,2024-08-19,2024-08-19,5036.375,0.0099192128819794,100.82701429175415,2142.0857504121545,0.0621461339493983,2042.9236778439367,0.0648447672526041,0.0312340425531914,0.0444583333333333,0.066,0.0719166666666666,0.0468206571127341,0.0202445353277695,0.0097446002815942,17.145652173913046,16.572916666666668,15.525,13.825,2.1538,789.8583333333332,67.55833333333334,16.841666666666665,2024-08-19,0.0648447672526041,1171.6404957346958,2904.150419147929,2761.9400961894753,0.1026933180084643,0.04776665380747591,0.08926665380747591,-0.013426664200988397,C1,3.0387984873187584e-05,0.17870831460675596,-0.08944166079928005
245,2024-08-20,2024-08-20,5152.916666666667,0.0098458349335026,101.57635424898037,2146.3941880995144,0.0611892826060058,2046.1988686395675,0.064178466796875,0.0307916666666666,0.0436666666666666,0.0654583333333333,0.0704166666666666,0.0461546313978407,0.021004377738237,0.0101103464173848,16.408333333333335,16.308333333333334,15.68125,14.133333333333333,2.3813,790.125,73.16666666666667,15.275,2024-08-20,0.064178466796875,1175.1081780821305,2909.991619068712,2766.3680055035766,0.10182014319512912,0.047087171251868266,0.08858717125186825,-0.013232971943260868,C1,3.4641726931830624e-05,0.17771202096767807,-0.08912484971580982
246,2024-08-21,2024-08-21,5089.145833333333,0.0099400761487968,100.63537431587136,2092.2554920172256,0.0731553487213449,1985.621935699688,0.0755157470703125,0.0339583333333333,0.043375,0.06475,0.07,0.0470400917218859,0.0199941910563255,0.0096240983872058,16.210416666666667,15.9625,15.325,14.199999999999998,2.5569,789.2479166666667,74.89999999999999,15.883333333333333,2024-08-21,0.0755157470703125,1192.3869633467625,2836.5926354429403,2684.4707413985316,0.11332824556244651,0.04799052202409438,0.08949052202409437,-0.023837723538352146,C1,3.859361763465884e-05,0.19670386846260005,-0.10721334643850568
247,2024-08-22,2024-08-22,4984.770833333333,0.0100492584806157,99.52014685246206,2028.370986481804,0.0880773274753558,1919.233758825724,0.0886891682942708,0.0388085106382978,0.044,0.064875,0.06875,0.0489572756223045,0.0178069517296327,0.0085712822759084,16.045652173913044,15.997916666666669,15.44375,14.199999999999998,11.0227995,788.2354166666668,86.24166666666667,14.616666666666667,2024-08-22,0.0886891682942708,1176.2020126118396,2749.980690289925,2594.716939232689,0.12858425872502427,0.04994644202402226,0.09144644202402226,-0.03713781670100201,C1,5.4746405280791587e-05,0.22117533097245032,-0.12972888894842804
248,2024-08-23,2024-08-23,4891.729166666667,0.010158956486787,98.45063137985362,1986.7348775614792,0.0990745487214139,1881.691119152033,0.0972900390625,0.039,0.0440416666666666,0.0649583333333333,0.0684583333333333,0.0490353604653624,0.0177178678188418,0.0085284022054043,15.083333333333334,15.26875,15.10625,14.199999999999998,2.6562998,786.7687500000001,88.75,13.683333333333332,2024-08-23,0.0972900390625,1188.8538597210306,2693.532192301745,2543.960994232828,0.1396745128414829,0.050026104546847965,0.09152610454684797,-0.048148408294634945,C1,5.616439709249645e-05,0.23705376084525395,-0.14552765629840597
249,2024-08-24,2024-08-24,4672.3125,0.0103586740933268,96.55071888571436,1913.2709171285376,0.1213560385216549,1815.6562397920825,0.1144866943359375,0.0595416666666666,0.0445416666666666,0.0643333333333333,0.0680833333333333,0.0566378960451927,0.0090444355001396,0.0043534913147958,14.922916666666666,15.002083333333331,14.80625,13.858333333333334,8.528399,787.5124999999999,87.96666666666665,13.541666666666666,2024-08-24,0.1144866943359375,1172.8531569475551,2593.9328221819706,2454.6848342718417,0.16192049468431624,0.05778224697403326,0.09928224697403325,-0.062638247710283,C1,5.4024560660701964e-05,0.2697446458774967,-0.17046239890346343
250,2024-08-25,2024-08-25,4602.5,0.0104863200119205,95.37977257255818,1894.1785544833067,0.1276490522364913,1800.7892733077915,0.1187286376953125,0.0698723404255319,0.0450833333333333,0.0648333333333333,0.068,0.0607473832256647,0.0043560840218563,0.0020967780637475,14.030434782608696,14.408333333333331,14.535416666666668,13.800000000000002,3.0709999,788.7645833333332,93.50833333333333,11.625,2024-08-25,0.1187286376953125,1155.5136400031377,2568.048194095535,2434.585370308996,0.16835298625590128,0.06197476505431621,0.1034747650543162,-0.06487822120158508,C1,5.6545501091067e-05,0.27808860510477384,-0.17461384005045766
251,2024-08-26,2024-08-26,4488.604166666667,0.0105269171928816,95.0065763119398,1872.784652822718,0.1352136998383067,1795.2782165997742,0.1203180948893229,0.09,0.046375,0.0640416666666666,0.068,0.06844022430319,0.0044203742694359,0.0021277238352619,14.125,13.975,13.8875,13.61875,7.5183997,789.93125,79.21666666666667,13.058333333333332,2024-08-26,0.1203180948893229,1143.6487901512608,2539.043235511196,2427.1346717541132,0.17592543137242822,0.06982303757345905,0.11132303757345904,-0.06460239379896918,C1,3.754993368572418e-05,0.2812642910793346,-0.16994125350587555
252,2024-08-27,2024-08-27,4594.708333333333,0.0104107356206001,96.06256605708953,1913.104497564812,0.1212876117170529,1844.091936346928,0.1065394083658854,0.0815833333333333,0.0477499999999999,0.0651666666666666,0.068,0.0660080799397244,0.0016456369065755,0.0007921186435541,14.408333333333331,14.370833333333332,14.16875,13.5,0.1617,790.2583333333333,68.58333333333333,13.166666666666666,2024-08-27,0.1065394083658854,1138.4129775201925,2593.7071974862015,2493.1286054854545,0.16197530182942887,0.06734175249581183,0.10884175249581182,-0.05313354933361705,C1,2.478667535302467e-05,0.25486250964377094,-0.14602075714795912
253,2024-08-28,2024-08-28,4788.770833333333,0.0101680510513111,98.36859729851174,1938.88264156786,0.1132831466547,1867.671836113833,0.1006876627604166,0.0738723404255319,0.0487499999999999,0.0653333333333333,0.068,0.0635011207179809,0.0012144537707014,0.0005845709157733,14.27608695652174,14.36875,14.191666666666668,13.5,0.0,787.6208333333334,66.95,13.533333333333331,2024-08-28,0.1006876627604166,1140.3195414157392,2628.656128777539,2525.007559817746,0.15373664820924016,0.06478414094913594,0.10628414094913594,-0.04745250726010422,C1,2.3808187929574e-05,0.24346740114681775,-0.13718326019768182
254,2024-08-29,2024-08-29,4928.75,0.0100804671623487,99.20755238445108,2009.8065608066884,0.0928182345200754,1932.7156873855165,0.0855967203776041,0.067125,0.0499583333333333,0.065875,0.06775,0.0614812442864229,0.0035188509467881,0.0016937803398196,14.94255319148936,14.816666666666668,14.402083333333332,13.5,0.0,786.2916666666666,64.675,14.15,2024-08-29,0.0855967203776041,1156.5220021045031,2724.811817103941,2612.9438947803146,0.13340742199026218,0.06272345354767975,0.10422345354767974,-0.029183968442582434,C1,2.2623468134761834e-05,0.21588252101484912,-0.11165906746716937
255,2024-08-30,2024-08-30,4897.791666666667,0.0100899331683449,99.12341650068316,2023.2085256540583,0.0891952889275297,1960.0899068392216,0.0799090067545573,0.0612916666666666,0.050125,0.0654583333333333,0.066,0.0591247118532477,0.006207325647281,0.0029878634540685,14.11304347826087,14.21875,14.15625,13.5,0.0,789.6520833333334,69.74166666666666,12.0,2024-08-30,0.0799090067545573,1143.8121912531665,2742.981641454533,2649.95259712737,0.1299065987196747,0.060319308115663724,0.10181930811566371,-0.02808729060401098,C1,2.3691655243263172e-05,0.20560824286185855,-0.10378893474619484
256,2024-08-31,2024-08-31,4947.166666666667,0.0100620480084011,99.39152362066469,2034.160154217345,0.0864399781955648,1974.456170815133,0.0770823160807291,0.0556595744680851,0.0504999999999999,0.0655833333333333,0.066,0.0571823209132438,0.0084233226890154,0.0040545219397921,14.377272727272729,14.447916666666666,14.191666666666668,13.46875,0.8142,790.09375,58.78333333333333,12.691666666666668,2024-08-31,0.0770823160807291,1140.53586024985,2757.8294021832066,2669.37513402282,0.12711827354860333,0.05833767177582027,0.09983767177582027,-0.02728060177278306,C1,1.5731917651869852e-05,0.2005645063140268,-0.10072683453820654
257,2024-09-01,2024-09-01,5042.5,0.0099285017201615,100.73421692942526,2089.97587423475,0.073270583788756,2020.242424795772,0.0687103271484375,0.0515833333333333,0.0508333333333333,0.066,0.066,0.0558703516396159,0.009920096571826,0.004774986152172,15.243478260869566,15.079166666666666,14.464583333333332,13.41875,0.0,789.5541666666667,57.0,14.341666666666669,2024-09-01,0.0687103271484375,1148.4265732253202,2833.5020248372725,2731.2760714366464,0.11383967964319909,0.05699919457443162,0.09849919457443161,-0.015340485068767479,C1,1.6425430536039938e-05,0.18549556502297396,-0.08699637044854235
258,2024-09-02,2024-09-02,5121.145833333333,0.009870105113546,101.32372278258408,2100.175730422,0.0708136236797194,2025.341032504236,0.0676829020182291,0.047375,0.0500833333333333,0.066,0.066,0.0540728812227555,0.0119707595173398,0.0057620619428867,15.197826086956525,15.058333333333332,14.56875,13.5,0.0,789.7020833333332,60.3,13.65,2024-09-02,0.0676829020182291,1137.0930090084994,2847.3305639682344,2738.16915766276,0.11156896552852429,0.05516540683145698,0.09666540683145698,-0.014903558697067304,C1,1.8083257309737356e-05,0.1839388562119148,-0.08727344938045782
259,2024-09-03,2024-09-03,5178.458333333333,0.0098025532656573,102.0269096726823,2127.4334954048704,0.0651740573019729,2051.0375724013675,0.0635031842170877,0.0435744680851063,0.0490833333333333,0.066,0.066,0.0523478506586037,0.0139387786984085,0.0067093575935662,14.488888888888887,14.65625,14.475,13.5,0.0,788.4916666666667,69.625,12.858333333333334,2024-09-03,0.0635031842170877,1142.4153929683723,2884.285503603498,2772.9097133893074,0.1057161946545535,0.05340552256569893,0.09490552256569892,-0.01081067208885457,C1,2.526527258121846e-05,0.176342117213946,-0.08143659464824707
260,2024-09-04,2024-09-04,5217.666666666667,0.0098312407741587,101.72530168817867,2146.415297385789,0.061313018799907,2067.373846655589,0.060882568359375,0.0405,0.04775,0.06575,0.066,0.0507300815325228,0.0157844275447716,0.0075977509291902,13.669999999999998,13.745,13.9425,13.455000000000002,0.0,789.0812500000001,67.43333333333334,12.316666666666668,2024-09-04,0.060882568359375,1147.1873542937103,2910.02023815764,2794.9956147738867,0.10181588229919943,0.05175506692173249,0.09325506692173248,-0.008560815377466946,C1,2.2108249980401907e-05,0.17167199078076847,-0.078416923859036
261,2024-09-05,2024-09-05,4998.583333333333,0.0100224670863861,99.78442351274688,2164.747254014625,0.0576679701519632,2084.031005714508,0.0583267211914062,0.0388333333333333,0.0471666666666666,0.0655416666666666,0.0658333333333333,0.0498661524332882,0.0167700501034149,0.0080721751482201,14.64375,14.325,13.939583333333331,13.199999999999998,1.5774,791.5354166666666,70.95833333333333,12.583333333333334,2024-09-05,0.0583267211914062,1148.9778247661582,2934.873939517258,2817.5153378513473,0.09817775034934544,0.05087368240596242,0.09237368240596242,-0.005804067943383021,C1,2.6106718754264037e-05,0.16718866940491803,-0.07481498699895561
262,2024-09-06,2024-09-06,4966.145833333333,0.0100242704676024,99.76933673616531,2175.9001453444475,0.0554936539198737,2102.2147311604904,0.0555394490559895,0.0368085106382978,0.0457916666666666,0.0649583333333333,0.0642916666666666,0.048416150949898,0.018424299478001,0.0088684393578168,14.125,14.102083333333333,13.904166666666669,13.199999999999998,0.0,792.28125,67.73333333333333,11.908333333333331,2024-09-06,0.0555394490559895,1148.4771922507373,2949.9945639012176,2842.098909402275,0.0960234967914771,0.04939438409729796,0.09089438409729796,-0.00512911269417915,C1,2.1643254873286694e-05,0.16239400626685577,-0.07149962216955781
263,2024-09-07,2024-09-07,5059.583333333333,0.0099245252534773,100.77216853551712,2193.743384084011,0.0521642739085182,2113.298271124183,0.0538902282714843,0.0347916666666666,0.0449166666666666,0.0646666666666666,0.064,0.0473006392938071,0.0196969426308323,0.009481019425705,14.514893617021276,14.372916666666669,13.989583333333334,13.199999999999998,0.0,789.5666666666666,68.27499999999999,12.183333333333332,2024-09-07,0.0538902282714843,1156.615891174536,2974.1856819526256,2857.083352416684,0.09266606884188143,0.04825633387800264,0.08975633387800264,-0.0029097349638787934,C1,2.2645355029449315e-05,0.15959193040694925,-0.06983559652894661
264,2024-09-08,2024-09-08,5186.354166666667,0.0098117894235548,101.928855042806,2215.949299922809,0.0481119824536921,2138.792227703048,0.0503425598144531,0.0329583333333333,0.04375,0.064,0.064,0.0461008669396225,0.0210657154833367,0.0101398710174062,13.772340425531914,13.908333333333331,13.84375,13.199999999999998,0.0,787.3583333333332,70.39999999999999,11.691666666666668,2024-09-08,0.0503425598144531,1164.6843634097302,3004.2915354547094,2891.5500246909974,0.08863406151351345,0.047032320499631464,0.08853232049963146,-0.00010174101388199519,C1,2.3712024862213287e-05,0.15336509516271252,-0.06483277466308106
265,2024-09-09,2024-09-09,5163.083333333333,0.0098549077468903,101.48051552054407,2234.0070933434463,0.0449597426007442,2160.254661879955,0.0474599202473958,0.0314468085106382,0.0430833333333333,0.0639583333333333,0.064,0.0453205040205811,0.0219560006903257,0.0105684051051619,13.65227272727273,13.5875,13.402083333333332,12.925,0.2528,787.4979166666667,64.36666666666666,12.375,2024-09-09,0.0474599202473958,1176.8535164152097,3028.77353778414,2920.566261644885,0.08546887924294728,0.04623619059252035,0.08773619059252034,0.002267311349573059,C1,1.9528632577754525e-05,0.14844589531976554,-0.0607097047272452
266,2024-09-10,2024-09-10,5192.5,0.0097976396637693,102.07766025335096,2225.8469611651653,0.04634045334907,2149.737352901422,0.0488446553548177,0.030625,0.0426666666666666,0.063875,0.063875,0.0448545668901706,0.0224875699441555,0.0108242731612418,14.272340425531914,14.102083333333333,13.733333333333334,12.9,0.0,786.4270833333334,63.78333333333333,12.741666666666667,2024-09-10,0.0488446553548177,1160.5396897657083,3017.710371297319,2906.347337224526,0.0868869209309782,0.04576083934850046,0.08726083934850046,0.00037391841752225374,C1,1.9614711432314114e-05,0.15081209271257548,-0.06355125336407502
267,2024-09-11,2024-09-11,5368.1875,0.0095835175623418,104.36715694841187,2213.2980296422443,0.0484554887319634,2140.620688548297,0.0500055948893229,0.0292083333333333,0.0420833333333333,0.063125,0.062,0.0438131438099766,0.0236756883694295,0.0113961676974237,14.166666666666666,13.86875,13.583333333333334,12.9,2.1608,782.8270833333332,61.35833333333333,13.141666666666666,2024-09-11,0.0500055948893229,1159.1254243441797,3000.697053910217,2894.022020770721,0.08910721215808,0.04469837464154502,0.08619837464154502,-0.002908837516534979,C1,1.8229347266128364e-05,0.15299148504805832,-0.0667931104065133
268,2024-09-12,2024-09-12,5729.583333333333,0.0093076293044279,107.44893684261108,2220.26650341544,0.0476469764203836,2164.243879825873,0.0471725463867187,0.0285531914893617,0.0412916666666666,0.0622916666666666,0.062,0.0431306647618412,0.024454301737401,0.0117709491345842,14.724444444444446,14.15625,13.552083333333334,12.9,0.3557,776.5208333333334,43.8,15.691666666666668,2024-09-12,0.0471725463867187,1149.9600612909549,3010.14461968827,2925.959503260694,0.08786828198421913,0.04400210631825673,0.08550210631825673,-0.0023661756659623945,C1,9.696265766686978e-06,0.14751187003313004,-0.06200976371487331
269,2024-09-15,2024-09-15,5509.4375,0.0095496304616165,104.7250339824986,2265.0695562485816,0.039668717283973,2197.566013292467,0.0427525838216145,0.0228936170212765,0.03875,0.0607083333333333,0.062,0.0398692483680225,0.0281751227789939,0.013561946714061,12.56304347826087,13.079166666666666,13.360416666666666,12.9,0.0,784.34375,60.175,9.575,2024-09-15,0.0427525838216145,1151.4515667514677,3070.8867279999654,2971.0095154124415,0.0802484395908077,0.04067479402892976,0.08217479402892976,0.0019263544381220576,C1,1.261577125891119e-05,0.14028874114981543,-0.058113947120885676
270,2024-09-16,2024-09-16,5466.291666666667,0.0095898798508734,104.28477703216578,2244.5035721440686,0.0431417433473126,2158.435163255184,0.0477587381998697,0.0225416666666666,0.0382916666666666,0.06,0.0602083333333333,0.0392788271325128,0.0288487110275389,0.0138861748640371,12.222916666666668,12.1375,12.4375,12.55625,1.7155,782.6520833333334,75.19166666666666,10.3,2024-09-16,0.0477587381998697,1162.446865995459,3043.004225469047,2918.1063820805043,0.08367386460993569,0.040072443517503394,0.08157244351750338,-0.002101421092432304,C1,2.5317357382404555e-05,0.14881950543441974,-0.06724706191691636
271,2024-09-17,2024-09-17,5133.625,0.0099609202951458,100.4267412485877,2074.4416166248843,0.0777238077815133,1986.352547535248,0.0755882263183593,0.03275,0.0429583333333333,0.06,0.06,0.0445189018664789,0.0228705169010195,0.0110086026587222,11.897916666666667,12.172916666666666,12.40625,12.300000000000002,1.7513,780.1437500000001,97.50833333333333,9.091666666666669,2024-09-17,0.0755882263183593,1180.4971522500878,2812.4413269916504,2685.458495442047,0.11738675042798748,0.04541839231826434,0.08691839231826433,-0.030468358109723148,C1,5.081307072277595e-05,0.1964547950528306,-0.10953640273456626
272,2024-09-18,2024-09-18,4914.239130434783,0.0100547165264357,99.46079417262212,2039.4707535157736,0.0849731842435934,1988.3082380064448,0.0743232889378324,0.0821304347826087,0.0692765957446808,0.06,0.06,0.0711337567067087,0.0074933189146582,0.0036068695291658,10.013636363636364,10.408510638297871,11.331914893617022,12.131914893617022,10.4794,779.9468085106383,67.30212765957447,8.353191489361702,2024-09-18,0.0743232889378324,1162.9398716672997,2765.029290971735,2688.1025002018505,0.12578890855399905,0.07257099195454149,0.11407099195454148,-0.011717916599457562,C1,1.4912276605339172e-05,0.1958321115284069,-0.08176111957386542
273,2024-09-19,2024-09-19,4973.979166666667,0.0100168708406913,99.84232548094712,2079.03955517403,0.0756856384078097,2024.5918032132297,0.0679092407226562,0.0796666666666666,0.0689166666666666,0.06,0.06,0.0701063867247006,0.0063212331135927,0.0030426922120679,10.425531914893616,10.616666666666667,11.102083333333333,11.6,0.0,782.7916666666666,65.55833333333334,8.700000000000001,2024-09-19,0.0679092407226562,1157.830659523726,2818.675020092941,2737.156233664418,0.11632545909726073,0.07152286428421398,0.11302286428421397,-0.003302594813046761,C1,1.4438371718039707e-05,0.18418792962168426,-0.07116506533747029
274,2024-09-20,2024-09-20,5059.729166666667,0.0099118280491187,100.90419248483624,2104.7030463293663,0.0698929705402955,2045.6771454364507,0.0643196105957031,0.0765416666666666,0.0686666666666666,0.06,0.06,0.0688684074407485,0.004908871485217,0.0023628593930501,11.78125,11.695833333333333,11.547916666666666,11.54375,1.1310999,782.15,61.0,11.416666666666666,2024-09-20,0.0643196105957031,1159.5933354093652,2853.468509840599,2765.662659410901,0.11057546126810854,0.07025987201704044,0.11175987201704043,0.0011844107489318995,C1,1.55923786517145e-05,0.17789882602500517,-0.06613895400796474
275,2024-09-21,2024-09-21,5143.458333333333,0.0100356560262499,99.76069126944344,2065.424469481954,0.0818650781461231,2002.998362295992,0.0744565327962239,0.0742083333333333,0.068125,0.0610416666666666,0.0604166666666666,0.0681052441659427,0.0040382086724433,0.0019437704412336,10.87659574468085,11.352083333333333,11.714583333333332,11.6,0.0,781.3333333333334,70.19166666666666,8.091666666666667,2024-09-21,0.0744565327962239,1165.469110063775,2800.2162553998055,2707.9628815432266,0.11949661096107804,0.06948128926758317,0.11098128926758316,-0.008515321693494879,C1,1.62719694133961e-05,0.1909751800379023,-0.07999389077031913
276,2024-09-22,2024-09-22,4471.875,0.0105486667310603,94.8109116415206,1903.072816476512,0.1248438622047202,1834.4733898312315,0.1092503865559895,0.1665,0.157375,0.112375,0.101125,0.1456732751856101,0.0925325090383604,0.044540035077761,10.04375,10.18125,10.78125,11.43125,20.355299,784.4479166666666,90.25833333333333,7.066666666666666,2024-09-22,0.1092503865559895,1131.3887871710049,2580.1066631323647,2480.124767125324,0.16531959916822458,0.14861655802988957,0.19011655802988958,0.024796958861664997,C1,3.0626280348332935e-05,0.25971944113427553,-0.06960288310438595
277,2024-09-23,2024-09-23,4588.083333333333,0.0104071981498715,96.10004019368084,1942.8910761276968,0.1118422918880068,1879.978598833058,0.0974973042805989,0.1512083333333333,0.1595416666666666,0.1061666666666666,0.094125,0.1386682865884777,0.0845407944514931,0.0406932654210238,10.748936170212763,10.6375,10.7625,11.11875,1.3776,784.9499999999999,80.25833333333334,7.774999999999999,2024-09-23,0.0974973042805989,1139.1361719618485,2634.0905969844434,2541.6457444827697,0.15249938771956706,0.14147003583480627,0.18297003583480628,0.030470648115239224,C1,2.326856336755934e-05,0.2378632494270047,-0.054893213592198425
278,2024-09-24,2024-09-24,4696.458333333333,0.0103009902382285,97.08477179852328,1956.2927131029392,0.1074897160380583,1894.7371364269684,0.093823750813802,0.143,0.1539583333333333,0.1034166666666666,0.0920833333333333,0.1330611519737807,0.0781438362167363,0.0376141233213654,11.53404255319149,11.397916666666667,11.266666666666666,11.0625,0.0,785.4083333333333,73.97500000000001,9.458333333333334,2024-09-24,0.093823750813802,1124.9091283754194,2652.2599768196947,2561.5986175067687,0.14844424617620666,0.13574961082352846,0.17724961082352847,0.028805364647321807,C1,2.215362883891597e-05,0.23132507242055617,-0.054075461597027696
279,2024-09-25,2024-09-25,4787.895833333333,0.0101950874227576,98.09594054546294,2001.04434855769,0.0949987748013921,1936.184976168864,0.0847638448079427,0.1360833333333333,0.1457916666666666,0.101875,0.0905416666666666,0.1274368627335112,0.0717273069477775,0.0345255608076392,11.953191489361702,11.810416666666669,11.55625,11.2125,0.0,786.4125,70.325,11.025,2024-09-25,0.0847638448079427,1126.4233053827647,2712.9323755966643,2617.6342157648464,0.13575088154945003,0.13001168458284787,0.17151168458284788,0.03576080303339785,C1,2.2291688816319474e-05,0.21451261726111703,-0.043000932678269155
280,2024-09-26,2024-09-26,4850.666666666667,0.0101611701342371,98.4220358650922,2034.0923827008664,0.0864352240953905,1967.6208404509523,0.0784187316894531,0.1295833333333333,0.1389166666666666,0.1010416666666666,0.0898333333333333,0.1226073885729273,0.0662175507846001,0.0318734687447719,12.525,12.354166666666666,12.020833333333334,11.2875,0.0,785.5458333333332,65.425,12.1,2024-09-26,0.0784187316894531,1147.644393533579,2757.7375203909164,2660.134077585775,0.12713533317822484,0.12508463241129644,0.16658463241129645,0.03944929923307161,C1,1.996851571641498e-05,0.20293070370683677,-0.03634607129554032
281,2024-09-27,2024-09-27,4871.270833333333,0.0101257432408395,98.76564102566,2045.9808621106688,0.0834537210509066,1981.151497948204,0.0757624308268229,0.1229166666666666,0.131875,0.0994166666666666,0.0880416666666666,0.117390075375276,0.0602653243951104,0.0290083959726855,12.6625,12.497916666666669,12.2125,11.5,0.0,787.1395833333332,63.2,12.041666666666666,2024-09-27,0.0757624308268229,1125.2700621550946,2773.855424379758,2678.426912445326,0.12417906183249737,0.11976190503655387,0.16126190503655388,0.03708284320405651,C1,1.808126511791991e-05,0.19826057727365923,-0.036998672237105346
282,2024-09-28,2024-09-28,4887.020833333333,0.0101018910878755,99.00236920162467,2076.9507252191484,0.076225837853715,2009.9842750371663,0.070532480875651,0.1152083333333333,0.1250416666666666,0.0981666666666666,0.088,0.1120879022097309,0.0542162846227216,0.0260967225894719,12.991489361702127,12.739583333333334,12.3125,11.59375,0.0,788.4270833333334,65.35833333333333,12.05,2024-09-28,0.070532480875651,1134.9851627464157,2815.843071657716,2717.4075185199213,0.11680639654426796,0.11435260312487697,0.15585260312487698,0.03904620658060902,C1,1.9830212378884175e-05,0.18873351934997706,-0.03288091622510009
283,2024-09-29,2024-09-29,4971.729166666667,0.0099996827664491,100.01444812372428,2089.137761964796,0.0734255879464653,2022.92539582201,0.0682538350423177,0.1087916666666666,0.1182916666666666,0.097125,0.0860833333333333,0.1071774388691298,0.0486141311055233,0.0234001555476815,13.391489361702128,13.141666666666666,12.683333333333332,11.725,0.0,787.7020833333332,62.35833333333333,12.85,2024-09-29,0.0682538350423177,1128.1226589117912,2832.365747216448,2734.903326499891,0.11402828729734167,0.10934292541232302,0.15084292541232303,0.036814638114981355,C1,1.8610909624234157e-05,0.1846860764412232,-0.033843151028900176
284,2024-09-30,2024-09-30,5130.0,0.009842786674783,101.59724405711012,2164.297516323556,0.0574256517693488,2097.0476048052874,0.056060791015625,0.106,0.114,0.096,0.086,0.1045252913795941,0.0455884008727399,0.0219437362621292,16.7,15.7,13.5,11.6,0.0,785.0,39.2,18.2,2024-09-30,0.056060791015625,1131.6888651338113,2934.2642039341827,2835.1131890754273,0.09826554307081616,0.10663719211443294,0.14813719211443294,0.04987164904361678,C1,8.943844925883521e-06,0.16376391002058785,-0.015626717906154913
