,date,Date (aggregated based on UTC),Raw_Moderated_cph,Raw_Mod_Coeff_of_Var,Raw_Mod_sqrt,Corrected_Mod_cph_for_Des,SWC_Des_cm3_cm3,Corrected_Mod_cph_for_UTS,SWC_UTS_cm3_cm3,SWC_5,SWC_10,WeightedTDR_SWC,WeightedTDR_SD,WeightedTDR_SE,sT_5,sT_10,PRISM_ppt_mm,BaroPress,airRH,airT,date.1,CRNS,Bare,scaled_stationary_N_Des,scaled_stationary_N_UTS,theta_pred_tot_g_Des,TDR_pore_swc_g,TDR_tot_swc_g,TDR_tot_swc_g_resid_Des,NewName,Rhov_cal_g_cm3,theta_pred_tot_g_UTS,TDR_tot_swc_g_resid_UTS
2,2023-07-01,2023-07-01,4792.520833333333,0.0102050838693944,98.0051582635482,2032.456464538013,0.1530168605748637,1963.545168947108,0.1329757690429687,0.0668958333333333,0.0472291666666666,0.0577342719366198,0.0,0.0,12.535416666666668,12.166666666666666,0.0,793.75,73.09375,12.125,2023-07-01,0.1329757690429687,1002.4202481571858,2717.936411799485,2641.6608589674856,0.24305595249288536,0.06603394249027215,0.13653394249027215,-0.10652201000261322,C3,2.7417789759297038e-05,0.20784989616175728,-0.07131595367148513
3,2023-07-02,2023-07-02,4870.354166666667,0.010118640138072,98.83467477209872,2051.388890532668,0.1447907854742781,1975.6974615904903,0.1284271240234375,0.0660833333333333,0.0472916666666666,0.0573293837784227,0.0004962716192326,0.0002869688126043,13.2875,12.714583333333332,0.0063,793.1020833333333,68.33749999999999,13.660416666666668,2023-07-02,0.1284271240234375,1013.2606856475204,2743.2541152152226,2658.009979084725,0.23443515276517285,0.065570849071813,0.136070849071813,-0.09836430369335986,C3,2.5456500538036005e-05,0.203521716460599,-0.067450867388786
4,2023-07-03,2023-07-03,4915.979166666667,0.0101046336323875,98.96993363932836,2055.938255085551,0.1429907205554435,1985.3925365154369,0.1252370981069711,0.0654583333333333,0.0472291666666666,0.0569664199624389,0.0009411565511191,0.0005442232992631,13.620833333333332,12.891666666666666,1.37,792.2833333333333,64.72916666666667,14.5,2023-07-03,0.1252370981069711,1015.6575297363152,2749.3378290780147,2671.053274629447,0.2324251236406062,0.06515570688768646,0.13565570688768647,-0.09676941675291972,C3,2.3236284365793075e-05,0.20010105830968358,-0.06444535142199712
5,2023-07-04,2023-07-04,4926.458333333333,0.010052997163221,99.47824443032518,2061.7774454327373,0.140893860797745,1970.0690705155864,0.1302842360276442,0.0648333333333333,0.0469166666666666,0.0564869956202257,0.0015287872086052,0.0008840204294909,14.189583333333331,13.464583333333332,0.0,790.6708333333332,64.825,15.710416666666667,2023-07-04,0.1302842360276442,1022.9129446826544,2757.1463840640386,2650.437807770984,0.22987885501299027,0.06460736223242006,0.13510736223242004,-0.09477149278057023,C3,2.5278281071774556e-05,0.2054763782611221,-0.07036901602870207
6,2023-07-05,2023-07-05,4942.395833333333,0.0100463392962114,99.5504539217784,2066.326975923316,0.1394667959981098,1988.57936089984,0.1244931104706554,0.0639375,0.046875,0.0559890690848428,0.0021390960135692,0.0012369311870178,13.958333333333334,13.341666666666669,0.8857,790.7916666666666,66.66875,15.116666666666667,2023-07-05,0.1244931104706554,1018.9505867748244,2763.23031982979,2675.340677523873,0.22792068395678639,0.06403785557547371,0.1345378555754737,-0.09338282838131268,C3,2.6283247846900022e-05,0.19905391805940334,-0.06451606248392963
7,2023-07-06,2023-07-06,5065.375,0.0098949735353149,101.0856717533501,2086.175929241856,0.1319600431611442,2022.818211995056,0.1140181378620426,0.0632708333333333,0.0464166666666666,0.0554194528567006,0.002837274911021,0.0016406527810452,14.289583333333333,13.51875,0.0,790.5333333333333,61.10625,15.472916666666668,2023-07-06,0.1140181378620426,1021.5302421612716,2789.7736647436163,2721.4040094118523,0.21963131129298907,0.06338635337428618,0.13388635337428617,-0.0857449579187029,C3,2.1229888036658483e-05,0.18781461270639552,-0.053928259332109346
8,2023-07-07,2023-07-07,5166.854166666667,0.0098369663341994,101.67488754264976,2087.948620213765,0.1314799916880693,2022.5324553822568,0.1141023181733631,0.0620833333333333,0.0458333333333333,0.0545133991284217,0.003947825421678,0.0022828280516625,14.30625,13.658333333333331,0.0,788.8458333333333,55.14791666666667,15.295833333333334,2023-07-07,0.1141023181733631,1017.5899819994796,2792.144225404317,2721.0195659719147,0.2189104471673669,0.06235004863224411,0.1328500486322441,-0.08606039853512282,C3,1.612018273353028e-05,0.18788442205641417,-0.055034373424170085
9,2023-07-08,2023-07-08,5196.083333333333,0.0098039565551938,102.01619489429204,2097.1943822229377,0.1283238964788713,2037.5450655887785,0.1098789122046493,0.0608125,0.0453333333333333,0.0536016524176291,0.0050653538238667,0.0029290382845258,14.45625,13.76875,0.0,788.2041666666668,54.06458333333333,15.533333333333331,2023-07-08,0.1098789122046493,1024.7083996763756,2804.508275339957,2741.2168221393244,0.2152004449488561,0.06130723250506981,0.13180723250506982,-0.08339321244378628,C3,1.558538775944003e-05,0.18327700495518115,-0.051469772450111334
10,2023-07-09,2023-07-09,5220.4375,0.0098110548538335,101.93010422832884,2132.0543502264286,0.1160129100835975,2073.578983048892,0.0994129669971955,0.0592708333333333,0.044625,0.0524481875050604,0.0064791563475992,0.0037465688781953,14.060416666666669,13.602083333333333,0.0,790.3791666666666,52.45625,14.229166666666666,2023-07-09,0.0994129669971955,1025.111222354857,2851.1253507873216,2789.695151466828,0.20192394819319187,0.05998794963986412,0.1304879496398641,-0.07143599855332777,C3,1.326313522177284e-05,0.17280560245237883,-0.04231765281251473
11,2023-07-10,2023-07-10,5163.708333333333,0.0098642106751089,101.38154198833868,2122.982084806424,0.1188810787366516,2052.903683098519,0.1049346923828125,0.058125,0.0442708333333333,0.0516711458381202,0.0074315767097575,0.00429730547049,14.760416666666666,13.975,0.0,791.4250000000001,52.18541666666667,16.193749999999998,2023-07-10,0.1049346923828125,1026.9845275561026,2838.9933120682813,2761.879580177679,0.20527528463308786,0.05909920326745635,0.12959920326745633,-0.07567608136563153,C3,1.490707371827267e-05,0.17866958785394813,-0.049070384586491794
12,2023-07-11,2023-07-11,5124.5,0.0098802860669005,101.2193780559767,2140.2753413369087,0.1134793409230078,2064.268017283017,0.1020060694494912,0.0569583333333333,0.0436041666666666,0.0507374002239124,0.0085760691789315,0.0049591076614381,15.204166666666666,14.310416666666669,0.0,792.4729166666666,55.80416666666667,16.852083333333333,2023-07-11,0.1020060694494912,1030.5503847750988,2862.1190086934616,2777.168618228946,0.1989470808404069,0.0580312257539124,0.1285312257539124,-0.0704158550864945,C3,1.8293717785867472e-05,0.17538854840307005,-0.04685732264915765
13,2023-07-12,2023-07-12,5117.145833333333,0.0098570600378503,101.45884916492324,2159.5633329835027,0.1074139862359894,2066.779777556681,0.10120849609375,0.0562083333333333,0.0431041666666666,0.0501038607501418,0.0093525988307147,0.0054081355394958,15.733333333333334,14.722916666666668,0.0,792.2624999999999,59.13958333333333,17.83125,2023-07-12,0.10120849609375,1031.1377133764115,2887.912198226148,2780.5478217771924,0.1921775781033861,0.05730661093202271,0.1278066109320227,-0.0643709671713634,C3,2.2452031413054437e-05,0.17469045490288324,-0.04688384397086054
14,2023-07-13,2023-07-13,5232.958333333333,0.0097580225949236,102.48788489271269,2160.459873081423,0.1073582429637178,2075.94126094742,0.0989090768914473,0.0551666666666666,0.0423749999999999,0.0492077697412619,0.0104509380311914,0.0060432496261828,15.633333333333333,14.797916666666666,0.0,791.6062499999999,60.49166666666667,17.077083333333334,2023-07-13,0.0989090768914473,1027.7512473828067,2889.1111114719133,2792.8732484931834,0.19187001270205506,0.056281701113962045,0.12678170111396203,-0.06508831158809303,C3,2.2813201156792405e-05,0.17210750895219198,-0.04532580783822995
15,2023-07-14,2023-07-14,5287.4375,0.0097275452919455,102.80845331808196,2147.586248717407,0.1111725473086339,2078.2873522328355,0.0983003315172697,0.0539166666666666,0.041875,0.0483071513199501,0.0115548264833638,0.0066815725648539,15.439583333333331,14.658333333333331,0.0,792.0124999999999,59.92083333333333,16.160416666666666,2023-07-14,0.0983003315172697,1024.1753366940936,2871.895641905267,2796.0295688153537,0.19634635059412214,0.05525161303899905,0.12575161303899904,-0.0705947375551231,C3,2.105738279095643e-05,0.17147922480202385,-0.04572761176302481
16,2023-07-15,2023-07-15,5166.541666666667,0.0098663371314079,101.36250571070455,2168.505605008132,0.1054581281461735,2099.2044044837576,0.0932803270293445,0.0526875,0.0412708333333333,0.047369135968857,0.0127045523711866,0.0073464009774864,14.995833333333332,14.445833333333333,0.0,794.0729166666666,55.06875,14.741666666666667,2023-07-15,0.0932803270293445,1036.9216469102737,2899.8704011023315,2824.170382222701,0.18913717827749804,0.0541787519866059,0.12467875198660588,-0.06445842629089216,C3,1.5480646673081783e-05,0.1658944768005293,-0.04121572481392341
17,2023-07-16,2023-07-16,5138.1875,0.0099019121947294,100.99841624595622,2178.191328726249,0.1020851354200818,2112.113120632924,0.0899672735305059,0.0517291666666666,0.040625,0.0465563782933104,0.0137007498630651,0.0079224516728815,15.054166666666667,14.308333333333332,0.0,795.5479166666668,56.75,15.322916666666666,2023-07-16,0.0899672735305059,1033.5588211063337,2912.8227971941633,2841.5371587705813,0.18591118309108057,0.05324915520110405,0.12374915520110405,-0.06216202788997652,C3,1.7354412558473312e-05,0.16254362799963254,-0.03879447279852849
18,2023-07-17,2023-07-17,5083.75,0.0098855684730011,101.1701877117992,2202.1577867010374,0.09546571050988,2126.143645034116,0.0867724296374198,0.0507499999999999,0.0403125,0.0458877730299221,0.014520259670827,0.008396332804377,15.745833333333332,14.65,0.0,794.9208333333332,54.33958333333334,17.322916666666668,2023-07-17,0.0867724296374198,1046.3641074669508,2944.87234409865,2860.4131631159726,0.17821540107619183,0.05248443365824395,0.12298443365824394,-0.05523096741794789,C3,1.7599781201329454e-05,0.15898335114867973,-0.035998917490435794
19,2023-07-18,2023-07-18,5204.395833333333,0.0098150813930259,101.8914745801894,2221.5632793273794,0.0899894721928817,2138.137016145958,0.0837562962582236,0.0499583333333333,0.0399583333333333,0.0452999122841569,0.0152408008827095,0.008812985395404,16.631249999999998,15.341666666666669,0.0,793.4104166666666,51.60208333333333,18.41875,2023-07-18,0.0837562962582236,1046.2155475479758,2970.822663782388,2876.5484777164575,0.1722667216448866,0.051812064173429755,0.12231206417342974,-0.04995465747145686,C3,1.6504122912729124e-05,0.15605135844789508,-0.03373929427446534
20,2023-07-19,2023-07-19,5083.541666666667,0.0099388211666264,100.62190588004948,2184.809236386355,0.1001504184542672,2085.353893476809,0.0965301513671875,0.0491875,0.0395625,0.0447037697401677,0.0159714930988424,0.0092355077995002,17.337500000000002,15.822916666666666,0.0063,795.4499999999999,56.57708333333333,19.34375,2023-07-19,0.0965301513671875,1033.6500184755407,2921.6727049354427,2805.536559389191,0.18374604800447875,0.051130222328970326,0.12163022232897032,-0.062115825675508426,C3,2.1739552038808136e-05,0.16952456300150073,-0.047894340672530414
21,2023-07-20,2023-07-20,5030.645833333333,0.0099465225813716,100.5474429899327,2173.130732210543,0.1036234402128192,2063.713342302636,0.1022284092047275,0.0484375,0.039125,0.0440993453979545,0.0167123363192257,0.0096639000166657,16.98125,15.935416666666669,2.9585,795.6833333333334,70.82083333333334,17.595833333333335,2023-07-20,0.1022284092047275,1030.6431903102862,2906.0554298357733,2776.4223847282897,0.18758811606896197,0.05043890812486565,0.12093890812486564,-0.06664920794409633,C3,3.630283334882012e-05,0.1755979764531261,-0.054659068328260466
22,2023-07-21,2023-07-21,5093.458333333333,0.0098651137267129,101.3922993289224,2203.584895668548,0.0956013888311324,2115.372029400768,0.0897594633556547,0.0476875,0.0383541666666666,0.043339640354102,0.0176435071737419,0.0102023490919231,16.316666666666666,15.477083333333333,1.1761,796.1374999999999,67.27499999999999,16.83125,2023-07-21,0.0897594633556547,1046.9514336001437,2946.78076944211,2845.92154058726,0.17776954610834172,0.04956999062590771,0.1200699906259077,-0.05769955548243402,C3,3.0013571694471916e-05,0.16170591579940832,-0.04163592517350062
23,2023-07-22,2023-07-22,5242.75,0.00977668163534,102.29766931901162,2200.012799486874,0.0961158115977013,2130.5144759930427,0.0858340379668445,0.0468333333333333,0.0379791666666666,0.0427086896960417,0.0184168637128064,0.0106495421191575,15.979166666666666,15.2375,0.0,795.6208333333334,58.82083333333333,15.925,2023-07-22,0.0858340379668445,1035.585073323393,2942.0039240591864,2866.293472491056,0.17888809464629873,0.048848336778531024,0.11934833677853102,-0.05953975786776772,C3,1.9772435307800277e-05,0.15793621089839951,-0.0385878741198685
24,2023-07-23,2023-07-23,5267.520833333333,0.0097613772681449,102.44925552464316,2217.670566380605,0.0910181043207298,2144.857817111469,0.0822284977610518,0.0458333333333333,0.0375416666666666,0.0419707258800579,0.0193213863333843,0.0111725818666297,16.125,15.202083333333334,0.0,795.1895833333333,52.94583333333333,16.724999999999998,2023-07-23,0.0822284977610518,1047.3772886319912,2965.6170682661636,2885.5903256618353,0.17344058586240024,0.048004285947889705,0.1185042859478897,-0.054936299914510545,C3,1.5944381665113436e-05,0.1544457433974654,-0.03594145744957569
25,2023-07-24,2023-07-24,5227.875,0.0097802016466682,102.25432435107832,2237.3749250069395,0.0858235181602195,2152.964231709904,0.0804450802686737,0.0451041666666666,0.0373958333333333,0.0415133004412598,0.0198820529238851,0.0114967870387726,16.910416666666666,15.6,0.0,796.1979166666666,53.66875,18.504166666666663,2023-07-24,0.0804450802686737,1044.132060365953,2991.9670515086545,2896.4963126948364,0.16759527824988252,0.04748110267899284,0.11798110267899284,-0.04961417557088968,C3,1.8234065776160443e-05,0.15256089094696096,-0.03457978826796812
26,2023-07-25,2023-07-25,5179.104166666667,0.0098422344598779,101.609203884266,2230.3363407239194,0.0877620438520889,2131.86114313497,0.0851789202008928,0.0444791666666666,0.0372083333333333,0.0410921063621613,0.0203983107185714,0.0117953128472158,17.095833333333335,16.006249999999998,0.0,796.0666666666666,61.25833333333333,17.841666666666665,2023-07-25,0.0851789202008928,1048.9294655295382,2982.5545869151324,2868.105214810584,0.16965588052179897,0.04699935925929636,0.11749935925929636,-0.052156521262502614,C3,2.4641928426893484e-05,0.1575871641483061,-0.04008780488900973
27,2023-07-26,2023-07-26,5107.291666666667,0.0099160786644208,100.85562622190022,2214.9856241671446,0.0918704133895892,2108.2182048304844,0.0908299888052591,0.043625,0.0368125,0.0404514506602486,0.0211835627347692,0.012249384428081,16.058333333333334,15.460416666666667,2.7268999,796.2479166666667,67.85000000000001,17.120833333333334,2023-07-26,0.0908299888052591,1045.4665900638938,2962.026584370017,2836.297123151846,0.17425584797081017,0.046266605205991414,0.11676660520599141,-0.05748924276481876,C3,3.1267820922263026e-05,0.16352095889989407,-0.046754353693902656
28,2023-07-27,2023-07-27,5039.270833333333,0.0099540620366116,100.46781206638993,2181.328566564417,0.1009424548894891,2080.416754527551,0.0976212664348323,0.0436666666666666,0.0363541666666666,0.0402601962744564,0.0214179833316695,0.0123849380195729,15.85,15.189583333333331,2.5683,795.2166666666667,77.22291666666666,16.004166666666666,2023-07-27,0.0976212664348323,1047.2727333821258,2917.018120981711,2798.8943660117234,0.18488089573593985,0.046047856779991014,0.11654785677999101,-0.06833303895594885,C3,4.260141564384829e-05,0.1709207500018744,-0.05437289322188339
29,2023-07-28,2023-07-28,5083.541666666667,0.0098979199835548,101.03943713899334,2191.568593374171,0.0983584975479689,2095.5753251283422,0.0940069901315789,0.0440208333333333,0.0361458333333333,0.0403523267571069,0.0213050589527268,0.0123196395546125,15.8,15.175,0.561,794.7645833333332,67.90208333333334,17.662499999999998,2023-07-28,0.0940069901315789,1046.3047264177146,2930.711768156761,2819.2879903944404,0.18156656474778193,0.046153231608301364,0.11665323160830135,-0.06491333313948058,C3,3.232677391335677e-05,0.16680199835077214,-0.05014876674247079
30,2023-07-29,2023-07-29,5113.3125,0.0099137647603175,100.876031468478,2202.5915825222223,0.0954149075611551,2111.32653501787,0.0900698930789262,0.0441458333333333,0.036,0.040351161187025,0.0213064875925626,0.0123204656648744,15.647916666666667,15.13125,0.0,795.9916666666667,61.895833333333336,16.891666666666666,2023-07-29,0.0900698930789262,1046.9732848331498,2945.452444818275,2840.4789236638076,0.17807973173223635,0.046151898480071375,0.11665189848007138,-0.06142783325216497,C3,2.3981911655185553e-05,0.1626832466996699,-0.046031348219598534
31,2023-07-30,2023-07-30,5079.958333333333,0.0100018193039626,100.00781088482314,2178.342201226974,0.1024337671254568,2070.671632041617,0.1012534117087339,0.0449583333333333,0.036,0.0407851644767795,0.0207745295419301,0.0120128611913778,16.847916666666666,15.683333333333332,0.1836,796.0875,63.55625,19.03125,2023-07-30,0.1012534117087339,1060.6264834562187,2913.024553969973,2785.7837388440585,0.1858614736599452,0.04664829251631555,0.11714829251631553,-0.06871318114362968,C3,2.9014730253458876e-05,0.17357350530258434,-0.0564252127862688
32,2023-07-31,2023-07-31,4789.744680851064,0.0101801483632205,98.24776557694918,2077.71744459217,0.1349122081187739,1965.821050842592,0.131964706793064,0.0517021276595744,0.036,0.0443874154589528,0.0163592487005098,0.0094597272798792,16.7,15.827659574468084,8.7726,795.6021276595745,82.03829787234044,17.097872340425532,2023-07-31,0.131964706793064,1060.4214827715225,2778.4624146287197,2644.722722895045,0.22311425471121277,0.05076839009810355,0.12126839009810354,-0.10184586461310922,C3,5.475039821390618e-05,0.20701218396153312,-0.08574379386342958
33,2023-08-01,2023-08-01,4867.875,0.0101642367215695,98.39682521151158,2096.6083131204327,0.1282324060615874,1983.210613498157,0.1262668707431891,0.0508333333333333,0.036,0.0439233421103884,0.0169280636373563,0.0097886442291718,17.2,16.289583333333333,0.7643,794.96875,73.78750000000001,18.035416666666663,2023-08-01,0.1262668707431891,1058.568252747707,2803.724544627235,2668.117818535448,0.21543316505599386,0.05023760323992664,0.12073760323992663,-0.09469556181606723,C3,4.192884078709428e-05,0.2008689611598891,-0.08013135791996245
34,2023-08-02,2023-08-02,4690.541666666667,0.0102954363173324,97.15146170757268,2084.8374433118647,0.1323617782465967,1977.3362437824985,0.1281561600534539,0.052,0.0360208333333333,0.0445562313651702,0.0161523309593148,0.0093400772007767,16.78125,16.041666666666668,6.167,794.90625,79.94791666666667,17.158333333333335,2023-08-02,0.1281561600534539,1065.5664976123987,2787.9837520398128,2660.214719185164,0.2201776717544423,0.05096147436969254,0.12146147436969254,-0.09871619738474977,C3,5.074424549925066e-05,0.20289343231043086,-0.08143195794073832
35,2023-08-03,2023-08-03,4524.1875,0.0105749767707093,94.57442886878174,1957.52029802052,0.1869280998695256,1856.6146256912773,0.1762562287159455,0.0987916666666666,0.0363125,0.0696862401531669,0.0146495334569792,0.00847108530578,16.04375,15.875,13.223599,794.1583333333333,83.75208333333333,15.26875,2023-08-03,0.1762562287159455,1064.525344264206,2617.726769382933,2497.801560381283,0.2818032471595779,0.07970408251946397,0.15020408251946396,-0.13159916464011392,C3,5.214569448767576e-05,0.2531561643238821,-0.10295208180441814
36,2023-08-04,2023-08-04,4499.729166666667,0.0105250381489243,95.02477425098378,1963.0594267233569,0.1855065465216221,1877.38885950499,0.1676127115885416,0.1444583333333333,0.0387083333333333,0.0951955307382934,0.0459162837628613,0.0265510678426619,14.8,14.8375,5.0889,793.8291666666668,78.09166666666667,14.429166666666667,2023-08-04,0.1676127115885416,1062.0880839594188,2625.134061914784,2525.75023261384,0.27865437122603953,0.10888049664858108,0.17938049664858108,-0.09927387457745845,C3,3.972791869713472e-05,0.24324323662122918,-0.0638627399726481
37,2023-08-05,2023-08-05,4563.1875,0.0104847882641165,95.38413582090293,2008.6431573369127,0.1633900109695928,1921.0572971893123,0.1486573830629006,0.1341458333333333,0.041125,0.0908128125321408,0.0405443838522963,0.023444769438679,15.316666666666668,14.997916666666669,0.0,793.8166666666666,69.18541666666667,15.7625,2023-08-05,0.1486573830629006,1066.9279514439504,2686.0916683294454,2584.499684588399,0.2545225714743585,0.10386773469163012,0.1743677346916301,-0.08015483678272842,C3,3.0418109793282134e-05,0.2242550934161476,-0.049887358724517494
38,2023-08-06,2023-08-06,4638.604166666667,0.0103411140981189,96.7186159367932,2057.200428057311,0.1429994903007131,1980.790727351154,0.1272711502878289,0.1188125,0.0429374999999999,0.0834667302893744,0.0315402871509567,0.0182381550790796,14.8,14.775,0.0039,793.4125,70.175,14.970833333333331,2023-08-06,0.1272711502878289,1077.9805623436716,2751.0256910016474,2664.8622180945763,0.23187155359752049,0.09546560617981353,0.1659656061798135,-0.06590594741770697,C3,3.0085184860918542e-05,0.20170667336011325,-0.035741067180299735
39,2023-08-07,2023-08-07,4746.416666666667,0.0102389833401623,97.68091431065024,2086.3927911215937,0.1319884838107222,2013.530787283788,0.1168116127572408,0.1048541666666666,0.0440833333333333,0.0765445537490678,0.0230557718824218,0.0133319884199829,15.002083333333331,14.702083333333334,0.0,793.2458333333334,57.84583333333333,16.472916666666666,2023-08-07,0.1168116127572408,1066.8218100578315,2790.0636669205655,2708.9091471961183,0.21954295744214303,0.08754832252424208,0.15804832252424209,-0.06149463491790094,C3,1.958981854282187e-05,0.19074660540718016,-0.03269828288293808
40,2023-08-08,2023-08-08,4911.708333333333,0.010050396469774,99.51817277648487,2117.992335799612,0.1209028666123105,2050.213220192694,0.1059323265438988,0.0916666666666666,0.0442083333333333,0.0695585767707839,0.014493056384955,0.008380602518092,14.110416666666666,14.310416666666669,0.0,791.6062499999999,59.489583333333336,14.3625,2023-08-08,0.1059323265438988,1074.9867382541695,2832.3206867264944,2758.259958554901,0.20714890927320295,0.07955806671000426,0.15005806671000427,-0.057090842563198685,C3,1.836449847713145e-05,0.17950730005417231,-0.029449233344168047
41,2023-08-09,2023-08-09,4974.0625,0.0100265938511679,99.75046477340008,2132.904485305532,0.1162011938237523,2064.754385534437,0.1021030970982142,0.0822083333333333,0.044,0.0644092829079387,0.0081815643062586,0.0047309854185167,13.795833333333334,13.827083333333334,0.0,790.9645833333334,61.1,13.5375,2023-08-09,0.1021030970982142,1073.0397570653197,2852.262208145282,2777.8229550851283,0.20161349494082287,0.0736685289467514,0.1441685289467514,-0.05744496599407148,C3,1.8569330027785768e-05,0.1752489297030327,-0.031080400756281323
42,2023-08-10,2023-08-10,5085.3125,0.0099357809091852,100.651536869154,2147.4880981276374,0.1110635534937131,2070.9797379273573,0.1001362047697368,0.075625,0.0433958333333333,0.0606112971602587,0.0035263712642675,0.0020391223984836,14.427083333333334,14.125,0.0,790.78125,58.12083333333334,15.1375,2023-08-10,0.1001362047697368,1058.10495350653,2871.7643883869605,2786.1982499394226,0.19638098060060133,0.06932455847603176,0.13982455847603176,-0.05655642212456957,C3,1.822246003634129e-05,0.17350369595256562,-0.033679137476533866
43,2023-08-11,2023-08-11,4988.854166666667,0.0100143543362291,99.86177042605794,2138.42418395241,0.1140298200045032,2042.26771304984,0.1079886300223214,0.0709583333333333,0.0430416666666666,0.0579535745710493,0.0002687993493683,0.0001554330877037,15.289583333333333,14.79375,0.9111,792.7166666666667,62.28541666666666,16.802083333333332,2023-08-11,0.1079886300223214,1065.9830820208117,2859.6435175097213,2747.57044880699,0.19961250654568113,0.06628477127989957,0.13678477127989958,-0.06282773526578156,C3,2.4258568576632086e-05,0.18181100860478883,-0.04502623732488925
44,2023-08-12,2023-08-12,5018.020833333333,0.0099830763131495,100.1770156938078,2138.0946790960543,0.1141541247418854,2040.673074563079,0.108502197265625,0.0683541666666666,0.0423749999999999,0.0562519769826606,0.0018168496709248,0.0010505924025075,15.422916666666666,15.014583333333334,0.0,793.40625,69.0625,16.070833333333333,2023-08-12,0.108502197265625,1062.8468279543436,2859.202881627684,2745.42509756104,0.1997312477539353,0.06433855816376993,0.13483855816376994,-0.06489268959016536,C3,3.085683547320767e-05,0.18229967405491962,-0.04746111589114968
45,2023-08-13,2023-08-13,5046.291666666667,0.0099133072005093,100.88813456026853,2147.2707193958863,0.1116081700506609,2059.823523570474,0.1034080868675595,0.0652708333333333,0.0418541666666666,0.0543623640431787,0.0041329492016578,0.0023898757837246,14.616666666666667,14.577083333333334,0.1314,793.7458333333334,71.88125000000001,14.983333333333334,2023-08-13,0.1034080868675595,1061.4454627863097,2871.4736950410093,2771.1892064669814,0.1964577047370638,0.06217730128827659,0.1326773012882766,-0.06378040344878722,C3,3.2269418451978775e-05,0.176714926053425,-0.044037624765148414
46,2023-08-14,2023-08-14,5075.229166666667,0.0099475291517246,100.53498306989162,2167.422692612716,0.1053674065007247,2084.965432697966,0.0965711016987645,0.0628958333333333,0.0412291666666666,0.0528025877267845,0.0060447678175059,0.00349538393056,14.060416666666669,14.058333333333332,0.0,795.9666666666667,66.99166666666666,14.077083333333334,2023-08-14,0.0965711016987645,1052.8139117748756,2898.422258383585,2805.0139426188,0.1895021649610536,0.06039329715832872,0.1308932971583287,-0.058608867802724895,C3,2.4807829740864363e-05,0.1696641817015381,-0.0387708845432094
47,2023-08-15,2023-08-15,5025.791666666667,0.0099894128705149,100.11826557351968,2169.756502767255,0.1044398181129309,2081.051214255252,0.0976089477539062,0.0610625,0.04075,0.0516000822438605,0.0075186793929992,0.0043476725529824,14.864583333333334,14.4125,0.0,797.6166666666667,65.01666666666667,16.408333333333335,2023-08-15,0.0976089477539062,1053.215956386044,2901.543185059222,2799.747938140221,0.1887166610994061,0.05901792382737528,0.12951792382737526,-0.059198737272030844,C3,2.6616025698431448e-05,0.17071132195181835,-0.04119339812444309
48,2023-08-16,2023-08-16,5087.0,0.0099253870784897,100.7604447388662,2174.5251610261657,0.1030767987645066,2066.8858667125032,0.1013066218449519,0.0597916666666666,0.0402916666666666,0.0507077456207727,0.0086124168409213,0.0049801256785842,15.629166666666668,15.016666666666666,0.0,795.9041666666667,66.3625,17.270833333333332,2023-08-16,0.1013066218449519,1064.8519793475114,2907.920153099356,2780.6905491128955,0.18712418068226655,0.05799730811205752,0.1284973081120575,-0.05862687257020904,C3,2.9646510434081453e-05,0.17469045490288324,-0.04619314679082573
49,2023-08-17,2023-08-17,4945.895833333333,0.0100383781132139,99.63471058272022,2102.395714647442,0.1263753243625378,2001.5705714141704,0.1204603241711128,0.0595416666666666,0.03975,0.0503218750068384,0.0090853786465818,0.0052536156032901,15.664583333333333,15.195833333333333,6.509,794.8208333333333,76.86041666666667,16.818749999999998,2023-08-17,0.1204603241711128,1080.773178308256,2811.46384414701,2692.818438091366,0.21314934133519553,0.05755596613138448,0.12805596613138448,-0.08509337520381105,C3,4.414094280489824e-05,0.19465592900822634,-0.06659996287684186
50,2023-08-18,2023-08-18,4979.875,0.0100887245777581,99.14305313357956,2090.812958398307,0.1310319840955891,1976.068476215772,0.1297959547776442,0.0638125,0.0400416666666666,0.0527390449643537,0.0061226522133907,0.0035404205430546,16.389583333333334,15.8125,0.0,793.8333333333334,70.68124999999999,17.599999999999998,2023-08-18,0.1297959547776442,1080.4450542613672,2795.974609564227,2658.5091246247466,0.21775220588345656,0.06032061971771537,0.13082061971771536,-0.0869315861657412,C3,3.610592125140375e-05,0.20338209776056163,-0.07256147804284627
51,2023-08-19,2023-08-19,4770.375,0.0102353078216573,97.71045722889946,2034.283592500788,0.1519871907483395,1936.0255213582768,0.1427525111607142,0.0862708333333333,0.0402291666666666,0.0648226864194172,0.008688273198293,0.0050239895788353,15.522916666666667,15.214583333333332,3.9222999,793.8958333333334,76.56666666666666,16.439583333333335,2023-08-19,0.1427525111607142,1073.7781253857202,2720.3797692369944,2604.637225878884,0.2422054770671545,0.07414136185494528,0.14464136185494528,-0.09756411521220923,C3,4.2653048292513814e-05,0.21825148931454094,-0.07361012745959566
52,2023-08-20,2023-08-20,4870.729166666667,0.0101060718727656,98.96657481921343,2102.6075192840417,0.1262627759972851,2021.0158176213567,0.1146587992823401,0.083375,0.0410208333333333,0.0636446458479676,0.0072443482771042,0.0041890407240849,15.833333333333334,15.425,0.0348,793.7729166666667,65.31458333333333,17.6375,2023-08-20,0.1146587992823401,1083.6354350252327,2811.747083440961,2718.97915321566,0.2130663576925788,0.07279397042283875,0.14329397042283876,-0.06977238726974005,C3,2.8971858832203577e-05,0.18837308750654494,-0.04507911708370618
53,2023-08-21,2023-08-21,4904.5,0.0101164324709265,98.85815379379385,2124.299543080879,0.1187473862403698,2042.043712500639,0.1081475978944359,0.0767708333333333,0.04125,0.0602237335649048,0.0030513343704291,0.0017644325550892,15.220833333333331,15.11875,0.0,795.5583333333334,59.91041666666666,16.735416666666666,2023-08-21,0.1081475978944359,1076.035573905902,2840.75510518791,2747.2690890559797,0.20478421721664608,0.06888128013704072,0.1393812801370407,-0.06540293707960537,C3,2.1796688475138576e-05,0.1818808179548075,-0.0424995378177668
54,2023-08-22,2023-08-22,4905.479166666667,0.0101142832331918,98.87493603371352,2142.6961571549737,0.1125836471312341,2040.560115277092,0.1084075927734375,0.0718541666666666,0.0412083333333333,0.0575780471597116,0.0001914847876651,0.0001107259815361,15.31875,15.110416666666666,0.0,796.5541666666667,68.61458333333333,15.966666666666669,2023-08-22,0.1084075927734375,1065.7962605883367,2865.356285148323,2745.2731274769453,0.1980811187653176,0.06585525940329677,0.13635525940329676,-0.061725859362020824,C3,3.0096533616258213e-05,0.18236948340493828,-0.04601422400164151
55,2023-08-23,2023-08-23,4896.291666666667,0.0101035790967466,98.98516690569647,2138.3799491186337,0.114018583978659,2035.0168378449605,0.1100326538085937,0.0695,0.041125,0.0562817302729621,0.001780381048031,0.0010295044397799,15.247916666666669,14.933333333333332,1.2672,796.1166666666667,74.49583333333334,16.10625,2023-08-23,0.1100326538085937,1071.0805275050916,2859.5843637381704,2737.8154640351045,0.19962844191597579,0.06437258867969681,0.13487258867969681,-0.06475585323627897,C3,3.8513571595024224e-05,0.18404490780538665,-0.04917231912568984
56,2023-08-24,2023-08-24,4911.354166666667,0.0101877774444253,98.20758315234876,2088.923925383781,0.1331997689483364,1972.9912829550155,0.1322677612304687,0.066875,0.041,0.0548213355352562,0.0035703876128744,0.0020645748297841,15.647916666666667,15.2875,5.3382,794.4854166666668,83.40833333333333,15.910416666666668,2023-08-24,0.1322677612304687,1067.2557269255517,2793.4484685605435,2654.3692142621153,0.21851516254973796,0.06270225286549214,0.13320225286549214,-0.08531290968424582,C3,5.364272493838531e-05,0.20442923801084187,-0.07122698514534972
57,2023-08-25,2023-08-25,4425.625,0.0106661357280804,93.75914812746038,1925.8001295511915,0.2030734144339454,1804.3862001525592,0.2026813213641826,0.1244166666666666,0.0617708333333333,0.0952335998023473,0.0459629450338276,0.0265780496989778,15.847916666666668,15.485416666666666,10.4927,795.3541666666666,95.63958333333332,15.229166666666666,2023-08-25,0.2026813213641826,1046.7275672842518,2575.308443393944,2427.5359053543034,0.30085231019267916,0.10892403838388094,0.17942403838388093,-0.12142827180879823,C3,7.980107075234547e-05,0.281079904331355,-0.10165586594747406
58,2023-08-26,2023-08-26,4357.041666666667,0.0106722699583882,93.7133424986958,1929.35793069664,0.202221341165027,1818.2807225817,0.19586181640625,0.1612916666666666,0.0669166666666666,0.1173278180150648,0.0730438394144616,0.0422375631660008,15.933333333333332,15.502083333333331,5.2587,795.9333333333334,88.20625,16.1125,2023-08-26,0.19586181640625,1045.2842037998976,2580.066172500508,2446.228939074933,0.2986251496488268,0.13419444166233147,0.20469444166233144,-0.09393070798649536,C3,6.484340082943695e-05,0.27319144777924387,-0.06849700611691242
59,2023-08-27,2023-08-27,4466.395833333333,0.0106030391688591,94.32149529450666,1942.133646685083,0.1949580362746595,1836.0348274998169,0.1865325927734375,0.1539583333333333,0.0681875,0.1140026677927936,0.0689682011138841,0.0398808273818146,15.775,15.508333333333333,3.5089,795.9333333333334,82.72500000000001,15.666666666666666,2023-08-27,0.1865325927734375,1060.0011677895086,2597.1507124538352,2470.1144726444713,0.2908205607781106,0.130391279845551,0.20089127984555097,-0.08992928093255961,C3,5.148323405360474e-05,0.26355775747666577,-0.0626664776311148
60,2023-08-28,2023-08-28,4358.208333333333,0.010723490066882,93.26753611620067,1888.654495964478,0.2270315340996276,1792.1746911726125,0.2117599096053685,0.22025,0.0827291666666666,0.1561870055299727,0.12067356510454,0.0697794279357171,15.139583333333334,15.072916666666666,3.2131999,795.4333333333334,85.47083333333335,15.035416666666668,2023-08-28,0.2117599096053685,1053.8355709122393,2525.634823404431,2411.107118376842,0.32562298481997526,0.17863988572015366,0.24913988572015364,-0.07648309909982162,C3,5.473646146316405e-05,0.28840988608331664,-0.039270000363163
61,2023-08-29,2023-08-29,4371.458333333333,0.0106623291597395,93.80216374421406,1912.0814072163776,0.2113499501645569,1836.3636810425885,0.1858782087053571,0.2085208333333333,0.1029791666666666,0.1593550811768179,0.1245566770189815,0.0720248354345787,14.139583333333334,14.375,1.6951,796.5708333333333,74.95833333333333,13.877083333333331,2023-08-29,0.1858782087053571,1048.6764060724418,2556.962852426694,2470.5568966569213,0.3096694474054821,0.1822633924874732,0.25276339248747315,-0.05690605491800893,C3,3.379669715254978e-05,0.26341813877662834,-0.010654746289155193
62,2023-08-30,2023-08-30,4550.270833333333,0.0104396466681551,95.8022881038595,1947.2530823955087,0.1918772668275214,1867.9362149564183,0.1707473754882812,0.1867916666666666,0.1012916666666666,0.1469621666962088,0.1093666755042674,0.063241224748003,14.127083333333331,14.110416666666666,0.0012,794.0520833333334,71.51875,14.5875,2023-08-30,0.1707473754882812,1054.7692780765674,2603.99676350979,2513.0330914384813,0.2877751727892611,0.16808891735080247,0.23858891735080248,-0.04918625543845864,C3,3.09600826525544e-05,0.24764122567240618,-0.009052308321603697
63,2023-08-31,2023-08-31,4741.0625,0.0102668646741019,97.40775265337412,1977.586255711553,0.1767331625350022,1905.102107470989,0.1546998635316506,0.1685,0.0964583333333333,0.1349399583582253,0.0946310486951003,0.0547203560049015,14.254166666666668,14.195833333333333,0.0,791.2583333333333,64.64999999999999,15.614583333333334,2023-08-31,0.1546998635316506,1049.4332205202063,2644.5603070245293,2563.0343264989306,0.2706287419341748,0.15433843973383385,0.22483843973383386,-0.04579030220034094,C3,2.493867386715855e-05,0.23088698166792246,-0.006048541934088603
64,2023-09-01,2023-09-01,4777.375,0.0102170434270007,97.8843696079078,2008.1524928988183,0.1631453027923979,1927.2995149655144,0.1460489412633384,0.1491458333333333,0.0914375,0.1222628618620448,0.0790927251409063,0.0457353282753201,14.183333333333332,14.135416666666666,0.0012,791.6979166666666,65.62916666666666,15.427083333333334,2023-09-01,0.1460489412633384,1053.100401810072,2685.4355191004015,2592.8976693321806,0.2547665642625681,0.1398389296007296,0.2103389296007296,-0.044427634661838494,C3,2.5678957227572137e-05,0.22174195681547507,-0.011403027214745454
65,2023-09-02,2023-09-02,4729.479166666667,0.0103176574187938,96.92738461248008,2009.637619013302,0.1620475120351719,1921.9295798253247,0.1479499630811737,0.1340416666666666,0.0866041666666666,0.1119432818146363,0.0664440106842207,0.0384212155436283,14.529166666666669,14.397916666666667,0.0,794.8208333333333,69.98958333333333,15.154166666666669,2023-09-02,0.1479499630811737,1041.489883540855,2687.421528844323,2585.673212416509,0.2540290416915457,0.12803584397210307,0.19853584397210308,-0.05549319771944264,C3,3.022386132971272e-05,0.2239060466660542,-0.025370202693951127
66,2023-09-03,2023-09-03,4689.5625,0.0102798877467599,97.29218541770184,2012.420456323964,0.1607642715493288,1917.088988472506,0.1497348692358994,0.1224166666666666,0.082625,0.1038800329084857,0.0565608824427092,0.0327063016408977,14.533333333333331,14.358333333333334,0.8129,793.8770833333333,76.38958333333333,15.00625,2023-09-03,0.1497348692358994,1052.0751033393503,2691.142924597064,2579.1609096117536,0.25265495988351366,0.11881345150583944,0.18931345150583942,-0.06334150837767424,C3,3.86651339332699e-05,0.22586070846657733,-0.036547256960737906
67,2023-09-04,2023-09-04,5035.354166666667,0.0099168341947516,100.85098367466348,2050.394699390347,0.1451224569500574,1975.669436063028,0.1287755721654647,0.1156458333333333,0.0801041666666666,0.0990890285210523,0.0506885459543081,0.0293106260391064,14.485416666666666,14.377083333333331,1.5396,787.2937499999999,63.41875,15.670833333333334,2023-09-04,0.1287755721654647,1054.1064522769293,2741.9246164765536,2657.972274864766,0.23487751323502798,0.11333370961981157,0.18383370961981157,-0.051043803615216404,C3,2.3751681211728177e-05,0.203521716460599,-0.01968800684078742
68,2023-09-05,2023-09-05,5035.770833333333,0.0099782130162887,100.22602626411845,2068.0918044697933,0.1385704834427472,2004.3891075966549,0.1195755004882812,0.1026041666666666,0.0774583333333333,0.0908901787367586,0.0406392116482253,0.0234996035636723,13.145833333333334,13.583333333333334,0.0,790.7291666666666,62.19375,12.95,2023-09-05,0.1195755004882812,1052.6391049994556,2765.5903663305376,2696.6103634468923,0.22716705393730807,0.10395622278258641,0.1744562227825864,-0.052710831154721666,C3,1.862336141251553e-05,0.19374840745798347,-0.01929218467539706
69,2023-09-06,2023-09-06,5040.125,0.0099456624454064,100.55431798896602,2093.971735952239,0.1288325451989692,2033.9771397986424,0.110389905098157,0.0965416666666666,0.0734791666666666,0.0857981831220037,0.0343979500610442,0.0198905972102645,12.554166666666667,12.910416666666668,0.0,793.3625000000001,62.05,12.8125,2023-09-06,0.110389905098157,1056.4236772328386,2800.1987376970574,2736.416703427231,0.2164841844437982,0.0981322202567631,0.16863222025676308,-0.047851964187035106,C3,1.8311865382145966e-05,0.1843241452054614,-0.01569192494869831
70,2023-09-07,2023-09-07,5113.645833333333,0.0098791065891277,101.22964956762245,2119.2261575983093,0.1204722962615094,2058.65231154759,0.1035400390625,0.0894583333333333,0.07175,0.0812090460587502,0.0287730424534654,0.016637997233558,12.65,12.879166666666668,0.0,793.6145833333334,54.96041666666667,13.508333333333333,2023-09-07,0.1035400390625,1060.1260612459998,2833.970635569612,2769.613513171337,0.20668357847963215,0.09288336541284074,0.16338336541284074,-0.04330021306679141,C3,1.4116139774408693e-05,0.17699416345349975,-0.013610798040659011
71,2023-09-08,2023-09-08,5120.458333333333,0.0098879010226575,101.14128333720238,2146.189970061828,0.1117903114404396,2087.683075599212,0.095928955078125,0.0835,0.069375,0.0769199802680384,0.02351593235563,0.0135980759806784,12.595833333333331,12.8125,0.0,795.6770833333334,57.53541666666666,12.841666666666669,2023-09-08,0.095928955078125,1057.4660392289577,2870.028444912253,2808.6701309226933,0.1968397187405686,0.08797771900455524,0.15847771900455523,-0.03836199973601337,C3,1.5062416398449662e-05,0.1688962788513326,-0.010418559846777364
72,2023-09-09,2023-09-09,5137.708333333333,0.0098649139650353,101.37639430494312,2163.3374373764564,0.1064439189151043,2099.8498448492765,0.0927627563476562,0.0770833333333333,0.0670833333333333,0.0724249122841569,0.018006325265971,0.010412148470093,12.01875,12.45625,0.0,796.7895833333333,57.22708333333333,11.595833333333331,2023-09-09,0.0927627563476562,1060.2449258332067,2892.9591824693616,2825.038727182294,0.1908869883225831,0.08283645627133245,0.15333645627133244,-0.03755053205125067,C3,1.3415783970740937e-05,0.1656850487504732,-0.012348592479140774
73,2023-09-10,2023-09-10,5134.208333333333,0.0098726652944902,101.29724752232742,2161.188781794176,0.1070502147794196,2081.7520774749783,0.097394989758003,0.0741666666666666,0.06425,0.0695470657929001,0.0144789473735708,0.0083724439894012,13.179166666666667,12.889583333333334,0.0,794.9583333333334,61.275,13.916666666666666,2023-09-10,0.097394989758003,1060.409623949262,2890.0858568432586,2800.69084638818,0.19162040818070658,0.07954490095548639,0.1500449009554864,-0.04157550722522019,C3,1.9234821100297048e-05,0.17057170325178098,-0.020526802296294583
74,2023-09-11,2023-09-11,5118.583333333333,0.009881563065425,101.21193470879253,2150.935143922265,0.1101578468645032,2064.080566958887,0.1021163940429687,0.0708333333333333,0.0613541666666666,0.0664175383804682,0.0106430840494463,0.0061543579639728,13.516666666666666,13.358333333333334,3.8585,794.0291666666667,72.70625,13.591666666666669,2023-09-11,0.1021163940429687,1060.5147971474732,2876.3740080476155,2776.916431423119,0.1951693734004697,0.0759654839776275,0.1464654839776275,-0.048703889422842206,C3,3.02605431836408e-05,0.17545835775308874,-0.028992873775461253
75,2023-09-12,2023-09-12,5176.895833333333,0.0098173405445376,101.87129141053413,2140.685758164824,0.1134653060015272,2075.54142201935,0.099080155535442,0.0672708333333333,0.0591666666666666,0.06349557127473,0.0070616274976758,0.0040833825258752,11.90625,12.364583333333334,0.0,792.6145833333334,72.0625,10.26875,2023-09-12,0.099080155535442,1039.8642293467738,2862.6678454631883,2792.3353240986353,0.19879993152333958,0.07262346542700647,0.14312346542700646,-0.055676466096333116,C3,2.2277954441952203e-05,0.17224712765222935,-0.02912366222522289
76,2023-09-13,2023-09-13,5225.895833333333,0.0097797337630707,102.25908718691888,2176.253355082784,0.1025197851531963,2098.455114509492,0.0931048725926598,0.0647083333333333,0.0570833333333333,0.0611562872833363,0.0041943659323504,0.0024253899771579,12.7875,12.697916666666666,0.0,790.7541666666666,63.07708333333333,12.852083333333333,2023-09-13,0.0931048725926598,1054.8743709330895,2910.231209515615,2823.162322908183,0.1865511698812804,0.06994789441217347,0.14044789441217348,-0.04610327546910692,C3,1.91969284104345e-05,0.16603409550056664,-0.025586201088393157
77,2023-09-14,2023-09-14,5246.416666666667,0.0098156664772631,101.89150796588169,2173.660540777011,0.1034708973261919,2091.0312709766977,0.0952484130859375,0.0626458333333333,0.0548333333333333,0.0590064418886643,0.0015592993503477,0.000901664060008,12.029166666666669,12.345833333333331,1.4424,791.3937500000001,79.51666666666667,9.908333333333331,2023-09-14,0.0952484130859375,1064.048403619315,2906.763925205397,2813.174634723654,0.18741167763325467,0.06748899500298731,0.1379889950029873,-0.04942268263026736,C3,2.8822398280381958e-05,0.16805856665110844,-0.03006957164812113
78,2023-09-15,2023-09-15,5044.375,0.0099730589612409,100.28119014237969,2117.6084581945283,0.1208901716678564,2027.1614843907785,0.1124494503705929,0.0616666666666666,0.0532916666666666,0.0577652390379814,3.795639172089327e-05,2.1948264298758813e-05,12.08125,12.108333333333334,5.1155,793.4375,88.29166666666667,10.8,2023-09-15,0.1124494503705929,1077.7901582861098,2831.8073399765217,2727.2472427986177,0.20729396183680493,0.06606936131035612,0.13656936131035613,-0.0707246005264488,C3,4.359876779134868e-05,0.18641842570602185,-0.04984906439566572
79,2023-09-16,2023-09-16,4939.5625,0.0100537157770125,99.4779405484688,2102.163880017888,0.126061733830807,2033.0442939110203,0.1106246556991185,0.0632708333333333,0.0524583333333333,0.0582339155739114,0.0006124134576375,0.00035412777187,10.795833333333334,11.460416666666667,3.8774,796.0916666666667,82.07291666666667,8.733333333333333,2023-09-16,0.1106246556991185,1070.4723642890904,2811.153819409863,2735.1616966630622,0.21324022073254167,0.06660541309350006,0.13710541309350005,-0.07613480763904162,C3,2.8002272352597188e-05,0.18460338260553613,-0.04749796951203608
80,2023-09-17,2023-09-17,5011.0625,0.0099761039454832,100.25007857782929,2126.3694292840605,0.1180847393058196,2061.644729871245,0.1027589455629006,0.0628125,0.05175,0.0576591217143486,9.211166525165708e-05,5.326352380406376e-05,10.520833333333334,11.0375,0.0,795.7145833333334,73.88541666666667,9.5625,2023-09-17,0.1027589455629006,1069.8891133068528,2843.523095143939,2773.6393713406683,0.20401572515766997,0.06594798894328649,0.13644798894328647,-0.0675677362143835,C3,2.231785709018744e-05,0.17615645125327556,-0.03970846230998909
81,2023-09-18,2023-09-18,5020.9375,0.0100224964449676,99.78538671287411,2123.6498664391,0.1190299529438691,2050.2526432021973,0.1059219360351562,0.0621041666666666,0.0510625,0.0569604934248677,0.0009484207112021,0.000548423796154,10.85,11.285416666666668,0.0,793.4645833333334,75.13125000000001,9.702083333333333,2023-09-18,0.1059219360351562,1066.5119648982295,2839.8863142290893,2758.3129964084706,0.20502618837014353,0.06514892837246464,0.13564892837246462,-0.06937725999767891,C3,2.379083595529306e-05,0.17943749070415363,-0.04378856233168901
82,2023-09-19,2023-09-19,4819.354166666667,0.0102037477420329,98.00953270839484,2062.7217794067724,0.1404699968981524,1986.559283769953,0.1249950320221656,0.0653958333333333,0.050875,0.0586314177681751,0.0010996320971606,0.00063586170354,10.310416666666669,10.739583333333334,4.4437,791.6291666666666,88.17708333333333,8.770833333333334,2023-09-19,0.1249950320221656,1075.2678532946209,2758.4092104702677,2672.6229612367665,0.22947056561918933,0.06706005876850886,0.13756005876850885,-0.09191050685068047,C3,3.5260087734616235e-05,0.19968220220957147,-0.06212214344106262
83,2023-09-20,2023-09-20,4914.916666666667,0.0100189184160869,99.83139255719652,2099.2615493068715,0.1272174487480015,2040.920959618653,0.1086361533717105,0.0663541666666666,0.0508333333333333,0.0591239089965908,0.0017032788436401,0.0009849201291206,9.916666666666666,10.4,1.2587,790.1770833333334,75.16458333333334,9.18125,2023-09-20,0.1086361533717105,1074.9279720136806,2807.2726291082795,2745.7585903979702,0.21438221160384507,0.067623348758376,0.138123348758376,-0.07625886284546907,C3,2.2543347082451854e-05,0.1822298647049009,-0.0441065159465249
84,2023-09-21,2023-09-21,5060.3125,0.0099397649793688,100.62064666608974,2111.436442658372,0.122847908968898,2046.3477005637608,0.1069137573242187,0.0655,0.050625,0.0585705986893501,0.001025086121642,0.0005927555309322,10.91875,10.914583333333333,2.1158,787.8916666666668,63.54375,11.61875,2023-09-21,0.1069137573242187,1093.1192151384364,2823.55370893812,2753.0594711585254,0.20964419319508648,0.0669904965584259,0.13749049655842588,-0.0721536966366606,C3,1.7704309962129353e-05,0.18062424965447124,-0.04313375309604536
85,2023-09-22,2023-09-22,5185.145833333333,0.0098093498714883,101.95156595656736,2138.2392847142137,0.1141033026611077,2098.7416890932022,0.0930920977925145,0.0651666666666666,0.0501875,0.0581887401367545,0.0005570419015831,0.0003221091976111,10.55625,10.864583333333334,0.2501,788.40625,41.59166666666667,12.4625,2023-09-22,0.0930920977925145,1084.0553248074225,2859.3962579099334,2823.5478668075207,0.1996791262710425,0.06655374339854891,0.13705374339854892,-0.06262538287249358,C3,6.90552038037833e-06,0.16596428615054795,-0.02891054275199903
86,2023-09-23,2023-09-23,5157.5,0.0098551170811302,101.48150662389392,2153.528153379355,0.1094002290719094,2104.028028299761,0.0918508676382211,0.0635208333333333,0.0495,0.0569893388206339,0.0009130648950971,0.0005279793133887,9.958333333333334,10.477083333333333,0.0,790.9479166666666,48.97291666666666,10.595833333333331,2023-09-23,0.0918508676382211,1073.307342156284,2879.8415533271973,2830.6598577054333,0.19426414871495473,0.06518192047821468,0.13568192047821467,-0.05858222823674006,C3,8.39606429880896e-06,0.1645680991501743,-0.02888617867195964
87,2023-09-24,2023-09-24,5174.104166666667,0.009834979723469,101.68678984134677,2158.279029572859,0.1080814186185351,2111.707917081972,0.0900344848632812,0.0618333333333333,0.0486041666666666,0.0556706304870271,0.002529406363143,0.0014626279490804,8.814583333333333,9.729166666666666,0.0012,792.9333333333334,61.3375,7.360416666666667,2023-09-24,0.0900344848632812,1068.6340443644708,2886.194742002858,2840.9920170659784,0.19261924459038232,0.06367363939417452,0.1341736393941745,-0.05844560519620781,C3,1.020072919488717e-05,0.1626134373496512,-0.028439797955476687
88,2023-09-25,2023-09-25,4964.3125,0.0100922201491917,99.09402529195796,2180.438929988826,0.1016243616170033,2132.83700647098,0.0851934523809523,0.0604583333333333,0.0480833333333333,0.0546935372849776,0.0037270299925461,0.0021551532065355,8.439583333333333,9.210416666666667,0.0,796.1833333333334,62.15833333333333,7.408333333333334,2023-09-25,0.0851934523809523,1064.131907984846,2915.828439586682,2869.4180952164993,0.18517234025880808,0.06255608280001493,0.1330560828000149,-0.05211625745879317,C3,1.0637667412889672e-05,0.15730792674823135,-0.024251843948216445
89,2023-09-26,2023-09-26,4996.166666666667,0.0099780552295654,100.22619557421564,2181.2155551692126,0.1009423795261202,2132.762514924213,0.0848677785773026,0.0593125,0.0474375,0.053780625004103,0.0048459870345706,0.0028021895496607,8.891666666666667,9.310416666666669,0.0,795.5229166666667,58.675,8.933333333333334,2023-09-26,0.0848677785773026,1059.8305487807008,2916.8669946027044,2869.3178778104875,0.18491788683211802,0.061511933544610535,0.13201193354461052,-0.052905953287507496,C3,1.102052056573606e-05,0.15737773609825004,-0.025365802553639516
90,2023-09-27,2023-09-27,5124.083333333333,0.0098320588111441,101.7236801671674,2198.3791631041063,0.0961403092784638,2149.323317614194,0.0811996459960937,0.0586041666666666,0.047125,0.0532566875039663,0.0054881774921216,0.0031735358566573,9.489583333333334,9.722916666666666,0.0,793.19375,58.76666666666667,10.002083333333331,2023-09-27,0.0811996459960937,1059.501986646611,2939.819316474308,2891.5979989663783,0.17940249667974922,0.060912676680498615,0.1314126766804986,-0.047989819999250616,C3,1.2388948053550254e-05,0.15339860314718515,-0.02198592646668654
91,2023-09-28,2023-09-28,5329.666666666667,0.0096612737394317,103.5195884164826,2202.6855905615494,0.0951515796925534,2157.761739032728,0.0795089721679687,0.0576666666666666,0.0465833333333333,0.0525035833371628,0.0064112576483174,0.0037073064897065,9.916666666666666,10.03125,0.0,789.8270833333332,50.80833333333334,10.933333333333332,2023-09-28,0.0795089721679687,1065.391883673835,2945.578158641694,2902.9506522820993,0.17805034733283387,0.06005130897684972,0.13055130897684972,-0.04749903835598415,C3,9.442130543590662e-06,0.15144394134666206,-0.02089263236981234
92,2023-09-29,2023-09-29,5482.895833333333,0.0095369684110539,104.86223241153836,2226.910639410769,0.0886212282072575,2180.954712255984,0.0745592619243421,0.05625,0.0462291666666666,0.0515818739069711,0.0075409973606865,0.0043605779065001,10.241666666666667,10.283333333333331,0.0,788.6270833333333,45.9125,11.7125,2023-09-29,0.0745592619243421,1058.8188776657166,2977.973510519443,2934.153382189152,0.1706696929711301,0.0589970979256939,0.1294970979256939,-0.04117259504543622,C3,8.020009567994916e-06,0.1462082400952609,-0.01671114216956701
93,2023-09-30,2023-09-30,5564.833333333333,0.0094684979400728,105.62576801833782,2214.932958192347,0.0917123986686395,2164.405306973079,0.077970958891369,0.0550624999999999,0.0450416666666666,0.0503943739069712,0.0089965167082094,0.0052022312324089,10.104166666666666,10.283333333333331,0.0,787.8000000000001,51.64166666666667,10.691666666666668,2023-09-30,0.077970958891369,1055.2002316056312,2961.956155914076,2911.8885945660177,0.17427188567871138,0.05763888721173053,0.12813888721173053,-0.04613299846698085,C3,9.597851196525185e-06,0.14990813564625105,-0.02176924843452052
94,2023-10-01,2023-10-01,5647.958333333333,0.0094155726709793,106.21245678474214,2219.0792011341155,0.0905672773521017,2158.702099433033,0.0791723077947443,0.0544375,0.0443958333333333,0.0497596688631187,0.0097744749998284,0.0056520852207285,11.03125,10.75625,0.1352,786.05625,54.83958333333334,12.666666666666666,2023-10-01,0.0791723077947443,1050.7413234805483,2967.5007886578633,2904.2157687164413,0.17301470000348534,0.05691293926161085,0.12741293926161085,-0.0456017607418745,C3,1.3164389563399454e-05,0.151234513296606,-0.023821574034995158
95,2023-10-02,2023-10-02,5570.208333333333,0.0095619384126614,104.62231509515246,2173.0912588664755,0.1053990928189854,2100.4655404765904,0.0943521639195884,0.0531666666666666,0.044,0.0488964473715883,0.0108325260163506,0.0062639026854381,10.633333333333333,10.885416666666666,0.0477,787.5979166666666,68.46666666666667,9.975,2023-10-02,0.0943521639195884,1059.8983855227268,2906.0026434459987,2825.8670549770577,0.1876012698416179,0.055925624164078105,0.1264256241640781,-0.0611756456775398,C3,1.8688070339550853e-05,0.16554543005043584,-0.039119805886357745
96,2023-10-03,2023-10-03,5172.854166666667,0.0098355207332812,101.67665826823776,2057.250552709775,0.1424277127321885,1992.526305184842,0.1229044596354166,0.0647708333333333,0.044,0.0550949046124399,0.0032350738573166,0.0018706798203715,8.316666666666666,9.247916666666669,12.300699,788.3166666666666,91.54166666666669,5.1937500000000005,2023-10-03,0.1229044596354166,1073.6200705559725,2751.09272103178,2680.650709803806,0.23184960609723698,0.06301514924582056,0.13351514924582056,-0.09833445685141642,C3,2.356540158106016e-05,0.1976577310590297,-0.06414258181320914
97,2023-10-04,2023-10-04,5103.375,0.0099190258454893,100.8254281172522,2066.155665524328,0.1393602744094106,2010.750270344144,0.1174728393554687,0.0647916666666666,0.044,0.0551060329019208,0.0032214339073004,0.0018627925261792,7.56875,8.427083333333334,2.0197,791.31875,81.74791666666667,5.341666666666666,2023-10-04,0.1174728393554687,1066.2599370077537,2763.0012321325858,2705.1683711328446,0.22799401498043875,0.06302787729803197,0.13352787729803195,-0.0944661376824068,C3,1.6918133826056044e-05,0.19165412695742304,-0.05812624965939109
98,2023-10-05,2023-10-05,4962.979166666667,0.0100675878679656,99.33583625235175,2088.6085389013647,0.1307745707235764,2036.230336621178,0.1096824087747713,0.0631458333333333,0.044,0.0542268980329311,0.0042989899585817,0.0024858887673646,7.029166666666666,7.925,0.0,796.1229166666667,76.66041666666666,5.172916666666667,2023-10-05,0.1096824087747713,1062.3412054023895,2793.0267127102684,2739.4480479299064,0.21864288414161592,0.06202236117333244,0.13252236117333244,-0.08612052296828349,C3,1.3470629701181511e-05,0.18369586105529326,-0.05117349988196082
99,2023-10-06,2023-10-06,4920.020833333333,0.010074218378183,99.27216245880092,2103.5287127479146,0.1257218466142173,2050.586508462324,0.1057448614211309,0.0619583333333333,0.0440416666666666,0.0536119956202257,0.0050526761552396,0.0029217074290597,7.145833333333333,7.816666666666666,0.0,796.75625,74.65416666666667,5.9750000000000005,2023-10-06,0.1057448614211309,1057.414356112977,2812.9789648128167,2758.76216294856,0.21270592793476611,0.061319062609140045,0.13181906260914003,-0.08088686532562608,C3,1.4377517090328116e-05,0.17936768135413494,-0.047548618744994914
100,2023-10-07,2023-10-07,4955.25,0.0100219782629957,99.7905931015512,2119.384115784967,0.1202449588228787,2065.99806637339,0.1014858338891006,0.0609583333333333,0.0442708333333333,0.0531845932075202,0.0055765435075517,0.0032246334603481,7.14375,7.75625,0.0,796.1083333333332,73.16041666666666,6.395833333333333,2023-10-07,0.1014858338891006,1063.0909805348442,2834.1818677974848,2779.496144500512,0.20662410225193323,0.06083021836820492,0.1313302183682049,-0.07529388388372832,C3,1.4501296211176991e-05,0.1748998829529393,-0.04356966458473438
101,2023-10-08,2023-10-08,5095.854166666667,0.0098766648814539,101.26392695426462,2130.115931579269,0.1167827145200376,2082.960811690517,0.0971200125558035,0.0607083333333333,0.0443125,0.0530704638214546,0.0057164319534797,0.0033055238833933,7.16875,7.73125,0.0,794.3354166666667,66.53541666666666,6.810416666666666,2023-10-08,0.0971200125558035,1058.0962394371213,2848.533168020138,2802.3170202682522,0.20263410386520586,0.06069968215352503,0.131199682153525,-0.07143442171168085,C3,1.1775414985357259e-05,0.17022265650168758,-0.03902297434816257
102,2023-10-09,2023-10-09,5295.104166666667,0.0096955275844612,103.15044975125043,2148.489360657279,0.1108925800126895,2102.9774520126816,0.0920372939691311,0.0597291666666666,0.0442291666666666,0.0525086140404433,0.0064050915127752,0.0037037409249506,7.04375,7.629166666666666,0.0027,790.4458333333333,63.14791666666667,6.866666666666667,2023-10-09,0.0920372939691311,1056.809216715266,2873.1033434566343,2829.2464620266237,0.19602807103468683,0.06005706287587654,0.13055706287587654,-0.0654710081588103,C3,1.0287755017676617e-05,0.16484733655024905,-0.03429027367437251
103,2023-10-10,2023-10-10,5487.958333333333,0.0095106264910732,105.15375174360706,2148.3547289397625,0.1108384452364285,2101.1857110248297,0.0924545288085937,0.0599166666666666,0.0441041666666666,0.0525505383826565,0.0063537048254291,0.003674026599005,6.879166666666666,7.527083333333334,0.0,785.8020833333334,60.99583333333334,5.852083333333333,2023-10-10,0.0924545288085937,1057.7133731385277,2872.9233049398904,2826.8359383921947,0.1960754773878004,0.060105014110209035,0.13060501411020903,-0.06547046327759137,C3,7.991071121109102e-06,0.16533600200037982,-0.03473098789017079
104,2023-10-11,2023-10-11,5730.75,0.0093965333331122,106.44626177416328,2099.398523650829,0.1282792443479619,2034.5773728367087,0.1115890502929687,0.0591666666666666,0.0440833333333333,0.0521402149174923,0.0068566385031463,0.0039648477435557,7.183333333333334,7.520833333333333,0.5155,778.6875,75.97916666666667,6.5062500000000005,2023-10-11,0.1115890502929687,1060.7157182419592,2807.455800341425,2737.2242285852944,0.21432813716695087,0.05963570402467082,0.1301357040246708,-0.08419243314228006,C3,1.649620933783702e-05,0.18418452650542402,-0.05404882248075321
105,2023-10-13,2023-10-13,4822.125,0.010222586270475,97.82934421397653,1943.6865532021905,0.1940328462033453,1894.656335199812,0.1591774545064786,0.1669375,0.0586041666666666,0.1164712719672561,0.0719939704926681,0.0416304769934262,6.320833333333333,6.841666666666666,9.4788,789.0812500000001,82.03125,3.78125,2023-10-13,0.1591774545064786,1041.1540963162963,2599.2273626751853,2548.9810782279715,0.2898919316978573,0.1332147616462162,0.20371476164621619,-0.08617717005164113,C3,1.210500426926423e-05,0.23542458941913677,-0.031709827772920585
106,2023-10-14,2023-10-14,4687.0,0.0103645176368989,96.48764691896898,1959.3099761217693,0.1856495260838339,1914.844007466884,0.150617646008003,0.1571875,0.0597291666666666,0.1117873048582354,0.0662528296502761,0.0383106652075273,4.991666666666666,6.039583333333333,0.0,794.3395833333334,83.29583333333333,1.9625,2023-10-14,0.150617646008003,1046.5214590369812,2620.120046366552,2576.1406182808155,0.28078035893928827,0.12785744433141666,0.19835744433141664,-0.08242291460787163,C3,6.588829086925316e-06,0.2267682300168202,-0.02841078568540356
107,2023-10-15,2023-10-15,4589.395833333333,0.0104479866308187,95.71747277622757,1972.3267848681733,0.1790465829801781,1930.53382960002,0.1444143900057164,0.149,0.0612916666666666,0.1081417653811824,0.0617844900789,0.0357268501122905,4.84375,5.604166666666667,0.1407,798.4187499999999,75.93958333333333,3.389583333333333,2023-10-15,0.1444143900057164,1040.1492657118383,2637.526991644134,2597.248963364362,0.2734963659299698,0.12368783525696596,0.19418783525696595,-0.07930853067300384,C3,8.58072924767817e-06,0.22041557916512008,-0.026227743908154133
108,2023-10-16,2023-10-16,4624.895833333333,0.0103580356957094,96.55862852962942,1973.625168306136,0.1785542913092779,1927.2953969301168,0.1457504272460937,0.1419375,0.0630208333333333,0.1051747938869166,0.0581478716254661,0.0336239773324795,5.154166666666667,5.6625000000000005,0.0,798.2624999999999,73.13125000000001,5.039583333333334,2023-10-16,0.1457504272460937,1036.9644985506457,2639.263276619526,2592.8921291220045,0.2727844902429357,0.12029434264935665,0.19079434264935666,-0.08199014759357906,C3,1.1412934386249799e-05,0.22174195681547507,-0.03094761416611841
109,2023-10-17,2023-10-17,4828.375,0.0101454649838535,98.57564041043231,1989.1768287814984,0.1710522737689211,1943.0254163474528,0.1397742294683689,0.1409166666666666,0.0644166666666666,0.1052797456404675,0.0582765110426028,0.0336983630103204,5.795833333333333,6.0687500000000005,0.0,793.5083333333333,69.25833333333334,6.979166666666667,2023-10-17,0.1397742294683689,1039.1433277881947,2660.0599947817223,2614.0545537317003,0.26445626004350226,0.12041438188819631,0.1909143818881963,-0.07354187815530597,C3,1.3508634546821981e-05,0.21552892466381232,-0.024614542775616033
110,2023-10-18,2023-10-18,4908.479166666667,0.0101167839734047,98.85153580091836,2005.7879341862813,0.1635264744682321,1960.7770855829224,0.1334369938548018,0.1338333333333333,0.0653333333333333,0.1019231491464753,0.0541623290309538,0.0313193393447183,6.11875,6.375,0.0,793.1875,62.20416666666667,7.160416666666666,2023-10-18,0.1334369938548018,1031.603423384546,2682.2734734011333,2637.936810448933,0.25594692106854167,0.11657525319717106,0.18707525319717105,-0.06887166787137061,C3,1.0301996403867942e-05,0.20889703641203752,-0.02182178321486647
111,2023-10-19,2023-10-19,4778.020833333333,0.0102466625271561,97.60194699553315,2015.260663820312,0.1598080437492763,1968.3238846775048,0.1311248779296875,0.127375,0.0662083333333333,0.0988809912492046,0.0504335545655247,0.0291631773976212,5.8625,6.264583333333333,0.0,796.4875000000001,69.18124999999999,6.3875,2023-10-19,0.1311248779296875,1051.8180919623196,2694.9410395904615,2648.089917234523,0.25126306186054415,0.1130957656606307,0.1835957656606307,-0.06766729619991343,C3,1.2324340498281532e-05,0.20610466241129025,-0.022508896750659535
112,2023-10-20,2023-10-20,4829.25,0.0101309617102982,98.72095500689504,2056.226850500981,0.1428823136016629,2017.155506016024,0.1153273809523809,0.1223333333333333,0.0668958333333333,0.0965082116419619,0.0475252374069988,0.0274814444729184,5.489583333333333,6.029166666666666,0.0,795.4541666666668,61.61041666666667,5.941666666666666,2023-10-20,0.1153273809523809,1056.1551910557491,2749.723758125727,2713.785672448068,0.23229839428647098,0.11038188382110978,0.18088188382110978,-0.05141651046536119,C3,8.332320627333563e-06,0.18962965580688124,-0.008747771985771452
113,2023-10-21,2023-10-21,5066.229166666667,0.0099207247340846,100.80694274259596,2041.0911439945496,0.1489210430706501,2003.333375403157,0.119636713072311,0.1160625,0.0666875,0.0930615460696917,0.0433006576807839,0.0250385833847527,5.391666666666667,5.852083333333333,0.0,790.7395833333334,56.81875,6.652083333333334,2023-10-21,0.119636713072311,1040.1981698225277,2729.483281367721,2695.190031255293,0.23907201497791158,0.10643973804619908,0.17693973804619909,-0.0621322769317125,C3,7.55719058651449e-06,0.19409745420807692,-0.017157716161877834
114,2023-10-22,2023-10-22,5187.3125,0.0097719058888714,102.34796850358708,2038.2273552564693,0.1500409103912213,1999.726201856552,0.1207478841145833,0.1102708333333333,0.0662291666666666,0.0897543706292524,0.0392470510793423,0.0226945874194392,5.666666666666667,5.96875,0.0,787.2958333333332,53.29583333333333,7.485416666666667,2023-10-22,0.1207478841145833,1037.5716658440908,2725.6536319642837,2690.3371104667794,0.24038347060646942,0.1026571350010104,0.1731571350010104,-0.06722633560545901,C3,7.2514525135270865e-06,0.1952842131583945,-0.0221270781573841
115,2023-10-23,2023-10-23,5363.833333333333,0.0096356551110277,103.7915138739328,2080.2994686911384,0.1340152651489184,2040.00140470602,0.108819580078125,0.1060208333333333,0.0658333333333333,0.0872998037419558,0.0362384872105008,0.0209548868852422,5.589583333333334,5.9437500000000005,0.0,784.0749999999999,56.15,7.002083333333334,2023-10-23,0.108819580078125,1056.3826001227264,2781.91526955436,2744.5214646833238,0.22204339300632248,0.09984970843724936,0.17034970843724936,-0.05169368456907311,C3,7.720132222897557e-06,0.18250910210497565,-0.012159393667726281
116,2023-10-24,2023-10-24,5338.208333333333,0.0097096570203866,102.99628813705048,2063.104297263034,0.1402007569316896,2021.7486240723267,0.1139504037252286,0.1029166666666666,0.0653333333333333,0.0854087675568455,0.0339206432068848,0.0196145947634636,5.585416666666667,5.927083333333333,0.0,785.0708333333333,56.6375,6.2625,2023-10-24,0.1139504037252286,1037.279633054228,2758.920738873378,2719.9650363770666,0.22930545631992166,0.09768682371547299,0.16818682371547297,-0.06111863260444869,C3,7.057186376808682e-06,0.1881636594564889,-0.01997683574101594
117,2023-10-25,2023-10-25,5303.104166666667,0.0096929345066759,103.17820512583528,2068.450200997061,0.1380218764410726,2026.6685826950256,0.1123809814453125,0.0990833333333333,0.064625,0.0830311908013798,0.0310064461813682,0.0179294618086498,5.404166666666666,5.8375,0.0,786.85,61.82916666666667,5.820833333333333,2023-10-25,0.1123809814453125,1044.6112980984813,2766.069638082882,2726.584116155248,0.22701441329328942,0.09496745510701485,0.16546745510701485,-0.061546958186274564,C3,8.240373800851121e-06,0.1866278537560779,-0.02116039864906305
118,2023-10-26,2023-10-26,5419.25,0.0096858595331657,103.27279382612215,2050.740047417298,0.1454654808587806,2006.1971286736648,0.1191319056919642,0.095375,0.064,0.0807592039582092,0.0282216707644821,0.0163191668335124,5.71875,5.9,0.0,784.8291666666668,45.12916666666666,9.089583333333334,2023-10-26,0.1191319056919642,1052.2083923857206,2742.386438903538,2699.04278954376,0.2347237254280195,0.09236885563553832,0.1628688556355383,-0.07185486979248121,C3,5.992579310165442e-06,0.19312012330781533,-0.030251267672277038
119,2023-10-27,2023-10-27,4930.4375,0.0100786274687397,99.23071304851078,1933.5960283543309,0.1990213233107884,1883.5244589000345,0.1636004780614098,0.1255,0.0661875,0.0978697401520727,0.0491940635869317,0.0284464423666906,4.972916666666666,5.545833333333333,5.4509997,789.0833333333334,88.00208333333335,3.208333333333333,2023-10-27,0.1636004780614098,1042.19575616998,2585.733639499964,2534.0047780271675,0.2960030647148859,0.11193914075567755,0.18243914075567755,-0.11356392395920836,C3,1.2816171212145295e-05,0.24038105327046325,-0.0579419125147857
120,2023-10-28,2023-10-28,4834.8125,0.0102622961278904,97.46927308139254,1842.9145693218115,0.2596747042437834,1789.367098456643,0.2147987002418154,0.2059791666666666,0.0905,0.1521841085925322,0.1157672123141529,0.0669423319183132,5.252083333333333,5.53125,8.7664995,786.0770833333332,87.55624999999999,4.21875,2023-10-28,0.2147987002418154,1013.8316024520284,2464.468341236559,2407.329915843897,0.3604997937816005,0.17406154676661825,0.24456154676661826,-0.11593824701498226,C3,1.6580895085013226e-05,0.29008531048376496,-0.0455237637171467
121,2023-10-29,2023-10-29,4524.270833333333,0.01057273386811,94.59448217486182,1828.83520537152,0.267096335149041,1792.3283267883014,0.210469315691692,0.2444583333333333,0.1500833333333333,0.2004944846817315,0.1749812645953625,0.1011828276752667,3.8541666666666665,4.766666666666667,31.5481,789.2541666666666,91.7125,-0.6145833333333334,2023-10-29,0.210469315691692,1028.2332394611926,2445.6404762351935,2411.3138124722605,0.372374418584005,0.22931684815605463,0.2998168481560546,-0.07255757042795041,C3,-2.80552094613092e-06,0.2882702673832792,0.011546580772775372
122,2024-04-12,2024-04-12,4543.770833333333,0.0104768836700052,95.45475913129192,1847.687721336028,0.2525648974057315,1818.991641359892,0.1947501046316964,0.2335833333333333,0.1622291666666666,0.2003435581386896,0.1747962738556132,0.1010758568736506,3.3666666666666667,2.9375,0.0,790.3708333333334,49.07083333333333,5.820833333333333,2024-04-12,0.1947501046316964,980.1714777421768,2470.8513186261594,2447.1853755959532,0.3566043477068499,0.22914422495792328,0.2996442249579233,-0.05696012274892659,C3,4.633744295156695e-06,0.2727725916791318,0.026871633278791496
123,2024-04-13,2024-04-13,4579.583333333333,0.0104510045554881,95.69133714583074,1855.209905003929,0.2471782983986734,1820.504488482797,0.1939552708675986,0.2295833333333333,0.1580833333333333,0.1962756228317224,0.1698102035029714,0.0981926642162266,5.3875,4.272916666666666,0.0,789.4458333333333,40.24791666666667,11.310416666666669,2024-04-13,0.1939552708675986,982.8893322153187,2480.910484588112,2449.220688607022,0.3505932715978492,0.2244914979536006,0.2949914979536006,-0.05560177364424862,C3,5.8598705646006895e-06,0.2719348794789076,0.02305661847469298
124,2024-04-14,2024-04-14,4583.145833333333,0.0104065710950516,96.11539606832784,1855.7615226370965,0.2471655414396398,1825.929224240349,0.1912623814174107,0.2203333333333333,0.1528541666666666,0.1888986962952454,0.1607683009353105,0.0929641886335645,5.135416666666667,4.6000000000000005,0.0,788.7666666666668,49.30416666666667,7.645833333333333,2024-04-14,0.1912623814174107,980.619255797836,2481.6481444970623,2456.51887168302,0.35015849156870754,0.2160540910837357,0.28655409108373564,-0.0636044004849719,C3,6.1538514012527875e-06,0.2690028867781229,0.017551204305612744
125,2024-04-15,2024-04-15,4853.208333333333,0.0101627608863006,98.4069342444242,1866.017843640083,0.2395900087554892,1833.233579824764,0.1872820172991071,0.2120625,0.1483333333333333,0.1823747708553532,0.1527719222409444,0.0883402867013821,4.504166666666666,4.55,0.0,781.8416666666667,47.958333333333336,5.083333333333333,2024-04-15,0.1872820172991071,979.5266587457564,2495.363581354627,2466.3458064296633,0.34221993554038904,0.20859230966936895,0.27909230966936893,-0.06312762587102011,C3,3.839005445089996e-06,0.2650935631770768,0.013998746492292158
126,2024-04-16,2024-04-16,4610.4375,0.0104857094349436,95.37926534613015,1848.354391179838,0.2520821576791832,1802.009780489252,0.2042322403345352,0.2142708333333333,0.1473124999999999,0.1830788223915566,0.1536348785631316,0.088839290757851,4.122916666666667,3.9,5.9122,785.6708333333332,77.59166666666667,4.122916666666667,2024-04-16,0.2042322403345352,980.8693113530136,2471.742834028705,2424.338782666056,0.35606534175461657,0.20939757311328802,0.279897573113288,-0.07616776864132857,C3,1.1133448822258106e-05,0.2824760913317286,-0.002578518218440573
127,2024-04-17,2024-04-17,4538.625,0.0104533556956528,95.67262161861824,1857.3856302974657,0.2456380940907954,1820.1080150911791,0.1941759062976372,0.2123541666666666,0.1467916666666666,0.1818123936630042,0.1520826162333068,0.0879416958513982,4.6875,4.229166666666667,3.3054,787.4895833333334,63.2875,6.589583333333334,2024-04-17,0.1941759062976372,979.6844029016588,2483.8200096384903,2448.6872920461374,0.34888308660104045,0.20794908716163243,0.2784490871616324,-0.07043399943940803,C3,9.9317301039418e-06,0.2721443075289637,0.006304779632668733
128,2024-04-18,2024-04-18,4571.9375,0.0104766105542677,95.45587405441027,1858.2558043048327,0.2449596033016667,1815.0590987057983,0.1967593462039263,0.2052291666666666,0.1429791666666666,0.1762304956355438,0.1452408810123651,0.0839854659232331,5.891666666666667,5.2875000000000005,0.1019,787.0187500000001,51.49791666666667,9.464583333333334,2024-04-18,0.1967593462039263,985.612727272827,2484.9836643885374,2441.8947185895195,0.34820261587614804,0.2015647556204549,0.27206475562045485,-0.07613786025569319,C3,8.439897949991358e-06,0.2750064908797296,-0.002941735259274769
129,2024-04-19,2024-04-19,4591.0,0.0104613375135092,95.59672940397844,1875.699904343265,0.2335589488631586,1823.24606039812,0.1926385788690476,0.20375,0.1406458333333333,0.1743534221709267,0.1429401511222834,0.0826550700289423,6.05625,5.48125,0.0,787.3291666666668,61.177083333333336,8.854166666666666,2024-04-19,0.1926385788690476,988.9116510737548,2508.311079018452,2452.909069875398,0.33497055574234014,0.19941784084947425,0.26991784084947423,-0.0650527148928659,C3,1.2185893602138465e-05,0.27046888312851525,-0.0005510422790410141
130,2024-04-20,2024-04-20,4487.541666666667,0.0105637611915658,94.66962952656976,1863.657154272906,0.2416279340792033,1814.091293035547,0.197723388671875,0.2046875,0.1395833333333333,0.1743592379610914,0.1429472795392146,0.0826591920324244,6.204166666666667,5.65,0.4711,789.0124999999999,69.33958333333334,7.679166666666667,2024-04-20,0.197723388671875,988.0730905603187,2492.2067100021786,2440.5926785862534,0.34402304582325044,0.19942449269664214,0.2699244926966421,-0.07409855312660835,C3,1.4913193485630274e-05,0.2755649656798791,-0.005640472983236999
131,2024-04-21,2024-04-21,4438.145833333333,0.0106003626516285,94.34958755229786,1868.2258984255373,0.2387519364298746,1833.5615953217148,0.1876060849144345,0.2005416666666667,0.1383125,0.1715527006793963,0.1395073053808554,0.0806700287166973,5.983333333333333,5.558333333333334,0.0,792.3833333333333,61.270833333333336,6.585416666666667,2024-04-21,0.1876060849144345,991.3812528923944,2498.31633955897,2466.787102974878,0.34054618314045504,0.19621449774494848,0.2667144977449485,-0.07383168539550655,C3,9.100343263371648e-06,0.2648841351270207,0.0018303626179277943
132,2024-04-22,2024-04-22,4598.833333333333,0.0103993911853545,96.1710671967732,1877.3209646157609,0.2327074631831554,1842.5487800256024,0.1828471858326981,0.1882916666666666,0.1342083333333333,0.1630973728257045,0.1291436057760575,0.0746772246664156,6.364583333333333,5.852083333333333,0.0,788.525,39.66875,10.4875,2024-04-22,0.1828471858326981,979.8830616388636,2510.478868989461,2478.8780364761947,0.33377920461239036,0.18654366247677326,0.25704366247677324,-0.07673554213561712,C3,5.277344077729862e-06,0.260206908675769,-0.0031632461989957728
133,2024-04-23,2024-04-23,4664.708333333333,0.0103627584586119,96.5062120656333,1875.9161802698543,0.2333571267883353,1833.758807205072,0.187172131660657,0.1787291666666666,0.1298333333333333,0.1559514287449648,0.1203848185206189,0.0696124603697307,7.683333333333334,6.710416666666667,0.0,787.0500000000001,44.84583333333333,12.285416666666668,2024-04-23,0.187172131660657,983.9877987965737,2508.6002976197497,2467.052422521088,0.3348112445151193,0.17837044326679888,0.24887044326679889,-0.0859408012483204,C3,7.98886217070178e-06,0.26481432577700204,-0.01594388251020315
134,2024-04-24,2024-04-24,4654.0625,0.0103376967752993,96.74433335522018,1894.522573952209,0.221575862178374,1858.077283294769,0.175213623046875,0.168875,0.1255625,0.1486982138307549,0.1114945493506198,0.0644716667225084,8.441666666666666,7.414583333333333,0.0,787.74375,39.83125,13.052083333333334,2024-04-24,0.175213623046875,987.2447626205632,2533.4820088710867,2499.7693507852523,0.3215154013808919,0.1700745323555066,0.2405745323555066,-0.0809408690253853,C3,6.621897395297551e-06,0.25238826147367655,-0.011813729118169941
135,2024-04-25,2024-04-25,4841.083333333333,0.0101195324359127,98.8321905385713,1905.0859016946897,0.2152664588142969,1868.2088474632176,0.1703266344572368,0.1587083333333333,0.1213541666666666,0.1413071897058891,0.1024353673617772,0.0592331993232951,8.06875,7.625,0.0,783.7645833333332,33.59583333333333,11.916666666666666,2024-04-25,0.1703266344572368,982.0843532525716,2547.607995627505,2513.3998783265465,0.314311028727762,0.16162100127882845,0.23212100127882843,-0.08219002744893358,C3,4.383165268360978e-06,0.2475016069723688,-0.015380605693540383
136,2024-04-26,2024-04-26,4896.0625,0.0101433494503234,98.59384859378008,1867.788856827284,0.2393886996423385,1815.0799493523805,0.1975715104923691,0.158,0.1182083333333333,0.1394633662418191,0.1001753920140967,0.0579263697225175,7.41875,7.114583333333333,2.0521998,780.3833333333333,72.84166666666667,6.7375,2024-04-26,0.1975715104923691,989.7750757479316,2497.731898369656,2441.922770063879,0.34087649653690083,0.15951211640846455,0.23001211640846456,-0.11086438012843627,C3,1.5082121992260214e-05,0.2750064908797296,-0.04499437447126506
137,2024-04-27,2024-04-27,4729.875,0.0103422539744981,96.7036584740991,1811.360380094386,0.280184187483188,1758.4034571825202,0.2313435872395833,0.2422083333333333,0.1368958333333333,0.1931493366591948,0.1659783129682286,0.0959768754542471,6.064583333333334,6.3812500000000005,7.4115996,779.2979166666668,97.08125,2.652083333333333,2024-04-27,0.2313435872395833,1000.378869698241,2422.271973765768,2365.672896439133,0.38796406730059674,0.22091578816459606,0.291415788164596,-0.09654827913600073,C3,1.460657437008178e-05,0.31026021263916415,-0.018844424474568133
138,2024-04-28,2024-04-28,4478.604166666667,0.0106086394555258,94.26961964100111,1795.2198855602385,0.2942911964075224,1744.461926601522,0.2414558224561737,0.2798541666666667,0.1906458333333333,0.2382971688904726,0.221316033651464,0.1279758844269039,6.172916666666667,5.9625,8.855,784.56875,86.81041666666665,4.164583333333334,2024-04-28,0.2414558224561737,1001.2368038534102,2400.6878274068044,2346.91662017294,0.4032763153813905,0.2725539098056464,0.34305390980564643,-0.0602224055757441,C3,1.5927577486203075e-05,0.32010333099179833,0.0229505788138481
139,2024-04-29,2024-04-29,4403.958333333333,0.0106054188769234,94.30575375085076,1809.603860785434,0.2825125397120532,1762.881857019112,0.2291609601276676,0.2712291666666667,0.1863541666666666,0.2316908180117824,0.2132186260552885,0.1232935625833919,6.295833333333333,6.15,2.79,787.6520833333334,80.47083333333333,5.3875,2024-04-29,0.2291609601276676,1000.117636287614,2419.923038931922,2371.697923897745,0.3895864348695447,0.26499785376889773,0.33549785376889774,-0.05408858110064696,C3,1.625478194801261e-05,0.30718860123834213,0.028309252530555606
140,2024-04-30,2024-04-30,4619.6875,0.0103592639375373,96.53910699651978,1848.3022221307333,0.2524518113381895,1810.9788169553933,0.1995147705078125,0.2529166666666667,0.1745208333333333,0.2163965866498945,0.1944724789793145,0.1124536125261688,7.535416666666666,6.729166666666667,0.0,784.4979166666667,45.47916666666666,10.910416666666668,2024-04-30,0.1995147705078125,1000.5876147461538,2471.6730700949606,2436.405300386126,0.3561074762568303,0.24750497890780096,0.318004978907801,-0.03810249734902932,C3,7.316022130936465e-06,0.2773101994303462,0.04069477947745481
141,2024-05-01,2024-05-01,4726.208333333333,0.0103374596381721,96.75166157034155,1849.2947403710748,0.2520764562210242,1804.4431373964403,0.2039082845052083,0.2395833333333333,0.1647083333333333,0.2047034057276254,0.1801401412391476,0.1041659454830683,6.9,6.9125000000000005,0.0,783.1625,58.03541666666666,7.25,2024-05-01,0.2039082845052083,990.2925284198342,2473.0003317174687,2427.6125060309555,0.355307155874197,0.23413082850027314,0.3046308285002731,-0.05067632737392386,C3,8.694566031336733e-06,0.281079904331355,0.02355092416891813
142,2024-05-02,2024-05-02,4597.645833333333,0.0103833643379439,96.31989598253774,1827.8126752103303,0.2673052882764305,1796.5000216865533,0.2075547438401442,0.2460625,0.1670208333333333,0.2092415636238019,0.1857025636559886,0.1073824134298611,6.285416666666666,6.095833333333334,3.616,786.1270833333333,68.47916666666667,4.635416666666667,2024-05-02,0.2075547438401442,990.2793449827022,2444.273080669408,2416.9262136039215,0.37325996998607475,0.23932137559605832,0.30982137559605827,-0.06343859439001648,C3,8.688892705740366e-06,0.28575713078260667,0.024064244813451596
143,2024-05-03,2024-05-03,4772.583333333333,0.0102454603550337,97.61517856293229,1854.0107594979377,0.2479734809520804,1822.9940480876933,0.1925681509622713,0.2303958333333333,0.1594791666666666,0.197359864059591,0.1711391585215354,0.0989611317829829,6.71875,6.454166666666667,0.0134,784.225,43.020833333333336,8.158333333333333,2024-05-03,0.1925681509622713,986.0895082058698,2479.306907197577,2452.5700244248724,0.35154123683995453,0.22573160578704232,0.29623160578704233,-0.0553096310529122,C3,4.851976226268358e-06,0.27060850182855267,0.025623103958489657
144,2024-05-04,2024-05-04,4658.4375,0.01033893034956,96.73566944904404,1856.283525255607,0.2468800864581182,1818.4104450220736,0.195379638671875,0.2164374999999999,0.15225,0.1865362598905992,0.1578726614454117,0.0912897865643278,6.80625,6.577083333333333,0.0,787.0166666666668,56.2625,7.141666666666667,2024-05-04,0.195379638671875,981.1221743584098,2482.3462012321797,2446.4034615145915,0.3497478009558915,0.21335203934828487,0.28385203934828485,-0.06589576160760663,C3,7.913872421481647e-06,0.2731216384292252,0.010730400919059635
145,2024-05-05,2024-05-05,4852.833333333333,0.0100833828937986,99.18682251621716,1866.5597424662728,0.2396799395337985,1824.436141510512,0.1919766939603365,0.2065416666666666,0.1467291666666666,0.1786784857662806,0.1482413837473818,0.0857205051108766,7.283333333333334,6.952083333333333,0.0,780.9250000000001,54.32083333333333,9.614583333333334,2024-05-05,0.1919766939603365,990.9252890998788,2496.088244626343,2454.5101487521765,0.3418080269088375,0.20436465997687053,0.2748646599768705,-0.06694336693196701,C3,9.759927655354567e-06,0.26977078962832846,0.005093870348542029
146,2024-05-07,2024-05-07,4653.520833333333,0.0103403805077259,96.71729013871835,1796.2543480293975,0.2934466269910988,1761.0157025653182,0.2301116943359375,0.2775416666666667,0.1907916666666666,0.2371298640650618,0.2198852675395968,0.1271485446469827,4.766666666666667,4.954166666666667,9.1332,781.0812500000001,66.11874999999999,3.295833333333333,2024-05-07,0.2301116943359375,983.4716728680482,2402.071179651058,2369.187287903556,0.4022670283437947,0.2712187974516808,0.34171879745168077,-0.06054823089211392,C3,5.600024218225348e-06,0.3084451695386784,0.03327362791300237
147,2024-05-08,2024-05-08,4682.604166666667,0.010364819175073,96.48692710709892,1811.7373372222803,0.2802157291444651,1784.7723967270165,0.2145184772770579,0.25775,0.1765,0.2199003289754421,0.1987670177107413,0.1149369273736844,4.610416666666667,5.03125,4.7598,782.8854166666666,55.48333333333333,1.98125,2024-05-08,0.2145184772770579,980.3622092656606,2422.776065991834,2401.1484213156646,0.3876172584965685,0.25151240658403345,0.3220124065840334,-0.06560485191253507,C3,2.1198834285216967e-06,0.292947493834531,0.029064912749502403
148,2024-05-09,2024-05-09,4554.958333333333,0.0105154891702117,95.10375665323848,1822.958893443534,0.2710339343223521,1788.92533205645,0.2118350297976763,0.2471875,0.1691875,0.2108518158164244,0.1876762505787282,0.1085236968938382,4.391666666666667,4.608333333333333,0.0005,787.7145833333334,61.739583333333336,2.6104166666666666,2024-05-09,0.2118350297976763,986.3365342195916,2437.7822797941712,2406.73558421015,0.3775078113210754,0.2411631118320188,0.3116631118320188,-0.06584469948905664,C3,3.6812186198115998e-06,0.2903645478838397,0.021298563948179083
149,2024-05-10,2024-05-10,4415.083333333333,0.0107423620940059,93.1282368268725,1795.0631055714362,0.3088842675474681,1754.5701311969733,0.2486936987900152,0.2378124999999999,0.1636041666666667,0.2032431337975705,0.1783502851997038,0.1031309621343002,6.079166666666667,5.566666666666666,0.0085,791.2270833333333,62.15625,6.229166666666667,2024-05-10,0.2486936987900152,965.7726026731144,2400.478170743726,2360.5157208488654,0.4034296236570767,0.23246063314810414,0.3029606331481042,-0.10046899050897251,C3,8.94369280373777e-06,0.3129129679398741,-0.009952334791769935
150,2024-05-11,2024-05-11,4099.895833333333,0.0110518475322964,90.49123596435334,1804.7481385812148,0.2861156756580698,1759.7629496597472,0.2306674864233994,0.2285416666666666,0.1584583333333333,0.1958938991470224,0.16934232459056,0.097922113471969,6.139583333333333,5.9750000000000005,0.5311,788.8416666666667,71.79583333333333,5.366666666666667,2024-05-11,0.2306674864233994,974.6727179623764,2413.429643174276,2367.5018933585557,0.39412625551457603,0.2240548990497411,0.2945548990497411,-0.09957135646483495,C3,1.1518335487594294e-05,0.3092828817389026,-0.014727982689161534
151,2024-05-12,2024-05-12,4049.3333333333335,0.0111035145096544,90.07422678681031,1786.4073653379298,0.3040708377991842,1733.8463509871744,0.2513870239257812,0.2562708333333333,0.1684791666666666,0.2153737785391059,0.1932188225632672,0.1117286863382009,7.114583333333333,6.385416666666667,8.0629,786.3770833333333,77.19166666666666,6.941666666666666,2024-05-12,0.2513870239257812,978.1207756526936,2388.903137299124,2332.634926510212,0.41203676094399166,0.24633513559462045,0.3168351355946204,-0.09520162534937127,C3,1.8455495682313943e-05,0.32799178754390945,-0.011156651949289054
152,2024-05-13,2024-05-13,4160.229166666667,0.0109501681438757,91.32939883545932,1797.0613891896528,0.292307328897327,1750.056184311558,0.237120128813244,0.2502083333333333,0.1689583333333333,0.2123586623087754,0.1895231930826136,0.109591690461772,7.7875,7.058333333333334,4.8701,788.4791666666666,67.29166666666667,8.922916666666667,2024-05-13,0.237120128813244,973.2499457818938,2403.150408945043,2354.442870070977,0.4014823534328873,0.24288657713745831,0.3133865771374583,-0.08809577629542897,C3,1.5922429266011864e-05,0.3160543886907148,-0.0026678115532564606
153,2024-05-14,2024-05-14,4256.145833333333,0.0107934574618814,92.65913069354085,1818.1439020790287,0.2755181761130289,1767.5165513751174,0.2259597778320312,0.2348124999999999,0.1612291666666666,0.200534285113144,0.1750300480041715,0.1012110366567159,9.283333333333331,8.177083333333334,0.0,787.5229166666667,54.3,12.252083333333331,2024-05-14,0.2259597778320312,974.919463951576,2431.3433520333924,2377.9332226151673,0.3817953689653914,0.22936237015383554,0.29986237015383554,-0.08193299881155586,C3,1.2425525620268526e-05,0.30404718048750146,-0.0041848103336659115
154,2024-05-15,2024-05-15,4360.479166666667,0.0107082541853068,93.39493092282387,1838.4829235207,0.2596341415103397,1790.7697411023132,0.2111667730869391,0.2197916666666667,0.154,0.1891431381806272,0.1610679134772207,0.0931374394342576,9.1875,8.533333333333333,0.84529996,787.3291666666668,54.82083333333333,10.791666666666666,2024-05-15,0.2111667730869391,981.4082218334672,2458.542048744101,2409.2169649603547,0.364174587373171,0.21633367305229736,0.28683367305229734,-0.07734091432087364,C3,1.1206192253518478e-05,0.28924759828354074,-0.0024139252312433968
155,2024-05-16,2024-05-16,4426.229166666667,0.0106090247742449,94.2704547193394,1851.4844725286923,0.2507347445844446,1807.913378738756,0.2016637048055959,0.2069375,0.147875,0.1794237006783021,0.1491547940400218,0.0862486841502196,8.579166666666667,8.122916666666667,0.0,787.0187500000001,62.73333333333333,8.827083333333333,2024-05-16,0.2016637048055959,979.34509439851,2475.9285876811846,2432.281204704224,0.35355103952358763,0.2052170042949446,0.2757170042949446,-0.07783403522864302,C3,1.2992055815044373e-05,0.27905543318081316,-0.0033384288858685496
156,2024-05-17,2024-05-17,4478.770833333333,0.0105226484673975,95.0509602839906,1861.4859406476976,0.2432605851551689,1819.5639253594968,0.1948651569645579,0.1920625,0.1417916666666666,0.1686442291840363,0.1359423904055163,0.0786086184367977,9.4625,8.639583333333333,0.0,785.9958333333334,53.03541666666666,11.270833333333334,2024-05-17,0.1948651569645579,983.5652483731274,2489.3032182557563,2447.9552994387445,0.34569403421215056,0.19288791488494397,0.26338791488494395,-0.0823061193272066,C3,1.0789033642094635e-05,0.2724933542790571,-0.009105439394113124
157,2024-05-18,2024-05-18,4442.541666666667,0.0106783059996694,93.65414563804164,1869.756064888152,0.2373674458365871,1814.0881437960984,0.1973602294921875,0.1774791666666666,0.13575,0.1580399638302078,0.1229447370255045,0.0710927319493283,10.15,9.425,0.0,787.9479166666666,53.29583333333333,11.99375,2024-05-18,0.1973602294921875,979.0835681103092,2500.3625802619904,2440.588441748355,0.3393934548386604,0.18075921861775945,0.25125921861775946,-0.08813423622090094,C3,1.1618873398378915e-05,0.2755649656798791,-0.02430574706211963
158,2024-05-19,2024-05-19,4383.333333333333,0.0106300195008684,94.095998294006,1857.8701361751707,0.2464668424888089,1805.261193388968,0.2039352416992187,0.1748125,0.13175,0.1547521743569843,0.1189148918138339,0.0687624759956216,9.952083333333333,9.347916666666666,1.7665,787.3979166666667,66.42916666666666,11.85625,2024-05-19,0.2039352416992187,981.815807353458,2484.4679232296157,2428.7130798960643,0.34850395949624086,0.17699878839646385,0.24749878839646386,-0.101005171099777,C3,2.0408897180096784e-05,0.28059123888122417,-0.03309245048476031
159,2024-05-20,2024-05-20,4640.520833333333,0.0103253546500596,96.8611229540359,1895.8667295433904,0.220944885275834,1861.7916680178992,0.1735427856445312,0.168,0.1283333333333333,0.1495215965049338,0.1125037699086681,0.0650552479993239,9.904166666666669,9.320833333333333,0.0,784.0666666666666,46.645833333333336,11.779166666666669,2024-05-20,0.1735427856445312,996.507961550396,2535.279503424175,2504.7665084230885,0.3205852661531179,0.17101628155109538,0.24151628155109536,-0.07906898460202252,C3,8.355291186781475e-06,0.2505732183731908,-0.009056936822095435
160,2024-05-21,2024-05-21,4431.3125,0.0108063893068996,92.57236260455196,1808.3957340192148,0.2839496016529256,1757.7645829549444,0.233183361235119,0.2214583333333333,0.1413333333333333,0.1841327346768078,0.1549266593814685,0.0895862623621439,8.99375,9.158333333333331,6.3504,784.9645833333334,70.39583333333333,7.485416666666667,2024-05-21,0.233183361235119,995.9705135381264,2418.3074512008834,2364.8133852511655,0.39070838105447014,0.21060299202478774,0.2811029920247877,-0.10960538902968242,C3,1.517869536293737e-05,0.3106790687392762,-0.029576076714488475
161,2024-05-22,2024-05-22,4231.166666666667,0.0107815186886766,92.78129614927632,1798.559396507677,0.2915652140951835,1762.636042179908,0.2290761063738567,0.2681875,0.1855416666666667,0.2296875910373279,0.2107632697447216,0.1218737540397288,7.1375,7.391666666666667,16.2962,789.225,74.0625,4.25,2024-05-22,0.2290761063738567,987.1244963082936,2405.1536442939127,2371.3672162320654,0.40003215455701635,0.2627066501148306,0.3332066501148305,-0.06682550444218582,C3,9.989218212508305e-06,0.30732821993837944,0.025878430176451084
162,2024-05-23,2024-05-23,4540.895833333333,0.0105146722390776,95.12143173996012,1841.7866902919448,0.256764657383816,1803.5153012033657,0.2035275413876488,0.2438541666666666,0.1693333333333333,0.2091392248064504,0.1855771269160663,0.1073098796984982,8.214583333333334,8.0875,1.2935,782.4541666666668,44.27291666666667,10.333333333333334,2024-05-23,0.2035275413876488,1000.297447308458,2462.9600661335658,2426.364239073036,0.36142969212185166,0.23920432491969523,0.30970432491969524,-0.051725367202156425,C3,6.534568376311946e-06,0.28163837913150447,0.02806594578819077
163,2024-05-24,2024-05-24,4406.041666666667,0.0106216748899085,94.1557996722009,1833.974678281397,0.2628500058821731,1792.477112918235,0.2099231538318452,0.2307916666666667,0.1604583333333333,0.198027438620793,0.171957404997109,0.09943428239328,7.733333333333333,7.727083333333333,1.5267,787.1083333333332,66.675,6.4875,2024-05-24,0.2099231538318452,985.8799027342676,2452.5133223713524,2411.5139822987658,0.36797164106938135,0.22649514845768995,0.29699514845768993,-0.07097649261169142,C3,1.1282718958492184e-05,0.28820045803326055,0.008794690424429374
164,2024-05-25,2024-05-25,4620.416666666667,0.0103848003656448,96.30566162411633,1854.739850697065,0.2476019319775989,1807.1828066883552,0.201324462890625,0.2150625,0.1528333333333333,0.1860735340127297,0.1573054981040739,0.0909618246493021,8.779166666666667,8.341666666666667,0.0,782.84375,53.39166666666667,10.160416666666666,2024-05-25,0.201324462890625,989.0188969680476,2480.28189660188,2431.2983275997294,0.3509644060510985,0.21282279366832654,0.2833227936683266,-0.06764161238277194,C3,9.886107684301451e-06,0.2794742892809253,0.0038485043874012526
165,2024-05-26,2024-05-26,4413.291666666667,0.010690678507588,93.54377045200744,1828.64149932492,0.2665476222916653,1777.4039337035738,0.2189252986464389,0.2375416666666666,0.1571458333333333,0.2000899024400593,0.1744853679381683,0.1008960756842713,8.958333333333334,8.541666666666666,5.6098,788.1166666666667,73.14583333333333,8.18125,2024-05-26,0.2189252986464389,990.631753155838,2445.381439583523,2391.2352394507343,0.37254192894581173,0.22885410463157588,0.29935410463157586,-0.07318782431423587,C3,1.853855431073241e-05,0.2976247202857827,0.0017293843457931724
166,2024-05-27,2024-05-27,4321.729166666667,0.0107603207915395,92.94062788238448,1850.1460878691,0.2512644293498458,1805.255049593212,0.2029070172991071,0.2252708333333333,0.1546666666666666,0.1923804397173777,0.165035875599752,0.0954319115229953,9.53125,8.954166666666667,0.0,792.5416666666666,58.39166666666667,10.339583333333334,2024-05-27,0.2029070172991071,995.9296795127,2474.1388104029165,2428.704814323655,0.35462283237755826,0.22003635737359842,0.2905363573735984,-0.06408647500395986,C3,1.2596760028284146e-05,0.28059123888122417,0.009945118492374228
167,2024-05-28,2024-05-28,4282.6875,0.0108092892449255,92.52083336878816,1863.1167270090184,0.2420471462486801,1814.055226673639,0.1976089477539062,0.2041458333333333,0.1470208333333333,0.1775346030899134,0.1468393261753829,0.0849097660296017,9.910416666666666,9.427083333333334,0.0,793.8958333333334,58.76666666666667,11.039583333333333,2024-05-28,0.1976089477539062,990.191443645518,2491.484014601772,2440.5441566076993,0.34443783010529505,0.20305633685555757,0.2735563368555576,-0.07088149324973747,C3,1.3674033687932264e-05,0.2755649656798791,-0.0020086288243215122
168,2024-05-29,2024-05-29,4378.208333333333,0.0106324459528225,94.07172568768202,1878.5099710163408,0.232053023967481,1832.502065667476,0.1881176176525297,0.1871666666666666,0.13975,0.1650779868584888,0.1315712453926409,0.0760810060458132,10.502083333333331,9.8625,0.0,790.7479166666667,54.84166666666667,12.833333333333334,2024-05-29,0.1881176176525297,988.6082074482576,2512.0688876916493,2465.361661859093,0.33290938163930445,0.18880900243429247,0.25930900243429245,-0.073600379205012,C3,1.3338863777630589e-05,0.26544260992717017,-0.006133607492877724
169,2024-05-30,2024-05-30,4539.916666666667,0.0105062035814643,95.18995583042208,1912.5192276450607,0.2108396841382172,1864.594493470772,0.1720722477610518,0.1706875,0.132375,0.1528399243553431,0.1165710460246216,0.0674071483544843,10.829166666666666,10.25,0.0,789.4666666666667,47.19791666666666,13.264583333333334,2024-05-30,0.1720722477610518,1005.819459397642,2557.548335120031,2508.5372973055983,0.3093822846690661,0.174811640236459,0.245311640236459,-0.0640706444326071,C3,9.661012677367583e-06,0.24924684072283584,-0.003935200486376855
170,2024-05-31,2024-05-31,4535.1875,0.0105209879171605,95.05473286138108,1916.9000924398792,0.2085462968789924,1870.693848060841,0.1694582984561012,0.1569583333333333,0.1253958333333333,0.1422551918968704,0.1035973341242761,0.0599051060155126,10.195833333333333,10.052083333333334,0.0,790.3208333333333,54.30833333333334,10.90625,2024-05-31,0.1694582984561012,1008.4324389302416,2563.4067198622174,2516.7430806715033,0.3065301532000097,0.16270528484316668,0.2332052848431667,-0.07332486835684301,C3,1.1064831489813157e-05,0.2463148480220512,-0.013109563178884509
171,2024-06-01,2024-06-01,4554.5625,0.0104376283696827,95.82273934677004,1919.504475094399,0.2067978007166132,1869.2836856363413,0.1699732338509908,0.1473260869565217,0.1197173913043478,0.1344647940598826,0.0940486395755298,0.0543835782263303,10.582608695652176,10.134782608695652,0.0,789.5749999999999,53.8,13.133333333333333,2024-06-01,0.1699732338509908,998.9223470322756,2566.889474140345,2514.845914800048,0.30485268547229893,0.153794967530969,0.22429496753096897,-0.08055771794132996,C3,1.3019388484221007e-05,0.24701294152223804,-0.02271797399126907
172,2024-06-02,2024-06-02,4723.395833333333,0.0102859032104265,97.22819742994932,1932.1639406373308,0.1998327813301824,1886.100103879392,0.1626832543349847,0.1377916666666666,0.1145208333333333,0.1269511326834791,0.0848391410457692,0.0490581903634226,11.395833333333334,10.645833333333334,0.0,785.9625,47.57291666666666,14.160416666666668,2024-06-02,0.1626832543349847,999.20070505484,2583.818556240451,2537.4699290388007,0.29688536178167846,0.14520116931410598,0.21570116931410596,-0.0811841924675725,C3,1.0499737757191134e-05,0.2392641036701643,-0.02356293435605833
173,2024-06-03,2024-06-03,4757.708333333333,0.0102186788997318,97.87441600524008,1965.9973377344056,0.1823439125608669,1909.413973028387,0.1529920624523628,0.128,0.1093333333333333,0.1193042807082041,0.0754663907319533,0.0436384022390243,11.814583333333331,11.20625,0.0,785.9250000000001,49.62708333333333,14.81875,2024-06-03,0.1529920624523628,1016.6406141598072,2629.0628325678717,2568.8353066099285,0.2770044299478041,0.13645503349860172,0.2069550334986017,-0.07004939644920241,C3,1.210958895968631e-05,0.2290719385674367,-0.022116905068835013
174,2024-06-04,2024-06-04,4697.604166666667,0.0103956442998242,96.20314955101188,1948.2517066254427,0.1915080484926835,1872.8613638013417,0.1685994466145833,0.1224166666666666,0.1053333333333333,0.114458530707657,0.069526952518012,0.0402039250984068,12.73125,11.704166666666666,1.6990999,786.8520833333333,55.52708333333334,16.181250000000002,2024-06-04,0.1685994466145833,1001.0819121428478,2605.3321904690383,2519.6591538963157,0.287186442992563,0.13091267596771192,0.20141267596771192,-0.0857737670248511,C3,1.734767848004656e-05,0.24533751712178967,-0.04392484115407774
175,2024-06-05,2024-06-05,4536.75,0.0104884098427075,95.35525593305468,1957.025958643104,0.1871350928159079,1893.1522380748104,0.1597027445948401,0.1159375,0.1017083333333333,0.1093089550487761,0.0632151150417728,0.0365541082728772,11.98125,11.479166666666666,0.0,791.9104166666666,65.8,13.089583333333332,2024-06-05,0.1597027445948401,1000.0330169623888,2617.065705779797,2546.9575370504936,0.28208671877788927,0.12502281589844236,0.19552281589844236,-0.0865639028794469,C3,2.194517763380454e-05,0.2360528735693049,-0.04053005767086254
176,2024-06-06,2024-06-06,4528.833333333333,0.0105054353187365,95.20046790312716,1973.3484809061847,0.178768673255437,1907.8228557830955,0.1534713353866185,0.1079583333333333,0.0976875,0.1031737467140751,0.055695187098833,0.0322057137465236,12.78125,11.95,0.0,792.7541666666666,60.47291666666666,15.01875,2024-06-06,0.1534713353866185,1015.2931345587384,2638.8932717647435,2566.6946926758123,0.2729359731631204,0.11800563215731483,0.18850563215731483,-0.08443034100580557,C3,2.0047100416110312e-05,0.2297700320676235,-0.04126439991030867
177,2024-06-07,2024-06-07,4652.020833333333,0.0103620009642107,96.51251295262897,1994.5359325208208,0.1688042865515224,1922.7546053758824,0.147528671636814,0.1006666666666666,0.0936874999999999,0.0974154769760956,0.0486372729835617,0.0281244784821441,13.16875,12.4375,0.0,790.6458333333334,57.63541666666666,15.547916666666666,2024-06-07,0.147528671636814,1007.390873574113,2667.226545919154,2586.7831627955597,0.2616686172586749,0.1114195743450913,0.1819195743450913,-0.07974904291358362,C3,1.8317889945508767e-05,0.2235569999159608,-0.041637425570869524
178,2024-06-08,2024-06-08,4712.770833333333,0.0102950521262066,97.1442333333323,2002.991942077624,0.1652565371329676,1917.4865692141232,0.1498860203942587,0.0960625,0.0903333333333333,0.093393612940576,0.0437076722115152,0.0252739393311139,13.00625,12.429166666666667,0.6613,789.8666666666667,69.51875,14.7625,2024-06-08,0.1498860203942587,1016.5013165940572,2678.534486174683,2579.695795948987,0.2573524043120449,0.10681954165191478,0.17731954165191477,-0.08003286266013016,C3,2.8880733916636334e-05,0.22572108976653996,-0.04840154811462519
179,2024-06-09,2024-06-09,4615.958333333333,0.0104249004069274,95.93388445211812,1949.7207412175992,0.1908565374474156,1867.3553140496265,0.1714129780614098,0.0959166666666666,0.0882708333333333,0.0923549155728172,0.0424345403252044,0.0245377514623249,12.864583333333334,12.352083333333333,1.3014,790.56875,77.93958333333333,13.460416666666667,2024-06-09,0.1714129780614098,1024.3377745636217,2607.2966815555046,2512.251574816058,0.2863235084621424,0.10563152489953105,0.17613152489953104,-0.11019198356261134,C3,3.684274746949567e-05,0.24792046307248092,-0.07178893817294987
180,2024-06-10,2024-06-10,4556.0,0.0105021162393827,95.22556680280545,1921.30654697022,0.2058461751308359,1833.3407841972933,0.1872282482328869,0.1077916666666666,0.0881874999999999,0.0986592204015105,0.050161729925916,0.0290059949373674,13.389583333333334,12.702083333333334,0.0,790.6083333333332,73.02916666666667,14.46875,2024-06-10,0.1872282482328869,1022.5396774707308,2569.2993249063675,2466.4900341252105,0.3036997750386149,0.11284211383630827,0.18334211383630825,-0.12035766120230665,C3,3.263310895645123e-05,0.265023753827058,-0.08168163999074976
181,2024-06-11,2024-06-11,4475.625,0.010563033847588,94.68830058208948,1894.1623682301208,0.2226810187262712,1821.2969326687405,0.1947586059570312,0.125125,0.0895208333333333,0.1085390800561617,0.0622714788759417,0.036008451137662,13.520833333333334,12.772916666666667,1.8715999,791.7770833333334,73.67916666666666,15.077083333333334,2024-06-11,0.1947586059570312,1024.1058659984126,2533.000317742699,2450.286805558152,0.32176533353790254,0.12414226645559484,0.19464226645559482,-0.12712306708230772,C3,3.490021666401138e-05,0.27151602337879555,-0.07687375692320073
182,2024-06-12,2024-06-12,4549.708333333333,0.0104550296752541,95.65828007287853,1938.3824009968096,0.1969208872243044,1865.917256077643,0.1717674618675595,0.1208958333333333,0.0893958333333333,0.1062218070284278,0.0594311961598494,0.0343660590948569,14.18125,13.35,0.0,792.15,57.78333333333333,17.114583333333332,2024-06-12,0.1717674618675595,1022.2622909797212,2592.134296395899,2510.316879593563,0.29308145483599174,0.12149187062111334,0.19199187062111334,-0.1010895842148784,C3,2.02965350949996e-05,0.2486185565726677,-0.05662668595155437
183,2024-06-13,2024-06-13,4668.104166666667,0.0103595809561612,96.53566096720522,1972.5553370579216,0.1791665268517479,1904.809133264721,0.1546608529439786,0.1108333333333333,0.0883333333333333,0.1003518859726865,0.0522364309682171,0.0302056897648467,14.145833333333334,13.439583333333331,0.0,792.6583333333333,54.71875,16.639583333333334,2024-06-13,0.1546608529439786,1025.9764757146008,2637.832626883733,2562.6401728498954,0.2733708662007792,0.114778110900669,0.185278110900669,-0.08809275530011021,C3,1.7198993692311114e-05,0.23102660036795983,-0.04574848946729082
184,2024-06-14,2024-06-14,4648.583333333333,0.0103721320075989,96.42161045949037,1985.6424550241468,0.1727277812699968,1906.2256996325896,0.1540876116071428,0.1019375,0.0857708333333333,0.0944063859704982,0.0449490286238951,0.0259917530481874,14.585416666666667,13.914583333333333,0.5247,793.3729166666667,59.05,16.422916666666666,2024-06-14,0.1540876116071428,1017.6474596508102,2655.3335943418497,2564.5459542840626,0.26631742404608716,0.10797790727722306,0.17847790727722304,-0.08783951676886412,C3,2.0597430138189155e-05,0.23039831621779164,-0.051920408940568596
185,2024-06-15,2024-06-15,4724.25,0.0102793378222774,97.28861572221663,1990.4231746220355,0.1704893927373841,1907.6334300182127,0.1537315731956845,0.0968958333333333,0.0835208333333333,0.0906651951800599,0.0403634491895731,0.02334014406155,13.079166666666666,13.05625,0.703,790.9499999999999,76.67291666666667,12.35,2024-06-15,0.1537315731956845,1028.3348574282657,2661.726691609327,2566.4398482053693,0.2638042730116373,0.10369889640180849,0.1741988964018085,-0.08960537660982879,C3,3.217597527979506e-05,0.22983984141764222,-0.05564094501583372
186,2024-06-16,2024-06-16,4763.770833333333,0.0101790615791198,98.26348958004726,1965.342927177416,0.1827587277263522,1904.134104358168,0.155277350010016,0.1045833333333333,0.0825208333333333,0.094305691893588,0.0448256078431593,0.0259203850442036,13.014583333333334,12.545833333333334,0.0,786.2479166666667,70.36666666666666,14.21875,2024-06-16,0.155277350010016,1034.547636075973,2628.187711101734,2561.7320208657634,0.27737075084565216,0.10786273778325077,0.17836273778325076,-0.0990080130624014,C3,2.8798081998219627e-05,0.2313058377680345,-0.05294309998478375
187,2024-06-17,2024-06-17,5070.020833333333,0.0098772327589212,101.26181337227696,2003.4536808924247,0.1646974140394414,1951.515077534979,0.1368945893787202,0.0992083333333333,0.080375,0.0904349736907178,0.0400812665942443,0.0231769721186443,13.402083333333332,12.979166666666666,0.0,781.6166666666667,50.88958333333333,15.366666666666667,2024-06-17,0.1368945893787202,1035.9558243027743,2679.151954130029,2625.4761426106606,0.25711956471002456,0.10343557910209558,0.1739355791020956,-0.08318398560792897,C3,1.332111300278981e-05,0.212317694562953,-0.0383821154608574
188,2024-06-18,2024-06-18,5108.166666666667,0.0099334983941092,100.68057713933338,2037.7705044834768,0.1505055564583495,1988.442250650664,0.1244457156159156,0.0926874999999999,0.0775833333333333,0.0856513432069732,0.0342179683033049,0.01978652284996,13.85,13.35625,0.0,782.9895833333334,33.625,16.787499999999998,2024-06-18,0.1244457156159156,1043.4335662705098,2725.0427006246264,2675.156215875453,0.24059358185324048,0.09796427116553623,0.16846427116553622,-0.07212931068770426,C3,6.184257017227571e-06,0.19905391805940334,-0.030589646893867117
189,2024-06-19,2024-06-19,4981.833333333333,0.0100385185797234,99.62124661501392,2048.759921409226,0.1457842172352306,1982.445610793367,0.1262832641601562,0.0867916666666666,0.0746458333333333,0.0811336261006878,0.0286806001729189,0.016584542531627,12.847916666666668,12.766666666666666,0.0,788.7125,56.864583333333336,12.879166666666668,2024-06-19,0.1262832641601562,1025.987852723915,2739.738482270178,2667.0886200559794,0.2356073397069796,0.09279710335382009,0.16329710335382008,-0.07231023635315953,C3,1.4661539762882367e-05,0.20114819855996383,-0.03785109520614374
190,2024-06-20,2024-06-20,4895.291666666667,0.0101998175989926,98.06567352854042,2026.3733731329853,0.1551900558783251,1940.7206869918696,0.1413312639508928,0.0834166666666666,0.072625,0.0783894539510972,0.0253170669883608,0.0146395811703054,13.589583333333335,13.052083333333334,0.7493,791.2916666666666,65.25416666666666,15.11875,2024-06-20,0.1413312639508928,1032.260905062225,2709.801696043206,2610.9538797948626,0.24591687587657812,0.08965843892052816,0.16015843892052814,-0.08575843695604998,C3,2.4771294918506822e-05,0.2164364462140552,-0.056278007293527055
191,2024-06-21,2024-06-21,4531.354166666667,0.0105390103353344,94.9069741730472,1939.1119451978384,0.197096258024156,1842.193304642863,0.1838535215796494,0.0878333333333333,0.07125,0.0801081184267825,0.0274236349010011,0.015857702999427,13.425,13.102083333333333,11.3305,794.4291666666667,89.12916666666666,12.683333333333332,2024-06-21,0.1838535215796494,1039.1115519596908,2593.1098915845737,2478.3997966985926,0.29263978389255974,0.09162417239807276,0.16212417239807275,-0.13051561149448698,C3,5.277871440881833e-05,0.260416336725825,-0.09829216432775223
192,2024-06-22,2024-06-22,4286.604166666667,0.0108562581696475,92.1245700084886,1828.440445627824,0.2681322239933757,1743.0923517345486,0.243114764873798,0.2105,0.0902916666666666,0.1545018969713592,0.1186081266963393,0.0685850892217175,13.40625,12.989583333333334,18.0607,794.8395833333334,85.79791666666667,12.804166666666667,2024-06-22,0.243114764873798,1016.7378645436512,2445.1125771632946,2345.0740588829194,0.3727159151287436,0.17671253203720594,0.24721253203720592,-0.12550338309153766,C3,4.718007548494018e-05,0.32108066189205986,-0.07386812985485394
193,2024-06-23,2024-06-23,4267.979166666667,0.0107696044257863,92.86994258130098,1795.9869404923152,0.2950068092669913,1715.3931175116131,0.2655408905773628,0.2206458333333333,0.1139375,0.1709365987210807,0.1387521489005395,0.0802333598642212,13.45625,13.027083333333332,3.5135,795.6395833333332,79.47916666666667,14.020833333333334,2024-06-23,0.2655408905773628,999.0515578779786,2401.7135844481563,2307.8088184253556,0.4025275511293471,0.19550982719279847,0.2660098271927984,-0.1365177239365487,C3,4.0726571592483105e-05,0.342581941697814,-0.07657211450501555
194,2024-06-24,2024-06-24,4415.416666666667,0.0106363478004683,94.02764544085387,1867.1502391954216,0.2395972925763212,1786.1636985545354,0.2141475233920785,0.1967916666666666,0.1175,0.1598542697642391,0.125168532721764,0.0723786406849861,14.427083333333334,13.689583333333331,0.0,793.1458333333334,71.54375,16.270833333333332,2024-06-24,0.2141475233920785,1020.2180464724412,2496.8778962568726,2403.02021303143,0.3413600221644583,0.18283434262450374,0.2533343426245037,-0.0880256795399546,C3,3.456768121404032e-05,0.2921097816343068,-0.03877543900980307
195,2024-06-25,2024-06-25,4505.479166666667,0.0105270314014825,95.00252968874108,1898.7300231812208,0.2194495682419595,1816.650210500496,0.1962898068311737,0.1708958333333333,0.1131666666666666,0.1440031568181923,0.1057398156078763,0.0611439948488621,14.883333333333333,14.164583333333333,0.0,793.3520833333333,63.46458333333334,17.047916666666666,2024-06-25,0.1962898068311737,1013.053688486461,2539.1084907465192,2444.0353251906645,0.31861706612448576,0.16470453089265868,0.23520453089265866,-0.0834125352318271,C3,2.588948992829918e-05,0.27409896932948674,-0.03889443843682808
196,2024-06-26,2024-06-26,4480.541666666667,0.0105750747185068,94.56754329354878,1915.9669034982085,0.2095190599965101,1825.1626533667504,0.1921289955697408,0.1494583333333333,0.1074166666666666,0.1298735548390877,0.0884211553523947,0.0511294883229827,15.004166666666668,14.43125,0.0,793.8874999999999,72.55833333333334,16.087500000000002,2024-06-26,0.1921289955697408,1021.3125085826732,2562.158797336983,2455.4875634633595,0.30713448139401445,0.14854370833092437,0.21904370833092437,-0.08809077306309007,C3,3.5605138654706534e-05,0.26942174287823506,-0.050378034547310685
197,2024-06-27,2024-06-27,4531.979166666667,0.0104907458063959,95.33285917755585,1928.064008764064,0.2025033372568588,1827.830375134856,0.1903334397536057,0.1350833333333333,0.1017916666666666,0.119574673257117,0.0757978110152112,0.0438300458500505,15.445833333333333,14.652083333333332,1.6262,790.8708333333334,72.98125,17.1375,2024-06-27,0.1903334397536057,1020.1184444286976,2578.3358537478384,2459.07659023436,0.29943237070080764,0.13676429670442014,0.20726429670442012,-0.09216807399638752,C3,3.857813375539832e-05,0.2679557465278427,-0.06069144982342259
198,2024-06-29,2024-06-29,4446.1875,0.0106065740114024,94.29253363631558,1926.5254397053925,0.2039410052558672,1835.677869959729,0.1873587674872819,0.1465208333333333,0.0953333333333333,0.1226755405878618,0.0795985456627908,0.0460278187360492,15.625,14.720833333333331,9.5222,792.9041666666667,66.325,18.141666666666666,2024-06-29,0.1873587674872819,1040.711097527588,2576.278376532659,2469.63423884243,0.30039632648528786,0.14031093353069124,0.21081093353069122,-0.08958539295459664,C3,3.109249257744185e-05,0.26376718552672174,-0.05295625199603052
199,2024-06-30,2024-06-30,4443.166666666667,0.0106418617343651,93.98429856326398,1927.3834629678515,0.2030819316798824,1824.545469071302,0.1927413940429687,0.13375,0.0913333333333333,0.1139905307164103,0.068953324693254,0.0398722250991157,16.833333333333332,15.66875,1.3853999,795.2229166666666,63.2125,19.60625,2024-06-30,0.1927413940429687,1029.0739660870345,2577.4257824957867,2454.657232884853,0.2998581989816284,0.13037739798687312,0.20087739798687312,-0.09898080099475529,C3,2.9455670560405534e-05,0.26977078962832846,-0.06889339164145533
200,2024-07-01,2024-07-01,4307.208333333333,0.0107749054214909,92.81776291391978,1822.115260884348,0.2726063983846528,1715.438901628719,0.2645538330078125,0.2036875,0.0986666666666666,0.1547643739397958,0.1189298448486245,0.06877112258042,16.189583333333335,15.808333333333332,7.5383997,792.9583333333334,90.39166666666668,15.827083333333334,2024-07-01,0.2645538330078125,1028.110504767289,2436.654118039763,2307.8704142124216,0.3782536769331209,0.17701274174726847,0.24751274174726848,-0.13074093518585242,C3,6.892185571246122e-05,0.3425121323477953,-0.09499939060052684
201,2024-07-02,2024-07-02,4296.5625,0.0107952366128001,92.6474442415042,1796.0396302201489,0.2944207818032165,1705.1837154896373,0.2740123851879223,0.2666875,0.1677083333333333,0.2205788366570066,0.1995986649174444,0.1154178269499735,15.664583333333333,15.177083333333334,23.732899,791.4708333333333,78.61874999999999,15.75625,2024-07-02,0.2740123851879223,1008.907767558376,2401.7840446682426,2294.0735715151054,0.40247619720868455,0.252288454080966,0.322788454080966,-0.07968774312771854,C3,4.427554978776667e-05,0.3511684917501119,-0.028380037669145874
202,2024-07-04,2024-07-04,4497.1875,0.010559885621797,94.70858844770578,1902.291793679985,0.2178888890858961,1841.058366995322,0.1840986772017045,0.1919791666666666,0.1412708333333333,0.1683570899298015,0.1355904436771188,0.0784051054192602,14.175,14.127083333333331,0.0,794.0270833333334,60.77916666666667,13.783333333333331,2024-07-04,0.1840986772017045,1036.0823600439048,2543.871527937215,2476.872905232946,0.316193425478766,0.19255949752789034,0.2630594975278904,-0.053133927950875626,C3,1.864492676568518e-05,0.26097481152597446,0.002084686001915914
203,2024-07-05,2024-07-05,4492.583333333333,0.0105182774818,95.08900400894268,1920.3015367587147,0.2067718583363413,1867.0689089523853,0.171110607328869,0.1622291666666666,0.1271041666666666,0.1458664627314347,0.1080236706033105,0.0624646328438652,13.55625,13.695833333333333,0.0,795.8249999999999,63.09375,12.239583333333334,2024-07-05,0.171110607328869,1038.865336237084,2567.95535818642,2511.866258935804,0.30434196768529787,0.16683569893877012,0.23733569893877013,-0.06700626874652774,C3,1.829509430187363e-05,0.2480600817725183,-0.010724382833748158
204,2024-07-06,2024-07-06,4666.666666666667,0.01031589444581,96.95143193933144,1952.9308346393289,0.1890498520075765,1892.168876403714,0.1599609375,0.13825,0.1151458333333333,0.1274871063676321,0.0854960842601252,0.0494380674445737,13.166666666666666,13.297916666666666,0.0,793.6208333333334,59.92083333333333,12.9625,2024-07-06,0.1599609375,1041.1520423177506,2611.5894326911016,2545.634568738979,0.2844506747052405,0.14581419264060627,0.21631419264060628,-0.06813648206463421,C3,1.6890426160285018e-05,0.23654153901943573,-0.020227346378829447
205,2024-07-07,2024-07-07,4790.75,0.0102288778675681,97.76869652894354,1972.683700894652,0.178917857726282,1912.77707557881,0.151409912109375,0.1210416666666666,0.1055208333333333,0.1138114089965908,0.0687337751111413,0.039745270664397,13.683333333333332,13.4625,0.0,791.5458333333332,57.43958333333333,14.233333333333334,2024-07-07,0.151409912109375,1035.636428407078,2638.0042835720287,2573.359865816738,0.2733004162024898,0.13017252637511528,0.20067252637511526,-0.07262788982737453,C3,1.662375235179878e-05,0.22767575156706307,-0.02700322519194781
206,2024-07-08,2024-07-08,4758.0625,0.010241336417169,97.65356372301864,1991.80691830157,0.1703058846957542,1928.146985494318,0.1456647600446428,0.1106041666666666,0.0961458333333333,0.1038688662330658,0.0565471954430282,0.0326983871402607,13.566666666666668,13.472916666666668,0.0,793.1,62.70625,13.216666666666669,2024-07-08,0.1456647600446428,1044.0164589228953,2663.5771259959056,2594.0378161240515,0.26308303019254686,0.118800679549465,0.18930067954946497,-0.07378235064308189,C3,1.9430228331730126e-05,0.22139291006538167,-0.0320922305159167
207,2024-07-09,2024-07-09,4812.916666666667,0.0101920752896277,98.12447428935444,2021.93223082672,0.156773700420934,1956.6859004701373,0.1350722539992559,0.1000625,0.0886874999999999,0.0947635460565619,0.0453867999210981,0.0262448940791915,13.7625,13.533333333333331,0.0,793.8562499999999,63.1625,13.9,2024-07-09,0.1350722539992559,1041.9294092136554,2703.862704190347,2632.4327233771646,0.24803462114667485,0.10838641140816355,0.17888641140816355,-0.0691482097385113,C3,2.0838209549787325e-05,0.21036303276242987,-0.03147662135426632
208,2024-07-10,2024-07-10,4793.0,0.0102256954721174,97.80121888908148,2041.244411990264,0.1489889913872363,1965.217881110862,0.1321318870367006,0.0914791666666666,0.0824375,0.087267177634703,0.0361984973744243,0.0209317627827742,14.44375,13.96875,0.0,795.5020833333333,58.94791666666666,15.639583333333334,2024-07-10,0.1321318870367006,1048.1153720749896,2729.688241559284,2643.9112468481358,0.2390020995989125,0.09981239211857511,0.1703123921185751,-0.0686897074803374,C3,1.9527056582049753e-05,0.20722161201158915,-0.036909219893014045
209,2024-07-11,2024-07-11,4811.375,0.0101668401319942,98.37353165132096,2089.166726164593,0.131883859011933,2005.017550860949,0.1200003275057164,0.0850833333333333,0.0764166666666666,0.0810460350907138,0.0285732398279199,0.0165224614664781,14.995833333333332,14.352083333333333,0.0,795.4854166666668,64.02291666666666,16.585416666666667,2024-07-11,0.1200003275057164,1065.7373593485015,2793.7731579669326,2697.455841309904,0.21841690247905582,0.09269692057639392,0.16319692057639393,-0.05521998190266189,C3,2.5793541942967975e-05,0.19353897940792744,-0.030342058831533514
210,2024-07-12,2024-07-12,4926.583333333333,0.0100642061125131,99.36947796943043,2100.6021219963554,0.1265468183034424,2023.672859746364,0.1133602827023237,0.0800909090909091,0.0719696969696969,0.076307706541881,0.0227654681413968,0.0131641204286894,14.50909090909091,14.784848484848483,0.0,794.8604166666668,58.62708333333333,17.839583333333334,2024-07-12,0.1133602827023237,1057.169497819163,2809.0653323661277,2722.5538120996334,0.21385374554546133,0.0872774270174013,0.1577774270174013,-0.056076318528060026,C3,2.1961158430561952e-05,0.18753537530632078,-0.029757948288919478
230,2024-08-01,2024-08-01,4854.770833333333,0.0101555182592387,98.47448129384576,2178.458433734338,0.1019349760850082,2117.395247175701,0.0885412042791193,0.065590909090909,0.052,0.0592596913922557,0.0018697073943291,0.0010811573543091,14.136363636363637,14.202272727272726,0.0,796.5124999999999,51.26666666666667,15.633333333333333,2024-08-01,0.0885412042791193,1069.492955169742,2913.179987835107,2848.643482149763,0.1858231886033963,0.06777865074116313,0.13827865074116313,-0.04754453786223317,C3,1.3792003009037702e-05,0.1611474409992589,-0.022868790258095767
231,2024-08-02,2024-08-02,4808.395833333333,0.010186027081903,98.18550321399144,2198.4448902545023,0.0963913401908048,2121.086450471049,0.0877425030964176,0.0635,0.0507916666666666,0.057579923250005,0.0001891852628484,0.0001093962824749,15.052083333333334,14.670833333333334,0.0,798.2604166666666,52.775,16.966666666666665,2024-08-02,0.0877425030964176,1076.1712771265463,2939.907211205842,2853.609452590382,0.1793817656442151,0.06585740519355938,0.13635740519355938,-0.04302436045065572,C3,1.6048376196842286e-05,0.16023991944901603,-0.02388251425545665
232,2024-08-03,2024-08-03,4920.583333333333,0.0100499542425867,99.51852169936444,2212.659962508212,0.0925058486404837,2132.48545849706,0.085103104754192,0.0617083333333333,0.0498333333333333,0.0561764583374364,0.0019094129123753,0.00110411705002,15.522916666666667,15.075,0.0,796.5041666666666,53.71666666666667,17.608333333333334,2024-08-03,0.085103104754192,1080.379729473395,2958.9165544064604,2868.9451391890843,0.17496575125260827,0.06425218323067729,0.13475218323067728,-0.04021356802193099,C3,1.7389308622269443e-05,0.15744754544826872,-0.02269536221759144
233,2024-08-04,2024-08-04,5049.770833333333,0.0100795643781999,99.2855710645468,2171.9567053379733,0.106612721643765,2068.287324030921,0.1044646472465701,0.06,0.048,0.0544098947409883,0.0040746908014361,0.0023561878932873,16.080000000000002,15.5525,0.0,794.05625,55.23333333333333,19.391666666666666,2024-08-04,0.1044646472465701,1071.4475745645998,2904.485442758036,2782.5760035460944,0.18797982855788564,0.06223166482765104,0.13273166482765103,-0.05524816373023461,C3,2.0515778974375742e-05,0.17427159880277113,-0.0415399339751201
234,2024-08-05,2024-08-05,4464.4375,0.0105827950860267,94.51000195041328,1996.833081261051,0.1685679182367195,1892.7924789466604,0.1607711791992187,0.0965416666666666,0.0556666666666666,0.0775003706281583,0.0242273171120682,0.0140094338559798,16.258333333333333,15.802083333333334,6.2328,796.0791666666668,79.95833333333333,17.241666666666667,2024-08-05,0.1607711791992187,1079.231607750648,2670.2984465051327,2546.4735341242963,0.2604862120169522,0.0886415441880466,0.15914154418804657,-0.10134466782890564,C3,5.101104025601661e-05,0.236262301619361,-0.07712075743131441
235,2024-08-06,2024-08-06,4569.5,0.0104281221634907,95.90588000976123,2050.031888747728,0.1457872329779014,1944.062770109869,0.1396819324028201,0.0917916666666666,0.056,0.0751184013281563,0.0213077361425031,0.0123211876382455,16.66875,16.0625,1.3787,796.7166666666667,63.80833333333334,18.9,2024-08-06,0.1396819324028201,1074.7249749417456,2741.4394418746037,2615.4501604508196,0.23503922311627712,0.08591715157870358,0.1564171515787036,-0.07862207153757353,C3,2.912594133420898e-05,0.21511006856370027,-0.05869291698499668
236,2024-08-07,2024-08-07,4727.4375,0.0102462449140751,97.6142958308437,2085.165741476695,0.1325316790398565,1982.867382579737,0.1265069870721726,0.0857499999999999,0.056,0.0718911973787003,0.0173521506377996,0.0100338723225017,17.010416666666668,16.375,1.6001999,795.0,60.24166666666667,19.675,2024-08-07,0.1265069870721726,1086.345308440956,2788.422774253419,2667.656051881379,0.22004349770521003,0.08222601643740136,0.15272601643740136,-0.06731748126780868,C3,2.599881034818761e-05,0.20100857985992646,-0.0482825634225251
237,2024-08-08,2024-08-08,4804.604166666667,0.0101857077892896,98.18794515689338,2093.8066237105886,0.129702133935414,1994.028982618628,0.1228883324599847,0.0802083333333333,0.056,0.0689310723767855,0.0137239239334854,0.0079358520673711,15.83125,15.725,2.3602,794.2145833333334,76.23333333333333,15.041666666666666,2024-08-08,0.1228883324599847,1084.9556214533384,2799.977938589452,2682.6723409958277,0.2165502256826805,0.07884035454917243,0.14934035454917244,-0.06720987113350807,C3,3.8519694909821054e-05,0.19716906560889894,-0.0478287110597265
238,2024-08-09,2024-08-09,4821.395833333333,0.0102301224015429,97.75746201618968,2105.1799767148104,0.1250882604833961,1998.5527352070355,0.1211259171769425,0.0775416666666666,0.056,0.0675066513232326,0.0119780103314094,0.0069262784107669,16.060416666666665,15.7125,0.0,794.40625,73.11666666666666,16.224999999999998,2024-08-09,0.1211259171769425,1079.3131796057312,2815.1871451794937,2688.7583839030335,0.21206182621812336,0.077211163866115,0.147711163866115,-0.06435066235200837,C3,3.6722637065344026e-05,0.19563325990848793,-0.047922096042372936
239,2024-08-10,2024-08-10,4764.729166666667,0.0102404316760707,97.67301062613672,2110.2318237623617,0.1237794698018163,2009.9671858129127,0.1179518588753633,0.0745416666666666,0.05525,0.0655547960592972,0.0095856203522748,0.0055428801163805,15.2875,15.179166666666667,5.5594,796.0104166666666,75.00833333333334,15.333333333333334,2024-08-10,0.1179518588753633,1080.9717601944765,2821.942812165208,2704.1148462187602,0.2101069015029246,0.07497871693425558,0.14547871693425557,-0.06462818456866903,C3,3.741720871535839e-05,0.19193336435749775,-0.04645464742324218
240,2024-08-11,2024-08-11,4423.6875,0.0107012664422289,93.4553622286116,1963.6350889605883,0.1834287188274445,1860.704568690331,0.1739213273331925,0.1191666666666666,0.0543333333333333,0.0889645701978399,0.0382789922931504,0.0221348079163633,15.697916666666666,15.258333333333333,8.7463,795.8708333333334,77.63333333333334,16.016666666666666,2024-08-11,0.1739213273331925,1063.792740135761,2625.903875872804,2503.303976371948,0.2783299840539305,0.10175379571019993,0.17225379571019991,-0.10607618834373059,C3,4.332123114340398e-05,0.2511316931733403,-0.07887789746314036
241,2024-08-12,2024-08-12,4516.9375,0.0104861714785319,95.37347664987854,2019.7724862373736,0.1577170216244452,1922.685250925596,0.1476058959960937,0.1255,0.056,0.0931239737082243,0.0433771752687454,0.0250828296412577,16.087500000000002,15.747916666666669,2.0894,794.9104166666666,66.19166666666666,17.208333333333332,2024-08-12,0.1476058959960937,1074.714013427343,2700.974549604017,2586.689856596337,0.24907349615930968,0.10651114005672743,0.17701114005672744,-0.07206235610258224,C3,2.9328586308306627e-05,0.2235569999159608,-0.046545859859233374
242,2024-08-13,2024-08-13,4564.541666666667,0.0105062107306357,95.1885315636028,2072.00281229086,0.1406938732569617,1957.829325523952,0.1381724287823933,0.1134166666666666,0.056,0.0866695658093124,0.0354660042593384,0.02050819900977,15.439583333333331,15.4,2.0605,793.6895833333333,86.925,14.4,2024-08-13,0.1381724287823933,1090.0068251682524,2770.820426973498,2633.9710333980365,0.2255086936955194,0.09912886977412308,0.1696288697741231,-0.055879823921396315,C3,5.530497488872255e-05,0.20994417666231777,-0.04031530688819468
243,2024-08-16,2024-08-16,4675.5,0.0103138724410713,96.96426955307405,2126.3140739397104,0.1271465036284089,2041.623066866128,0.1157012939453125,0.1509166666666666,0.0605416666666666,0.1088161864347354,0.0626111283035931,0.036204853247268,14.522916666666667,14.366666666666667,0.2199,793.9499999999999,64.97500000000001,16.066666666666666,2024-08-16,0.1157012939453125,1088.7931812367574,2843.4490702835683,2746.703172302061,0.20403622900922325,0.12445920864699393,0.19495920864699393,-0.009077020362229321,C3,2.6015964305396077e-05,0.18202043665484488,0.012938771992149045
244,2024-08-17,2024-08-17,4718.625,0.0103427684035162,96.69173612819246,2056.819220664986,0.1425738728719032,1968.2276321691884,0.1310060082412347,0.1272083333333333,0.0608749999999999,0.0963074737071302,0.0472791928192688,0.0273391693146134,14.470833333333331,14.370833333333332,0.0,795.2041666666668,65.69166666666666,15.191666666666668,2024-08-17,0.1310060082412347,1084.6298943865752,2750.515915038361,2647.960423659423,0.23203855938779355,0.11015228852528888,0.1806522885252889,-0.05138627086250466,C3,2.5353665550807635e-05,0.2061744717613089,-0.025522183236020013
245,2024-08-18,2024-08-18,4541.541666666667,0.0105010842948756,95.23837214284906,2058.6667697955204,0.142354550328311,1948.12214992063,0.1383550734747023,0.11425,0.0605416666666666,0.089230396948382,0.0386048162750478,0.0223232154689606,15.185416666666669,14.860416666666666,3.968,797.0187500000001,81.0,15.8,2024-08-18,0.1383550734747023,1086.2361184793072,2752.986581024119,2620.911458172593,0.2312306492907799,0.10205783675495309,0.1725578367549531,-0.05867281253582682,C3,4.864153382624692e-05,0.21357426286328926,-0.04101642610833617
246,2024-08-19,2024-08-19,4626.541666666667,0.0103516401068703,96.61255037017952,2089.375640399383,0.1306885694201949,1986.537963263333,0.125011737530048,0.1109166666666666,0.06,0.087197539491277,0.0361131418669868,0.0208824060038061,15.366666666666667,15.0,2.6176,797.2270833333333,75.76666666666667,16.075,2024-08-19,0.125011737530048,1085.3702618451548,2794.052532022705,2672.594277634921,0.21833240242726498,0.09973274304699471,0.1702327430469947,-0.04809965938027028,C3,4.041809373189134e-05,0.1997520115595902,-0.02951926851259548
247,2024-08-20,2024-08-20,4726.6875,0.0102610963786661,97.46572520770448,2098.89764054284,0.1273835267781314,1994.2283637414407,0.1224263509114583,0.106,0.06,0.0845712631737887,0.0328941136631591,0.0190210045744421,17.9,16.0,1.3642,797.4125,77.59166666666667,14.816666666666668,2024-08-20,0.1224263509114583,1089.7064051898917,2806.785986025098,2682.9405789342673,0.2145259610198738,0.09672892272510741,0.1672289227251074,-0.04729703829476642,C3,4.0010655898888145e-05,0.19709925625888022,-0.02987033353377283
273,2024-09-16,2024-09-16,5139.75,0.0098903301666502,101.11558102919604,2236.8615883418934,0.0859488010823856,2148.41346749143,0.0815322875976562,0.0570833333333333,0.0460416666666666,0.0519396600915344,0.0071024586542375,0.0041069931214879,11.579166666666666,11.572916666666666,1.4462999,789.99375,76.35000000000001,10.6,2024-09-16,0.0815322875976562,1080.819427003288,2991.280583464795,2890.3739296173035,0.16774455261412807,0.059406318160794516,0.1299063181607945,-0.037838234453333564,C3,2.7269644628797935e-05,0.1536080311972412,-0.023701713036446692
274,2024-09-17,2024-09-17,4869.729166666667,0.0102073838367987,97.98902873739269,2086.3901461954365,0.1326567877638556,2002.597341252788,0.1205474853515625,0.0605833333333333,0.0463333333333333,0.053945083338257,0.0046444103716464,0.0026856279463646,11.483333333333334,11.760416666666666,3.3862,787.5166666666668,90.79166666666669,10.016666666666667,2024-09-17,0.1205474853515625,1095.1614798944067,2790.0601299488103,2694.1998056996795,0.21954403475670836,0.06170003381530405,0.13220003381530404,-0.08734400094140432,C3,4.424846625398592e-05,0.19430688225813295,-0.062106848442828905
275,2024-09-18,2024-09-18,4760.895833333333,0.0102469018046976,97.60137012615786,2080.605131950904,0.1340045156702706,2028.2945821736992,0.1122291201636904,0.092625,0.0493333333333333,0.0724579188746073,0.0180467814604942,0.0104355422440968,10.079166666666667,10.725,8.9352,787.2729166666667,59.16666666666666,9.8,2024-09-18,0.1122291201636904,1096.803123232284,2782.324022862468,2728.77165899737,0.22191707191357468,0.0828742077700955,0.1533742077700955,-0.06854286414347918,C3,1.23542683694259e-05,0.18606937895592843,-0.03269517118583293
276,2024-09-19,2024-09-19,4743.666666666667,0.0102609379228461,97.4668880117869,2100.307840595668,0.1268864213335677,2044.972427837889,0.1073377655773628,0.0914583333333333,0.0496666666666666,0.0719900153653171,0.0174732718937188,0.0101039106274243,9.66875,10.225,0.0,790.2145833333334,66.28333333333333,9.033333333333331,2024-09-19,0.1073377655773628,1095.081437123746,2808.671799639499,2751.209244238465,0.21396960865584158,0.08233904014111104,0.15283904014111105,-0.06113056851473053,C3,1.5454981479669623e-05,0.18104310575458332,-0.028204065613472273
277,2024-09-20,2024-09-20,4836.979166666667,0.0101400144963856,98.6339874135502,2127.759703328287,0.117503431823427,2069.2616997752525,0.1007428850446428,0.086125,0.05,0.0692964539598504,0.0141717723236997,0.0081948201723078,10.645833333333334,10.69375,0.0012,789.4875000000001,62.31666666666666,11.733333333333334,2024-09-20,0.1007428850446428,1088.4464867752504,2845.38226236996,2783.8868826164794,0.20350162474115763,0.07925826206984922,0.1497582620698492,-0.053743362671308414,C3,1.6963186190322397e-05,0.17399236140269642,-0.024234099332847203
278,2024-09-21,2024-09-21,4911.625,0.0102494431935798,97.67512484916016,2098.6396399480896,0.1328047832430791,2032.8868643582955,0.1157474961391715,0.0810833333333333,0.0507499999999999,0.066952789484165,0.0112991415965736,0.0065337229084973,9.777083333333334,10.504166666666666,0.0,788.74375,72.675,8.041666666666666,2024-09-21,0.1157474961391715,1079.8563335205697,2806.4409704132154,2734.9498983840845,0.21462795115593175,0.0765776808481132,0.14707768084811318,-0.06755027030781857,C3,1.7881553031254184e-05,0.1846731919555548,-0.03759551110744161
279,2024-09-22,2024-09-22,4239.666666666667,0.0108414945635736,92.24969372642153,1909.1749241615853,0.2135537560196476,1840.622099658372,0.1842233758223684,0.1816666666666666,0.0912083333333333,0.1395273662593256,0.1002538368677578,0.0579717304194376,9.314583333333331,9.710416666666667,21.228199,792.03125,87.71666666666665,7.725,2024-09-22,0.1842233758223684,1049.942476797758,2553.0761093339243,2476.28597177896,0.3115856829232276,0.1595853168374929,0.23008531683749292,-0.08150036608573466,C3,3.053959665572127e-05,0.26118423957603054,-0.03109892273853762
280,2024-09-23,2024-09-23,4361.958333333333,0.0106769223706826,93.67379805766348,1956.5194404073804,0.1877504714696588,1893.0908563892249,0.1598142966245993,0.1744166666666666,0.094625,0.1372463487117803,0.0974579925119756,0.0563550348359867,9.241666666666667,9.683333333333334,0.1375,792.4520833333332,79.49166666666666,8.058333333333334,2024-09-23,0.1598142966245993,1061.4565837342284,2616.388355794627,2546.8749570320488,0.28237759459841444,0.15697638844017522,0.22747638844017523,-0.05490120615823921,C3,2.3418429345205678e-05,0.23612268291932362,-0.008646294479148386
281,2024-09-24,2024-09-24,4457.916666666667,0.0105695313170238,94.61863294120091,1970.5799888684887,0.1801374692516511,1908.140350547592,0.1533285001429115,0.160875,0.0954583333333333,0.1304011623033047,0.0890678440867655,0.0515034357562733,9.666666666666666,9.84375,0.0,792.9083333333333,74.88333333333334,9.558333333333334,2024-09-24,0.1533285001429115,1050.9219943779533,2635.191059468284,2567.121835124869,0.2744582302900653,0.1491471627399068,0.21964716273990678,-0.05481106755015849,C3,2.3209703446877677e-05,0.22963041336758613,-0.009983250627679352
282,2024-09-25,2024-09-25,4502.354166666667,0.0105243306991921,95.0299602472816,1988.580554713533,0.1718010812214636,1923.636161106864,0.1473544981421494,0.1471249999999999,0.0949166666666666,0.1228041601057584,0.079756194670595,0.0461189791950087,10.010416666666666,10.03125,0.0,793.81875,72.66666666666667,10.941666666666668,2024-09-25,0.1473544981421494,1054.3389517120856,2659.2626173082012,2587.9691662073283,0.2647689766367301,0.14045804292625502,0.210958042926255,-0.0538109337104751,C3,2.4321891069676826e-05,0.22320795316586742,-0.012249910239612416
283,2024-09-26,2024-09-26,4539.75,0.0105058961846833,95.19074763612954,2018.0441155122105,0.1583878145863066,1948.1223978777823,0.1379438127790178,0.1349583333333333,0.0931666666666666,0.1154900153653171,0.0707912437819255,0.0409350008817698,10.6875,10.56875,0.0,792.8833333333333,68.85833333333333,11.783333333333331,2024-09-26,0.1379438127790178,1067.200275187051,2698.6632569347903,2620.9117917624258,0.24990916562834953,0.13209244313682594,0.20259244313682592,-0.047316722491523605,C3,2.243534181408292e-05,0.21357426286328926,-0.010981819726463338
284,2024-09-27,2024-09-27,4536.229166666667,0.010490806428166,95.32908725631007,2020.4797703313857,0.157616893587095,1955.247633992524,0.1356709798177083,0.1252916666666666,0.0898333333333333,0.1087736820297955,0.0625590306330711,0.0361747277956609,10.670833333333334,10.65,0.0,794.5583333333334,68.73333333333333,11.458333333333334,2024-09-27,0.1356709798177083,1058.572543458506,2701.920377092154,2630.497747641051,0.24873262597813672,0.12441059396221076,0.19491059396221075,-0.053822032015925975,C3,2.170449983002905e-05,0.2109215075625793,-0.016010913600368548
285,2024-09-28,2024-09-28,4530.020833333333,0.0105014653072852,95.23193828685804,2037.9971789765584,0.1502631328684117,1969.6449874635127,0.1305959601151315,0.1171249999999999,0.08725,0.1032079671155856,0.0557371310621834,0.0322299678220986,10.822916666666666,10.766666666666666,0.0,795.8104166666667,67.95,12.0,2024-09-28,0.1305959601151315,1063.9835118811225,2725.3458248829425,2649.8672664779538,0.24048930044233463,0.11804477196023498,0.18854477196023497,-0.051944528482099656,C3,2.200663427808297e-05,0.20568580631117814,-0.017141034350943163
286,2024-09-29,2024-09-29,4632.5,0.0103636907131365,96.49838849646298,2064.786895245149,0.1397308258256922,1992.853783930399,0.1228783017113095,0.1100833333333333,0.0850416666666666,0.0984178706226875,0.049865907380571,0.0288349357002695,10.95625,10.897916666666667,0.0,795.0041666666666,67.47500000000001,12.15,2024-09-29,0.1228783017113095,1061.603739948828,2761.1708211761497,2681.091284229067,0.22858105825813518,0.11256606848438397,0.18306606848438398,-0.04551498977375121,C3,2.1846886422531355e-05,0.197587921709011,-0.014521853224627013
287,2024-09-30,2024-09-30,4667.0,0.0101545085618562,98.47842403288143,2148.4054466796224,0.1105510660693426,2080.477395988892,0.097381591796875,0.106,0.082,0.0948197894819767,0.0454557375159295,0.026284757208506,13.8,12.0,0.0,792.2,48.4,18.2,2024-09-30,0.097381591796875,1063.56579979126,2872.9911280860656,2798.9759501674584,0.19605761702377256,0.10845074018541692,0.17895074018541693,-0.017106876838355628,C3,1.4036062959223795e-05,0.1709207500018744,0.00802999018354253
