,date,Date (aggregated based on UTC),Raw_Moderated_cph,Raw_Mod_Coeff_of_Var,Raw_Mod_sqrt,Corrected_Mod_cph_for_Des,SWC_Des_cm3_cm3,Corrected_Mod_cph_for_UTS,SWC_UTS_cm3_cm3,SWC_5,SWC_10,SWC_20,WeightedTDR_SWC,WeightedTDR_SD,WeightedTDR_SE,sT_5,sT_10,sT_20,PRISM_ppt_mm,BaroPress,airRH,airT,date.1,CRNS,Bare,scaled_stationary_N_Des,scaled_stationary_N_UTS,theta_pred_tot_g_Des,TDR_pore_swc_g,TDR_tot_swc_g,TDR_tot_swc_g_resid_Des,NewName,Rhov_cal_g_cm3,theta_pred_tot_g_UTS,TDR_tot_swc_g_resid_UTS
4,2023-07-01,2023-07-01,9171.979166666666,0.0073764622960524,135.571628818045,2287.5169386936104,0.2650339541059124,2221.8146675589146,0.2521383596021075,0.0300625,0.0678958333333333,0.1960833333333333,0.0805266281203102,0.0,0.0,11.643478260869566,11.51875,11.435416666666669,2.5093,724.1583333333333,74.4375,9.089583333333334,2023-07-01,0.2521383596021075,1116.3286009068038,3024.1280915628513,2919.1773395755577,0.28552898262884024,0.06992130004732132,0.12542130004732133,-0.16010768258151892,F2,2.1684932663443127e-05,0.1486419604286788,-0.023220660381357477
5,2023-07-02,2023-07-02,9313.645833333334,0.0073192142979741,136.6324004593264,2316.492434475204,0.2490110688216502,2245.013161140498,0.2401455965909091,0.0314583333333333,0.0664166666666666,0.1850208333333333,0.0781231535138991,0.0027979009521161,0.0014323266227328,14.610638297872342,14.239583333333334,13.21875,0.0,724.1437500000001,60.35625,11.7,2023-07-02,0.2401455965909091,1124.525444250963,3062.4340858389505,2949.657162111814,0.2716018080726136,0.06783436218547632,0.12333436218547633,-0.14826744588713725,F2,1.553800500195137e-05,0.1436602567130055,-0.02032589452752917
6,2023-07-03,2023-07-03,9351.0625,0.0073083274445761,136.83631867131066,2319.2618533641125,0.2474929928523805,2260.095793336846,0.2329129305752841,0.0301041666666666,0.0647916666666666,0.1720208333333333,0.0740535669766895,0.0075353340070798,0.0038575559657898,14.473333333333333,13.864583333333334,12.952083333333334,2.98,723.7166666666667,56.770833333333336,12.720833333333331,2023-07-03,0.2329129305752841,1117.0535795699154,3066.09529477585,2969.4737916316403,0.2703212190598181,0.0643007387371973,0.1198007387371973,-0.1505204803226208,F2,1.4420768835678811e-05,0.14053344267869994,-0.020732703941502645
7,2023-07-04,2023-07-04,9482.083333333334,0.0072427870166517,138.07596262572574,2337.2227292595285,0.2384264730130467,2270.9903557857174,0.2277773593334441,0.0247916666666666,0.0616875,0.1586458333333333,0.0676900602091062,0.0149431350282874,0.0076498240982834,16.60625,15.964583333333332,14.69375,0.0,722.4875000000001,46.2625,13.875,2023-07-04,0.2277773593334441,1116.872665552523,3089.839813745585,2983.787838743535,0.2622176423258276,0.05877530353103686,0.11427530353103685,-0.14794233879479077,F2,9.662309427367672e-06,0.13836057190909776,-0.02408526837806091
8,2023-07-05,2023-07-05,9609.145833333334,0.0072088131210164,138.72465884296142,2364.1665418160696,0.2246990963247518,2297.7348022492115,0.2156715393066406,0.0203958333333333,0.0580833333333333,0.1453541666666666,0.0615654877626334,0.022072790999514,0.0112997017148555,14.872916666666669,14.575,13.979166666666666,0.0,722.2312499999999,54.95416666666667,13.23125,2023-07-05,0.2156715393066406,1120.95319923918,3125.459895532859,3018.9265851095856,0.2506807855535365,0.053457335081500204,0.10895733508150021,-0.1417234504720363,F2,1.3822678895967213e-05,0.13316688080126815,-0.02420954571976794
9,2023-07-06,2023-07-06,9794.520833333334,0.0071042195203053,140.7851389388996,2390.4731887430685,0.2128331055440282,2337.367506871945,0.199851658033288,0.017625,0.0551458333333333,0.1338958333333333,0.0492218238662126,0.0364421331495305,0.0186557846015852,15.368085106382978,14.5125,13.545833333333334,0.0,722.03125,49.25208333333333,13.64375,2023-07-06,0.199851658033288,1122.2382862360564,3160.237635807078,3070.9988370980413,0.24007786393974972,0.04273932729784582,0.09823932729784582,-0.1418385366419039,F2,1.0954453205948991e-05,0.1259593094679536,-0.027719982170107793
10,2023-07-08,2023-07-08,10165.1875,0.0070008600322022,142.84895347145965,2438.0565339199507,0.1924902815948765,2384.4186821418007,0.1820672217835771,0.0091458333333333,0.0481458333333333,0.1117291666666666,0.0418098207273715,0.0450704958474071,0.0230728936466416,17.580851063829787,16.558333333333334,15.1375,0.0,719.9416666666666,42.454166666666666,14.9,2023-07-08,0.1820672217835771,1128.9212242169317,3223.143456702166,3132.818000799515,0.2223834315782517,0.03630348231687508,0.09180348231687507,-0.13057994926137662,F2,8.617050235932776e-06,0.11806277911013105,-0.026259296793255976
11,2023-07-09,2023-07-09,10241.9375,0.0069976692296662,142.9086870279349,2477.199270668838,0.176735122476621,2432.8534407576985,0.165059191115359,0.0061458333333333,0.0418333333333333,0.0986458333333333,0.036680522051792,0.0510415469289584,0.0261296478263545,17.12608695652174,16.412499999999998,15.264583333333334,0.0,721.9854166666668,31.80625,14.320833333333333,2023-07-09,0.165059191115359,1134.6054980310705,3274.890679981991,3196.455014211928,0.2090977079836867,0.03184971043918404,0.08734971043918405,-0.12174799754450266,F2,4.789685601065927e-06,0.11064322038466018,-0.023293509945476132
12,2023-07-10,2023-07-10,10093.833333333334,0.0070493687484806,141.86347665936043,2462.495005227933,0.1824227604044299,2403.6605943513946,0.1748455940408909,0.0033958333333333,0.0346458333333333,0.0887083333333333,0.0319566871554175,0.05654059489849,0.0289447699272595,16.704166666666666,16.3875,15.510416666666666,0.0,723.4729166666666,36.08125,14.504166666666668,2023-07-10,0.1748455940408909,1129.833958774562,3255.45144373702,3158.0993867371026,0.21396404339914726,0.02774800290624312,0.08324800290624312,-0.13071604049290414,F2,6.075331800793661e-06,0.11504195877190362,-0.0317939558656605
13,2023-07-11,2023-07-11,10083.895833333334,0.0070439814827741,141.9690696147812,2487.105889701316,0.1730329734672414,2426.5961111200327,0.1670448996803977,0.0037291666666666,0.0326875,0.0838958333333333,0.0301957586851002,0.0585905035726099,0.0299941776147948,16.332608695652173,15.30625,14.31875,0.0,724.375,41.10625,15.3125,2023-07-11,0.1670448996803977,1136.4646332295908,3287.987363290328,3188.233691726647,0.2058995140425267,0.026218988084574808,0.08171898808457481,-0.1241805259579519,F2,8.281873474001994e-06,0.1115441668013245,-0.029825178716749695
14,2023-07-12,2023-07-12,10037.291666666666,0.0070438512478899,141.97667935588808,2496.6790823452584,0.1696415258022273,2419.952523758332,0.1693244086371527,0.002375,0.03025,0.0807708333333333,0.0286489415452312,0.0603911638071075,0.0309159877991105,18.260416666666668,17.056250000000002,15.675,0.0,724.2979166666668,45.3875,15.889583333333334,2023-07-12,0.1693244086371527,1139.2821023457814,3300.6432524384204,3179.5048765095457,0.20286836368964145,0.024875886207844904,0.08037588620784492,-0.12249247748179654,F2,1.060765384153501e-05,0.11255110691406697,-0.03217522070622206
15,2023-07-13,2023-07-13,10279.208333333334,0.0069650659191444,143.5797865835279,2503.576907439654,0.1671665638549876,2436.723528678898,0.1638319948886303,0.0017083333333333,0.0284791666666666,0.0771458333333333,0.0272202142919006,0.0620543548105593,0.0317674234981234,17.741666666666667,16.602083333333333,15.502083333333331,0.0,723.75625,44.39791666666667,15.939583333333331,2023-07-13,0.1638319948886303,1137.5015927089871,3309.762269782424,3201.539809594138,0.20071956714076217,0.02363532182190462,0.07913532182190462,-0.12158424531885755,F2,1.0141489443414429e-05,0.11006025505623035,-0.030924933234325727
16,2023-07-14,2023-07-14,10457.041666666666,0.0069081582344249,144.76293377703922,2516.3498304483373,0.1627595086816617,2459.555682101656,0.1569014839504076,0.0015428571428571,0.02675,0.0742083333333333,0.0259606731632351,0.0635205951085522,0.0325180344204116,18.082608695652173,16.79375,15.577083333333334,0.0,723.8666666666667,39.875,15.864583333333334,2023-07-14,0.1569014839504076,1134.5801490685976,3326.6482454132706,3231.5383085052363,0.19681632976829733,0.022541661808625737,0.07804166180862573,-0.11877466795967159,F2,8.066567951999906e-06,0.10682744732584662,-0.028785785517220885
17,2023-07-15,2023-07-15,10241.625,0.0070022221050233,142.8212942748638,2536.3405322455,0.1565580654615856,2482.4490730517223,0.1507288614908854,0.0018333333333333,0.0248749999999999,0.071625,0.0247304075444802,0.0649527555885873,0.0332511988957405,18.506521739130434,17.29375,16.041666666666668,0.0,725.4395833333333,36.87916666666667,14.845833333333331,2023-07-15,0.1507288614908854,1149.4790134950208,3353.0762214654965,3261.6172656132576,0.19089748276142565,0.02147342173109083,0.07697342173109084,-0.11392406103033481,F2,6.480122205014823e-06,0.10364763644350194,-0.026674214712411104
18,2023-07-16,2023-07-16,10242.125,0.007006199733515,142.73809595682715,2564.2572443900995,0.146774060212601,2513.756217787105,0.1411464525305706,0.0014615384615384,0.0231666666666666,0.0693125,0.0236187746764433,0.0662468148857348,0.0339136653712951,18.73695652173913,17.443749999999998,16.210416666666667,0.0,726.9145833333333,35.75,15.085416666666667,2023-07-16,0.1411464525305706,1150.972072828412,3389.9824895645515,3302.7508078536425,0.18299819171910542,0.020508190513507184,0.07600819051350718,-0.10699000120559823,F2,6.211146885366448e-06,0.09956687914449297,-0.023558688630985786
19,2023-07-17,2023-07-17,10110.4375,0.0070125674175249,142.61305999842818,2587.7980958615426,0.1397040340333415,2529.641288583155,0.137153802916061,0.00075,0.0216041666666666,0.067625,0.0226982969888595,0.0673183491518439,0.0344622148313314,19.628260869565217,18.047916666666666,16.604166666666668,0.0,727.025,34.15416666666667,17.277083333333334,2023-07-17,0.137153802916061,1160.0259703446814,3421.1038111293906,3323.621737991272,0.17664739498908733,0.019708939407596562,0.07520893940759657,-0.10143845558149076,F2,6.544467496786033e-06,0.09755299891900804,-0.022344059511411468
20,2023-07-18,2023-07-18,10309.9375,0.0069922660205656,143.0268107974932,2596.083339547639,0.1369662319225401,2526.319115220732,0.1378085666232638,0.0005714285714285,0.0200208333333333,0.0661041666666666,0.0218081315988136,0.068354596668546,0.0349926999812045,19.715217391304343,18.147916666666667,16.839583333333334,0.0,725.8291666666668,32.420833333333334,17.927083333333332,2023-07-18,0.1378085666232638,1158.121859149367,3432.0570144708604,3319.2568315302024,0.17447614175397963,0.018936008480498152,0.07443600848049815,-0.10004013327348148,F2,6.195725841582499e-06,0.09797697370332065,-0.023540965222822494
21,2023-07-19,2023-07-19,10078.0,0.0070453642636154,141.94363320448454,2572.543179063023,0.14428190264132,2478.651879124339,0.1512021151455966,0.0007,0.0190625,0.0644791666666666,0.014515595461192,0.0768438870269159,0.0393386138632546,19.75208333333333,18.075,16.820833333333333,0.0,727.2458333333334,54.18333333333334,16.570833333333333,2023-07-19,0.1512021151455966,1156.5702759050969,3400.9366063998805,3256.628243518552,0.18073152809012644,0.01260389673948801,0.06810389673948801,-0.11262763135063843,F2,1.6716477750708254e-05,0.10417760492389272,-0.03607370818440471
22,2023-07-20,2023-07-20,10083.8125,0.0070302916767182,142.25003148289366,2556.792358000034,0.1491306018524352,2458.8956088024856,0.156915283203125,0.0017272727272727,0.0185,0.0628958333333333,0.014159154344859,0.0772588225274206,0.0395510313770484,17.539583333333333,16.7625,16.145833333333332,1.4382,727.2770833333334,63.04375,15.2,2023-07-20,0.156915283203125,1158.6476025358922,3380.113809577677,3230.67105749392,0.18507021214066027,0.012294398790473107,0.06779439879047311,-0.11727581335018716,F2,2.267159541233041e-05,0.10688044417388567,-0.039086045383412565
23,2023-07-21,2023-07-21,10183.395833333334,0.0069760136699894,143.36608564362456,2595.205741233952,0.1376929035649079,2516.135901611835,0.1411493474786931,0.0017083333333333,0.018625,0.0613125,0.013802713228526,0.0776737580279252,0.0397634488908422,17.75,16.314583333333335,15.383333333333333,0.069699995,727.4416666666666,58.24166666666667,15.26875,2023-07-21,0.1411493474786931,1168.6838190934811,3430.896817722746,3305.8774048637065,0.17470459548482564,0.011984900841458203,0.0674849008414582,-0.10721969464336745,F2,1.84790165998165e-05,0.09924889805625853,-0.03176399721480033
24,2023-07-22,2023-07-22,10395.5625,0.0069348638880067,144.20432209997264,2589.909715744101,0.1390370616277054,2524.140350293636,0.1385373202237216,0.0012307692307692,0.0183125,0.0608333333333333,0.0136948428906884,0.0777993306136043,0.0398277331384377,18.608888888888888,17.2625,16.075,0.0,727.1125000000001,44.85416666666666,15.24375,2023-07-22,0.1385373202237216,1154.999144789688,3423.895400952194,3316.3942159861126,0.17609093129476422,0.011891236988466869,0.06739123698846687,-0.10869969430629735,F2,9.916599138652956e-06,0.09824195794351603,-0.030850720955049163
25,2023-07-23,2023-07-23,10477.916666666666,0.0069258854637828,144.3920370581879,2611.83453375194,0.1323196870204185,2550.97143362984,0.1312567528257978,0.0005,0.01775,0.0601458333333333,0.0135400724059649,0.0779794999756655,0.0399199670589008,19.421739130434784,17.785416666666666,16.502083333333335,0.0,727.2875,35.770833333333336,16.464583333333334,2023-07-23,0.1312567528257978,1168.4200081182491,3452.8803045908858,3351.6467920064897,0.17043625022892434,0.011756849721131484,0.0672568497211315,-0.10317940050779284,F2,6.786332400519228e-06,0.0950091502131323,-0.02775230049200081
26,2023-07-24,2023-07-24,10356.416666666666,0.00694310414486,144.03151760671994,2626.961068246522,0.1278841893463736,2556.536543372872,0.1297925866168478,0.0005,0.0169791666666666,0.0592708333333333,0.013343091789044,0.0782088064364707,0.0400373556849447,19.815217391304348,18.022916666666667,16.741666666666667,0.0,728.3458333333333,39.677083333333336,17.625,2023-07-24,0.1297925866168478,1165.3529730412197,3472.8777861916924,3358.9586270084433,0.16666131000257334,0.011585811380886378,0.06708581138088637,-0.09957549862168696,F2,8.872687525320716e-06,0.09432019118862431,-0.027234379807737935
27,2023-07-25,2023-07-25,10356.208333333334,0.0069504110566129,143.88127115061374,2631.3586010707227,0.1267278369342078,2552.742797677324,0.1308268229166666,,0.0162083333333333,0.0587708333333333,0.0132305314365178,0.078339838699788,0.040104434899827,20.123404255319148,18.48958333333333,17.214583333333334,0.0,728.1062499999999,41.28541666666667,17.45625,2023-07-25,0.1308268229166666,1172.7786116208802,3478.6913836004314,3353.9741354447415,0.16558253410962076,0.011488075186460627,0.06698807518646063,-0.09859445892316013,F2,9.526130475877318e-06,0.094797162820976,-0.027809087634515367
28,2023-07-26,2023-07-26,10272.6875,0.0069855171302163,143.15892210175684,2615.3443333667456,0.1313567212244507,2532.785182524467,0.1360454153507314,,0.0156041666666666,0.0575,0.0129444405405137,0.0786728790357193,0.0402749279043194,18.610416666666666,17.183333333333334,16.337500000000002,0.0,727.8666666666667,48.07708333333333,16.583333333333332,2023-07-26,0.1360454153507314,1156.7010056723432,3457.5203067833727,3327.752408332732,0.1695513660319975,0.011239662358961839,0.06673966235896184,-0.10281170367303566,F2,1.2594835278406447e-05,0.09718202098273448,-0.030442358623772647
29,2023-07-27,2023-07-27,10273.395833333334,0.0069703274088829,143.47046857644534,2612.72664597486,0.1320474824120728,2533.652166491943,0.1357780124830163,0.0,0.0152708333333333,0.0566458333333333,0.0127521499382815,0.0788967258188863,0.0403895215630766,18.17083333333333,16.9375,16.099999999999998,0.0,726.8645833333334,51.87708333333333,15.735416666666666,2023-07-27,0.1357780124830163,1161.068898086524,3454.0596889217836,3328.891513222345,0.1702108112981079,0.011072696360151235,0.06657269636015123,-0.10363811493795666,F2,1.4280328738217656e-05,0.09707602728665635,-0.030503330926505118
30,2023-07-28,2023-07-28,10303.354166666666,0.0069596636952869,143.69151727131117,2612.4760897392675,0.1322165689521498,2540.3464439389813,0.1341451009114583,0.0,0.0150625,0.0556041666666666,0.0125176492038519,0.0791697097007973,0.0405292699274146,17.965217391304346,16.78125,15.9125,0.0,726.9479166666666,43.5625,16.822916666666668,2023-07-28,0.1341451009114583,1160.317881563666,3453.7284502158514,3337.686928660707,0.17027409149843964,0.010869079288430908,0.06636907928843092,-0.10390501221000872,F2,1.0274984570739547e-05,0.09628107456607018,-0.02991199527763927
31,2023-07-29,2023-07-29,10308.8125,0.0069836220515669,143.1967495149656,2622.6427264588106,0.1291470538526271,2548.191423890628,0.1319592793782552,,0.0147291666666666,0.0550624999999999,0.0123957088219485,0.0793116613193909,0.0406019390768703,18.691666666666663,17.235416666666666,16.170833333333334,0.0,728.1895833333333,38.51041666666666,18.11458333333333,2023-07-29,0.1319592793782552,1167.0215883194394,3467.168880395941,3347.9942184804436,0.16772876239455958,0.010763198411136331,0.06626319841113634,-0.10146556398342324,F2,8.595642036873283e-06,0.09532713130136677,-0.02906393289023043
32,2023-07-30,2023-07-30,10224.979166666666,0.0069848862028282,143.1703001296098,2624.4662419233496,0.1285928024072359,2536.2331637389643,0.1349754333496093,,0.0142499999999999,0.0543333333333333,0.0122315583078477,0.0795027500367286,0.040699762931907,17.46382978723404,16.545833333333334,15.841666666666669,0.0,728.3770833333333,46.552083333333336,17.0125,2023-07-30,0.1349754333496093,1170.1284242871131,3469.579592311745,3332.2826100527977,0.16727702162826225,0.010620666460932033,0.06612066646093204,-0.10115635516733021,F2,1.2013260339575423e-05,0.09675804619842188,-0.03063737973748984
33,2023-07-31,2023-07-31,10202.583333333334,0.007050753845704,141.86272138002207,2550.273642700187,0.1527011906322506,2440.6936822642188,0.1651738484700521,0.0226,0.0140208333333333,0.053125,0.0216527664174319,0.0685354583209862,0.0350852883051856,15.642553191489364,15.310416666666669,14.983333333333334,0.0104,727.2833333333333,66.75833333333334,14.454166666666666,2023-07-31,0.1651738484700521,1194.7697890377117,3371.4959804697423,3206.7560783271356,0.18690331610874117,0.01880110483784139,0.07430110483784139,-0.11260221127089978,F2,2.522557545483943e-05,0.10947728972780049,-0.035176184889959106
34,2023-08-01,2023-08-01,9258.478260869566,0.0073895361199576,135.35097879876295,2335.299079601335,0.2404197956873522,2229.9333458528577,0.2491366068522135,0.0825416666666666,0.0380625,0.0645208333333333,0.0630961083234374,0.0202909853116242,0.0103875437196373,14.708333333333334,14.50625,14.204166666666666,11.5675,726.6608695652175,84.16956521739131,13.382608695652175,2023-08-01,0.2491366068522135,1201.261426322851,3087.2967230819636,2929.8442336459893,0.2630692187131471,0.05478637346282518,0.11028637346282519,-0.1527828452503219,F2,4.642192404820308e-05,0.14689306444338923,-0.036606690980564044
35,2023-08-02,2023-08-02,8684.208333333334,0.0075602725132663,132.28776796407806,2281.680783719509,0.2686862911546155,2185.936066886166,0.2725954922762784,0.1172291666666666,0.0913958333333333,0.0829166666666666,0.100567015710799,0.0233291499609104,0.0119428682954151,14.702083333333334,14.610416666666666,14.214583333333332,7.8251,726.1791666666667,77.60625,13.845833333333331,2023-08-02,0.2725954922762784,1202.4139361348332,3016.412616365551,2872.0374950201876,0.2884564478117148,0.08732237577205743,0.14282237577205742,-0.1456340720396574,F2,3.741024082234027e-05,0.1568564718747358,-0.01403409610267839
36,2023-08-03,2023-08-03,8939.3125,0.007466243121129,133.9484161323009,2295.2954723037474,0.2605691981858986,2209.6017676081697,0.2588905511900436,0.1177708333333333,0.108625,0.0861458333333333,0.107487158068882,0.0313849342162602,0.0160668578337878,14.289583333333333,14.522916666666667,14.383333333333333,5.8805,725.2583333333333,72.6125,12.902083333333332,2023-08-03,0.2588905511900436,1198.6941922358212,3034.4114173838243,2903.131167359993,0.2816926159383241,0.09333113786087585,0.14883113786087585,-0.13286147807744828,F2,2.8617322719513528e-05,0.15139779652671084,-0.0025666586658349977
37,2023-08-04,2023-08-04,9112.145833333334,0.007398980486691,135.16351629892844,2331.0236380153783,0.2423894717219791,2259.0605524773764,0.234490966796875,0.0985625,0.0997083333333333,0.0856041666666666,0.0960417409620882,0.0180612471945438,0.0092460761260825,12.68125,13.077083333333334,13.252083333333331,0.057499997,724.9916666666667,64.31458333333333,12.114583333333334,2023-08-04,0.234490966796875,1199.262077461147,3081.644531928655,2968.1136189304284,0.26497574362983656,0.08339307808647149,0.1388930780864715,-0.12608266554336506,F2,1.9075465281776567e-05,0.14074543007085624,-0.0018523519843847425
38,2023-08-05,2023-08-05,9207.833333333334,0.0073809830341451,135.4871684297072,2381.419233529391,0.2168203211742128,2308.9322522398948,0.2109097567471591,0.0829583333333333,0.0883541666666666,0.0819375,0.0845953479860221,0.004736424156845,0.0024247128588569,12.135416666666666,12.427083333333334,12.68125,0.0348,725.21875,56.26666666666667,13.033333333333331,2023-08-05,0.2109097567471591,1202.9776528600917,3148.2681855099922,3033.6385873081067,0.24365697801178987,0.07345417096442837,0.12895417096442838,-0.1147028070473615,F2,1.4445285315170215e-05,0.13104700687970505,-0.002092835915276675
39,2023-08-06,2023-08-06,9318.416666666666,0.007292685788664,137.13379458953085,2442.771447332255,0.1904457636110857,2371.6087184111666,0.1864527260384908,0.07125,0.0797083333333333,0.0776041666666666,0.0756068293881537,0.0057271707885754,0.0029319047864115,13.235416666666666,13.022916666666667,12.6875,0.0,724.7520833333333,56.04166666666666,13.79375,2023-08-06,0.1864527260384908,1211.514536669683,3229.3766355076436,3115.9873639380094,0.22072569177608836,0.06564943704556249,0.1211494370455625,-0.09957625473052586,F2,1.5134475698778682e-05,0.12012965618365509,0.0010197808619074045
40,2023-08-07,2023-08-07,9538.4375,0.0072328091511614,138.2664674923817,2464.718247893339,0.1817427973257607,2403.854694687705,0.1749613444010416,0.0583541666666666,0.0711875,0.0734791666666666,0.0661991344325796,0.0166787317508619,0.0085383263843244,14.165217391304347,14.133333333333333,13.633333333333333,0.0,724.6020833333333,47.68958333333333,13.539583333333333,2023-08-07,0.1749613444010416,1200.59606484048,3258.3906003767324,3158.3544094946865,0.2132189113988533,0.05748073214512149,0.1129807321451215,-0.1002381792537318,F2,1.0095361501359167e-05,0.11498896192386454,-0.0020082297787430425
41,2023-08-08,2023-08-08,9818.875,0.0071034561596464,140.79207519862368,2498.326910944981,0.1691511427678717,2446.444609333289,0.1609705144708806,0.0479791666666666,0.0633541666666666,0.0697083333333333,0.0581902231252974,0.0260019592616859,0.013311156874785,14.219148936170212,14.277083333333332,13.929166666666667,0.0,723.1479166666667,44.18333333333334,12.685416666666669,2023-08-08,0.1609705144708806,1197.6705198235136,3302.821703961209,3214.31205328162,0.20235238066026084,0.050526591587637705,0.10602659158763769,-0.09632578907262315,F2,7.986965022830649e-06,0.10868233700721433,-0.0026557454195766383
42,2023-08-09,2023-08-09,9964.020833333334,0.0070813312518998,141.2246349128312,2520.5768091093337,0.1613936173915106,2461.8634444386794,0.1562294183775436,0.038625,0.0565208333333333,0.0664375,0.0510776869641629,0.0342817104369703,0.0175498015734096,14.167391304347827,14.28125,13.8125,0.0,722.0791666666668,44.29375,12.077083333333334,2023-08-09,0.1562294183775436,1193.0119115188616,3332.2363679294062,3234.570409975142,0.19554578822703833,0.04435077389070031,0.0998507738907003,-0.09569501433633804,F2,7.645045616249226e-06,0.10645646938957307,-0.006605695498872771
43,2023-08-10,2023-08-10,10184.3125,0.0070229070477302,142.3999316720176,2535.3375198526483,0.1560799048861212,2466.7935699014,0.1546107700892857,0.0290416666666666,0.0504583333333333,0.0643541666666666,0.0444008804937831,0.0420542257490691,0.0215287775263282,14.985106382978724,14.98125,14.370833333333332,0.0,722.30625,44.3375,13.314583333333331,2023-08-10,0.1546107700892857,1193.6159720033957,3351.7502256216617,3241.0479576942107,0.19118909532897504,0.03855330044035508,0.09405330044035506,-0.09713579488861998,F2,8.446419338147087e-06,0.10582050721310413,-0.011767206772749061
44,2023-08-11,2023-08-11,9929.1875,0.0070975202889728,140.89924074064217,2508.7573695184497,0.1652899744288763,2417.615330501153,0.170013427734375,0.0250833333333333,0.0454791666666666,0.0623749999999999,0.0405349153772982,0.0465546217388617,0.0238326607228169,14.183333333333332,14.295833333333334,14.008333333333333,1.8756,723.9770833333333,74.90625,11.61875,2023-08-11,0.170013427734375,1188.176261754468,3316.6109101726934,3176.434106614025,0.19912476617152897,0.03519648154464323,0.09069648154464321,-0.10842828462688575,F2,2.823843643137236e-05,0.11292208485034053,-0.02222560330569731
45,2023-08-12,2023-08-12,10017.75,0.0070441243876091,141.96855799753425,2527.502071486781,0.1588477343856138,2437.422657845856,0.1636671278211805,0.0245208333333333,0.0420416666666666,0.0609791666666666,0.038790135633788,0.0485857315715091,0.0248724447383286,14.508333333333333,14.383333333333333,13.970833333333331,0.0,724.9833333333332,65.59375,12.502083333333331,2023-08-12,0.1636671278211805,1181.5271829722335,3341.391657729814,3202.458374968388,0.19348642832244628,0.03368148866824716,0.08918148866824716,-0.10430493965419912,F2,2.0779195473745076e-05,0.10995426136015218,-0.020772772691905028
46,2023-08-13,2023-08-13,10196.791666666666,0.0069922585029124,143.02233114915373,2542.3207815739624,0.1540536660061026,2463.767317198448,0.1557547829367897,0.0214791666666666,0.039125,0.05975,0.0361997471648535,0.0516012202079399,0.0264161608056331,14.015217391304349,14.064583333333331,13.65,0.3865,725.0104166666666,63.84375,12.708333333333334,2023-08-13,0.1557547829367897,1174.9109753404723,3360.982191333016,3237.0718527367285,0.18917026828278782,0.03143225343260704,0.08693225343260705,-0.10223801485018078,F2,1.9613803206647636e-05,0.10619148514937768,-0.01925923171677063
47,2023-08-14,2023-08-14,10179.645833333334,0.0070246264383565,142.35977320721256,2554.738280232268,0.1497711033606111,2481.7558913242774,0.1500965465198863,0.0161875,0.0363958333333333,0.0590625,0.025888253131096,0.0636048997549728,0.0325611924133338,14.97608695652174,14.775,14.072916666666666,0.0,727.1625,52.275,13.51875,2023-08-14,0.1500965465198863,1175.6405092024684,3377.398291202848,3260.7065144059175,0.185645425126386,0.022478779468773268,0.07797877946877327,-0.10766664565761272,F2,1.2496143294578845e-05,0.10375363013958011,-0.025774850670806843
48,2023-08-15,2023-08-15,10095.0,0.0070295235072657,142.26557330531097,2573.157165312605,0.1439349067608131,2498.122391799341,0.1454501681857639,0.0107708333333333,0.0338333333333333,0.0584166666666666,0.0248563008193447,0.0648062023807154,0.0331761740593097,16.22391304347826,15.8875,14.90625,0.0,728.9499999999999,50.88125,15.014583333333334,2023-08-15,0.1454501681857639,1175.7514355192304,3401.7483044615583,3282.2099809247743,0.1805649401706757,0.021582734906759743,0.07708273490675974,-0.10348220526391597,F2,1.3010848285583396e-05,0.10158075936997793,-0.024498024463218193
49,2023-08-16,2023-08-16,10270.729166666666,0.0069654798069202,143.5756436318487,2581.7564817929065,0.1412682833784191,2496.1972873034624,0.1459859212239583,0.0072708333333333,0.0314791666666666,0.0579375,0.0239339468248099,0.0658799208683638,0.0337258416856837,16.733333333333334,16.354166666666668,15.4625,0.0,727.6104166666668,49.37708333333333,15.839583333333332,2023-08-16,0.1459859212239583,1177.5726706384075,3413.1167162518427,3279.6806424057977,0.17825132487270373,0.020781854602851334,0.07628185460285133,-0.1019694702698524,F2,1.2792534273120227e-05,0.10184574361017332,-0.025563889007321983
50,2023-08-17,2023-08-17,10426.729166666666,0.0069275613989313,144.35406407972135,2593.28715129086,0.1377856441918956,2505.033825831947,0.1434276492096657,0.0059791666666666,0.0289791666666666,0.0569791666666666,0.0228532677526421,0.0671379466435831,0.0343698615565687,15.108333333333334,15.079166666666666,14.797916666666666,0.0,726.3958333333334,50.770833333333336,15.477083333333333,2023-08-17,0.1434276492096657,1185.8058193722245,3428.3604160703903,3291.290712052597,0.1752052950279333,0.019843500577310717,0.0753435005773107,-0.0998617944506226,F2,1.334282251478565e-05,0.1006798129533136,-0.025336312376002895
51,2023-08-18,2023-08-18,10432.791666666666,0.0069209257128446,144.49381926822983,2592.568549173316,0.1379435468224451,2493.5867277820016,0.1466902063248005,0.0065208333333333,0.0278541666666666,0.0558541666666666,0.0222107846810365,0.0678858655077845,0.0347527429091161,13.910416666666668,13.979166666666666,13.904166666666669,0.0,725.3729166666667,65.175,14.045833333333334,2023-08-18,0.1466902063248005,1176.0616214281133,3427.410414427315,3276.2507045671778,0.17539327634860147,0.01928563229605172,0.07478563229605173,-0.10060764405254974,F2,2.2936637214291636e-05,0.10216372469840779,-0.027378092402356058
52,2023-08-19,2023-08-19,10396.041666666666,0.0069413291388278,144.06947455378673,2589.4920333601094,0.1390658361932797,2506.790455437574,0.1431666782924107,0.0068958333333333,0.0270416666666666,0.0550208333333333,0.0217420791146327,0.0684314888095682,0.0350320632976871,13.83125,13.483333333333334,13.247916666666669,1.1108,725.4833333333332,57.04375,14.922916666666666,2023-08-19,0.1431666782924107,1184.2079332777832,3423.3432192352357,3293.5986963384366,0.1762008323244511,0.018878655084819104,0.07437865508481911,-0.101822177239632,F2,1.7124523936012713e-05,0.1004678255611573,-0.026089170476338186
53,2023-08-22,2023-08-22,10207.104166666666,0.0070518247056386,141.84299006028235,2593.356873996681,0.1389011467800411,2504.0517583345604,0.1459164503144054,0.0044583333333333,0.0239583333333333,0.054875,0.0206424916561384,0.0697115259644646,0.0356873514320503,16.037499999999998,15.93125,15.366666666666667,0.0,728.3354166666667,48.69166666666666,14.825,2023-08-22,0.1459164503144054,1215.371158926621,3428.452590423168,3290.000402277365,0.1751870690040046,0.017923882900656836,0.07342388290065684,-0.10176318610334777,F2,1.1592174860633562e-05,0.10083880349743085,-0.027414920596774014
54,2023-08-23,2023-08-23,9588.541666666666,0.0072085705925239,138.73615558701536,2476.9609304774262,0.1770280379754873,2375.340097649448,0.1848408092151988,0.0531666666666666,0.0256458333333333,0.05425,0.0438890172490842,0.0426500891943811,0.021833817301088,13.95625,13.902083333333332,13.783333333333331,6.8356,727.475,78.41458333333334,13.072916666666666,2023-08-23,0.1848408092151988,1229.8664444250787,3274.5755910504054,3120.8899140367184,0.20917543780412562,0.038108849401596624,0.09360884940159661,-0.11556658840252901,F2,3.644656269459306e-05,0.11954669085522523,-0.025937841453628624
55,2023-08-24,2023-08-24,9763.958333333334,0.007163279211634,139.61062838470596,2472.0337491082214,0.1787417298481423,2363.429606608351,0.1891676161024305,0.0546458333333333,0.0325208333333333,0.0548541666666666,0.0470380286712599,0.0389843038214764,0.0199571954789806,13.86875,13.9625,13.852083333333333,1.4618,725.6875,76.08541666666666,13.154166666666669,2023-08-24,0.1891676161024305,1237.906940739251,3268.061791157257,3105.2410680469725,0.21079073223465383,0.04084313714767518,0.09634313714767517,-0.11444759508697866,F2,3.349108018862628e-05,0.12150757423267108,-0.02516443708499591
56,2023-08-25,2023-08-25,9307.354166666666,0.0074511828351402,134.3182009680202,2306.571278475331,0.2645539884357608,2189.094798304259,0.2824442545572916,0.0876041666666666,0.0459583333333333,0.0555208333333333,0.0659731119246628,0.0169418460722754,0.0086730222344751,14.01875,14.075,13.8125,5.9075,725.9354166666667,97.50833333333333,11.564583333333331,2023-08-25,0.2824442545572916,1210.5192227702537,3049.31818446463,2876.1876598886342,0.2762600927733114,0.05728447672051974,0.11278447672051975,-0.16347561605279168,F2,6.463413280983712e-05,0.15611451600218873,-0.04333003928166898
57,2023-08-26,2023-08-26,8261.208333333334,0.0077677007231585,128.74280424225248,2135.033222626017,0.3734456301296361,2034.0914959327968,0.3873519897460937,0.1491041666666666,0.1183125,0.0820833333333333,0.123363231496666,0.0498663780563475,0.0255280448063568,13.45,13.389583333333334,13.20625,21.977499,726.9458333333333,89.77708333333334,11.808333333333332,2023-08-26,0.3873519897460937,1168.343479127529,2822.5425725811856,2672.5333522414135,0.3792237510886124,0.1071163381061772,0.16261633810617718,-0.21660741298243522,F2,5.029898926035949e-05,0.19973092193834957,-0.03711458383217239
58,2023-08-27,2023-08-27,8408.645833333334,0.0076897674599451,130.05487961246362,2160.5893729614177,0.3523510422124217,2069.3929324895257,0.3556625011355377,0.1355625,0.121875,0.1072708333333333,0.1244579223320952,0.0511407150194051,0.0261804148472403,14.391489361702128,14.51875,14.133333333333333,1.9755,727.0166666666668,81.11874999999999,12.852083333333333,2023-08-27,0.3556625011355377,1160.4656605783064,2856.328146289604,2718.914877737457,0.36057819683358516,0.1080668585507777,0.1635668585507777,-0.19701133828280745,F2,3.974519445530816e-05,0.18838959645798697,-0.024822737907209264
59,2023-08-28,2023-08-28,8616.854166666666,0.0076116617467331,131.383457704447,2193.672216612977,0.3264245708855969,2112.285139179436,0.3217077010717147,0.1187708333333333,0.1128541666666666,0.1175416666666666,0.1164471015950072,0.0418152647285039,0.0214064464512084,13.795833333333334,13.916666666666666,13.804166666666667,0.46069998,726.6625,72.08333333333333,12.858333333333334,2023-08-28,0.3217077010717147,1163.9154384725855,2900.0641095706446,2775.26969420428,0.33843335671893987,0.10111106003470945,0.15661106003470945,-0.18182229668423042,F2,2.7919466433721848e-05,0.17582934347272558,-0.019218283438016126
60,2023-08-29,2023-08-29,8670.916666666666,0.0075719568497741,132.07978347919556,2218.938240330478,0.3081540317407549,2158.865042669672,0.2886852507895611,0.099625,0.1013749999999999,0.1205833333333333,0.1049486116542683,0.0284297952638897,0.0145540365195973,12.126086956521736,12.583333333333334,12.808333333333332,0.0,727.5500000000001,59.30416666666667,12.114583333333334,2023-08-29,0.2886852507895611,1161.5592462292873,2933.4661319966835,2836.469667691586,0.32286215640418287,0.09112691709957604,0.14662691709957604,-0.17623523930460683,F2,1.5364670493158117e-05,0.16348107787962052,-0.01685416078004448
61,2023-08-30,2023-08-30,8977.625,0.0074502349957429,134.23333277094048,2251.923816908138,0.2862933114967825,2188.2068092529908,0.2706425364424543,0.0797083333333333,0.0884375,0.1195,0.0916863379562972,0.0129910932664569,0.0066505173208074,12.26875,12.527083333333332,12.70625,0.0,725.7166666666667,51.725,13.310416666666669,2023-08-30,0.2706425364424543,1150.7825645190376,2977.0735069006996,2875.020957033485,0.3040739024165033,0.07961128009612314,0.13511128009612314,-0.16896262232038015,F2,1.1994881535608806e-05,0.15632650339434503,-0.021215223298221897
62,2023-08-31,2023-08-31,9274.375,0.0073243813543061,136.53435949829213,2292.069222163355,0.2623128929146499,2235.300843297179,0.2449805850074404,0.068,0.0796666666666666,0.1155833333333333,0.082748372732376,0.0025863478436079,0.0013240264524895,12.908510638297871,12.802083333333334,12.622916666666669,0.0,723.2291666666666,44.84375,14.483333333333334,2023-08-31,0.2449805850074404,1159.126499101692,3030.1462714017616,2936.8964316256292,0.2832748449561996,0.07185044168996749,0.12735044168996748,-0.1559244032662321,F2,9.417152143416504e-06,0.14572713378652954,-0.018376692096562064
63,2023-09-01,2023-09-01,9390.020833333334,0.007302054885636,136.95293846138088,2314.947061466643,0.2496999004396309,2252.1923845318934,0.2365351137907608,0.057375,0.0722708333333333,0.1101458333333333,0.074408398485305,0.0071222722617433,0.0036460976815963,13.922916666666666,13.654166666666669,13.20625,0.0,723.7312499999999,42.22291666666667,14.33125,2023-09-01,0.2365351137907608,1154.5578621547338,3060.391081982638,2959.089733849644,0.2723201009412629,0.06460883906325443,0.12010883906325442,-0.15221126187800849,F2,8.19381070393081e-06,0.14217634496791134,-0.02206750590465692
64,2023-09-02,2023-09-02,9273.270833333334,0.007368056455535,135.73171983142427,2315.722638707716,0.2495618003300651,2235.8109558527767,0.245327904110863,0.0491041666666666,0.0661458333333333,0.1050625,0.0675975428563157,0.015050835100828,0.0077049588881885,13.79375,13.9125,13.716666666666669,0.0,726.0854166666667,59.07083333333333,12.802083333333334,2023-09-02,0.245327904110863,1144.6542486930089,3061.416405503628,2937.5666535998903,0.2719592775605584,0.05869497068046246,0.11419497068046247,-0.1577643068800959,F2,1.6070945334917815e-05,0.14562114009045138,-0.03142616940998891
65,2023-09-03,2023-09-03,9224.9375,0.0073269201824815,136.49456526300995,2330.396477197437,0.2413719237851218,2241.3160194235047,0.2417181105840773,0.0448125,0.0618958333333333,0.1001875,0.06318897141831,0.0201828827584009,0.0103322028882007,13.341666666666669,13.277083333333332,12.995833333333332,0.0,725.1374999999999,73.80416666666666,11.847916666666668,2023-09-03,0.2417181105840773,1158.9051810411806,3080.815416910802,2944.799595691432,0.2652570284893937,0.05486700652137332,0.11036700652137332,-0.15489002196802037,F2,2.7562407304597688e-05,0.14445520943359166,-0.03408820291221834
66,2023-09-04,2023-09-04,9846.208333333334,0.0070960742246645,140.93550627955673,2362.1412778952667,0.2255428694207443,2293.2266735943376,0.2175782669422238,0.041,0.058375,0.0957708333333333,0.0593413704719316,0.0246619008942778,0.0126251421414176,13.712765957446807,13.675,13.2625,0.0004,718.9041666666667,63.16041666666666,11.585416666666667,2023-09-04,0.2175782669422238,1162.0610329680194,3122.7824694503984,3013.0034866597684,0.25152338228038607,0.05152613324114433,0.10702613324114432,-0.14449724903924174,F2,1.7366750002165146e-05,0.1340148303698934,-0.026988697128749073
67,2023-09-05,2023-09-05,9887.1875,0.0071086705578742,140.677243124811,2391.1180052306768,0.2124924550879178,2333.6020655428697,0.2011328408884447,0.0348125,0.054,0.0896041666666666,0.0537856408240773,0.0311293631383006,0.015936023588678,13.180434782608694,13.5,13.28125,0.0,721.1958333333333,60.52916666666667,10.047916666666667,2023-09-05,0.2011328408884447,1162.592026893886,3161.0900918571706,3066.0515338140035,0.2398256848360648,0.0467020911974487,0.10220209119744869,-0.13762359363861612,F2,1.3444910938737677e-05,0.12659527164442255,-0.02439318044697386
68,2023-09-06,2023-09-06,9946.958333333334,0.0070849936676288,141.15195354399427,2424.462185024327,0.1978709684118409,2376.5257422570285,0.1845217618075284,0.0276875,0.0494583333333333,0.0837708333333333,0.0478451914111457,0.0380446802479985,0.0194761749272624,13.315217391304348,13.527083333333332,13.147916666666667,0.0,724.3375,42.27708333333333,11.65,2023-09-06,0.1845217618075284,1169.6071228010849,3205.171545025202,3122.447697825697,0.22725610928640627,0.04154399684390203,0.09704399684390203,-0.13021211244250425,F2,6.678713108174803e-06,0.1193347034630689,-0.022290706619166878
69,2023-09-07,2023-09-07,10050.6875,0.0070427868076447,141.99664406866157,2449.8697219023347,0.1876940762295592,2404.9112082370343,0.1746687455610795,0.0210833333333333,0.0450208333333333,0.0788333333333333,0.0423658391965266,0.0444232310083722,0.0227415400080478,13.593478260869563,13.729166666666666,13.272916666666667,0.0,724.8291666666668,36.75416666666667,12.2375,2023-09-07,0.1746687455610795,1170.1615720351815,3238.7606497485453,3159.7425317612233,0.21826047285221983,0.03678627335284844,0.09228627335284845,-0.1259741994993714,F2,5.307303068271861e-06,0.11482997137974732,-0.022543698026898873
70,2023-09-08,2023-09-08,10096.416666666666,0.0070463629391108,141.92033604806815,2475.81455189754,0.1772302758479852,2435.1276372074103,0.1642872203480113,0.0157083333333333,0.0409166666666666,0.074375,0.0308995108608685,0.0577712609322327,0.0295747835531849,13.42608695652174,13.616666666666667,13.21875,0.0,726.7145833333334,33.833333333333336,12.029166666666669,2023-09-08,0.1642872203480113,1171.0041783649003,3273.0600631833286,3199.4430144437542,0.2095498274817627,0.026830056350929294,0.0823300563509293,-0.1272197711308334,F2,4.480303798365113e-06,0.11027224244838665,-0.027942186097457355
71,2023-09-09,2023-09-09,10100.083333333334,0.0070276693380436,142.2992173117449,2495.5286462598096,0.1700639034529539,2452.8613097508187,0.1588141547309027,0.0114791666666666,0.0373333333333333,0.0706875,0.028829633226015,0.0601808194063986,0.0308083064014362,13.157446808510638,13.329166666666666,13.085416666666667,0.0,727.6916666666666,31.6875,11.945833333333333,2023-09-09,0.1588141547309027,1169.0380879556476,3299.1223604945385,3222.7427683755473,0.20322959441413152,0.02503278085900629,0.08053278085900628,-0.12269681355512524,F2,3.970044613012443e-06,0.10772839374251092,-0.02719561288350464
72,2023-09-10,2023-09-10,10149.270833333334,0.0070292475289615,142.26752918044434,2500.437564082217,0.1682024701038814,2433.197828933542,0.1650610635446947,0.0091666666666666,0.0351458333333333,0.0675208333333333,0.027359929896418,0.0618917109357865,0.0316841613827561,13.683333333333332,13.6625,13.260416666666666,0.0,726.1125000000001,43.54583333333333,12.135416666666666,2023-09-10,0.1650610635446947,1180.492941880301,3305.6120157337223,3196.9074957683865,0.20169391570955547,0.023756636931363304,0.07925663693136331,-0.12243727877819216,F2,7.4059278426180584e-06,0.11059022353662112,-0.03133358660525781
73,2023-09-11,2023-09-11,9788.9375,0.0071623186961939,139.62894845644155,2391.326013716448,0.2121593566950145,2316.4607156984,0.2077971667778201,0.0356875,0.0344375,0.065375,0.0419383017329972,0.0449209302447542,0.0229963266779778,12.2875,12.458333333333334,12.44375,4.8199,724.3416666666667,75.63958333333333,9.379166666666666,2023-09-11,0.2077971667778201,1198.8005118120843,3161.365081866846,3043.530015360491,0.23974441189425777,0.036415042420091054,0.09191504242009105,-0.14782936947416672,F2,2.3464790041195297e-05,0.12966908883068903,-0.037754046410597986
74,2023-09-12,2023-09-12,9960.375,0.0070781076287866,141.28924338716573,2417.311648456904,0.2008611990434288,2359.9551027038046,0.190609244413154,0.0388333333333333,0.0348958333333333,0.0638958333333333,0.0431131430292336,0.0435532895912782,0.0222961917726218,10.404347826086957,11.047916666666666,11.475,0.024799999,723.0354166666666,62.44166666666666,8.69375,2023-09-12,0.190609244413154,1178.2020282499104,3195.7184397224532,3100.6760189398105,0.2298760240303035,0.03743515753852615,0.09293515753852616,-0.13694086649177734,F2,1.2636530917419282e-05,0.12209053956110094,-0.029155382022574783
75,2023-09-13,2023-09-13,10057.229166666666,0.0070510488016789,141.8287833344084,2451.222274146479,0.1867800034132632,2385.012480827277,0.1812092174183238,0.0326458333333333,0.035375,0.062625,0.0403389888863882,0.0467827010844889,0.0239494211530209,10.733333333333334,11.189583333333331,11.420833333333334,0.0,721.2979166666668,58.19791666666666,8.989583333333334,2023-09-13,0.1812092174183238,1180.0953429269898,3240.5487419666333,3133.598175533359,0.2177948344963152,0.035026358502391046,0.09052635850239105,-0.12726847599392416,F2,1.0858610220456166e-05,0.11795678541405288,-0.027430426911661837
76,2023-09-14,2023-09-14,9991.145833333334,0.0071431199319108,140.04150288953392,2405.004740293654,0.2085234576270777,2328.5150074955704,0.2053484235491071,0.0329166666666666,0.0347916666666666,0.0618333333333333,0.0400751108518017,0.0470898832790678,0.0241066766251963,10.047916666666667,10.770833333333334,11.152083333333332,0.0857,721.6374999999999,80.83125,6.685416666666666,2023-09-14,0.2053484235491071,1209.4206411969308,3179.4485419712155,3059.367796959796,0.23448038198531396,0.03479723311041942,0.09029723311041943,-0.14418314887489453,F2,2.0449821206721954e-05,0.12749621806108685,-0.037198984950667424
77,2023-09-15,2023-09-15,9137.729166666666,0.0074231018858702,134.71844060384137,2223.555262567367,0.3046296436649025,2146.671658415444,0.2961556570870535,0.1158125,0.0675208333333333,0.06175,0.0869341851908555,0.0074590802751133,0.0038185194694136,8.672916666666667,9.335416666666667,10.033333333333331,10.457399,723.1979166666666,97.09791666666666,5.472916666666666,2023-09-15,0.2961556570870535,1204.4769775513948,2939.5698973545573,2820.4491365791564,0.32013158022883165,0.07548498414732567,0.13098498414732568,-0.18914659608150597,F2,3.0159835572840394e-05,0.16660789191392608,-0.035622907766600403
78,2023-09-16,2023-09-16,8993.791666666666,0.0074430622205797,134.36643569676576,2229.3365581795065,0.3011078727253835,2176.0758177649664,0.2782842462713068,0.1411458333333333,0.1237083333333333,0.0625208333333333,0.1174127725830515,0.0429394088195931,0.0219819284060779,7.273913043478261,8.05625,8.960416666666667,5.9474998,725.4333333333334,78.85833333333333,5.677083333333333,2023-09-16,0.2782842462713068,1199.7734829828337,2947.2128477391275,2859.0824019525917,0.31676008471911876,0.10194955249960143,0.15744955249960144,-0.15931053221951733,F2,1.610097261366395e-05,0.1592413300364943,-0.001791777536892858
79,2023-09-17,2023-09-17,9138.104166666666,0.0073926541690342,135.2752725426629,2264.9106276495004,0.2782995497975867,2212.742340565329,0.2568949381510416,0.114875,0.114375,0.0670833333333333,0.1039431186250715,0.0272592940669012,0.0139548230180902,8.460869565217392,9.035416666666666,9.3875,0.0,725.75625,59.19583333333333,7.956250000000001,2023-09-17,0.2568949381510416,1186.0368258655335,2994.2422449845335,2907.2574743574596,0.29711176713348997,0.09025384714208422,0.14575384714208423,-0.15135791999140574,F2,1.004283088888697e-05,0.15065584065416374,-0.004901993512079511
80,2023-09-18,2023-09-18,9224.520833333334,0.007380950246933,135.49398347548947,2288.7463581484694,0.2646865074898669,2230.641359497876,0.2477777654474431,0.0958958333333333,0.10175,0.0731458333333333,0.0927997347051777,0.0142872059091561,0.0073140349634869,8.35,8.84375,9.35625,0.0,723.7333333333332,61.61875,7.758333333333334,2023-09-18,0.2477777654474431,1192.3680991826418,3025.7534005810553,2930.7744720762353,0.2849177043350751,0.08057804289207524,0.13607804289207523,-0.14883966144299984,F2,1.0883850841617995e-05,0.146734073899272,-0.010656031007196781
81,2023-09-19,2023-09-19,9175.354166666666,0.0073837217596638,135.439964736142,2301.634975608611,0.2568086867027557,2236.6765270282726,0.2441354146817835,0.0858541666666666,0.0941666666666666,0.0773333333333333,0.0868118708273704,0.0073166933020454,0.0037456274493794,8.674999999999999,8.918750000000001,9.208333333333334,2.9166,721.4895833333334,75.0125,6.860416666666667,2023-09-19,0.2441354146817835,1186.0328723970756,3042.792325829356,2938.703902263422,0.2786199119514925,0.07537877854168971,0.13087877854168972,-0.14774113340980277,F2,1.6743908895746547e-05,0.14546214954633416,-0.014583371004644435
82,2023-09-20,2023-09-20,9276.9375,0.0072926595922059,137.13678918751793,2335.585485565737,0.2389992895879714,2282.0149056948594,0.2228320893787202,0.0803333333333333,0.0884375,0.0799791666666666,0.0830574450522574,0.0029461410096193,0.0015082150064001,7.512765957446809,8.164583333333333,8.831249999999999,0.0035,720.4833333333332,75.21875,6.03125,2023-09-20,0.2228320893787202,1194.5371691136825,3087.6753556104877,2998.2726725794487,0.2629421867340733,0.07211880929605254,0.12761880929605254,-0.13532337743802078,F2,1.4840651240162714e-05,0.13618770113949558,-0.008568891843443033
83,2023-09-21,2023-09-21,9560.958333333334,0.0072197137161164,138.51721211731294,2359.330921174287,0.2270495486861749,2307.6851861987607,0.2113257119821947,0.0693125,0.081375,0.0802916666666666,0.0759574655039646,0.0053189929282157,0.0027229467045462,9.304166666666667,9.404166666666669,9.404166666666669,0.0034,719.0625,53.69583333333333,8.625,2023-09-21,0.2113257119821947,1200.1838137606455,3119.067140150113,3032.000103693165,0.2526990645651619,0.06595389451054427,0.12145389451054428,-0.1312451700546176,F2,8.509619264283086e-06,0.13131199111990044,-0.00985809660935616
84,2023-09-22,2023-09-22,9816.25,0.0071248109292975,140.3609687138438,2391.6645177547693,0.211862576085099,2357.4113223599,0.1913572799327761,0.0498958333333333,0.073,0.079375,0.0645256764652765,0.0186268154242049,0.0095356069015386,8.669565217391305,9.041666666666666,9.308333333333334,0.0034,719.1625,42.22708333333333,7.766666666666667,2023-09-22,0.1913572799327761,1202.1513487279087,3161.8125887482506,3097.3338203103713,0.23961223137812804,0.056027667992558663,0.11152766799255867,-0.12808456338556937,F2,4.441464068571477e-06,0.12251451434541358,-0.010986846352854907
85,2023-09-23,2023-09-23,9862.854166666666,0.0071114808056403,140.6296662410262,2412.1055657619218,0.2033943967951346,2375.2508244457817,0.1852220323350694,0.0426874999999999,0.0662916666666666,0.0774791666666666,0.0586862845568326,0.025424490813341,0.013015534032337,8.5,8.875,9.102083333333333,0.0,720.7291666666666,42.42916666666667,6.910416666666666,2023-09-23,0.1852220323350694,1198.51018628479,3188.835928533755,3120.7726205842177,0.23180887595525307,0.05095732190636476,0.10645732190636475,-0.12535155404888831,F2,3.991532228145645e-06,0.11954669085522523,-0.01308936894886048
86,2023-09-24,2023-09-24,10004.916666666666,0.0070779877136666,141.28863837143027,2428.9308016397604,0.1959349237640462,2397.585472236781,0.1769176664806547,0.0366875,0.06025,0.0751875,0.0535066915314605,0.0314540898857034,0.0161022606261495,7.888888888888889,8.527083333333334,8.829166666666667,0.0,722.50625,41.24583333333333,5.535416666666666,2023-09-24,0.1769176664806547,1179.1597587516185,3211.0791161598986,3150.117461389738,0.2256389495316795,0.04645987942672974,0.10195987942672974,-0.12367907010494977,F2,3.0147994985607583e-06,0.11599590203660703,-0.014036022609877297
87,2023-09-25,2023-09-25,9561.395833333334,0.0072723794889788,137.51120230406926,2449.945014305945,0.1880586933286645,2417.2487482474585,0.1707687377929687,0.0300833333333333,0.0547916666666666,0.0728333333333333,0.048255717959659,0.0375667835321812,0.0192315257417849,8.371739130434783,8.641666666666667,8.829166666666667,0.0,725.8916666666668,36.90833333333333,7.158333333333334,2023-09-25,0.1707687377929687,1194.2580421003977,3238.860187316546,3175.9524649074956,0.21823451795795346,0.0419004571930564,0.0974004571930564,-0.12083406076489706,F2,3.129268987997408e-06,0.11297508169837961,-0.015574624505323209
88,2023-09-26,2023-09-26,9572.25,0.0072091227187363,138.719486310586,2455.787448900196,0.1850814909984855,2416.8676147334345,0.1703460693359375,0.0238333333333333,0.0499999999999999,0.0707708333333333,0.04345295831002,0.0431577083377381,0.0220936822590269,9.730434782608697,9.764583333333333,9.485416666666667,0.0,725.81875,36.958333333333336,9.014583333333333,2023-09-26,0.1703460693359375,1186.1867402909877,3246.583964255957,3175.451704725408,0.216232760572517,0.03773021926857936,0.09323021926857936,-0.12300254130393765,F2,3.950887342357675e-06,0.11302807854641869,-0.019797859277839336
89,2023-09-27,2023-09-27,9859.520833333334,0.0070969580280071,140.9138246519021,2486.797936830189,0.173224746917932,2444.9193507918644,0.1612431452824519,0.0181666666666666,0.0458125,0.0687708333333333,0.0313317346027685,0.0572681063676853,0.0293172041425893,10.465217391304348,10.43125,10.047916666666667,0.0,723.8312500000001,39.90416666666667,9.91875,2023-09-27,0.1612431452824519,1186.314248277405,3287.5802454619534,3212.308060673176,0.20599798086703797,0.02720535638087484,0.08270535638087484,-0.12329262448616313,F2,5.050742704572615e-06,0.10889432439937063,-0.026188968018495795
90,2023-09-28,2023-09-28,10205.1875,0.0069770836316833,143.333526150143,2497.207023502883,0.1693513051531498,2458.1613457337817,0.1570966853651889,0.0134791666666666,0.0421874999999999,0.0669375,0.0296648526352582,0.0592085348754474,0.0303105657585806,10.71063829787234,10.689583333333331,10.35625,0.0,720.9499999999999,35.768750000000004,10.185416666666669,2023-09-28,0.1570966853651889,1195.3943577824484,3301.3411977338014,3229.7063307132644,0.20270286739445087,0.025758002171288093,0.08125800217128809,-0.12144486522316278,F2,4.197746393541042e-06,0.10698643786996384,-0.02572843569867575
91,2023-09-29,2023-09-29,10509.666666666666,0.006878812562283,145.38000899255297,2527.656138476088,0.1589082630705081,2490.4086870699603,0.1477465507311698,0.0094166666666666,0.0391041666666666,0.0649791666666666,0.0281572338988564,0.0609635639848689,0.031209016046892,10.764583333333334,10.747916666666669,10.460416666666667,0.0,719.7541666666666,34.6375,9.964583333333334,2023-09-29,0.1477465507311698,1193.2014874362917,3341.5953363572658,3272.075169781897,0.19344092407161634,0.02444893628233246,0.07994893628233246,-0.11349198778928388,F2,3.871467086861231e-06,0.1025876994827204,-0.022638763200387935
92,2023-09-30,2023-09-30,10693.791666666666,0.0068365604111186,146.2797280670609,2523.8697581190554,0.1599988384815753,2481.347637294577,0.1502231504858994,0.0063958333333333,0.0365208333333333,0.0631875,0.0268601229592618,0.0624735395524124,0.0319820163217705,10.541666666666666,10.60625,10.439583333333331,0.0,719.4729166666666,34.143750000000004,10.089583333333334,2023-09-30,0.1502231504858994,1182.2172845783614,3336.589690711825,3260.170121371119,0.1945631487228519,0.023322654388763617,0.07882265438876362,-0.11574049433408828,F2,3.819788730746912e-06,0.1038066269876192,-0.02498397259885557
93,2023-10-01,2023-10-01,10762.0625,0.0068138571349861,146.76658743211172,2521.089597222171,0.1611225716482579,2460.555383284813,0.1566155012263808,0.0048333333333333,0.0345,0.0615,0.025781073232321,0.063729668595896,0.0326250652006841,10.533333333333331,10.627083333333331,10.50625,0.5703,718.2229166666666,54.82916666666667,10.104166666666666,2023-10-01,0.1566155012263808,1191.0950136157005,3332.9142806962236,3232.8517866647016,0.1953923587062285,0.022385715124267354,0.07788571512426735,-0.11750664358196115,F2,1.0496245532113662e-05,0.10666845678172937,-0.028782741657462016
94,2023-10-02,2023-10-02,10810.229166666666,0.0068312737795392,146.41295752441565,2488.221947259036,0.174204827277867,2426.596656494668,0.1684459339488636,0.0059583333333333,0.0328333333333333,0.0599166666666666,0.0248480065183263,0.0648158578323081,0.0331811169649406,9.31875,9.714583333333334,9.914583333333333,0.018,718.475,56.45625,8.383333333333333,2023-10-02,0.1684459339488636,1221.6142909896423,3289.4628063591913,3188.234408278437,0.2055431642691955,0.021575532962213848,0.07707553296221384,-0.12846763130698166,F2,9.370814212938303e-06,0.1115441668013245,-0.03446863383911067
95,2023-10-03,2023-10-03,10102.916666666666,0.0070612821458327,141.62854785600123,2317.32309439797,0.2488668610295983,2260.156586334064,0.2331821017795139,0.030125,0.0316666666666666,0.0578124999999999,0.0368914081989757,0.0507960529468628,0.0260039723388036,4.539583333333334,6.275,7.96875,6.0365996,717.2895833333333,96.00833333333333,0.4541666666666666,2023-10-03,0.2331821017795139,1246.889246123784,3063.532229404352,2969.5536657734738,0.27121681525146074,0.032032822956338296,0.0875328229563383,-0.18368399229512244,F2,2.4104506051103823e-06,0.14053344267869994,-0.05300061972236164
96,2023-10-04,2023-10-04,9870.9375,0.0071285356347104,140.28635420804116,2323.1547819857446,0.2452395528604477,2273.6762516920603,0.226350264115767,0.0757291666666666,0.0491875,0.0571041666666666,0.0623535308923025,0.0211554246928643,0.0108300753033777,4.666666666666667,5.285416666666666,6.233333333333333,3.4542,720.1166666666667,81.99374999999999,2.035416666666667,2023-10-04,0.226350264115767,1204.970873682102,3071.2417986569753,2987.3167588558813,0.26853539311283375,0.05414159321332586,0.10964159321332587,-0.1588937998995079,F2,6.506799284519676e-06,0.13783060342870698,-0.028189010215381116
97,2023-10-05,2023-10-05,9643.458333333334,0.0072112253593274,138.67994299629405,2366.313135974215,0.2237392786276153,2317.0203209964143,0.2074443538014481,0.0683958333333333,0.0661458333333333,0.0577916666666666,0.0652301712999967,0.0178067082495475,0.0091157702597634,6.425,6.708333333333333,7.008333333333333,0.0,724.7624999999999,66.15625,4.145833333333333,2023-10-05,0.2074443538014481,1203.2899480511417,3128.297721817345,3044.2652644021514,0.2497919291195202,0.05663938110994715,0.11213938110994714,-0.13765254800957305,F2,7.0553632435953e-06,0.1295630951346109,-0.01742371402466375
98,2023-10-06,2023-10-06,9558.4375,0.0072331136074621,138.2607263268596,2375.860146732997,0.2192103534695605,2330.384360489273,0.2020374644886363,0.0561875,0.065625,0.0579999999999999,0.0598606737246669,0.0240573764855782,0.0123156685683744,6.358695652173913,6.960416666666667,7.40625,0.0323,725.8541666666666,63.66666666666666,5.15,2023-10-06,0.2020374644886363,1199.4720549351275,3140.9189981618924,3061.8238852098934,0.24589051175911814,0.05197704444154633,0.10747704444154632,-0.13841346731757181,F2,7.888667091481812e-06,0.12717823697285238,-0.01970119253130606
99,2023-10-07,2023-10-07,9668.020833333334,0.0071835621728471,139.21364717639202,2407.065137316336,0.2050599425671344,2363.765223115103,0.1889384501689189,0.0469999999999999,0.0615,0.0580208333333333,0.0544976604699221,0.0303004962804106,0.0155117026110684,6.534782608695653,6.995833333333334,7.33125,0.0,725.6291666666666,53.78333333333333,6.066666666666666,2023-10-07,0.1889384501689189,1201.7767233945883,3182.172414485849,3105.682024763841,0.23370098055418664,0.04732033811103261,0.10282033811103261,-0.13088064244315403,F2,6.0094609588441275e-06,0.12145457738463203,-0.018634239273599418
100,2023-10-08,2023-10-08,9876.833333333334,0.0070896413140867,141.05929569750955,2416.5681905787865,0.2010301079879829,2377.6238761966088,0.1839017001065341,0.0400833333333333,0.0572291666666666,0.0582083333333333,0.0500956819483532,0.0354248690796236,0.0181350176285531,7.123913043478261,7.464583333333334,7.583333333333333,0.0,724.1750000000001,48.41458333333333,6.54375,2023-10-08,0.1839017001065341,1192.9363326820337,3194.735578430334,3123.890503906262,0.23015072644537976,0.0434980985836476,0.09899809858364761,-0.13115262786173215,F2,5.050108728069225e-06,0.11917571291895168,-0.020177614335304073
101,2023-10-09,2023-10-09,10263.229166666666,0.0069546516709562,143.7989011036441,2446.1402124166257,0.1887664969681358,2408.6206704505707,0.1729967070788872,0.0340625,0.0528333333333333,0.0583958333333333,0.0460346829499405,0.0401523053229247,0.0205551293138617,7.502127659574469,7.797916666666667,7.858333333333333,0.0,720.6895833333333,45.98541666666667,6.402083333333334,2023-10-09,0.1729967070788872,1194.8667904893832,3233.8301881582042,3164.6162857218383,0.2195511939868171,0.039971931698382625,0.09547193169838261,-0.1240792622884345,F2,4.3991996598970366e-06,0.11424700605131746,-0.01877507435293485
102,2023-10-10,2023-10-10,10652.645833333334,0.0068253724567939,146.51906583145282,2450.9903314815106,0.1869741927801091,2408.96516603532,0.1730666387648809,0.0287291666666666,0.048375,0.0577291666666666,0.0420546413456242,0.044785498519339,0.0229269952508849,5.333333333333333,6.30625,7.222916666666666,0.0,716.2937499999999,46.04375,4.589583333333334,2023-10-10,0.1730666387648809,1184.373354429261,3240.2421106508614,3165.0689083997186,0.21787459211553595,0.03651606014741633,0.09201606014741634,-0.1258585319681196,F2,3.1626176528855574e-06,0.11419400920327838,-0.02217794905586204
103,2023-10-11,2023-10-11,11093.583333333334,0.0067415963406813,148.3635426418945,2393.8436462400814,0.2135705166731535,2338.174241663836,0.2014295001362645,0.0267083333333333,0.0455,0.0566458333333333,0.0399493380544758,0.0472362962382269,0.0241816296642444,4.722916666666666,5.364583333333333,6.147916666666667,0.0,709.65,72.65416666666667,3.13125,2023-10-11,0.2014295001362645,1220.6168318457082,3164.6934258498636,3072.058782357167,0.23876366837525898,0.034688024545440434,0.09018802454544042,-0.14857564382981855,F2,6.956865776044414e-06,0.1258003189238364,-0.03561229437839597
104,2024-06-03,2024-06-03,8301.645833333334,0.0077408951864034,129.1946807652244,2050.579811329834,0.4583363647549471,2005.5240344619351,0.4181053524925595,0.1574375,0.1530208333333333,0.3330833333333333,0.1954509560057151,0.13378418293007,0.0684880023241618,10.86875,10.3,9.4,0.0,717.6437500000001,43.68541666666667,11.054166666666667,2024-06-03,0.4181053524925595,1087.357632070794,2710.894029477957,2634.9993997508755,0.4527869352517052,0.16971013512441555,0.22521013512441554,-0.22757680012728967,F2,6.792402975882962e-06,0.20969432936969615,0.015515805754719392
105,2024-06-05,2024-06-05,7986.458333333333,0.0079220461709575,126.23697842029117,2040.5712343830344,0.469737775646106,1988.9895538755948,0.437541872956032,0.150875,0.1462083333333333,0.3223333333333333,0.1878592692136589,0.124946649283156,0.0639638126053661,12.32127659574468,11.495833333333332,10.447916666666666,0.0,722.7791666666667,55.57083333333333,11.329166666666666,2024-06-05,0.437541872956032,1081.2466430395264,2697.6625564386054,2613.275229074512,0.46298239113866346,0.16311827076298246,0.21861827076298246,-0.244364120375681,F2,1.2169804423455371e-05,0.21573597004615097,0.0028823007168314874
106,2024-06-06,2024-06-06,7962.8125,0.0079147878645012,126.35377622720873,2076.952319993164,0.4288589035419325,2024.399598267792,0.3975103469122024,0.1291666666666666,0.1327291666666666,0.3119375,0.1715447027446857,0.1059547527450594,0.0542413100960725,13.831914893617022,12.802083333333334,11.41875,0.0,724.3562499999999,46.01666666666667,14.129166666666668,2024-06-06,0.3975103469122024,1091.870843406756,2745.7588398514745,2659.799451230556,0.42756807861861446,0.14895232685291665,0.20445232685291664,-0.2231157517656978,F2,9.723511049198189e-06,0.20301672651677236,0.0014356003361442882
107,2024-06-07,2024-06-07,8158.479166666667,0.0078250405262223,127.79761061842972,2092.5383076809426,0.4122410894471564,2034.931123697756,0.3859893798828125,0.108125,0.1206041666666666,0.3000416666666666,0.1556468994738011,0.0874480130484908,0.0447671734411155,14.510416666666666,13.627083333333331,12.379166666666668,0.0,722.725,42.24791666666667,15.047916666666666,2024-06-07,0.3859893798828125,1092.973838560845,2766.3637247395754,2673.6365146162666,0.4136901670481151,0.13514825857706583,0.19064825857706583,-0.2230419084710493,F2,8.6142205127548e-06,0.19946593769815418,-0.008817679121088356
108,2024-06-08,2024-06-08,8267.208333333334,0.0077820942411837,128.50904949000142,2090.0109166101784,0.4152173895861558,2021.7604518650376,0.4006271362304687,0.0994375,0.1147291666666666,0.2890416666666666,0.1474118635394216,0.0778615523386287,0.0398595862436012,13.485106382978724,12.958333333333334,12.03125,0.0033,721.6687499999999,63.53958333333333,12.360416666666666,2024-06-08,0.4006271362304687,1101.5348725688889,2763.0224798262907,2656.3319539243075,0.41589215176329364,0.1279977739248593,0.1834977739248593,-0.23239437783843434,F2,1.883109157954077e-05,0.20391767293343668,-0.02041989900857738
109,2024-06-09,2024-06-09,8214.1875,0.0077803004580715,128.53638179796607,2083.0623407287467,0.4221726127216639,2017.2188878686688,0.4045699270148026,0.1221666666666666,0.1234374999999999,0.2832916666666666,0.1588789172864538,0.091210426718748,0.0466932620903823,12.771739130434783,12.454166666666666,11.6875,1.903,722.3625000000001,71.68958333333333,12.025,2024-06-09,0.4045699270148026,1095.6239653598957,2753.836369260747,2650.364925756743,0.42204171749131525,0.13795462080173448,0.19345462080173448,-0.22858709668958077,F2,2.569840378044225e-05,0.205507578374609,-0.012052957572874529
110,2024-06-10,2024-06-10,8307.583333333334,0.0077536785916128,128.97621516565,2084.9509608610488,0.4201507800068285,2021.050937315908,0.40037841796875,0.0993749999999999,0.1145208333333333,0.2764166666666667,0.1444708299424052,0.0744378753505932,0.0381069067236589,14.733333333333334,13.86875,12.729166666666666,0.0,722.28125,53.09166666666667,14.1125,2024-06-10,0.40037841796875,1086.465726715458,2756.333150421042,2655.399743500027,0.4203562134413381,0.12544407339887925,0.18094407339887925,-0.23941214004245887,F2,1.3544116942895566e-05,0.20418265717363207,-0.023238583774752825
111,2024-06-11,2024-06-11,8317.875,0.0077446237919305,129.1351328793477,2099.1220021214817,0.4074352739746247,2035.4600044956496,0.3884895138624238,0.087,0.1051666666666666,0.2647708333333333,0.1333051143522678,0.0614397907453424,0.0314528103338084,14.425,13.604166666666666,12.63125,0.0,723.275,63.0,12.727083333333333,2024-06-11,0.3884895138624238,1091.9806829924305,2775.0674571435293,2674.3313956354127,0.4080389852965717,0.11574887855159693,0.17124887855159693,-0.23679010674497475,F2,1.8947581807451263e-05,0.19930694715403693,-0.028058068602440006
112,2024-06-12,2024-06-12,8462.395833333334,0.007686893413085,130.09736732060415,2139.3761457294345,0.3692185051259834,2080.3793775105405,0.3451859323601973,0.0712708333333333,0.0956041666666666,0.2515416666666666,0.1202722641595805,0.0462681621932287,0.0236860137754917,14.464583333333332,13.929166666666667,13.079166666666666,0.0,724.1458333333334,45.42083333333333,14.39375,2024-06-12,0.3451859323601973,1097.4472431359625,2828.283975206183,2733.349646674812,0.37595275691625135,0.10443245005997805,0.15993245005997805,-0.2160203068562733,F2,9.624575913454431e-06,0.18505079503152508,-0.025118344971547024
113,2024-06-13,2024-06-13,8565.583333333334,0.0076344799877745,130.98885225539428,2165.858224085276,0.3473710753022057,2116.403657249399,0.3172443096454327,0.0595625,0.086875,0.2370833333333333,0.1089755671431734,0.0331176012288385,0.0169538603163345,14.585106382978724,13.785416666666668,12.79375,0.0,724.9770833333333,39.77291666666667,15.014583333333334,2024-06-13,0.3172443096454327,1097.0586478710702,2863.293638183632,2780.6808946963883,0.35690766319940603,0.09462352399333873,0.15012352399333873,-0.2067841392060673,F2,7.595191501113962e-06,0.17466341281586586,-0.02453988882252714
114,2024-06-14,2024-06-14,8586.458333333334,0.0076257593250665,131.1424650458976,2171.49970706887,0.3426349897860543,2106.8042124077047,0.3244103325737847,0.0466875,0.078125,0.2223125,0.0971009241607243,0.0192942494788302,0.0098772857464009,14.966666666666669,14.620833333333332,13.758333333333333,0.0,724.7604166666666,49.61666666666667,13.279166666666669,2024-06-14,0.3244103325737847,1093.7001713299924,2870.751754396972,2768.0684647473286,0.35303983262046773,0.08431276723732316,0.13981276723732317,-0.21322706538314457,F2,1.0846162938587682e-05,0.17736625206585885,-0.03755348482853568
115,2024-06-15,2024-06-15,8752.916666666666,0.0075380373137041,132.66764216011765,2192.8438154615133,0.3264850106875297,2129.76117743204,0.3078561178067835,0.04325,0.0738333333333333,0.2113541666666666,0.0916748082393409,0.0129776714454136,0.0066436463014487,12.908888888888889,12.758333333333333,12.091666666666669,0.0072,721.8520833333333,66.33333333333333,10.86875,2024-06-15,0.3078561178067835,1102.7591947950443,2898.968952131218,2798.230949973019,0.3389626649058103,0.07960126883875922,0.13510126883875923,-0.20386139606705106,F2,1.8634146733076757e-05,0.1710596271492086,-0.035958358310449384
116,2024-06-16,2024-06-16,9028.0625,0.0074069149102552,135.02004561563555,2220.647127384313,0.3064848754002959,2174.3588702236143,0.2786074907351762,0.0346666666666666,0.0671041666666666,0.1979583333333333,0.0826495774903416,0.0024713396379811,0.0012651504173577,14.956521739130435,14.097916666666668,12.904166666666669,0.0,718.4729166666666,42.79791666666667,13.925,2024-06-16,0.2786074907351762,1100.7559874291503,2935.725303615217,2856.8265547709443,0.3218475094635612,0.07176465774591342,0.12726465774591342,-0.1945828517176478,F2,8.191072792745235e-06,0.15966530482080693,-0.03240064707489351
117,2024-06-17,2024-06-17,9495.354166666666,0.0072178385737254,138.56039230106245,2260.165568477113,0.2812261606420012,2219.314279998731,0.2532880916151889,0.0249583333333333,0.0594375,0.1821874999999999,0.0722828162397636,0.0095966768478113,0.0049128171347481,16.166666666666668,15.56875,14.16875,0.0,714.4083333333333,30.55208333333333,14.691666666666668,2024-06-17,0.2532880916151889,1105.2886471668337,2987.9692130796684,2915.892153456112,0.29962857575282975,0.0627631952379137,0.1182631952379137,-0.18136538051491605,F2,4.593437393260352e-06,0.14922492575710863,-0.03096173051919493
118,2024-06-18,2024-06-18,9657.020833333334,0.0072214737316652,138.48697480297926,2293.1634548698607,0.2617667273406119,2245.973585669677,0.2396865118117559,0.0182916666666666,0.0532708333333333,0.1655833333333333,0.0557066324101915,0.0288931239146953,0.0147912278901931,16.3,15.579166666666666,14.45625,0.0,714.2312499999999,36.99791666666667,12.677083333333334,2024-06-18,0.2396865118117559,1112.229819872114,3031.5928617244285,2950.9190358238243,0.28273679493412196,0.04837008887990962,0.10387008887990962,-0.17886670605421234,F2,5.567409066833659e-06,0.1434482693208492,-0.03957818044093958
119,2024-06-19,2024-06-19,9358.0625,0.0073338827196692,136.36063600731353,2292.886215502037,0.2623179750546888,2233.5399646724627,0.2466629028320312,0.0148125,0.0488125,0.1501666666666666,0.0506935480668884,0.03472888911053,0.0177787253023835,14.985416666666666,14.84375,14.189583333333331,0.0,720.0791666666668,47.74791666666667,10.827083333333334,2024-06-19,0.2466629028320312,1096.654429243918,3031.2263475595973,2934.582864677823,0.28287297998306854,0.044017225948570556,0.09951722594857054,-0.183355754034498,F2,8.09532672826707e-06,0.14609811172280307,-0.04658088577423253
120,2024-06-20,2024-06-20,9015.625,0.007513672432249,133.1186249579767,2238.305287920204,0.2962891181429959,2152.058629081969,0.2948150634765625,0.0169374999999999,0.0463958333333333,0.1375208333333333,0.0470106020343036,0.0390162313539948,0.0199735401086179,13.439583333333331,13.30625,12.989583333333334,1.6746,723.6333333333333,67.60416666666667,11.833333333333334,2024-06-20,0.2948150634765625,1122.5638030761418,2959.0696288172026,2827.5269198561723,0.3116319302475011,0.04081932258897982,0.09631932258897982,-0.21531260765852125,F2,2.1391957865263638e-05,0.1652299738649101,-0.06891065127593027
121,2024-06-21,2024-06-21,8435.25,0.0077175217322589,129.58919904681417,2130.592992847147,0.3776246805628061,2047.024552459384,0.3757151010874155,0.1165208333333333,0.0810416666666666,0.1322916666666666,0.1077962570423735,0.0317447584099185,0.0162510622716505,12.9625,12.65625,12.28125,9.8873,724.9145833333333,85.25625000000001,10.079166666666667,2024-06-21,0.3757151010874155,1134.596732799254,2816.672529225378,2689.5257171290496,0.38261340567123364,0.0935995286103001,0.1490995286103001,-0.23351387706093354,F2,3.6403093426708146e-05,0.19549117409522335,-0.04639164548492325
122,2024-06-22,2024-06-22,8169.416666666667,0.007853536085453,127.34102239049945,2062.4749127115,0.4460840148013112,1989.542206523564,0.4395189787212171,0.1604374999999999,0.1355625,0.1375833333333333,0.1466864168415134,0.077017054959138,0.0394272635487761,13.123913043478264,12.9375,12.3875,8.715099,725.5291666666667,77.01875,10.78125,2024-06-22,0.4395189787212171,1112.076792425648,2726.6195131374698,2614.001343232531,0.4411279019452313,0.1273678682971582,0.1828678682971582,-0.25826003364807315,F2,2.847095048771565e-05,0.21557697950203375,-0.032709111204875546
123,2024-06-24,2024-06-24,8341.3125,0.0077322043372929,129.33539722958758,2102.0505970976883,0.4037608833037689,2032.7281422193707,0.389111328125,0.1244583333333333,0.1248541666666666,0.1800625,0.1371129311166299,0.0658724958473949,0.0337220406021608,14.919148936170211,14.177083333333334,13.216666666666669,0.0,725.0437499999999,54.525,14.75625,2024-06-24,0.389111328125,1098.6854481093146,2778.9390990039888,2670.74208165338,0.4055638343961764,0.11905520721232761,0.17455520721232762,-0.23100862718384876,F2,1.5118884647118736e-05,0.20020789357070126,-0.025652686358373644
124,2024-06-25,2024-06-25,8524.0,0.007655810605109,130.62533810096775,2135.836047724753,0.3727339246449646,2068.8686627213187,0.3554035908467061,0.0949375,0.1046666666666666,0.1791666666666666,0.1172652813123275,0.0427677132394997,0.021894032460302,16.140425531914893,15.31875,14.160416666666668,0.0,725.3229166666666,52.74583333333334,15.31875,2024-06-25,0.3554035908467061,1099.9962807104143,2823.6039181356737,2718.226055015418,0.3786158010054004,0.10182148577638976,0.15732148577638974,-0.22129431522901064,F2,1.4470242509957166e-05,0.1885485870021042,-0.031227101225714454
125,2024-06-26,2024-06-26,8508.583333333334,0.007689152767665,130.0649521633715,2162.755076667544,0.3502302787060535,2077.58898372452,0.3491194875616776,0.0737916666666666,0.0895624999999999,0.1731041666666666,0.1016052864050584,0.0245378078582204,0.012561615318173,15.15625,15.170833333333334,14.679166666666667,0.0,725.81875,58.739583333333336,14.61875,2024-06-26,0.3491194875616776,1114.5953765585673,2859.191235652972,2729.6834298532294,0.3590625746216226,0.08822390658786644,0.14372390658786643,-0.21533866803375618,F2,1.808571482164898e-05,0.18589874460015032,-0.04217483801228389
126,2024-06-27,2024-06-27,8273.5,0.0077429581273555,129.16242225889994,2104.141225883394,0.4014248486215209,2011.8448026116068,0.4106987847222222,0.113,0.1043333333333333,0.1713958333333333,0.1231476580642822,0.0496154275740296,0.0253995759781305,14.514893617021276,13.995833333333332,13.29375,0.8322,722.6854166666667,85.38958333333333,12.264583333333334,2024-06-27,0.4106987847222222,1114.8435632074938,2781.702938315051,2643.3040722425308,0.40381118694535323,0.10692915561760435,0.16242915561760435,-0.24138203132774888,F2,4.451528955698992e-05,0.2074154649040158,-0.04498630928641145
127,2024-06-28,2024-06-28,8494.145833333334,0.0076871836692822,130.09502553706076,2064.173897233626,0.4429951924081995,1983.0755220974493,0.4459923638237847,0.1324375,0.1213541666666666,0.1725,0.1376218380217118,0.0664649177978783,0.0340253185759314,14.672916666666666,14.414583333333333,13.877083333333331,4.9042997,720.6437500000001,81.08749999999999,11.614583333333334,2024-06-28,0.4459923638237847,1111.1027902882502,2728.865593476191,2605.5049556109475,0.4395015998339393,0.11949709126033745,0.17499709126033744,-0.26450450857360186,F2,3.5875572562210464e-05,0.21801483451183132,-0.04301774325149388
128,2024-06-29,2024-06-29,8318.958333333334,0.0077633883238257,128.81702669053678,2141.9861753401824,0.3681242628263516,2063.3928159667994,0.3615670553067835,0.1202916666666666,0.1193124999999999,0.1712708333333333,0.1314293650710249,0.0592562183930813,0.0303349763338445,15.620833333333332,15.020833333333334,14.183333333333332,2.3199,724.74375,63.87083333333334,14.116666666666667,2024-06-29,0.3615670553067835,1124.746242778203,2831.7344693783407,2711.0315000445735,0.37400768734903855,0.11412016477866482,0.16962016477866482,-0.20438752257037374,F2,2.1812537475261296e-05,0.19024448613935468,-0.020624321360689868
129,2024-06-30,2024-06-30,8290.708333333334,0.0077743713538351,128.63704704311507,2142.092797596534,0.3667461616932054,2053.071041577166,0.369319817958734,0.0979375,0.1046041666666666,0.1675,0.1159039614358554,0.0411829916167473,0.0210827675124947,16.052083333333332,15.427083333333334,14.577083333333334,0.0,726.9520833333332,60.50625,15.4375,2024-06-30,0.369319817958734,1118.490836473775,2831.8754254321143,2697.4700224189287,0.3739285569648769,0.1006394512399259,0.1561394512399259,-0.21778910572495103,F2,2.0635993939375745e-05,0.1935302907177775,-0.0373908394778516
130,2024-07-03,2024-07-03,8334.916666666666,0.007714744119563,129.6314543859185,2069.458982343451,0.438270144969801,2013.670145057464,0.4116683959960937,0.1580625,0.1579791666666666,0.2530833333333333,0.1794248257147848,0.1151280568864975,0.0589373904667054,14.308695652173911,14.23125,13.85,0.9826,723.5145833333332,61.79166666666666,11.627083333333331,2024-07-03,0.4116683959960937,1124.7484572063815,2735.8525469175283,2645.70233632041,0.4345028767999739,0.15579464045108304,0.21129464045108304,-0.22320823634889086,F2,1.6433475204676926e-05,0.20677950272754686,0.004515137723536178
131,2024-07-04,2024-07-04,8454.25,0.0077036708192726,129.81445324311912,2109.0098661871057,0.3978422661173966,2064.604344851664,0.359831310453869,0.1275,0.1331875,0.2468333333333333,0.1563321389882753,0.0882457049753623,0.0451755350676173,14.332608695652173,14.185416666666669,13.779166666666669,0.0,724.9187499999999,42.41458333333333,12.310416666666669,2024-07-04,0.359831310453869,1116.7455488859894,2788.139346133993,2712.6232924287797,0.39977502295372325,0.13574325229298612,0.1912432522929861,-0.20853177066073714,F2,7.105504072437531e-06,0.18987350820308113,0.0013697440899049784
132,2024-07-05,2024-07-05,8478.416666666666,0.0076616165808065,130.52791098296927,2138.874476670453,0.3693564082767426,2096.2720824547896,0.3321969168526785,0.1001041666666666,0.1142291666666666,0.2374583333333333,0.1359123354487364,0.0644748743566809,0.033006557636926,14.008695652173913,13.99375,13.65625,0.0,726.30625,42.89791666666667,11.085416666666667,2024-07-05,0.3321969168526785,1113.8523078639882,2827.620761977782,2754.230607096585,0.3763283894442794,0.1180127295637556,0.1735127295637556,-0.20281565988052377,F2,6.552983908117208e-06,0.18038707240408625,-0.006874342840330644
133,2024-07-06,2024-07-06,8759.5,0.0075358861489321,132.70489757810466,2171.2103792906155,0.3428554601975928,2123.017735902833,0.3122644668970352,0.0786041666666666,0.0996875,0.2249375,0.1188411436497572,0.0446021851837996,0.0228331518392386,14.854347826086956,14.56875,13.879166666666668,0.0,724.5583333333334,43.04791666666667,11.84375,2024-07-06,0.3122644668970352,1115.4575835946457,2870.369259191324,2789.3709392843502,0.3532366541807055,0.1031898076085677,0.15868980760856768,-0.1945468465721378,F2,7.053191219266045e-06,0.17286151998253724,-0.014171712373969553
134,2024-07-07,2024-07-07,8980.083333333334,0.0074568636635326,134.11043212509048,2204.035096870972,0.318575566946467,2156.983970529509,0.2896751990685096,0.0633125,0.0886666666666666,0.2105624999999999,0.1052334407233968,0.0287613666986697,0.0147237775509994,16.04,15.766666666666666,14.697916666666666,0.0,722.9145833333333,41.68125,12.841666666666669,2024-07-07,0.2896751990685096,1114.2708617063065,2913.763976342168,2833.99818199755,0.33191477708698885,0.09137423428234667,0.14687423428234667,-0.1850405428046422,F2,7.147398046293083e-06,0.1639580495119722,-0.017083815229625543
135,2024-07-08,2024-07-08,8987.729166666666,0.0074435664269431,134.35365901694823,2234.1042351347373,0.2983007908095452,2182.205692667164,0.2749119808799342,0.0507708333333333,0.0795,0.194625,0.0930949684977546,0.0146308895524716,0.0074899765856327,16.44222222222222,16.212500000000002,15.15,0.0,724.06875,47.88958333333333,12.135416666666666,2024-07-08,0.2749119808799342,1112.63989959198,2953.5157806564434,2867.136265386929,0.31401876359155084,0.08083439449994384,0.13633439449994383,-0.177684369091607,F2,9.13492870876691e-06,0.15775741829140014,-0.021423023791456303
136,2024-07-09,2024-07-09,9078.8125,0.0074298975090087,134.59501273217197,2266.9819056274123,0.2768424221992904,2207.4604185230337,0.2595054989769345,0.0401875,0.0714791666666666,0.1778541666666666,0.0820052626583143,0.0017212884091548,0.0008811774455308,16.116666666666667,16.006249999999998,15.289583333333333,1.1137999,725.3020833333334,49.09166666666667,12.152083333333332,2024-07-09,0.2595054989769345,1107.7515349301457,2996.9805022680034,2900.3177113968463,0.29602270281665133,0.07120519894642399,0.12670519894642399,-0.16931750387022734,F2,9.683320889781657e-06,0.1518747681590625,-0.02516956921263852
137,2024-07-10,2024-07-10,9016.9375,0.0074520070280548,134.19504467644805,2285.107806789897,0.2661368694560324,2219.642986189029,0.2529366233132102,0.0349791666666666,0.0659583333333333,0.1626458333333333,0.0744376049748953,0.0070882727908046,0.0036286923666056,15.541666666666666,14.947916666666666,14.2875,0.0073,726.9854166666668,54.583333333333336,12.779166666666669,2024-07-10,0.2529366233132102,1120.82527742035,3020.9431868554525,2916.3240309102075,0.28673225944381764,0.06463419906862955,0.12013419906862954,-0.1665980603751881,F2,1.3127921798219032e-05,0.1491189320610305,-0.028984732992400952
138,2024-07-11,2024-07-11,9107.75,0.0073929279998292,135.26908690927564,2347.6520626627057,0.2332567146876785,2280.5704210016547,0.2236648950821314,0.0270851063829787,0.0598541666666666,0.1459791666666666,0.0651879084431234,0.0178559067254414,0.0091409563860869,16.606818181818184,16.554166666666667,15.383333333333333,0.0,727.2270833333333,47.97291666666666,14.8625,2024-07-11,0.2236648950821314,1131.4793400757374,3103.6275324668445,2996.3748063688527,0.25766667806995114,0.056602684256182464,0.11210268425618247,-0.14556399381376867,F2,1.1232154264811923e-05,0.13645268537969096,-0.02435000112350849
139,2024-07-12,2024-07-12,9293.625,0.0073155284830848,136.70262455154383,2369.167200718276,0.2224409789360675,2309.882423192007,0.2105843680245535,0.0210212765957446,0.0538333333333333,0.1286666666666666,0.0566066458002461,0.0278454122749576,0.014254873923335,17.54222222222222,17.133333333333333,15.808333333333332,0.0,727.13125,41.975,16.416666666666668,2024-07-12,0.2105843680245535,1125.7910381831307,3132.070833710708,3034.8869891449604,0.2486167953900213,0.04915157082894386,0.10465157082894386,-0.14396522456107744,F2,9.27147519090238e-06,0.13088801633558783,-0.026236445506643974
140,2024-07-13,2024-07-13,9346.770833333334,0.0073238638547717,136.54509597664742,2397.1121738778425,0.2095410012593912,2335.7962120158645,0.199798583984375,0.016595744680851,0.0484999999999999,0.1117083333333333,0.0419276636521861,0.044933314106165,0.023002666335705,17.744444444444444,17.385416666666668,16.15625,0.0,728.3416666666667,35.68333333333333,16.966666666666665,2024-07-13,0.199798583984375,1135.1727693142325,3169.014463250814,3068.934358721588,0.2374984748884042,0.03640580537071145,0.09190580537071144,-0.14559266951769276,F2,6.961564805255111e-06,0.126224293708149,-0.03431848833743756
141,2024-07-14,2024-07-14,9329.5,0.0073450493787994,136.15836752297247,2394.3593760589583,0.2112300953228003,2312.960788090377,0.2097331202307412,0.0132340425531914,0.044,0.09675,0.0370033439920904,0.0506657477373565,0.0259372653238482,17.66086956521739,17.395833333333332,16.4625,0.0,729.0437499999999,45.1,16.008333333333333,2024-07-14,0.2097331202307412,1149.5042997815744,3165.375227591543,3038.931562792563,0.23856343469470298,0.03213001684560328,0.08763001684560329,-0.1509334178490997,F2,1.0539049492096199e-05,0.13030505100715797,-0.04267503416155469
142,2024-07-15,2024-07-15,9116.229166666666,0.007381962999967,135.47605606248194,2341.3417153734536,0.2359783749706228,2247.882539163671,0.2387637183779762,0.0391063829787234,0.0422916666666666,0.0869166666666666,0.0509714974174785,0.034405326402365,0.0176130841703492,15.360869565217392,15.477083333333333,15.070833333333333,4.1549997,727.7020833333332,73.55833333333334,13.641666666666666,2024-07-15,0.2387637183779762,1162.258267732928,3095.2851686652266,2953.4271540135805,0.26040705668803954,0.044258569469269475,0.09975856946926948,-0.16064848721877006,F2,3.1425653193571726e-05,0.14307729138457567,-0.043318721915306196
143,2024-07-16,2024-07-16,9154.0,0.0074188627073674,134.80121835037363,2312.2934266551542,0.2515568286092642,2218.3826335017425,0.2542638534154647,0.0594893617021276,0.0427916666666666,0.0815,0.0586674210867608,0.0254464499057039,0.0130267755284231,14.967391304347826,15.310416666666669,15.0,3.2642999,726.3895833333332,72.80833333333334,12.65,2024-07-16,0.2542638534154647,1178.6346196563218,3056.882941149917,2914.668090359305,0.27355976306676494,0.05094094274854316,0.10644094274854315,-0.16711882031822178,F2,2.827961875732559e-05,0.14943691314926497,-0.04299597040072181
144,2024-07-17,2024-07-17,9121.208333333334,0.0073800036961824,135.50955471681158,2328.536422635327,0.2426253161890608,2248.3011555958774,0.2385748000372023,0.072595744680851,0.0482499999999999,0.0782916666666666,0.0654549869079521,0.0175449988884953,0.0089817936495585,13.34318181818182,13.895833333333334,13.55625,1.5399,727.5041666666666,73.3,11.916666666666666,2024-07-17,0.2385748000372023,1170.5121775261623,3078.356399817653,2953.977161906099,0.26609372710241386,0.05683458858288002,0.11233458858288001,-0.15375913851953385,F2,2.716998964084939e-05,0.1429712976884975,-0.0306367091056175
145,2024-07-18,2024-07-18,9338.916666666666,0.0073185489749383,136.64493872358685,2368.787450582696,0.2225034108264993,2280.8116861858607,0.2230306485804115,0.0491063829787234,0.0511666666666666,0.0757083333333333,0.0558078401860702,0.0287753072621967,0.0147309141296765,16.128888888888888,16.258333333333333,15.197916666666666,0.007999999,727.8916666666668,57.8,14.7,2024-07-18,0.2230306485804115,1163.2873834359884,3131.5687989352023,2996.691797641278,0.24877271700029763,0.04845796762796504,0.10395796762796503,-0.1448147493723326,F2,1.7445929611159528e-05,0.13639968853165188,-0.032441720903686855
146,2024-07-19,2024-07-19,9251.0625,0.0073546626527467,135.97389914422342,2352.6009254272467,0.230299563584223,2259.2684408243604,0.233076142101753,0.0454468085106383,0.0489166666666666,0.073,0.0528500878249803,0.0322184466759201,0.016493557029643,16.121739130434783,16.164583333333333,15.3625,0.30269998,728.36875,74.95,13.0,2024-07-19,0.233076142101753,1174.5768950410352,3110.1699954555925,2968.38675735216,0.25554538003061583,0.0458897501931501,0.10138975019315011,-0.15415562983746572,F2,3.165018585279534e-05,0.14074543007085624,-0.039355679877706135
147,2024-07-20,2024-07-20,9410.770833333334,0.0072725158605782,137.5120550147756,2388.313791515756,0.2134126774274963,2311.2950683133085,0.2097836449032738,0.039875,0.0474583333333333,0.0709583333333333,0.04949614838474,0.0361227901327459,0.0184923036519188,16.62666666666667,16.177083333333332,15.216666666666669,1.3571,727.9104166666666,60.81666666666666,13.675,2024-07-20,0.2097836449032738,1157.0806477816768,3157.3828836933344,3036.7430222728253,0.24092499174449794,0.042977523375566026,0.09847752337556603,-0.1424474683689319,F2,1.8528563094170968e-05,0.13062303209539244,-0.03214550871982641
148,2024-07-21,2024-07-21,9565.375,0.0072164648676837,138.57763103380023,2414.218971651161,0.2019597252563541,2329.4446599965736,0.2022518581814236,0.0280851063829787,0.0445833333333333,0.0694583333333333,0.0431070563897002,0.0435603750892902,0.0222998190444986,17.677272727272726,17.625,16.539583333333333,0.0,726.94375,57.54166666666666,13.925,2024-07-21,0.2022518581814236,1152.7650692616962,3191.6298794813592,3060.5892402035706,0.2310216295626915,0.03742987250723862,0.09292987250723861,-0.1380917570554529,F2,1.6337632530932105e-05,0.12733722751696963,-0.03440735500973102
149,2024-07-22,2024-07-22,9798.9375,0.0071281736378499,140.29408781422367,2435.5941190752183,0.1930525520979359,2365.301799764161,0.1884118056878811,0.0241702127659574,0.0410416666666666,0.06675,0.039592911802418,0.0476512144351288,0.0243940383198222,14.074418604651164,14.854166666666666,14.60625,0.017099999,726.15,57.88333333333333,12.475,2024-07-22,0.1884118056878811,1152.4086147130631,3219.88811123168,3107.700887903033,0.2232557287157576,0.034378539503081014,0.089878539503081,-0.1333771892126766,F2,1.4860137239178338e-05,0.12118959314443664,-0.03131105364135564
150,2024-07-23,2024-07-23,9844.270833333334,0.0071270807531962,140.3175125664618,2470.5989540312794,0.1794669699135893,2407.586637082146,0.1737693228372713,0.0184680851063829,0.038875,0.0649583333333333,0.0280732578644893,0.0610613210511944,0.0312590607236174,16.009302325581395,16.118750000000002,15.14375,0.0,726.6895833333333,50.525,13.5,2024-07-23,0.1737693228372713,1153.7527609405236,3266.1649728105067,3163.2576995078102,0.21126413659824805,0.024376019861605227,0.07987601986160522,-0.13138811673664283,F2,1.1505695617471228e-05,0.11440599659543471,-0.03452997673382949
151,2024-07-24,2024-07-24,9693.875,0.0072069116734358,138.75805297683988,2507.4724635192274,0.1656658886091173,2436.477780186244,0.1638020360192587,0.0134893617021276,0.0360833333333333,0.0630833333333333,0.0266853086664326,0.0626770420462792,0.0320861951489508,17.206666666666667,17.01875,15.877083333333331,0.0,728.9125,42.55,15.258333333333333,2024-07-24,0.1638020360192587,1162.9408551396768,3314.9122471982087,3201.2169278338074,0.19951881903374258,0.023170863075668915,0.07867086307566892,-0.12084795595807366,F2,8.866186542103314e-06,0.1101132519042694,-0.03144238882860048
152,2024-07-25,2024-07-25,9644.791666666666,0.0072007539809986,138.88328708889867,2485.779713687808,0.1736727549533413,2402.853161255552,0.1753263251726017,0.0107083333333333,0.0334583333333333,0.0613749999999999,0.0253925421456509,0.0641819602466675,0.0328566064109438,17.72826086956522,17.120833333333334,16.027083333333334,0.0,729.5270833333334,50.425,15.441666666666668,2024-07-25,0.1753263251726017,1155.1215514664575,3286.234140803112,3157.0385239968286,0.20632398471259455,0.0220483534425118,0.07754835344251179,-0.12877563127008276,F2,1.309921488023328e-05,0.11514795246798179,-0.03759959902547
153,2024-07-26,2024-07-26,9633.770833333334,0.0071894528942008,139.1003429158341,2451.859901820789,0.1864380045547665,2351.5874070727214,0.1935416556693412,0.0184680851063829,0.0316666666666666,0.0599166666666666,0.0244443685999631,0.0652857354474434,0.0334216609402644,17.395555555555553,17.28125,16.352083333333333,1.4219999,726.5083333333333,68.96666666666667,14.0,2024-07-26,0.1935416556693412,1192.860294686143,3241.391694309072,3089.6819482698384,0.21757577168484332,0.021225054013086816,0.07672505401308682,-0.1408507176717565,F2,2.677497644114559e-05,0.12346845761011696,-0.046743403597030136
154,2024-07-27,2024-07-27,9443.9375,0.0072894883782698,137.20630443134968,2339.164602943711,0.2384454060890713,2244.454930185116,0.2419767157976017,0.0729361702127659,0.0400416666666666,0.058875,0.058390022000373,0.0257693720476106,0.0131920887360165,15.360869565217392,15.66875,15.175,7.1106,723.2854166666666,77.10000000000001,13.125,2024-07-27,0.2419767157976017,1200.7601508258224,3092.406996816132,2948.923718778761,0.2613618804842914,0.05070007702244824,0.10620007702244824,-0.15516180346184313,F2,3.477033692799998e-05,0.14376625040908367,-0.037566173386635426
155,2024-07-28,2024-07-28,9791.354166666666,0.007122709070288,140.403983387535,2407.366955695681,0.2050898314666827,2348.4310950043987,0.1951364370492788,0.077531914893617,0.0609583333333333,0.059625,0.067766646763896,0.0148539801048303,0.0076041831079122,14.86046511627907,15.41875,14.977083333333333,3.2989,721.7375000000001,48.11666666666667,14.875,2024-07-28,0.1951364370492788,1194.7905484065918,3182.5714224337635,3085.534962114328,0.23358710133537675,0.05884180366399968,0.11434180366399968,-0.11924529767137707,F2,1.1318634017010968e-05,0.12405142293854682,-0.009709619274547138
156,2024-07-29,2024-07-29,9903.645833333334,0.0070951663109045,140.94627746470908,2467.491143946776,0.1805185267198504,2413.397722259183,0.1715118408203125,0.0531063829787234,0.0564166666666666,0.06025,0.0558598356651716,0.0287147789753176,0.014699927944601,14.465116279069768,15.333333333333334,14.858333333333334,0.0,724.35,37.24166666666667,14.458333333333334,2024-07-29,0.1715118408203125,1186.6342209511497,3262.056406171802,3170.8927144417007,0.2122942772752397,0.04850311532109732,0.10400311532109732,-0.10829116195414237,F2,6.4297610133237036e-06,0.11355804702680947,-0.009554931705712144
157,2024-07-30,2024-07-30,9974.875,0.0070928810688833,140.99081679694643,2494.2520364449733,0.1705265371682712,2442.336074784267,0.1621166410900297,0.0377446808510638,0.049375,0.0604166666666666,0.0468724181209617,0.0391770921767698,0.0200558894279679,15.265116279069767,15.814583333333331,15.072916666666666,0.0,724.4125,33.825,14.791666666666666,2024-07-30,0.1621166410900297,1173.18856601785,3297.434665187147,3208.91396984582,0.2036314052441911,0.04069933744751759,0.09619933744751757,-0.10743206779667352,F2,5.5067880110182326e-06,0.10926530233564419,-0.013065964888126613
158,2024-07-31,2024-07-31,9923.854166666666,0.0071150963164736,140.5576115461759,2503.7594356348163,0.1671077786247712,2456.468859438476,0.1576675415039062,0.0259574468085106,0.0429166666666666,0.0600833333333333,0.0395073626154688,0.0477508028189543,0.024445020501075,15.583333333333334,16.21875,15.354166666666666,0.0,725.0520833333334,33.81666666666667,14.841666666666669,2024-07-31,0.1576675415039062,1167.3753777069408,3310.0035745059677,3227.482622447702,0.20066310080691774,0.03430425711340312,0.08980425711340312,-0.11085884369351462,F2,5.52297699273781e-06,0.10725142211015923,-0.01744716499675611
159,2024-08-01,2024-08-01,9544.212765957447,0.0072440599872331,138.04822630263627,2560.1257701491536,0.1480786478753426,2510.697354543175,0.1419278658353365,0.0171063829787234,0.0375,0.0591666666666666,0.0262937176629898,0.063132895766743,0.0323195598859685,16.128571428571426,16.591666666666665,15.625,0.0,728.531914893617,30.689361702127663,15.91063829787234,2024-08-01,0.1419278658353365,1176.7465101828486,3384.5206251733975,3298.7318568597007,0.18414141097465303,0.022830844467083344,0.07833084446708335,-0.10581056650756968,F2,5.011547781385584e-06,0.09993785708076652,-0.02160701261368317
160,2024-08-02,2024-08-02,9340.875,0.0073139058298737,136.73975062496993,2560.6976991502147,0.1480408957424467,2489.760129182616,0.1480756487165178,0.0117021276595744,0.033625,0.0582916666666666,0.0247560825315054,0.0649228671635332,0.0332358981443381,17.623255813953488,17.625,16.308333333333334,0.0,730.4666666666667,39.38333333333333,17.974999999999998,2024-08-02,0.1480756487165178,1176.8047156438918,3385.2767229881206,3271.2230485335394,0.18398262982966807,0.021495715331523446,0.07699571533152344,-0.10698691449814463,F2,8.915603111899974e-06,0.10269369317879856,-0.025697977847275122
161,2024-08-03,2024-08-03,9601.729166666666,0.0072095077383423,138.71680422514817,2584.0553332983486,0.1405386254650523,2511.2897966897563,0.1418007298519736,0.008595744680851,0.030625,0.057,0.0234273755450216,0.0664696239017362,0.0340277277669501,18.226086956521737,17.833333333333332,16.704166666666666,0.0,728.9416666666666,38.34166666666667,17.974999999999998,2024-08-03,0.1418007298519736,1180.1558779915467,3416.155828792758,3299.5102492767464,0.17763895002202224,0.020341998579120727,0.07584199857912072,-0.10179695144290152,F2,8.456425010003977e-06,0.09988486023272744,-0.024042861653606723
162,2024-08-04,2024-08-04,9842.395833333334,0.0071472033846735,139.92929846183162,2578.390757659807,0.1424819340519081,2484.1616162480723,0.1498325892857142,0.00655,0.02805,0.0556,0.0222213200095609,0.0678736012610017,0.0347464644855852,17.69,17.185,16.6175,0.0,727.0375,42.18333333333333,18.58333333333333,2024-08-04,0.1498325892857142,1184.6984584497595,3408.6671837796725,3263.867326054762,0.17915253363992512,0.01929478012558397,0.07479478012558397,-0.10435775351434115,F2,1.060410037480837e-05,0.10343564905134564,-0.028640868925761676
163,2024-08-05,2024-08-05,9307.041666666666,0.0074072791977598,135.04242587789636,2447.6924612100606,0.1895793576588271,2330.3545663379787,0.2035898607830668,0.026695652173913,0.02725,0.054375,0.0331186371598306,0.0551879610845163,0.0282523174581691,14.668181818181818,15.364583333333334,15.441666666666668,4.0436997,728.0208333333334,83.49166666666666,12.941666666666668,2024-08-05,0.2035898607830668,1228.081412633159,3235.882281894394,3061.784739545504,0.2190127738350391,0.02875692451136945,0.08425692451136946,-0.13475584932366963,F2,4.376981562478552e-05,0.12717823697285238,-0.042921312461482924
164,2024-08-06,2024-08-06,8785.0,0.0075136611874149,133.10505156739538,2356.9561177817304,0.2286465314295073,2259.512451098428,0.2335393996465773,0.0976595744680851,0.0474583333333333,0.0542083333333333,0.0705094080248154,0.0116611132765793,0.0059696620011211,13.474418604651165,14.116666666666667,13.96875,6.1782,728.9645833333334,77.10833333333333,13.491666666666667,2024-08-06,0.2335393996465773,1209.1447239114518,3115.927618195154,2968.7073553179052,0.2536984333791785,0.06122334424951123,0.11672334424951122,-0.1369750891296673,F2,3.57533180720511e-05,0.14069243322281716,-0.023969088973305935
165,2024-08-07,2024-08-07,9091.083333333334,0.0074258937958266,134.68553405415338,2379.774584128496,0.2179708629331644,2280.8030658254465,0.2237200055803571,0.0746808510638297,0.0602083333333333,0.0553333333333333,0.0653181897197159,0.0177042454152495,0.0090633165639688,15.0,15.33125,14.852083333333333,0.8746,727.5395833333333,65.2,15.033333333333331,2024-08-07,0.2237200055803571,1220.4605507059844,3146.093936930719,2996.680471601736,0.24431488141859897,0.05671580753532389,0.1122158075353239,-0.13209907388327508,F2,2.4575122206631185e-05,0.13639968853165188,-0.024183880996327983
166,2024-08-08,2024-08-08,8998.020833333334,0.0074302840715192,134.60431880098935,2343.338362791631,0.2362068477216656,2253.7265274237734,0.2375442504882812,0.104595744680851,0.0700833333333333,0.056625,0.0818560929244028,0.0015476389187775,0.0007922812364269,13.877272727272729,14.5125,14.272916666666667,5.5271,725.94375,78.10000000000001,12.508333333333333,2024-08-08,0.2375442504882812,1222.9550467328415,3097.9247633471814,2961.105399346428,0.25953562917849904,0.07107567481302526,0.12657567481302526,-0.13295995436547378,F2,3.445040000985168e-05,0.14185836387967687,-0.015282689066651617
167,2024-08-09,2024-08-09,9152.083333333334,0.0074106916349662,134.94484102313382,2380.177857629473,0.2172477704825597,2284.242149565616,0.2215033637152778,0.0822978723404255,0.0729583333333333,0.058,0.0735966678307657,0.0080672133753874,0.0041298404363081,15.071739130434782,15.325,14.910416666666668,0.0,726.1062499999999,67.40833333333333,13.0,2024-08-09,0.2215033637152778,1225.0301460421256,3146.627069910964,3001.1989831903893,0.2441533380584715,0.06390401304509738,0.11940401304509737,-0.12474932501337413,F2,2.3310585057156525e-05,0.13576372635518297,-0.016359713310085594
168,2024-08-10,2024-08-10,9061.270833333334,0.007451600212309,134.23711370772534,2365.1847697891776,0.2259461307541298,2270.235659999182,0.229827880859375,0.0899583333333333,0.0740833333333333,0.0577916666666666,0.0772245918364194,0.003843922643483,0.0019678154560197,13.571739130434782,13.870833333333332,13.8625,2.9341998,726.8895833333332,80.91666666666667,11.683333333333332,2024-08-10,0.229827880859375,1218.3959664123836,3126.806006577986,2982.796266012247,0.2502586208158411,0.06705414075899098,0.12255414075899099,-0.12770448005685012,F2,3.5854194214999544e-05,0.13851956245321498,-0.01596542169422399
169,2024-08-11,2024-08-11,8068.75,0.0079534642532497,125.74168918507458,2106.9087703258115,0.3990510242843788,2018.7352843721085,0.4040797642299107,0.128695652173913,0.09575,0.0645,0.1028454978701395,0.0259815463648473,0.0133007069210199,13.782608695652174,14.11875,13.8625,16.9356,727.0333333333333,83.27499999999999,11.058333333333332,2024-08-11,0.4040797642299107,1154.737489333619,2785.361669208534,2652.35727479255,0.40150912899272395,0.0893007826473297,0.1448007826473297,-0.25670834634539424,F2,3.709787990158972e-05,0.20497760989421823,-0.060176827246888526
170,2024-08-12,2024-08-12,8124.645833333333,0.0078154942577359,127.96092870713768,2161.7261040955177,0.350552228233171,2075.5243950114527,0.3492027488914695,0.121695652173913,0.1092916666666666,0.0879166666666666,0.1097998298066645,0.0340771309383782,0.0174450713962826,14.31086956521739,14.589583333333332,14.291666666666666,5.1120996,726.24375,73.04166666666667,12.816666666666668,2024-08-12,0.3492027488914695,1150.9272376781714,2857.830920103882,2726.970827098945,0.3597814730725566,0.09533923155935849,0.1508392315593585,-0.2089422415131981,F2,2.89214437716504e-05,0.18653470677661924,-0.03569547521726074
171,2024-08-13,2024-08-13,8303.3125,0.0077684208716215,128.72972706615482,2233.790938801606,0.3080095361493172,2136.796029173894,0.3138631184895833,0.1064347826086956,0.101625,0.103125,0.1040256157514386,0.0273553295264786,0.0140039863544031,13.904347826086957,14.10625,13.952083333333334,0.0077,724.9020833333334,80.39999999999999,11.533333333333331,2024-08-13,0.3138631184895833,1162.6467852571272,2953.101598699589,2807.4738360210517,0.3141978338395665,0.0903254794264652,0.1458254794264652,-0.1683723544131013,F2,3.4703585376349224e-05,0.16915174061980182,-0.02332626119333661
172,2024-08-16,2024-08-16,8511.333333333334,0.0076549309837134,130.6406122486418,2291.5282348929195,0.2786406350234975,2219.5615130239307,0.2683224148220486,0.1239166666666666,0.1194583333333333,0.1304166666666666,0.1238374777757622,0.0504184513390363,0.0258106671271708,13.032608695652174,12.958333333333334,12.625,0.0,725.9354166666667,57.59166666666667,13.65,2024-08-16,0.2683224148220486,1181.5135799386806,3029.4310789701653,2916.2169857003564,0.2835413943346748,0.10752812632022571,0.1630281263202257,-0.12051326801444909,F2,1.605061538302069e-05,0.14917192890906958,0.013856197411156124
173,2024-08-17,2024-08-17,8582.0,0.0076543191771437,130.65122214782286,2238.341166135487,0.2949795359677472,2163.705231838625,0.2852900578425481,0.0999574468085106,0.1031666666666666,0.1313333333333333,0.1081311194958654,0.0321345740438985,0.016450620197418,13.284782608695652,13.570833333333333,13.247916666666669,0.0,727.2708333333334,52.79166666666666,13.95,2024-08-17,0.2852900578425481,1173.823796507986,2959.1170602992943,2842.829050743454,0.31161166036533344,0.09389028979863905,0.14939028979863903,-0.16222137056669442,F2,1.3205089359721367e-05,0.16226215037472172,-0.012871860576082694
174,2024-08-18,2024-08-18,8432.270833333334,0.0077026530773308,129.82911178024904,2262.3295015344534,0.2797052515981572,2170.0242621327225,0.2812159946986607,0.0877916666666666,0.0944166666666666,0.1294583333333333,0.0994637827945559,0.0220448691041338,0.0112854076870129,14.217391304347826,14.245833333333332,13.722916666666668,0.79499996,728.3291666666668,67.63333333333334,13.441666666666668,2024-08-18,0.2812159946986607,1184.679410044123,2990.829961621579,2851.1314399174744,0.29847701001926974,0.08636443823562581,0.1418644382356258,-0.15661257178364393,F2,2.432889843451634e-05,0.16072524178158848,-0.018860803545962673
175,2024-08-19,2024-08-19,8580.458333333334,0.0075923590362285,131.72297602029886,2306.200108284665,0.2549496647772681,2214.358047518226,0.2565799289279514,0.0828333333333333,0.0889166666666666,0.1273333333333333,0.094955888139631,0.0167971986218203,0.0085989730105237,14.589583333333332,14.354166666666666,13.889583333333334,0.0011,728.5604166666667,73.80833333333334,13.358333333333334,2024-08-19,0.2565799289279514,1189.6064905703445,3048.8274924914444,2909.3803044895853,0.27643654792048433,0.08245023169170097,0.13795023169170098,-0.13848631622878335,F2,3.1081326587795154e-05,0.1503378595659293,-0.012387627874228313
176,2024-08-20,2024-08-20,8812.833333333334,0.0075088238892495,133.185963944375,2319.241359415404,0.247430199506681,2237.685475785789,0.2437603924725506,0.0688260869565217,0.0806382978723404,0.121531914893617,0.0847779940095159,0.004949043621045,0.002533558927498,13.293333333333337,13.889361702127658,13.91063829787234,0.0,728.9708333333333,62.06666666666666,13.808333333333332,2024-08-20,0.2437603924725506,1185.833359603456,3066.0682015006273,2940.0295305404966,0.2703306643750481,0.07361276257206503,0.12911276257206503,-0.14121790180298308,F2,1.974931071449977e-05,0.14519716530613877,-0.016084402734073744
177,2024-08-21,2024-08-21,8831.541666666666,0.0075364294853144,132.7205630896464,2289.563001889888,0.2649946480806592,2194.5635714667924,0.2692453484786184,0.0847083333333333,0.0806666666666666,0.116,0.0903544183212687,0.0114405966624787,0.0058567731524675,14.05,13.875,13.583333333333334,0.6357,728.1479166666667,70.5,12.933333333333332,2024-08-21,0.2692453484786184,1217.8008185412295,3026.833014566617,2883.3729210737565,0.28451269207987046,0.07845477379983806,0.13395477379983806,-0.1505579182800324,F2,2.6337352711172327e-05,0.15484259164925088,-0.02088781784941282
178,2024-08-22,2024-08-22,8541.791666666666,0.0077439662358225,129.1617770449796,2145.3360099095994,0.3678118242601698,2045.690381024776,0.3818680200821314,0.1327391304347826,0.1114583333333333,0.1150833333333333,0.1214018135346373,0.0475830782166823,0.0243591574139848,13.43695652173913,13.708333333333334,13.625,9.514299,726.6895833333333,92.04166666666669,10.35,2024-08-22,0.3818680200821314,1185.2818748897523,2836.162995634084,2687.772788284046,0.37153376339765953,0.10541323818702605,0.16091323818702605,-0.21062052521063349,F2,4.7802429263013096e-05,0.19591514887953598,-0.035001910692509935
179,2024-08-23,2024-08-23,8090.125,0.0078424845986002,127.51789181982902,2092.540429362035,0.4131212348063198,1999.3695492719369,0.4249786376953125,0.1604782608695652,0.1431666666666666,0.135625,0.148893892247523,0.0795867919240189,0.0407427864108116,12.641304347826088,13.004166666666668,13.10625,10.0687,725.2020833333332,92.95833333333331,10.275,2024-08-23,0.4249786376953125,1176.3583364808142,2766.366529630453,2626.913201578849,0.4136883262109441,0.1292846199830735,0.1847846199830735,-0.2289037062278706,F2,4.902019854623416e-05,0.21192019698733738,-0.02713557700426389
180,2024-08-24,2024-08-24,8161.125,0.0078246352321715,127.80572825517127,2100.921206659053,0.4041745657980675,2011.2686179575223,0.4108259412977431,0.161,0.1475416666666666,0.15975,0.156062347417566,0.0879316387936158,0.0450147554828092,13.2875,13.289583333333333,13.141666666666666,1.1194,725.8249999999999,87.75,10.566666666666666,2024-08-24,0.4108259412977431,1167.2944090203891,2777.4460296876277,2642.547040069607,0.4065155774139728,0.13550899217548038,0.19100899217548037,-0.21550658523849245,F2,4.182446722497372e-05,0.2076274522961721,-0.016618460120691736
181,2024-08-25,2024-08-25,8145.291666666667,0.0078681079055178,127.10209999251174,2107.952315984772,0.3975741379746788,2023.6188166736729,0.3976559109157986,0.1548695652173913,0.1466666666666666,0.1765,0.1569010231786203,0.0889079468869534,0.0455145559039139,12.622222222222222,13.064583333333331,13.05,1.5078,726.9166666666666,83.50833333333334,9.933333333333334,2024-08-25,0.3976559109157986,1172.7732626136535,2786.741250574123,2658.773605119271,0.4006463972840675,0.1362372146392781,0.1917372146392781,-0.2089091826447894,F2,3.361634379179433e-05,0.20328171075696774,-0.011544496117689651
182,2024-08-26,2024-08-26,8081.6875,0.0078453686843164,127.4734641752541,2117.793051453723,0.3886557881352216,2042.3355045921785,0.3798898550180288,0.1616666666666666,0.1519583333333333,0.1885833333333333,0.1643673215379479,0.0975995150161207,0.0499640216418941,12.3125,12.4375,12.460416666666667,1.5924,728.275,79.10000000000001,10.158333333333331,2024-08-26,0.3798898550180288,1174.0827745923884,2799.750834927316,2683.36491421511,0.39265029205808133,0.14272020417964973,0.19822020417964972,-0.1944300878784316,F2,2.9079951621750852e-05,0.19697508584031753,0.0012451183393321907
183,2024-08-27,2024-08-27,8209.208333333334,0.0077885755737264,128.40016696266954,2149.570868145417,0.360944397369846,2082.325062934115,0.3441146850585937,0.1408695652173913,0.1374166666666666,0.1916666666666666,0.151110426695985,0.0821670745811385,0.0420637079184772,11.927272727272726,12.425,12.364583333333334,0.0,728.4729166666666,67.28333333333333,11.241666666666667,2024-08-27,0.3441146850585937,1170.5053641177994,2841.7615350538777,2735.906025873029,0.3684418280879153,0.13120923763879586,0.18670923763879585,-0.18173259044911946,F2,2.0053150276955033e-05,0.18446782970309522,0.002241407935700629
184,2024-08-28,2024-08-28,8587.333333333334,0.0075939871120128,131.70021475166226,2188.271803140426,0.3306326133664912,2123.0554775711817,0.3133346557617187,0.1197916666666666,0.1203333333333333,0.1889999999999999,0.1355592987814091,0.064063901998158,0.0327961689704242,12.4,12.625,12.59375,0.0,726.2479166666667,57.925,11.775,2024-08-28,0.3133346557617187,1175.907147820748,2892.9246904860706,2789.42052695906,0.34190633423364786,0.11770618769903204,0.17320618769903204,-0.16870014653461582,F2,1.4052240662191137e-05,0.17286151998253724,0.0003446677164948009
185,2024-08-29,2024-08-29,8837.25,0.0075200915225883,132.9833495919002,2258.5381957361287,0.2828463871149832,2200.4057054109426,0.2644378662109375,0.1017916666666666,0.10775,0.1829166666666666,0.1221160203756843,0.0484144912032156,0.0247847818286721,12.343478260869563,12.589583333333332,12.533333333333331,0.0,724.9916666666667,53.28333333333333,11.925,2024-08-29,0.2644378662109375,1200.9951262621846,2985.8178044766505,2891.0487300750833,0.3004988385054272,0.10603338424298765,0.16153338424298766,-0.13896545426243953,F2,1.154566282021607e-05,0.15346467360023486,0.008068710642752802
186,2024-08-30,2024-08-30,8818.416666666666,0.0075222997478419,132.94712278165164,2281.840699526168,0.2681695343250996,2227.902505934067,0.248867943173363,0.0844680851063829,0.0957083333333333,0.1755833333333333,0.1088688629392985,0.0329933861475474,0.0168902710145962,11.076744186046511,12.104166666666666,12.252083333333331,0.0,727.9499999999999,51.95,10.908333333333331,2024-08-30,0.248867943173363,1186.2669191563623,3016.624027208034,2927.175972445899,0.28837566256413394,0.094530872694885,0.150030872694885,-0.13834478986924895,F2,9.933041219136578e-06,0.14731703922770187,0.0027138334671831243
187,2024-08-31,2024-08-31,8840.4375,0.0075266600074639,132.86511000299788,2289.813100305269,0.2637036736405306,2237.4595446436515,0.2439529418945312,0.0702127659574468,0.0860833333333333,0.166625,0.0974079812997953,0.0196516967593088,0.0100602733734882,11.486046511627906,12.316666666666668,12.254166666666668,0.0,728.4708333333333,45.9,11.9,2024-08-31,0.2439529418945312,1182.497164310654,3027.163648028086,2939.7326862176724,0.28438882048193026,0.08457938506118856,0.14007938506118855,-0.1443094354207417,F2,8.143486501925998e-06,0.14525016215417785,-0.005170777092989298
188,2024-09-01,2024-09-01,9026.446808510638,0.0074080114916785,135.00132825050397,2356.0226524059844,0.2289681518064234,2301.323247120456,0.2142520067168445,0.0600851063829787,0.07775,0.1576666666666666,0.0881643539378845,0.0088911279861209,0.0045516262150075,12.88139534883721,13.325,12.835416666666667,0.0,728.4000000000001,40.306382978723406,13.28936170212766,2024-09-01,0.2142520067168445,1195.4808162355932,3114.6935644412583,3023.641337921962,0.25409274477556065,0.07655314011110627,0.13205314011110628,-0.12203960466445438,F2,6.9054055121406825e-06,0.13247792177676015,-0.0004247816656538783
189,2024-09-02,2024-09-02,9206.229166666666,0.0073712078726257,135.67043006941356,2360.563982492616,0.2263455566965335,2299.729097556296,0.2146148681640625,0.051063829787234,0.0700416666666666,0.1477083333333333,0.07938637248473,0.0013273792533258,0.0006795239272369,12.755813953488373,13.433333333333332,13.085416666666667,0.0,728.1041666666666,50.38333333333333,11.516666666666666,2024-09-02,0.2146148681640625,1185.8823330480498,3120.697263760698,3021.546831412694,0.25218229937548314,0.06893121567042508,0.12443121567042509,-0.12775108370505805,F2,9.750625133541362e-06,0.13279590286499462,-0.008364687194569537
190,2024-09-03,2024-09-03,9262.604166666666,0.0073410037112052,136.22860297835024,2385.756697970449,0.2147830412599205,2321.562687753777,0.2056289672851562,0.044127659574468,0.063875,0.136875,0.0718390994278611,0.0101132105724366,0.0051772457253173,12.43409090909091,13.010416666666666,12.852083333333333,0.0,727.1770833333334,53.64166666666667,11.625,2024-09-03,0.2056289672851562,1194.9142586748987,3154.002371710095,3050.233347293918,0.24193337720629088,0.06237791577116734,0.11787791577116732,-0.12405546143512355,F2,1.1441153325482225e-05,0.12876814241402473,-0.010890226642857409
191,2024-09-04,2024-09-04,9331.291666666666,0.0073432944586111,136.18822264474204,2413.6654347092403,0.2025511128899726,2344.062887252595,0.196720221103766,0.038,0.05845,0.125,0.0646606974228692,0.0184696366194874,0.0094551425139927,12.026315789473683,12.44,12.4875,0.0,727.4541666666668,53.95,11.533333333333331,2024-09-04,0.196720221103766,1204.5254011968575,3190.898096215642,3079.7957016486325,0.23122747711309422,0.05614490673841066,0.11164490673841065,-0.11958257037468356,F2,1.1511736605103433e-05,0.1247933788110939,-0.013148472072683243
192,2024-09-05,2024-09-05,8730.604166666666,0.0076222827995055,131.19859180461924,2353.1793908971017,0.2303224390804707,2271.6548619506493,0.2275833129882812,0.0583404255319148,0.056,0.11525,0.0703422194977291,0.0118557385652634,0.0060692963295731,11.134782608695652,11.86875,12.133333333333333,4.3714,729.2666666666668,78.79166666666667,8.641666666666667,2024-09-05,0.2275833129882812,1215.557386693984,3110.934734569781,2984.660913967585,0.2552989998911517,0.0610781743915432,0.1165781743915432,-0.13872082549960849,F2,2.444598561678787e-05,0.13820158136498054,-0.021623406973437342
193,2024-09-06,2024-09-06,8618.020833333334,0.0075973074095106,131.6382844262253,2382.0722906419114,0.2169014077770855,2314.268709244635,0.2090274126101763,0.0633191489361702,0.0574583333333333,0.109,0.0715751565551913,0.0104204682454644,0.0053345398370991,10.152272727272727,10.935416666666669,11.125,0.0,730.1750000000001,66.85833333333333,9.816666666666666,2024-09-06,0.2090274126101763,1207.5482478216393,3149.1315357768085,3040.650002161611,0.24339640561423498,0.06214873408026474,0.11764873408026474,-0.12574767153397023,F2,1.7203820616840876e-05,0.13009306361500167,-0.012444329534736925
194,2024-09-07,2024-09-07,8867.291666666666,0.0074813134653223,133.68280629842465,2428.3612659950154,0.1965605619185158,2360.575157306266,0.1906112670898437,0.0511063829787234,0.0561666666666666,0.1013333333333333,0.0641642429187246,0.0190475626463002,0.0097509996041259,11.513953488372094,12.179166666666667,11.827083333333334,0.0,727.9625,57.60833333333333,11.5,2024-09-07,0.1906112670898437,1218.4560710943288,3210.3261823943444,3101.4906905554203,0.22584421006387256,0.055713835114596044,0.11121383511459604,-0.11463037494927653,F2,1.3532514736617538e-05,0.1219845458650228,-0.010770710750426765
195,2024-09-08,2024-09-08,9120.770833333334,0.0073949092930951,135.23659364809455,2458.363000699445,0.1843084639535702,2395.222059737361,0.1778982062088815,0.0420425531914893,0.0524166666666666,0.0925416666666666,0.0570001368512438,0.0273873466963577,0.0140203768720045,11.866666666666667,12.372916666666669,12.216666666666669,0.0,725.99375,54.26666666666667,11.15,2024-09-08,0.1778982062088815,1211.614520804791,3249.9888782986186,3147.012242798326,0.2153579326676286,0.04949323924950208,0.10499323924950207,-0.11036469341812652,F2,1.1290716038173663e-05,0.11636687997288056,-0.011373640723378486
196,2024-09-09,2024-09-09,9185.979166666666,0.0074099233531062,134.9645017757294,2501.4409665500025,0.1680212515958529,2431.256163337151,0.1657910469250801,0.0362553191489361,0.0489583333333333,0.0846666666666666,0.051548645722375,0.0337334641794503,0.0172691384177444,11.545454545454543,12.05625,11.808333333333332,0.0,726.0416666666666,54.94166666666666,10.891666666666666,2024-09-09,0.1657910469250801,1234.7726512085485,3306.9385272618542,3194.356398103591,0.20138183943977644,0.04475970754918732,0.10025970754918731,-0.10112213189058913,F2,1.1372082330858062e-05,0.11085520777681651,-0.010595500227629201
197,2024-09-10,2024-09-10,9026.729166666666,0.0074431353464769,134.35705478853453,2448.0864471039886,0.1885264758202826,2368.363949219094,0.1877328973067434,0.0382553191489361,0.0455416666666666,0.0777083333333333,0.0496579062138799,0.0359344867560613,0.0183959056935237,10.725,11.71875,11.929166666666667,0.0,725.2041666666668,79.40833333333333,8.566666666666666,2024-09-10,0.1877328973067434,1236.9971772986537,3236.4031365334804,3111.7241565535437,0.21887638972547646,0.043117977756561544,0.09861797775656153,-0.12025841196891493,F2,2.4816127814462147e-05,0.12065962466404587,-0.022041646907484336
198,2024-09-11,2024-09-11,9182.270833333334,0.0073337030299471,136.37623533503915,2404.6274122954733,0.2063193805349102,2331.4123275526867,0.2015731811523437,0.0674166666666666,0.0459583333333333,0.0738333333333333,0.0614371366208583,0.0222222054267853,0.011376191292458,9.870833333333334,10.347916666666666,10.758333333333333,4.0786,721.6333333333333,69.10833333333333,9.241666666666667,2024-09-11,0.2015731811523437,1234.1800288121742,3178.9497092938573,3063.174501083108,0.23462349421798423,0.053345887739112224,0.10884588773911222,-0.125777606478872,F2,1.7777948742467464e-05,0.12701924642873516,-0.018173358689622943
199,2024-09-12,2024-09-12,9772.395833333334,0.0071201485945395,140.46250385801517,2419.229799381235,0.2016031892902166,2364.6899627466264,0.1901982005049542,0.0627659574468085,0.048375,0.0704583333333333,0.0595187538666969,0.0244554076915706,0.0125194322836661,9.215909090909092,10.027083333333334,10.229166666666666,0.6502,716.3416666666667,55.708333333333336,10.275,2024-09-12,0.1901982005049542,1224.2776287826953,3198.2542609861152,3106.897013132028,0.22916929616213583,0.05168015530637059,0.1071801553063706,-0.12198914085576523,F2,1.1105985862122652e-05,0.12129558684051478,-0.014115431534144185
200,2024-09-13,2024-09-13,9818.729166666666,0.0071698193607766,139.4807070419333,2494.288612972402,0.170709723900084,2446.566366432256,0.1609752758129222,0.049063829787234,0.0474583333333333,0.0674166666666666,0.0526399711538792,0.0324630449057333,0.0166187739556281,10.25813953488372,11.09375,10.947916666666666,0.0,718.7208333333333,41.46666666666667,10.716666666666669,2024-09-13,0.1609752758129222,1235.9277464692632,3297.483019847267,3214.4720263745276,0.20361987872353127,0.04570730581235404,0.10120730581235404,-0.10241257291117722,F2,5.901309450766244e-06,0.10862934015917525,-0.007422034346821205
201,2024-09-14,2024-09-14,9592.479166666666,0.0072192235130738,138.52397316931314,2503.386137440809,0.1672335541687539,2457.672001909312,0.1573478503104968,0.0385833333333333,0.0449583333333333,0.064625,0.0466514446051293,0.0394343289325445,0.0201875763818477,10.328888888888889,10.902083333333332,10.852083333333333,0.0,722.80625,43.05833333333334,9.55,2024-09-14,0.1573478503104968,1225.0975873460304,3309.5100692838064,3229.0633961676826,0.20077860472688913,0.04050746606455164,0.09600746606455163,-0.1047711386623375,F2,5.690134606729342e-06,0.107092431566042,-0.01108496550149038
202,2024-09-15,2024-09-15,9642.0625,0.0072415564958717,138.1145615892581,2495.5366800637835,0.1706676792211855,2431.2431349372155,0.1667384097450658,0.0312916666666666,0.0418333333333333,0.0623333333333333,0.041926945457879,0.0449341501609875,0.0230030943364101,10.210416666666667,10.775,10.99375,0.0,722.9291666666667,50.75,8.441666666666666,2024-09-15,0.1667384097450658,1235.879773387617,3299.132981291206,3194.3392804697855,0.2032270689963755,0.03640518176233728,0.09190518176233728,-0.11132188723403821,F2,7.270514288664412e-06,0.11085520777681651,-0.018950026014479232
203,2024-09-16,2024-09-16,9320.041666666666,0.0073144457700487,136.72041165295568,2435.787319653169,0.193111108443717,2356.914082753721,0.1917023529877533,0.0579999999999999,0.040625,0.0603333333333333,0.0525139597894988,0.0326097355824049,0.0166938691663233,8.997916666666667,9.364583333333334,9.770833333333334,0.8786,721.38125,82.575,7.458333333333333,2024-09-16,0.1917023529877533,1229.3753986482848,3220.143524988494,3096.6805117280255,0.22318712542206737,0.04559789009951616,0.10109789009951617,-0.1220892353225512,F2,2.437132406584063e-05,0.12256751119345263,-0.021469621093936464
204,2024-09-17,2024-09-17,9355.479166666666,0.0073028136943774,136.93847085634812,2417.946845226322,0.2006740614410921,2346.7650478816536,0.1957122802734375,0.0559574468085106,0.0422083333333333,0.059625,0.0520262345038302,0.0331774998672879,0.0169845241661222,9.728260869565217,10.172916666666667,10.252083333333331,0.0045,718.5500000000001,70.90833333333333,8.691666666666666,2024-09-17,0.1957122802734375,1229.820882303713,3196.558178376001,3083.345991504675,0.22964166948344633,0.04517439805923168,0.10067439805923167,-0.12896727142421466,F2,1.799607351983986e-05,0.1243164071787422,-0.023642009119510532
205,2024-09-18,2024-09-18,9403.08510638298,0.0072415871595888,138.10262283498943,2471.0269263224336,0.1796686467566957,2426.714386458588,0.1675688914763621,0.0566666666666666,0.0418333333333333,0.05825,0.0518911399638103,0.0333347643298035,0.0170650324043787,7.621739130434783,8.55625,9.204166666666667,0.6275,717.78125,53.76666666666667,6.675,2024-09-18,0.1675688914763621,1232.097563497821,3266.7307579228254,3188.3890902363346,0.211122785089833,0.04505709542173178,0.10055709542173177,-0.11056568966810124,F2,6.60703157516736e-06,0.1115441668013245,-0.010987071379592733
206,2024-09-19,2024-09-19,9521.208333333334,0.0072472034151919,137.98792128628006,2501.018302425581,0.1679924504160652,2453.4398557230666,0.158537122938368,0.0457916666666666,0.0414583333333333,0.0572916666666666,0.0468813282208489,0.0391667198695729,0.020050579543168,8.208695652173914,8.9,9.091666666666669,0.0,720.7291666666666,49.84166666666667,7.616666666666667,2024-09-19,0.158537122938368,1228.0234365154429,3306.379759617192,3223.502903015375,0.20151322060316346,0.040707074090441886,0.09620707409044188,-0.10530614651272158,F2,6.287201479987854e-06,0.10767539689447184,-0.011468322804029957
207,2024-09-20,2024-09-20,9607.729166666666,0.0072017266712723,138.86824410564267,2513.944928505875,0.1635003505323786,2465.259547800161,0.1551290976034628,0.0362916666666666,0.0406666666666666,0.0569583333333333,0.0424578034316118,0.044316174823872,0.0226867348431002,10.938297872340426,10.754166666666668,10.210416666666667,0.0,720.6,43.78333333333333,10.5,2024-09-20,0.1551290976034628,1227.0605992083847,3323.468932771412,3239.0324509007182,0.1975438439987235,0.036866125931121145,0.09236612593112115,-0.10517771806760234,F2,6.482913731873547e-06,0.10603249460526046,-0.013666368674139312
208,2024-09-21,2024-09-21,9774.395833333334,0.0072186225762785,138.57808201001788,2504.9926340643647,0.1685074194457124,2448.4490720597346,0.1622250205592105,0.0284166666666666,0.0379583333333333,0.0565,0.0380399880135019,0.0494589834608478,0.0253194877004841,9.15531914893617,10.010416666666666,10.295833333333333,0.0,719.75625,46.04166666666666,8.133333333333333,2024-09-21,0.1622250205592105,1239.969956988673,3311.633879379425,3216.9456582597945,0.20028213109137294,0.03303013522079567,0.08853013522079567,-0.11175199587057727,F2,5.6040035446216885e-06,0.10836435591897986,-0.01983422069818419
209,2024-09-22,2024-09-22,8975.6875,0.0074715723925746,133.8438886149806,2367.293400503825,0.223127848388022,2301.174042316989,0.2139999802048142,0.09025,0.0450833333333333,0.056625,0.0670537625959799,0.0156838533586773,0.0080290192887927,7.55,8.18125,8.829166666666667,10.8639,721.3354166666667,85.89166666666667,4.266666666666667,2024-09-22,0.2139999802048142,1230.2020864567426,3129.5936446806963,3023.4453020925134,0.24938745918373734,0.058222806085591515,0.11372280608559152,-0.13566465309814582,F2,1.5776028302742206e-05,0.13253091862479924,-0.018808112539207722
210,2024-09-23,2024-09-23,9074.4375,0.0074034974713503,135.08102455484908,2404.6129564094367,0.2063285006907017,2345.6784632136887,0.1959946091110642,0.0860416666666666,0.0605833333333333,0.056875,0.0706676900983551,0.0114768560503626,0.0058753353844689,7.23695652173913,7.808333333333334,8.254166666666666,0.0014,722.44375,75.98333333333333,5.525,2024-09-23,0.1959946091110642,1232.7827306724737,3178.930598418518,3081.9183596744565,0.23462897934971477,0.06136078063067382,0.11686078063067382,-0.11776819871904096,F2,1.4010601893510692e-05,0.12452839457089851,-0.0076676139402246934
211,2024-09-24,2024-09-24,9293.354166666666,0.007325948792814,136.5049241532172,2429.9472670712826,0.195379685413091,2369.551085961202,0.1867902706830929,0.0694166666666666,0.0606666666666666,0.057125,0.0636222736126733,0.0196784727600887,0.0100739807846596,8.656521739130435,8.918750000000001,8.90625,0.0,723.225,62.25833333333333,7.925,2024-09-24,0.1867902706830929,1218.764879502276,3212.422897101396,3113.2839008144574,0.2252732292750002,0.05524324297197913,0.11074324297197913,-0.11452998630302108,F2,1.1428654087433963e-05,0.12050063411992862,-0.00975739114794949
212,2024-09-25,2024-09-25,9361.270833333334,0.0072975632034345,137.03850245533152,2463.109581634833,0.1823335088204449,2400.5594407221565,0.1759573129507211,0.0554583333333333,0.056125,0.0572916666666666,0.0561017048649941,0.0284332174132917,0.0145557884171016,9.72,9.879166666666666,9.54375,0.0,724.8166666666666,56.75833333333333,10.75,2024-09-25,0.1759573129507211,1221.987039114586,3256.2639219945927,3154.024871642214,0.2137577265966048,0.04871313043395822,0.10421313043395822,-0.10954459616264658,F2,1.217975911059775e-05,0.11551893040425532,-0.011305799970297098
213,2024-09-26,2024-09-26,9408.5,0.0072929303384447,137.124828159682,2491.65358371951,0.1715558649378757,2430.8127062896565,0.1658494737413194,0.0440833333333333,0.0503333333333333,0.0577083333333333,0.0493129489309039,0.0363360538489291,0.0186014795318302,10.929787234042552,10.964583333333332,10.483333333333333,0.0,724.4229166666668,50.825,11.558333333333332,2024-09-26,0.1658494737413194,1229.8026977037778,3293.9994758126986,3193.7737528528314,0.2044524066070313,0.04281845122416486,0.09831845122416485,-0.10613395538286644,F2,9.989639526594322e-06,0.1109082046248556,-0.01258975340069074
214,2024-09-27,2024-09-27,9476.104166666666,0.0072690715599409,137.57416026999906,2505.6645806631705,0.1667573344920805,2446.623304575754,0.1609934213999155,0.0357916666666666,0.045,0.056875,0.0437238179586027,0.0428423987993565,0.0219322661639061,10.645652173913044,10.775,10.516666666666667,0.0,725.8541666666666,47.18333333333334,11.291666666666666,2024-09-27,0.1609934213999155,1210.615319307253,3312.5222018006084,3214.5468357367504,0.20007493465233545,0.037965406798485216,0.09346540679848522,-0.10660952785385022,F2,8.218345042974153e-06,0.10862934015917525,-0.015163933360690024
215,2024-09-28,2024-09-28,9448.104166666666,0.0072649318425252,137.65289331201743,2530.596334458188,0.1578645226394612,2470.7575847798653,0.153461353198902,0.0293333333333333,0.04125,0.0565416666666666,0.0395813655399157,0.0476646555169537,0.0244009191993335,11.088888888888889,10.991666666666667,10.529166666666669,0.0,727.1833333333334,47.86666666666667,11.958333333333334,2024-09-28,0.153461353198902,1226.0789434059309,3345.482314903202,3246.2561609597283,0.19257509183261762,0.03436851387921356,0.08986851387921355,-0.10270657795340407,F2,8.991822966920137e-06,0.1052375418846743,-0.01536902800546075
216,2024-09-29,2024-09-29,9599.416666666666,0.0071997111079818,138.9036750749241,2540.463637976793,0.1545393942390393,2481.7812970870823,0.1502275739397321,0.0240833333333333,0.0387916666666666,0.0563333333333333,0.0364321969706383,0.0513306238258563,0.0262776346716825,11.846808510638295,11.68125,11.1125,0.0,726.6020833333333,46.41666666666666,12.575,2024-09-29,0.1502275739397321,1209.4852006831193,3358.5270225745835,3260.7398942949594,0.1897045563928254,0.031634089682250295,0.08713408968225028,-0.10257046671057513,F2,8.82217351724143e-06,0.10375363013958011,-0.01661954045732983
217,2024-09-30,2024-09-30,9641.0,0.007190709851579,139.06832852953974,2550.238940278404,0.1509802499402937,2493.9896995011395,0.146331787109375,0.02,0.038,0.056,0.0343319018366334,0.0537755915153348,0.0275292845239451,18.9,17.3,13.5,0.0,724.5,23.2,19.8,2024-09-30,0.146331787109375,1219.792493070618,3371.4501034024365,3276.78015732855,0.18691313458262948,0.029810402664916382,0.08531040266491638,-0.1016027319177131,F2,4.11539006808902e-06,0.1021107278503687,-0.016800325185452325
